date,start_slot,end_slot,interval_label,emergency_kwh
2025-02-01,87,87,14:20-14:30,13.937608876378022
2025-02-01,92,93,15:10-15:30,33.490058734308946
2025-02-01,117,118,19:20-19:40,10.897311889241621
2025-02-01,128,128,21:10-21:20,15.343718903803108
2025-02-02,18,18,02:50-03:00,5.786296881168596
2025-02-02,111,111,18:20-18:30,9.850806540874942
2025-02-03,20,20,03:10-03:20,14.616955531129292
2025-02-03,64,64,10:30-10:40,18.237845062319934
2025-02-03,69,69,11:20-11:30,3.674280056311545
2025-02-03,76,76,12:30-12:40,7.390401680156856
2025-02-03,81,81,13:20-13:30,3.9255032489382984
2025-02-03,104,104,17:10-17:20,1.160372544813299
2025-02-03,111,111,18:20-18:30,6.16566112700491
2025-02-04,57,58,09:20-09:40,44.50326338522029
2025-02-04,67,67,11:00-11:10,5.784116044408847
2025-02-04,80,82,13:10-13:40,114.35495956973057
2025-02-04,84,84,13:50-14:00,2.9299063670702026
2025-02-04,87,92,14:20-15:20,210.90045344380025
2025-02-04,97,98,16:00-16:20,22.00113753624123
2025-02-04,120,120,19:50-20:00,7.698300434267708
2025-02-04,133,135,22:00-22:30,75.90929377306327
2025-02-05,2,2,00:10-00:20,22.18928438042485
2025-02-05,57,59,09:20-09:50,56.61193684913877
2025-02-05,62,63,10:10-10:30,19.07972403919905
2025-02-05,66,66,10:50-11:00,10.113767677185365
2025-02-05,70,71,11:30-11:50,79.59280467146971
2025-02-05,109,110,18:00-18:20,29.75072887128012
2025-02-06,2,2,00:10-00:20,27.571299968002222
2025-02-06,48,49,07:50-08:10,30.447941732329127
2025-02-06,82,83,13:30-13:50,38.40575228331136
2025-02-06,86,86,14:10-14:20,2.641103276313629
2025-02-06,89,89,14:40-14:50,14.811980205750274
2025-02-06,91,91,15:00-15:10,7.230596885619661
2025-02-06,114,115,18:50-19:10,17.56884651464327
2025-02-06,124,124,20:30-20:40,3.3936073496512336
2025-02-06,128,128,21:10-21:20,6.271973170135993
2025-02-07,22,22,03:30-03:40,0.9722106329779763
2025-02-07,51,51,08:20-08:30,14.556596306875008
2025-02-07,54,54,08:50-09:00,10.61713764029082
2025-02-07,112,112,18:30-18:40,0.6346214717286216
2025-02-07,119,119,19:40-19:50,4.728478101720896
2025-02-07,124,127,20:30-21:10,51.37465655469583
2025-02-08,44,44,07:10-07:20,0.6922285059952173
2025-02-08,84,84,13:50-14:00,9.292210077145
2025-02-08,87,88,14:20-14:40,23.4310011802163
2025-02-08,97,98,16:00-16:20,4.402786233348593
2025-02-08,101,101,16:40-16:50,3.928722297106475
2025-02-08,115,116,19:00-19:20,47.61031286447445
2025-02-08,124,124,20:30-20:40,41.75396283721551
2025-02-09,25,25,04:00-04:10,17.549821641005224
2025-02-09,29,29,04:40-04:50,3.4706140771646687
2025-02-09,60,60,09:50-10:00,15.265442445434928
2025-02-09,65,68,10:40-11:20,368.24160724383285
2025-02-09,70,72,11:30-12:00,109.67269875903742
2025-02-09,78,80,12:50-13:20,79.44078706042228
2025-02-09,84,84,13:50-14:00,10.583655072031661
2025-02-09,88,88,14:30-14:40,11.786396015452965
2025-02-09,116,116,19:10-19:20,6.802399921042252
2025-02-09,126,126,20:50-21:00,13.513883958535757
2025-02-10,8,8,01:10-01:20,5.82994068298467
2025-02-10,29,29,04:40-04:50,10.874303687639781
2025-02-10,113,114,18:40-19:00,18.72323244881852
2025-02-10,125,126,20:40-21:00,9.528645242915331
2025-02-10,129,129,21:20-21:30,6.365769838136316
2025-02-10,143,143,23:40-23:50,4.169436050796321
2025-02-11,4,4,00:30-00:40,0.4585150809316474
2025-02-11,29,29,04:40-04:50,3.3081879110033015
2025-02-11,45,45,07:20-07:30,1.4702671688483235
2025-02-11,118,118,19:30-19:40,1.7236629885512684
2025-02-11,122,122,20:10-20:20,16.431484246004402
2025-02-11,126,126,20:50-21:00,17.65258586656148
2025-02-11,129,130,21:20-21:40,30.66551615665594
2025-02-12,29,29,04:40-04:50,13.036050096817235
2025-02-12,42,42,06:50-07:00,25.700453208128934
2025-02-12,45,45,07:20-07:30,7.251473031522238
2025-02-12,81,82,13:20-13:40,13.476562169834438
2025-02-12,86,86,14:10-14:20,10.925305662399069
2025-02-12,88,88,14:30-14:40,2.349385038921014
2025-02-12,94,95,15:30-15:50,99.48611752298251
2025-02-12,97,98,16:00-16:20,20.18601553023899
2025-02-12,110,111,18:10-18:30,17.176834192468807
2025-02-12,120,120,19:50-20:00,14.367999736807633
2025-02-12,125,125,20:40-20:50,5.736271219897276
2025-02-12,130,130,21:30-21:40,2.0038165843438946
2025-02-12,140,141,23:10-23:30,20.024978334658385
2025-02-13,1,1,00:00-00:10,7.6920604750623625
2025-02-13,4,4,00:30-00:40,7.16319746677209
2025-02-13,8,8,01:10-01:20,1.7917264245295428
2025-02-13,13,13,02:00-02:10,4.553607231214528
2025-02-13,16,16,02:30-02:40,3.7572795894196815
2025-02-13,20,20,03:10-03:20,15.938293348409843
2025-02-13,23,23,03:40-03:50,12.62944605869211
2025-02-13,30,31,04:50-05:10,38.59202330193799
2025-02-13,34,35,05:30-05:50,4.852127831669669
2025-02-13,42,42,06:50-07:00,2.9404883161322317
2025-02-13,116,116,19:10-19:20,7.919733296674508
2025-02-13,118,119,19:30-19:50,33.019342196341654
2025-02-13,127,127,21:00-21:10,2.509268319010971
2025-02-14,1,1,00:00-00:10,12.66662512172661
2025-02-14,5,5,00:40-00:50,2.404492452954173
2025-02-14,13,13,02:00-02:10,3.2185589682851514
2025-02-14,16,17,02:30-02:50,11.392323279378786
2025-02-14,20,20,03:10-03:20,12.530816502171092
2025-02-14,22,22,03:30-03:40,0.9112052177918031
2025-02-14,34,37,05:30-06:10,55.202385245239
2025-02-14,42,42,06:50-07:00,5.791417268249688
2025-02-14,64,72,10:30-12:00,424.9028771783885
2025-02-14,75,76,12:20-12:40,41.12159207790501
2025-02-14,96,97,15:50-16:10,29.369779911830335
2025-02-14,103,104,17:00-17:20,39.72259904686679
2025-02-14,106,110,17:30-18:20,78.82324175737375
2025-02-14,112,112,18:30-18:40,2.7186602804882227
2025-02-14,122,122,20:10-20:20,1.7033208251086194
2025-02-14,140,141,23:10-23:30,21.38235146729835
2025-02-15,5,5,00:40-00:50,16.21733830109224
2025-02-15,7,9,01:00-01:30,10.092434175549556
2025-02-15,13,14,02:00-02:20,30.5105255888933
2025-02-15,16,17,02:30-02:50,44.921309159099906
2025-02-15,23,23,03:40-03:50,7.127324641400264
2025-02-15,30,30,04:50-05:00,13.026056717989263
2025-02-15,33,33,05:20-05:30,38.82204697986572
2025-02-15,36,37,05:50-06:10,60.83422922847018
2025-02-15,68,69,11:10-11:30,97.76225575169656
2025-02-15,72,75,11:50-12:30,56.67535199932354
2025-02-15,90,91,14:50-15:10,15.409695551106324
2025-02-15,94,97,15:30-16:10,111.8507948762055
2025-02-15,101,103,16:40-17:10,13.08426673904485
2025-02-15,105,107,17:20-17:50,20.66643459195751
2025-02-15,109,109,18:00-18:10,7.75942433872882
2025-02-15,113,113,18:40-18:50,4.326580453255133
2025-02-15,118,119,19:30-19:50,60.3942258520857
2025-02-15,127,128,21:00-21:20,31.288014343992586
2025-02-15,130,131,21:30-21:50,17.16338866298173
2025-02-15,135,136,22:20-22:40,70.86285178970917
2025-02-15,139,140,23:00-23:20,38.900645690222234
2025-02-16,1,1,00:00-00:10,1.3374948282666992
2025-02-16,4,5,00:30-00:50,43.3013689169627
2025-02-16,9,10,01:20-01:40,24.06509695354646
2025-02-16,16,17,02:30-02:50,44.78164686142907
2025-02-16,21,22,03:20-03:40,5.837350381629108
2025-02-16,26,27,04:10-04:30,49.483978385313776
2025-02-16,30,30,04:50-05:00,28.120375707329913
2025-02-16,33,37,05:20-06:10,114.07281295377223
2025-02-16,39,42,06:20-07:00,55.80212410185524
2025-02-16,50,52,08:10-08:40,36.18736813678504
2025-02-16,58,72,09:30-12:00,656.2204191575951
2025-02-16,75,77,12:20-12:50,71.46664724493849
2025-02-16,100,103,16:30-17:10,77.705622685316
2025-02-16,106,107,17:30-17:50,74.15137558513332
2025-02-16,114,116,18:50-19:20,33.7262070310004
2025-02-16,120,121,19:50-20:10,33.17070860639558
2025-02-16,130,131,21:30-21:50,48.6671213120145
2025-02-16,137,138,22:40-23:00,23.8527772996448
2025-02-16,142,142,23:30-23:40,25.70328268851165
2025-02-17,2,2,00:10-00:20,6.0648208119491755
2025-02-17,5,7,00:40-01:10,32.87179663113602
2025-02-17,10,11,01:30-01:50,24.159752263455744
2025-02-17,13,14,02:00-02:20,43.82576147519444
2025-02-17,18,18,02:50-03:00,3.254659823660859
2025-02-17,20,21,03:10-03:30,3.736716324516692
2025-02-17,32,33,05:10-05:30,13.989881958152523
2025-02-17,36,36,05:50-06:00,23.52878668245819
2025-02-17,41,42,06:40-07:00,31.156626042900513
2025-02-17,74,75,12:10-12:30,93.16938324873581
2025-02-17,100,100,16:30-16:40,0.01646759066056802
2025-02-17,102,103,16:50-17:10,30.0744931532346
2025-02-17,112,116,18:30-19:20,83.00944499652155
2025-02-17,121,122,20:00-20:20,38.73637758257678
2025-02-17,128,128,21:10-21:20,3.885487919463003
2025-02-17,130,131,21:30-21:50,14.25338528753764
2025-02-17,134,135,22:10-22:30,3.739964594025537
2025-02-17,138,141,22:50-23:30,64.91342158178736
2025-02-18,6,6,00:50-01:00,9.785138834057307
2025-02-18,9,9,01:20-01:30,13.319347940518355
2025-02-18,12,12,01:50-02:00,3.264493354388833
2025-02-18,23,25,03:40-04:10,64.37689505198023
2025-02-18,30,30,04:50-05:00,21.585954730885646
2025-02-18,33,33,05:20-05:30,18.765241479141878
2025-02-18,36,36,05:50-06:00,16.30078628766944
2025-02-18,51,53,08:20-08:50,80.29289130054747
2025-02-18,77,78,12:40-13:00,122.41972199631459
2025-02-18,81,81,13:20-13:30,8.05461839433815
2025-02-18,83,84,13:40-14:00,38.57498573120483
2025-02-18,90,90,14:50-15:00,10.464520026131709
2025-02-18,93,93,15:20-15:30,6.9513997142481685
2025-02-18,100,100,16:30-16:40,3.225062344669567
2025-02-18,105,107,17:20-17:50,20.546660222209262
2025-02-18,112,113,18:30-18:50,6.451111412215937
2025-02-18,115,115,19:00-19:10,5.359804178181207
2025-02-18,121,124,20:00-20:40,57.05977087774727
2025-02-18,128,128,21:10-21:20,10.276761277799778
2025-02-18,131,131,21:40-21:50,0.6623919726279155
2025-02-18,133,133,22:00-22:10,3.95175864587452
2025-02-18,138,138,22:50-23:00,5.113526779839276
2025-02-18,141,141,23:20-23:30,2.8901362021318846
2025-02-19,6,9,00:50-01:30,60.55952265429664
2025-02-19,12,13,01:50-02:10,71.93475200684293
2025-02-19,15,19,02:20-03:10,83.26032858270867
2025-02-19,21,21,03:20-03:30,12.877439794710085
2025-02-19,29,32,04:40-05:20,53.032966144981884
2025-02-19,38,39,06:10-06:30,56.3641359126201
2025-02-19,42,43,06:50-07:10,23.610207745380123
2025-02-19,52,56,08:30-09:20,174.808481849116
2025-02-19,59,60,09:40-10:00,70.69254067452516
2025-02-19,87,87,14:20-14:30,20.107204895380505
2025-02-19,89,94,14:40-15:40,226.73984189649082
2025-02-19,105,105,17:20-17:30,6.7505224371625445
2025-02-19,120,122,19:50-20:20,59.8678172062115
2025-02-19,124,128,20:30-21:20,35.63610755362561
2025-02-19,131,132,21:40-22:00,22.42852722068676
2025-02-19,134,138,22:10-23:00,44.9985451440981
2025-02-19,142,144,23:30-24:00,109.92057076589026
2025-02-20,3,3,00:20-00:30,3.4744249243321974
2025-02-20,6,7,00:50-01:10,24.200788913014776
2025-02-20,15,15,02:20-02:30,2.1717403605737218
2025-02-20,18,18,02:50-03:00,3.997590472430602
2025-02-20,23,26,03:40-04:20,48.9928004013683
2025-02-20,29,29,04:40-04:50,6.963709928937988
2025-02-20,33,34,05:20-05:40,35.93929676649145
2025-02-20,37,37,06:00-06:10,16.023743204932998
2025-02-20,44,49,07:10-08:10,72.13853839697006
2025-02-20,51,53,08:20-08:50,67.85702064557302
2025-02-20,62,64,10:10-10:40,85.87410385765031
2025-02-20,103,104,17:00-17:20,27.215314127798997
2025-02-20,111,112,18:20-18:40,42.46486101460732
2025-02-20,121,122,20:00-20:20,51.79675353335983
2025-02-20,126,127,20:50-21:10,34.354258961705455
2025-02-20,134,134,22:10-22:20,6.473446973286173
2025-02-20,138,139,22:50-23:10,64.39376117252266
2025-02-20,144,144,23:50-24:00,16.20532767469416
2025-02-21,4,6,00:30-01:00,47.42678193841289
2025-02-21,8,9,01:10-01:30,22.918097979997242
2025-02-21,12,13,01:50-02:10,58.54247698381357
2025-02-21,24,24,03:50-04:00,27.232549677589134
2025-02-21,27,27,04:20-04:30,21.34006250822472
2025-02-21,32,34,05:10-05:40,51.80015394882808
2025-02-21,45,47,07:20-07:50,89.38369655405774
2025-02-21,101,101,16:40-16:50,1.7310543802757081
2025-02-21,106,108,17:30-18:00,63.397334075911914
2025-02-21,110,111,18:10-18:30,45.26144027691606
2025-02-21,117,117,19:20-19:30,43.52793854454535
2025-02-21,126,127,20:50-21:10,41.97362510198707
2025-02-21,131,132,21:40-22:00,56.38029538097112
2025-02-21,136,139,22:30-23:10,52.396070443479346
2025-02-21,143,144,23:40-24:00,62.493661251480376
2025-02-22,3,3,00:20-00:30,13.5975944203185
2025-02-22,6,9,00:50-01:30,20.62111814712449
2025-02-22,12,13,01:50-02:10,69.19252286485056
2025-02-22,17,25,02:40-04:10,132.12345432293705
2025-02-22,31,32,05:00-05:20,46.054421606226306
2025-02-22,39,39,06:20-06:30,9.5726822373245
2025-02-22,49,50,08:00-08:20,27.09035529956975
2025-02-22,73,73,12:00-12:10,8.797556334479623
2025-02-22,80,86,13:10-14:20,181.77432261387753
2025-02-22,89,89,14:40-14:50,0.45661588836867395
2025-02-22,95,96,15:40-16:00,104.51995259902617
2025-02-22,100,100,16:30-16:40,11.666095724061364
2025-02-22,103,104,17:00-17:20,51.9422090998818
2025-02-22,106,108,17:30-18:00,113.13267320042087
2025-02-22,117,117,19:20-19:30,4.718124095275755
2025-02-22,125,125,20:40-20:50,1.7340267732597567
2025-02-22,129,129,21:20-21:30,7.359844058428905
2025-02-22,131,133,21:40-22:10,44.55043512304246
2025-02-22,138,139,22:50-23:10,11.015544986182306
2025-02-22,143,144,23:40-24:00,59.93961099486779
2025-02-23,1,3,00:00-00:30,54.349969884195616
2025-02-23,8,9,01:10-01:30,28.297547578628837
2025-02-23,19,20,03:00-03:20,54.977615521779285
2025-02-23,24,24,03:50-04:00,11.016991709435274
2025-02-23,27,28,04:20-04:40,65.90986691199987
2025-02-23,31,33,05:00-05:30,119.33137071325216
2025-02-23,37,37,06:00-06:10,15.817014082680089
2025-02-23,41,41,06:40-06:50,2.5538183332394055
2025-02-23,46,50,07:30-08:20,146.54853647096456
2025-02-23,58,62,09:30-10:20,207.46776356475402
2025-02-23,73,77,12:00-12:50,337.9962830927009
2025-02-23,83,84,13:40-14:00,51.91521008967334
2025-02-23,92,94,15:10-15:40,64.877620924746
2025-02-23,108,109,17:50-18:10,5.31519544676928
2025-02-23,117,118,19:20-19:40,29.122974963810975
2025-02-23,122,124,20:10-20:40,25.850191867351214
2025-02-23,127,128,21:00-21:20,38.97025316489032
2025-02-23,131,132,21:40-22:00,50.09731188972239
2025-02-23,134,135,22:10-22:30,17.88894769706542
2025-02-23,140,141,23:10-23:30,19.179344183444982
2025-02-24,3,5,00:20-00:50,44.01759411106718
2025-02-24,8,9,01:10-01:30,24.666384715093955
2025-02-24,19,19,03:00-03:10,8.230612942492598
2025-02-24,31,31,05:00-05:10,10.901059516289592
2025-02-24,37,38,06:00-06:20,35.338701178726296
2025-02-24,40,41,06:30-06:50,26.537798995168217
2025-02-24,49,49,08:00-08:10,1.2401637875285587
2025-02-24,94,96,15:30-16:00,124.23247599590161
2025-02-24,98,102,16:10-17:00,69.65369855244126
2025-02-24,104,106,17:10-17:40,41.90207416577412
2025-02-24,122,126,20:10-21:00,93.91100446111341
2025-02-24,130,131,21:30-21:50,27.24899898012916
2025-02-24,133,134,22:00-22:20,15.174097302276778
2025-02-24,141,141,23:20-23:30,4.197701671272512
2025-02-25,1,2,00:00-00:20,23.487377628635613
2025-02-25,7,8,01:00-01:20,47.9137947098302
2025-02-25,13,14,02:00-02:20,38.096986787735545
2025-02-25,18,21,02:50-03:30,50.05611054744031
2025-02-25,26,26,04:10-04:20,0.5667078891958681
2025-02-25,35,36,05:40-06:00,62.48895344030248
2025-02-25,39,39,06:20-06:30,25.604961719587322
2025-02-25,42,43,06:50-07:10,36.01297681649834
2025-02-25,47,48,07:40-08:00,1.7746596281464804
2025-02-25,96,96,15:50-16:00,1.6760802408211362
2025-02-25,98,99,16:10-16:30,4.919180312259471
2025-02-25,114,115,18:50-19:10,49.40014568834272
2025-02-25,125,125,20:40-20:50,4.174767594420473
2025-02-25,128,129,21:10-21:30,22.684750631661927
2025-02-25,132,134,21:50-22:20,36.289064811159506
2025-02-25,140,142,23:10-23:40,49.38136782471372
2025-02-26,2,2,00:10-00:20,2.1438903210948865
2025-02-26,7,7,01:00-01:10,0.1907087577310449
2025-02-26,9,10,01:20-01:40,31.407925378339428
2025-02-26,14,16,02:10-02:40,16.777168041847403
2025-02-26,19,21,03:00-03:30,46.49886881168561
2025-02-26,26,27,04:10-04:30,13.023465561257922
2025-02-26,32,32,05:10-05:20,17.20368975335111
2025-02-26,40,40,06:30-06:40,5.322611215761299
2025-02-26,53,54,08:40-09:00,22.613816186340955
2025-02-26,66,66,10:50-11:00,3.7859440621884914
2025-02-26,77,78,12:40-13:00,64.42236119132144
2025-02-26,83,83,13:40-13:50,3.375050719079809
2025-02-26,85,85,14:00-14:10,34.58947562085268
2025-02-26,88,90,14:30-15:00,123.70855629594155
2025-02-26,92,99,15:10-16:30,284.0957038125319
2025-02-26,102,103,16:50-17:10,6.838910542740976
2025-02-26,107,107,17:40-17:50,0.23631201473881447
2025-02-26,111,111,18:20-18:30,4.186691011975313
2025-02-26,114,115,18:50-19:10,13.857160627338203
2025-02-26,119,119,19:40-19:50,14.885098348466954
2025-02-26,135,135,22:20-22:30,0.6974917752337433
2025-02-26,141,141,23:20-23:30,6.83970588235286
2025-02-27,7,8,01:00-01:20,14.382890347414332
2025-02-27,15,15,02:20-02:30,11.048551783129483
2025-02-27,21,21,03:20-03:30,18.035693512304306
2025-02-27,26,26,04:10-04:20,15.717025648111417
2025-02-27,40,40,06:30-06:40,7.461541771473549
2025-02-27,46,47,07:30-07:50,9.264529696576233
2025-02-27,49,50,08:00-08:20,38.92755369409508
2025-02-27,53,59,08:40-09:50,351.11385792961505
2025-02-27,87,87,14:20-14:30,10.06260981238131
2025-02-27,89,89,14:40-14:50,4.913690594627042
2025-02-27,93,93,15:20-15:30,32.096263418118724
2025-02-27,99,99,16:20-16:30,9.672312263831998
2025-02-27,110,110,18:10-18:20,12.95043078694573
2025-02-27,112,112,18:30-18:40,0.2391721702102116
2025-02-27,124,125,20:30-20:50,5.564722391104169
2025-02-27,129,129,21:20-21:30,28.0188584024213
2025-02-28,3,3,00:20-00:30,21.697041058034074
2025-02-28,7,8,01:00-01:20,30.82298019476235
2025-02-28,10,11,01:30-01:50,17.53907581260711
2025-02-28,15,15,02:20-02:30,7.593815633636041
2025-02-28,25,25,04:00-04:10,3.373536136333655
2025-02-28,28,29,04:30-04:50,40.151662887974055
2025-02-28,31,32,05:00-05:20,28.90056501701347
2025-02-28,45,46,07:20-07:40,50.77912275769381
2025-02-28,69,70,11:20-11:40,46.2626914923012
2025-02-28,77,81,12:40-13:30,160.53112166544497
2025-02-28,100,101,16:30-16:50,23.636631239072614
2025-02-28,108,108,17:50-18:00,2.0688662981970083
2025-02-28,117,117,19:20-19:30,9.636730490854006
2025-02-28,123,123,20:20-20:30,28.770159889459194
2025-02-28,127,127,21:00-21:10,3.4402076720619448
2025-02-28,130,131,21:30-21:50,26.616941748914257
2025-02-28,133,133,22:00-22:10,1.018760422424009
2025-02-28,140,140,23:10-23:20,3.3647858336622676
2025-03-01,1,2,00:00-00:20,36.13824347282525
2025-03-01,10,10,01:30-01:40,6.992265344124178
2025-03-01,48,48,07:50-08:00,26.694485576109685
2025-03-01,54,54,08:50-09:00,16.443333333333385
2025-03-01,67,70,11:00-11:40,98.73900171545097
2025-03-01,95,95,15:40-15:50,23.42244238245621
2025-03-01,97,99,16:00-16:30,68.7467251931646
2025-03-01,102,103,16:50-17:10,37.078337232342335
2025-03-01,110,111,18:10-18:30,52.85549430846146
2025-03-01,116,116,19:10-19:20,1.900673967439161
2025-03-01,123,123,20:20-20:30,12.563738649822312
2025-03-01,126,127,20:50-21:10,10.507307764179416
2025-03-01,132,132,21:50-22:00,2.930590209238062
2025-03-01,140,140,23:10-23:20,0.0042474207132841
2025-03-02,3,3,00:20-00:30,3.590482300302938
2025-03-02,16,16,02:30-02:40,3.95663682721397
2025-03-02,53,55,08:40-09:10,40.318668373658056
2025-03-02,63,68,10:20-11:20,341.1984571616572
2025-03-02,70,92,11:30-15:20,3913.682990250598
2025-03-02,94,95,15:30-15:50,39.585541660556714
2025-03-02,100,101,16:30-16:50,40.50800692572275
2025-03-02,104,104,17:10-17:20,6.582331071757537
2025-03-02,106,110,17:30-18:20,79.60356849021453
2025-03-02,125,126,20:40-21:00,22.70794442689828
2025-03-02,129,130,21:20-21:40,51.52912039084083
2025-03-02,139,140,23:00-23:20,14.095820357941875
2025-03-02,142,142,23:30-23:40,5.585089715752019
2025-03-03,1,2,00:00-00:20,13.325034386103425
2025-03-03,4,4,00:30-00:40,11.26651001447567
2025-03-03,10,11,01:30-01:50,37.926688945914066
2025-03-03,44,44,07:10-07:20,20.99086901471992
2025-03-03,48,49,07:50-08:10,32.90176258530198
2025-03-03,51,73,08:20-12:10,1496.029759017162
2025-03-03,75,77,12:20-12:50,118.5856932086931
2025-03-03,79,80,13:00-13:20,62.68842172090308
2025-03-03,82,83,13:30-13:50,64.24815959242801
2025-03-03,85,100,14:00-16:40,1263.0773855977295
2025-03-03,115,115,19:00-19:10,10.148966777583496
2025-03-03,124,126,20:30-21:00,80.3816965390181
2025-03-03,129,129,21:20-21:30,28.79942426635091
2025-03-03,134,136,22:10-22:40,16.4993542834585
2025-03-04,3,4,00:20-00:40,21.701054224239897
2025-03-04,7,7,01:00-01:10,10.87362331885788
2025-03-04,11,12,01:40-02:00,44.751287754967734
2025-03-04,48,50,07:50-08:20,103.82585833286294
2025-03-04,67,70,11:00-11:40,228.4899321865655
2025-03-04,73,74,12:00-12:20,67.83449028161613
2025-03-04,76,76,12:30-12:40,3.3853256180323115
2025-03-04,94,98,15:30-16:20,95.34058561652841
2025-03-04,104,104,17:10-17:20,0.384077750832148
2025-03-04,118,119,19:30-19:50,12.855960312447223
2025-03-04,126,126,20:50-21:00,3.047227266745722
2025-03-04,129,129,21:20-21:30,2.6661751546256482
2025-03-04,135,135,22:20-22:30,8.457189761810923
2025-03-04,139,140,23:00-23:20,27.45227850375022
2025-03-04,142,144,23:30-24:00,52.588110521120825
2025-03-05,4,6,00:30-01:00,10.01016270561854
2025-03-05,81,83,13:20-13:50,36.05225080837738
2025-03-05,112,113,18:30-18:50,5.250789253285338
2025-03-05,119,119,19:40-19:50,4.484545749440599
2025-03-05,124,125,20:30-20:50,21.370071114620373
2025-03-05,133,133,22:00-22:10,0.21567385840251063
2025-03-05,136,137,22:30-22:50,19.971232576654756
2025-03-05,144,144,23:50-24:00,19.043678115541525
2025-03-06,3,3,00:20-00:30,20.659409132780638
2025-03-06,13,13,02:00-02:10,7.583271338334043
2025-03-06,16,17,02:30-02:50,19.611877391761936
2025-03-06,97,97,16:00-16:10,17.552436940010864
2025-03-06,105,106,17:20-17:40,11.40907148872972
2025-03-06,108,108,17:50-18:00,17.713278720884432
2025-03-06,113,113,18:40-18:50,5.897883379391828
2025-03-06,125,125,20:40-20:50,7.468166956178493
2025-03-06,136,140,22:30-23:20,42.86197666798262
2025-03-06,144,144,23:50-24:00,23.954916436373082
2025-03-07,1,2,00:00-00:20,19.840039064350776
2025-03-07,7,8,01:00-01:20,3.982541183050273
2025-03-07,92,92,15:10-15:20,7.935799097625704
2025-03-07,103,103,17:00-17:10,10.394639296523934
2025-03-07,113,113,18:40-18:50,10.365818410317104
2025-03-07,130,132,21:30-22:00,15.72784905908685
2025-03-07,134,135,22:10-22:30,38.457696677194406
2025-03-07,141,141,23:20-23:30,3.4368995920515886
2025-03-08,2,2,00:10-00:20,6.2805329385446385
2025-03-08,13,13,02:00-02:10,4.432798914330874
2025-03-08,16,17,02:30-02:50,31.113477648374726
2025-03-08,28,28,04:30-04:40,10.079641204669656
2025-03-08,100,101,16:30-16:50,15.926092651288968
2025-03-08,108,108,17:50-18:00,13.341755494144138
2025-03-08,130,130,21:30-21:40,15.73380469140676
2025-03-08,133,134,22:00-22:20,17.192406527174626
2025-03-08,136,137,22:30-22:50,48.18998476115286
2025-03-09,13,14,02:00-02:20,38.96218258323438
2025-03-09,18,18,02:50-03:00,35.744378865640215
2025-03-09,23,24,03:40-04:00,25.072308277405114
2025-03-09,29,29,04:40-04:50,2.540215969206546
2025-03-09,112,113,18:30-18:50,72.78373781794612
2025-03-09,122,122,20:10-20:20,15.431487491775101
2025-03-09,126,126,20:50-21:00,7.050113830767032
2025-03-09,131,133,21:40-22:10,11.833142341097641
2025-03-10,2,2,00:10-00:20,7.6804544347937735
2025-03-10,5,7,00:40-01:10,57.36708018160334
2025-03-10,14,15,02:10-02:30,30.578025944203432
2025-03-10,28,30,04:30-05:00,28.73519823379014
2025-03-10,33,33,05:20-05:30,0.6550407948413977
2025-03-10,45,45,07:20-07:30,45.36712788806767
2025-03-10,52,52,08:30-08:40,8.801297723384664
2025-03-10,66,67,10:50-11:10,97.55199539977184
2025-03-10,72,78,11:50-13:00,748.7508605314617
2025-03-10,102,102,16:50-17:00,16.049699490534266
2025-03-10,108,108,17:50-18:00,0.022627319384127986
2025-03-10,117,120,19:20-20:00,109.39138536931523
2025-03-10,128,128,21:10-21:20,10.467561988419448
2025-03-10,132,132,21:50-22:00,1.2535261218581581
2025-03-10,135,138,22:20-23:00,47.40234611791027
2025-03-11,4,4,00:30-00:40,11.580079188051059
2025-03-11,8,9,01:10-01:30,17.423588406369163
2025-03-11,14,14,02:10-02:20,2.0865987169364644
2025-03-11,18,18,02:50-03:00,12.61724371627838
2025-03-11,26,26,04:10-04:20,5.444785673866704
2025-03-11,33,33,05:20-05:30,10.996212001579124
2025-03-11,90,90,14:50-15:00,17.12191364465218
2025-03-11,92,94,15:10-15:40,56.448024930912425
2025-03-11,96,99,15:50-16:30,67.54038027466027
2025-03-11,102,102,16:50-17:00,18.732627507378396
2025-03-11,110,110,18:10-18:20,3.8196864521647886
2025-03-11,117,117,19:20-19:30,24.704034741413466
2025-03-11,121,121,20:00-20:10,0.4004006579812085
2025-03-11,128,128,21:10-21:20,9.260454434794042
2025-03-11,133,133,22:00-22:10,2.7279777997106294
2025-03-11,136,137,22:30-22:50,40.13632004869066
2025-03-12,3,4,00:20-00:40,31.257563093827912
2025-03-12,10,11,01:30-01:50,38.28994660481658
2025-03-12,13,14,02:00-02:20,3.2821889919727028
2025-03-12,18,19,02:50-03:10,39.48972435846815
2025-03-12,22,23,03:30-03:50,43.05933310961984
2025-03-12,28,28,04:30-04:40,5.309564258455104
2025-03-12,34,35,05:30-05:50,31.372013631492866
2025-03-12,96,96,15:50-16:00,2.96139123098925
2025-03-12,99,102,16:20-17:00,63.3192456968016
2025-03-12,105,105,17:20-17:30,15.95514548436826
2025-03-12,108,109,17:50-18:10,22.89284610005052
2025-03-12,117,117,19:20-19:30,2.1273167522041376
2025-03-12,121,122,20:00-20:20,15.353932872746327
2025-03-12,133,134,22:00-22:20,17.402565844190008
2025-03-12,136,138,22:30-23:00,80.27118618239274
2025-03-12,141,141,23:20-23:30,0.20277273325439182
2025-03-13,1,4,00:00-00:40,44.15210643505725
2025-03-13,12,12,01:50-02:00,7.984789445979686
2025-03-13,17,19,02:40-03:10,54.37945018423477
2025-03-13,36,36,05:50-06:00,19.466404790104093
2025-03-13,58,68,09:30-11:20,994.7187399977447
2025-03-13,71,82,11:40-13:40,615.266630358318
2025-03-13,101,104,16:40-17:20,81.85502186471822
2025-03-13,109,109,18:00-18:10,2.790924151674176
2025-03-13,115,121,19:00-20:10,155.59104513563807
2025-03-13,125,125,20:40-20:50,8.463234188708952
2025-03-13,133,134,22:00-22:20,33.51736478483997
2025-03-13,140,142,23:10-23:40,13.342945084879602
2025-03-14,6,6,00:50-01:00,10.760509277536528
2025-03-14,11,12,01:40-02:00,27.51902992498998
2025-03-14,17,19,02:40-03:10,93.76338768258984
2025-03-14,25,25,04:00-04:10,13.12642182524013
2025-03-14,28,29,04:30-04:50,17.283057582764833
2025-03-14,36,36,05:50-06:00,23.205028951177837
2025-03-14,95,95,15:40-15:50,0.08107296354785376
2025-03-14,99,99,16:20-16:30,24.28870011091675
2025-03-14,105,105,17:20-17:30,29.04585568119866
2025-03-14,118,121,19:30-20:10,61.19456409583967
2025-03-14,124,124,20:30-20:40,5.24091618634003
2025-03-14,138,138,22:50-23:00,4.433410975128311
2025-03-14,141,142,23:20-23:40,13.141309889459194
2025-03-15,2,5,00:10-00:50,40.95080842216066
2025-03-15,8,8,01:10-01:20,3.04136637057519
2025-03-15,15,17,02:20-02:50,58.56756479799981
2025-03-15,19,19,03:00-03:10,18.851671529148632
2025-03-15,27,28,04:20-04:40,34.7882697789181
2025-03-15,31,32,05:00-05:20,65.82129297557957
2025-03-15,36,36,05:50-06:00,2.653458349782909
2025-03-15,39,39,06:20-06:30,9.52042430394971
2025-03-15,42,44,06:50-07:20,67.15588944033999
2025-03-15,46,47,07:30-07:50,24.690048244130082
2025-03-15,109,112,18:00-18:40,37.237054767544635
2025-03-15,116,116,19:10-19:20,0.30841657454925553
2025-03-15,121,121,20:00-20:10,8.338763113567438
2025-03-15,124,125,20:30-20:50,88.28250121726512
2025-03-15,130,130,21:30-21:40,7.078028122121282
2025-03-15,137,138,22:40-23:00,8.159645815238719
2025-03-15,141,144,23:20-24:00,63.62187550335585
2025-03-16,5,8,00:40-01:20,34.28398234636143
2025-03-16,19,20,03:00-03:20,45.20623730096065
2025-03-16,23,23,03:40-03:50,17.27168647190433
2025-03-16,27,27,04:20-04:30,15.965173049085251
2025-03-16,34,48,05:30-08:00,488.2897745991018
2025-03-16,51,51,08:20-08:30,2.021866551990115
2025-03-16,80,84,13:10-14:00,111.85609934953754
2025-03-16,87,87,14:20-14:30,16.155109412892784
2025-03-16,93,93,15:20-15:30,2.23590705073957
2025-03-16,101,101,16:40-16:50,13.981748674637345
2025-03-16,105,105,17:20-17:30,5.111696534318426
2025-03-16,109,109,18:00-18:10,4.782736182392341
2025-03-16,136,136,22:30-22:40,3.2093876496905978
2025-03-16,144,144,23:50-24:00,2.5844571654166657
2025-03-17,3,3,00:20-00:30,3.457835899460406
2025-03-17,8,8,01:10-01:20,1.6491383339912318
2025-03-17,15,16,02:20-02:40,8.380701473878162
2025-03-17,23,25,03:40-04:10,63.16044398605077
2025-03-17,28,29,04:30-04:50,29.34050460962908
2025-03-17,32,34,05:10-05:40,55.37604237117695
2025-03-17,40,40,06:30-06:40,8.088826746940413
2025-03-17,109,109,18:00-18:10,6.538831346229813
2025-03-17,120,120,19:50-20:00,32.352606921963456
2025-03-17,123,123,20:20-20:30,27.035776417949933
2025-03-18,3,3,00:20-00:30,8.385380971180439
2025-03-18,10,10,01:30-01:40,1.6741944926963015
2025-03-18,14,14,02:10-02:20,0.8102541650216608
2025-03-18,20,20,03:10-03:20,5.815326227135415
2025-03-18,24,24,03:50-04:00,14.83598236610078
2025-03-18,27,29,04:20-04:50,33.82014215310251
2025-03-18,32,32,05:10-05:20,8.445620153967639
2025-03-18,37,37,06:00-06:10,8.988158017032333
2025-03-18,42,43,06:50-07:10,21.112328255597163
2025-03-18,46,57,07:30-09:30,661.5248899526255
2025-03-18,110,111,18:10-18:30,0.19870807249093658
2025-03-18,115,116,19:00-19:20,18.982457583704445
2025-03-18,131,131,21:40-21:50,9.921881405448062
2025-03-18,138,138,22:50-23:00,32.188150414528195
2025-03-18,143,143,23:40-23:50,12.45766313988679
2025-03-19,5,5,00:40-00:50,3.81541789709172
2025-03-19,12,13,01:50-02:10,27.133284043952926
2025-03-19,22,22,03:30-03:40,9.39693676799584
2025-03-19,26,26,04:10-04:20,0.5813708852667787
2025-03-19,34,35,05:30-05:50,3.914222908089158
2025-03-19,37,38,06:00-06:20,22.800081232493085
2025-03-19,50,57,08:10-09:30,353.90739808527417
2025-03-19,88,88,14:30-14:40,13.553964619404496
2025-03-19,107,107,17:40-17:50,0.45059979226577695
2025-03-19,113,114,18:40-19:00,23.636121323294674
2025-03-19,131,131,21:40-21:50,3.921879957889246
2025-03-20,3,3,00:20-00:30,16.48487037768109
2025-03-20,8,10,01:10-01:40,66.56791826556127
2025-03-20,19,22,03:00-03:40,92.08965300697491
2025-03-20,24,24,03:50-04:00,13.81208316883783
2025-03-20,30,32,04:50-05:20,42.3895620053393
2025-03-20,37,37,06:00-06:10,1.244235174740993
2025-03-20,50,56,08:10-09:20,249.3252153732642
2025-03-20,60,60,09:50-10:00,21.350749440715845
2025-03-20,68,68,11:10-11:20,1.3801585810165307
2025-03-20,93,98,15:20-16:20,178.70771898652134
2025-03-20,100,101,16:30-16:50,17.74138006974607
2025-03-20,103,104,17:00-17:20,3.8091783655743257
2025-03-20,110,110,18:10-18:20,4.214183001522791
2025-03-20,113,115,18:40-19:10,81.18625583347443
2025-03-20,121,122,20:00-20:20,19.84312660218461
2025-03-20,129,130,21:20-21:40,16.670490564548118
2025-03-20,142,143,23:30-23:50,37.201094722989865
2025-03-21,8,10,01:10-01:40,27.707212949072016
2025-03-21,14,17,02:10-02:50,65.80134850638257
2025-03-21,21,23,03:20-03:50,45.79154150546128
2025-03-21,27,27,04:20-04:30,5.452068035267814
2025-03-21,31,35,05:00-05:50,44.6080976528865
2025-03-21,39,41,06:20-06:50,56.47782838249395
2025-03-21,113,115,18:40-19:10,37.70089627394577
2025-03-21,118,118,19:30-19:40,2.5125094222923963
2025-03-21,120,120,19:50-20:00,0.6619456507435757
2025-03-21,123,124,20:20-20:40,25.552162574022873
2025-03-21,134,135,22:10-22:30,44.69613876825895
2025-03-21,141,141,23:20-23:30,10.086787735228256
2025-03-22,10,11,01:30-01:50,40.57103218186603
2025-03-22,20,21,03:10-03:30,4.771427372023027
2025-03-22,25,26,04:00-04:20,22.055543908972936
2025-03-22,28,35,04:30-05:50,143.30032415919396
2025-03-22,82,84,13:30-14:00,131.99386908051792
2025-03-22,95,98,15:40-16:20,84.46977338841583
2025-03-22,114,114,18:50-19:00,6.090489538097131
2025-03-22,135,135,22:20-22:30,1.8670371101460432
2025-03-22,140,141,23:10-23:30,29.647712758257626
2025-03-23,5,5,00:40-00:50,14.853454099223654
2025-03-23,9,9,01:20-01:30,0.42800500065800406
2025-03-23,15,17,02:20-02:50,38.253579359126434
2025-03-23,21,22,03:20-03:40,48.06381219239381
2025-03-23,25,26,04:00-04:20,70.06087896715721
2025-03-23,29,33,04:40-05:30,63.77297350779244
2025-03-23,37,42,06:00-07:00,191.79337783260974
2025-03-23,47,49,07:40-08:10,17.859690436711674
2025-03-23,56,59,09:10-09:50,184.86346811234512
2025-03-23,65,69,10:40-11:30,163.21391902505638
2025-03-23,75,75,12:20-12:30,21.121702996635122
2025-03-23,78,78,12:50-13:00,2.8650847150945538
2025-03-23,105,105,17:20-17:30,3.566455360667618
2025-03-23,114,114,18:50-19:00,0.19915712593763146
2025-03-23,116,117,19:10-19:30,24.796061548512057
2025-03-23,120,120,19:50-20:00,1.262093038557623
2025-03-23,123,123,20:20-20:30,32.15615541518628
2025-03-23,126,126,20:50-21:00,12.489915120410956
2025-03-23,132,132,21:50-22:00,6.8754763784708075
2025-03-24,1,1,00:00-00:10,9.353931115936575
2025-03-24,15,15,02:20-02:30,8.170940255296841
2025-03-24,20,22,03:10-03:40,28.39099744703242
2025-03-24,26,26,04:10-04:20,13.410662199913531
2025-03-24,31,35,05:00-05:50,120.18376981839707
2025-03-24,37,40,06:00-06:40,54.247268519354066
2025-03-24,43,44,07:00-07:20,32.33349313631504
2025-03-24,47,48,07:40-08:00,29.78771192826116
2025-03-24,84,93,13:50-15:30,472.9346450557397
2025-03-24,105,105,17:20-17:30,1.529822016054709
2025-03-24,109,110,18:00-18:20,28.225182994942678
2025-03-24,138,139,22:50-23:10,62.08366119226207
2025-03-24,142,143,23:30-23:50,56.06500633636006
2025-03-25,5,6,00:40-01:00,23.97678147782608
2025-03-25,10,10,01:30-01:40,2.9501940979076835
2025-03-25,13,13,02:00-02:10,15.390564547966733
2025-03-25,16,17,02:30-02:50,17.999947229898567
2025-03-25,19,20,03:00-03:20,43.716905783655875
2025-03-25,23,25,03:40-04:10,82.60383900137208
2025-03-25,32,35,05:10-05:50,31.985907730340656
2025-03-25,37,42,06:00-07:00,199.55549853928227
2025-03-25,58,58,09:30-09:40,12.692297009004847
2025-03-25,60,66,09:50-11:00,466.9106687552895
2025-03-25,69,71,11:20-11:50,156.30163114601555
2025-03-25,90,92,14:50-15:20,45.348647623747866
2025-03-25,100,101,16:30-16:50,91.25891761698
2025-03-25,116,117,19:10-19:30,19.70765346474161
2025-03-25,121,123,20:00-20:30,14.53547212791159
2025-03-25,127,128,21:00-21:20,6.226096315304403
2025-03-25,136,137,22:30-22:50,19.293625444137206
2025-03-25,140,141,23:10-23:30,28.15250555336229
2025-03-26,10,10,01:30-01:40,0.9113641926569471
2025-03-26,15,15,02:20-02:30,2.499746019212921
2025-03-26,20,20,03:10-03:20,3.8898463218843062
2025-03-26,23,24,03:40-04:00,23.96573760363208
2025-03-26,26,27,04:10-04:30,16.003329957889264
2025-03-26,33,35,05:20-05:50,52.79599273870612
2025-03-26,46,48,07:30-08:00,82.3523068918841
2025-03-26,133,134,22:00-22:20,41.61650124358471
2025-03-26,141,142,23:20-23:40,5.833578076062395
2025-03-27,8,9,01:10-01:30,28.699390163179487
2025-03-27,13,16,02:00-02:40,114.48093172127892
2025-03-27,24,24,03:50-04:00,28.934971048822376
2025-03-27,27,30,04:20-05:00,59.04618338503226
2025-03-27,40,40,06:30-06:40,8.894007265053688
2025-03-27,65,66,10:40-11:00,44.65667053371749
2025-03-27,81,83,13:20-13:50,77.3955318293763
2025-03-27,95,102,15:40-17:00,154.33956725509063
2025-03-27,130,131,21:30-21:50,60.985414153177885
2025-03-27,139,140,23:00-23:20,26.69588086590352
2025-03-28,5,5,00:40-00:50,4.212957889195877
2025-03-28,7,8,01:00-01:20,29.90297516778537
2025-03-28,11,11,01:40-01:50,4.06640564547962
2025-03-28,14,15,02:10-02:30,13.053185142781842
2025-03-28,19,20,03:00-03:20,24.410386517962934
2025-03-28,33,33,05:20-05:30,10.814772996446834
2025-03-28,43,47,07:00-07:50,212.88202399093854
2025-03-28,116,117,19:10-19:30,7.848611720527117
2025-03-28,127,129,21:00-21:30,66.00215442163437
2025-03-28,144,144,23:50-24:00,5.575292143702995
2025-03-29,1,1,00:00-00:10,1.78179510461905
2025-03-29,6,6,00:50-01:00,4.302054875641659
2025-03-29,9,9,01:20-01:30,22.45287998420855
2025-03-29,13,14,02:00-02:20,14.693857415449486
2025-03-29,18,18,02:50-03:00,1.0068410317146572
2025-03-29,21,22,03:20-03:40,2.4713425187523512
2025-03-29,25,26,04:00-04:20,12.941943790536458
2025-03-29,29,30,04:40-05:00,36.54696353279546
2025-03-29,42,42,06:50-07:00,4.678422019814491
2025-03-29,97,100,16:00-16:40,118.03045047938616
2025-03-29,103,103,17:00-17:10,2.2374547797643345
2025-03-29,120,121,19:50-20:10,21.116484629556282
2025-03-30,1,2,00:00-00:20,36.334249473615046
2025-03-30,11,13,01:40-02:10,69.37635109224902
2025-03-30,18,18,02:50-03:00,6.7463949203843185
2025-03-30,22,23,03:30-03:50,50.70024259113029
2025-03-30,25,26,04:00-04:20,33.18414905626686
2025-03-30,30,34,04:50-05:40,81.66835686274482
2025-03-30,71,73,11:40-12:10,74.67812874626338
2025-03-30,85,89,14:00-14:50,295.8107725997784
2025-03-30,110,110,18:10-18:20,25.36751635647545
2025-03-30,115,116,19:00-19:20,27.773106851465514
2025-03-30,128,128,21:10-21:20,9.550338005000867
2025-03-30,134,134,22:10-22:20,17.700712323989933
2025-03-31,1,2,00:00-00:20,15.335056342939879
2025-03-31,5,6,00:40-01:00,35.94942868140561
2025-03-31,29,30,04:40-05:00,43.218739457259254
2025-03-31,33,36,05:20-06:00,44.73626814900448
2025-03-31,70,80,11:30-13:20,669.7887568777835
2025-03-31,82,92,13:30-15:20,798.2652016853716
2025-03-31,94,95,15:30-15:50,47.57620102551027
2025-03-31,99,103,16:20-17:10,114.22541343879888
2025-03-31,106,106,17:30-17:40,2.973531892354515
2025-03-31,121,122,20:00-20:20,4.669560639557972
2025-03-31,126,126,20:50-21:00,9.684054480852751
2025-03-31,129,129,21:20-21:30,9.81556849585479
2025-03-31,132,132,21:50-22:00,0.47174167653645327
2025-04-01,1,2,00:00-00:20,10.909745163837215
2025-04-01,5,5,00:40-00:50,19.97319519015673
2025-04-01,12,12,01:50-02:00,2.330174365047924
2025-04-01,14,18,02:10-03:00,97.34004304513746
2025-04-01,21,22,03:20-03:40,30.089636649558997
2025-04-01,28,35,04:30-05:50,139.49416666666679
2025-04-01,57,61,09:20-10:10,123.67135392344835
2025-04-01,63,80,10:20-13:20,2886.7771693277314
2025-04-01,82,83,13:30-13:50,31.848255464064778
2025-04-01,85,85,14:00-14:10,0.3729621087359192
2025-04-01,88,89,14:30-14:50,94.30319176583419
2025-04-01,91,93,15:00-15:30,56.08006172898695
2025-04-01,99,99,16:20-16:30,4.2740625176243725
2025-04-01,103,103,17:00-17:10,17.352759514409826
2025-04-01,106,108,17:30-18:00,62.69694994548156
2025-04-01,115,115,19:00-19:10,6.158875548474612
2025-04-01,118,118,19:30-19:40,2.0242999144624036
2025-04-01,121,122,20:00-20:20,57.86499505198037
2025-04-01,124,125,20:30-20:50,26.68260145413865
2025-04-01,130,131,21:30-21:50,40.13584176865356
2025-04-02,1,2,00:00-00:20,40.253149901303004
2025-04-02,14,14,02:10-02:20,2.3317933412291723
2025-04-02,16,17,02:30-02:50,9.249169456507389
2025-04-02,20,20,03:10-03:20,6.175088860376377
2025-04-02,25,34,04:00-05:40,139.61055709115885
2025-04-02,37,38,06:00-06:20,5.958519001560035
2025-04-02,43,79,07:00-13:10,3838.8096844293423
2025-04-02,109,109,18:00-18:10,5.884488364070359
2025-04-02,112,112,18:30-18:40,3.9304146645235134
2025-04-02,118,119,19:30-19:50,38.77723860376352
2025-04-02,122,125,20:10-20:50,43.444380767205985
2025-04-02,139,139,23:00-23:10,26.74251514672983
2025-04-03,2,2,00:10-00:20,15.95733897881314
2025-04-03,13,14,02:00-02:20,32.74545459270939
2025-04-03,19,20,03:00-03:20,14.7764845440189
2025-04-03,26,27,04:10-04:30,24.495504184761028
2025-04-03,31,33,05:00-05:30,57.56588970447261
2025-04-03,37,37,06:00-06:10,3.1338457804595237
2025-04-03,41,49,06:40-08:10,298.5448407976614
2025-04-03,52,52,08:30-08:40,4.568481751358831
2025-04-03,55,56,09:00-09:20,42.026233817419666
2025-04-03,84,84,13:50-14:00,20.92694677871191
2025-04-03,92,92,15:10-15:20,0.465564837478496
2025-04-03,111,111,18:20-18:30,8.692708909066937
2025-04-03,115,115,19:00-19:10,4.47686347827721
2025-04-03,123,124,20:20-20:40,18.44729927622052
2025-04-03,127,127,21:00-21:10,8.249046710093467
2025-04-03,137,137,22:40-22:50,0.0378959139361541
2025-04-03,142,143,23:30-23:50,37.93403295170424
2025-04-04,2,2,00:10-00:20,13.729687261481558
2025-04-04,10,10,01:30-01:40,6.001875753388617
2025-04-04,22,25,03:30-04:10,46.260323335777365
2025-04-04,27,29,04:20-04:50,36.88336320850511
2025-04-04,40,45,06:30-07:30,92.59298151354506
2025-04-04,111,112,18:20-18:40,31.440611491173627
2025-04-04,120,121,19:50-20:10,12.191634931287865
2025-04-04,125,126,20:40-21:00,13.537902612185746
2025-04-04,132,132,21:50-22:00,4.0452789840769015
2025-04-04,138,138,22:50-23:00,11.617114093959856
2025-04-05,3,4,00:20-00:40,16.47743639952614
2025-04-05,7,10,01:00-01:40,33.57975301355452
2025-04-05,14,15,02:10-02:30,18.707692999078745
2025-04-05,23,25,03:40-04:10,40.82532892955815
2025-04-05,87,87,14:20-14:30,8.629886827214023
2025-04-05,90,90,14:50-15:00,2.00427779501058
2025-04-05,92,95,15:10-15:50,256.6185615964512
2025-04-05,104,107,17:10-17:50,79.25235132442253
2025-04-05,118,119,19:30-19:50,33.30433822307435
2025-04-05,124,126,20:30-21:00,26.757660804053273
2025-04-05,132,133,21:50-22:10,7.721810948809093
2025-04-05,140,140,23:10-23:20,10.491997986577132
2025-04-06,7,7,01:00-01:10,0.8591354980922006
2025-04-06,12,12,01:50-02:00,2.43197723384651
2025-04-06,27,27,04:20-04:30,39.11257402289755
2025-04-06,30,30,04:50-05:00,20.34098039215712
2025-04-06,41,42,06:40-07:00,15.294945251254944
2025-04-06,45,46,07:20-07:40,16.377779948489263
2025-04-06,90,91,14:50-15:10,13.667492819544009
2025-04-06,93,94,15:20-15:40,17.842197776962962
2025-04-06,105,105,17:20-17:30,5.136610409264364
2025-04-06,114,114,18:50-19:00,26.748844584813924
2025-04-06,121,121,20:00-20:10,1.9196951168383976
2025-04-06,126,126,20:50-21:00,13.164292012106785
2025-04-06,130,131,21:30-21:50,19.949798197131145
2025-04-07,7,8,01:00-01:20,44.67319543361009
2025-04-07,17,19,02:40-03:10,10.627200835636245
2025-04-07,25,27,04:00-04:30,50.760562230932344
2025-04-07,76,76,12:30-12:40,11.259636981369795
2025-04-07,80,80,13:10-13:20,4.6369404996894446
2025-04-07,90,90,14:50-15:00,24.437855756395948
2025-04-07,111,111,18:20-18:30,0.05412027898410088
2025-04-07,113,113,18:40-18:50,0.8012666882858639
2025-04-07,122,122,20:10-20:20,1.3056221739702778
2025-04-07,127,127,21:00-21:10,19.818897368074772
2025-04-07,131,131,21:40-21:50,25.115326437689305
2025-04-07,134,134,22:10-22:20,13.252617410185508
2025-04-07,138,138,22:50-23:00,2.3119252533228973
2025-04-07,140,141,23:10-23:30,4.251178885379659
2025-04-08,21,21,03:20-03:30,0.3226569285432106
2025-04-08,27,27,04:20-04:30,9.596188314251776
2025-04-08,38,41,06:10-06:50,157.97365555242231
2025-04-08,44,46,07:10-07:40,64.70949788411974
2025-04-08,50,53,08:10-08:50,68.99069779858189
2025-04-08,101,106,16:40-17:40,146.3159345797383
2025-04-08,110,114,18:10-19:00,42.90962289869001
2025-04-08,119,120,19:40-20:00,11.66557197939585
2025-04-08,124,124,20:30-20:40,4.323346150809243
2025-04-08,127,128,21:00-21:20,15.111972700355068
2025-04-08,134,135,22:10-22:30,19.359230569811757
2025-04-08,138,138,22:50-23:00,11.456604816423123
2025-04-08,144,144,23:50-24:00,13.221914067640455
2025-04-09,3,3,00:20-00:30,8.864034083431989
2025-04-09,8,9,01:10-01:30,5.87871115936332
2025-04-09,24,25,03:50-04:10,15.75814544676905
2025-04-09,38,44,06:10-07:20,61.3725305331526
2025-04-09,55,57,09:00-09:30,27.522568174384446
2025-04-09,67,72,11:00-12:00,448.1550523367737
2025-04-09,75,80,12:20-13:20,437.61614001466387
2025-04-09,84,96,13:50-16:00,383.57873563345026
2025-04-09,110,110,18:10-18:20,20.160156711409172
2025-04-09,125,125,20:40-20:50,17.515109659165773
2025-04-09,132,132,21:50-22:00,32.03687129885509
2025-04-09,135,136,22:20-22:40,72.1231704500592
2025-04-10,4,5,00:30-00:50,23.590312152914976
2025-04-10,10,10,01:30-01:40,9.8430596657455
2025-04-10,20,22,03:10-03:40,9.041895775760054
2025-04-10,37,38,06:00-06:20,9.37422138533293
2025-04-10,40,40,06:30-06:40,18.407391700975722
2025-04-10,43,44,07:00-07:20,26.5373610963847
2025-04-10,56,59,09:10-09:50,206.85794299437896
2025-04-10,96,99,15:50-16:30,215.90774980072547
2025-04-10,102,105,16:50-17:30,51.27217799804521
2025-04-10,108,109,17:50-18:10,32.74237590754416
2025-04-10,112,112,18:30-18:40,5.925643609121362
2025-04-10,116,116,19:10-19:20,21.612718074746567
2025-04-10,125,125,20:40-20:50,14.591511139623549
2025-04-10,131,132,21:40-22:00,9.876126378470644
2025-04-10,135,135,22:20-22:30,7.1420923805764005
2025-04-11,8,9,01:10-01:30,43.057830898802365
2025-04-11,20,21,03:10-03:30,23.458239590735502
2025-04-11,24,25,03:50-04:10,9.146309567048263
2025-04-11,31,31,05:00-05:10,8.469479128832745
2025-04-11,36,39,05:50-06:30,99.2530800208674
2025-04-11,105,105,17:20-17:30,2.849778424792788
2025-04-11,112,114,18:30-19:00,80.13208026244075
2025-04-11,117,118,19:20-19:40,30.82254483390699
2025-04-11,129,129,21:20-21:30,0.18697394393996092
2025-04-11,132,136,21:50-22:40,83.78574357810265
2025-04-11,139,140,23:00-23:20,25.098026858797198
2025-04-12,4,5,00:30-00:50,33.89256102776682
2025-04-12,22,22,03:30-03:40,13.636573345176942
2025-04-12,100,100,16:30-16:40,7.902973365856383
2025-04-12,107,108,17:40-18:00,75.58236695053859
2025-04-12,137,137,22:40-22:50,8.523109224898064
2025-04-13,15,16,02:20-02:40,27.243620752730408
2025-04-13,31,31,05:00-05:10,5.762341826932159
2025-04-13,36,39,05:50-06:30,30.97350651495526
2025-04-13,41,43,06:40-07:10,46.96186665914678
2025-04-13,54,54,08:50-09:00,0.8436609375295347
2025-04-13,58,58,09:30-09:40,12.240921093000907
2025-04-13,100,105,16:30-17:30,130.79062078093034
2025-04-13,107,107,17:40-17:50,10.771531198653875
2025-04-13,112,112,18:30-18:40,0.0568489406499566
2025-04-13,116,116,19:10-19:20,13.281325727069316
2025-04-13,124,128,20:30-21:20,44.7056073299118
2025-04-13,132,132,21:50-22:00,3.258103039873731
2025-04-13,136,138,22:30-23:00,7.47408382681931
2025-04-14,4,5,00:30-00:50,67.89269772996477
2025-04-14,7,7,01:00-01:10,8.133829924989868
2025-04-14,14,14,02:10-02:20,3.5050531714698536
2025-04-14,17,18,02:40-03:00,14.109171667324631
2025-04-14,29,30,04:40-05:00,13.749546601056522
2025-04-14,35,37,05:40-06:10,39.598604064444054
2025-04-14,41,43,06:40-07:10,45.60872277179345
2025-04-14,74,74,12:10-12:20,19.27313172691902
2025-04-14,112,113,18:30-18:50,66.38831571259402
2025-04-14,115,116,19:00-19:20,5.326002127159654
2025-04-14,118,119,19:30-19:50,19.2764658056509
2025-04-14,124,124,20:30-20:40,21.88373089222273
2025-04-14,130,130,21:30-21:40,0.682174233451974
2025-04-15,15,15,02:20-02:30,2.531972627977325
2025-04-15,82,83,13:30-13:50,44.219962096516156
2025-04-15,93,94,15:20-15:40,8.818633843738553
2025-04-15,116,116,19:10-19:20,2.05721890098323
2025-04-15,119,119,19:40-19:50,20.22699751941036
2025-04-15,127,127,21:00-21:10,7.44046011317289
2025-04-15,131,131,21:40-21:50,9.41402326621926
2025-04-16,5,7,00:40-01:10,35.27117712856966
2025-04-16,10,12,01:30-02:00,43.59436952888541
2025-04-16,15,15,02:20-02:30,0.6830003947889054
2025-04-16,24,24,03:50-04:00,13.764457823397606
2025-04-16,43,43,07:00-07:10,25.227448562780864
2025-04-16,46,46,07:30-07:40,3.4761462062677992
2025-04-16,52,53,08:30-08:50,21.556187633711374
2025-04-16,61,62,10:00-10:20,99.93671240576646
2025-04-16,71,72,11:40-12:00,39.404974227812545
2025-04-16,75,75,12:20-12:30,17.754210539920905
2025-04-16,92,93,15:10-15:30,17.726447766623664
2025-04-16,97,98,16:00-16:20,18.20896137461648
2025-04-16,112,113,18:30-18:50,42.508248911510805
2025-04-16,127,128,21:00-21:20,29.21886608106354
2025-04-16,137,138,22:40-23:00,16.922759264376737
2025-04-16,142,144,23:30-24:00,9.534997598368363
2025-04-17,6,7,00:50-01:10,11.324402822739557
2025-04-17,18,18,02:50-03:00,1.6699072246346987
2025-04-17,34,34,05:30-05:40,1.7706976434870292
2025-04-17,44,44,07:10-07:20,2.7073556125805
2025-04-17,50,50,08:10-08:20,5.263566943959063
2025-04-17,80,80,13:10-13:20,2.1961058325341583
2025-04-17,86,88,14:10-14:40,35.72267124245627
2025-04-17,98,99,16:10-16:30,10.106997845580793
2025-04-17,104,104,17:10-17:20,10.033383842799083
2025-04-17,109,109,18:00-18:10,5.619948186791525
2025-04-17,120,120,19:50-20:00,3.9432833267535443
2025-04-17,123,123,20:20-20:30,1.519178181339612
2025-04-17,128,129,21:10-21:30,13.813095756020857
2025-04-18,1,1,00:00-00:10,11.764513001710611
2025-04-18,12,12,01:50-02:00,25.125351362021206
2025-04-18,15,18,02:20-03:00,71.08872214107117
2025-04-18,21,21,03:20-03:30,9.704752599026335
2025-04-18,91,92,15:00-15:20,25.620533403831246
2025-04-18,111,112,18:20-18:40,28.848169964093074
2025-04-18,139,139,23:00-23:10,6.960087807606328
2025-04-19,1,2,00:00-00:20,48.14532373338602
2025-04-19,12,14,01:50-02:20,78.5378219107779
2025-04-19,34,34,05:30-05:40,3.621975824826489
2025-04-19,45,45,07:20-07:30,22.95082755249757
2025-04-19,114,116,18:50-19:20,37.13225055928382
2025-04-19,133,134,22:00-22:20,54.304840452691224
2025-04-20,4,4,00:30-00:40,5.284576503487415
2025-04-20,14,14,02:10-02:20,13.794576792999237
2025-04-20,29,30,04:40-05:00,28.943095427030016
2025-04-20,33,34,05:20-05:40,18.912223875321775
2025-04-20,39,39,06:20-06:30,7.155932806008309
2025-04-20,46,47,07:30-07:50,46.573039084090055
2025-04-20,49,49,08:00-08:10,15.419613183125762
2025-04-20,51,57,08:20-09:30,230.48950109976954
2025-04-20,85,87,14:00-14:30,53.84662621961547
2025-04-20,99,100,16:20-16:40,48.80782698663381
2025-04-20,103,103,17:00-17:10,3.367267233470727
2025-04-20,129,129,21:20-21:30,0.6830635609948104
2025-04-20,133,133,22:00-22:10,1.611399164363661
2025-04-20,144,144,23:50-24:00,33.232195025661326
2025-04-21,1,1,00:00-00:10,7.837213429398616
2025-04-21,3,3,00:20-00:30,0.8146473220160715
2025-04-21,6,6,00:50-01:00,0.7010896170547767
2025-04-21,9,9,01:20-01:30,4.60608172127877
2025-04-21,16,16,02:30-02:40,0.06394140676400184
2025-04-21,19,21,03:00-03:30,53.251295703382084
2025-04-21,26,26,04:10-04:20,15.243490439531342
2025-04-21,29,30,04:40-05:00,15.920239978944664
2025-04-21,32,34,05:10-05:40,40.21040673678853
2025-04-21,39,39,06:20-06:30,16.10706075047449
2025-04-21,109,109,18:00-18:10,13.939831842535924
2025-04-21,122,124,20:10-20:40,35.39267858458845
2025-04-21,128,129,21:10-21:30,18.97979040005248
2025-04-21,133,133,22:00-22:10,3.6829034478221274
2025-04-21,136,137,22:30-22:50,74.71311728516889
2025-04-22,4,4,00:30-00:40,19.470698789314383
2025-04-22,13,13,02:00-02:10,3.7563138768259705
2025-04-22,21,23,03:20-03:50,44.45241892542268
2025-04-22,26,26,04:10-04:20,10.293489255165127
2025-04-22,30,31,04:50-05:10,34.57596137931694
2025-04-22,43,43,07:00-07:10,8.090318468595683
2025-04-22,46,46,07:30-07:40,3.141058545297483
2025-04-22,72,78,11:50-13:00,200.91050136860122
2025-04-22,82,82,13:30-13:40,12.848233047581743
2025-04-22,87,89,14:20-14:50,53.730765013253404
2025-04-22,93,93,15:20-15:30,54.483184488560596
2025-04-22,111,111,18:20-18:30,25.11587643110954
2025-04-22,129,130,21:20-21:40,42.95459945387563
2025-04-22,136,136,22:30-22:40,1.4929589024870893
2025-04-22,140,140,23:10-23:20,14.947291617318115
2025-04-22,143,144,23:40-24:00,39.88406650875129
2025-04-23,1,3,00:00-00:30,65.15526317278614
2025-04-23,6,7,00:50-01:10,34.74113099091983
2025-04-23,11,11,01:40-01:50,2.1118269903935243
2025-04-23,13,13,02:00-02:10,2.2773563626792566
2025-04-23,21,22,03:20-03:40,8.559026416069852
2025-04-23,26,26,04:10-04:20,10.465640446111365
2025-04-23,31,31,05:00-05:10,1.5430483296673856
2025-04-23,34,35,05:30-05:50,32.98684695448637
2025-04-23,44,45,07:10-07:30,40.656646870829036
2025-04-23,69,70,11:20-11:40,36.52807903765529
2025-04-23,77,78,12:40-13:00,20.953105006297847
2025-04-23,81,81,13:20-13:30,17.129907812118063
2025-04-23,111,111,18:20-18:30,17.369109751283144
2025-04-23,120,121,19:50-20:10,29.406559113041112
2025-04-23,129,130,21:20-21:40,13.258181444927118
2025-04-23,144,144,23:50-24:00,2.1742814844058103
2025-04-24,1,1,00:00-00:10,9.584726885116197
2025-04-24,8,8,01:10-01:20,1.5835536649560709
2025-04-24,12,12,01:50-02:00,3.404853270167223
2025-04-24,22,22,03:30-03:40,3.966054107683443
2025-04-24,34,34,05:30-05:40,7.683151109168463
2025-04-24,37,38,06:00-06:20,3.2290994021769848
2025-04-24,106,107,17:30-17:50,26.242149070366253
2025-04-24,110,111,18:10-18:30,36.589382820108014
2025-04-24,123,123,20:20-20:30,5.66011185682305
2025-04-24,128,130,21:10-21:40,21.504913758389193
2025-04-24,144,144,23:50-24:00,15.009057112777953
2025-04-25,4,5,00:30-00:50,9.96874712462153
2025-04-25,26,26,04:10-04:20,19.20133374786144
2025-04-25,106,106,17:30-17:40,0.025380221081690024
2025-04-25,121,123,20:00-20:30,47.241160799353395
2025-04-25,126,126,20:50-21:00,3.9092551651532403
2025-04-25,130,130,21:30-21:40,0.6613183247796428
2025-04-25,133,133,22:00-22:10,7.744426694301808
2025-04-25,137,138,22:40-23:00,15.871207343071319
2025-04-25,142,143,23:30-23:50,41.046076246874634
2025-04-26,6,7,00:50-01:10,11.2388546190287
2025-04-26,16,17,02:30-02:50,14.565585636268054
2025-04-26,27,27,04:20-04:30,35.95697657586538
2025-04-26,31,31,05:00-05:10,12.837914299813981
2025-04-26,35,37,05:40-06:10,17.746907003741057
2025-04-26,85,85,14:00-14:10,6.7552625270243425
2025-04-26,90,90,14:50-15:00,21.556311474253903
2025-04-26,94,94,15:30-15:40,12.941055335288524
2025-04-26,99,99,16:20-16:30,2.36011667418677
2025-04-26,101,104,16:40-17:20,79.60642360554908
2025-04-26,106,106,17:30-17:40,18.83393590416037
2025-04-26,112,114,18:30-19:00,29.46908329855438
2025-04-26,122,122,20:10-20:20,7.769712867294459
2025-04-26,126,126,20:50-21:00,24.97055731017241
2025-04-26,135,136,22:20-22:40,46.32235609948691
2025-04-26,141,142,23:20-23:40,22.2710762008158
2025-04-27,3,4,00:20-00:40,72.38197062771405
2025-04-27,22,23,03:30-03:50,41.42557996822882
2025-04-27,36,36,05:50-06:00,0.08598199011146335
2025-04-27,39,39,06:20-06:30,8.812252129039507
2025-04-27,44,46,07:10-07:40,74.76257810614186
2025-04-27,49,50,08:00-08:20,103.72090198616331
2025-04-27,90,106,14:50-17:40,781.1804216974044
2025-04-27,108,109,17:50-18:10,55.812677601376166
2025-04-27,118,119,19:30-19:50,19.48031758878051
2025-04-27,122,122,20:10-20:20,11.532102341473433
2025-04-27,135,135,22:20-22:30,1.6542795104619472
2025-04-27,139,140,23:00-23:20,13.085327010133028
2025-04-27,144,144,23:50-24:00,14.580530990919783
2025-04-28,6,7,00:50-01:10,16.20826726542964
2025-04-28,11,12,01:40-02:00,67.48042550993557
2025-04-28,27,27,04:20-04:30,21.32501381760767
2025-04-28,50,99,08:10-16:30,5109.798482460098
2025-04-28,101,102,16:40-17:00,47.52287228394687
2025-04-28,105,108,17:20-18:00,46.94156956836473
2025-04-28,125,126,20:40-21:00,50.953052460850245
2025-04-28,132,133,21:50-22:10,17.103705684958527
2025-04-28,141,141,23:20-23:30,7.730191472562069
2025-04-29,3,3,00:20-00:30,1.6281898934068977
2025-04-29,24,24,03:50-04:00,4.621943018818229
2025-04-29,27,28,04:20-04:40,2.554491215009307
2025-04-29,89,91,14:40-15:10,76.31231259658239
2025-04-29,93,102,15:20-17:00,587.6416291344735
2025-04-29,109,109,18:00-18:10,19.930901604534327
2025-04-29,122,123,20:10-20:30,33.21399901302834
2025-04-29,135,136,22:20-22:40,5.058475180944924
2025-04-29,142,142,23:30-23:40,0.13712210817220694
2025-04-30,8,8,01:10-01:20,0.8209171404130302
2025-04-30,15,16,02:20-02:40,45.402073588630174
2025-04-30,28,28,04:30-04:40,0.7552194687272049
2025-04-30,37,37,06:00-06:10,7.5158731073637455
2025-04-30,41,41,06:40-06:50,21.989306495215317
2025-04-30,43,43,07:00-07:10,1.230570161487492
2025-04-30,62,71,10:10-11:50,709.0035515387381
2025-04-30,73,78,12:00-13:00,351.04935920139974
2025-04-30,116,117,19:10-19:30,21.47988071550776
2025-04-30,120,120,19:50-20:00,3.592500986972027
2025-04-30,125,127,20:40-21:10,60.44115480326343
2025-04-30,134,134,22:10-22:20,4.506194440057925
2025-04-30,143,144,23:40-24:00,33.45178736675871
2025-05-01,1,1,00:00-00:10,3.5198634754574414
2025-05-01,3,3,00:20-00:30,8.675834320305512
2025-05-01,14,14,02:10-02:20,4.551909442031729
2025-05-01,19,20,03:00-03:20,28.501818311619672
2025-05-01,23,24,03:40-04:00,33.147693969131026
2025-05-01,27,28,04:20-04:40,42.16358995262533
2025-05-01,32,32,05:10-05:20,13.904657206775319
2025-05-01,40,44,06:30-07:20,200.12429920948256
2025-05-01,46,48,07:30-08:00,83.61258650762272
2025-05-01,90,90,14:50-15:00,5.103064688962945
2025-05-01,96,97,15:50-16:10,41.518774765476905
2025-05-01,99,113,16:20-18:50,712.5408838568981
2025-05-01,115,143,19:00-23:50,1521.1594101047135
2025-05-02,10,11,01:30-01:50,25.04386523884716
2025-05-02,18,18,02:50-03:00,8.49970917225943
2025-05-02,27,28,04:20-04:40,24.506968028687822
2025-05-02,32,32,05:10-05:20,17.49939383095522
2025-05-02,37,45,06:00-07:30,259.95594858439995
2025-05-02,75,82,12:20-13:40,561.9391469450866
2025-05-02,86,93,14:10-15:30,430.83131460154607
2025-05-02,98,112,16:10-18:40,990.2009254535361
2025-05-02,115,128,19:00-21:20,807.1311707705897
2025-05-02,130,136,21:30-22:40,379.8791913936044
2025-05-02,138,140,22:50-23:20,54.3804960389524
2025-05-02,142,144,23:30-24:00,90.36686946308743
2025-05-03,8,11,01:10-01:50,136.1227779313068
2025-05-03,24,24,03:50-04:00,12.187499013028116
2025-05-03,35,35,05:40-05:50,2.697477573177082
2025-05-03,40,41,06:30-06:50,12.442628156900128
2025-05-03,43,44,07:00-07:20,35.53779718947959
2025-05-03,98,98,16:10-16:20,24.850928092042295
2025-05-03,102,106,16:50-17:40,117.68473031507875
2025-05-03,110,132,18:10-22:00,1359.6488681020053
2025-05-03,134,136,22:10-22:40,80.88355076983834
2025-05-03,139,142,23:00-23:40,99.3364987037769
2025-05-04,1,4,00:00-00:40,53.54580379655181
2025-05-04,6,9,00:50-01:30,25.43151156073168
2025-05-04,12,12,01:50-02:00,1.673175417818129
2025-05-04,18,20,02:50-03:20,57.9401484340043
2025-05-04,25,26,04:00-04:20,18.647683099279842
2025-05-04,32,32,05:10-05:20,12.159838588724003
2025-05-04,34,35,05:30-05:50,8.930786674938958
2025-05-04,67,69,11:00-11:30,45.391420128587924
2025-05-04,77,80,12:40-13:20,105.87853526685967
2025-05-04,105,110,17:20-18:20,149.0576974752314
2025-05-04,112,143,18:30-23:50,1521.4066273146855
2025-05-05,1,3,00:00-00:30,100.92514465719205
2025-05-05,6,6,00:50-01:00,7.538305698118165
2025-05-05,10,10,01:30-01:40,2.249329109093196
2025-05-05,13,14,02:00-02:20,78.46025026977236
2025-05-05,24,24,03:50-04:00,0.47649888143166663
2025-05-05,30,30,04:50-05:00,9.344141992367327
2025-05-05,33,34,05:20-05:40,8.968774312409732
2025-05-05,40,41,06:30-06:50,59.79126163122987
2025-05-05,43,50,07:00-08:20,472.8154131671452
2025-05-05,57,57,09:20-09:30,23.425586143853934
2025-05-05,100,107,16:30-17:50,328.57941472656233
2025-05-05,109,123,18:00-20:30,604.2040136587522
2025-05-05,125,129,20:40-21:30,158.33646777207503
2025-05-05,132,134,21:50-22:20,76.67986168574794
2025-05-05,136,137,22:30-22:50,4.729188801158216
2025-05-05,140,143,23:10-23:50,131.13045640873816
2025-05-06,4,6,00:30-01:00,88.93951444268987
2025-05-06,14,16,02:10-02:40,26.749982813528163
2025-05-06,19,20,03:00-03:20,43.52787016712716
2025-05-06,25,29,04:00-04:50,120.72408496418677
2025-05-06,40,40,06:30-06:40,23.493924169533557
2025-05-06,45,51,07:20-08:30,223.57479692910738
2025-05-06,56,59,09:10-09:50,294.0596925159334
2025-05-06,101,101,16:40-16:50,9.00814308931632
2025-05-06,106,109,17:30-18:10,98.58151354971511
2025-05-06,111,114,18:20-19:00,196.55459024119722
2025-05-06,116,117,19:10-19:30,79.27882745756028
2025-05-06,120,121,19:50-20:10,76.06089625420634
2025-05-06,124,126,20:30-21:00,102.53113134622981
2025-05-06,128,138,21:10-23:00,530.0377336162659
2025-05-06,141,141,23:20-23:30,24.201654823003082
2025-05-07,4,5,00:30-00:50,63.18835847479954
2025-05-07,15,15,02:20-02:30,5.603449138044425
2025-05-07,18,19,02:50-03:10,12.074882524016402
2025-05-07,29,29,04:40-04:50,0.12179134472574343
2025-05-07,31,33,05:00-05:30,17.94630828680479
2025-05-07,40,41,06:30-06:50,45.17805475438513
2025-05-07,54,56,08:50-09:20,40.55590294681599
2025-05-07,88,90,14:30-15:00,63.0389171516922
2025-05-07,99,101,16:20-16:50,91.60234090669809
2025-05-07,103,110,17:00-18:20,382.74482403981733
2025-05-07,113,114,18:40-19:00,105.17430798789299
2025-05-07,116,118,19:10-19:40,76.03864312691542
2025-05-07,121,124,20:00-20:40,162.61819364578048
2025-05-07,128,129,21:10-21:30,83.09199794709843
2025-05-07,132,135,21:50-22:30,60.0627743453083
2025-05-07,138,140,22:50-23:20,89.44903991972626
2025-05-08,2,3,00:10-00:30,47.3212904000527
2025-05-08,16,16,02:30-02:40,21.56452515462547
2025-05-08,19,20,03:00-03:20,12.38103020792186
2025-05-08,30,32,04:50-05:20,75.97618090444236
2025-05-08,66,67,10:50-11:10,111.3389403577537
2025-05-08,73,74,12:00-12:20,65.08072709567045
2025-05-08,87,89,14:20-14:50,217.5206144558491
2025-05-08,107,107,17:40-17:50,25.18281717989194
2025-05-08,113,113,18:40-18:50,3.5687240886958307
2025-05-08,117,117,19:20-19:30,1.5388498486644266
2025-05-08,121,122,20:00-20:20,163.60604660669617
2025-05-08,130,132,21:30-22:00,76.95339201868649
2025-05-08,136,136,22:30-22:40,11.195172048953964
2025-05-08,143,143,23:40-23:50,30.175639459139347
2025-05-09,5,7,00:40-01:10,71.75508457033823
2025-05-09,11,11,01:40-01:50,3.1508268653770983
2025-05-09,16,19,02:30-03:10,40.39049536781147
2025-05-09,102,103,16:50-17:10,33.27707992405027
2025-05-09,117,117,19:20-19:30,3.9378141860770484
2025-05-09,120,120,19:50-20:00,11.18117449664419
2025-05-10,15,15,02:20-02:30,9.932906303460868
2025-05-10,19,19,03:00-03:10,15.33713297144351
2025-05-10,25,25,04:00-04:10,23.968076187656436
2025-05-10,29,29,04:40-04:50,4.5988146391442255
2025-05-10,33,33,05:20-05:30,23.562333695222968
2025-05-10,46,47,07:30-07:50,26.031402807070435
2025-05-10,81,83,13:20-13:50,76.70104569962155
2025-05-10,97,98,16:00-16:20,48.78004722425885
2025-05-10,126,126,20:50-21:00,6.404675615212454
2025-05-10,138,140,22:50-23:20,35.457387037768
2025-05-11,6,6,00:50-01:00,12.975372417423387
2025-05-11,9,10,01:20-01:40,54.49419280168445
2025-05-11,12,14,01:50-02:20,56.072857389130036
2025-05-11,16,17,02:30-02:50,20.24797362810898
2025-05-11,24,24,03:50-04:00,4.355794183445255
2025-05-11,28,29,04:30-04:50,22.403713260203418
2025-05-11,61,61,10:00-10:10,5.020337822645388
2025-05-11,67,68,11:00-11:20,40.966187657210185
2025-05-11,86,87,14:10-14:30,31.70450176903023
2025-05-11,111,113,18:20-18:50,22.778094873385193
2025-05-11,116,117,19:10-19:30,85.15332099618308
2025-05-11,123,123,20:20-20:30,1.1189143308329221
2025-05-11,139,139,23:00-23:10,3.8803272930649655
2025-05-11,141,143,23:20-23:50,19.550385103303256
2025-05-12,9,11,01:20-01:50,55.905518963021564
2025-05-12,15,15,02:20-02:30,9.510996841689575
2025-05-12,18,19,02:50-03:10,37.34331324516381
2025-05-12,71,71,11:40-11:50,49.94185024627336
2025-05-12,74,77,12:10-12:50,352.46655279266065
2025-05-12,103,103,17:00-17:10,8.427022502021316
2025-05-12,111,111,18:20-18:30,11.604270275224103
2025-05-12,116,117,19:10-19:30,40.79219349914433
2025-05-13,6,6,00:50-01:00,11.648378734043945
2025-05-13,12,12,01:50-02:00,0.05213120147391237
2025-05-13,26,26,04:10-04:20,8.912070831688276
2025-05-13,35,36,05:40-06:00,36.325427359802944
2025-05-13,71,72,11:40-12:00,20.72729568552313
2025-05-13,115,115,19:00-19:10,6.9576027654013615
2025-05-14,21,24,03:20-04:00,59.91868191021374
2025-05-14,29,30,04:40-05:00,40.598512616321656
2025-05-14,35,36,05:40-06:00,20.829522673096164
2025-05-14,39,40,06:20-06:40,58.96218509860296
2025-05-14,103,104,17:00-17:20,13.32991688662014
2025-05-14,136,136,22:30-22:40,3.9569948545863554
2025-05-15,12,13,01:50-02:10,39.372549045927144
2025-05-15,17,18,02:40-03:00,17.75624713120135
2025-05-15,27,29,04:20-04:50,12.609419174515311
2025-05-15,36,36,05:50-06:00,23.227449194442784
2025-05-15,42,42,06:50-07:00,27.10794409038772
2025-05-15,45,46,07:20-07:40,33.53606382794709
2025-05-15,96,100,15:50-16:40,139.8313931212749
2025-05-16,3,3,00:20-00:30,20.57435649427555
2025-05-16,9,9,01:20-01:30,7.6522055533623075
2025-05-16,13,13,02:00-02:10,4.757339840768566
2025-05-16,29,31,04:40-05:10,13.564260194010238
2025-05-16,128,128,21:10-21:20,25.23170284247908
2025-05-16,142,143,23:30-23:50,46.034762672719864
2025-05-17,13,14,02:00-02:20,12.596375194104496
2025-05-17,21,23,03:20-03:50,89.15426826556137
2025-05-17,31,31,05:00-05:10,4.1959254826763575
2025-05-17,70,70,11:30-11:40,57.8968640140622
2025-05-17,84,85,13:50-14:10,83.79233903709155
2025-05-17,89,90,14:40-15:00,63.38261580941082
2025-05-17,101,102,16:40-17:00,70.71109394469175
2025-05-17,118,118,19:30-19:40,2.5919156430356907
2025-05-17,123,123,20:20-20:30,4.008725490195843
2025-05-17,137,137,22:40-22:50,25.384815502039544
2025-05-18,9,11,01:20-01:50,38.99740834320312
2025-05-18,13,15,02:00-02:30,31.754325095407353
2025-05-18,18,18,02:50-03:00,15.409417686537722
2025-05-18,22,23,03:30-03:50,44.30740674806839
2025-05-18,27,27,04:20-04:30,0.8808435320436274
2025-05-18,33,33,05:20-05:30,0.7228431842534064
2025-05-18,35,35,05:40-05:50,7.800051873366698
2025-05-18,42,42,06:50-07:00,14.134735350516166
2025-05-18,48,48,07:50-08:00,2.442981971312065
2025-05-18,51,52,08:20-08:40,78.83825206700101
2025-05-18,72,77,11:50-12:50,277.1089772582859
2025-05-19,22,22,03:30-03:40,4.08732750361898
2025-05-19,39,39,06:20-06:30,6.235062038238198
2025-05-19,64,64,10:30-10:40,8.073304505291844
2025-05-19,108,108,17:50-18:00,1.9493908033010428
2025-05-19,123,124,20:20-20:40,87.66773042317595
2025-05-19,129,129,21:20-21:30,0.08915186208696468
2025-05-19,144,144,23:50-24:00,5.249432820107927
2025-05-20,1,1,00:00-00:10,0.8402275233584078
2025-05-20,22,22,03:30-03:40,0.33873171093945126
2025-05-20,42,42,06:50-07:00,0.018868131144927247
2025-05-20,73,77,12:00-12:50,286.6765685390949
2025-05-20,80,82,13:10-13:40,74.98134668283501
2025-05-20,84,85,13:50-14:10,82.81427849059082
2025-05-20,93,95,15:20-15:50,173.1093044752131
2025-05-20,114,114,18:50-19:00,3.577639821029152
2025-05-20,130,130,21:30-21:40,4.201554145282216
2025-05-21,8,8,01:10-01:20,0.8616144163704575
2025-05-21,17,18,02:40-03:00,61.44540570469803
2025-05-21,29,29,04:40-04:50,5.698671173838761
2025-05-21,58,59,09:30-09:50,23.85760177842917
2025-05-21,64,64,10:30-10:40,41.14405403248543
2025-05-21,90,98,14:50-16:20,356.45944323313233
2025-05-21,141,142,23:20-23:40,48.29313262271353
2025-05-22,7,8,01:00-01:20,26.175573463613773
2025-05-22,25,25,04:00-04:10,15.290689759930828
2025-05-22,34,35,05:30-05:50,46.651468055007314
2025-05-22,41,41,06:40-06:50,5.401289035211562
2025-05-22,98,98,16:10-16:20,7.001876391630503
2025-05-22,109,110,18:00-18:20,30.785286830033826
2025-05-23,7,8,01:00-01:20,31.062013909724953
2025-05-23,12,12,01:50-02:00,1.673474799315784
2025-05-23,15,15,02:20-02:30,7.855494801947714
2025-05-23,19,21,03:00-03:30,71.49639644878079
2025-05-23,35,35,05:40-05:50,2.6605814862856505
2025-05-23,38,38,06:10-06:20,3.117500134416275
2025-05-23,79,79,13:00-13:10,50.16400098603208
2025-05-24,5,5,00:40-00:50,7.311487123305653
2025-05-24,7,7,01:00-01:10,8.961613955783605
2025-05-24,13,16,02:00-02:40,25.010073792604317
2025-05-24,24,25,03:50-04:10,22.459606411558006
2025-05-24,28,29,04:30-04:50,24.165096123550214
2025-05-24,37,37,06:00-06:10,9.220368368018285
2025-05-24,116,116,19:10-19:20,5.497415215348042
2025-05-25,2,2,00:10-00:20,10.49107642452941
2025-05-25,8,8,01:10-01:20,13.42418119489389
2025-05-25,25,25,04:00-04:10,2.8678535136202687
2025-05-25,29,29,04:40-04:50,0.7147768070987013
2025-05-25,35,35,05:40-05:50,4.690855056116334
2025-05-25,37,37,06:00-06:10,27.79296067715677
2025-05-25,40,41,06:30-06:50,36.591956973661866
2025-05-25,57,57,09:20-09:30,4.935166140281581
2025-05-25,125,126,20:40-21:00,42.2441620476377
2025-05-25,131,131,21:40-21:50,1.9756939597315295
2025-05-25,137,137,22:40-22:50,0.7578562837214804
2025-05-26,9,9,01:20-01:30,29.46094025529669
2025-05-26,13,13,02:00-02:10,4.183440946177143
2025-05-26,28,28,04:30-04:40,0.3063729644878383
2025-05-26,30,32,04:50-05:20,37.52613566258699
2025-05-26,40,46,06:30-07:40,336.166714657944
2025-05-26,49,51,08:00-08:30,183.8389446741105
2025-05-26,54,54,08:50-09:00,28.06011846013621
2025-05-26,61,71,10:00-11:50,1347.8967943770788
2025-05-26,75,75,12:20-12:30,56.15816545410121
2025-05-26,104,104,17:10-17:20,15.698471078901605
2025-05-26,131,131,21:40-21:50,5.378754040005219
2025-05-26,137,138,22:40-23:00,25.5971225555993
2025-05-27,1,2,00:00-00:20,16.022748999868554
2025-05-27,18,18,02:50-03:00,10.860084221608076
2025-05-27,21,21,03:20-03:30,13.988091196210007
2025-05-27,24,24,03:50-04:00,4.262458218186566
2025-05-27,28,28,04:30-04:40,2.9059585725563903
2025-05-27,44,44,07:10-07:20,1.1921117487263473
2025-05-27,46,46,07:30-07:40,20.78865290545764
2025-05-27,57,57,09:20-09:30,20.5551178021542
2025-05-27,63,63,10:20-10:30,6.0605658404303995
2025-05-27,135,135,22:20-22:30,19.56342610869831
2025-05-28,2,4,00:10-00:40,46.95244259771039
2025-05-28,6,9,00:50-01:30,15.275655217792064
2025-05-28,13,13,02:00-02:10,0.1726489209106603
2025-05-28,19,19,03:00-03:10,7.069894624292715
2025-05-28,22,22,03:30-03:40,9.332214257515092
2025-05-28,32,33,05:10-05:30,13.085849511213972
2025-05-28,36,36,05:50-06:00,1.2606501090372149
2025-05-28,41,46,06:40-07:40,245.3443927847647
2025-05-28,48,49,07:50-08:10,28.687060475062594
2025-05-28,57,62,09:20-10:20,321.016184826012
2025-05-28,65,73,10:40-12:10,873.8346599787565
2025-05-28,75,75,12:20-12:30,17.27568192713352
2025-05-28,102,102,16:50-17:00,49.185156834546035
2025-05-28,105,105,17:20-17:30,15.616892401255825
2025-05-28,121,121,20:00-20:10,8.56395026319251
2025-05-29,1,6,00:00-01:00,30.4586154823005
2025-05-29,9,9,01:20-01:30,7.9538741939727515
2025-05-29,17,18,02:40-03:00,32.94704078826146
2025-05-29,26,27,04:10-04:30,31.55838653112255
2025-05-29,30,30,04:50-05:00,24.05224898012898
2025-05-29,33,34,05:20-05:40,15.511092441674663
2025-05-29,38,39,06:10-06:30,33.840890072001855
2025-05-29,42,45,06:50-07:30,100.06194530013335
2025-05-29,47,51,07:40-08:30,275.4184612590002
2025-05-29,55,57,09:00-09:30,44.63120879344956
2025-05-29,61,62,10:00-10:20,54.47994389863379
2025-05-29,65,71,10:40-11:50,532.5258828107073
2025-05-29,100,101,16:30-16:50,28.454563036489446
2025-05-29,104,106,17:10-17:40,49.42261486191836
2025-05-29,111,112,18:20-18:40,21.146731753238377
2025-05-29,116,116,19:10-19:20,40.083164136258574
2025-05-29,120,120,19:50-20:00,17.95440584287394
2025-05-30,13,13,02:00-02:10,0.7788771548887894
2025-05-30,21,23,03:20-03:50,81.10431423589553
2025-05-30,30,30,04:50-05:00,0.07624226871962492
2025-05-30,35,37,05:40-06:10,28.119912814656203
2025-05-30,91,91,15:00-15:10,28.312438311431606
2025-05-30,98,102,16:10-17:00,202.26928968191277
2025-05-30,104,107,17:10-17:50,122.83565613896545
2025-05-30,120,120,19:50-20:00,2.782622055533693
2025-05-30,132,132,21:50-22:00,4.88502039742059
2025-05-30,136,136,22:30-22:40,8.715593209632743
2025-05-31,5,6,00:40-01:00,61.31713548493218
2025-05-31,16,17,02:30-02:50,48.62739182129212
2025-05-31,20,20,03:10-03:20,14.217883616265283
2025-05-31,25,26,04:00-04:20,13.725159900738923
2025-05-31,31,32,05:00-05:20,19.341718254281457
2025-05-31,38,40,06:10-06:40,69.71774997462074
2025-05-31,80,80,13:10-13:20,20.475861433835234
2025-05-31,87,88,14:20-14:40,110.97011751452226
2025-05-31,91,91,15:00-15:10,24.07802817569973
2025-05-31,108,108,17:50-18:00,10.049332313462173
2025-05-31,114,114,18:50-19:00,5.717274641400195
2025-05-31,120,121,19:50-20:10,25.076463350440918
2025-05-31,139,139,23:00-23:10,19.332405888932726
2025-05-31,143,144,23:40-24:00,99.25597597052229
2025-06-01,1,20,00:00-03:20,1042.503003623598
2025-06-01,27,27,04:20-04:30,4.87190617186468
2025-06-01,33,33,05:20-05:30,8.686182392420179
2025-06-01,36,38,05:50-06:20,22.912021982215265
2025-06-01,52,74,08:30-12:20,3700.496198706597
2025-06-01,76,137,12:30-22:50,6117.755701276482
2025-06-01,139,144,23:00-24:00,507.3498947887882
2025-06-02,1,17,00:00-02:50,990.5339708448481
2025-06-02,19,22,03:00-03:40,59.45410224559619
2025-06-02,26,29,04:10-04:50,90.66770056116425
2025-06-02,32,33,05:10-05:30,36.7218397646308
2025-06-02,35,42,05:40-07:00,148.90346165190843
2025-06-02,47,56,07:40-09:20,490.066403513621
2025-06-02,74,144,12:10-24:00,7362.327542593949
2025-06-03,1,20,00:00-03:20,1012.7787418015527
2025-06-03,22,22,03:30-03:40,10.25967450040436
2025-06-03,25,26,04:00-04:20,16.734613477337426
2025-06-03,29,29,04:40-04:50,6.901686550861996
2025-06-03,32,37,05:10-06:10,234.30793053597264
2025-06-03,40,42,06:30-07:00,58.30172471753809
2025-06-03,47,47,07:40-07:50,1.0125222613878577
2025-06-03,49,63,08:00-10:30,679.5495806392732
2025-06-03,67,69,11:00-11:30,155.39812991371082
2025-06-03,82,90,13:30-15:00,531.1839619677401
2025-06-03,92,120,15:10-20:00,2183.109912927452
2025-06-03,122,136,20:10-22:40,815.0786743528289
2025-06-03,138,144,22:50-24:00,505.3851404658508
2025-06-04,1,15,00:00-02:30,1218.6290741676528
2025-06-04,19,23,03:00-03:50,68.15289167183641
2025-06-04,25,33,04:00-05:30,303.99068444720206
2025-06-04,36,36,05:50-06:00,1.1429890916098202
2025-06-04,45,46,07:20-07:40,12.041529359126116
2025-06-04,53,53,08:40-08:50,5.6679808527436535
2025-06-04,71,84,11:40-14:00,1624.7692036235978
2025-06-04,86,93,14:10-15:30,520.110780233302
2025-06-04,96,97,15:50-16:10,80.45353527625798
2025-06-04,99,110,16:20-18:20,652.2654665736093
2025-06-04,112,116,18:30-19:20,255.07901646551272
2025-06-04,118,144,19:30-24:00,1416.0060783636945
2025-06-05,1,16,00:00-02:40,815.0976184826957
2025-06-05,18,20,02:50-03:20,138.8956625495834
2025-06-05,23,26,03:40-04:20,54.94914039817274
2025-06-05,30,35,04:50-05:50,147.03683872596002
2025-06-05,38,46,06:10-07:40,270.768472449383
2025-06-05,52,53,08:30-08:50,57.726353892429074
2025-06-05,55,55,09:00-09:10,40.30725940913305
2025-06-05,72,72,11:50-12:00,65.43659478220889
2025-06-05,75,77,12:20-12:50,26.656817019155596
2025-06-05,83,83,13:40-13:50,9.235567870772684
2025-06-05,86,87,14:10-14:30,142.5366354501533
2025-06-05,89,96,14:40-16:00,827.648917843513
2025-06-05,99,104,16:20-17:20,187.95058207940923
2025-06-05,106,125,17:30-20:50,947.5744338033203
2025-06-05,128,144,21:10-24:00,995.9408760363206
2025-06-06,1,13,00:00-02:10,404.8921134425579
2025-06-06,18,19,02:50-03:10,24.731316758783855
2025-06-06,25,26,04:00-04:20,38.697811193202085
2025-06-06,33,35,05:20-05:50,72.93701424153534
2025-06-06,38,40,06:10-06:40,77.7333928251835
2025-06-06,71,71,11:40-11:50,26.908131731618823
2025-06-06,73,77,12:00-12:50,372.69622543473463
2025-06-06,82,84,13:30-14:00,152.25143271107095
2025-06-06,86,124,14:10-20:40,2607.907301497376
2025-06-06,127,128,21:00-21:20,29.704571608106335
2025-06-06,130,132,21:30-22:00,13.421299144624072
2025-06-06,134,135,22:10-22:30,45.232703901829154
2025-06-06,138,139,22:50-23:10,92.99616987103559
2025-06-06,141,143,23:20-23:50,111.73440146071863
2025-06-07,2,3,00:10-00:30,69.08392874720369
2025-06-07,6,7,00:50-01:10,50.0619839255167
2025-06-07,11,13,01:40-02:10,42.299568943282
2025-06-07,22,23,03:30-03:50,48.463916371514856
2025-06-07,26,26,04:10-04:20,7.414302322674075
2025-06-07,33,35,05:20-05:50,115.19394336754829
2025-06-07,40,40,06:30-06:40,12.119271022502915
2025-06-07,45,46,07:20-07:40,57.5402142011165
2025-06-07,54,57,08:50-09:30,107.03721085199186
2025-06-07,59,61,09:40-10:10,169.4417786757656
2025-06-07,71,75,11:40-12:30,281.75478014024395
2025-06-07,85,86,14:00-14:20,55.49303387475811
2025-06-07,90,90,14:50-15:00,2.017037674130279
2025-06-07,93,94,15:20-15:40,18.840883765721173
2025-06-07,97,98,16:00-16:20,155.97080632320058
2025-06-07,102,108,16:50-18:00,144.33547258097815
2025-06-07,111,115,18:20-19:10,153.84619612354982
2025-06-07,118,122,19:30-20:20,173.24267898031655
2025-06-07,124,125,20:30-20:50,28.90614011994048
2025-06-07,131,132,21:40-22:00,48.98706382418732
2025-06-07,136,137,22:30-22:50,72.5616791419925
2025-06-07,141,142,23:20-23:40,103.04954252533213
2025-06-08,25,26,04:00-04:20,14.685395056680202
2025-06-08,39,40,06:20-06:40,37.393331312390444
2025-06-08,117,117,19:20-19:30,0.12858007632587487
2025-06-08,135,135,22:20-22:30,2.1333596525861367
2025-06-08,138,138,22:50-23:00,22.671477168048455
2025-06-09,5,5,00:40-00:50,1.4630519739441752
2025-06-09,21,21,03:20-03:30,20.158363600473876
2025-06-09,23,25,03:40-04:10,136.98494791043908
2025-06-09,28,28,04:30-04:40,12.806413363600319
2025-06-09,34,34,05:30-05:40,9.59831646551227
2025-06-09,40,40,06:30-06:40,20.165268039967714
2025-06-09,105,106,17:20-17:40,18.67503566728749
2025-06-09,119,119,19:40-19:50,0.10313103885846431
2025-06-09,142,143,23:30-23:50,29.152514488748466
2025-06-10,16,16,02:30-02:40,17.219468232662052
2025-06-10,23,23,03:40-03:50,12.717049078826221
2025-06-10,28,30,04:30-05:00,57.1260169655783
2025-06-10,126,126,20:50-21:00,8.70803263587311
2025-06-11,38,40,06:10-06:40,15.421120851427986
2025-06-11,56,58,09:10-09:40,277.6136796730776
2025-06-11,60,63,09:50-10:30,124.64605288571806
2025-06-11,103,104,17:00-17:20,52.33912500892956
2025-06-11,135,135,22:20-22:30,10.468012896433493
2025-06-12,4,4,00:30-00:40,26.27879026187702
2025-06-12,21,23,03:20-03:50,46.072074494764465
2025-06-12,36,36,05:50-06:00,2.4422605652997618
2025-06-12,88,89,14:30-14:50,27.653744582933655
2025-06-12,125,125,20:40-20:50,0.7317848814694592
2025-06-12,135,135,22:20-22:30,17.27613106987735
2025-06-13,49,50,08:00-08:20,26.81002496663143
2025-06-13,54,56,08:50-09:20,59.99206627375793
2025-06-13,119,119,19:40-19:50,0.06793552347119203
2025-06-13,125,126,20:40-21:00,49.94630059970306
2025-06-14,125,126,20:40-21:00,26.09258127009185
2025-06-14,136,137,22:30-22:50,35.0204292077907
2025-06-16,34,37,05:30-06:10,94.48164090105854
2025-06-17,31,31,05:00-05:10,37.20353534863608
2025-06-17,38,38,06:10-06:20,7.484640468670534
2025-06-17,80,82,13:10-13:40,98.15183179459655
2025-06-18,16,16,02:30-02:40,12.34892904329513
2025-06-18,38,38,06:10-06:20,14.698945700562263
2025-06-19,29,30,04:40-05:00,14.699187710788987
2025-06-19,37,38,06:00-06:20,59.01994732201615
2025-06-19,117,117,19:20-19:30,27.829291354125417
2025-06-19,144,144,23:50-24:00,4.624063692591108
2025-06-21,20,21,03:10-03:30,1.7084854388735948
2025-06-21,37,37,06:00-06:10,22.44925711935798
2025-06-22,17,17,02:40-02:50,36.33593599157791
2025-06-23,15,15,02:20-02:30,3.3582925384919236
2025-06-23,20,21,03:10-03:30,17.86651215949462
2025-06-23,24,24,03:50-04:00,5.764653243847874
2025-06-23,27,27,04:20-04:30,7.109549282800458
2025-06-23,30,30,04:50-05:00,15.085260607598775
2025-06-23,84,85,13:50-14:10,61.938091699095025
2025-06-24,9,9,01:20-01:30,4.720960652717622
2025-06-24,12,13,01:50-02:10,37.76478522831985
2025-06-24,32,32,05:10-05:20,7.903027372962747
2025-06-24,35,36,05:40-06:00,6.031192840223639
2025-06-24,41,76,06:40-12:40,3442.870518045608
2025-06-24,79,80,13:00-13:20,48.59777515744577
2025-06-24,90,91,14:50-15:10,19.14125102739081
2025-06-24,95,95,15:40-15:50,3.1979583103039886
2025-06-25,17,17,02:40-02:50,2.526147006185056
2025-06-25,26,27,04:10-04:30,10.090947091722683
2025-06-25,40,42,06:30-07:00,59.31507016524745
2025-06-25,60,62,09:50-10:20,161.0816151523694
2025-06-25,64,69,10:30-11:30,827.2871957691809
2025-06-25,79,79,13:00-13:10,6.7057374118778625
2025-06-25,88,89,14:30-14:50,127.35688934164307
2025-06-25,131,131,21:40-21:50,6.55186071193566
2025-06-26,11,11,01:40-01:50,15.892912955652037
2025-06-26,25,26,04:00-04:20,16.633463271483087
2025-06-26,33,33,05:20-05:30,1.022196059631952
2025-06-26,40,44,06:30-07:20,162.79442325117986
2025-06-26,46,46,07:30-07:40,1.5020700101517832
2025-06-26,51,51,08:20-08:30,8.500901128907913
2025-06-26,54,55,08:50-09:10,26.06233268851156
2025-06-26,62,62,10:10-10:20,23.942475446017284
2025-06-26,66,66,10:50-11:00,16.81106550674008
2025-06-26,119,119,19:40-19:50,8.070181162935114
2025-06-27,2,2,00:10-00:20,7.563468811686107
2025-06-27,28,29,04:30-04:50,7.534565023593302
2025-06-28,28,30,04:30-05:00,93.02445001691952
2025-06-28,46,47,07:30-07:50,106.31516342939904
2025-06-28,95,95,15:40-15:50,1.050125070968079
2025-06-28,99,100,16:20-16:40,32.1656709012463
2025-06-28,127,127,21:00-21:10,13.21554233451775
2025-06-29,12,12,01:50-02:00,47.329720357941824
2025-06-29,15,15,02:20-02:30,3.031754178181245
2025-06-29,27,29,04:20-04:50,62.64906860677162
2025-06-29,42,47,06:50-07:50,178.6456979602582
2025-06-29,50,51,08:10-08:30,47.79653179177694
2025-06-29,57,58,09:20-09:40,57.41625376365323
2025-06-29,70,72,11:30-12:00,184.73621855225315
2025-06-29,74,78,12:10-13:00,206.0416309354614
2025-06-29,99,99,16:20-16:30,13.717718026807972
2025-06-29,110,111,18:10-18:30,16.941938836877
2025-06-30,28,29,04:30-04:50,50.22781120448193
2025-06-30,37,38,06:00-06:20,16.349628492470856
2025-06-30,41,47,06:40-07:50,477.44220379843233
2025-06-30,61,64,10:00-10:40,100.51568374034184
2025-06-30,75,75,12:20-12:30,34.79943223262421
2025-06-30,94,95,15:30-15:50,40.44730916379967
2025-06-30,114,114,18:50-19:00,14.718703471321305
2025-06-30,118,118,19:30-19:40,1.6871739768389489
2025-06-30,143,144,23:40-24:00,119.15127872746405
2025-07-01,1,35,00:00-05:50,2485.4761911435717
2025-07-01,37,37,06:00-06:10,8.834062294850696
2025-07-01,41,42,06:40-07:00,55.56045483240291
2025-07-01,45,45,07:20-07:30,49.88288849096682
2025-07-01,67,68,11:00-11:20,23.274788042599994
2025-07-01,70,72,11:30-12:00,139.63450041264832
2025-07-01,84,84,13:50-14:00,21.44640305115354
2025-07-01,90,93,14:50-15:30,275.3841559979695
2025-07-01,100,101,16:30-16:50,77.59371465606398
2025-07-01,103,108,17:00-18:00,219.41374895474942
2025-07-01,111,144,18:20-24:00,2077.5430974752326
2025-07-02,1,36,00:00-06:00,2747.3501310228794
2025-07-02,96,98,15:50-16:20,135.25573529787778
2025-07-02,100,106,16:30-17:40,299.5805447916072
2025-07-02,108,128,17:50-21:20,1378.1914798347511
2025-07-02,130,144,21:30-24:00,972.3091212593763
2025-07-03,1,36,00:00-06:00,2969.16613630647
2025-07-03,44,49,07:10-08:10,334.00498198165167
2025-07-03,56,57,09:10-09:30,19.814718129265316
2025-07-03,65,72,10:40-12:00,703.0960716626264
2025-07-03,82,94,13:30-15:40,600.8225567020115
2025-07-03,96,144,15:50-24:00,3255.8478617759847
2025-07-04,1,41,00:00-06:50,2825.029908367642
2025-07-04,43,43,07:00-07:10,1.0603197873779209
2025-07-04,83,83,13:40-13:50,26.037985780083773
2025-07-04,87,87,14:20-14:30,32.15191068373679
2025-07-04,89,89,14:40-14:50,23.509672922189225
2025-07-04,93,97,15:20-16:10,159.51284946891565
2025-07-04,100,101,16:30-16:50,19.2108409339574
2025-07-04,103,144,17:00-24:00,2837.9450220113545
2025-07-05,1,10,00:00-01:40,564.3481883603102
2025-07-05,13,20,02:00-03:20,528.3430635544148
2025-07-05,22,40,03:30-06:40,1246.1442011533463
2025-07-05,44,44,07:10-07:20,8.028435181320845
2025-07-05,90,90,14:50-15:00,4.950990872859279
2025-07-05,93,93,15:20-15:30,20.166044944823852
2025-07-05,96,114,15:50-19:00,1301.5463543370363
2025-07-05,117,131,19:20-21:50,952.6010282198786
2025-07-05,133,144,22:00-24:00,623.3739251085672
2025-07-06,3,8,00:20-01:20,281.6837308461638
2025-07-06,13,14,02:00-02:20,54.23473045137507
2025-07-06,16,18,02:30-03:00,135.44128292538494
2025-07-06,20,21,03:10-03:30,10.630695736280927
2025-07-06,23,24,03:40-04:00,99.14726422555623
2025-07-06,27,29,04:20-04:50,181.8032542872184
2025-07-06,31,40,05:00-06:40,478.04509472862975
2025-07-06,50,50,08:10-08:20,19.221742154042772
2025-07-06,56,57,09:10-09:30,33.41253411445075
2025-07-06,60,61,09:50-10:10,154.4913759827416
2025-07-06,75,119,12:20-19:50,4439.375601072508
2025-07-06,121,126,20:00-21:00,369.0221754178186
2025-07-06,128,129,21:10-21:30,41.252236899592276
2025-07-06,132,138,21:50-23:00,370.8659466179755
2025-07-06,141,144,23:20-24:00,153.81524403210892
2025-07-07,3,8,00:20-01:20,349.59639304513803
2025-07-07,11,14,01:40-02:20,169.753760593499
2025-07-07,16,22,02:30-03:40,182.32499726091783
2025-07-07,26,27,04:10-04:30,35.58640528359035
2025-07-07,29,35,04:40-05:50,160.5620495300131
2025-07-07,38,39,06:10-06:30,43.15156058691929
2025-07-07,65,65,10:40-10:50,44.51166311732709
2025-07-07,77,79,12:40-13:10,222.84266850995436
2025-07-07,99,104,16:20-17:20,219.81371886902394
2025-07-07,108,108,17:50-18:00,14.404010960088868
2025-07-07,110,111,18:10-18:30,72.55273836971041
2025-07-07,115,116,19:00-19:20,95.59337327749859
2025-07-07,118,119,19:30-19:50,88.97517588404469
2025-07-07,122,126,20:10-21:00,20.206918117985772
2025-07-07,128,136,21:10-22:40,366.56913862350257
2025-07-07,139,140,23:00-23:20,32.46990315173048
2025-07-07,143,143,23:40-23:50,17.118656606132504
2025-07-08,4,4,00:30-00:40,0.31487910909345374
2025-07-08,17,18,02:40-03:00,71.7036323924201
2025-07-08,30,31,04:50-05:10,15.164498317447785
2025-07-08,33,35,05:20-05:50,45.179986071475916
2025-07-08,37,46,06:00-07:40,308.51115755644537
2025-07-08,50,53,08:10-08:50,94.40651372172977
2025-07-08,60,62,09:50-10:20,83.51058758389263
2025-07-08,86,88,14:10-14:40,133.53494219070217
2025-07-08,95,100,15:40-16:40,277.0140607918335
2025-07-08,102,104,16:50-17:20,149.20646157671183
2025-07-08,106,107,17:30-17:50,89.58904596281502
2025-07-08,110,111,18:10-18:30,58.47775375989333
2025-07-08,114,114,18:50-19:00,24.604020923805933
2025-07-08,129,129,21:20-21:30,14.92971246216598
2025-07-08,132,132,21:50-22:00,9.153187261481662
2025-07-09,7,7,01:00-01:10,2.469389485458578
2025-07-09,18,18,02:50-03:00,40.30320897486513
2025-07-09,38,43,06:10-07:10,138.7798129772711
2025-07-09,65,66,10:40-11:00,44.565347950857586
2025-07-09,71,72,11:40-12:00,72.51211684902114
2025-07-09,76,77,12:30-12:50,101.5528161534412
2025-07-09,80,82,13:10-13:40,66.8938399018673
2025-07-09,85,86,14:00-14:20,70.884176963134
2025-07-09,106,107,17:30-17:50,84.67312508506788
2025-07-09,110,110,18:10-18:20,18.120832070949135
2025-07-09,117,118,19:20-19:40,30.13744481510696
2025-07-10,28,28,04:30-04:40,9.294654888801144
2025-07-10,40,40,06:30-06:40,6.009854207320359
2025-07-10,53,54,08:40-09:00,13.27253520294073
2025-07-10,76,76,12:30-12:40,13.020938222134419
2025-07-10,94,95,15:30-15:50,103.04739622976717
2025-07-10,104,104,17:10-17:20,9.784023699546822
2025-07-10,114,114,18:50-19:00,1.5689235425713832
2025-07-10,126,126,20:50-21:00,9.46655415186217
2025-07-10,132,132,21:50-22:00,33.166428477431396
2025-07-10,137,137,22:40-22:50,6.054392854322941
2025-07-11,20,21,03:10-03:30,41.17848465587565
2025-07-11,31,32,05:00-05:20,41.36102032786255
2025-07-11,39,43,06:20-07:10,151.37396453480693
2025-07-11,45,46,07:20-07:40,31.82069719793975
2025-07-11,64,64,10:30-10:40,85.06489764724688
2025-07-11,67,79,11:00-13:10,735.5461496117907
2025-07-12,12,12,01:50-02:00,2.0088156336358907
2025-07-12,42,42,06:50-07:00,2.4790400757618727
2025-07-12,46,46,07:30-07:40,20.885718798526
2025-07-12,65,67,10:40-11:10,164.6463095021909
2025-07-12,94,95,15:30-15:50,41.18812401349817
2025-07-12,98,98,16:10-16:20,32.171342489613494
2025-07-12,132,132,21:50-22:00,40.94351164626926
2025-07-13,42,42,06:50-07:00,19.469582534355993
2025-07-13,47,47,07:40-07:50,9.067103461921647
2025-07-13,116,117,19:10-19:30,41.24533076344619
2025-07-13,142,142,23:30-23:40,8.469777220686979
2025-07-14,55,56,09:00-09:20,16.094844501156444
2025-07-14,80,84,13:10-14:00,136.4943951281175
2025-07-14,108,109,17:50-18:10,43.285887982441494
2025-07-15,70,77,11:30-12:50,693.8185294221048
2025-07-15,79,84,13:00-14:00,311.51236493147576
2025-07-16,36,37,05:50-06:10,103.62645639275843
2025-07-16,73,74,12:00-12:20,116.47718039497659
2025-07-16,90,91,14:50-15:10,90.87376433929239
2025-07-16,93,94,15:20-15:40,71.95204660481647
2025-07-17,52,57,08:30-09:30,379.55579610193104
2025-07-17,98,101,16:10-16:50,142.30312994472956
2025-07-17,142,142,23:30-23:40,5.2259782997759885
2025-07-18,47,47,07:40-07:50,5.330521736952505
2025-07-18,59,59,09:40-09:50,14.683074444005797
2025-07-18,96,96,15:50-16:00,31.040351174026227
2025-07-20,39,40,06:20-06:40,26.891773807643972
2025-07-20,44,45,07:10-07:30,39.48532148402995
2025-07-20,68,70,11:10-11:40,260.56114563288384
2025-07-20,82,82,13:30-13:40,15.49678915552795
2025-07-21,39,39,06:20-06:30,30.567812212132935
2025-07-21,47,48,07:40-08:00,50.49129930817958
2025-07-21,57,57,09:20-09:30,5.824863092888108
2025-07-21,76,77,12:30-12:50,17.895097350214655
2025-07-21,96,97,15:50-16:10,14.704660733555102
2025-07-21,105,105,17:20-17:30,15.021474066136818
2025-07-22,81,84,13:20-14:00,323.453736536763
2025-07-23,33,33,05:20-05:30,0.15699927622053877
2025-07-23,43,44,07:00-07:20,90.60245960558711
2025-07-23,48,49,07:50-08:10,32.73076700599722
2025-07-23,87,89,14:20-14:50,52.65546072885536
2025-07-24,75,75,12:20-12:30,14.096761486473724
2025-07-24,78,84,12:50-14:00,590.3771518479869
2025-07-24,96,96,15:50-16:00,8.103422654296878
2025-07-25,46,47,07:30-07:50,52.79410202658289
2025-07-26,17,17,02:40-02:50,25.634708224766428
2025-07-26,24,24,03:50-04:00,28.50621397552311
2025-07-26,35,35,05:40-05:50,5.155466155321108
2025-07-26,136,136,22:30-22:40,1.215005948151088
2025-07-27,9,10,01:20-01:40,60.66880797473357
2025-07-27,29,29,04:40-04:50,15.499189511777557
2025-07-27,33,34,05:20-05:40,20.42234742071326
2025-07-27,38,39,06:10-06:30,44.58852899911619
2025-07-27,46,46,07:30-07:40,15.77319698268559
2025-07-27,49,55,08:00-09:10,282.1388134566582
2025-07-28,38,40,06:10-06:40,39.29715453161157
2025-07-28,50,52,08:10-08:40,152.03247191735727
2025-07-28,54,57,08:50-09:30,117.16923639200684
2025-07-28,60,63,09:50-10:30,76.87399979320571
2025-07-28,69,69,11:20-11:30,39.921579695636865
2025-07-28,72,79,11:50-13:10,508.9615414782015
2025-07-28,98,101,16:10-16:50,60.22315547816453
2025-07-28,103,103,17:00-17:10,40.821524654560164
2025-07-28,106,106,17:30-17:40,3.139705919952206
2025-07-28,129,129,21:20-21:30,6.419180813265029
2025-07-28,140,141,23:10-23:30,41.794541215949494
2025-07-29,59,61,09:40-10:10,306.46824275374615
2025-07-29,63,68,10:20-11:20,317.49506617036116
2025-07-29,72,72,11:50-12:00,62.371499304419785
2025-07-29,101,101,16:40-16:50,29.6949708251085
2025-07-30,40,41,06:30-06:50,15.609156765928162
2025-07-30,45,45,07:20-07:30,12.182849294080086
2025-07-30,51,51,08:20-08:30,21.90898598029787
2025-07-30,60,60,09:50-10:00,14.087807700261237
2025-07-30,92,92,15:10-15:20,12.284066770063646
2025-07-30,126,126,20:50-21:00,5.058601789709201
2025-07-31,14,14,02:10-02:20,4.552353079352429
2025-07-31,49,50,08:00-08:20,29.05558487864937
2025-07-31,59,60,09:40-10:00,89.0921604214833
2025-07-31,105,105,17:20-17:30,5.189105638899889
2025-08-01,12,12,01:50-02:00,7.907475325700943
2025-08-01,19,19,03:00-03:10,0.2896566719304019
2025-08-01,24,24,03:50-04:00,20.096609422292318
2025-08-01,30,31,04:50-05:10,33.45693435978421
2025-08-02,24,24,03:50-04:00,4.81440321094874
2025-08-02,111,111,18:20-18:30,8.92228218468599
2025-08-02,114,114,18:50-19:00,5.055604684827017
2025-08-02,144,144,23:50-24:00,4.329142650348672
2025-08-03,21,21,03:20-03:30,12.574754572970164
2025-08-03,35,35,05:40-05:50,13.049798591920094
2025-08-03,118,120,19:30-20:00,62.447686184272584
2025-08-03,130,130,21:30-21:40,12.13600507961553
2025-08-03,133,134,22:00-22:20,59.8879256020532
2025-08-03,136,136,22:30-22:40,0.2233082181866166
2025-08-04,26,27,04:10-04:30,23.37832695561423
2025-08-04,133,134,22:00-22:20,32.054561797605174
2025-08-04,144,144,23:50-24:00,0.643435320436879
2025-08-05,35,35,05:40-05:50,2.1141091468802387
2025-08-05,127,127,21:00-21:10,16.747252901697493
2025-08-05,133,134,22:00-22:20,31.644994328201392
2025-08-06,4,4,00:30-00:40,1.2479164363730888
2025-08-06,21,22,03:20-03:40,18.053342222660945
2025-08-06,79,80,13:00-13:20,62.12102518470465
2025-08-06,85,98,14:00-16:20,769.5743178275328
2025-08-06,131,131,21:40-21:50,3.5292544742729888
2025-08-06,136,136,22:30-22:40,13.457845505987393
2025-08-06,140,140,23:10-23:20,10.61087308856429
2025-08-06,144,144,23:50-24:00,36.02468680089498
2025-08-07,1,1,00:00-00:10,29.486385037504988
2025-08-07,5,5,00:40-00:50,7.927148532701722
2025-08-07,13,13,02:00-02:10,3.2232209106464325
2025-08-07,25,26,04:00-04:20,5.0771944832963865
2025-08-07,31,32,05:00-05:20,24.817487930742715
2025-08-07,42,42,06:50-07:00,36.753891277987634
2025-08-07,45,46,07:20-07:40,58.68840014475586
2025-08-07,121,122,20:00-20:20,35.395600727539374
2025-08-07,132,133,21:50-22:10,56.109933563626896
2025-08-08,40,41,06:30-06:50,60.666015976726555
2025-08-08,103,103,17:00-17:10,15.759524288909802
2025-08-08,121,122,20:00-20:20,17.34178117327474
2025-08-08,126,126,20:50-21:00,1.128276088959069
2025-08-08,131,132,21:40-22:00,49.26236252796434
2025-08-09,4,5,00:30-00:50,2.642332135807351
2025-08-09,12,12,01:50-02:00,2.7449868403738265
2025-08-09,33,33,05:20-05:30,22.273694659071534
2025-08-09,37,37,06:00-06:10,15.546143078036607
2025-08-09,42,44,06:50-07:20,157.7380792397492
2025-08-09,103,104,17:00-17:20,14.420918244881705
2025-08-09,115,115,19:00-19:10,13.253260764574406
2025-08-09,127,128,21:00-21:20,19.095740788261537
2025-08-09,135,135,22:20-22:30,14.900364521647589
2025-08-09,138,138,22:50-23:00,2.2250638241872593
2025-08-10,17,17,02:40-02:50,4.0269077247006635
2025-08-10,24,24,03:50-04:00,2.669309777602507
2025-08-10,58,58,09:30-09:40,13.476648783674591
2025-08-10,73,85,12:00-14:10,1089.9278076983805
2025-08-10,96,96,15:50-16:00,44.783857227454405
2025-08-10,100,102,16:30-17:00,56.81852630045216
2025-08-10,104,105,17:10-17:30,66.25683640328623
2025-08-10,134,134,22:10-22:20,3.252879431504198
2025-08-10,138,138,22:50-23:00,35.78117054875611
2025-08-11,3,4,00:20-00:40,65.94361705487586
2025-08-11,7,8,01:00-01:20,49.20715073693896
2025-08-11,33,33,05:20-05:30,6.370288078318662
2025-08-11,44,47,07:10-07:50,86.78855561258149
2025-08-11,53,53,08:40-08:50,45.15236245652625
2025-08-11,55,58,09:00-09:40,144.62764667061504
2025-08-11,76,76,12:30-12:40,25.551414782019947
2025-08-11,78,78,12:50-13:00,3.411539159287713
2025-08-11,92,92,15:10-15:20,1.1146030906321585
2025-08-11,110,111,18:10-18:30,32.75627896151748
2025-08-11,116,118,19:10-19:40,55.31068420844838
2025-08-11,121,122,20:00-20:20,28.95384920572218
2025-08-11,133,134,22:00-22:20,44.510202500329
2025-08-11,137,138,22:40-23:00,28.806525213843656
2025-08-11,142,142,23:30-23:40,4.019821562047696
2025-08-12,1,3,00:00-00:30,44.90311474536088
2025-08-12,18,18,02:50-03:00,34.0746078431373
2025-08-12,30,31,04:50-05:10,27.551183149098392
2025-08-12,33,33,05:20-05:30,11.080322692835491
2025-08-12,57,58,09:20-09:40,63.17118730566017
2025-08-12,61,67,10:00-11:10,621.4882396029543
2025-08-12,70,70,11:30-11:40,9.878499978380205
2025-08-12,75,76,12:20-12:40,56.48671149869347
2025-08-12,81,82,13:20-13:40,56.89861566559466
2025-08-12,85,89,14:00-14:50,261.5442671169137
2025-08-12,92,94,15:10-15:40,194.41765706765955
2025-08-12,96,96,15:50-16:00,27.366887207903233
2025-08-12,98,100,16:10-16:40,114.42297452672409
2025-08-12,105,107,17:20-17:50,120.00760612298569
2025-08-12,111,112,18:20-18:40,23.15145741920915
2025-08-12,115,116,19:00-19:20,37.75223680747479
2025-08-12,118,119,19:30-19:50,5.252335102363304
2025-08-12,126,126,20:50-21:00,3.8780675088827365
2025-08-13,6,6,00:50-01:00,68.05127779971053
2025-08-13,9,10,01:20-01:40,29.90377937886558
2025-08-13,17,18,02:40-03:00,40.65337860902753
2025-08-13,28,30,04:30-05:00,33.36741450942815
2025-08-13,33,33,05:20-05:30,23.086327923787028
2025-08-13,36,37,05:50-06:10,25.681191403944467
2025-08-13,44,44,07:10-07:20,10.363382221344864
2025-08-13,62,71,10:10-11:50,709.0520610240064
2025-08-13,85,86,14:00-14:20,227.8727335297874
2025-08-13,106,107,17:30-17:50,49.940201940104885
2025-08-13,116,117,19:10-19:30,73.63850234899348
2025-08-13,124,125,20:30-20:50,41.70477387814162
2025-08-13,137,137,22:40-22:50,13.072323470193282
2025-08-14,4,4,00:30-00:40,0.7143584287405247
2025-08-14,11,11,01:40-01:50,25.28432541781831
2025-08-14,16,17,02:30-02:50,18.858862435846845
2025-08-14,22,23,03:30-03:50,68.23781005771437
2025-08-14,33,33,05:20-05:30,5.230643059237265
2025-08-14,36,36,05:50-06:00,10.306853744853925
2025-08-14,39,40,06:20-06:40,26.491765867689537
2025-08-14,42,43,06:50-07:10,16.106691418043397
2025-08-14,46,47,07:30-07:50,58.265509999436404
2025-08-14,49,50,08:00-08:20,216.73778714962475
2025-08-14,52,53,08:30-08:50,169.30735962156677
2025-08-14,60,60,09:50-10:00,3.892107067659481
2025-08-14,69,69,11:20-11:30,8.02172861090753
2025-08-14,72,74,11:50-12:20,52.298843354388964
2025-08-14,97,98,16:00-16:20,81.19921320192498
2025-08-14,102,103,16:50-17:10,33.638423836782806
2025-08-14,105,108,17:20-18:00,94.29821619009999
2025-08-14,114,115,18:50-19:10,45.87568413513043
2025-08-14,123,127,20:20-21:10,106.9164495591524
2025-08-14,137,137,22:40-22:50,28.55857100934338
2025-08-14,139,139,23:00-23:10,3.3952086919332487
2025-08-14,143,143,23:40-23:50,7.771993064876938
2025-08-15,4,5,00:30-00:50,26.645184912488503
2025-08-15,10,10,01:30-01:40,1.8689460718514965
2025-08-15,15,16,02:20-02:40,36.171778437952185
2025-08-15,25,25,04:00-04:10,37.30438285958678
2025-08-15,29,29,04:40-04:50,8.225143876073687
2025-08-15,33,34,05:20-05:40,30.499955094655334
2025-08-15,40,41,06:30-06:50,42.05341552835898
2025-08-15,43,44,07:00-07:20,61.949264633504356
2025-08-15,98,101,16:10-16:50,74.43196997913174
2025-08-15,120,120,19:50-20:00,22.382054875641415
2025-08-15,124,125,20:30-20:50,35.79811505461248
2025-08-15,130,130,21:30-21:40,11.409109442031877
2025-08-15,139,141,23:00-23:30,64.09184243979462
2025-08-15,144,144,23:50-24:00,11.932672062113397
2025-08-16,1,1,00:00-00:10,16.365156171864555
2025-08-16,7,8,01:00-01:20,33.17758537307532
2025-08-16,11,11,01:40-01:50,29.08549323595207
2025-08-16,19,19,03:00-03:10,5.967931398868245
2025-08-16,23,23,03:40-03:50,19.61731001071564
2025-08-16,29,30,04:40-05:00,38.43905593311149
2025-08-16,36,36,05:50-06:00,10.94233259075446
2025-08-16,43,44,07:00-07:20,40.0717880754986
2025-08-16,97,97,16:00-16:10,29.84188333333327
2025-08-16,100,101,16:30-16:50,27.990475759028186
2025-08-16,109,109,18:00-18:10,0.2856795189217678
2025-08-16,112,113,18:30-18:50,32.44499969074866
2025-08-16,117,117,19:20-19:30,1.187352941176755
2025-08-16,122,123,20:10-20:30,70.63031273193815
2025-08-17,3,3,00:20-00:30,13.610734965126994
2025-08-17,14,15,02:10-02:30,80.321221937097
2025-08-17,19,20,03:00-03:20,38.18313964149422
2025-08-17,37,38,06:00-06:20,6.565421306374901
2025-08-17,41,41,06:40-06:50,0.8274623033103694
2025-08-17,43,45,07:00-07:30,221.15792883838083
2025-08-17,51,51,08:20-08:30,27.841384510180205
2025-08-17,97,98,16:00-16:20,51.78758450547991
2025-08-17,100,100,16:30-16:40,4.907822830071609
2025-08-17,110,112,18:10-18:40,51.56693019288316
2025-08-17,116,118,19:10-19:40,61.27071654541044
2025-08-17,123,123,20:20-20:30,10.074613764969058
2025-08-17,143,143,23:40-23:50,3.686858369522497
2025-08-18,1,1,00:00-00:10,30.170859468351182
2025-08-18,9,11,01:20-01:50,90.78387104224271
2025-08-18,13,14,02:00-02:20,67.91373459007741
2025-08-18,18,18,02:50-03:00,4.69003684695349
2025-08-18,24,24,03:50-04:00,25.25287537833924
2025-08-18,28,29,04:30-04:50,18.40092096140496
2025-08-18,36,38,05:50-06:20,70.90913752091399
2025-08-18,45,45,07:20-07:30,17.187122600718112
2025-08-18,50,52,08:10-08:40,144.90654159381938
2025-08-18,55,55,09:00-09:10,19.173574023837773
2025-08-18,87,87,14:20-14:30,8.03125
2025-08-18,99,99,16:20-16:30,2.5321629725714274
2025-08-18,101,102,16:40-17:00,11.925781356569644
2025-08-18,105,106,17:20-17:40,108.10273408249219
2025-08-18,115,116,19:00-19:20,52.0944346699755
2025-08-18,120,120,19:50-20:00,21.52373799184113
2025-08-18,123,124,20:20-20:40,67.51040249374933
2025-08-18,131,131,21:40-21:50,5.302961909461487
2025-08-18,138,139,22:50-23:10,19.220610876430783
2025-08-19,5,5,00:40-00:50,6.954880253980946
2025-08-19,11,13,01:40-02:10,89.66572877352257
2025-08-19,15,18,02:20-03:00,66.17533230688218
2025-08-19,27,29,04:20-04:50,35.6887384796872
2025-08-19,51,52,08:20-08:40,58.17383861128417
2025-08-19,66,66,10:50-11:00,39.48979597879429
2025-08-19,68,71,11:10-11:50,190.4127415421192
2025-08-19,85,85,14:00-14:10,44.7712026215861
2025-08-19,89,91,14:40-15:10,109.52147875942364
2025-08-19,95,96,15:40-16:00,43.6061704679189
2025-08-19,110,111,18:10-18:30,37.09492400315838
2025-08-19,117,118,19:20-19:40,83.40504845374358
2025-08-19,120,121,19:50-20:10,29.705191742334705
2025-08-19,129,130,21:20-21:40,103.68228632714863
2025-08-20,2,3,00:10-00:30,34.7885539807869
2025-08-20,12,14,01:50-02:20,73.95479194630866
2025-08-20,18,19,02:50-03:10,13.76637722068699
2025-08-20,28,28,04:30-04:40,3.651102832139503
2025-08-20,33,34,05:20-05:40,26.464861104844687
2025-08-20,38,38,06:10-06:20,15.674752790780644
2025-08-20,42,58,06:50-09:40,1433.8270887363014
2025-08-20,66,76,10:50-12:40,1255.4958159635667
2025-08-20,81,82,13:20-13:40,63.9272076542029
2025-08-20,85,86,14:00-14:20,33.97841432049313
2025-08-20,88,90,14:30-15:00,201.26006043934387
2025-08-20,93,93,15:20-15:30,17.26607114657986
2025-08-20,99,100,16:20-16:40,16.439973419435432
2025-08-20,103,105,17:00-17:30,37.10269102513416
2025-08-20,108,108,17:50-18:00,56.14990635515953
2025-08-20,118,121,19:30-20:10,92.65082604102054
2025-08-20,126,126,20:50-21:00,26.64757797078562
2025-08-20,139,141,23:00-23:30,43.236483859718305
2025-08-21,2,2,00:10-00:20,11.959645295433802
2025-08-21,17,19,02:40-03:10,84.80475293459642
2025-08-21,24,24,03:50-04:00,4.75428806421894
2025-08-21,30,30,04:50-05:00,33.26549940781683
2025-08-21,66,66,10:50-11:00,15.9364917141354
2025-08-21,69,71,11:20-11:50,193.0752563072208
2025-08-21,74,76,12:10-12:40,219.08841231083034
2025-08-21,80,83,13:10-13:50,183.61069141146572
2025-08-21,85,86,14:00-14:20,82.7527338474988
2025-08-21,89,89,14:40-14:50,12.73010277104163
2025-08-21,92,93,15:10-15:30,109.98071277611768
2025-08-21,109,110,18:00-18:20,154.24198565506723
2025-08-21,113,113,18:40-18:50,3.370877756471791
2025-08-21,119,119,19:40-19:50,4.777773454213843
2025-08-21,123,123,20:20-20:30,10.310810632978018
2025-08-21,140,140,23:10-23:20,1.792816870640877
2025-08-22,10,11,01:30-01:50,78.27915181602862
2025-08-22,16,19,02:30-03:10,74.11666567969473
2025-08-22,23,25,03:40-04:10,140.47791968398116
2025-08-22,27,28,04:20-04:40,2.7371064820558173
2025-08-22,33,34,05:20-05:40,35.43905619630392
2025-08-22,92,94,15:10-15:40,33.99733896189332
2025-08-22,97,101,16:00-16:50,164.17762034478244
2025-08-22,103,104,17:00-17:20,32.4761107166355
2025-08-22,109,110,18:00-18:20,77.13789336942845
2025-08-22,113,115,18:40-19:10,77.08280568119847
2025-08-22,120,120,19:50-20:00,11.442409527569453
2025-08-22,123,124,20:20-20:40,76.1811829056453
2025-08-22,127,128,21:00-21:20,17.173811488353408
2025-08-22,133,136,22:00-22:40,90.49840891564656
2025-08-23,2,3,00:10-00:30,12.764623397815512
2025-08-23,11,11,01:40-01:50,4.366820522437365
2025-08-23,19,20,03:00-03:20,58.26867688511652
2025-08-23,22,23,03:30-03:50,28.173213439738287
2025-08-23,25,26,04:00-04:20,52.83154244167458
2025-08-23,30,31,04:50-05:10,40.24842592822351
2025-08-23,34,34,05:30-05:40,17.816270461339045
2025-08-23,81,81,13:20-13:30,13.801206150245662
2025-08-23,95,97,15:40-16:10,20.030378510330593
2025-08-23,99,99,16:20-16:30,7.907053935668159
2025-08-23,109,109,18:00-18:10,3.3103756866503886
2025-08-23,118,118,19:30-19:40,3.8731668443215312
2025-08-23,129,131,21:20-21:50,124.44826652849065
2025-08-23,137,138,22:40-23:00,6.359908376102453
2025-08-23,142,143,23:30-23:50,24.078059685484845
2025-08-24,2,2,00:10-00:20,10.147550927753628
2025-08-24,7,7,01:00-01:10,4.869301434398949
2025-08-24,13,14,02:00-02:20,41.88395025003308
2025-08-24,20,23,03:10-03:50,32.36859385257436
2025-08-24,33,33,05:20-05:30,2.6711271219896844
2025-08-24,37,38,06:00-06:20,34.032889614235046
2025-08-24,90,94,14:50-15:40,149.6063424924323
2025-08-24,97,99,16:00-16:30,46.57485114206747
2025-08-24,108,110,17:50-18:20,97.45324479818731
2025-08-24,113,113,18:40-18:50,6.141818830485235
2025-08-24,129,129,21:20-21:30,33.79056849585504
2025-08-24,139,140,23:00-23:20,89.30196175812591
2025-08-25,7,7,01:00-01:10,0.5614665482301007
2025-08-25,24,26,03:50-04:20,88.19028394901544
2025-08-25,33,33,05:20-05:30,3.336023160941977
2025-08-25,38,41,06:10-06:50,101.19352511890702
2025-08-25,44,44,07:10-07:20,8.295613607053497
2025-08-25,71,73,11:40-12:10,141.66899496738301
2025-08-25,76,81,12:30-13:30,386.0977928703028
2025-08-25,89,103,14:40-17:10,667.1138273062238
2025-08-25,109,109,18:00-18:10,0.6005276812736327
2025-08-25,118,118,19:30-19:40,1.740678852480528
2025-08-25,132,132,21:50-22:00,3.1918383997895035
2025-08-25,139,140,23:00-23:20,41.311082925384994
2025-08-26,7,8,01:00-01:20,47.48027091722588
2025-08-26,17,18,02:40-03:00,8.434169811817469
2025-08-26,22,22,03:30-03:40,2.220095666723132
2025-08-26,25,27,04:00-04:30,61.29918247043779
2025-08-26,37,37,06:00-06:10,2.9641949551632933
2025-08-26,79,79,13:00-13:10,9.00503421126814
2025-08-26,97,98,16:00-16:20,97.6077151645892
2025-08-26,101,104,16:40-17:20,193.94208775308778
2025-08-26,128,129,21:10-21:30,7.407094670351626
2025-08-27,8,8,01:10-01:20,24.89508072772719
2025-08-27,14,14,02:10-02:20,2.8800220357943545
2025-08-27,26,26,04:10-04:20,6.102178984076886
2025-08-27,32,32,05:10-05:20,14.845755579681395
2025-08-27,37,37,06:00-06:10,9.125310713815793
2025-08-27,48,48,07:50-08:00,33.85578626417009
2025-08-27,54,54,08:50-09:00,50.05153584870101
2025-08-27,87,87,14:20-14:30,26.703843879833812
2025-08-27,100,101,16:30-16:50,32.05327767751368
2025-08-27,104,104,17:10-17:20,14.32329013498017
2025-08-27,111,111,18:20-18:30,4.151932491117009
2025-08-27,114,114,18:50-19:00,13.985544808527266
2025-08-27,131,131,21:40-21:50,5.0866157718121485
2025-08-28,7,8,01:00-01:20,55.062943689958956
2025-08-28,20,20,03:10-03:20,14.85868610343482
2025-08-28,27,28,04:20-04:40,18.642902790780745
2025-08-28,36,37,05:50-06:10,24.341739226965842
2025-08-28,47,47,07:40-07:50,18.855723768165035
2025-08-28,55,68,09:00-11:20,1546.2440958208808
2025-08-28,71,74,11:40-12:20,190.34289387889294
2025-08-28,76,76,12:30-12:40,0.6763589523059181
2025-08-28,103,104,17:00-17:20,136.07288250521722
2025-08-28,111,111,18:20-18:30,9.662585208580026
2025-08-28,114,114,18:50-19:00,37.024887485195336
2025-08-28,120,121,19:50-20:10,24.591315001973726
2025-08-28,129,131,21:20-21:50,64.0705344255822
2025-08-28,138,138,22:50-23:00,64.83841887090398
2025-08-28,141,141,23:20-23:30,11.995264508488049
2025-08-29,32,32,05:10-05:20,0.016946321884461213
2025-08-29,37,38,06:00-06:20,36.69274986558372
2025-08-29,42,42,06:50-07:00,21.930459200458927
2025-08-29,45,46,07:20-07:40,59.384390742202925
2025-08-29,102,102,16:50-17:00,15.596123291598587
2025-08-29,121,122,20:00-20:20,78.61587844547171
2025-08-29,125,125,20:40-20:50,6.407149947361404
2025-08-29,132,133,21:50-22:10,21.003375779707767
2025-08-29,137,137,22:40-22:50,8.496591426503642
2025-08-29,141,142,23:20-23:40,17.292147572049203
2025-08-30,5,6,00:40-01:00,65.51281283721539
2025-08-30,9,10,01:20-01:40,42.8480249111725
2025-08-30,12,12,01:50-02:00,1.740709961837183
2025-08-30,25,28,04:00-04:40,42.84922371270625
2025-08-30,32,33,05:10-05:30,38.019784728253626
2025-08-30,106,107,17:30-17:50,31.888856376778705
2025-08-30,121,121,20:00-20:10,8.280957685221665
2025-08-30,125,125,20:40-20:50,32.23338064218967
2025-08-30,131,131,21:40-21:50,20.308457020660512
2025-08-30,136,137,22:30-22:50,42.20508514278174
2025-08-30,141,142,23:20-23:40,92.45280105277038
2025-08-31,11,12,01:40-02:00,14.667304934859999
2025-08-31,27,27,04:20-04:30,19.21091064613745
2025-08-31,35,36,05:40-06:00,10.635062862594776
2025-08-31,39,39,06:20-06:30,1.8207505921833445
2025-08-31,46,47,07:30-07:50,54.89623123907313
2025-08-31,59,59,09:40-09:50,10.595194910983992
2025-08-31,77,78,12:40-13:00,55.6425470212248
2025-08-31,121,122,20:00-20:20,28.683959538848683
2025-08-31,125,125,20:40-20:50,11.843124700618318
2025-08-31,138,138,22:50-23:00,1.4722956968023482
2025-09-06,46,46,07:30-07:40,2.593849999999975
2025-09-07,32,32,05:10-05:20,3.9338801891224517
2025-09-07,48,50,07:50-08:20,98.70832403699774
2025-09-07,75,77,12:20-12:50,66.38269881939277
2025-09-07,79,80,13:00-13:20,47.501289052131824
2025-09-08,28,29,04:30-04:50,23.694490937717354
2025-09-08,31,32,05:00-05:20,17.503766069783712
2025-09-08,35,35,05:40-05:50,1.668644244543417
2025-09-08,60,60,09:50-10:00,13.944186829094178
2025-09-08,75,75,12:20-12:30,11.869216884740581
2025-09-08,80,80,13:10-13:20,40.25929802135647
2025-09-08,83,93,13:40-15:30,824.2448689094425
2025-09-08,144,144,23:50-24:00,6.85408737991861
2025-09-10,22,22,03:30-03:40,4.989166225819304
2025-09-10,38,45,06:10-07:30,190.658288809618
2025-09-10,47,53,07:40-08:50,227.57967608425975
2025-09-10,58,58,09:30-09:40,0.28963758577265253
2025-09-10,61,63,10:00-10:30,117.36967195871648
2025-09-10,66,66,10:50-11:00,31.43179191810964
2025-09-10,76,88,12:30-14:40,1202.7974937642157
2025-09-11,12,12,01:50-02:00,12.510834320305321
2025-09-11,34,34,05:30-05:40,10.958834669035468
2025-09-11,50,52,08:10-08:40,111.97816475288141
2025-09-12,16,16,02:30-02:40,0.5004590538230218
2025-09-12,30,31,04:50-05:10,27.777090505329795
2025-09-12,41,41,06:40-06:50,8.059789693192812
2025-09-12,45,46,07:20-07:40,76.84476327994258
2025-09-12,108,108,17:50-18:00,3.19587574962868
2025-09-12,127,128,21:00-21:20,18.139079102513506
2025-09-13,26,26,04:10-04:20,13.18534787096036
2025-09-13,30,30,04:50-05:00,1.4503717594420777
2025-09-13,40,41,06:30-06:50,32.10878329291424
2025-09-13,97,97,16:00-16:10,27.470154257139143
2025-09-13,101,104,16:40-17:20,124.41746708025494
2025-09-13,126,126,20:50-21:00,6.575043426766797
2025-09-14,18,19,02:50-03:10,12.618580030266912
2025-09-14,21,21,03:20-03:30,8.899305829714535
2025-09-14,25,26,04:00-04:20,23.421208769950773
2025-09-14,29,29,04:40-04:50,30.456137181584012
2025-09-14,33,33,05:20-05:30,12.969607185155837
2025-09-14,53,56,08:40-09:20,176.6830471631614
2025-09-14,59,63,09:40-10:30,124.61006933901149
2025-09-14,66,66,10:50-11:00,46.40093839884935
2025-09-14,68,79,11:10-13:10,626.6805695213652
2025-09-14,103,104,17:00-17:20,65.04601170360772
2025-09-14,111,111,18:20-18:30,22.953670877747072
2025-09-14,126,126,20:50-21:00,32.13816094222943
2025-09-14,132,133,21:50-22:10,16.28404132122637
2025-09-14,135,135,22:20-22:30,3.505362547703726
2025-09-15,1,1,00:00-00:10,22.123522437162592
2025-09-15,4,5,00:30-00:50,100.09999646664028
2025-09-15,10,14,01:30-02:20,91.10136368601127
2025-09-15,16,17,02:30-02:50,35.72838143176739
2025-09-15,21,23,03:20-03:50,58.102077207527145
2025-09-15,29,29,04:40-04:50,1.6836135562949557
2025-09-15,34,36,05:30-06:00,48.27358405711294
2025-09-15,39,41,06:20-06:50,60.105183340853614
2025-09-15,43,45,07:00-07:30,48.31102086176773
2025-09-15,47,48,07:40-08:00,12.747317380106892
2025-09-15,54,54,08:50-09:00,20.579221772601727
2025-09-15,91,91,15:00-15:10,8.612532409339792
2025-09-15,104,105,17:10-17:30,7.042231470306348
2025-09-15,107,109,17:40-18:10,85.53734093113773
2025-09-15,112,121,18:30-20:10,355.94388898351286
2025-09-15,124,126,20:30-21:00,71.9451943611
2025-09-15,134,137,22:10-22:50,115.3419919397287
2025-09-15,140,142,23:10-23:40,121.8470876825894
2025-09-16,1,8,00:00-01:20,299.308245881037
2025-09-16,10,13,01:30-02:10,117.88032751019841
2025-09-16,15,20,02:20-03:20,250.14434742729293
2025-09-16,22,29,03:30-04:50,200.04789421070438
2025-09-16,33,34,05:20-05:40,13.272709073562282
2025-09-16,42,42,06:50-07:00,5.456027390822044
2025-09-16,64,76,10:30-12:40,1281.0643179882684
2025-09-16,88,88,14:30-14:40,12.52824455473467
2025-09-16,91,93,15:00-15:30,80.18678087060346
2025-09-16,103,109,17:00-18:10,131.4596732944191
2025-09-16,112,113,18:30-18:50,109.17988509672298
2025-09-16,115,117,19:00-19:30,173.44841769969742
2025-09-16,119,120,19:40-20:00,52.49952843795222
2025-09-16,123,128,20:20-21:20,243.53074522305553
2025-09-16,130,136,21:30-22:40,228.0465089946049
2025-09-16,138,144,22:50-24:00,390.111009224898
2025-09-17,1,3,00:00-00:30,75.03533890643462
2025-09-17,6,11,00:50-01:50,104.8258863666274
2025-09-17,13,14,02:00-02:20,35.264223832083076
2025-09-17,16,18,02:30-03:00,114.25020151335696
2025-09-17,20,24,03:10-04:00,117.74689511119857
2025-09-17,27,30,04:20-05:00,67.1525603058671
2025-09-17,33,36,05:20-06:00,58.411989648073856
2025-09-17,54,54,08:50-09:00,12.613071715263345
2025-09-17,56,71,09:10-11:50,1000.4106088000301
2025-09-17,96,97,15:50-16:10,33.87513392645701
2025-09-17,99,100,16:20-16:40,18.32188535145599
2025-09-17,105,107,17:20-17:50,94.59443451581943
2025-09-17,109,110,18:00-18:20,40.284458797210185
2025-09-17,112,122,18:30-20:20,340.61609751941063
2025-09-17,124,125,20:30-20:50,46.687884899328765
2025-09-17,127,132,21:00-22:00,205.87280021713366
2025-09-17,135,138,22:20-23:00,217.3837159428872
2025-09-17,140,144,23:10-24:00,262.5301703645215
2025-09-18,1,1,00:00-00:10,16.81812164100552
2025-09-18,3,11,00:20-01:50,225.35921241610765
2025-09-18,13,14,02:00-02:20,50.0260308132647
2025-09-18,16,18,02:30-03:00,54.38726014607198
2025-09-18,20,25,03:10-04:10,99.94333026056046
2025-09-18,28,30,04:30-05:00,25.535597031564393
2025-09-18,32,33,05:10-05:30,47.384015133570074
2025-09-18,36,37,05:50-06:10,20.278454610569156
2025-09-18,54,54,08:50-09:00,15.289719441467696
2025-09-18,57,57,09:20-09:30,94.92583333333312
2025-09-18,59,60,09:40-10:00,45.63746024758848
2025-09-18,65,66,10:40-11:00,32.386529642058576
2025-09-18,73,73,12:00-12:10,12.149354246799021
2025-09-18,77,79,12:40-13:10,51.263663758388475
2025-09-18,99,99,16:20-16:30,2.5589551726732793
2025-09-18,102,102,16:50-17:00,21.48095059500332
2025-09-18,105,106,17:20-17:40,33.23682743124107
2025-09-18,109,111,18:00-18:30,70.03464974996695
2025-09-18,114,119,18:50-19:50,288.9902253238208
2025-09-18,121,131,20:00-21:50,402.5817813264905
2025-09-18,133,136,22:00-22:40,98.75170486906154
2025-09-18,139,139,23:00-23:10,17.1933816620608
2025-09-18,142,143,23:30-23:50,137.80737095670486
2025-09-19,2,3,00:10-00:30,42.37037788524799
2025-09-19,6,12,00:50-02:00,331.7028688380049
2025-09-19,15,22,02:20-03:40,140.98847108172134
2025-09-19,27,30,04:20-05:00,102.18711119132203
2025-09-19,33,34,05:20-05:40,11.140839153648246
2025-09-19,47,47,07:40-07:50,9.3661230030267
2025-09-19,73,73,12:00-12:10,39.73459067452495
2025-09-19,96,99,15:50-16:30,215.09118113473573
2025-09-19,102,103,16:50-17:10,79.28355941759256
2025-09-19,106,107,17:30-17:50,53.26340514917394
2025-09-19,109,110,18:00-18:20,76.34339521835557
2025-09-19,112,116,18:30-19:20,104.65167884495992
2025-09-19,119,119,19:40-19:50,16.31739228845902
2025-09-19,121,121,20:00-20:10,28.52301581129086
2025-09-19,126,126,20:50-21:00,1.5434807211473753
2025-09-19,129,129,21:20-21:30,64.25724240031593
2025-09-19,135,138,22:20-23:00,127.14694515725745
2025-09-19,142,143,23:30-23:50,5.3401918739308485
2025-09-20,1,2,00:00-00:20,25.698898164232332
2025-09-20,5,17,00:40-02:50,197.43405913278036
2025-09-20,19,25,03:00-04:10,192.32639909292612
2025-09-20,30,30,04:50-05:00,14.461143571522655
2025-09-20,42,43,06:50-07:10,40.91714027785622
2025-09-20,46,47,07:30-07:50,12.284726879476636
2025-09-20,94,95,15:30-15:50,86.55237360648948
2025-09-20,99,101,16:20-16:50,73.08309117083087
2025-09-20,103,104,17:00-17:20,38.76417948696246
2025-09-20,107,109,17:40-18:10,59.14816813114535
2025-09-20,113,116,18:40-19:20,147.82419575320017
2025-09-20,119,120,19:40-20:00,68.70216018555072
2025-09-20,123,126,20:20-21:00,116.3353135083562
2025-09-20,132,135,21:50-22:30,86.7678808132647
2025-09-20,143,143,23:40-23:50,23.770803664956077
2025-09-21,4,5,00:30-00:50,28.022676398210706
2025-09-21,9,10,01:20-01:40,32.8241045992894
2025-09-21,14,20,02:10-03:20,198.0251137386498
2025-09-21,24,24,03:50-04:00,13.490594815107443
2025-09-21,27,29,04:20-04:50,44.773637505874774
2025-09-21,34,35,05:30-05:50,36.60610207358127
2025-09-21,37,38,06:00-06:20,8.495543335589787
2025-09-21,67,72,11:00-12:00,288.365471014984
2025-09-21,101,105,16:40-17:30,141.9241325465756
2025-09-21,109,109,18:00-18:10,29.950455513883185
2025-09-21,112,114,18:30-19:00,95.19801626435773
2025-09-21,117,119,19:20-19:50,53.968000618502515
2025-09-21,124,125,20:30-20:50,33.99444703250447
2025-09-21,127,128,21:00-21:20,36.04018228714335
2025-09-21,130,133,21:30-22:10,54.76346008685323
2025-09-21,137,138,22:40-23:00,49.54984511119869
2025-09-22,1,5,00:00-00:50,233.0591566324515
2025-09-22,8,23,01:10-03:50,464.89656141597504
2025-09-22,25,26,04:00-04:20,29.80870683078595
2025-09-22,31,33,05:00-05:30,36.41695838174219
2025-09-22,38,38,06:10-06:20,6.120127952926055
2025-09-22,42,42,06:50-07:00,4.891649794145792
2025-09-22,74,75,12:10-12:30,54.9993066080126
2025-09-22,93,108,15:20-18:00,635.9666855206494
2025-09-22,110,111,18:10-18:30,56.31802348993301
2025-09-22,114,114,18:50-19:00,30.120838268193438
2025-09-22,117,122,19:20-20:20,283.7428637292495
2025-09-22,124,125,20:30-20:50,35.53328359652596
2025-09-22,127,132,21:00-22:00,322.63317546387725
2025-09-22,137,142,22:40-23:40,244.9523731872614
2025-09-23,4,8,00:30-01:20,138.0582581260694
2025-09-23,11,11,01:40-01:50,12.078462212133104
2025-09-23,13,15,02:00-02:30,116.58760148045803
2025-09-23,20,20,03:10-03:20,8.585549815765262
2025-09-23,23,24,03:40-04:00,25.399185603368664
2025-09-23,27,27,04:20-04:30,3.61433083300426
2025-09-23,30,32,04:50-05:20,68.2218303507982
2025-09-23,35,35,05:40-05:50,12.966767693117504
2025-09-23,37,39,06:00-06:30,28.675946081251368
2025-09-23,42,42,06:50-07:00,19.346891790273276
2025-09-23,58,59,09:30-09:50,19.45601644295357
2025-09-23,61,61,10:00-10:10,5.596948242249709
2025-09-23,66,66,10:50-11:00,13.716241117252821
2025-09-23,87,92,14:20-15:20,393.19620470832615
2025-09-23,96,101,15:50-16:50,316.23313838192917
2025-09-23,103,107,17:00-17:50,112.13004785968083
2025-09-23,110,113,18:10-18:50,168.9353211879386
2025-09-23,116,117,19:10-19:30,69.03892518282487
2025-09-23,120,132,19:50-22:00,533.6459417423348
2025-09-23,135,135,22:20-22:30,53.82699763126698
2025-09-23,140,142,23:10-23:40,55.96473769574925
2025-09-24,2,3,00:10-00:30,37.827406823266074
2025-09-24,8,11,01:10-01:50,74.9744804250555
2025-09-24,13,23,02:00-03:50,308.1972815370443
2025-09-24,25,33,04:00-05:30,150.9405773917622
2025-09-24,38,38,06:10-06:20,20.985960002255865
2025-09-24,40,42,06:30-07:00,59.4940911830501
2025-09-24,48,48,07:50-08:00,5.892094660011821
2025-09-24,74,76,12:10-12:40,106.61310140620049
2025-09-24,102,104,16:50-17:20,52.5776208815071
2025-09-24,106,108,17:30-18:00,22.869102536048036
2025-09-24,110,112,18:10-18:40,148.98883665895883
2025-09-24,115,115,19:00-19:10,31.201689485458587
2025-09-24,118,121,19:30-20:10,153.7280348523302
2025-09-24,123,124,20:20-20:40,38.78395186208684
2025-09-24,128,129,21:10-21:30,31.790267114094263
2025-09-24,133,133,22:00-22:10,4.1900126858798785
2025-09-24,139,140,23:00-23:20,50.89742992499009
2025-09-24,142,144,23:30-24:00,63.968033570206444
2025-09-25,2,9,00:10-01:30,328.5270265166471
2025-09-25,13,15,02:00-02:30,96.53311889064355
2025-09-25,18,20,02:50-03:20,70.34709230161843
2025-09-25,28,31,04:30-05:10,87.83562047731846
2025-09-25,95,96,15:40-16:00,78.40492677137934
2025-09-25,99,100,16:20-16:40,106.83374061436689
2025-09-25,104,104,17:10-17:20,14.489263125786863
2025-09-25,107,108,17:40-18:00,77.72028360122582
2025-09-25,112,115,18:30-19:10,226.13386064801716
2025-09-25,122,123,20:10-20:30,19.481882872746382
2025-09-25,126,129,20:50-21:30,208.29693106987736
2025-09-25,132,132,21:50-22:00,21.963124095275703
2025-09-25,136,144,22:30-24:00,292.9024730885644
2025-09-26,2,3,00:10-00:30,28.861119140676237
2025-09-26,9,9,01:20-01:30,13.703226740360549
2025-09-26,12,18,01:50-03:00,89.58423218186573
2025-09-26,21,21,03:20-03:30,5.5228681405448015
2025-09-26,25,26,04:00-04:20,9.743166857481206
2025-09-26,29,32,04:40-05:20,42.703226680202434
2025-09-26,34,34,05:30-05:40,13.512269390709154
2025-09-26,101,101,16:40-16:50,5.061767436504738
2025-09-26,105,105,17:20-17:30,5.5950552469308406
2025-09-26,116,117,19:10-19:30,57.82807707593088
2025-09-26,119,120,19:40-20:00,41.188140093621314
2025-09-26,131,133,21:40-22:10,56.69793011580481
2025-09-26,138,138,22:50-23:00,9.795026319252656
2025-09-26,142,144,23:30-24:00,80.54760461244877
2025-09-27,3,4,00:20-00:40,59.96543412949063
2025-09-27,7,8,01:00-01:20,104.78243208974891
2025-09-27,14,15,02:10-02:30,29.826149078826347
2025-09-27,18,20,02:50-03:20,35.8194225095408
2025-09-27,23,24,03:40-04:00,27.709170575075746
2025-09-27,27,28,04:20-04:40,53.5789972750173
2025-09-27,32,32,05:10-05:20,9.183662468745808
2025-09-27,34,35,05:30-05:50,45.14130394130808
2025-09-27,37,38,06:00-06:20,15.687168464835338
2025-09-27,40,42,06:30-07:00,51.543583937736514
2025-09-27,76,77,12:30-12:50,25.65914729757651
2025-09-27,80,92,13:10-15:20,518.1647742954891
2025-09-27,95,101,15:40-16:50,264.56684387231485
2025-09-27,106,107,17:30-17:50,58.765181125336106
2025-09-27,110,114,18:10-19:00,126.68852335927664
2025-09-27,116,118,19:10-19:40,115.22488520106026
2025-09-27,127,128,21:00-21:20,73.5025200092116
2025-09-27,130,130,21:30-21:40,3.3043309843400266
2025-09-27,136,137,22:30-22:50,10.248323707066731
2025-09-27,139,143,23:00-23:50,191.17192768785372
2025-09-28,1,3,00:00-00:30,42.378128911699605
2025-09-28,6,6,00:50-01:00,13.760494801947516
2025-09-28,12,17,01:50-02:50,100.76874482826668
2025-09-28,21,22,03:20-03:40,9.674142729306482
2025-09-28,24,24,03:50-04:00,6.991868666929804
2025-09-28,30,30,04:50-05:00,10.078401105408716
2025-09-28,39,39,06:20-06:30,2.2078980316958905
2025-09-28,43,44,07:00-07:20,22.966075592653397
2025-09-28,52,53,08:30-08:50,44.56256248096565
2025-09-28,58,58,09:30-09:40,15.257464408850865
2025-09-28,63,63,10:20-10:30,62.282664800819475
2025-09-28,77,83,12:40-13:50,127.97055269490352
2025-09-28,85,87,14:00-14:30,89.96875818904732
2025-09-28,105,107,17:20-17:50,146.8811585086383
2025-09-28,116,118,19:10-19:40,106.88834298309962
2025-09-28,132,135,21:50-22:30,87.4226299907881
2025-09-28,139,140,23:00-23:20,60.87731157389146
2025-09-28,142,144,23:30-24:00,108.21193043163578
2025-09-29,3,4,00:20-00:40,83.91058013554425
2025-09-29,6,6,00:50-01:00,3.0783287274639406
2025-09-29,8,9,01:10-01:30,39.521858922226556
2025-09-29,14,20,02:10-03:20,164.78491428477412
2025-09-29,24,26,03:50-04:20,52.682438172315756
2025-09-29,36,38,05:50-06:20,74.5967481473125
2025-09-29,58,58,09:30-09:40,10.08616470400193
2025-09-29,80,82,13:10-13:40,61.25069221420108
2025-09-29,87,87,14:20-14:30,4.5244283317354075
2025-09-29,93,93,15:20-15:30,5.387941411463885
2025-09-29,96,97,15:50-16:10,28.4859102786088
2025-09-29,102,104,16:50-17:20,30.661961557911724
2025-09-29,109,114,18:00-19:00,186.0498922621398
2025-09-29,116,118,19:10-19:40,112.71444038407321
2025-09-29,121,125,20:00-20:50,176.13951960784323
2025-09-29,130,131,21:30-21:50,26.419370482958243
2025-09-29,134,138,22:10-23:00,114.87083756415302
2025-09-29,142,144,23:30-24:00,129.74246716673235
2025-09-30,1,3,00:00-00:30,62.973416673246675
2025-09-30,5,9,00:40-01:30,111.77855075667844
2025-09-30,15,15,02:20-02:30,26.147267403605724
2025-09-30,18,19,02:50-03:10,16.54191079747318
2025-09-30,21,23,03:20-03:50,72.89786617976074
2025-09-30,25,25,04:00-04:10,0.13044383753504007
2025-09-30,28,30,04:30-05:00,66.41652631831236
2025-09-30,41,43,06:40-07:10,66.9985907046037
2025-09-30,47,47,07:40-07:50,18.55583580264306
2025-09-30,55,56,09:00-09:20,53.44504456225434
2025-09-30,64,64,10:30-10:40,0.8802231571826269
2025-09-30,81,95,13:20-15:50,669.366681705301
2025-09-30,101,101,16:40-16:50,2.7984185832725643
2025-09-30,107,109,17:40-18:10,36.10273486078984
2025-09-30,111,111,18:20-18:30,2.5053000394786977
2025-09-30,114,114,18:50-19:00,27.500220423740075
2025-09-30,121,122,20:00-20:20,126.77669046585095
2025-09-30,124,125,20:30-20:50,119.79734727595746
2025-09-30,133,134,22:00-22:20,43.69321343597858
2025-09-30,137,143,22:40-23:50,103.29010257270704
2025-10-01,11,12,01:40-02:00,25.554085182260565
2025-10-01,15,15,02:20-02:30,11.114068298460438
2025-10-01,17,18,02:40-03:00,8.422744058428634
2025-10-01,24,27,03:50-04:30,85.62640475062506
2025-10-01,31,31,05:00-05:10,9.333873214520674
2025-10-01,134,135,22:10-22:30,4.633602789840552
2025-10-02,1,1,00:00-00:10,19.05220219107764
2025-10-02,6,6,00:50-01:00,7.253468219502793
2025-10-02,9,16,01:20-02:40,130.69812071983165
2025-10-02,22,24,03:30-04:00,30.57402880642212
2025-10-02,27,28,04:20-04:40,18.333518374598157
2025-10-02,35,36,05:40-06:00,58.10187716804843
2025-10-02,133,133,22:00-22:10,6.457544341360631
2025-10-03,5,5,00:40-00:50,10.757341044874238
2025-10-03,9,10,01:20-01:40,37.17514006448221
2025-10-03,16,17,02:30-02:50,19.051531497565577
2025-10-03,23,24,03:40-04:00,19.733881655480957
2025-10-03,27,27,04:20-04:30,17.26991577839192
2025-10-03,35,36,05:40-06:00,20.269503842610845
2025-10-04,10,10,01:30-01:40,7.459471285695372
2025-10-04,16,17,02:30-02:50,29.123956007369372
2025-10-04,26,28,04:10-04:40,21.622917521102373
2025-10-04,30,30,04:50-05:00,12.129470983023964
2025-10-04,32,32,05:10-05:20,5.32872413757446
2025-10-04,36,37,05:50-06:10,84.11354249243317
2025-10-04,44,45,07:10-07:30,39.24801450472796
2025-10-05,2,3,00:10-00:30,20.258138584023982
2025-10-05,6,9,00:50-01:30,101.92518659034158
2025-10-05,16,18,02:30-03:00,87.11487352283211
2025-10-05,21,21,03:20-03:30,5.288447164100603
2025-10-05,25,25,04:00-04:10,1.0212584945387562
2025-10-05,29,30,04:40-05:00,20.49339291260118
2025-10-05,37,37,06:00-06:10,6.025889643373944
2025-10-05,136,136,22:30-22:40,2.5409186142913995
2025-10-06,3,3,00:20-00:30,2.8893288590604698
2025-10-06,6,6,00:50-01:00,1.3788978813001904
2025-10-06,12,12,01:50-02:00,5.647008158968447
2025-10-06,15,17,02:20-02:50,20.27945752730625
2025-10-06,31,32,05:00-05:20,18.701491492301574
2025-10-06,39,39,06:20-06:30,7.545957433308786
2025-10-06,69,74,11:20-12:20,292.51117031564354
2025-10-06,76,77,12:30-12:50,32.28469613764901
2025-10-06,133,134,22:00-22:20,22.5835612317411
2025-10-07,8,10,01:10-01:40,41.436269726279875
2025-10-07,12,12,01:50-02:00,0.49505921831814703
2025-10-07,16,18,02:30-03:00,36.607134155809945
2025-10-07,32,33,05:10-05:30,11.572187331039771
2025-10-07,49,55,08:00-09:10,194.1898638025674
2025-10-07,66,71,10:50-11:50,102.46403987460712
2025-10-07,73,73,12:00-12:10,13.888733965935216
2025-10-07,93,93,15:20-15:30,0.4772846051173474
2025-10-07,144,144,23:50-24:00,4.5887695749438535
2025-10-08,6,6,00:50-01:00,22.41744242663526
2025-10-08,16,17,02:30-02:50,20.35719512435844
2025-10-08,40,50,06:30-08:20,244.8878632714829
2025-10-08,69,79,11:20-13:10,603.9486232370814
2025-10-08,108,109,17:50-18:10,47.690275226063726
2025-10-08,134,135,22:10-22:30,16.27618432030522
2025-10-09,6,6,00:50-01:00,0.3502954336095172
2025-10-09,13,13,02:00-02:10,1.911493229372354
2025-10-09,22,22,03:30-03:40,6.331885478352547
2025-10-09,33,34,05:20-05:40,44.95634988814322
2025-10-09,38,38,06:10-06:20,0.4419561906643139
2025-10-09,44,44,07:10-07:20,4.9927585396571885
2025-10-09,46,50,07:30-08:20,107.71603873630033
2025-10-09,65,68,10:40-11:20,30.85088558550865
2025-10-09,108,109,17:50-18:10,36.72460235275321
2025-10-09,124,125,20:30-20:50,9.137510652717879
2025-10-09,134,134,22:10-22:20,0.06096023160932873
2025-10-10,1,2,00:00-00:20,84.45074341360692
2025-10-10,5,7,00:40-01:10,43.89862465455974
2025-10-10,11,11,01:40-01:50,0.29763328069481076
2025-10-10,20,20,03:10-03:20,2.5267493288591254
2025-10-10,22,23,03:30-03:50,30.55902398341891
2025-10-10,31,32,05:00-05:20,14.140317218431022
2025-10-10,39,39,06:20-06:30,1.0781562188633984
2025-10-10,43,44,07:00-07:20,81.0015773410035
2025-10-10,96,97,15:50-16:10,32.73773679431514
2025-10-10,99,101,16:20-16:50,36.51399287312256
2025-10-10,103,106,17:00-17:40,71.84496215009517
2025-10-10,108,108,17:50-18:00,9.829118305040026
2025-10-10,122,122,20:10-20:20,1.2129679826291522
2025-10-10,125,126,20:40-21:00,25.248278990656615
2025-10-10,129,129,21:20-21:30,5.227637847084907
2025-10-10,134,135,22:10-22:30,53.854389518357664
2025-10-10,138,138,22:50-23:00,5.379874325569233
2025-10-10,144,144,23:50-24:00,34.11958283984751
2025-10-11,1,1,00:00-00:10,14.283897486511478
2025-10-11,10,10,01:30-01:40,9.129722693775477
2025-10-11,22,22,03:30-03:40,21.440180096065262
2025-10-11,42,42,06:50-07:00,0.909653525839758
2025-10-11,99,99,16:20-16:30,3.1730181602843572
2025-10-11,105,105,17:20-17:30,31.002257439888638
2025-10-11,121,121,20:00-20:10,6.112977154888881
2025-10-11,129,129,21:20-21:30,6.418643900513359
2025-10-11,135,135,22:20-22:30,12.742537833925553
2025-10-11,138,138,22:50-23:00,0.7981398868273004
2025-10-12,11,12,01:40-02:00,53.06860250032889
2025-10-12,16,16,02:30-02:40,9.439347157520729
2025-10-12,22,23,03:30-03:50,6.228863659692024
2025-10-12,31,32,05:00-05:20,19.51812386404221
2025-10-12,37,38,06:00-06:20,30.042961442295336
2025-10-12,67,68,11:00-11:20,61.828277301524395
2025-10-12,71,72,11:40-12:00,51.66780879627072
2025-10-12,76,81,12:30-13:30,219.18038633090873
2025-10-12,83,84,13:40-14:00,12.66108903709096
2025-10-12,88,88,14:30-14:40,9.438715716353386
2025-10-12,102,102,16:50-17:00,1.941796782471215
2025-10-12,109,110,18:00-18:20,27.836367903671245
2025-10-12,120,121,19:50-20:10,16.08485748124781
2025-10-12,133,133,22:00-22:10,0.6959323332017675
2025-10-12,136,138,22:30-23:00,37.545691215949205
2025-10-12,141,141,23:20-23:30,4.171668640610619
2025-10-13,12,13,01:50-02:10,31.92222329911806
2025-10-13,28,30,04:30-05:00,39.39692494971149
2025-10-13,75,75,12:20-12:30,12.456804349256572
2025-10-13,88,89,14:30-14:50,81.22724321433236
2025-10-13,101,101,16:40-16:50,11.259372484161446
2025-10-13,119,119,19:40-19:50,0.4108219436767513
2025-10-13,126,126,20:50-21:00,2.0718890643505574
2025-10-13,132,132,21:50-22:00,22.480530332938656
2025-10-14,10,11,01:30-01:50,7.99881815370486
2025-10-14,13,14,02:00-02:20,39.46929336096832
2025-10-14,20,21,03:10-03:30,23.25968426108693
2025-10-14,29,29,04:40-04:50,0.43077995694918164
2025-10-14,33,34,05:20-05:40,24.161893992630894
2025-10-14,38,39,06:10-06:30,11.941243550843183
2025-10-14,44,46,07:10-07:40,59.90430896922561
2025-10-14,48,48,07:50-08:00,15.829214464308961
2025-10-14,51,52,08:20-08:40,22.97795248434909
2025-10-14,63,64,10:20-10:40,12.882964416370669
2025-10-14,79,85,13:00-14:10,367.53286080217276
2025-10-14,89,102,14:40-17:00,236.17147213731243
2025-10-14,109,109,18:00-18:10,7.631569643562041
2025-10-14,113,113,18:40-18:50,1.7864320963285536
2025-10-14,115,115,19:00-19:10,17.351845294493614
2025-10-14,119,120,19:40-20:00,9.814660764574342
2025-10-14,123,123,20:20-20:30,0.360408606395481
2025-10-14,130,131,21:30-21:50,39.52019882221339
2025-10-14,133,134,22:00-22:20,33.53694753257014
2025-10-14,141,142,23:20-23:40,19.5885593104357
2025-10-15,1,1,00:00-00:10,3.9886744966443075
2025-10-15,4,5,00:30-00:50,26.732284465061184
2025-10-15,8,8,01:10-01:20,3.9735426108700267
2025-10-15,12,12,01:50-02:00,26.027210159231345
2025-10-15,19,19,03:00-03:10,6.582049151204046
2025-10-15,25,26,04:00-04:20,31.471664818679074
2025-10-15,29,29,04:40-04:50,9.771428138100731
2025-10-15,34,34,05:30-05:40,7.098486629819945
2025-10-15,53,53,08:40-08:50,0.2874759282234436
2025-10-15,61,63,10:00-10:30,61.35545275224149
2025-10-15,65,68,10:40-11:20,81.45520883574954
2025-10-15,72,72,11:50-12:00,3.324380134603871
2025-10-15,75,91,12:20-15:10,1359.9219119912389
2025-10-15,99,101,16:20-16:50,31.564545188276412
2025-10-15,106,107,17:30-17:50,37.06774504164103
2025-10-15,109,109,18:00-18:10,11.58702077623009
2025-10-15,112,114,18:30-19:00,69.83589349632463
2025-10-15,116,119,19:10-19:50,47.01351539676273
2025-10-15,123,123,20:20-20:30,0.18303329385446432
2025-10-15,126,128,20:50-21:20,119.26645970522475
2025-10-15,130,134,21:30-22:20,92.57321295565237
2025-10-15,139,140,23:00-23:20,29.020561718647173
2025-10-16,2,3,00:10-00:30,10.907603993946623
2025-10-16,6,6,00:50-01:00,5.384647979997226
2025-10-16,11,11,01:40-01:50,6.986714409790693
2025-10-16,15,16,02:20-02:40,30.65097615475713
2025-10-16,31,32,05:00-05:20,50.0341778749085
2025-10-16,45,45,07:20-07:30,6.867994754948938
2025-10-16,50,54,08:10-09:00,106.38700157727533
2025-10-16,58,58,09:30-09:40,1.3940258220068245
2025-10-16,73,80,12:00-13:20,234.67826860113223
2025-10-16,82,102,13:30-17:00,1884.5541319656713
2025-10-16,105,105,17:20-17:30,16.63551665632674
2025-10-16,109,110,18:00-18:20,43.160763624912875
2025-10-16,112,113,18:30-18:50,65.53457187223914
2025-10-16,116,121,19:10-20:10,127.38435517455287
2025-10-16,127,128,21:00-21:20,18.6348321358073
2025-10-16,130,132,21:30-22:00,89.736965778392
2025-10-16,136,137,22:30-22:50,24.838316495591584
2025-10-16,144,144,23:50-24:00,34.16946966706155
2025-10-17,1,1,00:00-00:10,6.7810174891433235
2025-10-17,4,4,00:30-00:40,1.968446749572422
2025-10-17,7,8,01:00-01:20,14.994167857612695
2025-10-17,11,11,01:40-01:50,0.6806979339387453
2025-10-17,15,15,02:20-02:30,21.16651006711413
2025-10-17,20,21,03:10-03:30,21.63715707329891
2025-10-17,40,41,06:30-06:50,8.62869780986233
2025-10-17,84,86,13:50-14:20,81.0833223065058
2025-10-17,93,93,15:20-15:30,9.706674632940462
2025-10-17,97,97,16:00-16:10,24.248284968886992
2025-10-17,101,101,16:40-16:50,4.235293924012723
2025-10-17,103,103,17:00-17:10,3.1092381525764807
2025-10-17,106,107,17:30-17:50,8.09952051585729
2025-10-17,109,110,18:00-18:20,20.200529635478404
2025-10-17,112,113,18:30-18:50,105.73985124546476
2025-10-17,115,116,19:00-19:20,52.13501654823
2025-10-17,119,132,19:40-22:00,336.0414270430315
2025-10-17,136,143,22:30-23:50,162.80150072377927
2025-10-18,3,6,00:20-01:00,67.87645661271222
2025-10-18,18,18,02:50-03:00,38.91944137386497
2025-10-18,21,21,03:20-03:30,17.97547835241471
2025-10-18,29,30,04:40-05:00,8.306080676028785
2025-10-18,33,33,05:20-05:30,4.219722989867023
2025-10-18,91,93,15:00-15:30,91.69586771191723
2025-10-18,95,95,15:40-15:50,9.97264999999993
2025-10-18,98,102,16:10-17:00,107.12682692083524
2025-10-18,105,106,17:20-17:40,15.83752773297211
2025-10-18,113,113,18:40-18:50,0.5936080076325538
2025-10-18,118,119,19:30-19:50,15.371934051473033
2025-10-18,126,127,20:50-21:10,29.345256639031504
2025-10-18,130,133,21:30-22:10,117.64896611396233
2025-10-18,135,137,22:20-22:50,40.66586286353464
2025-10-18,140,141,23:10-23:30,25.036537031188402
2025-10-19,3,4,00:20-00:40,20.992357553625425
2025-10-19,7,8,01:00-01:20,37.07461028424791
2025-10-19,19,20,03:00-03:20,10.931555954730698
2025-10-19,23,24,03:40-04:00,9.193946341624155
2025-10-19,27,27,04:20-04:30,16.798946571917327
2025-10-19,35,36,05:40-06:00,12.522803460981436
2025-10-19,39,40,06:20-06:40,14.778050208674244
2025-10-19,46,46,07:30-07:40,0.12088603387644525
2025-10-19,49,50,08:00-08:20,9.104604776004294
2025-10-19,60,60,09:50-10:00,9.579470160547089
2025-10-19,62,63,10:10-10:30,25.4918140065422
2025-10-19,86,101,14:10-16:50,913.0426907882613
2025-10-19,103,104,17:00-17:20,23.707850844095745
2025-10-19,109,113,18:00-18:50,139.29355457015026
2025-10-19,115,116,19:00-19:20,59.84660202658256
2025-10-19,119,130,19:40-21:40,159.86945791551454
2025-10-19,139,141,23:00-23:30,50.917504349256774
2025-10-19,144,144,23:50-24:00,3.9933826819318483
2025-10-20,7,8,01:00-01:20,28.767308902487002
2025-10-20,16,16,02:30-02:40,8.968053928148606
2025-10-20,21,21,03:20-03:30,2.902401631793623
2025-10-20,24,24,03:50-04:00,4.8581293591263375
2025-10-20,34,35,05:30-05:50,24.362846749572363
2025-10-20,48,48,07:50-08:00,19.202902802060294
2025-10-20,51,65,08:20-10:50,821.8341397138709
2025-10-20,81,81,13:20-13:30,19.310223995639035
2025-10-20,106,106,17:30-17:40,8.56686320568474
2025-10-20,111,112,18:20-18:40,11.207268232662045
2025-10-20,114,116,18:50-19:20,46.37356993871367
2025-10-20,119,119,19:40-19:50,7.639338676141733
2025-10-20,121,122,20:00-20:20,27.408985175680982
2025-10-20,126,129,20:50-21:30,57.49684490722473
2025-10-20,132,133,21:50-22:10,43.90957196341628
2025-10-20,136,137,22:30-22:50,18.698934655875746
2025-10-20,143,144,23:40-24:00,36.30385780365839
2025-10-21,11,11,01:40-01:50,6.912701144887478
2025-10-21,22,23,03:30-03:50,13.150543137254772
2025-10-21,28,28,04:30-04:40,1.3344188887635775
2025-10-21,33,36,05:20-06:00,133.34679716034051
2025-10-21,39,39,06:20-06:30,24.9624001513356
2025-10-21,42,42,06:50-07:00,12.610359069802527
2025-10-21,45,45,07:20-07:30,6.000228155020295
2025-10-21,56,66,09:10-11:00,476.37481766679934
2025-10-21,68,68,11:10-11:20,9.733431532344184
2025-10-21,70,76,11:30-12:40,250.38746792529173
2025-10-21,87,87,14:20-14:30,17.61040378903249
2025-10-21,105,106,17:20-17:40,11.259925457297026
2025-10-21,108,108,17:50-18:00,8.357528622187147
2025-10-21,117,117,19:20-19:30,0.3156185024346314
2025-10-21,125,125,20:40-20:50,2.672693736017777
2025-10-21,137,137,22:40-22:50,24.83030363205694
2025-10-21,139,141,23:00-23:30,74.62364892749054
2025-10-21,144,144,23:50-24:00,7.376165942887383
2025-10-22,9,11,01:20-01:50,58.26344417028554
2025-10-22,22,22,03:30-03:40,5.268573496512772
2025-10-22,35,37,05:40-06:10,18.163623489932547
2025-10-22,45,45,07:20-07:30,41.18912533134062
2025-10-22,49,50,08:00-08:20,13.873649367397888
2025-10-22,52,63,08:30-10:30,1060.5274261998777
2025-10-22,71,72,11:40-12:00,22.38680922959793
2025-10-22,101,102,16:40-17:00,9.297741023255071
2025-10-22,105,105,17:20-17:30,0.24684859849999155
2025-10-22,108,114,17:50-19:00,224.46441307972847
2025-10-22,116,118,19:10-19:40,81.13772690579606
2025-10-22,124,127,20:30-21:10,80.76459934859861
2025-10-22,129,132,21:20-22:00,62.218567324648006
2025-10-22,138,141,22:50-23:30,82.2855980918539
2025-10-23,2,2,00:10-00:20,8.395351250164367
2025-10-23,10,11,01:30-01:50,13.878607685221823
2025-10-23,13,13,02:00-02:10,0.723721752862275
2025-10-23,22,22,03:30-03:40,18.95241087643103
2025-10-23,26,26,04:10-04:20,9.933653283326748
2025-10-23,40,41,06:30-06:50,12.93314786062075
2025-10-23,56,57,09:10-09:30,9.43465417066102
2025-10-23,73,74,12:00-12:20,74.52387425037182
2025-10-23,102,104,16:50-17:20,42.646013542195085
2025-10-23,106,108,17:30-18:00,49.88515909706194
2025-10-23,115,116,19:00-19:20,35.088811877502735
2025-10-23,118,119,19:30-19:50,47.09158167522003
2025-10-23,121,123,20:00-20:30,89.9538709040661
2025-10-23,127,127,21:00-21:10,21.20361612712213
2025-10-23,133,134,22:00-22:20,64.97743593235941
2025-10-23,139,140,23:00-23:20,29.232137820766184
2025-10-24,17,19,02:40-03:10,16.034815363863743
2025-10-24,23,23,03:40-03:50,3.244364166337789
2025-10-24,34,36,05:30-06:00,63.52571797886943
2025-10-24,46,47,07:30-07:50,30.828842893801834
2025-10-24,94,95,15:30-15:50,3.8773023922321954
2025-10-24,98,98,16:10-16:20,5.008817448724471
2025-10-24,100,105,16:30-17:30,115.74645109130925
2025-10-24,108,108,17:50-18:00,12.702577312804237
2025-10-24,110,112,18:10-18:40,110.57702776587132
2025-10-24,114,116,18:50-19:20,49.600514800819326
2025-10-24,118,119,19:30-19:50,73.71794404526895
2025-10-24,121,123,20:00-20:30,106.35113676799557
2025-10-24,126,128,20:50-21:20,138.95445367153576
2025-10-24,132,134,21:50-22:20,20.586863482037074
2025-10-24,138,139,22:50-23:10,72.03485069746017
2025-10-25,3,3,00:20-00:30,1.7656803526779186
2025-10-25,9,11,01:20-01:50,83.85291909461785
2025-10-25,34,35,05:30-05:50,35.27422292688873
2025-10-25,98,98,16:10-16:20,7.523847509070663
2025-10-25,103,104,17:00-17:20,75.78492559453314
2025-10-25,107,108,17:40-18:00,25.468640593686985
2025-10-25,110,111,18:10-18:30,32.567472157050815
2025-10-25,114,117,18:50-19:30,50.24558097306016
2025-10-25,121,125,20:00-20:50,99.27143337281206
2025-10-25,127,128,21:00-21:20,116.46069517041707
2025-10-25,131,131,21:40-21:50,17.50018387287804
2025-10-25,133,134,22:00-22:20,29.822424654559825
2025-10-25,138,139,22:50-23:10,49.98232977365444
2025-10-26,1,2,00:00-00:20,24.757012843795337
2025-10-26,9,10,01:20-01:40,36.268765100670976
2025-10-26,15,15,02:20-02:30,4.512436504803304
2025-10-26,21,21,03:20-03:30,3.3751855507302935
2025-10-26,33,33,05:20-05:30,27.12284445321734
2025-10-26,74,74,12:10-12:20,43.2645316207022
2025-10-26,102,108,16:50-18:00,115.75546248754588
2025-10-26,111,111,18:20-18:30,38.19052704303192
2025-10-26,121,123,20:00-20:30,40.527054125542804
2025-10-26,125,127,20:40-21:10,4.556545723121644
2025-10-26,137,137,22:40-22:50,8.369796749572401
2025-10-26,143,143,23:40-23:50,1.3815440781684174
2025-10-27,2,3,00:10-00:30,33.10354749967087
2025-10-27,20,20,03:10-03:20,0.4460090998816213
2025-10-27,23,23,03:40-03:50,9.065926950914672
2025-10-27,25,26,04:00-04:20,15.598723746545375
2025-10-27,37,38,06:00-06:20,34.12603187637433
2025-10-27,91,99,15:00-16:30,260.7028859633783
2025-10-27,102,104,16:50-17:20,55.961631080217344
2025-10-27,106,106,17:30-17:40,5.299229405185088
2025-10-27,113,114,18:40-19:00,13.57520536818754
2025-10-27,119,120,19:40-20:00,20.462648216870775
2025-10-27,127,128,21:00-21:20,15.263570640873581
2025-10-27,133,134,22:00-22:20,8.269299848664218
2025-10-27,136,137,22:30-22:50,16.158387077247085
2025-10-27,139,140,23:00-23:20,16.828913863666344
2025-10-28,1,2,00:00-00:20,44.342315640215475
2025-10-28,8,9,01:10-01:30,14.611488834057127
2025-10-28,17,18,02:40-03:00,10.421309284116433
2025-10-28,23,23,03:40-03:50,1.1720100013161527
2025-10-28,27,27,04:20-04:30,2.8973851822606775
2025-10-28,37,37,06:00-06:10,1.2201721542306814
2025-10-28,42,42,06:50-07:00,0.4587325399958644
2025-10-28,48,49,07:50-08:10,82.93407641137014
2025-10-28,79,80,13:00-13:20,21.24244802605608
2025-10-28,97,98,16:00-16:20,23.59836682082198
2025-10-28,102,103,16:50-17:10,7.6565642020567495
2025-10-28,113,113,18:40-18:50,8.290716639407492
2025-10-28,117,117,19:20-19:30,4.063402421371393
2025-10-28,123,125,20:20-20:50,7.35960182918825
2025-10-28,135,137,22:20-22:50,50.66163817607571
2025-10-29,16,17,02:30-02:50,13.602107612843952
2025-10-29,26,28,04:10-04:40,72.75703738085818
2025-10-29,32,33,05:10-05:30,21.241577878668295
2025-10-29,38,38,06:10-06:20,12.517653368864217
2025-10-29,49,49,08:00-08:10,4.557373478653631
2025-10-29,55,73,09:00-12:10,1074.6382219192346
2025-10-29,81,82,13:20-13:40,20.851752632864873
2025-10-29,91,91,15:00-15:10,3.909647932058874
2025-10-29,104,106,17:10-17:40,30.611869186734882
2025-10-29,108,109,17:50-18:10,24.69150365837609
2025-10-29,112,114,18:30-19:00,69.49065477600459
2025-10-29,120,126,19:50-21:00,102.97178220818489
2025-10-29,128,129,21:10-21:30,22.577128102381835
2025-10-29,133,137,22:00-22:50,55.10599162389781
2025-10-29,143,143,23:40-23:50,1.7521807869457007
2025-10-30,5,6,00:40-01:00,22.106154612449245
2025-10-30,19,21,03:00-03:30,19.94478807079895
2025-10-30,24,25,03:50-04:10,47.31488555073031
2025-10-30,37,37,06:00-06:10,15.541250902374259
2025-10-30,49,50,08:00-08:20,16.65988260015456
2025-10-30,105,108,17:20-18:00,27.100925655631073
2025-10-30,111,112,18:20-18:40,66.21169041321218
2025-10-30,121,122,20:00-20:20,25.784303217528645
2025-10-30,125,126,20:40-21:00,44.484402717462785
2025-10-30,129,130,21:20-21:40,49.730255796815186
2025-10-30,132,133,21:50-22:10,15.442955921831754
2025-10-30,136,137,22:30-22:50,9.563799249901194
2025-10-30,140,142,23:10-23:40,30.699430971180618
2025-10-31,2,3,00:10-00:30,3.0892101789711433
2025-10-31,6,6,00:50-01:00,9.564036057376143
2025-10-31,24,25,03:50-04:10,8.982006073167327
2025-10-31,28,28,04:30-04:40,13.832274427086247
2025-10-31,32,33,05:10-05:30,43.45847277273327
2025-10-31,68,71,11:10-11:50,145.44977092568547
2025-10-31,73,74,12:00-12:20,65.24170975504285
2025-10-31,98,99,16:10-16:30,55.847340663245035
2025-10-31,105,105,17:20-17:30,21.183349782866003
2025-10-31,108,110,17:50-18:20,76.36857434906847
2025-10-31,113,114,18:40-19:00,7.530821276295569
2025-10-31,117,118,19:20-19:40,55.429919884195556
2025-10-31,121,121,20:00-20:10,6.494340498749693
2025-10-31,126,126,20:50-21:00,0.5473457033820637
2025-10-31,128,129,21:10-21:30,22.773270377681172
2025-10-31,132,134,21:50-22:20,50.00752733912344
2025-10-31,136,136,22:30-22:40,3.9020118041848946
2025-10-31,143,143,23:40-23:50,0.435506974602049
2025-11-01,12,13,01:50-02:10,33.07727195025649
2025-11-01,17,22,02:40-03:40,140.92062282537165
2025-11-01,28,28,04:30-04:40,7.227298105953594
2025-11-01,32,32,05:10-05:20,10.275291327806485
2025-11-01,46,46,07:30-07:40,10.111760344406093
2025-11-01,97,98,16:00-16:20,9.677598213110628
2025-11-01,102,102,16:50-17:00,15.757734546838876
2025-11-01,104,105,17:10-17:30,28.510003983606758
2025-11-01,109,109,18:00-18:10,1.527265429661668
2025-11-01,118,118,19:30-19:40,7.654542966179747
2025-11-01,124,125,20:30-20:50,36.560723897881076
2025-11-01,129,129,21:20-21:30,5.922268719568251
2025-11-01,132,133,21:50-22:10,45.562612712198984
2025-11-02,4,6,00:30-01:00,8.277110632978065
2025-11-02,13,14,02:00-02:20,34.19188428740665
2025-11-02,17,19,02:40-03:10,24.251061179102408
2025-11-02,30,32,04:50-05:20,69.58866378094864
2025-11-02,43,45,07:00-07:30,21.272115909048267
2025-11-02,75,76,12:20-12:40,24.04194544300958
2025-11-02,81,83,13:20-13:50,156.52616709905442
2025-11-02,102,102,16:50-17:00,3.786792787584787
2025-11-02,112,114,18:30-19:00,31.69105722557481
2025-11-02,116,119,19:10-19:50,119.18872061737443
2025-11-02,122,125,20:10-20:50,47.10941385050671
2025-11-02,131,133,21:40-22:10,33.67159865771794
2025-11-02,138,138,22:50-23:00,6.87176338991992
2025-11-03,2,2,00:10-00:20,1.1452306487697115
2025-11-03,6,6,00:50-01:00,5.5776148177392315
2025-11-03,15,15,02:20-02:30,14.899909856560157
2025-11-03,18,20,02:50-03:20,10.570475529675036
2025-11-03,24,25,03:50-04:10,22.497621496249394
2025-11-03,31,32,05:00-05:20,85.99502009098966
2025-11-03,41,41,06:40-06:50,14.386111537232374
2025-11-03,64,68,10:30-11:20,134.93215853025777
2025-11-03,75,77,12:20-12:50,157.2853456695425
2025-11-03,107,109,17:40-18:10,52.56482080348882
2025-11-03,125,125,20:40-20:50,1.5784365245428944
2025-11-03,132,132,21:50-22:00,0.14345571785759148
2025-11-03,138,138,22:50-23:00,3.142153572838538
2025-11-03,142,143,23:30-23:50,64.53955741544917
2025-11-04,1,1,00:00-00:10,18.997726095539065
2025-11-04,4,5,00:30-00:50,57.01196200157938
2025-11-04,14,14,02:10-02:20,6.422363324121534
2025-11-04,21,25,03:20-04:10,28.9084149427556
2025-11-04,31,31,05:00-05:10,5.124365725753364
2025-11-04,36,38,05:50-06:20,52.41473494256741
2025-11-04,40,40,06:30-06:40,0.021667805914342253
2025-11-04,66,66,10:50-11:00,1.1261265815048773
2025-11-04,104,118,17:10-19:40,172.4312027456618
2025-11-04,120,123,19:50-20:30,54.790783083300084
2025-11-04,127,128,21:00-21:20,46.211783478089274
2025-11-04,134,134,22:10-22:20,4.931853776812773
2025-11-04,142,143,23:30-23:50,19.03484740097349
2025-11-05,3,4,00:20-00:40,56.35939763784722
2025-11-05,8,9,01:10-01:30,21.515985024345355
2025-11-05,14,14,02:10-02:20,2.109009066982594
2025-11-05,20,20,03:10-03:20,4.735446479799975
2025-11-05,24,24,03:50-04:00,3.326856823266098
2025-11-05,30,31,04:50-05:10,56.96602978023441
2025-11-05,40,42,06:30-07:00,76.10668899009288
2025-11-05,47,47,07:40-07:50,19.415851258624116
2025-11-05,89,89,14:40-14:50,5.6638085575172
2025-11-05,95,95,15:40-15:50,9.565282288082642
2025-11-05,100,101,16:30-16:50,32.32295258774671
2025-11-05,105,105,17:20-17:30,0.06139821029069026
2025-11-05,108,109,17:50-18:10,19.54494102043471
2025-11-05,126,126,20:50-21:00,2.4506415317803203
2025-11-05,132,132,21:50-22:00,16.150560600078734
2025-11-05,135,138,22:20-23:00,74.63801485721785
2025-11-05,141,142,23:20-23:40,6.85247068693252
2025-11-06,3,4,00:20-00:40,19.05742319384126
2025-11-06,7,7,01:00-01:10,0.3267999407814841
2025-11-06,11,11,01:40-01:50,18.489778076062635
2025-11-06,16,18,02:30-03:00,9.1638290827741
2025-11-06,23,23,03:40-03:50,6.252464001842213
2025-11-06,33,34,05:20-05:40,2.8225035352397754
2025-11-06,41,41,06:40-06:50,6.639879692816773
2025-11-06,46,56,07:30-09:20,492.1357238142242
2025-11-06,58,59,09:30-09:50,25.440325336980777
2025-11-06,62,63,10:10-10:30,73.52971652097028
2025-11-06,66,67,10:50-11:10,66.58841907393753
2025-11-06,78,79,12:50-13:10,25.110066226759045
2025-11-06,106,106,17:30-17:40,4.151439367022083
2025-11-06,110,110,18:10-18:20,7.827749935141924
2025-11-06,113,114,18:40-19:00,9.007380331058812
2025-11-06,123,123,20:20-20:30,18.922379260429125
2025-11-06,126,130,20:50-21:40,84.79112281221262
2025-11-06,134,135,22:10-22:30,27.643108257665403
2025-11-06,138,142,22:50-23:40,52.94044473614974
2025-11-07,4,4,00:30-00:40,10.66121838399772
2025-11-07,7,8,01:00-01:20,20.02586386366619
2025-11-07,11,12,01:40-02:00,18.37215247400968
2025-11-07,14,16,02:10-02:40,21.001898019476187
2025-11-07,38,39,06:10-06:30,23.108772147650996
2025-11-07,42,43,06:50-07:10,41.721599268700686
2025-11-07,46,51,07:30-08:30,181.42722959224
2025-11-07,54,54,08:50-09:00,9.430807904912445
2025-11-07,103,107,17:00-17:50,69.65744379335689
2025-11-07,119,120,19:40-20:00,8.751948644558524
2025-11-07,123,124,20:20-20:40,39.71174817739171
2025-11-07,136,138,22:30-23:00,28.443448420844447
2025-11-07,144,144,23:50-24:00,12.670166469272317
2025-11-08,1,2,00:00-00:20,66.56432572706967
2025-11-08,7,8,01:00-01:20,42.708002967495815
2025-11-08,14,15,02:10-02:30,14.776893038557887
2025-11-08,19,19,03:00-03:10,5.165304243979449
2025-11-08,27,27,04:20-04:30,7.352525332280607
2025-11-08,38,38,06:10-06:20,2.417319442407745
2025-11-08,99,99,16:20-16:30,12.017336985129731
2025-11-08,113,115,18:40-19:10,42.13307265429637
2025-11-08,125,125,20:40-20:50,8.177040117120498
2025-11-08,129,130,21:20-21:40,9.777947262797909
2025-11-08,134,135,22:10-22:30,0.5311473483353097
2025-11-09,3,3,00:20-00:30,13.017439794709844
2025-11-09,9,9,01:20-01:30,9.662606921963516
2025-11-09,13,14,02:00-02:20,6.888755323068949
2025-11-09,21,22,03:20-03:40,11.429250901434443
2025-11-09,25,26,04:00-04:20,7.9551338005003345
2025-11-09,42,43,06:50-07:10,37.427522909969305
2025-11-09,50,50,08:10-08:20,1.6035183257198469
2025-11-09,85,94,14:00-15:40,562.1223658921288
2025-11-09,112,113,18:30-18:50,11.647489561596322
2025-11-09,120,120,19:50-20:00,6.4032306882483
2025-11-09,126,127,20:50-21:10,12.102118778786917
2025-11-09,135,135,22:20-22:30,0.24238123437294234
2025-11-09,144,144,23:50-24:00,15.497551651533058
2025-11-10,3,4,00:20-00:40,27.420965765232268
2025-11-10,8,9,01:10-01:30,24.994914067640593
2025-11-10,24,27,03:50-04:30,47.065399572312344
2025-11-10,35,35,05:40-05:50,0.7091432791908961
2025-11-10,42,43,06:50-07:10,17.02471351587591
2025-11-10,46,47,07:30-07:50,25.212279812193827
2025-11-10,49,53,08:00-08:50,51.59827704021234
2025-11-10,72,77,11:50-12:50,191.467706566654
2025-11-10,83,83,13:40-13:50,5.445456510254758
2025-11-10,86,89,14:10-14:50,187.20628545109378
2025-11-10,93,99,15:20-16:30,186.02867600718145
2025-11-10,106,106,17:30-17:40,8.085200051698706
2025-11-10,109,110,18:00-18:20,53.351839523057606
2025-11-10,112,114,18:30-19:00,27.81965880284981
2025-11-10,117,117,19:20-19:30,1.5114153178049037
2025-11-10,120,122,19:50-20:20,29.777124950651114
2025-11-10,126,126,20:50-21:00,30.0158402421373
2025-11-10,129,132,21:20-22:00,64.60034109751246
2025-11-10,141,141,23:20-23:30,3.535613896565337
2025-11-11,2,2,00:10-00:20,6.616485899460486
2025-11-11,6,7,00:50-01:10,9.310871219897308
2025-11-11,11,11,01:40-01:50,9.27248948545855
2025-11-11,39,39,06:20-06:30,4.678081984471646
2025-11-11,42,45,06:50-07:30,45.44618415486996
2025-11-11,81,81,13:20-13:30,3.3094399639053336
2025-11-11,89,89,14:40-14:50,11.4165347630327
2025-11-11,93,96,15:20-16:00,26.104151664693006
2025-11-11,100,100,16:30-16:40,3.7475792829884824
2025-11-11,104,104,17:10-17:20,18.58141252796429
2025-11-11,108,108,17:50-18:00,5.046212001579306
2025-11-11,111,112,18:20-18:40,3.3076492799803496
2025-11-11,116,116,19:10-19:20,4.54144502566146
2025-11-11,119,120,19:40-20:00,13.855114923016231
2025-11-11,129,131,21:20-21:50,30.272913034609928
2025-11-11,134,134,22:10-22:20,1.9052047374655103
2025-11-11,140,141,23:10-23:30,26.708715811290972
2025-11-11,144,144,23:50-24:00,10.629608501118469
2025-11-12,7,7,01:00-01:10,0.21923414265052088
2025-11-12,29,30,04:40-05:00,4.325172141071343
2025-11-12,38,39,06:10-06:30,35.71941550485954
2025-11-12,42,42,06:50-07:00,10.483831401688171
2025-11-12,81,86,13:20-14:20,100.0059503985483
2025-11-12,102,102,16:50-17:00,19.375731111236384
2025-11-12,111,111,18:20-18:30,10.860282931964775
2025-11-12,116,116,19:10-19:20,2.5395075207262607
2025-11-12,120,122,19:50-20:20,75.34360136860096
2025-11-12,130,131,21:30-21:50,18.247360284247975
2025-11-12,136,137,22:30-22:50,13.121746414001677
2025-11-12,144,144,23:50-24:00,3.016592972759554
2025-11-13,7,7,01:00-01:10,15.099409139360432
2025-11-13,12,13,01:50-02:10,22.928960632978033
2025-11-13,25,25,04:00-04:10,8.721847118041978
2025-11-13,29,30,04:40-05:00,27.10791221025314
2025-11-13,36,36,05:50-06:00,1.8050276352149695
2025-11-13,42,42,06:50-07:00,27.806866457992804
2025-11-13,74,78,12:10-13:00,200.408323460794
2025-11-13,81,81,13:20-13:30,15.095990120880288
2025-11-13,83,87,13:40-14:30,194.08150347696062
2025-11-13,89,89,14:40-14:50,22.358740843720057
2025-11-13,91,92,15:00-15:20,35.133276376591084
2025-11-13,101,101,16:40-16:50,5.116318669749646
2025-11-13,103,105,17:00-17:30,43.35908368394366
2025-11-13,114,116,18:50-19:20,35.937565404282395
2025-11-13,119,120,19:40-20:00,10.043112955651964
2025-11-13,122,122,20:10-20:20,3.4997176207394887
2025-11-13,133,133,22:00-22:10,0.0051075536254074905
2025-11-13,137,137,22:40-22:50,0.4002138241874036
2025-11-13,139,139,23:00-23:10,0.11894748651127429
2025-11-14,2,2,00:10-00:20,10.46732845111228
2025-11-14,12,13,01:50-02:10,22.265785596789215
2025-11-14,27,27,04:20-04:30,20.048541913409565
2025-11-14,30,30,04:50-05:00,0.3458323463612487
2025-11-14,84,84,13:50-14:00,15.324054715846387
2025-11-14,94,95,15:30-15:50,25.006628067603003
2025-11-14,99,99,16:20-16:30,16.525804593649582
2025-11-14,113,114,18:40-19:00,3.147236550861919
2025-11-14,120,120,19:50-20:00,2.305646795630821
2025-11-14,128,128,21:10-21:20,12.012121075141408
2025-11-14,143,143,23:40-23:50,2.1951672654296885
2025-11-15,21,22,03:20-03:40,3.276771489669784
2025-11-15,24,26,03:50-04:20,65.7606489340701
2025-11-15,43,44,07:00-07:20,39.62178554133072
2025-11-15,61,61,10:00-10:10,17.213263982103058
2025-11-15,80,81,13:10-13:30,22.28287867200538
2025-11-15,96,96,15:50-16:00,16.696523250239807
2025-11-15,120,123,19:50-20:30,43.196450605343045
2025-11-15,138,139,22:50-23:10,13.367976233715126
2025-11-16,1,2,00:00-00:20,21.945998697196956
2025-11-16,5,6,00:40-01:00,24.808434353204348
2025-11-16,12,12,01:50-02:00,14.832558231346184
2025-11-16,25,25,04:00-04:10,0.19467837873401095
2025-11-16,32,34,05:10-05:40,20.63206880980597
2025-11-16,36,36,05:50-06:00,17.018435320436765
2025-11-16,40,41,06:30-06:50,31.257499243321753
2025-11-16,51,51,08:20-08:30,6.2068864794237015
2025-11-16,60,69,09:50-11:30,431.19197466395997
2025-11-16,91,91,15:00-15:10,1.4714195110260562
2025-11-16,101,102,16:40-17:00,57.35708573684506
2025-11-16,107,108,17:40-18:00,44.675722989867154
2025-11-16,124,125,20:30-20:50,33.30099721673889
2025-11-16,129,129,21:20-21:30,3.5933070140807786
2025-11-16,139,140,23:00-23:20,20.681506612712155
2025-11-16,144,144,23:50-24:00,20.555920515857338
2025-11-17,6,7,00:50-01:10,83.90990203974206
2025-11-17,12,12,01:50-02:00,18.599743387287845
2025-11-17,28,28,04:30-04:40,2.5554119621003792
2025-11-17,32,32,05:10-05:20,22.133637072547323
2025-11-17,40,40,06:30-06:40,2.0902072575339616
2025-11-17,48,48,07:50-08:00,0.5332475607691549
2025-11-17,57,58,09:20-09:40,30.558786108134427
2025-11-17,100,102,16:30-17:00,28.659576104938417
2025-11-17,124,124,20:30-20:40,15.500577260165983
2025-11-17,139,140,23:00-23:20,21.156502256875797
2025-11-18,2,2,00:10-00:20,2.023384544019109
2025-11-18,6,8,00:50-01:20,15.883364153178036
2025-11-18,20,20,03:10-03:20,18.865429767074716
2025-11-18,25,26,04:00-04:20,26.128063343861072
2025-11-18,28,29,04:30-04:50,19.17882384994266
2025-11-18,70,71,11:30-11:50,53.948288849096116
2025-11-18,73,75,12:00-12:30,151.78771327336312
2025-11-18,78,78,12:50-13:00,15.895672386404044
2025-11-18,85,85,14:00-14:10,36.2413860517363
2025-11-18,89,89,14:40-14:50,27.30152242306292
2025-11-18,91,92,15:00-15:20,26.881481855695142
2025-11-18,97,98,16:00-16:20,10.955439900926649
2025-11-18,101,102,16:40-17:00,15.589297523170494
2025-11-18,125,126,20:40-21:00,31.099407507566525
2025-11-18,135,135,22:20-22:30,21.501410053954487
2025-11-18,138,138,22:50-23:00,28.425863929464413
2025-11-18,142,142,23:30-23:40,9.177493203053132
2025-11-19,5,6,00:40-01:00,37.32941658112895
2025-11-19,11,11,01:40-01:50,2.028819923674064
2025-11-19,20,21,03:10-03:30,57.551853954467674
2025-11-19,24,24,03:50-04:00,4.805887616791551
2025-11-19,30,30,04:50-05:00,12.757312146335039
2025-11-19,35,36,05:40-06:00,68.84197647246828
2025-11-19,44,44,07:10-07:20,3.8612242090125477
2025-11-19,56,59,09:10-09:50,121.9827421606227
2025-11-19,69,69,11:20-11:30,1.880267962890457
2025-11-19,99,99,16:20-16:30,9.671123268099137
2025-11-19,125,127,20:40-21:10,60.516139432819955
2025-11-19,137,139,22:40-23:10,18.856394288722413
2025-11-19,143,144,23:40-24:00,18.206056573233468
2025-11-20,6,6,00:50-01:00,4.19562376628528
2025-11-20,10,10,01:30-01:40,3.2076940123703253
2025-11-20,16,17,02:30-02:50,12.124137998420792
2025-11-20,22,23,03:30-03:50,13.484357185155886
2025-11-20,28,29,04:30-04:50,33.39296090275025
2025-11-20,34,34,05:30-05:40,10.417272996447082
2025-11-20,79,80,13:00-13:20,68.48203133307095
2025-11-20,83,83,13:40-13:50,1.3105012689644582
2025-11-20,85,86,14:00-14:20,34.764060631098346
2025-11-20,93,93,15:20-15:30,0.3956295236212668
2025-11-20,102,102,16:50-17:00,27.302914763220723
2025-11-20,109,110,18:00-18:20,32.852442217021306
2025-11-20,115,116,19:00-19:20,12.06248774274809
2025-11-20,125,125,20:40-20:50,16.37428887353599
2025-11-20,128,128,21:10-21:20,10.957435846822136
2025-11-20,136,136,22:30-22:40,3.402524694038675
2025-11-20,141,143,23:20-23:50,72.55025273720219
2025-11-21,10,11,01:30-01:50,15.103948999868635
2025-11-21,13,14,02:00-02:20,6.412782833267443
2025-11-21,16,18,02:30-03:00,44.45989467693096
2025-11-21,21,24,03:20-04:00,112.03471321884416
2025-11-21,28,29,04:30-04:50,18.24716334950068
2025-11-21,34,35,05:30-05:50,14.440733701802856
2025-11-21,44,45,07:10-07:30,8.866619490346466
2025-11-21,96,96,15:50-16:00,12.671484476340765
2025-11-21,107,108,17:40-18:00,7.810962284511305
2025-11-21,115,115,19:00-19:10,6.575557553625401
2025-11-21,127,128,21:00-21:20,17.52217658902498
2025-11-21,131,131,21:40-21:50,12.461320726411373
2025-11-21,136,137,22:30-22:50,19.130247486511394
2025-11-21,142,142,23:30-23:40,15.365182918805147
2025-11-22,1,2,00:00-00:20,17.248671081720886
2025-11-22,4,5,00:30-00:50,7.2921542966178095
2025-11-22,14,15,02:10-02:30,17.430802921436964
2025-11-22,18,19,02:50-03:10,32.638064357152416
2025-11-22,22,24,03:30-04:00,26.16489997368069
2025-11-22,28,32,04:30-05:20,15.838870780929897
2025-11-22,36,37,05:50-06:10,8.748583221476451
2025-11-22,41,41,06:40-06:50,4.112994367680017
2025-11-22,59,59,09:40-09:50,6.4789517991087
2025-11-22,98,98,16:10-16:20,6.775774549282772
2025-11-22,100,101,16:30-16:50,7.868347694245358
2025-11-22,108,108,17:50-18:00,2.4303322805632774
2025-11-22,112,113,18:30-18:50,16.453398080574573
2025-11-22,121,121,20:00-20:10,3.3601144821687967
2025-11-22,135,135,22:20-22:30,16.892149624950605
2025-11-22,139,139,23:00-23:10,7.125249236741581
2025-11-23,1,1,00:00-00:10,0.1730831425188626
2025-11-23,4,5,00:30-00:50,53.40915053296453
2025-11-23,18,18,02:50-03:00,16.61914462429263
2025-11-23,22,22,03:30-03:40,3.7725817081194464
2025-11-23,26,27,04:10-04:30,7.4028295367810415
2025-11-23,30,30,04:50-05:00,39.84365113830779
2025-11-23,33,35,05:20-05:50,43.841116329216234
2025-11-23,45,46,07:20-07:40,35.00464311093549
2025-11-23,48,50,07:50-08:20,39.01460742578843
2025-11-23,58,65,09:30-10:50,265.8473687759679
2025-11-23,68,68,11:10-11:20,2.7012452503142867
2025-11-23,109,111,18:00-18:30,33.89347038426147
2025-11-23,114,114,18:50-19:00,8.970199368338058
2025-11-23,127,128,21:00-21:20,55.43199130806693
2025-11-23,135,135,22:20-22:30,2.050450059218292
2025-11-24,1,2,00:00-00:20,43.57316664692689
2025-11-24,20,20,03:10-03:20,4.341604257139011
2025-11-24,30,30,04:50-05:00,4.58311290959341
2025-11-24,33,33,05:20-05:30,21.722594420318273
2025-11-24,36,38,05:50-06:20,48.31647883368094
2025-11-24,80,81,13:10-13:30,22.048034860790153
2025-11-24,95,95,15:40-15:50,16.430249980260726
2025-11-24,105,106,17:20-17:40,6.28783759235228
2025-11-24,111,111,18:20-18:30,4.2560613238583755
2025-11-24,114,114,18:50-19:00,18.03742334517699
2025-11-24,119,122,19:40-20:20,42.43241376496917
2025-11-24,138,140,22:50-23:20,63.75929814449262
2025-11-24,143,144,23:40-24:00,13.989324496644144
2025-11-25,14,16,02:10-02:40,47.36928233320168
2025-11-25,20,20,03:10-03:20,0.17509411764706329
2025-11-25,23,26,03:40-04:20,24.45553546519284
2025-11-25,29,30,04:40-05:00,30.841242946440047
2025-11-25,46,47,07:30-07:50,32.782227815690334
2025-11-25,54,55,08:50-09:10,43.96177930648753
2025-11-25,63,63,10:20-10:30,6.802488720320525
2025-11-25,67,69,11:00-11:30,60.006932275863505
2025-11-25,80,81,13:10-13:30,45.32234669881416
2025-11-25,105,106,17:20-17:40,14.113058217246978
2025-11-25,111,111,18:20-18:30,3.040553362284527
2025-11-25,114,114,18:50-19:00,6.100719831556717
2025-11-25,117,117,19:20-19:30,3.545657981313184
2025-11-25,123,124,20:20-20:40,6.912979852612125
2025-11-25,129,132,21:20-22:00,30.594854079484207
2025-11-25,141,143,23:20-23:50,29.434520232925593
2025-11-26,14,16,02:10-02:40,52.91530726411406
2025-11-26,37,38,06:00-06:20,69.93995387832967
2025-11-26,44,44,07:10-07:20,6.293339142368396
2025-11-26,51,51,08:20-08:30,10.33848161412243
2025-11-26,64,64,10:30-10:40,21.005705995150038
2025-11-26,68,68,11:10-11:20,5.431682431898707
2025-11-26,71,72,11:40-12:00,15.246552387532574
2025-11-26,79,81,13:00-13:30,55.19028233696088
2025-11-26,96,97,15:50-16:10,15.284672418363414
2025-11-26,114,114,18:50-19:00,0.409948677457578
2025-11-26,122,122,20:10-20:20,0.8707801881826072
2025-11-26,140,141,23:10-23:30,33.310958218186556
2025-11-27,4,4,00:30-00:40,7.020896611395983
2025-11-27,10,10,01:30-01:40,5.395479082774273
2025-11-27,15,15,02:20-02:30,10.35950059218328
2025-11-27,30,30,04:50-05:00,16.339840110540763
2025-11-27,39,39,06:20-06:30,10.520464534807275
2025-11-27,79,79,13:00-13:10,0.5344303865166466
2025-11-27,92,94,15:10-15:40,101.73606210591726
2025-11-27,96,99,15:50-16:30,42.885115144850204
2025-11-27,107,107,17:40-17:50,0.9298583695222078
2025-11-27,111,111,18:20-18:30,7.456992367416774
2025-11-27,123,123,20:20-20:30,20.947359520989494
2025-11-28,3,4,00:20-00:40,19.52184940781649
2025-11-28,8,8,01:10-01:20,2.2297177062771425
2025-11-28,25,27,04:00-04:30,51.97504186735085
2025-11-28,30,30,04:50-05:00,27.369659823660925
2025-11-28,36,36,05:50-06:00,3.2488544545334435
2025-11-28,47,48,07:40-08:00,31.819505627620117
2025-11-28,71,73,11:40-12:10,55.048047095481934
2025-11-28,104,104,17:10-17:20,1.9229723647849255
2025-11-28,111,111,18:20-18:30,26.14268719568355
2025-11-28,114,115,18:50-19:10,14.071005191472295
2025-11-28,117,119,19:20-19:50,57.6513323266218
2025-11-28,144,144,23:50-24:00,3.431760100013264
2025-11-29,12,12,01:50-02:00,1.8777858928806381
2025-11-29,23,23,03:40-03:50,4.733366475852165
2025-11-29,27,27,04:20-04:30,50.59399855244101
2025-11-29,38,40,06:10-06:40,38.79871468238298
2025-11-29,45,45,07:20-07:30,9.521557935254634
2025-11-29,48,48,07:50-08:00,3.808361509032977
2025-11-29,65,83,10:40-13:50,1286.8230169223389
2025-11-29,85,94,14:00-15:40,234.76127510386686
2025-11-29,120,120,19:50-20:00,9.919640084221669
2025-11-29,129,129,21:20-21:30,4.372382550335601
2025-11-29,133,133,22:00-22:10,7.420093189893521
2025-11-29,137,137,22:40-22:50,18.433508790630242
2025-11-29,142,143,23:30-23:50,71.0693542571392
2025-11-30,8,11,01:10-01:50,17.52939848006281
2025-11-30,23,24,03:40-04:00,38.68437166074477
2025-11-30,27,27,04:20-04:30,9.485484274246687
2025-11-30,34,34,05:30-05:40,12.142710961968568
2025-11-30,37,38,06:00-06:20,26.936603494821156
2025-11-30,41,42,06:40-07:00,44.3282618427236
2025-11-30,49,50,08:00-08:20,57.78070289699792
2025-11-30,55,56,09:00-09:20,31.28155366307601
2025-11-30,68,68,11:10-11:20,3.698876769499975
2025-11-30,70,71,11:30-11:50,59.07349234673757
2025-11-30,73,74,12:00-12:20,120.6945023113949
2025-11-30,76,80,12:30-13:20,244.85391027578783
2025-11-30,83,84,13:40-14:00,36.581232971444024
2025-11-30,87,91,14:20-15:10,177.1071670642758
2025-11-30,93,93,15:20-15:30,32.16706255992352
2025-11-30,97,97,16:00-16:10,4.29932444212605
2025-11-30,114,117,18:50-19:30,41.94073332675396
2025-11-30,123,123,20:20-20:30,1.0968844584814406
2025-11-30,129,130,21:20-21:40,33.04435402684567
2025-11-30,133,133,22:00-22:10,10.44867318726142
2025-11-30,137,137,22:40-22:50,3.434414942755666
2025-11-30,139,140,23:00-23:20,6.484763995262597
2025-12-01,1,5,00:00-00:50,133.19859873009614
2025-12-01,9,65,01:20-10:50,3777.360476349333
2025-12-01,74,75,12:10-12:30,34.453396029553005
2025-12-01,77,94,12:40-15:40,1001.7807855178311
2025-12-01,108,108,17:50-18:00,17.043889327542956
2025-12-01,122,122,20:10-20:20,15.349668357678752
2025-12-01,128,128,21:10-21:20,8.154084478220852
2025-12-01,130,130,21:30-21:40,9.209718864324259
2025-12-01,133,134,22:00-22:20,18.6640696868011
2025-12-01,137,137,22:40-22:50,12.809507527306096
2025-12-01,143,144,23:40-24:00,69.0445532043691
2025-12-02,1,1,00:00-00:10,25.734115337544154
2025-12-02,3,5,00:20-00:50,75.77793172127963
2025-12-02,8,71,01:10-11:50,4806.625451526516
2025-12-02,73,80,12:00-13:20,294.50563695881056
2025-12-02,82,83,13:30-13:50,100.79546356945455
2025-12-02,86,95,14:10-15:50,340.66762291278997
2025-12-02,97,98,16:00-16:20,37.60447964487807
2025-12-02,102,105,16:50-17:30,57.70560769368115
2025-12-02,109,110,18:00-18:20,30.933812370048976
2025-12-02,112,114,18:30-19:00,103.33969006448206
2025-12-02,117,120,19:20-20:00,45.301694229504164
2025-12-02,128,132,21:10-22:00,53.83987130543471
2025-12-02,136,136,22:30-22:40,4.594436649558929
2025-12-02,139,140,23:00-23:20,15.967312258191782
2025-12-03,1,5,00:00-00:50,129.38985958020794
2025-12-03,7,60,01:00-10:00,2697.8454332947945
2025-12-03,68,78,11:10-13:00,668.6182716701451
2025-12-03,81,83,13:20-13:50,237.10436068937588
2025-12-03,87,91,14:20-15:10,173.57629232135838
2025-12-03,99,100,16:20-16:40,52.848012864474626
2025-12-03,106,111,17:30-18:30,26.023268614291176
2025-12-03,116,116,19:10-19:20,5.601227207527359
2025-12-03,126,126,20:50-21:00,2.2270594815106506
2025-12-03,130,133,21:30-22:10,39.72163397157533
2025-12-03,136,137,22:30-22:50,3.8303146466636235
2025-12-03,142,143,23:30-23:50,38.17429159757853
2025-12-04,1,2,00:00-00:20,46.11653069482804
2025-12-04,5,62,00:40-10:20,3446.6903905861686
2025-12-04,64,64,10:30-10:40,0.8845336228449696
2025-12-04,67,69,11:00-11:30,38.65348709322575
2025-12-04,75,75,12:20-12:30,4.379113910664955
2025-12-04,95,97,15:40-16:10,57.02388637790679
2025-12-04,100,101,16:30-16:50,42.014320754610814
2025-12-04,103,104,17:00-17:20,57.48788898821247
2025-12-04,107,109,17:40-18:10,54.70816585170985
2025-12-04,120,120,19:50-20:00,30.421511383076563
2025-12-04,124,125,20:30-20:50,48.21620821160673
2025-12-04,132,134,21:50-22:20,19.48495623108306
2025-12-04,138,139,22:50-23:10,29.497930023687104
2025-12-04,141,141,23:20-23:30,24.20612383208322
2025-12-05,3,3,00:20-00:30,25.333826161337356
2025-12-05,7,8,01:00-01:20,81.271199684169
2025-12-05,11,19,01:40-03:10,228.10083821555446
2025-12-05,22,35,03:30-05:50,507.12879475306926
2025-12-05,41,48,06:40-08:00,422.8837930460775
2025-12-05,51,53,08:20-08:50,78.62117743030097
2025-12-05,57,57,09:20-09:30,4.834135154061755
2025-12-05,81,88,13:20-14:40,198.09261166506758
2025-12-05,95,95,15:40-15:50,7.720769233733449
2025-12-05,103,109,17:00-18:10,84.58364184667107
2025-12-05,112,113,18:30-18:50,27.600788959073725
2025-12-05,118,119,19:30-19:50,24.08735286221861
2025-12-05,130,132,21:30-22:00,67.64987387814199
2025-12-05,134,135,22:10-22:30,48.734798960389355
2025-12-05,141,142,23:20-23:40,61.355104546650864
2025-12-05,144,144,23:50-24:00,23.299049217002278
2025-12-06,1,3,00:00-00:30,57.571980596131425
2025-12-06,6,10,00:50-01:40,107.76943843268822
2025-12-06,12,14,01:50-02:20,102.24478058297143
2025-12-06,16,17,02:30-02:50,55.27438059613132
2025-12-06,20,31,03:10-05:10,289.3433617562463
2025-12-06,33,34,05:20-05:40,21.959383947135706
2025-12-06,41,43,06:40-07:10,94.52561563457607
2025-12-06,46,46,07:30-07:40,16.80299483766646
2025-12-06,50,51,08:10-08:30,50.96905307559268
2025-12-06,54,54,08:50-09:00,4.844983174477534
2025-12-06,57,59,09:20-09:50,117.01819565262326
2025-12-06,64,72,10:30-12:00,803.9310655471575
2025-12-06,92,92,15:10-15:20,14.772489804109114
2025-12-06,97,98,16:00-16:20,48.67430363205662
2025-12-06,100,101,16:30-16:50,66.73984123286883
2025-12-06,104,104,17:10-17:20,12.075904780704224
2025-12-06,108,109,17:50-18:10,46.6031143703118
2025-12-06,111,111,18:20-18:30,14.861219239373611
2025-12-06,115,118,19:00-19:40,53.349453000394874
2025-12-06,122,122,20:10-20:20,10.2818464205817
2025-12-06,127,128,21:00-21:20,48.46573250427673
2025-12-06,132,134,21:50-22:20,50.1479421963416
2025-12-06,143,143,23:40-23:50,2.367989985524389
2025-12-07,3,10,00:20-01:40,181.2802144755891
2025-12-07,13,16,02:00-02:40,49.77310931043564
2025-12-07,19,20,03:00-03:20,101.93734378865645
2025-12-07,28,32,04:30-05:20,28.458877738611832
2025-12-07,36,36,05:50-06:00,14.519748651138002
2025-12-07,43,43,07:00-07:10,10.790460739194977
2025-12-07,46,48,07:30-08:00,44.405377057131346
2025-12-07,64,67,10:30-11:10,60.45941653318971
2025-12-07,78,78,12:50-13:00,5.4902455680257845
2025-12-07,85,86,14:00-14:20,14.374429931570148
2025-12-07,94,95,15:30-15:50,34.29824320493316
2025-12-07,100,101,16:30-16:50,25.14746255616334
2025-12-07,105,106,17:20-17:40,25.369489886827523
2025-12-07,109,113,18:00-18:50,93.00820706671956
2025-12-07,116,117,19:10-19:30,38.195617114094034
2025-12-07,122,123,20:10-20:30,44.22519230819864
2025-12-07,133,135,22:00-22:30,23.065657928674796
2025-12-07,139,142,23:00-23:40,50.37812387156214
2025-12-08,6,7,00:50-01:10,10.948943380708215
2025-12-08,13,14,02:00-02:20,30.66663270825154
2025-12-08,23,23,03:40-03:50,8.878264396631266
2025-12-08,34,34,05:30-05:40,7.089991037354762
2025-12-08,40,40,06:30-06:40,9.8076394055609
2025-12-08,67,68,11:00-11:20,28.29202527588211
2025-12-08,80,80,13:10-13:20,23.352777529938635
2025-12-08,82,83,13:30-13:50,30.13593937548137
2025-12-08,102,102,16:50-17:00,3.303954138702875
2025-12-08,124,125,20:30-20:50,49.888078312936045
2025-12-08,134,135,22:10-22:30,34.033298414265005
2025-12-09,3,3,00:20-00:30,2.2671259376234048
2025-12-09,5,6,00:40-01:00,37.87763795894216
2025-12-09,19,20,03:00-03:20,29.23522333201754
2025-12-09,33,33,05:20-05:30,11.191239636794307
2025-12-09,49,49,08:00-08:10,1.3437392034662707
2025-12-09,89,90,14:40-15:00,5.313606903163816
2025-12-09,106,107,17:30-17:50,56.43279552290746
2025-12-09,110,112,18:10-18:40,28.80767065403369
2025-12-09,118,119,19:30-19:50,41.90674368337898
2025-12-09,123,124,20:20-20:40,24.353522391104093
2025-12-09,126,127,20:50-21:10,13.554480207922097
2025-12-09,136,137,22:30-22:50,19.49401718647175
2025-12-10,3,3,00:20-00:30,1.1580392156863581
2025-12-10,8,8,01:10-01:20,1.9170430517172008
2025-12-10,38,38,06:10-06:20,13.388410764574132
2025-12-10,67,67,11:00-11:10,5.090221131539693
2025-12-10,76,78,12:30-13:00,46.84299785968119
2025-12-10,95,96,15:40-16:00,18.355873587690184
2025-12-10,99,99,16:20-16:30,6.725945613144702
2025-12-10,101,102,16:40-17:00,16.461085806403183
2025-12-10,105,106,17:20-17:40,3.0144146269243492
2025-12-10,109,109,18:00-18:10,2.5834565271746897
2025-12-10,113,113,18:40-18:50,0.273010658357407
2025-12-10,115,116,19:00-19:20,10.196462343729763
2025-12-10,132,138,21:50-23:00,52.04432565469142
2025-12-11,1,1,00:00-00:10,16.958238985392654
2025-12-11,5,5,00:40-00:50,1.6421991380448162
2025-12-11,105,105,17:20-17:30,7.09855309909176
2025-12-11,109,109,18:00-18:10,0.08192916173175036
2025-12-11,116,117,19:10-19:30,34.28078782734576
2025-12-11,132,132,21:50-22:00,15.355542176602171
2025-12-11,134,135,22:10-22:30,64.71240000657974
2025-12-11,138,138,22:50-23:00,17.26794117647046
2025-12-12,9,10,01:20-01:40,3.6492369522306944
2025-12-12,59,59,09:40-09:50,20.78629898576844
2025-12-12,67,68,11:00-11:20,16.002945852837684
2025-12-12,70,71,11:30-11:50,26.10315552516306
2025-12-12,73,78,12:00-13:00,213.67349379993584
2025-12-12,102,102,16:50-17:00,12.081813396499683
2025-12-12,109,110,18:00-18:20,10.662736088394922
2025-12-12,121,122,20:00-20:20,23.643760725095433
2025-12-12,124,127,20:30-21:10,43.58192114751921
2025-12-12,132,134,21:50-22:20,79.356383761021
2025-12-12,138,139,22:50-23:10,28.52636108040531
2025-12-13,4,5,00:30-00:50,23.650477714172894
2025-12-13,8,8,01:10-01:20,0.6673217528623354
2025-12-13,37,37,06:00-06:10,24.70437771041304
2025-12-13,85,85,14:00-14:10,4.748415147669789
2025-12-13,102,102,16:50-17:00,12.06821818660336
2025-12-13,109,110,18:00-18:20,56.11414792077892
2025-12-13,124,126,20:30-21:00,15.80038089880236
2025-12-13,130,131,21:30-21:50,20.767246236346978
2025-12-14,62,63,10:10-10:30,26.36720126238447
2025-12-14,66,67,10:50-11:10,54.240226309853256
2025-12-14,95,95,15:40-15:50,11.948491829752072
2025-12-14,104,104,17:10-17:20,14.110201285883578
2025-12-14,120,121,19:50-20:10,40.54975159889466
2025-12-14,131,131,21:40-21:50,2.77701125806027
2025-12-15,67,68,11:00-11:20,71.84259082962035
2025-12-15,104,106,17:10-17:40,47.06177718214821
2025-12-15,136,136,22:30-22:40,9.581602112119981
2025-12-16,106,106,17:30-17:40,6.699961823924241
2025-12-16,109,109,18:00-18:10,0.3077287143044032
2025-12-16,133,133,22:00-22:10,2.1245655086195256
2025-12-16,139,140,23:00-23:20,14.347490735622841
2025-12-16,144,144,23:50-24:00,15.792718778786707
2025-12-17,34,34,05:30-05:40,5.952414384411551
2025-12-17,106,106,17:30-17:40,5.647680326358341
2025-12-17,111,111,18:20-18:30,23.159833530727724
2025-12-17,124,124,20:30-20:40,25.086620344782204
2025-12-17,128,129,21:10-21:30,34.75494374917764
2025-12-18,4,4,00:30-00:40,1.2831714830899728
2025-12-18,12,12,01:50-02:00,34.574755888932714
2025-12-18,19,19,03:00-03:10,18.134533622845197
2025-12-18,118,118,19:30-19:40,3.549078457691735
2025-12-18,126,126,20:50-21:00,5.673916962758312
2025-12-18,133,133,22:00-22:10,8.700183761021208
2025-12-18,137,137,22:40-22:50,4.298689327543229
2025-12-19,12,12,01:50-02:00,12.372515462560614
2025-12-19,90,91,14:50-15:10,16.936583936795955
2025-12-19,112,113,18:30-18:50,34.83516630853694
2025-12-19,123,124,20:20-20:40,44.732440340834216
2025-12-19,128,129,21:10-21:30,34.62960370443483
2025-12-19,136,136,22:30-22:40,0.48994821687051626
2025-12-19,139,139,23:00-23:10,7.164180780365655
2025-12-19,143,143,23:40-23:50,8.507641347545928
2025-12-20,11,11,01:40-01:50,9.659370936965558
2025-12-20,105,105,17:20-17:30,9.632023950519851
2025-12-20,115,115,19:00-19:10,7.675710850112068
2025-12-20,119,119,19:40-19:50,4.482181240952514
2025-12-20,131,131,21:40-21:50,7.269600052638452
2025-12-20,136,137,22:30-22:50,10.168334359784069
2025-12-21,19,19,03:00-03:10,4.882301296222977
2025-12-21,22,23,03:30-03:50,48.63520061192264
2025-12-21,64,69,10:30-11:30,167.25450772564125
2025-12-21,93,93,15:20-15:30,12.781526023160893
2025-12-21,113,114,18:40-19:00,10.895588598123766
2025-12-21,119,120,19:40-20:00,48.61839474272904
2025-12-22,1,1,00:00-00:10,3.9492722989871254
2025-12-22,15,15,02:20-02:30,15.052849717068057
2025-12-22,103,104,17:00-17:20,11.444709771962483
2025-12-22,108,109,17:50-18:10,31.618136070535797
2025-12-22,116,116,19:10-19:20,1.4184165548098235
2025-12-22,119,121,19:40-20:10,25.3688024411108
2025-12-22,126,129,20:50-21:30,15.060237077246938
2025-12-23,107,107,17:40-17:50,5.85843161882218
2025-12-23,118,118,19:30-19:40,8.916887162784747
2025-12-23,130,131,21:30-21:50,12.862302684563701
2025-12-23,135,135,22:20-22:30,0.8103230688248004
2025-12-24,1,2,00:00-00:20,45.67092493749192
2025-12-24,24,24,03:50-04:00,0.5497085142783362
2025-12-24,60,60,09:50-10:00,0.06820439249520405
2025-12-24,97,97,16:00-16:10,8.059806475476051
2025-12-24,102,103,16:50-17:10,33.8140540400052
2025-12-24,108,108,17:50-18:00,23.6897598368206
2025-12-24,113,114,18:40-19:00,21.88340500347772
2025-12-24,118,123,19:30-20:30,33.740210777734205
2025-12-24,137,137,22:40-22:50,4.255326187656351
2025-12-25,7,8,01:00-01:20,41.13921900250011
2025-12-25,24,25,03:50-04:10,16.812328727463978
2025-12-25,30,30,04:50-05:00,19.926695617844302
2025-12-25,73,74,12:00-12:20,72.94426061511876
2025-12-25,97,97,16:00-16:10,6.365467058635431
2025-12-25,107,108,17:40-18:00,21.891446934746963
2025-12-25,115,115,19:00-19:10,6.870351269904177
2025-12-25,118,120,19:30-20:00,55.49618561652869
2025-12-25,141,143,23:20-23:50,70.682134432162
2025-12-26,2,2,00:10-00:20,5.591957046980042
2025-12-26,21,21,03:20-03:30,9.77222529280175
2025-12-26,76,76,12:30-12:40,19.81189743199309
2025-12-26,87,90,14:20-15:00,78.47855734589149
2025-12-26,97,98,16:00-16:20,38.283414664523775
2025-12-26,109,110,18:00-18:20,6.94297521760376
2025-12-26,136,136,22:30-22:40,3.6432300302672047
2025-12-26,140,140,23:10-23:20,0.8957263258324133
2025-12-27,7,7,01:00-01:10,2.7109404790103326
2025-12-27,21,22,03:20-03:40,32.33208987366754
2025-12-27,74,74,12:10-12:20,20.303638483447003
2025-12-27,83,84,13:40-14:00,22.525054716786258
2025-12-27,102,102,16:50-17:00,2.5236893012238397
2025-12-27,105,105,17:20-17:30,10.095908672193787
2025-12-27,108,108,17:50-18:00,35.995282273983435
2025-12-27,112,113,18:30-18:50,29.262843121275182
2025-12-27,123,124,20:20-20:40,9.39036304118963
2025-12-27,135,136,22:20-22:40,37.17180386892994
2025-12-28,1,2,00:00-00:20,42.09491466640338
2025-12-28,21,22,03:20-03:40,15.711438722200455
2025-12-28,25,25,04:00-04:10,5.708451013291096
2025-12-28,98,98,16:10-16:20,5.953390615306603
2025-12-28,106,108,17:30-18:00,44.88304338634804
2025-12-28,111,112,18:20-18:40,21.994958915646635
2025-12-28,123,123,20:20-20:30,20.39823726806162
2025-12-28,136,136,22:30-22:40,0.33115696144216145
2025-12-29,74,74,12:10-12:20,1.7556399178461106
2025-12-29,78,78,12:50-13:00,11.082391762074053
2025-12-29,98,99,16:10-16:30,47.97105095407274
2025-12-29,102,102,16:50-17:00,12.288853138570857
2025-12-29,117,117,19:20-19:30,4.812114751941181
2025-12-29,121,121,20:00-20:10,4.413073562310842
2025-12-29,129,129,21:20-21:30,13.395779707856263
2025-12-29,135,136,22:20-22:40,15.32033609685493
2025-12-29,144,144,23:50-24:00,10.182200289511684
2025-12-30,55,56,09:00-09:20,9.540981695899745
2025-12-30,96,96,15:50-16:00,5.1380677438761495
2025-12-30,120,120,19:50-20:00,1.8355362547702043
2025-12-30,130,130,21:30-21:40,2.0371873996579097
2025-12-30,134,134,22:10-22:20,4.704459988156373
2025-12-31,10,11,01:30-01:50,34.84102977365467
2025-12-31,18,18,02:50-03:00,15.184095933675621
2025-12-31,30,30,04:50-05:00,17.486264640084187
2025-12-31,59,60,09:40-10:00,11.279849154024078
2025-12-31,62,62,10:10-10:20,8.990959486210524
2025-12-31,66,66,10:50-11:00,5.435984857030348
2025-12-31,82,82,13:30-13:40,0.9833295217414388
2025-12-31,88,89,14:30-14:50,18.86229174233381
2025-12-31,97,97,16:00-16:10,6.506295643223979
2025-12-31,111,111,18:20-18:30,11.315873141202701
2025-12-31,117,118,19:20-19:40,32.16817301618664
2025-12-31,121,121,20:00-20:10,17.171604494012513
2025-12-31,125,125,20:40-20:50,2.093324772996425
2025-12-31,127,128,21:00-21:20,24.39014552572712
2025-12-31,132,133,21:50-22:10,27.385104020266
2025-12-31,143,144,23:40-24:00,59.61659350572427
