date,start_slot,end_slot,interval_label,emergency_kwh
2025-02-01,22,22,03:30-03:40,8.151326528063976
2025-02-01,87,87,14:20-14:30,13.937608876378022
2025-02-01,92,93,15:10-15:30,33.490058734308946
2025-02-01,128,128,21:10-21:20,11.778872301600643
2025-02-01,138,138,22:50-23:00,16.24978872490442
2025-02-02,18,18,02:50-03:00,5.786296881168596
2025-02-02,111,111,18:20-18:30,9.850806540874942
2025-02-02,116,116,19:10-19:20,2.862198256349643
2025-02-03,20,20,03:10-03:20,16.505117251068327
2025-02-03,64,64,10:30-10:40,18.237845062319934
2025-02-03,69,69,11:20-11:30,3.674280056311545
2025-02-03,76,76,12:30-12:40,7.390401680156856
2025-02-03,81,81,13:20-13:30,10.419491615974493
2025-02-03,100,101,16:30-16:50,18.08011549752507
2025-02-03,104,104,17:10-17:20,1.160372544813299
2025-02-03,111,111,18:20-18:30,6.16566112700491
2025-02-04,57,58,09:20-09:40,72.4070352114004
2025-02-04,67,67,11:00-11:10,5.784116044408847
2025-02-04,79,84,13:00-14:00,243.08820456235685
2025-02-04,86,92,14:10-15:20,264.64610111604037
2025-02-04,97,98,16:00-16:20,25.77109159287818
2025-02-04,120,120,19:50-20:00,7.698300434267708
2025-02-04,133,135,22:00-22:30,80.78166551628112
2025-02-05,2,2,00:10-00:20,22.18928438042485
2025-02-05,44,44,07:10-07:20,19.715370092380027
2025-02-05,57,59,09:20-09:50,48.365734742173515
2025-02-05,62,63,10:10-10:30,19.07972403919905
2025-02-05,66,66,10:50-11:00,10.113767677185365
2025-02-05,70,71,11:30-11:50,79.59280467146971
2025-02-05,109,110,18:00-18:20,30.141374546136735
2025-02-06,2,2,00:10-00:20,14.49151419935697
2025-02-06,48,49,07:50-08:10,30.447941732329127
2025-02-06,82,83,13:30-13:50,38.40575228331136
2025-02-06,86,86,14:10-14:20,2.641103276313629
2025-02-06,89,89,14:40-14:50,12.674621610926124
2025-02-06,91,91,15:00-15:10,2.3736714344343
2025-02-06,114,115,18:50-19:10,17.56884651464327
2025-02-06,124,124,20:30-20:40,3.3936073496512336
2025-02-06,127,128,21:00-21:20,19.70202577625264
2025-02-06,139,139,23:00-23:10,2.047420048690583
2025-02-07,22,22,03:30-03:40,0.9722106329779763
2025-02-07,51,52,08:20-08:40,39.67284117600735
2025-02-07,54,54,08:50-09:00,14.125143204932783
2025-02-07,99,99,16:20-16:30,4.579901490797596
2025-02-07,112,113,18:30-18:50,7.958218227468649
2025-02-07,119,119,19:40-19:50,4.728478101720896
2025-02-07,124,127,20:30-21:10,63.57436510845315
2025-02-08,44,45,07:10-07:30,13.04432857578928
2025-02-08,84,84,13:50-14:00,9.292210077145
2025-02-08,87,89,14:20-14:50,51.16397395193633
2025-02-08,97,98,16:00-16:20,11.059551895925892
2025-02-08,101,102,16:40-17:00,10.99607644913668
2025-02-08,115,116,19:00-19:20,39.57343365084682
2025-02-08,123,124,20:20-20:40,43.78464881563394
2025-02-08,134,134,22:10-22:20,15.140639992104127
2025-02-09,10,10,01:30-01:40,1.0142213120149108
2025-02-09,25,25,04:00-04:10,17.549821641005224
2025-02-09,29,29,04:40-04:50,4.178862703739128
2025-02-09,60,60,09:50-10:00,4.1868918372720145
2025-02-09,65,68,10:40-11:20,368.24160724383285
2025-02-09,70,72,11:30-12:00,109.67269875903742
2025-02-09,78,80,12:50-13:20,79.44078706042228
2025-02-09,116,116,19:10-19:20,4.731691571259262
2025-02-09,126,126,20:50-21:00,16.30921700223712
2025-02-09,129,129,21:20-21:30,8.476149493354455
2025-02-10,8,8,01:10-01:20,8.251444920384188
2025-02-10,29,29,04:40-04:50,11.582552314214126
2025-02-10,31,31,05:00-05:10,0.06949483672683479
2025-02-10,36,36,05:50-06:00,0.9643240188416264
2025-02-10,113,114,18:40-19:00,56.455556777271795
2025-02-10,125,125,20:40-20:50,9.522983346492765
2025-02-10,132,132,21:50-22:00,3.6196019213055024
2025-02-10,141,143,23:20-23:50,14.649952803000815
2025-02-11,4,4,00:30-00:40,0.4585150809316474
2025-02-11,29,30,04:40-05:00,5.92739964938994
2025-02-11,45,45,07:20-07:30,15.23207851597013
2025-02-11,118,118,19:30-19:40,13.570907665482423
2025-02-11,121,122,20:00-20:20,31.366283195157166
2025-02-11,126,126,20:50-21:00,6.254802290135558
2025-02-11,129,130,21:20-21:40,24.299746318519624
2025-02-11,142,142,23:30-23:40,0.3164983945257518
2025-02-12,17,17,02:40-02:50,9.36080887616788
2025-02-12,28,29,04:30-04:50,29.435018624631148
2025-02-12,38,38,06:10-06:20,14.913238544545266
2025-02-12,42,42,06:50-07:00,36.45001508657164
2025-02-12,45,46,07:20-07:40,17.560601891226355
2025-02-12,81,82,13:20-13:40,25.898638267253432
2025-02-12,86,86,14:10-14:20,10.925305662399069
2025-02-12,88,88,14:30-14:40,13.251304963999132
2025-02-12,94,95,15:30-15:50,131.61858951553796
2025-02-12,97,98,16:00-16:20,20.18601553023899
2025-02-12,110,111,18:10-18:30,25.750047312616136
2025-02-12,120,120,19:50-20:00,26.493976181076505
2025-02-12,130,130,21:30-21:40,1.9686465258586168
2025-02-12,139,141,23:00-23:30,34.80350738255038
2025-02-13,1,1,00:00-00:10,9.641733037241693
2025-02-13,4,5,00:30-00:50,24.255505737597105
2025-02-13,8,8,01:10-01:20,7.7443743782077945
2025-02-13,12,13,01:50-02:10,7.992799460455444
2025-02-13,16,16,02:30-02:40,8.576297289116951
2025-02-13,20,20,03:10-03:20,24.199336360047255
2025-02-13,22,23,03:30-03:50,15.415119943413856
2025-02-13,30,31,04:50-05:10,38.66466954674471
2025-02-13,34,35,05:30-05:50,26.23883755005304
2025-02-13,40,42,06:30-07:00,27.26432204801432
2025-02-13,116,119,19:10-19:50,30.279537441956677
2025-02-13,127,127,21:00-21:10,4.9265869522305366
2025-02-13,137,137,22:40-22:50,2.9797467298328684
2025-02-14,1,1,00:00-00:10,10.716952559547167
2025-02-14,5,5,00:40-00:50,19.46312814844066
2025-02-14,13,13,02:00-02:10,4.967380096065199
2025-02-14,16,17,02:30-02:50,11.392323279378786
2025-02-14,21,21,03:20-03:30,4.025007895775673
2025-02-14,34,37,05:30-06:10,95.92102153290826
2025-02-14,64,72,10:30-12:00,408.5326332609584
2025-02-14,75,76,12:20-12:40,41.12159207790501
2025-02-14,96,97,15:50-16:10,26.261464983174506
2025-02-14,103,104,17:00-17:20,50.61513696257005
2025-02-14,106,110,17:30-18:20,100.84622092474564
2025-02-14,112,112,18:30-18:40,7.003451822608326
2025-02-14,122,122,20:10-20:20,1.7033208251086194
2025-02-14,140,140,23:10-23:20,13.681995499408004
2025-02-14,144,144,23:50-24:00,11.506956836425786
2025-02-15,6,9,00:50-01:30,23.21049592709585
2025-02-15,13,14,02:00-02:20,29.130691729174885
2025-02-15,16,17,02:30-02:50,41.59457491117257
2025-02-15,23,23,03:40-03:50,3.939271265955881
2025-02-15,30,30,04:50-05:00,11.731924595341525
2025-02-15,32,33,05:10-05:30,57.449848861692374
2025-02-15,36,37,05:50-06:10,60.83422922847018
2025-02-15,39,41,06:20-06:50,26.957408279285062
2025-02-15,56,56,09:10-09:20,4.867599133344584
2025-02-15,68,69,11:10-11:30,92.36921279961643
2025-02-15,72,74,11:50-12:20,62.51227483973457
2025-02-15,93,97,15:20-16:10,140.9331822241649
2025-02-15,101,103,16:40-17:10,19.489457530126245
2025-02-15,105,107,17:20-17:50,23.679921892918117
2025-02-15,109,109,18:00-18:10,7.75942433872882
2025-02-15,113,113,18:40-18:50,4.326580453255133
2025-02-15,118,120,19:30-20:00,67.17134551914717
2025-02-15,127,128,21:00-21:20,51.761539465719125
2025-02-15,130,131,21:30-21:50,22.651819436767767
2025-02-15,135,136,22:20-22:40,70.86285178970911
2025-02-15,139,140,23:00-23:20,39.9202633636005
2025-02-16,1,1,00:00-00:10,1.3374948282666992
2025-02-16,4,5,00:30-00:50,26.242733221476442
2025-02-16,9,10,01:20-01:40,33.97276156731141
2025-02-16,16,17,02:30-02:50,33.389323582050224
2025-02-16,22,22,03:30-03:40,7.235112245032155
2025-02-16,26,27,04:10-04:30,57.999514370311886
2025-02-16,30,30,04:50-05:00,26.795296091591013
2025-02-16,33,34,05:20-05:40,49.24933221852499
2025-02-16,36,37,05:50-06:10,26.778704870002116
2025-02-16,39,42,06:20-07:00,51.55414842836453
2025-02-16,49,52,08:00-08:40,49.7755805472525
2025-02-16,54,54,08:50-09:00,0.45313055759208964
2025-02-16,58,67,09:30-11:10,438.9540154494
2025-02-16,69,72,11:20-12:00,50.1972946910314
2025-02-16,76,79,12:30-13:10,91.67292926606865
2025-02-16,99,103,16:20-17:10,69.66168823529463
2025-02-16,106,107,17:30-17:50,48.866640964036364
2025-02-16,114,116,18:50-19:20,47.64314018009884
2025-02-16,120,121,19:50-20:10,38.870156402158386
2025-02-16,128,128,21:10-21:20,11.567403599157728
2025-02-16,130,131,21:30-21:50,43.178690538228466
2025-02-16,137,138,22:40-23:00,26.800020956704884
2025-02-16,142,143,23:30-23:50,28.331480214501994
2025-02-17,2,2,00:10-00:20,6.0648208119491755
2025-02-17,5,7,00:40-01:10,25.126737202263712
2025-02-17,10,11,01:30-01:50,24.44542436504821
2025-02-17,13,14,02:00-02:20,40.23821523884749
2025-02-17,18,18,02:50-03:00,6.219829582839793
2025-02-17,20,21,03:10-03:30,3.736716324516692
2025-02-17,33,33,05:20-05:30,9.396477826029695
2025-02-17,41,41,06:40-06:50,7.778460321846978
2025-02-17,74,75,12:10-12:30,63.92048908314973
2025-02-17,102,103,16:50-17:10,21.04454614046962
2025-02-17,112,113,18:30-18:50,22.746713925704512
2025-02-17,115,116,19:00-19:20,27.710750285751487
2025-02-17,121,122,20:00-20:20,38.73637758257678
2025-02-17,130,130,21:30-21:40,3.977833142518648
2025-02-17,134,134,22:10-22:20,2.9188637912882314
2025-02-17,138,141,22:50-23:30,50.75368849848678
2025-02-18,6,6,00:50-01:00,9.332696407422077
2025-02-18,9,9,01:20-01:30,6.838634030793514
2025-02-18,12,12,01:50-02:00,15.777539149888185
2025-02-18,23,25,03:40-04:10,73.05383400447397
2025-02-18,30,30,04:50-05:00,11.179109751283022
2025-02-18,33,33,05:20-05:30,8.317061455454677
2025-02-18,36,36,05:50-06:00,3.1186978549808373
2025-02-18,51,53,08:20-08:50,81.14505735529144
2025-02-18,77,78,12:40-13:00,112.86149922734103
2025-02-18,81,81,13:20-13:30,15.820789507078416
2025-02-18,83,84,13:40-14:00,38.57498573120483
2025-02-18,90,90,14:50-15:00,10.464520026131709
2025-02-18,93,93,15:20-15:30,7.85841219709323
2025-02-18,100,100,16:30-16:40,3.208594754008999
2025-02-18,105,106,17:20-17:40,17.419803737333496
2025-02-18,112,112,18:30-18:40,5.362396723253141
2025-02-18,121,124,20:00-20:40,53.09604671667341
2025-02-18,133,133,22:00-22:10,3.9517586458746337
2025-02-18,138,138,22:50-23:00,2.984390051322407
2025-02-18,141,141,23:20-23:30,1.4360547440453502
2025-02-18,144,144,23:50-24:00,5.092980655349493
2025-02-19,6,9,00:50-01:30,47.677844742729235
2025-02-19,12,13,01:50-02:10,70.59970374391366
2025-02-19,15,19,02:20-03:10,80.68268878141885
2025-02-19,21,21,03:20-03:30,12.877439794710085
2025-02-19,29,32,04:40-05:20,46.88570400522681
2025-02-19,38,39,06:10-06:30,57.69765019081456
2025-02-19,42,43,06:50-07:10,23.610207745380123
2025-02-19,52,56,08:30-09:20,171.73745051792605
2025-02-19,59,60,09:40-10:00,70.69254067452516
2025-02-19,79,81,13:00-13:30,18.34702443366632
2025-02-19,87,94,14:20-15:40,337.94641400090177
2025-02-19,97,97,16:00-16:10,8.466066818942465
2025-02-19,105,105,17:20-17:30,1.1086379786813723
2025-02-19,120,121,19:50-20:10,49.276478326095685
2025-02-19,125,128,20:40-21:20,29.356150947493234
2025-02-19,131,132,21:40-22:00,28.672950829056163
2025-02-19,134,138,22:10-23:00,58.24505789577586
2025-02-19,142,144,23:30-24:00,122.91069709830253
2025-02-20,3,3,00:20-00:30,17.17854980918537
2025-02-20,7,7,01:00-01:10,17.77406105408602
2025-02-20,15,15,02:20-02:30,2.1717403605737218
2025-02-20,18,18,02:50-03:00,0.7429306487697431
2025-02-20,23,26,03:40-04:20,48.309703474140974
2025-02-20,33,34,05:20-05:40,27.622235311036775
2025-02-20,37,37,06:00-06:10,16.023743204932998
2025-02-20,44,49,07:10-08:10,91.25146993401486
2025-02-20,51,52,08:20-08:40,23.026540131219463
2025-02-20,62,64,10:10-10:40,102.82487779689052
2025-02-20,103,104,17:00-17:20,27.215314127798997
2025-02-20,110,112,18:10-18:40,50.49605706107946
2025-02-20,121,122,20:00-20:20,19.020368699828964
2025-02-20,126,127,20:50-21:10,32.362825450717196
2025-02-20,134,134,22:10-22:20,7.276641656797096
2025-02-20,138,139,22:50-23:10,57.17789000526352
2025-02-21,4,6,00:30-01:00,45.17588971575185
2025-02-21,9,9,01:20-01:30,14.811432425319083
2025-02-21,12,13,01:50-02:10,46.45322813528094
2025-02-21,24,24,03:50-04:00,34.26252467429907
2025-02-21,27,27,04:20-04:30,21.34006250822472
2025-02-21,33,34,05:20-05:40,32.81610351926018
2025-02-21,44,47,07:10-07:50,78.01137913541214
2025-02-21,101,101,16:40-16:50,1.7310543802757081
2025-02-21,106,108,17:30-18:00,63.397334075911914
2025-02-21,110,111,18:10-18:30,40.38966902035992
2025-02-21,117,117,19:20-19:30,43.52793854454535
2025-02-21,126,127,20:50-21:10,25.64232806290289
2025-02-21,131,132,21:40-22:00,55.028298762995064
2025-02-21,136,139,22:30-23:10,30.39102847743095
2025-02-21,143,144,23:40-24:00,46.78396660086872
2025-02-22,3,3,00:20-00:30,13.597594420318444
2025-02-22,7,9,01:00-01:30,15.617231701539708
2025-02-22,12,13,01:50-02:10,64.45617506250801
2025-02-22,17,25,02:40-04:10,106.86010998815647
2025-02-22,31,32,05:00-05:20,46.054421606226306
2025-02-22,39,39,06:20-06:30,9.5726822373245
2025-02-22,49,50,08:00-08:20,39.33762872840407
2025-02-22,73,73,12:00-12:10,8.797556334479623
2025-02-22,80,86,13:10-14:20,181.77432261387753
2025-02-22,89,89,14:40-14:50,0.45661588836867395
2025-02-22,95,96,15:40-16:00,121.00585084879572
2025-02-22,100,100,16:30-16:40,14.874690478070278
2025-02-22,103,104,17:00-17:20,45.805019818397135
2025-02-22,106,108,17:30-18:00,78.2197077688794
2025-02-22,117,117,19:20-19:30,2.632749045927028
2025-02-22,125,125,20:40-20:50,5.520738899855246
2025-02-22,129,129,21:20-21:30,7.359844058428905
2025-02-22,131,133,21:40-22:10,27.40405980392211
2025-02-22,143,144,23:40-24:00,49.27415075009861
2025-02-23,1,3,00:00-00:30,54.3499698841955
2025-02-23,8,9,01:10-01:30,26.619986373206984
2025-02-23,19,20,03:00-03:20,54.59713620213188
2025-02-23,27,28,04:20-04:40,65.90986691199987
2025-02-23,32,33,05:10-05:30,99.05567249638136
2025-02-23,37,37,06:00-06:10,15.817014082680089
2025-02-23,41,41,06:40-06:50,2.5538183332394055
2025-02-23,46,50,07:30-08:20,130.4445712621963
2025-02-23,58,62,09:30-10:20,131.1549059340506
2025-02-23,73,77,12:00-12:50,287.1587976895464
2025-02-23,83,84,13:40-14:00,51.91521008967334
2025-02-23,93,94,15:20-15:40,38.6912139896225
2025-02-23,108,109,17:50-18:10,3.9580089748651517
2025-02-23,117,118,19:20-19:40,26.305989834188495
2025-02-23,122,124,20:10-20:40,40.241789649954626
2025-02-23,127,128,21:00-21:20,30.123157487827484
2025-02-23,131,131,21:40-21:50,14.48154701276485
2025-02-23,134,135,22:10-22:30,28.634900638241902
2025-02-23,140,141,23:10-23:30,19.17934418344521
2025-02-24,4,5,00:30-00:50,32.13596034346608
2025-02-24,8,8,01:10-01:20,12.5515232530596
2025-02-24,19,19,03:00-03:10,5.098131925253483
2025-02-24,37,38,06:00-06:20,19.65404030887521
2025-02-24,40,41,06:30-06:50,23.983980661928754
2025-02-24,94,96,15:30-16:00,69.56640118530618
2025-02-24,98,102,16:10-17:00,76.45789904968706
2025-02-24,105,106,17:20-17:40,23.634170818528972
2025-02-24,122,126,20:10-21:00,86.38105470456651
2025-02-24,130,131,21:30-21:50,16.626049802605735
2025-02-24,133,134,22:00-22:20,15.696562527964147
2025-02-24,141,141,23:20-23:30,2.48881168574826
2025-02-25,1,2,00:00-00:20,10.270601197526275
2025-02-25,7,8,01:00-01:20,44.44808545203318
2025-02-25,13,14,02:00-02:20,38.09698678773543
2025-02-25,18,19,02:50-03:10,37.79122325963931
2025-02-25,21,21,03:20-03:30,3.9397420713250995
2025-02-25,26,26,04:10-04:20,0.5667078891958681
2025-02-25,35,36,05:40-06:00,63.38704969074914
2025-02-25,39,39,06:20-06:30,25.604961719587322
2025-02-25,42,44,06:50-07:20,36.528898518602205
2025-02-25,99,99,16:20-16:30,0.2218050777360645
2025-02-25,114,115,18:50-19:10,62.81502988363161
2025-02-25,125,125,20:40-20:50,2.4407408211607162
2025-02-25,128,129,21:10-21:30,15.76552121331747
2025-02-25,132,134,21:50-22:20,31.936698414264697
2025-02-25,140,142,23:10-23:40,45.11423630740887
2025-02-26,9,10,01:20-01:40,31.407925378339314
2025-02-26,15,16,02:20-02:40,7.075440321094675
2025-02-26,19,21,03:00-03:30,37.46099481510703
2025-02-26,26,27,04:10-04:30,12.456757672062054
2025-02-26,32,32,05:10-05:20,18.083707193615734
2025-02-26,53,54,08:40-09:00,22.613816186340955
2025-02-26,66,66,10:50-11:00,3.7859440621884914
2025-02-26,77,78,12:40-13:00,64.42236119132144
2025-02-26,83,83,13:40-13:50,3.375050719079809
2025-02-26,85,85,14:00-14:10,34.58947562085268
2025-02-26,88,90,14:30-15:00,123.70855629594155
2025-02-26,92,93,15:10-15:30,83.33845201060319
2025-02-26,96,99,15:50-16:30,166.44893366326352
2025-02-26,102,103,16:50-17:10,0.5024404949902674
2025-02-26,107,107,17:40-17:50,0.23631201473881447
2025-02-26,111,111,18:20-18:30,4.186691011975313
2025-02-26,114,114,18:50-19:00,5.224667719436866
2025-02-26,119,119,19:40-19:50,14.885098348466954
2025-02-26,135,135,22:20-22:30,0.6974917752336296
2025-02-26,141,141,23:20-23:30,0.5019101197526652
2025-02-27,15,15,02:20-02:30,8.876811422555647
2025-02-27,21,21,03:20-03:30,12.237106856165497
2025-02-27,26,26,04:10-04:20,7.80384301881827
2025-02-27,40,40,06:30-06:40,7.461541771473549
2025-02-27,46,47,07:30-07:50,13.931428191678947
2025-02-27,49,50,08:00-08:20,38.92755369409508
2025-02-27,53,59,08:40-09:50,328.5000417432741
2025-02-27,87,87,14:20-14:30,21.664787566033056
2025-02-27,93,93,15:20-15:30,17.442156956742338
2025-02-27,99,99,16:20-16:30,2.8796171253736134
2025-02-27,110,110,18:10-18:20,14.454054697986521
2025-02-27,112,112,18:30-18:40,0.2391721702102116
2025-02-27,120,120,19:50-20:00,2.7816620607975437
2025-02-27,124,125,20:30-20:50,5.401865357283896
2025-02-27,129,129,21:20-21:30,28.0188584024213
2025-02-28,3,3,00:20-00:30,21.697041058033903
2025-02-28,7,8,01:00-01:20,30.82298019476235
2025-02-28,10,11,01:30-01:50,14.457971858139274
2025-02-28,15,15,02:20-02:30,2.917829977628628
2025-02-28,25,25,04:00-04:10,3.373536136333655
2025-02-28,28,29,04:30-04:50,60.3800224164836
2025-02-28,31,31,05:00-05:10,14.017092354257102
2025-02-28,38,38,06:10-06:20,1.3478987338560273
2025-02-28,45,46,07:20-07:40,44.756970018611696
2025-02-28,69,70,11:20-11:40,46.2626914923012
2025-02-28,77,81,12:40-13:30,160.53112166544497
2025-02-28,100,101,16:30-16:50,23.636631239072614
2025-02-28,108,108,17:50-18:00,2.0688662981970083
2025-02-28,117,117,19:20-19:30,9.636730490854006
2025-02-28,120,120,19:50-20:00,7.126518620871082
2025-02-28,123,123,20:20-20:30,28.770159889459194
2025-02-28,127,127,21:00-21:10,3.4402076720619448
2025-02-28,130,131,21:30-21:50,26.616941748914257
2025-02-28,133,133,22:00-22:10,1.0187604224238385
2025-02-28,140,140,23:10-23:20,3.3647858336622676
2025-03-01,1,2,00:00-00:20,45.51770120410589
2025-03-01,48,48,07:50-08:00,26.694485576109685
2025-03-01,54,54,08:50-09:00,16.443333333333385
2025-03-01,66,68,10:50-11:20,191.70656594570914
2025-03-01,95,95,15:40-15:50,23.42244238245621
2025-03-01,97,99,16:00-16:30,78.55258607711545
2025-03-01,102,103,16:50-17:10,37.460364256574906
2025-03-01,110,111,18:10-18:30,52.85549430846146
2025-03-01,116,116,19:10-19:20,3.321308053691155
2025-03-01,126,127,20:50-21:10,10.022969857876035
2025-03-01,132,132,21:50-22:00,2.9305902092378346
2025-03-02,3,3,00:20-00:30,0.009526911435727925
2025-03-02,16,16,02:30-02:40,4.1824021910775855
2025-03-02,55,55,09:00-09:10,13.717184962306987
2025-03-02,64,68,10:30-11:20,342.1702891047694
2025-03-02,70,92,11:30-15:20,3821.353726829659
2025-03-02,94,96,15:30-16:00,48.70031623427877
2025-03-02,100,100,16:30-16:40,24.958347392513986
2025-03-02,104,104,17:10-17:20,9.280516718365377
2025-03-02,106,109,17:30-18:10,76.10056270467904
2025-03-02,118,118,19:30-19:40,2.686200006579952
2025-03-02,125,126,20:40-21:00,20.049009040663236
2025-03-02,129,130,21:20-21:40,43.54608252401613
2025-03-02,139,140,23:00-23:20,17.06194636136297
2025-03-02,142,142,23:30-23:40,5.585089715752019
2025-03-03,2,2,00:10-00:20,3.3304697460193893
2025-03-03,4,4,00:30-00:40,15.425716252138614
2025-03-03,10,11,01:30-01:50,40.926813291222516
2025-03-03,44,44,07:10-07:20,20.99086901471992
2025-03-03,48,50,07:50-08:20,27.33860317992935
2025-03-03,52,54,08:30-09:00,59.33158305698146
2025-03-03,56,72,09:10-12:00,1210.1675639304024
2025-03-03,75,77,12:20-12:50,79.75547541969831
2025-03-03,79,79,13:00-13:10,25.275702548267418
2025-03-03,82,83,13:30-13:50,46.00611300547075
2025-03-03,85,100,14:00-16:40,1077.555848838192
2025-03-03,114,115,18:50-19:10,15.444554306018063
2025-03-03,124,126,20:30-21:00,74.16679946703516
2025-03-03,128,129,21:10-21:30,28.764599598631435
2025-03-03,134,137,22:10-22:50,21.961834905908972
2025-03-04,3,4,00:20-00:40,18.476072549019705
2025-03-04,7,7,01:00-01:10,10.873623318857767
2025-03-04,11,12,01:40-02:00,45.65482973417545
2025-03-04,48,50,07:50-08:20,85.37964387325371
2025-03-04,67,68,11:00-11:20,39.71079190213027
2025-03-04,70,70,11:30-11:40,1.8589200026322032
2025-03-04,74,74,12:10-12:20,24.31209336002871
2025-03-04,94,95,15:30-15:50,8.586731160114937
2025-03-04,97,97,16:00-16:10,4.4200353664953695
2025-03-04,118,119,19:30-19:50,10.169760305867271
2025-03-04,135,135,22:20-22:30,7.759697986577294
2025-03-04,139,140,23:00-23:20,19.378228372154126
2025-03-04,142,144,23:30-24:00,52.588110521120825
2025-03-05,5,6,00:40-01:00,10.101832195025736
2025-03-05,35,35,05:40-05:50,1.7498128945539961
2025-03-05,81,82,13:20-13:40,21.045326485627925
2025-03-05,112,113,18:30-18:50,6.979473490872909
2025-03-05,119,119,19:40-19:50,2.117836294249173
2025-03-05,124,125,20:30-20:50,17.523853322805735
2025-03-05,133,133,22:00-22:10,0.21567385840239695
2025-03-05,136,137,22:30-22:50,15.206243729438484
2025-03-05,144,144,23:50-24:00,10.101308066850947
2025-03-06,3,3,00:20-00:30,14.452121331754142
2025-03-06,13,13,02:00-02:10,7.58327133833393
2025-03-06,16,17,02:30-02:50,26.197149703908394
2025-03-06,91,91,15:00-15:10,13.424987990901059
2025-03-06,97,97,16:00-16:10,13.132401573515324
2025-03-06,105,106,17:20-17:40,16.50002495065152
2025-03-06,108,108,17:50-18:00,17.713278720884432
2025-03-06,113,113,18:40-18:50,5.897883379391828
2025-03-06,125,125,20:40-20:50,6.914877569416944
2025-03-06,136,139,22:30-23:10,38.302281859454865
2025-03-06,144,144,23:50-24:00,6.042882616133625
2025-03-07,1,2,00:00-00:20,19.840039064350663
2025-03-07,7,8,01:00-01:20,3.982541183050273
2025-03-07,92,92,15:10-15:20,25.106650141936257
2025-03-07,103,103,17:00-17:10,10.394639296523934
2025-03-07,113,113,18:40-18:50,9.100088281352726
2025-03-07,130,132,21:30-22:00,15.72784905908668
2025-03-07,134,135,22:10-22:30,42.00797106856163
2025-03-07,141,141,23:20-23:30,3.4368995920515317
2025-03-08,2,2,00:10-00:20,6.039962284510921
2025-03-08,12,13,01:50-02:10,15.948430576391786
2025-03-08,16,18,02:30-03:00,34.048074266350625
2025-03-08,28,30,04:30-05:00,33.840902249356134
2025-03-08,100,101,16:30-16:50,15.926092651288968
2025-03-08,130,130,21:30-21:40,14.036348197131133
2025-03-08,133,134,22:00-22:20,17.19240652717457
2025-03-08,136,137,22:30-22:50,41.714992387156144
2025-03-09,12,14,01:50-02:20,49.68366275825781
2025-03-09,18,18,02:50-03:00,35.744378865640215
2025-03-09,22,24,03:30-04:00,46.871444815107566
2025-03-09,30,30,04:50-05:00,8.697960915910016
2025-03-09,112,113,18:30-18:50,69.15527598086247
2025-03-09,121,122,20:00-20:20,18.39414569022233
2025-03-09,126,126,20:50-21:00,7.050113830767032
2025-03-09,132,132,21:50-22:00,9.463176075799538
2025-03-10,1,2,00:00-00:20,5.1018302408213
2025-03-10,5,7,00:40-01:10,61.38216440321116
2025-03-10,14,15,02:10-02:30,14.561643393867826
2025-03-10,28,30,04:30-05:00,11.978990686744405
2025-03-10,33,33,05:20-05:30,13.41973022766149
2025-03-10,45,45,07:20-07:30,53.87325263662518
2025-03-10,52,52,08:30-08:40,8.801297723384664
2025-03-10,66,67,10:50-11:10,97.55199539977184
2025-03-10,72,78,11:50-13:00,888.5548782828575
2025-03-10,102,103,16:50-17:10,17.041758757730918
2025-03-10,108,108,17:50-18:00,4.394150546124479
2025-03-10,117,120,19:20-20:00,125.65989142650324
2025-03-10,128,128,21:10-21:20,14.395485656007281
2025-03-10,132,132,21:50-22:00,1.2535261218581581
2025-03-10,135,136,22:20-22:40,36.3166201079091
2025-03-10,138,138,22:50-23:00,6.607035794183503
2025-03-11,4,4,00:30-00:40,16.266730872483436
2025-03-11,8,9,01:10-01:30,25.8607517370707
2025-03-11,18,18,02:50-03:00,2.8716094222924085
2025-03-11,26,26,04:10-04:20,5.444785673866704
2025-03-11,32,33,05:10-05:30,14.336725288101889
2025-03-11,62,62,10:10-10:20,30.94405015227585
2025-03-11,90,90,14:50-15:00,17.12191364465218
2025-03-11,92,94,15:10-15:40,56.448024930912425
2025-03-11,96,99,15:50-16:30,67.54038027466027
2025-03-11,102,102,16:50-17:00,18.732627507378396
2025-03-11,109,110,18:00-18:20,4.3004904432914515
2025-03-11,117,117,19:20-19:30,24.704034741413466
2025-03-11,121,121,20:00-20:10,0.4004006579812085
2025-03-11,128,128,21:10-21:20,9.260454434794042
2025-03-11,133,133,22:00-22:10,5.899109172259614
2025-03-11,136,137,22:30-22:50,36.42977427293067
2025-03-12,3,4,00:20-00:40,31.257563093828026
2025-03-12,10,11,01:30-01:50,38.28994660481658
2025-03-12,13,14,02:00-02:20,3.282188991972589
2025-03-12,18,19,02:50-03:10,68.5499156270563
2025-03-12,22,23,03:30-03:50,49.17949732859586
2025-03-12,34,35,05:30-05:50,31.958923081984114
2025-03-12,40,40,06:30-06:40,11.761326398210144
2025-03-12,99,102,16:20-17:00,49.182891800612595
2025-03-12,105,105,17:20-17:30,16.41031653601057
2025-03-12,108,109,17:50-18:10,18.118547453612223
2025-03-12,121,122,20:00-20:20,19.693244558494712
2025-03-12,133,134,22:00-22:20,20.57369721673888
2025-03-12,136,138,22:30-23:00,54.93502940518533
2025-03-12,141,141,23:20-23:30,1.2237412817478344
2025-03-13,1,3,00:00-00:30,34.292116245558645
2025-03-13,12,12,01:50-02:00,7.984789445979686
2025-03-13,17,19,02:40-03:10,77.32762351625229
2025-03-13,36,37,05:50-06:10,31.539501643073663
2025-03-13,58,68,09:30-11:20,963.7746898454689
2025-03-13,71,82,11:40-13:40,615.266630358318
2025-03-13,101,104,16:40-17:20,64.4741897589901
2025-03-13,109,109,18:00-18:10,1.3316752401632357
2025-03-13,115,116,19:00-19:20,41.463562853194844
2025-03-13,118,121,19:30-20:10,116.02868999868383
2025-03-13,125,125,20:40-20:50,8.463234188708952
2025-03-13,133,134,22:00-22:20,24.52071730490843
2025-03-13,140,142,23:10-23:40,18.527072266087885
2025-03-14,6,6,00:50-01:00,10.760509277536528
2025-03-14,12,12,01:50-02:00,0.35477760231606226
2025-03-14,18,20,02:50-03:20,43.55479111067217
2025-03-14,25,25,04:00-04:10,13.12642182524013
2025-03-14,28,29,04:30-04:50,17.283057582764833
2025-03-14,36,37,05:50-06:10,25.767759098941667
2025-03-14,90,90,14:50-15:00,24.972834935987862
2025-03-14,94,95,15:30-15:50,10.382309781362324
2025-03-14,99,99,16:20-16:30,17.67092432274916
2025-03-14,105,105,17:20-17:30,28.590684629556463
2025-03-14,119,121,19:40-20:10,43.924631767337814
2025-03-14,124,124,20:30-20:40,10.056097782602762
2025-03-14,138,138,22:50-23:00,2.0734103171469656
2025-03-14,141,141,23:20-23:30,6.850017765495409
2025-03-15,2,5,00:10-00:50,37.99142168048411
2025-03-15,8,8,01:10-01:20,17.3908382813529
2025-03-15,15,17,02:20-02:50,51.997729957889135
2025-03-15,20,20,03:10-03:20,0.6739422555598935
2025-03-15,27,28,04:20-04:40,62.048540867219224
2025-03-15,31,33,05:00-05:30,90.01057206775333
2025-03-15,38,47,06:10-07:50,187.2593616368692
2025-03-15,70,70,11:30-11:40,2.5760852020003995
2025-03-15,109,112,18:00-18:40,41.699865449401045
2025-03-15,116,116,19:10-19:20,0.30841657454925553
2025-03-15,121,121,20:00-20:10,2.5777916962756535
2025-03-15,124,125,20:30-20:50,76.12670746150815
2025-03-15,130,130,21:30-21:40,7.078028122121282
2025-03-15,137,137,22:40-22:50,6.325174174233325
2025-03-15,142,144,23:30-24:00,53.962259869719674
2025-03-16,6,8,00:50-01:20,26.996975865245417
2025-03-16,19,20,03:00-03:20,41.30589040005282
2025-03-16,23,23,03:40-03:50,23.808036149493432
2025-03-16,34,48,05:30-08:00,498.44281187186317
2025-03-16,51,51,08:20-08:30,8.27657490177296
2025-03-16,79,84,13:00-14:00,203.1795717321819
2025-03-16,101,101,16:40-16:50,16.21469561220448
2025-03-16,109,109,18:00-18:10,4.65539023555732
2025-03-16,136,136,22:30-22:40,3.2093876496905978
2025-03-16,144,144,23:50-24:00,1.4528128701145988
2025-03-17,3,3,00:20-00:30,2.223880115804832
2025-03-17,15,15,02:20-02:30,5.540906040268283
2025-03-17,24,25,03:50-04:10,66.20314818397168
2025-03-17,28,29,04:30-04:50,25.59733213674724
2025-03-17,32,34,05:10-05:40,29.698707866636838
2025-03-17,40,40,06:30-06:40,2.493436293309287
2025-03-17,109,110,18:00-18:20,8.01112810708181
2025-03-17,120,120,19:50-20:00,32.352606921963456
2025-03-17,123,123,20:20-20:30,29.763072772733267
2025-03-18,3,3,00:20-00:30,6.161500855375493
2025-03-18,10,10,01:30-01:40,9.260167239110388
2025-03-18,14,14,02:10-02:20,0.8102541650216608
2025-03-18,20,21,03:10-03:30,5.839893597842206
2025-03-18,24,24,03:50-04:00,12.079780892222402
2025-03-18,27,28,04:20-04:40,24.37745243359059
2025-03-18,32,32,05:10-05:20,7.124630359257935
2025-03-18,37,37,06:00-06:10,6.970897818321873
2025-03-18,42,43,06:50-07:10,20.15299868027701
2025-03-18,46,47,07:30-07:50,67.26056873554779
2025-03-18,49,60,08:00-10:00,921.7824861015548
2025-03-18,100,100,16:30-16:40,3.0668783965932676
2025-03-18,104,104,17:10-17:20,2.0267929680598797
2025-03-18,110,111,18:10-18:30,9.998348397345687
2025-03-18,115,116,19:00-19:20,19.257724990130214
2025-03-18,131,131,21:40-21:50,9.921881405448062
2025-03-18,138,138,22:50-23:00,32.18815041452808
2025-03-18,143,143,23:40-23:50,17.420686017897083
2025-03-19,5,5,00:40-00:50,3.81541789709172
2025-03-19,12,13,01:50-02:10,27.488061646269216
2025-03-19,22,22,03:30-03:40,12.577614363732096
2025-03-19,26,26,04:10-04:20,1.0723131596262192
2025-03-19,35,35,05:40-05:50,0.007672925948554621
2025-03-19,37,38,06:00-06:20,27.572629523621686
2025-03-19,50,57,08:10-09:30,532.377485655067
2025-03-19,88,89,14:30-14:50,39.00810306431288
2025-03-19,107,107,17:40-17:50,0.45059979226577695
2025-03-19,113,114,18:40-19:00,28.916895109319057
2025-03-20,3,3,00:20-00:30,10.33841097512834
2025-03-20,8,11,01:10-01:50,59.261419824976656
2025-03-20,19,22,03:00-03:40,84.78887533886075
2025-03-20,24,24,03:50-04:00,1.7323022766154281
2025-03-20,30,32,04:50-05:20,35.275429757674985
2025-03-20,50,51,08:10-08:30,35.249772984227434
2025-03-20,54,55,08:50-09:10,21.22479568082315
2025-03-20,68,68,11:10-11:20,11.140373429775082
2025-03-20,93,98,15:20-16:20,212.8331039413087
2025-03-20,100,101,16:30-16:50,14.674501673152633
2025-03-20,103,104,17:00-17:20,3.8091783655743257
2025-03-20,113,115,18:40-19:10,72.27790406726433
2025-03-20,121,122,20:00-20:20,23.228141584419177
2025-03-20,128,130,21:10-21:40,23.834841433083625
2025-03-20,142,143,23:30-23:50,44.187170002632
2025-03-21,9,10,01:20-01:40,25.659106599552615
2025-03-21,14,17,02:10-02:50,67.26711453480726
2025-03-21,21,23,03:20-03:50,40.496732806948216
2025-03-21,27,27,04:20-04:30,5.452068035267814
2025-03-21,31,35,05:00-05:50,39.84907651664696
2025-03-21,39,41,06:20-06:50,56.47782838249395
2025-03-21,114,114,18:50-19:00,25.56732333201751
2025-03-21,118,118,19:30-19:40,2.5125094222923963
2025-03-21,120,120,19:50-20:00,0.6619456507435757
2025-03-21,123,124,20:20-20:40,37.60814420976436
2025-03-21,134,135,22:10-22:30,44.69613876825906
2025-03-21,138,138,22:50-23:00,6.6979181471245965
2025-03-21,141,141,23:20-23:30,10.086787735228256
2025-03-22,10,11,01:30-01:50,36.18234416370592
2025-03-22,20,20,03:10-03:20,0.5854271088300607
2025-03-22,25,26,04:00-04:20,22.055543908972936
2025-03-22,28,35,04:30-05:50,102.01401853063369
2025-03-22,82,84,13:30-14:00,131.9938690805177
2025-03-22,96,98,15:50-16:20,69.56354947831466
2025-03-22,135,135,22:20-22:30,1.867037110146157
2025-03-22,140,141,23:10-23:30,30.096674542702658
2025-03-23,5,5,00:40-00:50,14.85345409922354
2025-03-23,15,17,02:20-02:50,29.97645407948437
2025-03-23,21,22,03:20-03:40,39.801817870772425
2025-03-23,25,26,04:00-04:20,57.59447131295471
2025-03-23,30,32,04:50-05:20,29.420599921982188
2025-03-23,37,41,06:00-06:50,163.7488420863648
2025-03-23,47,48,07:40-08:00,14.581018994980525
2025-03-23,56,58,09:10-09:40,118.59314834940596
2025-03-23,65,69,10:40-11:30,189.08582334705784
2025-03-23,78,78,12:50-13:00,12.335489467599245
2025-03-23,105,105,17:20-17:30,3.566455360667618
2025-03-23,116,117,19:10-19:30,24.796061548512057
2025-03-23,120,120,19:50-20:00,0.6001473878141041
2025-03-23,123,123,20:20-20:30,25.41562376628508
2025-03-23,126,126,20:50-21:00,12.489915120410956
2025-03-23,132,132,21:50-22:00,9.871846953546537
2025-03-24,1,1,00:00-00:10,9.353931115936575
2025-03-24,15,15,02:20-02:30,5.704650611922602
2025-03-24,20,20,03:10-03:20,8.454132787208778
2025-03-24,22,22,03:30-03:40,11.112225759968283
2025-03-24,26,26,04:10-04:20,3.240155059876315
2025-03-24,31,35,05:00-05:50,81.71683144492714
2025-03-24,37,40,06:00-06:40,33.1922295593406
2025-03-24,43,44,07:00-07:20,24.279815830090627
2025-03-24,47,48,07:40-08:00,25.937168888763495
2025-03-24,85,93,14:00-15:30,352.8878799513059
2025-03-24,109,110,18:00-18:20,28.225182994942678
2025-03-24,138,139,22:50-23:10,62.0836611922623
2025-03-24,142,143,23:30-23:50,56.06500633636006
2025-03-25,5,6,00:40-01:00,38.831276806158826
2025-03-25,10,10,01:30-01:40,2.9501940979076835
2025-03-25,13,13,02:00-02:10,24.605324957231232
2025-03-25,17,17,02:40-02:50,6.007577786550769
2025-03-25,19,20,03:00-03:20,35.262772996446984
2025-03-25,23,25,03:40-04:10,81.02363492188806
2025-03-25,33,35,05:20-05:50,20.716141954768474
2025-03-25,38,42,06:10-07:00,147.44349934013923
2025-03-25,60,66,09:50-11:00,466.9106687552895
2025-03-25,69,74,11:20-12:20,348.48750825014486
2025-03-25,91,92,15:00-15:20,26.580817782415124
2025-03-25,100,101,16:30-16:50,91.25891761698
2025-03-25,117,117,19:20-19:30,16.859128832741135
2025-03-25,121,122,20:00-20:20,12.119660271088378
2025-03-25,127,128,21:00-21:20,13.285381385708433
2025-03-25,136,137,22:30-22:50,21.900255895512373
2025-03-25,140,141,23:10-23:30,28.601467337807662
2025-03-26,7,7,01:00-01:10,2.819527089090684
2025-03-26,23,24,03:40-04:00,18.79208590604037
2025-03-26,26,27,04:10-04:30,16.003329957889264
2025-03-26,33,35,05:20-05:50,28.383716065083732
2025-03-26,46,47,07:30-07:50,62.282442747166385
2025-03-26,108,108,17:50-18:00,0.38366653037021514
2025-03-26,133,134,22:00-22:20,43.45414238715637
2025-03-27,8,9,01:10-01:30,29.640599539413415
2025-03-27,13,16,02:00-02:40,117.35708462955631
2025-03-27,24,24,03:50-04:00,18.063591919989562
2025-03-27,27,30,04:20-05:00,58.9872137837689
2025-03-27,81,83,13:20-13:50,77.3955318293763
2025-03-27,95,103,15:40-17:10,213.6949210337834
2025-03-27,130,131,21:30-21:50,60.985414153177885
2025-03-27,138,139,22:50-23:10,25.92844166995667
2025-03-28,5,5,00:40-00:50,4.212957889195991
2025-03-28,7,8,01:00-01:20,26.74633332017362
2025-03-28,11,12,01:40-02:00,8.568281444926868
2025-03-28,14,15,02:10-02:30,11.585167456244221
2025-03-28,19,20,03:00-03:20,24.410386517962934
2025-03-28,33,33,05:20-05:30,8.591848927490503
2025-03-28,43,47,07:00-07:50,187.1882911849301
2025-03-28,107,107,17:40-17:50,1.4415571973758006
2025-03-28,116,117,19:10-19:30,20.514103314345903
2025-03-28,127,129,21:00-21:30,73.48904930911965
2025-03-28,136,137,22:30-22:50,5.747863482037189
2025-03-28,144,144,23:50-24:00,5.575292143702995
2025-03-29,1,1,00:00-00:10,5.802974562442387
2025-03-29,6,6,00:50-01:00,19.156550203974348
2025-03-29,9,9,01:20-01:30,5.336590998815666
2025-03-29,18,18,02:50-03:00,6.68545861297531
2025-03-29,21,22,03:20-03:40,2.4713425187523512
2025-03-29,25,26,04:00-04:20,14.11017517624508
2025-03-29,29,30,04:40-05:00,28.52421140093598
2025-03-29,42,42,06:50-07:00,4.678422019814491
2025-03-29,97,100,16:00-16:40,86.47379036057362
2025-03-29,103,104,17:00-17:20,7.6714315483242785
2025-03-29,120,121,19:50-20:10,26.75289837478607
2025-03-29,125,125,20:40-20:50,2.9424181668641722
2025-03-30,1,2,00:00-00:20,35.29320502039741
2025-03-30,11,13,01:40-02:10,69.3763510922488
2025-03-30,18,18,02:50-03:00,6.7463949203843185
2025-03-30,22,23,03:30-03:50,48.400539761810705
2025-03-30,25,26,04:00-04:20,31.95561842629662
2025-03-30,30,34,04:50-05:40,86.86105736281075
2025-03-30,61,63,10:00-10:30,70.39226782001401
2025-03-30,71,73,11:40-12:10,100.7532592888158
2025-03-30,85,89,14:00-14:50,371.20582855074827
2025-03-30,110,112,18:10-18:40,32.150302612185726
2025-03-30,115,116,19:00-19:20,20.73528122591324
2025-03-30,124,124,20:30-20:40,2.8985541650217783
2025-03-30,128,128,21:10-21:20,2.491052934596837
2025-03-30,133,134,22:00-22:20,18.062110948808936
2025-03-31,1,2,00:00-00:20,9.532081780497492
2025-03-31,5,6,00:40-01:00,35.94942868140538
2025-03-31,29,30,04:40-05:00,28.529736636399512
2025-03-31,33,36,05:20-06:00,41.24410234523365
2025-03-31,63,63,10:20-10:30,65.82615186678731
2025-03-31,68,68,11:10-11:20,7.2735985458609775
2025-03-31,70,80,11:30-13:20,939.8211278532885
2025-03-31,82,92,13:30-15:20,749.1036743537678
2025-03-31,94,95,15:30-15:50,47.57620102551027
2025-03-31,99,103,16:20-17:10,108.80127880736163
2025-03-31,106,106,17:30-17:40,2.973531892354515
2025-03-31,122,122,20:10-20:20,9.092366962758206
2025-03-31,126,126,20:50-21:00,21.404680879062767
2025-03-31,129,129,21:20-21:30,17.57282010790891
2025-03-31,132,132,21:50-22:00,0.4717416765363396
2025-04-01,1,1,00:00-00:10,3.6254195946835353
2025-04-01,5,5,00:40-00:50,17.296619305171703
2025-04-01,12,12,01:50-02:00,0.013171469930171043
2025-04-01,14,18,02:10-03:00,93.45809410448737
2025-04-01,21,22,03:20-03:40,28.033643999210312
2025-04-01,28,35,04:30-05:50,112.3111567001293
2025-04-01,57,61,09:20-10:10,94.03593384185865
2025-04-01,64,82,10:30-13:40,2641.8674259470235
2025-04-01,88,89,14:30-14:50,42.586779116612774
2025-04-01,92,93,15:10-15:30,40.433477519598
2025-04-01,103,103,17:00-17:10,15.158558255785778
2025-04-01,106,108,17:30-18:00,64.18593944973982
2025-04-01,115,115,19:00-19:10,0.7440295424210035
2025-04-01,118,118,19:30-19:40,2.0242999144624036
2025-04-01,121,122,20:00-20:20,48.77262808922217
2025-04-01,124,125,20:30-20:50,28.76115652059468
2025-04-01,130,131,21:30-21:50,40.13584176865356
2025-04-02,1,2,00:00-00:20,32.60153662324001
2025-04-02,17,17,02:40-02:50,1.2972868601132177
2025-04-02,20,20,03:10-03:20,6.175088860376377
2025-04-02,24,30,03:50-05:00,58.49805696802238
2025-04-02,32,33,05:10-05:30,47.00310634763994
2025-04-02,37,38,06:00-06:20,5.958519001560035
2025-04-02,43,77,07:00-12:50,3100.9673596507064
2025-04-02,109,110,18:00-18:20,10.96231563081613
2025-04-02,112,112,18:30-18:40,3.9482772977648066
2025-04-02,118,119,19:30-19:50,39.540097839001305
2025-04-02,123,124,20:20-20:40,46.2626203513621
2025-04-02,139,139,23:00-23:10,28.97042089090678
2025-04-03,2,2,00:10-00:20,10.451450881694882
2025-04-03,13,14,02:00-02:20,30.152349651269674
2025-04-03,19,20,03:00-03:20,8.601395683642522
2025-04-03,26,27,04:10-04:30,9.589665762412361
2025-04-03,32,33,05:10-05:30,32.1551678989715
2025-04-03,37,37,06:00-06:10,2.1828062715018177
2025-04-03,41,45,06:40-07:30,146.13087443836616
2025-04-03,47,48,07:40-08:00,18.2242698541163
2025-04-03,52,52,08:30-08:40,29.021556584513405
2025-04-03,55,56,09:00-09:20,63.01634667907456
2025-04-03,84,84,13:50-14:00,20.926946778709635
2025-04-03,111,111,18:20-18:30,11.912761547571904
2025-04-03,114,115,18:50-19:10,4.340163847686767
2025-04-03,123,123,20:20-20:30,5.121196868009065
2025-04-03,127,127,21:00-21:10,8.249046710093467
2025-04-03,137,137,22:40-22:50,0.0378959139361541
2025-04-03,142,143,23:30-23:50,38.31238107645743
2025-04-04,3,3,00:20-00:30,3.1500342150281995
2025-04-04,10,10,01:30-01:40,6.001875753388617
2025-04-04,22,24,03:30-04:00,37.48575548474408
2025-04-04,28,28,04:30-04:40,13.758477569417039
2025-04-04,40,42,06:30-07:00,45.63897914951224
2025-04-04,111,112,18:20-18:40,28.202696219427366
2025-04-04,120,121,19:50-20:10,23.990114560186214
2025-04-04,125,126,20:40-21:00,13.537902612185746
2025-04-04,132,132,21:50-22:00,4.045278984076958
2025-04-04,138,138,22:50-23:00,11.617114093959856
2025-04-05,3,4,00:20-00:40,22.64988147124609
2025-04-05,7,10,01:00-01:40,45.148377174628365
2025-04-05,14,15,02:10-02:30,12.276799888143103
2025-04-05,24,25,03:50-04:10,18.481116989077236
2025-04-05,87,87,14:20-14:30,8.629886827214023
2025-04-05,90,90,14:50-15:00,2.00427779501058
2025-04-05,92,95,15:10-15:50,256.6185615964498
2025-04-05,104,107,17:10-17:50,81.47384232511803
2025-04-05,113,113,18:40-18:50,2.953171524448635
2025-04-05,118,119,19:30-19:50,36.091497372774484
2025-04-05,124,125,20:30-20:50,17.67924131464696
2025-04-05,131,133,21:40-22:10,8.64916348861692
2025-04-05,140,140,23:10-23:20,10.49199798657719
2025-04-06,12,12,01:50-02:00,2.43197723384651
2025-04-06,27,27,04:20-04:30,39.11257402289755
2025-04-06,30,30,04:50-05:00,20.34098039215712
2025-04-06,45,46,07:20-07:40,16.377779948489263
2025-04-06,93,94,15:20-15:40,10.14517020754613
2025-04-06,114,114,18:50-19:00,35.9346966706147
2025-04-06,126,126,20:50-21:00,4.243854454533448
2025-04-06,129,131,21:20-21:50,23.509149138044336
2025-04-07,7,8,01:00-01:20,32.867475148045855
2025-04-07,17,19,02:40-03:10,10.627200835636245
2025-04-07,25,27,04:00-04:30,50.82517732878363
2025-04-07,76,76,12:30-12:40,11.259636981369795
2025-04-07,80,80,13:10-13:20,4.6369404996894446
2025-04-07,111,111,18:20-18:30,0.05412027898410088
2025-04-07,122,122,20:10-20:20,1.3056221739702778
2025-04-07,127,127,21:00-21:10,19.818897368074772
2025-04-07,131,131,21:40-21:50,21.82583374128194
2025-04-07,134,135,22:10-22:30,16.005888235294037
2025-04-07,138,138,22:50-23:00,2.3119252533228973
2025-04-07,140,141,23:10-23:30,4.972153355704677
2025-04-08,1,1,00:00-00:10,0.9879001644951586
2025-04-08,21,21,03:20-03:30,5.689276220555371
2025-04-08,27,27,04:20-04:30,2.7777404921700963
2025-04-08,38,41,06:10-06:50,169.8654984988625
2025-04-08,44,46,07:10-07:40,56.57107050551758
2025-04-08,50,53,08:10-08:50,68.99069779858189
2025-04-08,57,57,09:20-09:30,16.181327430300826
2025-04-08,101,106,16:40-17:40,157.29195938563365
2025-04-08,108,113,17:50-18:50,46.39053524241932
2025-04-08,119,120,19:40-20:00,23.131592742466296
2025-04-08,124,124,20:30-20:40,4.323346150809243
2025-04-08,128,128,21:10-21:20,8.406687524674112
2025-04-08,135,135,22:20-22:30,11.913241873930701
2025-04-08,138,139,22:50-23:10,13.450238083958084
2025-04-08,143,144,23:40-24:00,20.64691807474651
2025-04-09,3,3,00:20-00:30,8.864034083432102
2025-04-09,9,9,01:20-01:30,2.790856033688783
2025-04-09,24,25,03:50-04:10,15.655122285826792
2025-04-09,38,43,06:10-07:10,68.18332617637611
2025-04-09,55,56,09:00-09:20,19.302094639333063
2025-04-09,63,63,10:20-10:30,84.97949443535776
2025-04-09,67,72,11:00-12:00,631.1236406463258
2025-04-09,75,80,12:20-13:20,421.71956253360486
2025-04-09,84,96,13:50-16:00,429.2237146259848
2025-04-09,110,110,18:10-18:20,20.160156711409172
2025-04-09,125,125,20:40-20:50,17.515109659165773
2025-04-09,132,132,21:50-22:00,32.036871298854976
2025-04-09,135,136,22:20-22:40,78.81734270298716
2025-04-09,142,142,23:30-23:40,5.224573042505654
2025-04-10,4,6,00:30-01:00,29.483665107251113
2025-04-10,10,11,01:30-01:50,12.756114311093484
2025-04-10,20,20,03:10-03:20,1.8849740623766138
2025-04-10,22,22,03:30-03:40,4.369023963679524
2025-04-10,37,37,06:00-06:10,8.579865444701568
2025-04-10,40,40,06:30-06:40,14.196473318857784
2025-04-10,44,44,07:10-07:20,2.9859880416597093
2025-04-10,56,59,09:10-09:50,264.10632805690574
2025-04-10,61,62,10:00-10:20,17.929854494012716
2025-04-10,96,99,15:50-16:30,214.22817749233877
2025-04-10,102,104,16:50-17:20,25.01226431673288
2025-04-10,108,109,17:50-18:10,31.662656741488544
2025-04-10,112,112,18:30-18:40,1.99522894459788
2025-04-10,116,116,19:10-19:20,21.612718074746567
2025-04-10,125,125,20:40-20:50,1.3089697657584338
2025-04-10,131,132,21:40-22:00,6.302589070930139
2025-04-10,141,141,23:20-23:30,2.9852803000394488
2025-04-11,8,9,01:10-01:30,43.057830898802365
2025-04-11,20,21,03:10-03:30,21.57326552835889
2025-04-11,24,25,03:50-04:10,7.27107218712996
2025-04-11,31,31,05:00-05:10,8.469479128832745
2025-04-11,35,39,05:40-06:30,91.84786930329159
2025-04-11,105,105,17:20-17:30,2.849778424792788
2025-04-11,112,114,18:30-19:00,85.22009713966128
2025-04-11,117,118,19:20-19:40,30.82254483390699
2025-04-11,129,129,21:20-21:30,0.18697394393996092
2025-04-11,132,136,21:50-22:40,76.95052085142811
2025-04-11,139,140,23:00-23:20,34.107211889722294
2025-04-12,4,5,00:30-00:50,25.266780332938595
2025-04-12,22,22,03:30-03:40,13.15809757862877
2025-04-12,100,101,16:30-16:50,26.86989572688134
2025-04-12,107,108,17:40-18:00,75.59811851841397
2025-04-12,136,137,22:30-22:50,19.973713363600382
2025-04-13,15,16,02:20-02:40,27.426644834846456
2025-04-13,31,31,05:00-05:10,2.4699307869456413
2025-04-13,36,39,05:50-06:30,21.526414924895903
2025-04-13,41,43,06:40-07:10,47.712271724663196
2025-04-13,54,54,08:50-09:00,0.8436609375295347
2025-04-13,58,58,09:30-09:40,12.240921093000907
2025-04-13,98,98,16:10-16:20,0.7747213176545529
2025-04-13,100,104,16:30-17:20,109.08722270881546
2025-04-13,116,116,19:10-19:20,17.208273976838996
2025-04-13,124,128,20:30-21:20,59.56192208843288
2025-04-13,132,132,21:50-22:00,1.215044084748115
2025-04-13,137,138,22:40-23:00,5.264484616396658
2025-04-14,4,5,00:30-00:50,57.40614572970128
2025-04-14,7,7,01:00-01:10,8.133829924989982
2025-04-14,14,14,02:10-02:20,3.5050531714698536
2025-04-14,17,18,02:40-03:00,20.15590939597314
2025-04-14,29,30,04:40-05:00,13.749546601056522
2025-04-14,35,37,05:40-06:10,27.75216709341415
2025-04-14,41,43,06:40-07:10,24.142470253604415
2025-04-14,112,113,18:30-18:50,70.50634539225109
2025-04-14,115,116,19:00-19:20,10.405866299137074
2025-04-14,118,119,19:30-19:50,19.2764658056509
2025-04-14,124,124,20:30-20:40,18.844953184629844
2025-04-14,130,130,21:30-21:40,0.682174233451974
2025-04-15,82,84,13:30-14:00,47.848924205252615
2025-04-15,93,95,15:20-15:50,25.397244862105822
2025-04-15,119,119,19:40-19:50,11.378884043953121
2025-04-15,127,127,21:00-21:10,0.7351749374919336
2025-04-15,131,131,21:40-21:50,9.41402326621926
2025-04-16,5,6,00:40-01:00,34.69862908935386
2025-04-16,10,12,01:30-02:00,54.05379398605055
2025-04-16,15,15,02:20-02:30,2.0654513751810555
2025-04-16,24,24,03:50-04:00,13.764457823397606
2025-04-16,43,43,07:00-07:10,22.72399063316618
2025-04-16,46,46,07:30-07:40,3.4761462062677992
2025-04-16,52,53,08:30-08:50,21.556187633711374
2025-04-16,61,62,10:00-10:20,99.93671240576646
2025-04-16,67,67,11:00-11:10,30.877960651777585
2025-04-16,71,73,11:40-12:10,156.7183904038127
2025-04-16,75,76,12:20-12:40,43.30408975711066
2025-04-16,88,89,14:30-14:50,36.22323940086142
2025-04-16,91,92,15:00-15:20,63.68539373507792
2025-04-16,97,98,16:00-16:20,18.80872610305846
2025-04-16,112,113,18:30-18:50,26.516367921531128
2025-04-16,127,128,21:00-21:20,28.483691143571605
2025-04-16,137,138,22:40-23:00,16.922759264376737
2025-04-16,142,144,23:30-24:00,12.436999177523376
2025-04-17,6,7,00:50-01:10,8.142107783918846
2025-04-17,18,18,02:50-03:00,14.412305566521695
2025-04-17,21,21,03:20-03:30,1.2325233583367208
2025-04-17,34,34,05:30-05:40,3.9161095463689897
2025-04-17,44,44,07:10-07:20,6.570357640102998
2025-04-17,49,51,08:00-08:30,62.62998397815579
2025-04-17,66,67,10:50-11:10,81.59397216551088
2025-04-17,80,80,13:10-13:20,2.1961058325341583
2025-04-17,86,88,14:10-14:40,40.37219575883921
2025-04-17,99,99,16:20-16:30,8.704923462673435
2025-04-17,104,104,17:10-17:20,10.033383842799083
2025-04-17,108,109,17:50-18:10,14.504338180775513
2025-04-17,117,117,19:20-19:30,2.583034609816991
2025-04-17,120,120,19:50-20:00,3.9432833267535443
2025-04-17,123,123,20:20-20:30,7.364423608369634
2025-04-17,129,129,21:20-21:30,11.882462166074674
2025-04-18,1,2,00:00-00:20,23.269036031056885
2025-04-18,12,18,01:50-03:00,101.21532174628243
2025-04-18,21,21,03:20-03:30,8.472229240689614
2025-04-18,26,26,04:10-04:20,4.912816331096337
2025-04-18,91,92,15:00-15:20,25.620533403831246
2025-04-18,110,112,18:10-18:40,33.68078548587209
2025-04-18,139,139,23:00-23:10,8.953721075141402
2025-04-19,1,2,00:00-00:20,46.93398181997634
2025-04-19,13,14,02:00-02:20,87.57528966969352
2025-04-19,34,34,05:30-05:40,2.355806728328883
2025-04-19,45,45,07:20-07:30,22.950827552497707
2025-04-19,114,116,18:50-19:20,42.76410384919069
2025-04-19,133,134,22:00-22:20,54.30484045269117
2025-04-20,4,4,00:30-00:40,9.47686943018823
2025-04-20,14,14,02:10-02:20,13.053609948677604
2025-04-20,29,30,04:40-05:00,38.82957758257669
2025-04-20,33,34,05:20-05:40,24.88470446487297
2025-04-20,39,39,06:20-06:30,7.155932806008309
2025-04-20,46,47,07:30-07:50,38.09006457146609
2025-04-20,51,53,08:20-08:50,119.72123651890308
2025-04-20,55,55,09:00-09:10,10.325609064162336
2025-04-20,85,87,14:00-14:30,58.80646825710164
2025-04-20,99,100,16:20-16:40,48.80782698663381
2025-04-20,103,103,17:00-17:10,3.367267233470727
2025-04-20,107,107,17:40-17:50,11.809021707743483
2025-04-20,129,129,21:20-21:30,0.6830635609948104
2025-04-20,133,133,22:00-22:10,1.6113991643635472
2025-04-20,140,140,23:10-23:20,15.003440268456188
2025-04-20,144,144,23:50-24:00,33.232195025661326
2025-04-21,3,3,00:20-00:30,3.742730622450267
2025-04-21,6,6,00:50-01:00,0.7010896170548904
2025-04-21,9,10,01:20-01:40,15.3073655283589
2025-04-21,16,16,02:30-02:40,3.581496854849206
2025-04-21,19,21,03:00-03:30,53.251295703382084
2025-04-21,26,26,04:10-04:20,17.088221976575824
2025-04-21,29,30,04:40-05:00,6.033757823397991
2025-04-21,32,34,05:10-05:40,38.05937972947551
2025-04-21,39,39,06:20-06:30,8.95112794446618
2025-04-21,109,109,18:00-18:10,13.939831842535924
2025-04-21,121,124,20:00-20:40,52.33712957156047
2025-04-21,128,129,21:10-21:30,18.79281645611252
2025-04-21,133,133,22:00-22:10,2.071504283458353
2025-04-21,136,137,22:30-22:50,74.71311728516889
2025-04-22,4,4,00:30-00:40,9.993829359126153
2025-04-22,13,13,02:00-02:10,3.7563138768259705
2025-04-22,17,17,02:40-02:50,6.069869166995545
2025-04-22,22,23,03:30-03:50,45.46898651138318
2025-04-22,26,27,04:10-04:30,25.50705221739713
2025-04-22,30,31,04:50-05:10,32.66684899610857
2025-04-22,43,43,07:00-07:10,8.090318468595683
2025-04-22,72,78,11:50-13:00,239.32373252965544
2025-04-22,82,82,13:30-13:40,12.848233047581743
2025-04-22,87,90,14:20-15:00,54.87763650010311
2025-04-22,93,93,15:20-15:30,54.483184488560596
2025-04-22,111,111,18:20-18:30,26.300606000789685
2025-04-22,129,130,21:20-21:40,46.584851559415824
2025-04-22,140,140,23:10-23:20,14.947291617318115
2025-04-22,143,144,23:40-24:00,38.393269035399385
2025-04-23,1,3,00:00-00:30,66.15447944466393
2025-04-23,6,7,00:50-01:10,38.41902822081852
2025-04-23,11,11,01:40-01:50,2.1118269903935243
2025-04-23,13,13,02:00-02:10,1.8201223911040643
2025-04-23,26,26,04:10-04:20,5.552824115015028
2025-04-23,34,35,05:30-05:50,43.455414832778814
2025-04-23,44,45,07:10-07:30,48.09241610926233
2025-04-23,69,70,11:20-11:40,36.52807903765529
2025-04-23,77,79,12:40-13:10,20.59104260711024
2025-04-23,81,81,13:20-13:30,17.129907812118063
2025-04-23,111,111,18:20-18:30,18.553839320963288
2025-04-23,120,121,19:50-20:10,30.130441202789825
2025-04-23,130,130,21:30-21:40,4.161882491117353
2025-04-23,144,144,23:50-24:00,2.1742814844058103
2025-04-24,1,1,00:00-00:10,9.584726885116652
2025-04-24,8,8,01:10-01:20,1.5835536649559572
2025-04-24,12,12,01:50-02:00,3.4048532701671093
2025-04-24,34,34,05:30-05:40,7.389017387626424
2025-04-24,37,39,06:00-06:30,7.559061352057483
2025-04-24,106,107,17:30-17:50,28.289765387362962
2025-04-24,110,111,18:10-18:30,22.896137369578742
2025-04-24,123,123,20:20-20:30,11.505357283852959
2025-04-24,128,130,21:10-21:40,9.920892137123133
2025-04-24,141,141,23:20-23:30,4.258747203579446
2025-04-24,144,144,23:50-24:00,12.834775628372142
2025-04-25,4,5,00:30-00:50,13.101475628372043
2025-04-25,26,26,04:10-04:20,13.648509632846412
2025-04-25,40,40,06:30-06:40,3.2550710431823404
2025-04-25,78,79,12:50-13:10,48.87948768728961
2025-04-25,106,106,17:30-17:40,0.025380221081690024
2025-04-25,122,123,20:10-20:30,38.258369659541586
2025-04-25,126,126,20:50-21:00,8.803694565074238
2025-04-25,133,133,22:00-22:10,7.744426694301637
2025-04-25,137,138,22:40-23:00,15.871207343071319
2025-04-25,142,143,23:30-23:50,41.89282091722589
2025-04-26,6,7,00:50-01:10,14.260573924200514
2025-04-26,16,17,02:30-02:50,14.565585636268054
2025-04-26,20,20,03:10-03:20,4.914316804842542
2025-04-26,27,27,04:20-04:30,37.47175812606929
2025-04-26,31,31,05:00-05:10,16.02361253172422
2025-04-26,35,37,05:40-06:10,26.70213389637746
2025-04-26,85,85,14:00-14:10,6.7552625270243425
2025-04-26,90,90,14:50-15:00,21.556311474253903
2025-04-26,94,94,15:30-15:40,12.941055335288524
2025-04-26,98,99,16:10-16:30,11.837488623503305
2025-04-26,101,104,16:40-17:20,91.5519845383784
2025-04-26,106,106,17:30-17:40,18.580082968623742
2025-04-26,112,114,18:30-19:00,40.12037782038999
2025-04-26,126,126,20:50-21:00,20.875616528490525
2025-04-26,132,132,21:50-22:00,2.8166357415448147
2025-04-26,135,136,22:20-22:40,56.58226328464252
2025-04-26,141,142,23:20-23:40,21.50380573101711
2025-04-27,3,4,00:20-00:40,73.12853919594681
2025-04-27,22,24,03:30-04:00,53.67955266670424
2025-04-27,39,39,06:20-06:30,8.812252129039507
2025-04-27,44,46,07:10-07:40,74.76257810614186
2025-04-27,49,50,08:00-08:20,103.72090198616331
2025-04-27,90,105,14:50-17:30,653.6844328981225
2025-04-27,108,109,17:50-18:10,61.98455073035946
2025-04-27,118,119,19:30-19:50,22.910844697610514
2025-04-27,122,122,20:10-20:20,3.7624275694171274
2025-04-27,135,135,22:20-22:30,1.6542795104619472
2025-04-27,139,140,23:00-23:20,31.313486169232874
2025-04-27,144,144,23:50-24:00,14.580530990919783
2025-04-28,7,7,01:00-01:10,12.911640209238044
2025-04-28,11,12,01:40-02:00,68.41884654559817
2025-04-28,27,28,04:20-04:40,18.61977295038821
2025-04-28,51,98,08:20-16:20,5263.333975514636
2025-04-28,101,102,16:40-17:00,43.05266321038482
2025-04-28,105,108,17:20-18:00,51.66567441674685
2025-04-28,125,126,20:40-21:00,52.296539261745124
2025-04-28,132,133,21:50-22:10,17.103705684958413
2025-04-28,141,141,23:20-23:30,3.471444268982623
2025-04-29,24,24,03:50-04:00,4.414889459139431
2025-04-29,28,28,04:30-04:40,4.580999782866115
2025-04-29,90,90,14:50-15:00,32.639860108473044
2025-04-29,93,101,15:20-16:50,492.9585156646559
2025-04-29,116,116,19:10-19:20,11.819229644878305
2025-04-29,122,123,20:10-20:30,29.451571443611215
2025-04-29,135,136,22:20-22:40,3.4041956704832046
2025-04-29,142,142,23:30-23:40,0.13712210817220694
2025-04-30,8,8,01:10-01:20,4.53320278326089
2025-04-30,14,17,02:10-02:50,59.45806745624441
2025-04-30,37,37,06:00-06:10,7.5158731073637455
2025-04-30,41,43,06:40-07:10,48.02949359408183
2025-04-30,63,71,10:20-11:50,429.61011062733974
2025-04-30,73,78,12:00-13:00,233.62755934145525
2025-04-30,116,117,19:10-19:30,36.66533166864065
2025-04-30,119,120,19:40-20:00,9.897794222923949
2025-04-30,125,127,20:40-21:10,63.44491212659557
2025-04-30,134,134,22:10-22:20,7.99420378339255
2025-04-30,143,144,23:40-24:00,33.45178736675871
2025-05-01,1,1,00:00-00:10,3.5198634754574414
2025-05-01,3,3,00:20-00:30,8.675834320305285
2025-05-01,14,15,02:10-02:30,0.3031385906039077
2025-05-01,19,20,03:00-03:20,33.878754678247105
2025-05-01,23,24,03:40-04:00,33.147693969131026
2025-05-01,27,28,04:20-04:40,39.895985153121615
2025-05-01,32,32,05:10-05:20,17.04248494256769
2025-05-01,40,44,06:30-07:20,188.73229288346232
2025-05-01,46,48,07:30-08:00,83.61258650762272
2025-05-01,90,90,14:50-15:00,3.9737149624953645
2025-05-01,96,96,15:50-16:00,10.672446750512336
2025-05-01,101,113,16:40-18:50,698.4730322222842
2025-05-01,115,143,19:00-23:50,1504.2179859868784
2025-05-02,9,11,01:20-01:50,33.03671154757194
2025-05-02,18,18,02:50-03:00,12.729327543097781
2025-05-02,27,28,04:20-04:40,20.99038490590874
2025-05-02,32,32,05:10-05:20,11.974275119846586
2025-05-02,37,45,06:00-07:30,174.58567905551445
2025-05-02,75,82,12:20-13:40,520.512783262835
2025-05-02,86,93,14:10-15:30,430.83131460154607
2025-05-02,98,112,16:10-18:40,893.971701811328
2025-05-02,115,128,19:00-21:20,702.5505543962554
2025-05-02,130,136,21:30-22:40,334.1380079089357
2025-05-02,138,140,22:50-23:20,45.41617115409929
2025-05-02,142,144,23:30-24:00,84.3351057244376
2025-05-03,8,11,01:10-01:50,129.73910379655217
2025-05-03,24,24,03:50-04:00,12.187499013028116
2025-05-03,35,35,05:40-05:50,2.697477573177082
2025-05-03,44,44,07:10-07:20,1.8645846436561442
2025-05-03,98,98,16:10-16:20,13.945703271107277
2025-05-03,105,106,17:20-17:40,6.8002930629969
2025-05-03,110,124,18:10-20:40,671.1885351456019
2025-05-03,126,132,20:50-22:00,425.3833597315435
2025-05-03,135,135,22:20-22:30,24.500759968416787
2025-05-03,139,141,23:00-23:30,81.31285873799197
2025-05-04,1,4,00:00-00:40,63.26281934465078
2025-05-04,6,8,00:50-01:20,19.220177260165883
2025-05-04,12,12,01:50-02:00,11.11357678641923
2025-05-04,18,20,02:50-03:20,57.9401484340043
2025-05-04,25,26,04:00-04:20,19.100834328764957
2025-05-04,32,32,05:10-05:20,3.7803000930572113
2025-05-04,34,35,05:30-05:50,6.233309101761705
2025-05-04,77,79,12:40-13:10,55.74093172409948
2025-05-04,106,109,17:30-18:10,82.43144332524962
2025-05-04,112,118,18:30-19:40,282.3184074492886
2025-05-04,120,122,19:50-20:20,86.71142143327131
2025-05-04,124,134,20:30-22:20,475.8465842084489
2025-05-04,136,137,22:30-22:50,27.143566363995433
2025-05-04,139,143,23:00-23:50,62.744509665745454
2025-05-05,1,3,00:00-00:30,86.89081382418738
2025-05-05,6,6,00:50-01:00,5.084877615475762
2025-05-05,10,10,01:30-01:40,0.31540684300557587
2025-05-05,13,14,02:00-02:20,85.34656803526786
2025-05-05,29,30,04:40-05:00,17.32043046077484
2025-05-05,33,33,05:20-05:30,10.438027865508818
2025-05-05,40,41,06:30-06:50,59.79126163122987
2025-05-05,43,50,07:00-08:20,457.37910168913186
2025-05-05,56,57,09:10-09:30,72.70536662718814
2025-05-05,100,107,16:30-17:50,291.0154141475388
2025-05-05,110,114,18:10-19:00,204.23286779087482
2025-05-05,117,117,19:20-19:30,29.801313330701646
2025-05-05,121,122,20:00-20:20,110.2161438036959
2025-05-05,127,129,21:00-21:30,45.040025055928595
2025-05-05,133,134,22:00-22:20,18.988200355309687
2025-05-05,136,136,22:30-22:40,1.1822170285563516
2025-05-05,140,143,23:10-23:50,88.97440203316228
2025-05-06,4,6,00:30-01:00,82.96312945124362
2025-05-06,14,16,02:10-02:40,46.7816293591261
2025-05-06,19,20,03:00-03:20,43.52787016712716
2025-05-06,25,29,04:00-04:50,126.66659802229583
2025-05-06,45,45,07:20-07:30,16.129508041471354
2025-05-06,48,51,07:50-08:30,156.52914629932502
2025-05-06,56,59,09:10-09:50,221.3543258887455
2025-05-06,106,107,17:30-17:50,44.073168212922525
2025-05-06,112,113,18:30-18:50,86.2980728451113
2025-05-06,116,117,19:10-19:30,72.37160263192527
2025-05-06,120,120,19:50-20:00,27.130228977496927
2025-05-06,129,129,21:20-21:30,57.45877944466372
2025-05-06,131,138,21:40-23:00,302.35239755231055
2025-05-07,4,5,00:30-00:50,61.350419265692835
2025-05-07,18,19,02:50-03:10,12.074882524016402
2025-05-07,31,33,05:00-05:30,25.20985894290609
2025-05-07,40,41,06:30-06:50,9.949130506833683
2025-05-07,54,55,08:50-09:10,33.08237351719174
2025-05-07,88,90,14:30-15:00,67.04302135149305
2025-05-07,99,100,16:20-16:40,43.129487134585474
2025-05-07,103,110,17:00-18:20,259.2028781559611
2025-05-07,114,114,18:50-19:00,12.153849848664322
2025-05-07,117,118,19:20-19:40,58.582676216795676
2025-05-07,122,124,20:10-20:40,107.8295779905252
2025-05-07,128,128,21:10-21:20,5.879630096065284
2025-05-07,132,132,21:50-22:00,15.206091590998767
2025-05-07,138,139,22:50-23:10,69.65602593104313
2025-05-08,2,3,00:10-00:30,63.65355830372414
2025-05-08,16,17,02:30-02:50,7.484458751151465
2025-05-08,30,31,04:50-05:10,81.82116279773652
2025-05-08,66,67,10:50-11:10,111.3389403577537
2025-05-08,69,69,11:20-11:30,12.939543971950798
2025-05-08,73,74,12:00-12:20,65.08072709567045
2025-05-08,87,89,14:20-14:50,147.0494654823001
2025-05-08,107,107,17:40-17:50,0.5363360564356583
2025-05-08,121,122,20:00-20:20,161.24558535521567
2025-05-08,130,131,21:30-21:50,31.34486423213548
2025-05-08,143,143,23:40-23:50,30.175639459139347
2025-05-09,5,7,00:40-01:10,62.341664271614775
2025-05-09,11,11,01:40-01:50,3.1508268653770983
2025-05-09,16,17,02:30-02:50,19.04956864719037
2025-05-09,19,19,03:00-03:10,5.74734012370044
2025-05-09,102,103,16:50-17:10,31.693629298967778
2025-05-09,120,120,19:50-20:00,11.18117449664419
2025-05-10,15,15,02:20-02:30,9.932906303460868
2025-05-10,19,19,03:00-03:10,12.992210593499124
2025-05-10,25,26,04:00-04:20,27.348093270731358
2025-05-10,29,29,04:40-04:50,4.5988146391442255
2025-05-10,33,34,05:20-05:40,37.94531777771487
2025-05-10,46,47,07:30-07:50,26.031402807070435
2025-05-10,81,83,13:20-13:50,76.70104569962155
2025-05-10,98,98,16:10-16:20,34.80613333333338
2025-05-10,126,126,20:50-21:00,6.404675615212454
2025-05-10,138,140,22:50-23:20,35.457387037768285
2025-05-11,6,6,00:50-01:00,8.904495986314032
2025-05-11,9,10,01:20-01:40,56.01758930122389
2025-05-11,12,14,01:50-02:20,57.612932398999874
2025-05-11,16,17,02:30-02:50,17.65771572575352
2025-05-11,24,24,03:50-04:00,4.355794183445255
2025-05-11,28,31,04:30-05:10,24.25622661252443
2025-05-11,61,61,10:00-10:10,5.020337822645388
2025-05-11,67,68,11:00-11:20,36.874662971631324
2025-05-11,86,87,14:10-14:30,31.70450176903023
2025-05-11,111,113,18:20-18:50,22.778094873385193
2025-05-11,116,117,19:10-19:30,85.15332099618308
2025-05-11,123,123,20:20-20:30,1.1189143308329221
2025-05-11,141,143,23:20-23:50,19.550385103303142
2025-05-12,10,11,01:30-01:50,34.61062510198724
2025-05-12,18,19,02:50-03:10,33.940895499407816
2025-05-12,36,36,05:50-06:00,6.683730519053256
2025-05-12,71,71,11:40-11:50,49.94185024627336
2025-05-12,74,78,12:10-13:00,381.51260184986677
2025-05-12,102,103,16:50-17:10,24.782720244205393
2025-05-12,111,111,18:20-18:30,11.360241361645357
2025-05-12,116,117,19:10-19:30,17.20024290038168
2025-05-13,6,7,00:50-01:10,4.567351664692751
2025-05-13,12,12,01:50-02:00,0.05213120147391237
2025-05-13,26,26,04:10-04:20,8.912070831688276
2025-05-13,35,36,05:40-06:00,37.31784252721221
2025-05-13,71,72,11:40-12:00,36.2027995582132
2025-05-13,115,115,19:00-19:10,6.9576027654013615
2025-05-14,21,24,03:20-04:00,60.11633818077562
2025-05-14,29,30,04:40-05:00,40.598512616321656
2025-05-14,36,36,05:50-06:00,12.577915068712059
2025-05-14,39,40,06:20-06:40,58.96218509860296
2025-05-14,104,104,17:10-17:20,8.977719627582417
2025-05-14,136,136,22:30-22:40,3.9569948545863554
2025-05-15,12,13,01:50-02:10,39.32041784445312
2025-05-15,17,18,02:40-03:00,19.199553151730356
2025-05-15,27,29,04:20-04:50,8.12060658169297
2025-05-15,36,36,05:50-06:00,10.649534125730725
2025-05-15,42,42,06:50-07:00,27.10794409038772
2025-05-15,45,46,07:20-07:40,33.53606382794709
2025-05-15,96,100,15:50-16:40,191.5454969441472
2025-05-16,3,3,00:20-00:30,20.57435649427555
2025-05-16,9,9,01:20-01:30,7.6522055533623075
2025-05-16,13,13,02:00-02:10,1.5894973351757358
2025-05-16,31,31,05:00-05:10,0.999040228977477
2025-05-16,128,128,21:10-21:20,25.23170284247908
2025-05-16,142,143,23:30-23:50,51.700405684958525
2025-05-17,13,14,02:00-02:20,7.83903535333593
2025-05-17,21,23,03:20-03:50,104.1332611537232
2025-05-17,31,31,05:00-05:10,3.30509001560361
2025-05-17,71,71,11:40-11:50,31.674045129999513
2025-05-17,84,85,13:50-14:10,101.32477577406803
2025-05-17,89,91,14:40-15:10,127.40922935066658
2025-05-17,101,102,16:40-17:00,87.79964101855535
2025-05-17,118,118,19:30-19:40,12.467686878912673
2025-05-17,123,123,20:20-20:30,5.127639821028765
2025-05-17,137,137,22:40-22:50,26.587207106198093
2025-05-18,9,11,01:20-01:50,49.62169492038436
2025-05-18,14,15,02:10-02:30,23.933478707724817
2025-05-18,18,18,02:50-03:00,15.693328727464177
2025-05-18,22,24,03:30-04:00,43.46795289605791
2025-05-18,27,27,04:20-04:30,4.385102645084885
2025-05-18,33,33,05:20-05:30,0.7228431842535201
2025-05-18,35,35,05:40-05:50,13.736246592596814
2025-05-18,42,42,06:50-07:00,35.662412758671735
2025-05-18,48,48,07:50-08:00,2.442981971312065
2025-05-18,51,52,08:20-08:40,102.35250384449057
2025-05-18,72,77,11:50-12:50,428.50407835523583
2025-05-19,12,12,01:50-02:00,5.8295913936042325
2025-05-19,35,35,05:40-05:50,3.276032679111978
2025-05-19,39,39,06:20-06:30,6.235062038238198
2025-05-19,64,64,10:30-10:40,8.073304505291844
2025-05-19,96,96,15:50-16:00,4.234741883330344
2025-05-19,108,108,17:50-18:00,18.065051440039014
2025-05-19,123,124,20:20-20:40,91.17328887165638
2025-05-19,129,129,21:20-21:30,14.049797999736938
2025-05-19,144,144,23:50-24:00,5.249432820107927
2025-05-20,1,2,00:00-00:20,19.87879810501363
2025-05-20,70,70,11:30-11:40,7.126606522474958
2025-05-20,73,77,12:00-12:50,169.41956513733157
2025-05-20,79,85,13:00-14:10,223.41186218487496
2025-05-20,93,95,15:20-15:50,173.1093044752131
2025-05-20,109,109,18:00-18:10,16.35902259883818
2025-05-20,114,114,18:50-19:00,22.36374917752346
2025-05-20,130,130,21:30-21:40,6.795290051322468
2025-05-20,133,133,22:00-22:10,15.570400697460173
2025-05-20,142,142,23:30-23:40,12.981881826556219
2025-05-21,5,5,00:40-00:50,9.041995255954589
2025-05-21,8,8,01:10-01:20,2.262287912883153
2025-05-21,17,18,02:40-03:00,61.44540570469803
2025-05-21,28,29,04:30-04:50,15.408009821781107
2025-05-21,58,60,09:30-10:00,114.95944984960374
2025-05-21,64,64,10:30-10:40,33.070749527193584
2025-05-21,90,98,14:50-16:20,324.957885994398
2025-05-21,111,111,18:20-18:30,34.00132719530763
2025-05-21,141,142,23:20-23:40,65.62668909724994
2025-05-22,7,8,01:00-01:20,26.17557346361366
2025-05-22,25,25,04:00-04:10,24.903056387118667
2025-05-22,34,35,05:30-05:50,46.651468055007086
2025-05-22,41,41,06:40-06:50,15.423800076137923
2025-05-22,98,99,16:10-16:30,19.252501247344867
2025-05-22,109,110,18:00-18:20,42.46676644295296
2025-05-23,3,3,00:20-00:30,3.0496499539411275
2025-05-23,7,8,01:00-01:20,26.976257079878906
2025-05-23,12,12,01:50-02:00,1.673474799315784
2025-05-23,15,15,02:20-02:30,7.855494801947714
2025-05-23,19,21,03:00-03:30,71.49639644878079
2025-05-23,38,38,06:10-06:20,3.117500134416275
2025-05-23,79,79,13:00-13:10,50.16400098603208
2025-05-23,108,108,17:50-18:00,4.096907323331919
2025-05-24,1,2,00:00-00:20,15.802167377286594
2025-05-24,5,7,00:40-01:10,29.08017946440299
2025-05-24,11,11,01:40-01:50,2.4478098631399803
2025-05-24,13,16,02:00-02:40,42.12041200815895
2025-05-24,24,25,03:50-04:10,12.847239784370167
2025-05-24,28,29,04:30-04:50,24.165096123550214
2025-05-24,37,37,06:00-06:10,9.220368368018285
2025-05-24,116,116,19:10-19:20,11.73314239655599
2025-05-25,2,2,00:10-00:20,6.816154421634337
2025-05-25,8,8,01:10-01:20,11.7082577773391
2025-05-25,25,25,04:00-04:10,2.8678535136202687
2025-05-25,35,35,05:40-05:50,4.690855056116334
2025-05-25,37,37,06:00-06:10,25.65401787547239
2025-05-25,40,41,06:30-06:50,36.591956973661866
2025-05-25,54,54,08:50-09:00,9.965732638692998
2025-05-25,57,57,09:20-09:30,4.935166140281581
2025-05-25,125,126,20:40-21:00,56.849639972364685
2025-05-25,130,131,21:30-21:50,6.364876095539103
2025-05-25,136,137,22:30-22:50,3.9325519278852425
2025-05-26,9,9,01:20-01:30,37.9610764574287
2025-05-26,13,13,02:00-02:10,4.183440946177143
2025-05-26,27,28,04:20-04:40,1.2709479085593391
2025-05-26,30,32,04:50-05:20,86.03138912920852
2025-05-26,40,46,06:30-07:40,397.9548717566221
2025-05-26,49,51,08:00-08:30,162.30982160716576
2025-05-26,54,54,08:50-09:00,18.09438582144321
2025-05-26,58,59,09:30-09:50,55.759451046190634
2025-05-26,61,71,10:00-11:50,1610.4305143007537
2025-05-26,75,75,12:20-12:30,56.15816545410121
2025-05-26,104,104,17:10-17:20,15.698471078901605
2025-05-26,113,113,18:40-18:50,3.7266490308876303
2025-05-26,131,131,21:40-21:50,3.40306008027369
2025-05-26,137,138,22:40-23:00,30.236669219633995
2025-05-27,1,2,00:00-00:20,11.85951827872077
2025-05-27,10,10,01:30-01:40,5.970122680615873
2025-05-27,17,18,02:40-03:00,22.61039832872757
2025-05-27,20,21,03:10-03:30,14.631186399526314
2025-05-27,24,24,03:50-04:00,9.335905382287251
2025-05-27,28,28,04:30-04:40,12.668851166506759
2025-05-27,57,57,09:20-09:30,15.61995166187262
2025-05-27,63,63,10:20-10:30,2.238839391461397
2025-05-27,108,108,17:50-18:00,0.37302368262751884
2025-05-27,135,135,22:20-22:30,29.497724042636946
2025-05-28,2,4,00:10-00:40,45.066662133175555
2025-05-28,6,8,00:50-01:20,31.101888274773046
2025-05-28,19,19,03:00-03:10,10.37710734307143
2025-05-28,22,22,03:30-03:40,9.332214257515092
2025-05-28,33,33,05:20-05:30,0.6309092361777431
2025-05-28,36,36,05:50-06:00,11.91018423476794
2025-05-28,42,45,06:50-07:30,170.93710218167791
2025-05-28,48,49,07:50-08:10,18.422112752617863
2025-05-28,58,62,09:30-10:20,224.3274235237725
2025-05-28,66,73,10:50-12:10,857.7743401415605
2025-05-28,75,75,12:20-12:30,17.27568192713352
2025-05-28,102,102,16:50-17:00,56.11966485251804
2025-05-28,105,105,17:20-17:30,18.471277729212545
2025-05-28,121,121,20:00-20:10,16.100604066324536
2025-05-29,1,2,00:00-00:20,9.18473078694592
2025-05-29,4,6,00:30-01:00,14.075753428082749
2025-05-29,9,9,01:20-01:30,7.9538741939727515
2025-05-29,17,18,02:40-03:00,14.650686412685673
2025-05-29,26,27,04:10-04:30,33.95534205816557
2025-05-29,30,30,04:50-05:00,24.268112251612024
2025-05-29,33,34,05:20-05:40,15.488458401481438
2025-05-29,38,39,06:10-06:30,42.94171062169835
2025-05-29,44,44,07:10-07:20,25.312825235463322
2025-05-29,47,51,07:40-08:30,256.9963485063821
2025-05-29,55,56,09:00-09:20,42.253783544827
2025-05-29,65,67,10:40-11:10,207.23570639651712
2025-05-29,69,71,11:20-11:50,145.28440972590374
2025-05-29,100,101,16:30-16:50,28.454563036489446
2025-05-29,103,107,17:00-17:50,70.01921351775664
2025-05-29,111,112,18:20-18:40,25.67503167428054
2025-05-29,116,116,19:10-19:20,46.63989477938844
2025-05-29,120,120,19:50-20:00,29.66397420713247
2025-05-30,13,13,02:00-02:10,0.7788771548887894
2025-05-30,21,23,03:20-03:50,91.70490898520474
2025-05-30,30,30,04:50-05:00,0.07624226871962492
2025-05-30,35,37,05:40-06:10,32.74328264245318
2025-05-30,91,91,15:00-15:10,28.312438311431606
2025-05-30,98,102,16:10-17:00,213.58825554678253
2025-05-30,104,107,17:10-17:50,122.83565613896545
2025-05-30,120,120,19:50-20:00,2.782622055533693
2025-05-30,132,132,21:50-22:00,12.059770364521682
2025-05-30,136,136,22:30-22:40,11.890288853796505
2025-05-31,5,6,00:40-01:00,53.4285969140675
2025-05-31,16,17,02:30-02:50,49.011506323200365
2025-05-31,20,20,03:10-03:20,14.217883616265283
2025-05-31,25,26,04:00-04:20,11.328204373695847
2025-05-31,31,32,05:00-05:20,31.735562217772692
2025-05-31,38,40,06:10-06:40,54.795777296824724
2025-05-31,80,80,13:10-13:20,20.475861433835234
2025-05-31,87,88,14:20-14:40,110.97011751452226
2025-05-31,108,108,17:50-18:00,10.049332313462173
2025-05-31,114,114,18:50-19:00,15.698128701144924
2025-05-31,120,121,19:50-20:10,13.865366495591616
2025-05-31,139,139,23:00-23:10,20.915628161600125
2025-05-31,143,144,23:40-24:00,113.91497160152653
2025-06-01,1,20,00:00-03:20,1052.5650045776706
2025-06-01,27,27,04:20-04:30,4.87190617186468
2025-06-01,33,33,05:20-05:30,8.686182392420179
2025-06-01,37,37,06:00-06:10,4.508229924989905
2025-06-01,52,74,08:30-12:20,3789.67642894178
2025-06-01,76,144,12:30-24:00,6621.0112355046695
2025-06-02,1,17,00:00-02:50,927.7745812146334
2025-06-02,19,22,03:00-03:40,50.61950489162105
2025-06-02,26,29,04:10-04:50,90.66770056116425
2025-06-02,32,33,05:10-05:30,36.7218397646308
2025-06-02,35,42,05:40-07:00,154.99932690297592
2025-06-02,47,53,07:40-08:50,402.88670326170745
2025-06-02,55,56,09:00-09:20,49.628895507868265
2025-06-02,74,113,12:10-18:50,4874.685665084369
2025-06-02,115,144,19:00-24:00,1752.013629116614
2025-06-03,1,16,00:00-02:40,705.8714708382684
2025-06-03,18,19,02:50-03:10,50.59160327674692
2025-06-03,22,23,03:30-03:50,4.3680880754989335
2025-06-03,25,25,04:00-04:10,14.512049876863635
2025-06-03,29,29,04:40-04:50,4.4882554941438
2025-06-03,32,37,05:10-06:10,185.37005912244044
2025-06-03,40,42,06:30-07:00,40.61948091478234
2025-06-03,46,47,07:30-07:50,20.23973065346945
2025-06-03,50,54,08:10-09:00,227.11355164025224
2025-06-03,57,62,09:20-10:20,295.89406192638035
2025-06-03,69,69,11:20-11:30,25.34048349876798
2025-06-03,86,86,14:10-14:20,40.20708965653398
2025-06-03,93,93,15:20-15:30,0.5456741253545943
2025-06-03,95,97,15:40-16:10,202.69905615776463
2025-06-03,99,115,16:20-19:10,1053.9538353053972
2025-06-03,117,120,19:20-20:00,169.5986748557143
2025-06-03,122,124,20:10-20:40,111.11040277292147
2025-06-03,127,134,21:00-22:20,505.9137884655878
2025-06-03,138,141,22:50-23:30,244.97367856954907
2025-06-03,143,144,23:40-24:00,81.77536231083025
2025-06-04,1,5,00:00-00:50,125.49646402816143
2025-06-04,7,15,01:00-02:30,472.18341374522925
2025-06-04,19,22,03:00-03:40,42.414081204293666
2025-06-04,25,27,04:00-04:30,98.0254450886398
2025-06-04,29,33,04:40-05:30,157.2859286757654
2025-06-04,45,45,07:20-07:30,0.1690976726262079
2025-06-04,71,84,11:40-14:00,1547.476464324254
2025-06-04,87,88,14:20-14:40,122.35623774274791
2025-06-04,90,90,14:50-15:00,29.164318542853835
2025-06-04,92,93,15:10-15:30,86.62614290978138
2025-06-04,102,102,16:50-17:00,9.20599524373489
2025-06-04,106,107,17:30-17:50,61.87074100445531
2025-06-04,109,110,18:00-18:20,82.54801529994573
2025-06-04,113,116,18:40-19:20,185.3201955699057
2025-06-04,118,125,19:30-20:50,215.45332375782496
2025-06-04,128,130,21:10-21:40,62.08975084221595
2025-06-04,135,141,22:20-23:30,349.1915900052645
2025-06-05,3,4,00:20-00:40,20.263563376760317
2025-06-05,8,16,01:10-02:40,188.38575761284403
2025-06-05,18,20,02:50-03:20,111.21189769894517
2025-06-05,23,26,03:40-04:20,37.39309639708221
2025-06-05,30,35,04:50-05:50,89.04793503562485
2025-06-05,38,45,06:10-07:30,241.23779845656412
2025-06-05,53,53,08:40-08:50,7.480438226834508
2025-06-05,55,55,09:00-09:10,40.30725940913305
2025-06-05,86,86,14:10-14:20,48.44231345101775
2025-06-05,89,95,14:40-15:50,634.6676549141808
2025-06-05,100,100,16:30-16:40,2.669265403342706
2025-06-05,113,115,18:40-19:10,153.57279794333814
2025-06-05,117,122,19:20-20:20,161.52272788618785
2025-06-05,124,125,20:30-20:50,97.92683942530064
2025-06-05,129,132,21:20-22:00,61.72012420055228
2025-06-05,135,138,22:20-23:00,183.29024528885407
2025-06-05,141,144,23:20-24:00,171.65524438741943
2025-06-06,2,7,00:10-01:10,150.44098305040148
2025-06-06,11,13,01:40-02:10,50.552492038425896
2025-06-06,18,19,02:50-03:10,9.791794738029402
2025-06-06,25,26,04:00-04:20,22.211122181489994
2025-06-06,33,35,05:20-05:50,57.19957310736367
2025-06-06,38,40,06:10-06:40,43.723536700317595
2025-06-06,70,77,11:30-12:50,331.68525395916754
2025-06-06,82,84,13:30-14:00,94.61715031959068
2025-06-06,86,90,14:10-15:00,220.3163618878416
2025-06-06,92,114,15:10-19:00,1548.6323510847278
2025-06-06,116,118,19:10-19:40,70.8499110634857
2025-06-06,122,123,20:10-20:30,33.545202699603465
2025-06-06,127,128,21:00-21:20,27.475937537833943
2025-06-06,134,135,22:10-22:30,25.498820496117787
2025-06-06,138,138,22:50-23:00,35.63765429661794
2025-06-06,141,142,23:20-23:40,81.5737605211213
2025-06-07,2,3,00:10-00:30,47.24145730359288
2025-06-07,6,6,00:50-01:00,24.254509803921508
2025-06-07,12,13,01:50-02:10,13.270979984208395
2025-06-07,22,23,03:30-03:50,45.51323504502464
2025-06-07,34,35,05:30-05:50,105.8481337892204
2025-06-07,45,46,07:20-07:40,44.17609584907757
2025-06-07,54,57,08:50-09:30,95.4070335796066
2025-06-07,59,61,09:40-10:10,169.4417786757656
2025-06-07,73,75,12:00-12:30,148.26317656834533
2025-06-07,97,98,16:00-16:20,119.59437365442852
2025-06-07,103,105,17:00-17:30,70.15795398642734
2025-06-07,107,107,17:40-17:50,3.3494766256838204
2025-06-07,112,113,18:30-18:50,76.46168754723348
2025-06-07,118,119,19:30-19:50,12.202665332844845
2025-06-07,121,122,20:00-20:20,18.936917837872898
2025-06-07,124,125,20:30-20:50,24.174740351176546
2025-06-07,132,132,21:50-22:00,13.567379918410325
2025-06-07,137,137,22:40-22:50,9.090158283984465
2025-06-07,141,141,23:20-23:30,15.38092051585727
2025-06-08,26,26,04:10-04:20,4.9128812935912265
2025-06-08,39,39,06:20-06:30,8.88771191698163
2025-06-08,135,135,22:20-22:30,2.062931306751125
2025-06-09,5,5,00:40-00:50,1.4630519739440615
2025-06-09,21,21,03:20-03:30,20.158363600473876
2025-06-09,23,25,03:40-04:10,146.30988632996804
2025-06-09,28,28,04:30-04:40,22.141874382907424
2025-06-09,34,34,05:30-05:40,4.2089156430357235
2025-06-09,40,40,06:30-06:40,20.165268039967714
2025-06-09,105,106,17:20-17:40,18.470665284905863
2025-06-09,142,143,23:30-23:50,29.152514488748693
2025-06-10,16,16,02:30-02:40,17.219468232662052
2025-06-10,29,30,04:40-05:00,50.47957120015792
2025-06-10,126,126,20:50-21:00,16.43654757204888
2025-06-11,38,39,06:10-06:30,14.978043346869185
2025-06-11,56,58,09:10-09:40,277.6136796730776
2025-06-11,60,63,09:50-10:30,163.376599349539
2025-06-11,103,104,17:00-17:20,52.33912500892956
2025-06-11,135,135,22:20-22:30,10.46801289643372
2025-06-12,4,4,00:30-00:40,26.278790261876793
2025-06-12,21,23,03:20-03:50,46.072074494764465
2025-06-12,36,36,05:50-06:00,2.4422605652997618
2025-06-12,88,89,14:30-14:50,27.653744582933655
2025-06-12,125,125,20:40-20:50,0.7317848814694592
2025-06-12,135,135,22:20-22:30,8.168043163574339
2025-06-13,27,27,04:20-04:30,3.8137761547573064
2025-06-13,49,51,08:00-08:30,30.16047275675396
2025-06-13,54,55,08:50-09:10,58.05316213599531
2025-06-13,119,119,19:40-19:50,0.06793552347119203
2025-06-13,125,126,20:40-21:00,49.21451571823369
2025-06-14,125,125,20:40-20:50,5.74380736375077
2025-06-14,136,137,22:30-22:50,35.020429207790585
2025-06-16,31,31,05:00-05:10,0.10251530276524434
2025-06-16,34,38,05:30-06:20,96.1920506730213
2025-06-17,6,6,00:50-01:00,10.703170153967562
2025-06-17,31,31,05:00-05:10,37.101020045870825
2025-06-17,38,38,06:10-06:20,6.349569254413041
2025-06-17,78,83,12:50-13:50,364.0800091750785
2025-06-17,117,117,19:20-19:30,14.277572048953857
2025-06-18,16,17,02:30-02:50,19.976504763784646
2025-06-18,38,38,06:10-06:20,7.214305231891558
2025-06-19,27,27,04:20-04:30,2.1526319252533312
2025-06-19,29,30,04:40-05:00,47.892633400071375
2025-06-19,37,38,06:00-06:20,52.57385562292052
2025-06-19,51,51,08:20-08:30,17.73445749440714
2025-06-19,117,117,19:20-19:30,25.554437425976857
2025-06-19,139,139,23:00-23:10,3.393415423081933
2025-06-19,144,144,23:50-24:00,17.98292735886298
2025-06-20,8,9,01:10-01:30,11.996277510198752
2025-06-20,24,24,03:50-04:00,5.696805500723883
2025-06-21,3,3,00:20-00:30,1.063534017633856
2025-06-21,9,9,01:20-01:30,13.791100802737219
2025-06-21,18,21,02:50-03:30,41.89178350628868
2025-06-21,37,37,06:00-06:10,19.531001918485458
2025-06-21,123,123,20:20-20:30,4.559136070535487
2025-06-22,7,7,01:00-01:10,7.9346892946441585
2025-06-22,17,17,02:40-02:50,37.70300068430072
2025-06-22,74,74,12:10-12:20,22.48226034534605
2025-06-22,85,86,14:00-14:20,70.34096071099532
2025-06-23,15,15,02:20-02:30,20.202951046190265
2025-06-23,20,21,03:10-03:30,3.720441623897841
2025-06-23,24,24,03:50-04:00,5.764653243847874
2025-06-23,27,27,04:20-04:30,7.109549282800458
2025-06-23,30,30,04:50-05:00,15.085260607598775
2025-06-23,33,33,05:20-05:30,3.395570751790572
2025-06-23,84,85,13:50-14:10,69.81660054894405
2025-06-24,9,9,01:20-01:30,4.720960652717395
2025-06-24,11,13,01:40-02:10,54.43609651927909
2025-06-24,32,32,05:10-05:20,15.408727593856433
2025-06-24,35,36,05:40-06:00,12.382656351399987
2025-06-24,40,76,06:30-12:40,3586.522475187526
2025-06-24,79,80,13:00-13:20,48.59777515744577
2025-06-24,90,91,14:50-15:10,19.14125102739081
2025-06-24,95,95,15:40-15:50,3.1979583103039886
2025-06-25,17,17,02:40-02:50,2.526147006185056
2025-06-25,26,26,04:10-04:20,9.08422252270043
2025-06-25,40,41,06:30-06:50,73.05856844791614
2025-06-25,61,61,10:00-10:10,46.682824121595104
2025-06-25,64,69,10:30-11:30,755.4789867520166
2025-06-25,88,89,14:30-14:50,127.35688934164307
2025-06-25,131,132,21:40-22:00,38.87773385313858
2025-06-26,10,11,01:30-01:50,18.44757203579411
2025-06-26,25,26,04:00-04:20,13.62875222397684
2025-06-26,33,33,05:20-05:30,4.170577778091129
2025-06-26,40,44,06:30-07:20,132.21111290583377
2025-06-26,51,51,08:20-08:30,3.3858638589663315
2025-06-26,54,55,08:50-09:10,41.220343329009665
2025-06-26,103,103,17:00-17:10,11.40275077735754
2025-06-26,119,119,19:40-19:50,8.85969009644134
2025-06-27,1,2,00:00-00:20,19.99613237926053
2025-06-27,15,15,02:20-02:30,3.604912488485297
2025-06-27,28,29,04:30-04:50,14.700963764969117
2025-06-27,129,129,21:20-21:30,6.154111067245708
2025-06-28,28,30,04:30-05:00,93.02445001691952
2025-06-28,45,47,07:20-07:50,110.11031194518114
2025-06-28,90,92,14:50-15:20,69.08580285939831
2025-06-28,95,95,15:40-15:50,1.050125070968079
2025-06-28,99,100,16:20-16:40,69.30624318425362
2025-06-28,127,127,21:00-21:10,13.589417877352389
2025-06-28,141,141,23:20-23:30,0.6937531254111491
2025-06-28,144,144,23:50-24:00,12.416417291748871
2025-06-29,12,12,01:50-02:00,47.329720357941824
2025-06-29,27,29,04:20-04:50,56.96875776887943
2025-06-29,42,47,06:50-07:50,161.64073692873143
2025-06-29,50,51,08:10-08:30,47.79653179177694
2025-06-29,57,58,09:20-09:40,63.267680552892216
2025-06-29,68,68,11:10-11:20,28.033067437445197
2025-06-29,70,78,11:30-13:00,586.7448866815178
2025-06-29,99,99,16:20-16:30,13.717718026807972
2025-06-29,110,111,18:10-18:30,16.941938836877
2025-06-30,28,29,04:30-04:50,29.96840345722186
2025-06-30,37,38,06:00-06:20,16.349628492470856
2025-06-30,41,45,06:40-07:30,406.1929466348957
2025-06-30,61,65,10:00-10:50,176.16807065215403
2025-06-30,94,95,15:30-15:50,71.74458676705626
2025-06-30,114,114,18:50-19:00,27.97753875039939
2025-06-30,118,118,19:30-19:40,19.343575312541134
2025-06-30,135,135,22:20-22:30,10.755665219107868
2025-06-30,143,144,23:40-24:00,111.4217170153969
2025-07-01,1,35,00:00-05:50,2572.343540213937
2025-07-01,41,41,06:40-06:50,13.878465011373748
2025-07-01,45,45,07:20-07:30,12.353908315003764
2025-07-01,67,67,11:00-11:10,35.303020820409074
2025-07-01,71,71,11:40-11:50,32.05451093564966
2025-07-01,84,84,13:50-14:00,21.44640305115354
2025-07-01,90,93,14:50-15:30,326.87568265561276
2025-07-01,100,101,16:30-16:50,77.59371465606398
2025-07-01,103,108,17:00-18:00,248.86873485138997
2025-07-01,111,144,18:20-24:00,2121.3253445782343
2025-07-02,1,36,00:00-06:00,2623.194021572387
2025-07-02,96,98,15:50-16:20,168.8901896960125
2025-07-02,100,105,16:30-17:30,219.222612181113
2025-07-02,108,128,17:50-21:20,1298.2998376280716
2025-07-02,130,144,21:30-24:00,843.7547541847617
2025-07-03,1,11,00:00-01:50,732.2437104355836
2025-07-03,13,36,02:00-06:00,1675.2628054979043
2025-07-03,44,49,07:10-08:10,320.086061846484
2025-07-03,56,57,09:10-09:30,19.814718129265316
2025-07-03,65,72,10:40-12:00,658.1490387062208
2025-07-03,82,89,13:30-14:50,501.8833888443969
2025-07-03,91,94,15:00-15:40,91.75219707386009
2025-07-03,96,114,15:50-19:00,1105.1799702526641
2025-07-03,118,125,19:30-20:50,484.5133141165193
2025-07-03,127,143,21:00-23:50,1048.555214199237
2025-07-04,4,9,00:30-01:30,430.8414015528358
2025-07-04,11,23,01:40-03:50,459.34137879890216
2025-07-04,27,29,04:20-04:50,69.07860000845969
2025-07-04,32,33,05:10-05:30,101.2433064087381
2025-07-04,36,41,05:50-06:50,190.63850038820854
2025-07-04,43,43,07:00-07:10,1.0603197873779209
2025-07-04,89,89,14:40-14:50,23.509672922189225
2025-07-04,94,97,15:30-16:10,111.60559430282149
2025-07-04,104,110,17:10-18:20,214.31187072359168
2025-07-04,112,144,18:30-24:00,1400.683335523473
2025-07-05,1,9,00:00-01:30,193.605739011712
2025-07-05,15,15,02:20-02:30,14.070188840637002
2025-07-05,18,19,02:50-03:10,105.41358274960996
2025-07-05,26,28,04:10-04:40,83.17640337262439
2025-07-05,30,33,04:50-05:30,198.8071334649292
2025-07-05,35,35,05:40-05:50,2.052525247682979
2025-07-05,37,40,06:00-06:40,189.3886447756282
2025-07-05,44,44,07:10-07:20,4.299139354802321
2025-07-05,90,90,14:50-15:00,4.950990872859279
2025-07-05,96,96,15:50-16:00,48.26086895832168
2025-07-05,98,111,16:10-18:30,858.1390188483449
2025-07-05,117,119,19:20-19:50,111.35144196416798
2025-07-05,124,125,20:30-20:50,10.623418389637745
2025-07-05,128,131,21:10-21:50,142.63081890380283
2025-07-05,135,135,22:20-22:30,10.967797078562853
2025-07-05,139,143,23:00-23:50,187.97816567969483
2025-07-06,5,8,00:40-01:20,54.05959148572185
2025-07-06,13,14,02:00-02:20,27.31973256349511
2025-07-06,16,18,02:30-03:00,46.20765510593503
2025-07-06,23,24,03:40-04:00,80.78238871562075
2025-07-06,27,29,04:20-04:50,101.05052347207372
2025-07-06,31,32,05:00-05:20,76.37220805275146
2025-07-06,34,39,05:30-06:30,241.84343980222974
2025-07-06,50,50,08:10-08:20,16.46144506420012
2025-07-06,56,57,09:10-09:30,34.95822469309826
2025-07-06,60,61,09:50-10:10,154.4913759827416
2025-07-06,75,104,12:20-17:20,3240.972831286068
2025-07-06,106,111,17:30-18:30,293.9350992320417
2025-07-06,113,118,18:40-19:40,190.16676945274767
2025-07-06,121,126,20:00-21:00,221.02657767187458
2025-07-06,129,129,21:20-21:30,19.88589748651134
2025-07-06,132,137,21:50-22:50,249.92448151730446
2025-07-06,141,141,23:20-23:30,30.395550730359446
2025-07-06,144,144,23:50-24:00,16.58105606000788
2025-07-07,3,8,00:20-01:20,212.61477896433735
2025-07-07,11,14,01:40-02:20,160.66877563495177
2025-07-07,16,22,02:30-03:40,152.0781296777767
2025-07-07,29,31,04:40-05:10,42.153286718177355
2025-07-07,34,34,05:30-05:40,0.7087834536498718
2025-07-07,39,39,06:20-06:30,0.03274328859038178
2025-07-07,65,65,10:40-10:50,44.51166311732709
2025-07-07,77,80,12:40-13:20,143.73047016054738
2025-07-07,99,100,16:20-16:40,16.98919431880165
2025-07-07,102,104,16:50-17:20,57.95733481003123
2025-07-07,111,111,18:20-18:30,39.046040362453894
2025-07-07,115,116,19:00-19:20,72.73940755080525
2025-07-07,118,119,19:30-19:50,34.20586554621832
2025-07-07,122,122,20:10-20:20,4.271770122948283
2025-07-07,130,132,21:30-22:00,48.85407882616107
2025-07-07,134,136,22:10-22:40,138.15587422029193
2025-07-07,140,140,23:10-23:20,19.65267286485073
2025-07-08,4,4,00:30-00:40,0.08119801947623273
2025-07-08,18,18,02:50-03:00,39.85629753914998
2025-07-08,30,30,04:50-05:00,8.412165416502148
2025-07-08,33,34,05:20-05:40,19.961360006956077
2025-07-08,38,46,06:10-07:40,219.48921793469094
2025-07-08,50,53,08:10-08:50,109.17605980862072
2025-07-08,62,62,10:10-10:20,16.188949999999977
2025-07-08,86,87,14:10-14:30,121.52584493730376
2025-07-08,95,98,15:40-16:20,215.4642207555505
2025-07-08,103,104,17:00-17:20,45.99728498768644
2025-07-08,106,107,17:30-17:50,61.63115127930416
2025-07-08,110,110,18:10-18:20,8.00889484894644
2025-07-08,114,114,18:50-19:00,8.845413212264702
2025-07-09,18,18,02:50-03:00,10.67768653770247
2025-07-09,38,43,06:10-07:10,106.03989466283133
2025-07-09,47,48,07:40-08:00,38.091196928167506
2025-07-09,65,67,10:40-11:10,98.58704054950772
2025-07-09,70,73,11:30-12:10,114.94901870452827
2025-07-09,76,77,12:30-12:50,97.65548653488213
2025-07-09,80,82,13:10-13:40,96.93458430996589
2025-07-09,85,86,14:00-14:20,118.0843789774965
2025-07-09,106,107,17:30-17:50,50.3408917348149
2025-07-09,110,110,18:10-18:20,10.111937222002851
2025-07-09,117,117,19:20-19:30,26.52015528358993
2025-07-10,28,28,04:30-04:40,9.294654888801144
2025-07-10,53,55,08:40-09:10,46.2798705600369
2025-07-10,59,59,09:40-09:50,14.375844778448482
2025-07-10,75,76,12:20-12:40,13.915288677081435
2025-07-10,94,95,15:30-15:50,80.39612741056158
2025-07-10,126,126,20:50-21:00,9.46655415186217
2025-07-10,132,132,21:50-22:00,33.166428477431396
2025-07-10,137,137,22:40-22:50,6.054392854322941
2025-07-11,20,21,03:10-03:30,41.17848465587565
2025-07-11,31,32,05:00-05:20,41.36102032786255
2025-07-11,39,41,06:20-06:50,69.58384587821712
2025-07-11,43,43,07:00-07:10,18.045703355704518
2025-07-11,45,46,07:20-07:40,31.820697197939786
2025-07-11,65,79,10:40-13:10,1059.473888072678
2025-07-12,12,12,01:50-02:00,2.0088156336358907
2025-07-12,42,42,06:50-07:00,2.4790400757618727
2025-07-12,46,46,07:30-07:40,18.779711891602528
2025-07-12,66,66,10:50-11:00,11.843118925422687
2025-07-12,94,94,15:30-15:40,39.59675953602914
2025-07-12,98,98,16:10-16:20,32.171342489613494
2025-07-12,132,132,21:50-22:00,32.64551783129377
2025-07-13,47,47,07:40-07:50,9.067103461921647
2025-07-13,116,117,19:10-19:30,41.24533076344619
2025-07-13,142,142,23:30-23:40,8.469777220687092
2025-07-14,55,55,09:00-09:10,5.532851109168519
2025-07-14,80,84,13:10-14:00,139.65709881939256
2025-07-14,108,109,17:50-18:10,43.285887982441494
2025-07-15,70,77,11:30-12:50,910.0276468529696
2025-07-15,79,83,13:00-13:50,195.45244765664597
2025-07-16,36,37,05:50-06:10,103.62645639275843
2025-07-16,73,73,12:00-12:10,30.92346333070168
2025-07-16,90,94,14:50-15:40,211.9724121923939
2025-07-17,52,57,08:30-09:30,387.8436733602165
2025-07-17,98,101,16:10-16:50,146.00722792660667
2025-07-17,142,142,23:30-23:40,5.2259782997759885
2025-07-18,58,59,09:30-09:50,31.90292342977466
2025-07-18,96,96,15:50-16:00,33.480629077134154
2025-07-19,15,15,02:20-02:30,1.6454507171995374
2025-07-20,39,40,06:20-06:40,31.464056085387256
2025-07-20,44,45,07:10-07:30,29.502677196247816
2025-07-20,69,69,11:20-11:30,73.23308426390645
2025-07-20,82,82,13:30-13:40,15.49678915552795
2025-07-21,13,13,02:00-02:10,8.254755487564125
2025-07-21,39,39,06:20-06:30,30.823946477920003
2025-07-21,47,48,07:40-08:00,50.49129930817958
2025-07-21,57,57,09:20-09:30,5.824863092888108
2025-07-21,74,74,12:10-12:20,14.126340368093452
2025-07-21,76,77,12:30-12:50,21.99404241159482
2025-07-21,80,80,13:10-13:20,8.282319975369091
2025-07-21,96,97,15:50-16:10,58.11196441355037
2025-07-21,105,105,17:20-17:30,37.79158674543663
2025-07-21,108,108,17:50-18:00,10.386749031827435
2025-07-22,25,25,04:00-04:10,7.470751426879456
2025-07-22,81,84,13:20-14:00,395.0118569360634
2025-07-22,99,99,16:20-16:30,2.166151608294399
2025-07-23,33,33,05:20-05:30,5.533358289624424
2025-07-23,43,44,07:00-07:20,115.58713831331181
2025-07-23,48,51,07:50-08:30,38.76556998007311
2025-07-23,87,89,14:20-14:50,98.92321125430044
2025-07-23,95,95,15:40-15:50,4.730152310454514
2025-07-24,75,75,12:20-12:30,14.096761486473724
2025-07-24,78,84,12:50-14:00,503.3222422931585
2025-07-24,96,96,15:50-16:00,41.925481595322935
2025-07-24,102,102,16:50-17:00,23.608216259658434
2025-07-25,29,29,04:40-04:50,9.662746670614183
2025-07-25,46,47,07:30-07:50,52.79410202658291
2025-07-26,6,6,00:50-01:00,8.21515857349641
2025-07-26,17,17,02:40-02:50,28.122123522832
2025-07-26,24,24,03:50-04:00,28.50621397552311
2025-07-26,35,35,05:40-05:50,9.304015275506174
2025-07-26,38,38,06:10-06:20,4.217468083206427
2025-07-26,68,68,11:10-11:20,47.29441400936207
2025-07-26,136,136,22:30-22:40,6.076714541386991
2025-07-27,9,10,01:20-01:40,100.0307980918542
2025-07-27,29,30,04:40-05:00,24.82246600210578
2025-07-27,33,34,05:20-05:40,27.083448722575945
2025-07-27,38,40,06:10-06:40,66.5330911821103
2025-07-27,43,46,07:00-07:40,81.01725991201852
2025-07-27,49,56,08:00-09:20,460.69665749346814
2025-07-27,138,138,22:50-23:00,0.35429464403182465
2025-07-28,1,1,00:00-00:10,9.283305513883306
2025-07-28,38,38,06:10-06:20,11.074905418946173
2025-07-28,40,40,06:30-06:40,1.444625733649218
2025-07-28,50,51,08:10-08:30,120.88424421164427
2025-07-28,57,63,09:20-10:30,247.6843086815926
2025-07-28,72,79,11:50-13:10,487.7230168837996
2025-07-28,98,101,16:10-16:50,93.7810204613391
2025-07-28,103,103,17:00-17:10,48.4867648562784
2025-07-28,106,106,17:30-17:40,9.763771399432557
2025-07-28,110,110,18:10-18:20,6.66282459534159
2025-07-28,126,126,20:50-21:00,9.028445190156617
2025-07-28,128,129,21:10-21:30,17.102418160284515
2025-07-28,133,133,22:00-22:10,8.656465455981106
2025-07-28,140,141,23:10-23:30,95.70209815107273
2025-07-29,3,3,00:20-00:30,3.5663580734305924
2025-07-29,59,61,09:40-10:10,265.15438489086887
2025-07-29,64,68,10:30-11:20,309.88079831556854
2025-07-29,72,72,11:50-12:00,27.755539427180565
2025-07-29,100,101,16:30-16:50,36.30062855450859
2025-07-29,114,114,18:50-19:00,20.575102645084826
2025-07-30,5,5,00:40-00:50,5.100063712330552
2025-07-30,19,19,03:00-03:10,11.932514284774243
2025-07-30,40,41,06:30-06:50,14.164531032278887
2025-07-30,45,45,07:20-07:30,12.182849294080086
2025-07-30,92,92,15:10-15:20,12.284066770063646
2025-07-30,113,113,18:40-18:50,14.45264791419936
2025-07-30,126,126,20:50-21:00,14.521150151335405
2025-07-31,14,15,02:10-02:30,46.22424501250168
2025-07-31,49,50,08:00-08:20,29.05558487864937
2025-07-31,59,59,09:40-09:50,17.924354047524844
2025-07-31,84,84,13:50-14:00,5.654408756791099
2025-07-31,94,94,15:30-15:40,9.90931500949398
2025-07-31,105,105,17:20-17:30,29.357524274810146
2025-08-01,12,12,01:50-02:00,20.97534346624559
2025-08-01,24,24,03:50-04:00,24.578137912883335
2025-08-01,28,28,04:30-04:40,4.865726654823106
2025-08-01,30,31,04:50-05:10,45.123903079352544
2025-08-01,123,123,20:20-20:30,0.35931701539686856
2025-08-02,24,24,03:50-04:00,4.81440321094874
2025-08-02,111,111,18:20-18:30,16.185434925648245
2025-08-02,114,114,18:50-19:00,5.055604684827017
2025-08-02,144,144,23:50-24:00,4.329142650348672
2025-08-03,21,21,03:20-03:30,16.262530596131114
2025-08-03,34,35,05:30-05:50,16.03919236741676
2025-08-03,118,120,19:30-20:00,90.66147852537028
2025-08-03,130,131,21:30-21:50,28.156610402684123
2025-08-03,133,134,22:00-22:20,75.9812288722203
2025-08-03,136,136,22:30-22:40,20.48343208974893
2025-08-04,26,27,04:10-04:30,58.21973762149122
2025-08-04,104,104,17:10-17:20,10.22197881864173
2025-08-04,113,113,18:40-18:50,8.504123516252207
2025-08-04,121,121,20:00-20:10,0.32158409095188745
2025-08-04,133,134,22:00-22:20,15.961258527437963
2025-08-04,144,144,23:50-24:00,0.643435320436879
2025-08-05,14,14,02:10-02:20,16.76691023818921
2025-08-05,28,28,04:30-04:40,14.164628490590985
2025-08-05,35,35,05:40-05:50,2.1141091468802387
2025-08-05,127,127,21:00-21:10,40.03264506514029
2025-08-05,134,135,22:10-22:30,20.61403438610364
2025-08-05,142,142,23:30-23:40,9.232918772207086
2025-08-06,4,4,00:30-00:40,4.859397118041898
2025-08-06,21,22,03:20-03:40,32.30521305434934
2025-08-06,35,35,05:40-05:50,4.801834559058491
2025-08-06,79,80,13:00-13:20,96.30696283345537
2025-08-06,82,98,13:30-16:20,1121.164289443158
2025-08-06,107,107,17:40-17:50,10.027438756979478
2025-08-06,128,128,21:10-21:20,5.374381398868195
2025-08-06,131,131,21:40-21:50,13.077329951309594
2025-08-06,136,136,22:30-22:40,16.233994071588313
2025-08-06,140,140,23:10-23:20,18.413713324121545
2025-08-06,144,144,23:50-24:00,35.381251480458104
2025-08-07,1,1,00:00-00:10,30.20821795630991
2025-08-07,5,5,00:40-00:50,9.317933399131334
2025-08-07,13,13,02:00-02:10,3.223220910646205
2025-08-07,25,26,04:00-04:20,7.8911538003122015
2025-08-07,31,32,05:00-05:20,24.817487930742715
2025-08-07,42,42,06:50-07:00,45.35587175474211
2025-08-07,44,47,07:10-07:50,112.44575792961484
2025-08-07,121,122,20:00-20:20,35.717184818491376
2025-08-07,132,133,21:50-22:10,56.85724373601818
2025-08-08,3,3,00:20-00:30,1.3958547177259106
2025-08-08,7,7,01:00-01:10,15.032384629556532
2025-08-08,40,41,06:30-06:50,60.666015976726555
2025-08-08,44,44,07:10-07:20,11.440986294249115
2025-08-08,102,103,16:50-17:10,54.78418919030662
2025-08-08,108,108,17:50-18:00,0.8922470061850447
2025-08-08,121,122,20:00-20:20,10.598446384862655
2025-08-08,126,126,20:50-21:00,1.128276088959069
2025-08-08,131,132,21:40-22:00,39.71428705092774
2025-08-09,4,5,00:30-00:50,14.998514107119377
2025-08-09,12,12,01:50-02:00,2.7449868403738265
2025-08-09,33,33,05:20-05:30,32.216717730716454
2025-08-09,37,37,06:00-06:10,32.55371632545632
2025-08-09,42,44,06:50-07:20,122.61600988475908
2025-08-09,78,78,12:50-13:00,16.940707658902284
2025-08-09,81,81,13:20-13:30,18.49863795518172
2025-08-09,101,105,16:40-17:30,40.381689930066045
2025-08-09,115,115,19:00-19:10,13.253260764574406
2025-08-09,127,129,21:00-21:30,20.50731467956325
2025-08-09,135,135,22:20-22:30,14.900364521647589
2025-08-09,138,138,22:50-23:00,2.225063824187373
2025-08-10,2,2,00:10-00:20,2.5558967298331936
2025-08-10,17,17,02:40-02:50,19.922781971312133
2025-08-10,24,24,03:50-04:00,11.843436636399701
2025-08-10,58,58,09:30-09:40,13.476648783674591
2025-08-10,71,71,11:40-11:50,12.86339529637371
2025-08-10,73,78,12:00-13:00,664.4050186594097
2025-08-10,81,85,13:20-14:10,403.3704898605074
2025-08-10,96,96,15:50-16:00,44.783857227454405
2025-08-10,100,101,16:30-16:50,27.1928613022381
2025-08-10,104,105,17:10-17:30,61.086255840054264
2025-08-10,124,124,20:30-20:40,4.903236447465019
2025-08-10,134,134,22:10-22:20,3.252879431504198
2025-08-10,138,138,22:50-23:00,33.55610672456896
2025-08-11,3,4,00:20-00:40,59.3649592446377
2025-08-11,6,8,00:50-01:20,86.590547210159
2025-08-11,33,33,05:20-05:30,6.370288078318662
2025-08-11,44,47,07:10-07:50,167.2201729193697
2025-08-11,53,57,08:40-09:30,283.270602709003
2025-08-11,92,92,15:10-15:20,15.726979160791984
2025-08-11,110,111,18:10-18:30,36.714801276483584
2025-08-11,114,114,18:50-19:00,0.579351888406336
2025-08-11,116,118,19:10-19:40,90.78962205083383
2025-08-11,121,122,20:00-20:20,28.95384920572218
2025-08-11,133,134,22:00-22:20,41.2573230688248
2025-08-11,137,138,22:40-23:00,31.286771818660327
2025-08-11,142,142,23:30-23:40,4.0198215620478095
2025-08-12,1,2,00:00-00:20,45.32137720094738
2025-08-12,18,19,02:50-03:10,56.64576723911034
2025-08-12,29,33,04:40-05:30,105.56113097024036
2025-08-12,57,58,09:20-09:40,50.69391684620109
2025-08-12,61,68,10:00-11:20,881.6314125702625
2025-08-12,70,70,11:30-11:40,23.578161755305928
2025-08-12,76,76,12:30-12:40,30.47707380670431
2025-08-12,81,81,13:20-13:30,8.514075583253316
2025-08-12,85,94,14:00-15:40,623.0382226345573
2025-08-12,96,100,15:50-16:40,272.8008100436147
2025-08-12,105,107,17:20-17:50,147.03894152332015
2025-08-12,111,112,18:20-18:40,23.15145741920915
2025-08-12,115,116,19:00-19:20,35.00145888274744
2025-08-12,118,119,19:30-19:50,5.252335102363304
2025-08-12,123,123,20:20-20:30,4.860069088037903
2025-08-12,126,126,20:50-21:00,5.006343597841806
2025-08-13,6,6,00:50-01:00,50.729466377154836
2025-08-13,9,10,01:20-01:40,31.93553289906572
2025-08-13,16,18,02:30-03:00,60.26768714304501
2025-08-13,28,30,04:30-05:00,48.885773481473166
2025-08-13,33,33,05:20-05:30,13.143304852142112
2025-08-13,36,37,05:50-06:10,25.681191403944467
2025-08-13,61,72,10:00-12:00,1049.7779678961515
2025-08-13,85,86,14:00-14:20,191.74870140243956
2025-08-13,106,107,17:30-17:50,49.940201940104885
2025-08-13,116,117,19:10-19:30,44.32820277010126
2025-08-13,124,125,20:30-20:50,49.17202307164462
2025-08-13,129,129,21:20-21:30,2.624784840110351
2025-08-13,137,137,22:40-22:50,8.367013041189693
2025-08-14,4,4,00:30-00:40,0.7143584287405247
2025-08-14,11,11,01:40-01:50,25.28432541781831
2025-08-14,16,17,02:30-02:50,19.362504257138994
2025-08-14,22,23,03:30-03:50,71.47343733103995
2025-08-14,34,34,05:30-05:40,2.842269322090928
2025-08-14,36,36,05:50-06:00,9.609777226327083
2025-08-14,39,43,06:20-07:10,83.27075729983295
2025-08-14,46,50,07:30-08:20,358.50801703513605
2025-08-14,52,53,08:30-08:50,233.45571872144797
2025-08-14,56,56,09:10-09:20,4.672918714868274
2025-08-14,60,60,09:50-10:00,15.121705652059745
2025-08-14,69,69,11:20-11:30,8.02172861090753
2025-08-14,72,74,11:50-12:20,154.2027604064442
2025-08-14,97,98,16:00-16:20,81.19921320192498
2025-08-14,102,103,16:50-17:10,54.73445947587055
2025-08-14,107,108,17:40-18:00,45.785712178294006
2025-08-14,114,115,18:50-19:10,46.45503602353676
2025-08-14,124,127,20:30-21:10,103.19005567837871
2025-08-14,130,130,21:30-21:40,9.112402197657389
2025-08-14,137,137,22:40-22:50,20.191557968153916
2025-08-14,139,139,23:00-23:10,3.3952086919332487
2025-08-14,143,143,23:40-23:50,7.771993064876938
2025-08-15,4,5,00:30-00:50,25.996337768127432
2025-08-15,10,10,01:30-01:40,0.2501968943281554
2025-08-15,15,15,02:20-02:30,39.855451375180905
2025-08-15,25,25,04:00-04:10,50.47667966837753
2025-08-15,34,34,05:30-05:40,24.841309146880384
2025-08-15,40,41,06:30-06:50,49.61090680634686
2025-08-15,43,44,07:00-07:20,35.564970794089504
2025-08-15,98,101,16:10-16:50,60.58431030868621
2025-08-15,120,120,19:50-20:00,34.47823924200577
2025-08-15,124,125,20:30-20:50,20.669775039948718
2025-08-15,130,130,21:30-21:40,30.50160648769588
2025-08-15,139,141,23:00-23:30,60.69663374786137
2025-08-15,144,144,23:50-24:00,11.932672062113397
2025-08-16,1,1,00:00-00:10,17.33691711409392
2025-08-16,7,8,01:00-01:20,33.17758537307532
2025-08-16,11,11,01:40-01:50,29.08549323595207
2025-08-16,19,19,03:00-03:10,13.862414659823685
2025-08-16,23,23,03:40-03:50,16.38168273739018
2025-08-16,28,31,04:30-05:10,81.11471885116461
2025-08-16,36,36,05:50-06:00,1.332555364427492
2025-08-16,97,97,16:00-16:10,6.728360893350441
2025-08-16,101,101,16:40-16:50,17.356230258680796
2025-08-16,109,109,18:00-18:10,0.2856795189217678
2025-08-16,112,113,18:30-18:50,38.39657052525706
2025-08-16,117,117,19:20-19:30,1.187352941176755
2025-08-16,122,123,20:10-20:30,70.84170173049074
2025-08-17,3,3,00:20-00:30,13.610734965127108
2025-08-17,13,15,02:00-02:30,75.17490833004331
2025-08-17,19,20,03:00-03:20,52.6850941637058
2025-08-17,31,31,05:00-05:10,3.607338490967081
2025-08-17,37,38,06:00-06:20,6.565421306374901
2025-08-17,43,45,07:00-07:30,170.52542321922033
2025-08-17,51,51,08:20-08:30,27.841384510180205
2025-08-17,97,98,16:00-16:20,41.113606749948985
2025-08-17,110,112,18:10-18:40,84.65313256255577
2025-08-17,116,118,19:10-19:40,60.08336360423368
2025-08-17,123,123,20:20-20:30,10.074613764969058
2025-08-17,143,143,23:40-23:50,3.686858369522497
2025-08-18,1,1,00:00-00:10,19.588340788261803
2025-08-18,9,11,01:20-01:50,91.9919010461906
2025-08-18,13,14,02:00-02:20,67.91373459007741
2025-08-18,18,18,02:50-03:00,10.462906303460954
2025-08-18,24,24,03:50-04:00,25.37461968680077
2025-08-18,28,28,04:30-04:40,5.4093445763542265
2025-08-18,34,38,05:30-06:20,68.11110496399876
2025-08-18,50,52,08:10-08:40,139.76820654503456
2025-08-18,55,55,09:00-09:10,19.173574023837773
2025-08-18,99,99,16:20-16:30,2.5321629725714274
2025-08-18,102,102,16:50-17:00,7.38898022296172
2025-08-18,105,106,17:20-17:40,108.10273408249219
2025-08-18,115,116,19:00-19:20,35.641405442445375
2025-08-18,120,120,19:50-20:00,40.60817410185564
2025-08-18,123,124,20:20-20:40,57.224399730227674
2025-08-18,130,131,21:30-21:50,25.59680387550975
2025-08-18,138,139,22:50-23:10,19.220610876430783
2025-08-19,5,5,00:40-00:50,6.954880253980832
2025-08-19,11,13,01:40-02:10,86.74984220950091
2025-08-19,15,18,02:20-03:00,61.48529545992869
2025-08-19,27,29,04:20-04:50,31.40353128983119
2025-08-19,51,51,08:20-08:30,5.981897947098446
2025-08-19,66,66,10:50-11:00,39.48979597879429
2025-08-19,68,71,11:10-11:50,190.4127415421192
2025-08-19,85,85,14:00-14:10,44.7712026215861
2025-08-19,89,91,14:40-15:10,109.52147875942364
2025-08-19,95,96,15:40-16:00,43.6061704679189
2025-08-19,110,111,18:10-18:30,15.623892946440318
2025-08-19,117,121,19:20-20:10,113.15607067095289
2025-08-19,129,130,21:20-21:40,116.19206794973059
2025-08-20,2,3,00:10-00:30,34.788553980787015
2025-08-20,12,14,01:50-02:20,52.2838317936571
2025-08-20,19,19,03:00-03:10,6.580127714172818
2025-08-20,24,24,03:50-04:00,8.019610475062336
2025-08-20,33,34,05:20-05:40,21.57461228639093
2025-08-20,38,39,06:10-06:30,12.23114077322225
2025-08-20,42,58,06:50-09:40,1315.0278631558676
2025-08-20,66,76,10:50-12:40,1177.322919448988
2025-08-20,81,82,13:20-13:40,63.9272076542029
2025-08-20,86,86,14:10-14:20,10.905961556971533
2025-08-20,88,90,14:30-15:00,164.2173257891078
2025-08-20,93,93,15:20-15:30,17.26607114657986
2025-08-20,99,100,16:20-16:40,13.907810446864005
2025-08-20,103,104,17:00-17:20,37.86265981238074
2025-08-20,108,108,17:50-18:00,56.14990635515953
2025-08-20,119,121,19:40-20:10,60.20678448950048
2025-08-20,126,126,20:50-21:00,26.64757797078562
2025-08-20,139,141,23:00-23:30,80.15520198710396
2025-08-21,2,2,00:10-00:20,9.479094341360678
2025-08-21,17,19,02:40-03:10,71.28749309777606
2025-08-21,23,24,03:40-04:00,25.67434188709069
2025-08-21,30,30,04:50-05:00,33.26549940781683
2025-08-21,70,71,11:30-11:50,82.12976199405921
2025-08-21,74,76,12:10-12:40,183.404796770252
2025-08-21,80,86,13:10-14:20,184.33320240163152
2025-08-21,92,93,15:10-15:30,112.29298223920478
2025-08-21,109,110,18:00-18:20,150.28712357077043
2025-08-21,113,113,18:40-18:50,3.370877756471791
2025-08-21,119,119,19:40-19:50,1.8184931833136488
2025-08-21,123,123,20:20-20:30,10.310810632978018
2025-08-21,140,140,23:10-23:20,1.792816870640877
2025-08-21,144,144,23:50-24:00,4.064695354651803
2025-08-22,10,11,01:30-01:50,87.43888774180834
2025-08-22,16,20,02:30-03:20,42.035796532438326
2025-08-22,23,25,03:40-04:10,118.83276735660701
2025-08-22,27,28,04:20-04:40,2.7371064820558173
2025-08-22,33,34,05:20-05:40,34.709181212753506
2025-08-22,90,94,14:50-15:40,183.3635331528567
2025-08-22,96,101,15:50-16:50,174.32411268587953
2025-08-22,103,104,17:00-17:20,16.823928750963717
2025-08-22,109,110,18:00-18:20,69.69519055326809
2025-08-22,114,115,18:50-19:10,76.7850883866297
2025-08-22,123,124,20:20-20:40,65.87037227266728
2025-08-22,127,129,21:00-21:30,47.506188169496
2025-08-22,133,136,22:00-22:40,96.5037753059612
2025-08-23,2,3,00:10-00:30,12.689277622055215
2025-08-23,19,20,03:00-03:20,43.65085399394661
2025-08-23,22,22,03:30-03:40,3.0894588009700326
2025-08-23,25,26,04:00-04:20,53.48696156261139
2025-08-23,31,31,05:00-05:10,18.54864835128682
2025-08-23,34,34,05:30-05:40,0.24126601808517023
2025-08-23,96,96,15:50-16:00,3.4130753341603395
2025-08-23,99,99,16:20-16:30,0.21269504446081555
2025-08-23,109,109,18:00-18:10,1.315490118060552
2025-08-23,118,118,19:30-19:40,3.8731668443215312
2025-08-23,130,131,21:30-21:50,127.52449798657722
2025-08-23,137,138,22:40-23:00,6.359908376102339
2025-08-23,142,143,23:30-23:50,24.078059685484845
2025-08-24,2,2,00:10-00:20,0.7438023621527918
2025-08-24,7,8,01:00-01:20,15.939308073430539
2025-08-24,12,14,01:50-02:20,55.622901427819215
2025-08-24,21,22,03:20-03:40,20.12482018780657
2025-08-24,33,33,05:20-05:30,2.6711271219896844
2025-08-24,37,38,06:00-06:20,40.53643564754759
2025-08-24,91,92,15:00-15:20,30.514531568063376
2025-08-24,99,99,16:20-16:30,21.11797844641194
2025-08-24,102,102,16:50-17:00,0.011061676348560923
2025-08-24,108,110,17:50-18:20,93.99586800424873
2025-08-24,113,113,18:40-18:50,6.141818830485235
2025-08-24,129,129,21:20-21:30,32.060836952230716
2025-08-24,139,140,23:00-23:20,89.3019617581258
2025-08-25,24,26,03:50-04:20,86.11581165472886
2025-08-25,33,33,05:20-05:30,3.934628898539245
2025-08-25,38,41,06:10-06:50,101.19352511890702
2025-08-25,44,44,07:10-07:20,31.34260987159962
2025-08-25,71,73,11:40-12:10,150.90597163160578
2025-08-25,75,81,12:20-13:30,676.4555322363842
2025-08-25,89,98,14:40-16:20,549.259797688605
2025-08-25,100,103,16:30-17:10,129.90438726430165
2025-08-25,132,132,21:50-22:00,9.181172522700308
2025-08-25,139,139,23:00-23:10,12.089294288722158
2025-08-26,7,8,01:00-01:20,46.91880436899578
2025-08-26,17,18,02:40-03:00,8.434169811817469
2025-08-26,26,27,04:10-04:30,39.6265222266087
2025-08-26,37,37,06:00-06:10,2.899123280318804
2025-08-26,79,79,13:00-13:10,9.00503421126814
2025-08-26,97,98,16:00-16:20,83.79814972270765
2025-08-26,101,104,16:40-17:20,193.22003366138438
2025-08-26,128,129,21:10-21:30,6.26840668509044
2025-08-26,133,133,22:00-22:10,6.196352454270254
2025-08-27,8,8,01:10-01:20,24.89508072772719
2025-08-27,14,14,02:10-02:20,2.8800220357943545
2025-08-27,32,32,05:10-05:20,23.244486537702187
2025-08-27,37,37,06:00-06:10,6.226187433496875
2025-08-27,48,48,07:50-08:00,33.85578626417009
2025-08-27,54,54,08:50-09:00,85.20700515105398
2025-08-27,57,57,09:20-09:30,45.39500000000021
2025-08-27,87,87,14:20-14:30,31.84167592540348
2025-08-27,100,100,16:30-16:40,16.89691576053241
2025-08-27,105,105,17:20-17:30,2.555565910928152
2025-08-27,111,111,18:20-18:30,34.239434794051704
2025-08-27,114,114,18:50-19:00,19.68480984340033
2025-08-27,119,119,19:40-19:50,1.0268374851953013
2025-08-27,131,131,21:40-21:50,5.0866157718121485
2025-08-27,134,134,22:10-22:20,7.831573075404776
2025-08-28,7,8,01:00-01:20,29.193840215818
2025-08-28,10,10,01:30-01:40,4.57007308198456
2025-08-28,20,20,03:10-03:20,14.85868610343482
2025-08-28,27,28,04:20-04:40,19.598268254281443
2025-08-28,36,37,05:50-06:10,16.548983877577598
2025-08-28,47,47,07:40-07:50,18.855723768165035
2025-08-28,55,68,09:00-11:20,2174.2422936965404
2025-08-28,71,74,11:40-12:20,190.34289387889294
2025-08-28,76,77,12:30-12:50,19.007530851802812
2025-08-28,103,104,17:00-17:20,120.68055537664716
2025-08-28,114,114,18:50-19:00,17.340077641795006
2025-08-28,120,121,19:50-20:10,24.591315001973726
2025-08-28,129,131,21:20-21:50,58.298273174101496
2025-08-28,138,138,22:50-23:00,64.83841887090398
2025-08-28,141,141,23:20-23:30,11.995264508488049
2025-08-29,5,6,00:40-01:00,19.667732010790928
2025-08-29,37,39,06:00-06:30,40.43668909536939
2025-08-29,42,42,06:50-07:00,23.831450120316617
2025-08-29,45,46,07:20-07:40,68.60010631192068
2025-08-29,102,102,16:50-17:00,18.209138091478223
2025-08-29,121,122,20:00-20:20,67.78757370800622
2025-08-29,125,125,20:40-20:50,12.07030039478866
2025-08-29,132,133,21:50-22:10,26.9927099026188
2025-08-29,136,137,22:30-22:50,13.823022713515002
2025-08-29,142,142,23:30-23:40,13.094725542834567
2025-08-30,5,6,00:40-01:00,79.17065004605854
2025-08-30,9,12,01:20-02:00,49.28851072509542
2025-08-30,25,28,04:00-04:40,46.111873925140515
2025-08-30,32,33,05:10-05:30,46.40156936438996
2025-08-30,106,107,17:30-17:50,42.56992925666961
2025-08-30,124,125,20:30-20:50,57.37228402421408
2025-08-30,131,131,21:40-21:50,8.351030879063273
2025-08-30,136,137,22:30-22:50,42.96595827082501
2025-08-30,140,142,23:10-23:40,91.0205097841822
2025-08-31,11,12,01:40-02:00,12.926594973022702
2025-08-31,27,27,04:20-04:30,16.387382550335474
2025-08-31,35,36,05:40-06:00,26.384532038990226
2025-08-31,46,46,07:30-07:40,25.53895809317021
2025-08-31,59,59,09:40-09:50,10.595194910983992
2025-08-31,77,77,12:40-12:50,37.434119690561374
2025-08-31,122,122,20:10-20:20,13.409158440020178
2025-08-31,125,125,20:40-20:50,7.074064337412665
2025-08-31,138,138,22:50-23:00,1.4722956968025755
2025-09-04,48,48,07:50-08:00,3.9847197704585824
2025-09-06,46,46,07:30-07:40,2.593849999999975
2025-09-07,32,33,05:10-05:30,4.270456712349219
2025-09-07,49,50,08:00-08:20,68.24527788712794
2025-09-07,75,76,12:20-12:40,53.18864280732441
2025-09-07,79,81,13:00-13:30,72.05373859906467
2025-09-08,28,29,04:30-04:50,36.175061039046604
2025-09-08,31,32,05:00-05:20,24.36444400015053
2025-09-08,34,35,05:30-05:50,12.363157876036313
2025-09-08,60,61,09:50-10:10,41.178833661383806
2025-09-08,64,65,10:30-10:50,17.07591672024614
2025-09-08,67,67,11:00-11:10,9.496590275975677
2025-09-08,81,93,13:20-15:30,1173.8029600586553
2025-09-08,144,144,23:50-24:00,6.85408737991861
2025-09-09,12,12,01:50-02:00,0.6741834451903514
2025-09-09,19,20,03:00-03:20,12.53922362810897
2025-09-09,30,30,04:50-05:00,2.197082510856717
2025-09-09,88,89,14:30-14:50,12.836418774087406
2025-09-09,98,98,16:10-16:20,31.014903443121966
2025-09-09,100,100,16:30-16:40,6.335305546782422
2025-09-10,5,5,00:40-00:50,10.813838807737739
2025-09-10,22,22,03:30-03:40,8.948695367811638
2025-09-10,38,45,06:10-07:30,276.8613241479145
2025-09-10,48,53,07:50-08:50,224.9510592615577
2025-09-10,58,58,09:30-09:40,0.28963758577265253
2025-09-10,61,63,10:00-10:30,167.9016591703803
2025-09-10,66,66,10:50-11:00,40.12355199462331
2025-09-10,73,73,12:00-12:10,8.235616875340611
2025-09-10,76,88,12:30-14:40,1243.4141667691238
2025-09-11,12,12,01:50-02:00,11.836650875115083
2025-09-11,34,34,05:30-05:40,10.958834669035468
2025-09-11,51,53,08:20-08:50,112.01638239242061
2025-09-11,105,105,17:20-17:30,11.47215345534184
2025-09-11,128,128,21:10-21:20,12.462483945255826
2025-09-11,136,136,22:30-22:40,32.33570181602818
2025-09-12,3,3,00:20-00:30,41.245681010659325
2025-09-12,15,17,02:20-02:50,49.858293314909474
2025-09-12,30,31,04:50-05:10,31.226942018686884
2025-09-12,41,41,06:40-06:50,6.884880325418777
2025-09-12,45,46,07:20-07:40,38.598540163178995
2025-09-12,74,75,12:10-12:30,18.74498567292744
2025-09-12,104,104,17:10-17:20,9.56382836087451
2025-09-12,108,108,17:50-18:00,16.166067762675606
2025-09-12,127,128,21:00-21:20,64.6300576983815
2025-09-13,21,21,03:20-03:30,11.047383866298048
2025-09-13,26,26,04:10-04:20,15.728367630139306
2025-09-13,40,41,06:30-06:50,27.88639821593054
2025-09-13,97,97,16:00-16:10,27.470154257139143
2025-09-13,101,104,16:40-17:20,176.7504143994513
2025-09-13,112,112,18:30-18:40,6.507212159494657
2025-09-13,121,121,20:00-20:10,5.550372709755152
2025-09-13,125,126,20:40-21:00,39.324330681668584
2025-09-13,132,133,21:50-22:10,48.39403698512956
2025-09-13,137,137,22:40-22:50,8.437036656138844
2025-09-14,1,1,00:00-00:10,19.71876992367379
2025-09-14,11,11,01:40-01:50,5.154917686537715
2025-09-14,17,19,02:40-03:10,24.49807522700337
2025-09-14,21,21,03:20-03:30,8.946038952493723
2025-09-14,24,26,03:50-04:20,42.96283361532526
2025-09-14,28,29,04:30-04:50,85.20171489387675
2025-09-14,33,33,05:20-05:30,42.68994209764435
2025-09-14,52,56,08:30-09:20,197.18482511608735
2025-09-14,59,63,09:40-10:30,121.12644985430484
2025-09-14,66,66,10:50-11:00,15.813702719342928
2025-09-14,68,79,11:10-13:10,676.0743497791059
2025-09-14,103,104,17:00-17:20,71.90470504671677
2025-09-14,111,111,18:20-18:30,29.951383734702063
2025-09-14,115,116,19:00-19:20,50.839413203805066
2025-09-14,120,121,19:50-20:10,72.21024647698016
2025-09-14,125,126,20:40-21:00,70.05396941044887
2025-09-14,132,135,21:50-22:30,138.6605863666275
2025-09-14,139,142,23:00-23:40,109.09922982629291
2025-09-14,144,144,23:50-24:00,6.631893670219824
2025-09-15,1,2,00:00-00:20,49.45015348730112
2025-09-15,4,6,00:30-01:00,182.5667899921042
2025-09-15,9,17,01:20-02:50,310.104212909593
2025-09-15,20,24,03:10-04:00,74.63820215817839
2025-09-15,27,27,04:20-04:30,8.643909724963805
2025-09-15,29,30,04:40-05:00,2.806706726448835
2025-09-15,34,36,05:30-06:00,77.49950793901456
2025-09-15,39,41,06:20-06:50,40.29123507792417
2025-09-15,43,45,07:00-07:30,67.67910325982763
2025-09-15,47,48,07:40-08:00,12.747317380106892
2025-09-15,90,92,14:50-15:20,114.20393218750553
2025-09-15,105,109,17:20-18:10,202.38758092982133
2025-09-15,112,122,18:30-20:20,515.6245738151639
2025-09-15,124,130,20:30-21:40,123.24848470851396
2025-09-15,134,137,22:10-22:50,178.55032751019826
2025-09-15,140,143,23:10-23:50,166.37430567179865
2025-09-16,1,8,00:00-01:20,291.9070121923937
2025-09-16,10,13,01:30-02:10,112.7254098236607
2025-09-16,15,20,02:20-03:20,242.3249981115939
2025-09-16,23,29,03:40-04:50,189.3586760391406
2025-09-16,34,34,05:30-05:40,4.564946262665899
2025-09-16,42,42,06:50-07:00,5.456027390822044
2025-09-16,64,76,10:30-12:40,1292.6561206850522
2025-09-16,88,88,14:30-14:40,12.52824455473467
2025-09-16,91,94,15:00-15:40,108.01114936645808
2025-09-16,102,109,16:50-18:10,111.83604791513969
2025-09-16,112,113,18:30-18:50,109.17988509672296
2025-09-16,115,117,19:00-19:30,156.29184947267527
2025-09-16,119,120,19:40-20:00,49.818070351361825
2025-09-16,123,128,20:20-21:20,217.5827628701145
2025-09-16,130,136,21:30-22:40,204.29455429661857
2025-09-16,138,144,22:50-24:00,340.268281958152
2025-09-17,1,1,00:00-00:10,17.055856290301335
2025-09-17,3,3,00:20-00:30,28.512715488880076
2025-09-17,6,9,00:50-01:30,67.4165345900775
2025-09-17,13,14,02:00-02:20,2.4123406895644166
2025-09-17,16,18,02:30-03:00,56.04206321884442
2025-09-17,20,22,03:10-03:40,73.4625247729964
2025-09-17,24,24,03:50-04:00,16.552590472430552
2025-09-17,27,27,04:20-04:30,18.43516646927219
2025-09-17,30,30,04:50-05:00,21.126458744571664
2025-09-17,33,33,05:20-05:30,13.541217923411068
2025-09-17,35,36,05:40-06:00,34.206176001541394
2025-09-17,54,54,08:50-09:00,12.613071715263345
2025-09-17,56,63,09:10-10:30,351.9037384035496
2025-09-17,65,71,10:40-11:50,562.5342790667946
2025-09-17,96,97,15:50-16:10,33.87513392645701
2025-09-17,99,100,16:20-16:40,18.32188535145599
2025-09-17,106,106,17:30-17:40,40.73268937548188
2025-09-17,110,110,18:10-18:20,26.925946124490018
2025-09-17,114,117,18:50-19:30,107.1202105145411
2025-09-17,121,122,20:00-20:20,55.5633930188186
2025-09-17,124,124,20:30-20:40,23.137445802079355
2025-09-17,127,131,21:00-21:50,122.03453938018163
2025-09-17,136,138,22:30-23:00,153.1694669167
2025-09-17,141,144,23:20-24:00,147.19625313199128
2025-09-18,4,6,00:30-01:00,65.46153030661935
2025-09-18,8,10,01:10-01:40,34.68057397683913
2025-09-18,13,14,02:00-02:20,29.909528819581396
2025-09-18,17,18,02:40-03:00,7.145402967495897
2025-09-18,21,24,03:20-04:00,62.81512005621096
2025-09-18,30,30,04:50-05:00,13.423414265034921
2025-09-18,32,33,05:10-05:30,33.84279721015912
2025-09-18,37,37,06:00-06:10,16.755070095689348
2025-09-18,54,54,08:50-09:00,2.676647726204351
2025-09-18,57,57,09:20-09:30,24.017859704284206
2025-09-18,60,60,09:50-10:00,31.86177495159177
2025-09-18,73,73,12:00-12:10,3.91373737145841
2025-09-18,77,79,12:40-13:10,51.263663758388475
2025-09-18,102,102,16:50-17:00,19.85322196999624
2025-09-18,106,106,17:30-17:40,9.209900820596431
2025-09-18,110,111,18:10-18:30,40.8518916436372
2025-09-18,114,119,18:50-19:50,221.7279130853683
2025-09-18,122,127,20:10-21:10,114.3622946506116
2025-09-18,129,131,21:20-21:50,169.14345944203183
2025-09-18,134,135,22:10-22:30,47.869007882616074
2025-09-18,139,139,23:00-23:10,0.45441579813132194
2025-09-18,142,143,23:30-23:50,47.143806573233746
2025-09-19,2,3,00:10-00:30,14.440781879194788
2025-09-19,6,12,00:50-02:00,273.05935507961584
2025-09-19,15,15,02:20-02:30,5.95145348072117
2025-09-19,17,20,02:40-03:20,92.2582883339914
2025-09-19,27,30,04:20-05:00,95.94564060308673
2025-09-19,34,34,05:30-05:40,4.789589647134166
2025-09-19,47,47,07:40-07:50,9.3661230030267
2025-09-19,73,73,12:00-12:10,39.73459067452495
2025-09-19,96,99,15:50-16:30,179.86687843043245
2025-09-19,102,103,16:50-17:10,66.05128190927346
2025-09-19,106,107,17:30-17:50,39.61224065948546
2025-09-19,109,110,18:00-18:20,49.41744909386557
2025-09-19,112,113,18:30-18:50,44.79374355930241
2025-09-19,115,115,19:00-19:10,4.4773491446241
2025-09-19,119,119,19:40-19:50,12.547996952606468
2025-09-19,121,121,20:00-20:10,11.127348335307374
2025-09-19,129,129,21:20-21:30,38.78241610738246
2025-09-19,135,138,22:20-23:00,85.76485729043293
2025-09-20,1,2,00:00-00:20,25.115778681405573
2025-09-20,6,9,00:50-01:30,45.48057402947745
2025-09-20,11,11,01:40-01:50,4.000776062639943
2025-09-20,13,14,02:00-02:20,9.630592459534114
2025-09-20,16,16,02:30-02:40,17.956492209501334
2025-09-20,19,25,03:00-04:10,139.3158436175811
2025-09-20,30,30,04:50-05:00,1.0377293064877335
2025-09-20,42,43,06:50-07:10,40.91714027785622
2025-09-20,46,46,07:30-07:40,3.712282624593456
2025-09-20,94,95,15:30-15:50,61.78577443742381
2025-09-20,99,101,16:20-16:50,60.449966746564485
2025-09-20,104,104,17:10-17:20,16.9939606470775
2025-09-20,107,109,17:40-18:10,32.177012250672355
2025-09-20,114,116,18:50-19:20,87.03763742785702
2025-09-20,119,120,19:40-20:00,52.384808373282226
2025-09-20,123,126,20:20-21:00,80.76069727595734
2025-09-20,132,135,21:50-22:30,72.20428051717323
2025-09-20,143,143,23:40-23:50,0.5425172062113575
2025-09-21,4,5,00:30-00:50,28.02267639821048
2025-09-21,9,9,01:20-01:30,20.79087774707193
2025-09-21,14,16,02:10-02:40,43.446750782997924
2025-09-21,18,20,02:50-03:20,81.53192457560203
2025-09-21,24,24,03:50-04:00,0.7792571390973535
2025-09-21,27,28,04:20-04:40,21.966960633918067
2025-09-21,34,35,05:30-05:50,33.49011794409057
2025-09-21,37,38,06:00-06:20,20.822299631530655
2025-09-21,71,71,11:40-11:50,7.482855266670413
2025-09-21,101,105,16:40-17:30,77.03804987028342
2025-09-21,112,113,18:30-18:50,30.33114917564338
2025-09-21,117,118,19:20-19:40,44.4665694038689
2025-09-21,124,124,20:30-20:40,17.72425997499704
2025-09-21,127,128,21:00-21:20,36.04018228714335
2025-09-21,130,132,21:30-22:00,40.018992262139705
2025-09-21,137,138,22:40-23:00,21.30824951309387
2025-09-22,1,5,00:00-00:50,205.30711445584961
2025-09-22,8,19,01:10-03:10,297.2930844124222
2025-09-22,21,23,03:20-03:50,64.24902195683637
2025-09-22,25,26,04:00-04:20,27.00185168537226
2025-09-22,31,33,05:00-05:30,41.93779941345686
2025-09-22,42,42,06:50-07:00,2.7563692826125816
2025-09-22,74,75,12:10-12:30,54.9993066080126
2025-09-22,94,100,15:30-16:40,333.8334874720338
2025-09-22,102,108,16:50-18:00,199.03369547590847
2025-09-22,110,111,18:10-18:30,56.31802348993301
2025-09-22,114,114,18:50-19:00,0.7577674694042571
2025-09-22,117,122,19:20-20:20,257.896465761472
2025-09-22,124,124,20:30-20:40,6.284173851822743
2025-09-22,127,132,21:00-22:00,252.30970032899108
2025-09-22,137,142,22:40-23:40,236.32680757994467
2025-09-23,4,8,00:30-01:20,107.20544759178836
2025-09-23,13,15,02:00-02:30,94.76475309909188
2025-09-23,23,24,03:40-04:00,15.457128753783081
2025-09-23,30,32,04:50-05:20,73.2336307192677
2025-09-23,35,35,05:40-05:50,12.966767693117504
2025-09-23,38,39,06:10-06:30,17.386370090989544
2025-09-23,42,42,06:50-07:00,16.590522507660808
2025-09-23,58,59,09:30-09:50,19.45601644295357
2025-09-23,61,61,10:00-10:10,5.596948242249709
2025-09-23,66,66,10:50-11:00,13.716241117252821
2025-09-23,86,92,14:10-15:20,491.4878662803376
2025-09-23,96,101,15:50-16:50,219.2310783796737
2025-09-23,104,107,17:10-17:50,60.49014645066093
2025-09-23,110,113,18:10-18:50,120.71943463425691
2025-09-23,116,117,19:10-19:30,52.940955055176346
2025-09-23,120,123,19:50-20:30,179.57282319384103
2025-09-23,125,132,20:40-22:00,239.01223007632552
2025-09-23,135,135,22:20-22:30,53.82699763126698
2025-09-23,142,142,23:30-23:40,20.82036729174888
2025-09-24,2,2,00:10-00:20,21.405932754310015
2025-09-24,9,10,01:20-01:40,49.03362299644675
2025-09-24,13,15,02:00-02:30,92.41620078957726
2025-09-24,18,23,02:50-03:50,122.12449358468211
2025-09-24,26,33,04:10-05:30,130.50610426277916
2025-09-24,38,38,06:10-06:20,16.118778337375147
2025-09-24,40,42,06:30-07:00,42.055233203616865
2025-09-24,48,48,07:50-08:00,5.892094660011821
2025-09-24,74,76,12:10-12:40,51.61379479818811
2025-09-24,103,103,17:00-17:10,3.5953610099076343
2025-09-24,107,107,17:40-17:50,14.147384370123842
2025-09-24,110,112,18:10-18:40,106.18754503506082
2025-09-24,115,115,19:00-19:10,31.201689485458587
2025-09-24,119,120,19:40-20:00,85.81945911586104
2025-09-24,123,124,20:20-20:40,16.175901184366126
2025-09-24,128,128,21:10-21:20,6.290542275299458
2025-09-24,133,133,22:00-22:10,4.190012685879765
2025-09-24,139,140,23:00-23:20,36.41058280694824
2025-09-24,142,144,23:30-24:00,68.73589665745476
2025-09-25,3,4,00:20-00:40,161.60767021976585
2025-09-25,6,9,00:50-01:30,68.90122751019885
2025-09-25,13,14,02:00-02:20,65.40277357547063
2025-09-25,18,20,02:50-03:20,37.17372575996842
2025-09-25,28,29,04:30-04:50,22.530290530709067
2025-09-25,31,31,05:00-05:10,6.834072518940389
2025-09-25,88,88,14:30-14:40,10.344694855526313
2025-09-25,94,96,15:30-16:00,86.19400451375202
2025-09-25,99,100,16:20-16:40,106.26006706239593
2025-09-25,107,108,17:40-18:00,74.87710048220643
2025-09-25,112,114,18:30-19:00,198.67372907149422
2025-09-25,126,129,20:50-21:30,158.49905777075935
2025-09-25,132,132,21:50-22:00,8.620325042768854
2025-09-25,136,144,22:30-24:00,253.11860686274554
2025-09-26,3,3,00:20-00:30,17.639830898802643
2025-09-26,12,13,01:50-02:10,30.553484386103378
2025-09-26,15,17,02:20-02:50,16.948146683774326
2025-09-26,21,21,03:20-03:30,0.35440584287403
2025-09-26,25,25,04:00-04:10,4.432722206869265
2025-09-26,32,32,05:10-05:20,9.847721812080579
2025-09-26,34,34,05:30-05:40,13.512269390709154
2025-09-26,85,86,14:00-14:20,44.221370201905984
2025-09-26,101,101,16:40-16:50,5.061767436504738
2025-09-26,105,105,17:20-17:30,5.5950552469308406
2025-09-26,116,117,19:10-19:30,57.82807707593088
2025-09-26,120,120,19:50-20:00,26.290552704302968
2025-09-26,131,133,21:40-22:10,47.83704410448763
2025-09-26,138,138,22:50-23:00,6.849920384261054
2025-09-26,142,143,23:30-23:50,55.247198078694396
2025-09-27,4,4,00:30-00:40,27.442731484405726
2025-09-27,7,8,01:00-01:20,85.10442830635623
2025-09-27,15,15,02:20-02:30,3.661517304908557
2025-09-27,19,20,03:00-03:20,22.944692880642265
2025-09-27,23,24,03:40-04:00,27.709170575075746
2025-09-27,27,28,04:20-04:40,50.495261713007224
2025-09-27,34,35,05:30-05:50,37.79913734419921
2025-09-27,37,38,06:00-06:20,15.687168464835338
2025-09-27,40,42,06:30-07:00,51.543583937736514
2025-09-27,76,77,12:30-12:50,25.65914729757651
2025-09-27,80,92,13:10-15:20,473.9434040935829
2025-09-27,96,99,15:50-16:30,174.4889492254626
2025-09-27,101,101,16:40-16:50,4.81851532156486
2025-09-27,106,107,17:30-17:50,57.000517291748814
2025-09-27,110,114,18:10-19:00,87.74550546030525
2025-09-27,116,118,19:10-19:40,84.14941060947876
2025-09-27,127,128,21:00-21:20,41.21672925384905
2025-09-27,130,130,21:30-21:40,3.3043309843400266
2025-09-27,137,137,22:40-22:50,3.4382081852875217
2025-09-27,139,143,23:00-23:50,144.0957455981047
2025-09-28,1,3,00:00-00:30,24.738298012896507
2025-09-28,6,6,00:50-01:00,13.760494801947516
2025-09-28,13,17,02:00-02:50,74.89044093959717
2025-09-28,21,22,03:20-03:40,9.319736886432452
2025-09-28,24,24,03:50-04:00,2.5097071983157093
2025-09-28,30,30,04:50-05:00,10.078401105408716
2025-09-28,39,39,06:20-06:30,4.243413489556815
2025-09-28,43,44,07:00-07:20,25.314229685296993
2025-09-28,52,53,08:30-08:50,16.13368940932071
2025-09-28,58,58,09:30-09:40,5.800534419002361
2025-09-28,63,63,10:20-10:30,62.282664800819475
2025-09-28,78,83,12:50-13:50,46.69501097418788
2025-09-28,86,87,14:10-14:30,24.10449569022262
2025-09-28,105,107,17:20-17:50,129.15227978399463
2025-09-28,117,118,19:20-19:40,65.10633523489969
2025-09-28,133,135,22:00-22:30,84.61137192393744
2025-09-28,139,140,23:00-23:20,31.17027216739075
2025-09-28,143,144,23:40-24:00,74.22450450059227
2025-09-29,3,3,00:20-00:30,51.541021186998364
2025-09-29,6,6,00:50-01:00,0.7245703382022839
2025-09-29,8,9,01:10-01:30,29.352498216870572
2025-09-29,14,20,02:10-03:20,139.36219328201048
2025-09-29,24,26,03:50-04:20,48.45375504859658
2025-09-29,29,29,04:40-04:50,5.476276628503797
2025-09-29,36,38,05:50-06:20,59.734530857443474
2025-09-29,58,58,09:30-09:40,4.28563028499957
2025-09-29,81,81,13:20-13:30,9.576889651833653
2025-09-29,102,104,16:50-17:20,35.28126011599264
2025-09-29,109,109,18:00-18:10,6.610959363073903
2025-09-29,111,114,18:20-19:00,136.85997556163377
2025-09-29,116,118,19:10-19:40,79.96201735096736
2025-09-29,121,125,20:00-20:50,176.13951960784323
2025-09-29,130,131,21:30-21:50,24.489882563495144
2025-09-29,134,138,22:10-23:00,107.48641342939857
2025-09-29,142,144,23:30-24:00,93.8321034544017
2025-09-30,1,1,00:00-00:10,38.191221397552226
2025-09-30,3,3,00:20-00:30,5.951301487037767
2025-09-30,5,8,00:40-01:20,96.89705983024089
2025-09-30,15,15,02:20-02:30,14.342311488353857
2025-09-30,18,18,02:50-03:00,14.911746940386934
2025-09-30,21,23,03:20-03:50,66.70347012764853
2025-09-30,28,30,04:30-05:00,69.00012237042442
2025-09-30,41,43,06:40-07:10,70.38135150395703
2025-09-30,46,47,07:30-07:50,31.238034030793358
2025-09-30,55,56,09:00-09:20,75.48757812776125
2025-09-30,61,61,10:00-10:10,3.72682011824827
2025-09-30,64,64,10:30-10:40,0.8802231571826269
2025-09-30,81,95,13:20-15:50,627.7781540146278
2025-09-30,101,101,16:40-16:50,2.7984185832725643
2025-09-30,108,109,17:50-18:10,31.88766868008952
2025-09-30,111,111,18:20-18:30,1.3203184629554698
2025-09-30,114,114,18:50-19:00,18.74463284642718
2025-09-30,121,122,20:00-20:20,114.16669658507703
2025-09-30,124,125,20:30-20:50,108.63296781813438
2025-09-30,133,133,22:00-22:10,35.64367793788665
2025-09-30,139,143,23:00-23:50,72.57248832083144
2025-10-01,11,12,01:40-02:00,30.881220397420634
2025-10-01,17,17,02:40-02:50,3.0546996973286014
2025-10-01,24,27,03:50-04:30,82.73282060797465
2025-10-01,31,31,05:00-05:10,9.333873214520674
2025-10-02,1,2,00:00-00:20,23.452882405579885
2025-10-02,6,6,00:50-01:00,0.40909461771286715
2025-10-02,9,11,01:20-01:50,51.3660316949597
2025-10-02,13,16,02:00-02:40,59.01668189235477
2025-10-02,23,23,03:40-03:50,10.476513468877442
2025-10-02,27,28,04:20-04:40,7.51666603876447
2025-10-02,35,36,05:40-06:00,60.32304705882372
2025-10-02,133,133,22:00-22:10,0.6592259836818357
2025-10-03,5,5,00:40-00:50,10.757341044874238
2025-10-03,9,10,01:20-01:40,27.854118949861913
2025-10-03,16,17,02:30-02:50,13.682232629293424
2025-10-03,27,27,04:20-04:30,5.088195157257644
2025-10-03,35,35,05:40-05:50,13.33879390051311
2025-10-04,10,10,01:30-01:40,0.3049405119093649
2025-10-04,16,17,02:30-02:50,23.771271312014676
2025-10-04,26,27,04:10-04:30,9.453322654296606
2025-10-04,30,30,04:50-05:00,12.129470983023964
2025-10-04,32,33,05:10-05:30,8.240788224954434
2025-10-04,36,37,05:50-06:10,62.22320692196325
2025-10-04,44,45,07:10-07:30,39.24801450472796
2025-10-04,134,134,22:10-22:20,1.2706279247268526
2025-10-05,2,3,00:10-00:30,20.25813858402421
2025-10-05,6,8,00:50-01:20,113.94324112383231
2025-10-05,16,18,02:30-03:00,82.49301487695755
2025-10-05,21,21,03:20-03:30,8.413787998420844
2025-10-05,25,25,04:00-04:10,1.0212584945387562
2025-10-05,29,30,04:40-05:00,14.549878634406598
2025-10-05,136,136,22:30-22:40,18.31743973549146
2025-10-06,12,12,01:50-02:00,5.647008158968447
2025-10-06,15,15,02:20-02:30,13.651065929727565
2025-10-06,31,32,05:00-05:20,15.26080185362743
2025-10-06,39,39,06:20-06:30,7.545957433308786
2025-10-06,69,74,11:20-12:20,343.75507496475143
2025-10-06,76,77,12:30-12:50,32.28469613764901
2025-10-06,133,134,22:00-22:20,21.31293330701419
2025-10-07,9,10,01:20-01:40,33.19671265298052
2025-10-07,17,17,02:40-02:50,27.65142984603233
2025-10-07,32,34,05:10-05:40,17.838609105521726
2025-10-07,49,55,08:00-09:10,194.1898638025674
2025-10-07,66,71,10:50-11:50,152.77853191115423
2025-10-07,93,94,15:20-15:40,1.7197052253117135
2025-10-07,144,144,23:50-24:00,4.5887695749438535
2025-10-08,1,1,00:00-00:10,2.460643630740833
2025-10-08,6,6,00:50-01:00,22.417442426635148
2025-10-08,16,17,02:30-02:50,20.35719512435844
2025-10-08,40,50,06:30-08:20,251.32101778805506
2025-10-08,70,79,11:30-13:10,496.442631633862
2025-10-08,108,109,17:50-18:10,50.70650509277518
2025-10-08,134,135,22:10-22:30,31.18012841821269
2025-10-09,13,13,02:00-02:10,1.9114932293721267
2025-10-09,22,22,03:30-03:40,8.447720351362136
2025-10-09,33,34,05:20-05:40,40.74792493091172
2025-10-09,38,38,06:10-06:20,6.53955335194496
2025-10-09,46,49,07:30-08:10,110.16881145639445
2025-10-09,65,67,10:40-11:10,20.021320839208556
2025-10-09,91,92,15:00-15:20,21.922901576335335
2025-10-09,99,99,16:20-16:30,2.167311417855899
2025-10-09,105,105,17:20-17:30,5.540620734871368
2025-10-09,108,108,17:50-18:00,3.806816028424805
2025-10-09,124,125,20:30-20:50,26.388731306750856
2025-10-10,1,2,00:00-00:20,81.99009978286608
2025-10-10,5,7,00:40-01:10,22.011631629161798
2025-10-10,11,11,01:40-01:50,0.29763328069481076
2025-10-10,20,20,03:10-03:20,3.4811271614686348
2025-10-10,22,23,03:30-03:50,31.826547736544455
2025-10-10,31,32,05:00-05:20,14.86869647885996
2025-10-10,39,39,06:20-06:30,1.0781562188633984
2025-10-10,43,44,07:00-07:20,42.743398277029144
2025-10-10,96,97,15:50-16:10,32.73773679431514
2025-10-10,99,101,16:20-16:50,38.2931183783582
2025-10-10,103,106,17:00-17:40,75.26630333690474
2025-10-10,122,122,20:10-20:20,4.689514646663952
2025-10-10,126,126,20:50-21:00,21.137442426635005
2025-10-10,129,129,21:20-21:30,15.376754836162377
2025-10-10,134,135,22:10-22:30,26.557676681142482
2025-10-10,138,138,22:50-23:00,11.312504276878428
2025-10-10,141,141,23:20-23:30,0.9818443216213382
2025-10-10,144,144,23:50-24:00,34.11958283984751
2025-10-11,1,1,00:00-00:10,3.1136263455716744
2025-10-11,10,10,01:30-01:40,9.129722693775477
2025-10-11,22,22,03:30-03:40,12.992459744703126
2025-10-11,42,42,06:50-07:00,0.909653525839758
2025-10-11,99,99,16:20-16:30,1.005706742428515
2025-10-11,105,105,17:20-17:30,25.46163670501727
2025-10-11,116,116,19:10-19:20,1.4937041452822086
2025-10-11,121,121,20:00-20:10,7.201471825240105
2025-10-11,123,123,20:20-20:30,7.567277931306592
2025-10-11,129,129,21:20-21:30,6.418643900513359
2025-10-11,135,135,22:20-22:30,9.449510461902946
2025-10-11,138,138,22:50-23:00,0.7981398868273573
2025-10-12,11,12,01:40-02:00,57.92291816028444
2025-10-12,16,16,02:30-02:40,9.439347157520729
2025-10-12,31,32,05:00-05:20,12.346992606169934
2025-10-12,37,38,06:00-06:20,45.38702804786385
2025-10-12,67,68,11:00-11:20,66.79141512041042
2025-10-12,71,72,11:40-12:00,20.44713649352434
2025-10-12,75,81,12:20-13:30,276.4113027917206
2025-10-12,83,89,13:40-14:50,228.26975915721948
2025-10-12,101,102,16:40-17:00,4.73109870753666
2025-10-12,109,110,18:00-18:20,41.58331577839162
2025-10-12,113,113,18:40-18:50,10.868176608764315
2025-10-12,115,115,19:00-19:10,1.3742978540409467
2025-10-12,120,121,19:50-20:10,16.94732972759573
2025-10-12,127,127,21:00-21:10,2.758337682589854
2025-10-12,132,133,21:50-22:10,6.1014376628502305
2025-10-12,136,137,22:30-22:50,46.25493872877996
2025-10-12,140,142,23:10-23:40,11.957164416370915
2025-10-13,12,13,01:50-02:10,31.61231071851546
2025-10-13,28,30,04:30-05:00,39.831319850356465
2025-10-13,75,75,12:20-12:30,4.069427861748636
2025-10-13,88,89,14:30-14:50,99.08926696463766
2025-10-13,100,101,16:30-16:50,24.47374388171383
2025-10-13,117,119,19:20-19:50,33.985198767695465
2025-10-13,126,127,20:50-21:10,5.968345078299876
2025-10-13,130,132,21:30-22:00,44.175104994078424
2025-10-14,10,10,01:30-01:40,4.208776207395886
2025-10-14,13,14,02:00-02:20,41.528622634556996
2025-10-14,20,21,03:10-03:30,26.69703089222253
2025-10-14,33,34,05:20-05:40,24.16189399263044
2025-10-14,38,39,06:10-06:30,16.37293811121765
2025-10-14,44,46,07:10-07:40,59.90430896922561
2025-10-14,48,48,07:50-08:00,15.829214464308961
2025-10-14,51,53,08:20-08:50,72.39737894835775
2025-10-14,57,58,09:20-09:40,58.26273011486494
2025-10-14,63,64,10:20-10:40,61.24128327693484
2025-10-14,79,85,13:00-14:10,201.89689787659995
2025-10-14,89,102,14:40-17:00,219.0930991888033
2025-10-14,109,109,18:00-18:10,7.631569643562041
2025-10-14,113,113,18:40-18:50,1.7864320963285536
2025-10-14,115,116,19:00-19:20,17.613816988137387
2025-10-14,119,120,19:40-20:00,9.814660764574342
2025-10-14,123,123,20:20-20:30,4.376231083037283
2025-10-14,130,131,21:30-21:50,48.36033799184111
2025-10-14,133,134,22:00-22:20,38.2234706606132
2025-10-14,141,142,23:20-23:40,18.606714988814474
2025-10-14,144,144,23:50-24:00,0.8348539281485046
2025-10-15,1,1,00:00-00:10,7.102300842215982
2025-10-15,4,5,00:30-00:50,49.37605059876307
2025-10-15,8,8,01:10-01:20,13.252514093959803
2025-10-15,12,12,01:50-02:00,12.532398341887188
2025-10-15,15,15,02:20-02:30,2.6204230819846543
2025-10-15,18,19,02:50-03:10,14.665698164232026
2025-10-15,25,26,04:00-04:20,36.274325178124855
2025-10-15,29,29,04:40-04:50,9.340648181151522
2025-10-15,34,34,05:30-05:40,2.8900616725884447
2025-10-15,40,41,06:30-06:50,11.31766143759512
2025-10-15,54,54,08:50-09:00,4.862162878574054
2025-10-15,61,63,10:00-10:30,105.42971000695547
2025-10-15,65,68,10:40-11:20,81.61335482582399
2025-10-15,72,72,11:50-12:00,3.324380134603871
2025-10-15,75,91,12:20-15:10,1341.8592967063328
2025-10-15,99,100,16:20-16:40,21.383801216325082
2025-10-15,103,104,17:00-17:20,14.39911190852186
2025-10-15,106,107,17:30-17:50,37.568694476716914
2025-10-15,109,110,18:00-18:20,23.55735394224814
2025-10-15,112,114,18:30-19:00,98.84149802041658
2025-10-15,116,119,19:10-19:50,51.99512835523444
2025-10-15,121,123,20:00-20:30,10.465308395841703
2025-10-15,125,134,20:40-22:20,241.65961502171365
2025-10-15,139,140,23:00-23:20,39.01931138965642
2025-10-16,2,3,00:10-00:30,10.907603993946736
2025-10-16,6,7,00:50-01:10,21.165028576128407
2025-10-16,11,11,01:40-01:50,7.073760086853554
2025-10-16,15,16,02:20-02:40,32.695721515988794
2025-10-16,31,32,05:00-05:20,50.0341778749085
2025-10-16,42,42,06:50-07:00,19.05874156373946
2025-10-16,50,51,08:10-08:30,18.373636394826917
2025-10-16,53,54,08:40-09:00,34.60236429041424
2025-10-16,73,74,12:00-12:20,24.99060126426457
2025-10-16,77,79,12:40-13:10,31.126100503826365
2025-10-16,84,102,13:50-17:00,1749.0766823350793
2025-10-16,105,105,17:20-17:30,16.63551665632674
2025-10-16,109,113,18:00-18:50,99.6221506053428
2025-10-16,116,121,19:10-20:10,128.45135187618666
2025-10-16,124,125,20:30-20:50,4.494359718384203
2025-10-16,127,128,21:00-21:20,18.6348321358073
2025-10-16,130,132,21:30-22:00,68.1445717989211
2025-10-16,136,137,22:30-22:50,33.84077568759085
2025-10-16,144,144,23:50-24:00,33.334615738913044
2025-10-17,1,1,00:00-00:10,3.6673911435715354
2025-10-17,4,4,00:30-00:40,1.9684467495722515
2025-10-17,10,11,01:30-01:50,2.532331267272241
2025-10-17,15,15,02:20-02:30,18.546086985129477
2025-10-17,20,21,03:10-03:30,21.63715707329891
2025-10-17,40,41,06:30-06:50,8.62869780986233
2025-10-17,97,97,16:00-16:10,16.019170860827558
2025-10-17,106,107,17:30-17:50,6.925453803132068
2025-10-17,112,113,18:30-18:50,78.0173048042036
2025-10-17,115,116,19:00-19:20,46.18714847348343
2025-10-17,119,121,19:40-20:10,57.64995909330156
2025-10-17,123,132,20:20-22:00,134.8508601987097
2025-10-17,137,143,22:40-23:50,139.0786205882352
2025-10-18,3,6,00:20-01:00,68.52432735886305
2025-10-18,18,18,02:50-03:00,38.91944137386497
2025-10-18,21,21,03:20-03:30,14.6337643110935
2025-10-18,24,24,03:50-04:00,5.128410975128361
2025-10-18,29,30,04:40-05:00,8.306080676028785
2025-10-18,33,33,05:20-05:30,4.219722989867023
2025-10-18,95,95,15:40-15:50,9.97264999999993
2025-10-18,99,102,16:20-17:00,87.6789165726691
2025-10-18,106,106,17:30-17:40,8.607945834038327
2025-10-18,119,119,19:40-19:50,7.55265267140436
2025-10-18,126,127,20:50-21:10,16.305211481773995
2025-10-18,130,133,21:30-22:10,65.02383326753494
2025-10-18,135,137,22:20-22:50,13.266661238320694
2025-10-18,140,141,23:10-23:30,18.507661383076993
2025-10-19,3,4,00:20-00:40,12.69060753388601
2025-10-19,7,9,01:00-01:30,41.79980899460429
2025-10-19,19,19,03:00-03:10,8.633727891827789
2025-10-19,23,24,03:40-04:00,15.259460948809192
2025-10-19,27,27,04:20-04:30,25.503602447690582
2025-10-19,35,36,05:40-06:00,30.619538511646397
2025-10-19,39,39,06:20-06:30,11.791692868422615
2025-10-19,46,46,07:30-07:40,0.12088603387644525
2025-10-19,49,50,08:00-08:20,9.104604776004294
2025-10-19,57,58,09:20-09:40,23.754604835222494
2025-10-19,62,62,10:10-10:20,12.729565590397442
2025-10-19,86,86,14:10-14:20,5.856782375500416
2025-10-19,88,101,14:30-16:50,747.5273722773668
2025-10-19,103,104,17:00-17:20,23.707850844095745
2025-10-19,109,113,18:00-18:50,100.59359894534977
2025-10-19,115,116,19:00-19:20,54.087499559152434
2025-10-19,119,125,19:40-20:50,62.0721540202652
2025-10-19,128,129,21:10-21:30,32.32966719305182
2025-10-19,139,141,23:00-23:30,29.803330306619273
2025-10-19,144,144,23:50-24:00,3.9933826819318483
2025-10-20,7,8,01:00-01:20,28.767308902486775
2025-10-20,16,16,02:30-02:40,13.406882964864053
2025-10-20,21,21,03:20-03:30,2.902401631793623
2025-10-20,34,35,05:30-05:50,18.787168416896442
2025-10-20,45,45,07:20-07:30,7.792595853777641
2025-10-20,48,48,07:50-08:00,19.202902802060294
2025-10-20,51,65,08:20-10:50,855.6876085293167
2025-10-20,81,81,13:20-13:30,19.310223995639035
2025-10-20,112,112,18:30-18:40,0.6637369193315408
2025-10-20,114,116,18:50-19:20,31.97554206004554
2025-10-20,122,122,20:10-20:20,15.84821433741297
2025-10-20,127,129,21:00-21:30,45.40694780892238
2025-10-20,132,133,21:50-22:10,38.77314925648125
2025-10-20,136,137,22:30-22:50,17.239198124753102
2025-10-20,143,144,23:40-24:00,32.31047512172654
2025-10-21,11,11,01:40-01:50,6.912701144887478
2025-10-21,18,18,02:50-03:00,3.862415449401283
2025-10-21,22,22,03:30-03:40,11.619663330701314
2025-10-21,28,28,04:30-04:40,1.3344188887635775
2025-10-21,33,36,05:20-06:00,110.15593858026395
2025-10-21,39,39,06:20-06:30,24.9624001513356
2025-10-21,42,42,06:50-07:00,12.610359069802527
2025-10-21,56,66,09:10-11:00,293.17451670896605
2025-10-21,68,68,11:10-11:20,9.733431532344184
2025-10-21,70,76,11:30-12:40,277.88437572895054
2025-10-21,87,87,14:20-14:30,17.61040378903249
2025-10-21,105,106,17:20-17:40,11.259925457297026
2025-10-21,108,108,17:50-18:00,8.357528622187147
2025-10-21,117,117,19:20-19:30,0.3156185024346314
2025-10-21,137,137,22:40-22:50,16.834211659428775
2025-10-21,139,141,23:00-23:30,59.35896758126091
2025-10-22,9,11,01:20-01:50,56.682626404790085
2025-10-22,35,37,05:40-06:10,17.304462791156652
2025-10-22,45,45,07:20-07:30,33.39652947756298
2025-10-22,49,50,08:00-08:20,13.873649367397888
2025-10-22,52,63,08:30-10:30,859.8696271410213
2025-10-22,72,72,11:50-12:00,18.361047835241834
2025-10-22,101,102,16:40-17:00,9.714666629067779
2025-10-22,108,114,17:50-19:00,215.21779288628176
2025-10-22,116,118,19:10-19:40,72.59099843306456
2025-10-22,124,126,20:30-21:00,79.63422845111245
2025-10-22,129,132,21:20-22:00,54.63410489538114
2025-10-22,138,140,22:50-23:20,67.73934549940736
2025-10-23,2,2,00:10-00:20,8.395351250164367
2025-10-23,10,11,01:30-01:50,6.585709191999058
2025-10-23,13,13,02:00-02:10,0.723721752862275
2025-10-23,17,17,02:40-02:50,1.1237756415318927
2025-10-23,22,22,03:30-03:40,7.332747545729717
2025-10-23,26,26,04:10-04:20,9.933653283326748
2025-10-23,40,41,06:30-06:50,16.183251346042027
2025-10-23,73,74,12:00-12:20,86.69276374898982
2025-10-23,102,104,16:50-17:20,41.04648540879419
2025-10-23,106,108,17:30-18:00,33.00267228300759
2025-10-23,115,116,19:00-19:20,24.977381309570887
2025-10-23,118,119,19:30-19:50,42.87963092512132
2025-10-23,121,123,20:00-20:30,89.9538709040661
2025-10-23,127,127,21:00-21:10,21.20361612712213
2025-10-23,133,134,22:00-22:20,64.9774359323593
2025-10-23,139,139,23:00-23:10,7.5045309580209505
2025-10-24,17,19,02:40-03:10,19.49410937623378
2025-10-24,23,23,03:40-03:50,3.244364166337789
2025-10-24,34,36,05:30-06:00,65.57206263606119
2025-10-24,46,47,07:30-07:50,65.12453936138218
2025-10-24,94,95,15:30-15:50,3.8773023922321954
2025-10-24,98,98,16:10-16:20,5.008817448724471
2025-10-24,100,105,16:30-17:30,95.16914160603862
2025-10-24,108,108,17:50-18:00,12.702577312804237
2025-10-24,110,112,18:10-18:40,92.90731281653598
2025-10-24,114,115,18:50-19:10,21.252097374654397
2025-10-24,118,119,19:30-19:50,63.69771623897884
2025-10-24,121,123,20:00-20:30,97.10856352151603
2025-10-24,126,128,20:50-21:20,128.16166964732196
2025-10-24,133,134,22:00-22:20,7.2213766811421465
2025-10-24,138,139,22:50-23:10,51.023206435057034
2025-10-25,3,3,00:20-00:30,1.7656803526779186
2025-10-25,9,11,01:20-01:50,77.26720990261879
2025-10-25,34,35,05:30-05:50,33.00522880924182
2025-10-25,98,98,16:10-16:20,2.5150300603461915
2025-10-25,103,104,17:00-17:20,58.82643995450523
2025-10-25,107,107,17:40-17:50,18.089512418927313
2025-10-25,111,111,18:20-18:30,1.6395242795104537
2025-10-25,114,114,18:50-19:00,13.802063429398572
2025-10-25,116,117,19:10-19:30,14.521723725865854
2025-10-25,122,125,20:10-20:50,88.96417787208867
2025-10-25,127,128,21:00-21:20,81.51468130675056
2025-10-25,131,131,21:40-21:50,17.50018387287804
2025-10-25,133,134,22:00-22:20,11.63474724963811
2025-10-25,138,139,22:50-23:10,32.86872450322426
2025-10-26,1,2,00:00-00:20,39.237844788787925
2025-10-26,5,5,00:40-00:50,6.756928885379693
2025-10-26,9,10,01:20-01:40,34.27115742860883
2025-10-26,15,15,02:20-02:30,4.512436504803304
2025-10-26,21,21,03:20-03:30,3.3751855507302935
2025-10-26,33,33,05:20-05:30,27.122844453217454
2025-10-26,74,75,12:10-12:30,60.52413492846836
2025-10-26,104,108,17:10-18:00,86.54613780290656
2025-10-26,111,111,18:20-18:30,14.373926832477878
2025-10-26,121,122,20:00-20:20,15.4861939992104
2025-10-26,137,137,22:40-22:50,8.369796749572288
2025-10-26,143,143,23:40-23:50,6.800422641137061
2025-10-27,2,3,00:10-00:30,22.94251589682881
2025-10-27,12,12,01:50-02:00,1.7560981708119243
2025-10-27,20,20,03:10-03:20,0.4460090998816213
2025-10-27,23,23,03:40-03:50,9.51510551388344
2025-10-27,25,26,04:00-04:20,18.561662054217322
2025-10-27,37,38,06:00-06:20,35.87805845975936
2025-10-27,91,99,15:00-16:30,258.18785590303037
2025-10-27,102,104,16:50-17:20,40.66176889064333
2025-10-27,106,106,17:30-17:40,2.216362554283478
2025-10-27,113,114,18:40-19:00,7.328488036959811
2025-10-27,119,120,19:40-20:00,20.462648216870775
2025-10-27,128,128,21:10-21:20,2.1436533688644204
2025-10-27,133,137,22:00-22:50,29.776718489275368
2025-10-27,139,140,23:00-23:20,10.991821654165278
2025-10-28,1,2,00:00-00:20,27.67361126463993
2025-10-28,8,9,01:10-01:30,9.088479227529774
2025-10-28,17,18,02:40-03:00,10.421309284116433
2025-10-28,27,27,04:20-04:30,8.208838662981861
2025-10-28,37,37,06:00-06:10,1.2201721542306814
2025-10-28,42,42,06:50-07:00,0.4587325399958644
2025-10-28,48,49,07:50-08:10,82.93407641137014
2025-10-28,77,77,12:40-12:50,24.882881647021577
2025-10-28,79,80,13:00-13:20,106.5466046669676
2025-10-28,98,98,16:10-16:20,6.938460010715687
2025-10-28,113,113,18:40-18:50,7.071078483071005
2025-10-28,117,117,19:20-19:30,4.063402421371393
2025-10-28,123,125,20:20-20:50,7.35960182918825
2025-10-28,135,137,22:20-22:50,35.09427346361349
2025-10-29,16,16,02:30-02:40,13.508552223976949
2025-10-29,26,28,04:10-04:40,70.11606415881775
2025-10-29,32,33,05:10-05:30,23.362135952099038
2025-10-29,38,38,06:10-06:20,12.517653368864217
2025-10-29,52,52,08:30-08:40,2.944136157952812
2025-10-29,55,73,09:00-12:10,1074.638221919235
2025-10-29,81,83,13:20-13:50,83.0140386545221
2025-10-29,104,106,17:10-17:40,28.481389243885108
2025-10-29,108,109,17:50-18:10,24.691503658376064
2025-10-29,112,114,18:30-19:00,63.6519818462956
2025-10-29,121,126,20:00-21:00,94.74932342413422
2025-10-29,128,129,21:10-21:30,20.433474733517414
2025-10-29,133,136,22:00-22:40,41.01478126727193
2025-10-29,143,143,23:40-23:50,1.7521807869457007
2025-10-30,5,6,00:40-01:00,28.86308349782871
2025-10-30,19,21,03:00-03:30,26.13012015396771
2025-10-30,24,25,03:50-04:10,48.62594648637969
2025-10-30,29,29,04:40-04:50,8.683975740229016
2025-10-30,37,37,06:00-06:10,14.321078748143464
2025-10-30,41,41,06:40-06:50,6.926679876111486
2025-10-30,50,50,08:10-08:20,14.107009650706004
2025-10-30,105,107,17:20-17:50,16.52135243547073
2025-10-30,111,112,18:20-18:40,65.89845518489255
2025-10-30,121,121,20:00-20:10,11.040380043426694
2025-10-30,125,126,20:40-21:00,30.804248782734703
2025-10-30,129,130,21:20-21:40,45.98838515594139
2025-10-30,132,132,21:50-22:00,10.55932556915377
2025-10-30,137,137,22:40-22:50,3.8621631201472155
2025-10-30,140,142,23:10-23:40,40.13462624687486
2025-10-31,2,3,00:10-00:30,3.0892101789706885
2025-10-31,6,6,00:50-01:00,9.564036057376086
2025-10-31,24,25,03:50-04:10,10.022785392814683
2025-10-31,28,28,04:30-04:40,15.895715326264792
2025-10-31,32,33,05:10-05:30,42.2374305303328
2025-10-31,73,75,12:00-12:30,71.03207834207456
2025-10-31,88,88,14:30-14:40,7.527605598481159
2025-10-31,93,94,15:20-15:40,15.69073476679273
2025-10-31,98,99,16:10-16:30,60.44252563683207
2025-10-31,105,105,17:20-17:30,14.713018818265368
2025-10-31,108,110,17:50-18:20,66.0104171770721
2025-10-31,113,114,18:40-19:00,3.1603205327768364
2025-10-31,117,118,19:20-19:40,61.04397220686951
2025-10-31,129,129,21:20-21:30,2.6693459665746104
2025-10-31,132,134,21:50-22:20,41.29137625345413
2025-10-31,136,136,22:30-22:40,1.4083308330043565
2025-11-01,12,13,01:50-02:10,33.07727195025649
2025-11-01,16,22,02:30-03:40,137.11925160547457
2025-11-01,28,28,04:30-04:40,1.4529420280863405
2025-11-01,31,32,05:00-05:20,11.050069441468073
2025-11-01,46,46,07:30-07:40,13.576180930761552
2025-11-01,97,98,16:00-16:20,10.98604573064108
2025-11-01,102,102,16:50-17:00,20.951623803883805
2025-11-01,104,105,17:10-17:30,20.583973584870158
2025-11-01,118,118,19:30-19:40,2.8950266745622457
2025-11-01,124,125,20:30-20:50,29.801463271482987
2025-11-01,132,133,21:50-22:10,24.11044769706541
2025-11-02,4,6,00:30-01:00,15.360446617976322
2025-11-02,13,14,02:00-02:20,34.693716067903665
2025-11-02,17,19,02:40-03:10,16.377656362679204
2025-11-02,29,31,04:40-05:10,70.42931704829572
2025-11-02,43,45,07:00-07:30,19.827746238226865
2025-11-02,76,76,12:30-12:40,6.391190944297023
2025-11-02,81,83,13:20-13:50,144.5414656101368
2025-11-02,112,114,18:30-19:00,28.53073669279786
2025-11-02,116,119,19:10-19:50,109.1870393472824
2025-11-02,122,124,20:10-20:40,42.90173171469951
2025-11-02,131,132,21:40-22:00,19.505394644031867
2025-11-02,138,138,22:50-23:00,6.871763389919806
2025-11-03,2,3,00:10-00:30,3.3033060534282868
2025-11-03,6,6,00:50-01:00,10.631687722068705
2025-11-03,15,15,02:20-02:30,14.899909856560157
2025-11-03,18,18,02:50-03:00,7.349918410317173
2025-11-03,24,25,03:50-04:10,27.222199072246212
2025-11-03,31,32,05:00-05:20,74.9449506495216
2025-11-03,41,41,06:40-06:50,14.386111537232374
2025-11-03,64,68,10:30-11:20,124.35679718007941
2025-11-03,75,77,12:20-12:50,138.75549482732663
2025-11-03,93,93,15:20-15:30,1.1052281785198375
2025-11-03,107,109,17:40-18:10,52.56482080348882
2025-11-03,142,143,23:30-23:50,64.53955741544917
2025-11-04,1,1,00:00-00:10,18.997726095539065
2025-11-04,4,5,00:30-00:50,50.255033116199684
2025-11-04,14,14,02:10-02:20,5.163037524674451
2025-11-04,21,24,03:20-04:00,23.252250921173868
2025-11-04,31,31,05:00-05:10,1.7584986135393592
2025-11-04,36,38,05:50-06:20,54.832698766754675
2025-11-04,40,40,06:30-06:40,0.021667805914342253
2025-11-04,104,106,17:10-17:40,66.629811222341
2025-11-04,110,111,18:10-18:30,7.3450726975355565
2025-11-04,113,116,18:40-19:20,52.37748068448843
2025-11-04,120,122,19:50-20:20,45.146692781944694
2025-11-04,127,128,21:00-21:20,46.211783478089274
2025-11-04,134,134,22:10-22:20,4.931853776812773
2025-11-04,142,143,23:30-23:50,15.799057310172202
2025-11-05,3,4,00:20-00:40,53.874915133570084
2025-11-05,8,9,01:10-01:30,25.522295683642483
2025-11-05,20,20,03:10-03:20,4.735446479799975
2025-11-05,30,31,04:50-05:10,51.84166405448104
2025-11-05,40,43,06:30-07:10,80.08335512755455
2025-11-05,47,48,07:40-08:00,27.96028647566345
2025-11-05,71,71,11:40-11:50,2.6961091844793827
2025-11-05,89,89,14:40-14:50,5.6638085575172
2025-11-05,95,95,15:40-15:50,9.565282288082642
2025-11-05,100,101,16:30-16:50,32.32295258774671
2025-11-05,109,109,18:00-18:10,1.2782599966160046
2025-11-05,126,126,20:50-21:00,2.4506415317803203
2025-11-05,132,132,21:50-22:00,17.884779576259916
2025-11-05,135,138,22:20-23:00,78.50017797736518
2025-11-05,141,141,23:20-23:30,5.9001756810105235
2025-11-06,4,4,00:30-00:40,13.900919811817289
2025-11-06,7,7,01:00-01:10,0.730887577312842
2025-11-06,11,11,01:40-01:50,20.81874770364516
2025-11-06,16,18,02:30-03:00,9.1638290827741
2025-11-06,23,23,03:40-03:50,4.180109836820634
2025-11-06,33,35,05:20-05:50,55.236658531197875
2025-11-06,45,67,07:20-11:10,1106.490899287499
2025-11-06,73,73,12:00-12:10,3.0904084409596635
2025-11-06,78,79,12:50-13:10,36.1680336858235
2025-11-06,106,106,17:30-17:40,3.4416596591659685
2025-11-06,110,110,18:10-18:20,7.827749935141924
2025-11-06,113,114,18:40-19:00,4.56446655481011
2025-11-06,123,123,20:20-20:30,18.922379260429125
2025-11-06,125,126,20:40-21:00,14.681473983419096
2025-11-06,129,130,21:20-21:40,39.414199295960316
2025-11-06,134,135,22:10-22:30,24.445929398604903
2025-11-06,138,142,22:50-23:40,57.31653016844348
2025-11-07,7,8,01:00-01:20,16.019553204368947
2025-11-07,11,16,01:40-02:40,48.318484859849775
2025-11-07,22,22,03:30-03:40,4.392226417949701
2025-11-07,38,39,06:10-06:30,23.108772147650996
2025-11-07,42,43,06:50-07:10,41.262866728704864
2025-11-07,46,47,07:30-07:50,24.755147634087393
2025-11-07,50,51,08:10-08:30,67.97504774406417
2025-11-07,54,54,08:50-09:00,20.13499999999999
2025-11-07,103,107,17:00-17:50,66.51077659936456
2025-11-07,119,120,19:40-20:00,9.967802506908583
2025-11-07,123,124,20:20-20:40,36.270228898539244
2025-11-07,137,137,22:40-22:50,11.071322338465677
2025-11-07,144,144,23:50-24:00,19.035937623371524
2025-11-08,1,2,00:00-00:20,66.56432572706967
2025-11-08,7,8,01:00-01:20,36.78122756283727
2025-11-08,14,14,02:10-02:20,11.339227260165842
2025-11-08,19,19,03:00-03:10,5.951802474009639
2025-11-08,27,27,04:20-04:30,7.352525332280607
2025-11-08,99,99,16:20-16:30,12.017336985129731
2025-11-08,113,115,18:40-19:10,45.085641428382985
2025-11-08,118,118,19:30-19:40,5.212134090011773
2025-11-08,125,125,20:40-20:50,7.682113705752897
2025-11-08,129,130,21:20-21:40,6.6653546190289035
2025-11-08,134,134,22:10-22:20,0.25472939860509314
2025-11-09,3,3,00:20-00:30,13.017439794709844
2025-11-09,9,9,01:20-01:30,14.9444670351362
2025-11-09,13,13,02:00-02:10,1.6756138307671335
2025-11-09,21,21,03:20-03:30,7.589429530201301
2025-11-09,25,26,04:00-04:20,11.273902526648385
2025-11-09,35,35,05:40-05:50,0.5889804861541487
2025-11-09,42,43,06:50-07:10,34.277319476246824
2025-11-09,85,94,14:00-15:40,582.4747205628564
2025-11-09,112,113,18:30-18:50,11.357905820314604
2025-11-09,120,120,19:50-20:00,5.129110409264285
2025-11-09,126,127,20:50-21:10,44.083699499934596
2025-11-09,135,135,22:20-22:30,0.24238123437294234
2025-11-09,144,144,23:50-24:00,9.131780497433851
2025-11-10,3,4,00:20-00:40,21.34967677983957
2025-11-10,8,9,01:10-01:30,24.794254651927872
2025-11-10,24,26,03:50-04:20,38.85570859323582
2025-11-10,30,30,04:50-05:00,0.29300500065812685
2025-11-10,35,35,05:40-05:50,0.7091432791908961
2025-11-10,42,43,06:50-07:10,3.017141217829284
2025-11-10,46,47,07:30-07:50,25.212279812193827
2025-11-10,49,53,08:00-08:50,51.59827704021234
2025-11-10,72,77,11:50-12:50,231.98203537965537
2025-11-10,83,83,13:40-13:50,5.445456510254758
2025-11-10,86,88,14:10-14:40,112.22583101817918
2025-11-10,94,99,15:30-16:30,164.86558504032445
2025-11-10,103,104,17:00-17:20,5.246747584268631
2025-11-10,106,106,17:30-17:40,8.085200051698706
2025-11-10,109,110,18:00-18:20,53.351839523057606
2025-11-10,112,113,18:30-18:50,14.670326209275524
2025-11-10,117,117,19:20-19:30,1.5114153178049037
2025-11-10,120,122,19:50-20:20,24.64801454138683
2025-11-10,126,126,20:50-21:00,19.308349124884785
2025-11-10,129,132,21:20-22:00,59.84979038689255
2025-11-10,141,141,23:20-23:30,3.535613896565337
2025-11-11,2,2,00:10-00:20,6.616485899460486
2025-11-11,6,7,00:50-01:10,9.310871219897308
2025-11-11,11,12,01:40-02:00,24.274698618239086
2025-11-11,39,39,06:20-06:30,4.928755757336489
2025-11-11,42,45,06:50-07:30,28.421470638994087
2025-11-11,81,81,13:20-13:30,3.3094399639053336
2025-11-11,93,96,15:20-16:00,16.958397682965767
2025-11-11,100,100,16:30-16:40,3.7475792829884824
2025-11-11,104,104,17:10-17:20,16.78880642189779
2025-11-11,108,108,17:50-18:00,5.283155020397658
2025-11-11,111,111,18:20-18:30,4.383240557968065
2025-11-11,116,116,19:10-19:20,4.54144502566146
2025-11-11,119,120,19:40-20:00,12.353692242400484
2025-11-11,130,131,21:30-21:50,24.86406469930273
2025-11-11,134,134,22:10-22:20,1.9052047374655103
2025-11-11,139,141,23:00-23:30,37.040173930780156
2025-11-11,144,144,23:50-24:00,10.068169495986126
2025-11-12,29,30,04:40-05:00,4.032167140413216
2025-11-12,38,39,06:10-06:30,30.790659747523048
2025-11-12,42,42,06:50-07:00,6.11316470212244
2025-11-12,82,86,13:30-14:20,90.81375885266823
2025-11-12,97,97,16:00-16:10,1.4695854435733509
2025-11-12,102,102,16:50-17:00,23.162523898821156
2025-11-12,111,111,18:20-18:30,6.47704237399671
2025-11-12,120,122,19:50-20:20,59.15344606527128
2025-11-12,131,131,21:40-21:50,7.0304221147519
2025-11-12,136,137,22:30-22:50,17.18163616265292
2025-11-13,7,7,01:00-01:10,13.566232662192533
2025-11-13,12,13,01:50-02:10,10.313291465982388
2025-11-13,25,26,04:00-04:20,10.111022213449132
2025-11-13,29,30,04:40-05:00,23.648354801383757
2025-11-13,36,36,05:50-06:00,1.8490643505723483
2025-11-13,42,42,06:50-07:00,22.692218360498508
2025-11-13,74,78,12:10-13:00,228.8567486614786
2025-11-13,81,81,13:20-13:30,12.491641569379453
2025-11-13,83,87,13:40-14:30,183.23696723535022
2025-11-13,89,92,14:40-15:20,82.07235643693491
2025-11-13,101,101,16:40-16:50,8.353756449156592
2025-11-13,103,105,17:00-17:30,26.570277262045984
2025-11-13,114,116,18:50-19:20,43.308963469817286
2025-11-13,120,120,19:50-20:00,1.217918147124692
2025-11-13,122,122,20:10-20:20,1.9188710356627325
2025-11-13,133,133,22:00-22:10,1.7819712198972866
2025-11-14,2,2,00:10-00:20,10.467328451112053
2025-11-14,12,12,01:50-02:00,17.360896828530144
2025-11-14,27,27,04:20-04:30,20.303099091985757
2025-11-14,94,95,15:30-15:50,25.006628067603003
2025-11-14,99,99,16:20-16:30,16.525804593649582
2025-11-14,113,114,18:40-19:00,3.275477082510861
2025-11-14,120,120,19:50-20:00,0.2546473220159555
2025-11-14,128,128,21:10-21:20,12.089412995131056
2025-11-14,143,143,23:40-23:50,3.51184107777334
2025-11-15,6,6,00:50-01:00,1.2101723911039812
2025-11-15,21,22,03:20-03:40,3.276771489669784
2025-11-15,24,26,03:50-04:20,66.73122709567053
2025-11-15,43,44,07:00-07:20,39.62178554133072
2025-11-15,61,61,10:00-10:10,17.213263982103058
2025-11-15,80,81,13:10-13:30,22.28287867200538
2025-11-15,96,96,15:50-16:00,18.084062470625554
2025-11-15,110,110,18:10-18:20,3.88448247137768
2025-11-15,120,123,19:50-20:30,39.805014100539665
2025-11-15,138,139,22:50-23:10,15.69614500592229
2025-11-16,1,2,00:00-00:20,15.329512797736697
2025-11-16,5,6,00:40-01:00,25.651343946571956
2025-11-16,12,12,01:50-02:00,14.832558231346297
2025-11-16,28,28,04:30-04:40,3.150454783523969
2025-11-16,32,34,05:10-05:40,42.64586597766613
2025-11-16,36,36,05:50-06:00,17.018435320436765
2025-11-16,40,41,06:30-06:50,31.663050065798224
2025-11-16,51,51,08:20-08:30,6.2068864794237015
2025-11-16,54,54,08:50-09:00,2.9020195326448857
2025-11-16,60,70,09:50-11:40,455.6431332515551
2025-11-16,100,102,16:30-17:00,69.52098025962101
2025-11-16,107,108,17:40-18:00,44.912666008685505
2025-11-16,124,125,20:30-20:50,33.79592362810877
2025-11-16,129,129,21:20-21:30,3.5933070140807786
2025-11-16,139,140,23:00-23:20,18.35333784050522
2025-11-16,144,144,23:50-24:00,20.555920515857338
2025-11-17,6,7,00:50-01:10,78.83427300960659
2025-11-17,12,12,01:50-02:00,14.384105145413855
2025-11-17,18,18,02:50-03:00,4.598927490459232
2025-11-17,28,28,04:30-04:40,2.5554119621003792
2025-11-17,31,32,05:00-05:20,23.315911963980376
2025-11-17,48,48,07:50-08:00,0.5332475607691549
2025-11-17,57,58,09:20-09:40,67.32481492583611
2025-11-17,100,102,16:30-17:00,25.566746141409105
2025-11-17,117,117,19:20-19:30,1.0194203184627213
2025-11-17,124,124,20:30-20:40,15.500577260165983
2025-11-17,132,133,21:50-22:10,7.420555151993767
2025-11-17,139,139,23:00-23:10,2.170456027108912
2025-11-18,2,2,00:10-00:20,1.2914058231347099
2025-11-18,7,8,01:00-01:20,4.650465791551483
2025-11-18,20,20,03:10-03:20,19.682922476641693
2025-11-18,25,26,04:00-04:20,26.128063343861072
2025-11-18,28,29,04:30-04:50,18.704097771323404
2025-11-18,70,78,11:30-13:00,259.9201902844362
2025-11-18,81,81,13:20-13:30,6.064916318876158
2025-11-18,85,85,14:00-14:10,36.2413860517363
2025-11-18,89,89,14:40-14:50,27.30152242306292
2025-11-18,91,92,15:00-15:20,26.881481855692982
2025-11-18,97,98,16:00-16:20,10.955439900926649
2025-11-18,125,126,20:40-21:00,30.60448109619665
2025-11-18,132,132,21:50-22:00,7.51900776417915
2025-11-18,135,135,22:20-22:30,21.501410053954487
2025-11-18,138,138,22:50-23:00,28.425863929464413
2025-11-18,142,143,23:30-23:50,15.684036281089561
2025-11-19,5,6,00:40-01:00,38.34774342018693
2025-11-19,11,11,01:40-01:50,2.028819923674064
2025-11-19,15,15,02:20-02:30,8.425552704303186
2025-11-19,20,21,03:10-03:30,59.12619099881533
2025-11-19,24,24,03:50-04:00,10.162989867087617
2025-11-19,30,30,04:50-05:00,12.757312146335039
2025-11-19,35,36,05:40-06:00,70.64700410768324
2025-11-19,44,44,07:10-07:20,3.8612242090125477
2025-11-19,56,59,09:10-09:50,89.73366980711717
2025-11-19,68,69,11:10-11:30,22.915677581636828
2025-11-19,99,99,16:20-16:30,9.671123268099137
2025-11-19,115,115,19:00-19:10,13.072652079220916
2025-11-19,122,122,20:10-20:20,1.0106151730490183
2025-11-19,125,127,20:40-21:10,69.65280222397678
2025-11-19,137,139,22:40-23:10,10.120707968153965
2025-11-19,143,144,23:40-24:00,27.52223689301229
2025-11-20,1,1,00:00-00:10,6.552140380313176
2025-11-20,10,10,01:30-01:40,3.2076940123703253
2025-11-20,16,17,02:30-02:50,14.327235886300855
2025-11-20,22,23,03:30-03:50,15.69935482300275
2025-11-20,28,29,04:30-04:50,28.278884678434906
2025-11-20,34,34,05:30-05:40,10.417272996446854
2025-11-20,79,80,13:00-13:20,68.48203133307095
2025-11-20,83,83,13:40-13:50,1.3105012689644582
2025-11-20,86,86,14:10-14:20,2.038157438008625
2025-11-20,93,93,15:20-15:30,0.3956295236212668
2025-11-20,102,102,16:50-17:00,27.302914763220723
2025-11-20,105,105,17:20-17:30,2.041153441242386
2025-11-20,108,110,17:50-18:20,40.24004312503571
2025-11-20,115,116,19:00-19:20,14.351613429398753
2025-11-20,125,125,20:40-20:50,8.692175167785422
2025-11-20,128,128,21:10-21:20,20.35961498223469
2025-11-20,136,136,22:30-22:40,5.232889669693122
2025-11-20,141,143,23:20-23:50,67.22341181734464
2025-11-21,10,11,01:30-01:50,15.103948999868635
2025-11-21,13,14,02:00-02:20,6.412782833267443
2025-11-21,16,18,02:30-03:00,49.85952368732717
2025-11-21,21,24,03:20-04:00,96.8951703908408
2025-11-21,28,29,04:30-04:50,12.722583452709955
2025-11-21,34,35,05:30-05:50,14.440733701802856
2025-11-21,44,46,07:10-07:40,15.110337435376607
2025-11-21,96,96,15:50-16:00,12.671484476340765
2025-11-21,107,108,17:40-18:00,13.720614120278668
2025-11-21,127,128,21:00-21:20,6.998702599026444
2025-11-21,130,131,21:30-21:50,29.447017601000027
2025-11-21,136,137,22:30-22:50,19.13024748651128
2025-11-21,142,142,23:30-23:40,15.365182918805203
2025-11-22,2,2,00:10-00:20,12.659129951309183
2025-11-22,4,5,00:30-00:50,11.07355357941816
2025-11-22,14,15,02:10-02:30,25.856355625740207
2025-11-22,18,19,02:50-03:10,32.638064357152416
2025-11-22,23,24,03:40-04:00,23.556776088959055
2025-11-22,30,32,04:50-05:20,12.962479277348693
2025-11-22,36,37,05:50-06:10,12.299538965653312
2025-11-22,41,41,06:40-06:50,4.166537143045161
2025-11-22,46,46,07:30-07:40,0.25217517624486163
2025-11-22,58,59,09:30-09:50,14.611977142669048
2025-11-22,64,64,10:30-10:40,2.8603302502209544
2025-11-22,98,98,16:10-16:20,6.775774549282772
2025-11-22,100,101,16:30-16:50,7.868347694245358
2025-11-22,106,106,17:30-17:40,3.107364573346183
2025-11-22,112,113,18:30-18:50,16.453398080574573
2025-11-22,121,121,20:00-20:10,3.3601144821687967
2025-11-22,135,135,22:20-22:30,19.097696407422063
2025-11-22,139,139,23:00-23:10,9.591889334122925
2025-11-23,1,1,00:00-00:10,2.1356823924199944
2025-11-23,4,5,00:30-00:50,46.25989949335428
2025-11-23,18,18,02:50-03:00,8.82368601131725
2025-11-23,22,22,03:30-03:40,2.346067489143252
2025-11-23,26,27,04:10-04:30,11.082956527174588
2025-11-23,30,30,04:50-05:00,30.484962495065133
2025-11-23,33,35,05:20-05:50,41.26612601282103
2025-11-23,45,50,07:20-08:20,114.19418346962891
2025-11-23,59,66,09:40-11:00,316.07085466978856
2025-11-23,68,68,11:10-11:20,2.7012452503142867
2025-11-23,109,111,18:00-18:30,34.90324798657739
2025-11-23,114,114,18:50-19:00,12.56264047901061
2025-11-23,127,128,21:00-21:20,48.433288709040426
2025-11-24,1,2,00:00-00:20,43.57316664692689
2025-11-24,9,9,01:20-01:30,7.554714436110089
2025-11-24,20,20,03:10-03:20,7.496849671009272
2025-11-24,33,33,05:20-05:30,20.746897618107823
2025-11-24,36,38,05:50-06:20,33.103071148459144
2025-11-24,80,81,13:10-13:30,22.048034860790153
2025-11-24,87,87,14:20-14:30,0.41083507228381677
2025-11-24,95,95,15:40-15:50,16.430249980260726
2025-11-24,105,106,17:20-17:40,3.180473019005949
2025-11-24,114,114,18:50-19:00,18.03742334517699
2025-11-24,119,122,19:40-20:20,40.19313249769709
2025-11-24,138,140,22:50-23:20,61.29265804711122
2025-11-24,143,144,23:40-24:00,13.989324496644144
2025-11-25,14,16,02:10-02:40,48.86353938018169
2025-11-25,23,26,03:40-04:20,29.971701375181055
2025-11-25,29,30,04:40-05:00,27.442619443347667
2025-11-25,46,47,07:30-07:50,32.782227815690334
2025-11-25,51,55,08:20-09:10,76.66455512003495
2025-11-25,67,69,11:00-11:30,61.40754446449671
2025-11-25,80,81,13:10-13:30,35.603365754892934
2025-11-25,105,106,17:20-17:40,13.703857664542673
2025-11-25,117,117,19:20-19:30,5.786732464798206
2025-11-25,123,124,20:20-20:40,6.912979852612125
2025-11-25,129,132,21:20-22:00,62.698164146598174
2025-11-25,141,142,23:20-23:40,29.232494801947723
2025-11-26,15,17,02:20-02:50,42.98688083300442
2025-11-26,37,38,06:00-06:20,65.6405615607314
2025-11-26,43,44,07:00-07:20,7.166423871562195
2025-11-26,51,51,08:20-08:30,23.660154837102596
2025-11-26,64,64,10:30-10:40,21.005705995150038
2025-11-26,68,68,11:10-11:20,4.767517696877576
2025-11-26,71,73,11:40-12:10,49.40924182505137
2025-11-26,79,80,13:00-13:20,35.206802906396774
2025-11-26,96,97,15:50-16:10,32.32085361513708
2025-11-26,140,141,23:10-23:30,35.5238145150679
2025-11-27,4,4,00:30-00:40,7.020896611396097
2025-11-27,10,10,01:30-01:40,7.060215488880203
2025-11-27,30,30,04:50-05:00,11.127972759573481
2025-11-27,39,39,06:20-06:30,21.94791288327417
2025-11-27,92,95,15:10-15:50,142.88990487940282
2025-11-27,97,99,16:00-16:30,41.828072707875435
2025-11-27,107,107,17:40-17:50,0.9298583695222078
2025-11-27,111,111,18:20-18:30,15.81635017765484
2025-11-27,123,123,20:20-20:30,19.811995657323337
2025-11-27,130,130,21:30-21:40,0.7201497697067225
2025-11-27,133,133,22:00-22:10,7.435045407290318
2025-11-28,3,4,00:20-00:40,17.714667627319386
2025-11-28,8,8,01:10-01:20,2.3607039544677377
2025-11-28,25,27,04:00-04:30,51.97504186735085
2025-11-28,30,30,04:50-05:00,16.241687064087444
2025-11-28,36,36,05:50-06:00,3.2488544545334435
2025-11-28,47,48,07:40-08:00,31.819505627620117
2025-11-28,72,73,11:50-12:10,21.35106547948044
2025-11-28,91,91,15:00-15:10,13.62605879157013
2025-11-28,104,104,17:10-17:20,3.082021706803289
2025-11-28,111,111,18:20-18:30,26.14268719568355
2025-11-28,114,119,18:50-19:50,99.57350207264165
2025-11-28,144,144,23:50-24:00,3.431760100013264
2025-11-29,12,12,01:50-02:00,12.547088432688554
2025-11-29,23,23,03:40-03:50,4.733366475852165
2025-11-29,27,27,04:20-04:30,50.59399855244101
2025-11-29,38,40,06:10-06:40,33.668415958866774
2025-11-29,45,45,07:20-07:30,9.521557935254634
2025-11-29,48,48,07:50-08:00,2.753514959675158
2025-11-29,65,94,10:40-15:40,1911.7204592042183
2025-11-29,120,120,19:50-20:00,10.796825240163173
2025-11-29,129,129,21:20-21:30,4.372382550335601
2025-11-29,133,133,22:00-22:10,7.42009318989335
2025-11-29,137,137,22:40-22:50,18.433508790630185
2025-11-29,142,143,23:30-23:50,71.06935425713908
2025-11-30,9,11,01:20-01:50,16.290959323595075
2025-11-30,23,24,03:40-04:00,33.95100518489255
2025-11-30,27,27,04:20-04:30,6.239010396104845
2025-11-30,34,34,05:30-05:40,12.142710961968568
2025-11-30,37,38,06:00-06:20,25.632232577595232
2025-11-30,41,42,06:40-07:00,44.3282618427236
2025-11-30,49,50,08:00-08:20,68.34647501457005
2025-11-30,55,56,09:00-09:20,50.15344729757646
2025-11-30,61,61,10:00-10:10,3.0535074765473382
2025-11-30,70,71,11:30-11:50,44.3004993523582
2025-11-30,73,74,12:00-12:20,106.32357463200105
2025-11-30,76,80,12:30-13:20,232.4552210507021
2025-11-30,82,84,13:30-14:00,39.46183577632439
2025-11-30,87,90,14:20-15:00,167.06937703833228
2025-11-30,93,93,15:20-15:30,12.579443982291139
2025-11-30,97,97,16:00-16:10,4.29932444212605
2025-11-30,114,117,18:50-19:30,27.362569041979214
2025-11-30,123,123,20:20-20:30,1.9201487037769311
2025-11-30,129,130,21:20-21:40,28.671971476510066
2025-11-30,133,133,22:00-22:10,3.0285799973678422
2025-11-30,137,137,22:40-22:50,1.2870370772470778
2025-11-30,139,140,23:00-23:20,6.4847639952627105
2025-12-01,1,5,00:00-00:50,138.39295361889674
2025-12-01,9,65,01:20-10:50,3869.1486105436807
2025-12-01,78,84,12:50-14:00,536.1869529806551
2025-12-01,87,87,14:20-14:30,15.394216884740786
2025-12-01,90,95,14:50-15:50,131.30796223751253
2025-12-01,107,109,17:40-18:10,30.40049091045807
2025-12-01,122,122,20:10-20:20,16.22044854586136
2025-12-01,128,128,21:10-21:20,8.154084478220852
2025-12-01,133,134,22:00-22:20,13.9101495854718
2025-12-01,137,137,22:40-22:50,9.37509258455043
2025-12-01,143,144,23:40-24:00,72.19254033425466
2025-12-02,1,1,00:00-00:10,25.734115337544154
2025-12-02,3,4,00:20-00:40,57.05419214370329
2025-12-02,6,19,00:50-03:10,507.81209861165905
2025-12-02,22,71,03:30-11:50,3941.3316254958368
2025-12-02,74,77,12:10-12:50,53.425630171262696
2025-12-02,79,79,13:00-13:10,9.632803440302155
2025-12-02,82,83,13:30-13:50,68.19524700994452
2025-12-02,86,95,14:10-15:50,158.6774632658412
2025-12-02,97,98,16:00-16:20,33.30515520275205
2025-12-02,102,105,16:50-17:30,65.61151495591491
2025-12-02,109,110,18:00-18:20,21.010695236215646
2025-12-02,112,114,18:30-19:00,100.14030212527973
2025-12-02,117,120,19:20-20:00,52.383738557705215
2025-12-02,128,129,21:10-21:30,30.702386590340893
2025-12-02,131,132,21:40-22:00,8.169062620081718
2025-12-02,136,136,22:30-22:40,4.594436649558929
2025-12-02,139,140,23:00-23:20,9.482548262929186
2025-12-03,2,4,00:10-00:40,68.03884028161622
2025-12-03,7,16,01:00-02:40,315.50501121200136
2025-12-03,18,21,02:50-03:30,47.926879122253126
2025-12-03,23,51,03:40-08:30,1240.2326615315924
2025-12-03,53,56,08:40-09:20,152.5517740257177
2025-12-03,58,59,09:30-09:50,55.37934336848855
2025-12-03,69,78,11:20-13:00,662.562817911192
2025-12-03,81,83,13:20-13:50,130.26632188539782
2025-12-03,87,89,14:20-14:50,111.6272439634912
2025-12-03,99,100,16:20-16:40,53.48440744364892
2025-12-03,106,108,17:30-18:00,12.471108999304365
2025-12-03,111,111,18:20-18:30,1.9800157915514092
2025-12-03,116,116,19:10-19:20,5.601227207527359
2025-12-03,126,126,20:50-21:00,7.545132912225313
2025-12-03,130,133,21:30-22:10,40.75302130543514
2025-12-03,137,137,22:40-22:50,1.901638182655688
2025-12-03,142,143,23:30-23:50,36.669595959994695
2025-12-04,1,1,00:00-00:10,17.009624575602174
2025-12-04,5,10,00:40-01:40,99.99312458876148
2025-12-04,12,29,01:50-04:50,500.5859007040399
2025-12-04,31,44,05:00-07:20,479.36388737991854
2025-12-04,49,54,08:00-09:00,411.7283436814996
2025-12-04,56,62,09:10-10:20,208.88439910420493
2025-12-04,67,68,11:00-11:20,13.901105512943332
2025-12-04,95,97,15:40-16:10,44.67375493955953
2025-12-04,100,101,16:30-16:50,44.51508826819349
2025-12-04,103,104,17:00-17:20,54.40586728140918
2025-12-04,107,108,17:40-18:00,52.05415015603569
2025-12-04,120,120,19:50-20:00,25.534276878536502
2025-12-04,124,125,20:30-20:50,53.204972351625315
2025-12-04,132,134,21:50-22:20,19.862749223581886
2025-12-04,138,138,22:50-23:00,37.90124095275678
2025-12-04,141,141,23:20-23:30,24.20612383208322
2025-12-05,3,3,00:20-00:30,20.09109159099893
2025-12-05,7,8,01:00-01:20,63.48869769706545
2025-12-05,11,12,01:40-02:00,19.952637537833766
2025-12-05,16,18,02:30-03:00,39.4999824318989
2025-12-05,26,27,04:10-04:30,21.1255139097251
2025-12-05,30,31,04:50-05:10,58.35073374034187
2025-12-05,33,34,05:20-05:40,25.029999051566744
2025-12-05,38,38,06:10-06:20,7.148175404658559
2025-12-05,41,43,06:40-07:10,114.89543769856914
2025-12-05,46,48,07:30-08:00,78.44601380162783
2025-12-05,51,53,08:20-08:50,59.454154856842194
2025-12-05,81,81,13:20-13:30,11.59646038952485
2025-12-05,84,88,13:50-14:40,129.43632810896122
2025-12-05,95,95,15:40-15:50,7.266401331942063
2025-12-05,103,106,17:00-17:40,69.74637233282542
2025-12-05,108,109,17:50-18:10,9.809048670877644
2025-12-05,112,113,18:30-18:50,27.600788959073725
2025-12-05,118,119,19:30-19:50,24.08735286221861
2025-12-05,130,132,21:30-22:00,43.23097716146884
2025-12-05,135,136,22:20-22:40,50.790617449664296
2025-12-05,141,142,23:20-23:40,61.355104546650864
2025-12-05,144,144,23:50-24:00,26.73080931701554
2025-12-06,1,3,00:00-00:30,39.33437527306222
2025-12-06,6,7,00:50-01:10,57.148758599815835
2025-12-06,10,10,01:30-01:40,5.91056669298581
2025-12-06,12,14,01:50-02:20,80.42197808922242
2025-12-06,17,17,02:40-02:50,9.55048247137779
2025-12-06,20,25,03:10-04:10,82.73315064482188
2025-12-06,29,30,04:40-05:00,73.09876163310946
2025-12-06,42,43,06:50-07:10,35.228131075517695
2025-12-06,51,51,08:20-08:30,4.252770148327784
2025-12-06,58,59,09:30-09:50,96.84582755437702
2025-12-06,64,72,10:30-12:00,792.8411222698468
2025-12-06,92,92,15:10-15:20,14.772489804109114
2025-12-06,97,98,16:00-16:20,48.26631296881172
2025-12-06,100,101,16:30-16:50,57.62440883480891
2025-12-06,108,109,17:50-18:10,42.09933821555461
2025-12-06,111,111,18:20-18:30,14.861219239373611
2025-12-06,115,117,19:00-19:30,57.347706007369595
2025-12-06,122,122,20:10-20:20,10.2818464205817
2025-12-06,127,128,21:00-21:20,62.0176070009212
2025-12-06,132,133,21:50-22:10,45.589152164758616
2025-12-06,136,136,22:30-22:40,0.615363159626213
2025-12-06,142,143,23:30-23:50,8.414814863797744
2025-12-07,3,6,00:20-01:00,67.62275126332406
2025-12-07,8,10,01:10-01:40,49.86498012238462
2025-12-07,13,16,02:00-02:40,29.365036287669568
2025-12-07,19,20,03:00-03:20,75.52806392946434
2025-12-07,28,28,04:30-04:40,1.234187110146081
2025-12-07,31,32,05:00-05:20,9.253569646381848
2025-12-07,36,36,05:50-06:00,14.519748651138002
2025-12-07,47,47,07:40-07:50,11.36347535295991
2025-12-07,65,65,10:40-10:50,17.500114825258947
2025-12-07,78,78,12:50-13:00,5.4902455680257845
2025-12-07,85,85,14:00-14:10,0.25491297069186203
2025-12-07,94,95,15:30-15:50,27.031841872990924
2025-12-07,100,101,16:30-16:50,6.588846652754718
2025-12-07,105,106,17:20-17:40,20.753717508883256
2025-12-07,109,110,18:00-18:20,12.744564386291438
2025-12-07,112,113,18:30-18:50,74.2924406012072
2025-12-07,116,117,19:10-19:30,26.120200539544612
2025-12-07,122,123,20:10-20:30,33.94334588761694
2025-12-07,126,126,20:50-21:00,13.805151993683353
2025-12-07,134,135,22:10-22:30,20.242536452164586
2025-12-07,139,142,23:00-23:40,38.14637165416525
2025-12-08,14,14,02:10-02:20,8.184879141992269
2025-12-08,34,34,05:30-05:40,7.089991037354535
2025-12-08,40,40,06:30-06:40,9.8076394055609
2025-12-08,67,68,11:00-11:20,18.98736743086522
2025-12-08,80,80,13:10-13:20,23.352777529938635
2025-12-08,82,83,13:30-13:50,30.13593937548137
2025-12-08,102,102,16:50-17:00,11.226460389525027
2025-12-08,124,125,20:30-20:50,57.14388730096084
2025-12-08,134,135,22:10-22:30,34.45113562968811
2025-12-09,3,3,00:20-00:30,0.4886886432425399
2025-12-09,5,6,00:40-01:00,11.221138419529098
2025-12-09,19,20,03:00-03:20,15.528917712857151
2025-12-09,33,33,05:20-05:30,11.191239636794307
2025-12-09,49,49,08:00-08:10,1.3437392034662707
2025-12-09,89,90,14:40-15:00,5.313606903163816
2025-12-09,106,107,17:30-17:50,55.0321060506084
2025-12-09,110,111,18:10-18:30,13.65363976181094
2025-12-09,118,119,19:30-19:50,44.08284971048772
2025-12-09,123,123,20:20-20:30,21.467858928806322
2025-12-09,126,127,20:50-21:10,20.54024274246615
2025-12-09,136,137,22:30-22:50,19.494017186471638
2025-12-10,3,3,00:20-00:30,0.6693505724437046
2025-12-10,8,8,01:10-01:20,1.9170430517173145
2025-12-10,38,38,06:10-06:20,13.388410764574132
2025-12-10,67,67,11:00-11:10,0.2722529684353958
2025-12-10,76,78,12:30-13:00,46.84299785968119
2025-12-10,95,96,15:40-16:00,23.99018224860444
2025-12-10,99,99,16:20-16:30,6.725945613144702
2025-12-10,101,102,16:40-17:00,8.538579555581032
2025-12-10,105,106,17:20-17:40,3.0144146269243492
2025-12-10,109,109,18:00-18:10,2.5834565271746897
2025-12-10,113,113,18:40-18:50,0.273010658357407
2025-12-10,115,116,19:00-19:20,10.196462343729763
2025-12-10,132,138,21:50-23:00,43.599837906303605
2025-12-11,1,1,00:00-00:10,16.958238985392654
2025-12-11,5,5,00:40-00:50,0.3873464140018541
2025-12-11,105,105,17:20-17:30,6.8960554020266045
2025-12-11,117,117,19:20-19:30,30.71025266482434
2025-12-11,131,132,21:40-22:00,16.92302957626009
2025-12-11,134,135,22:10-22:30,60.21383335965277
2025-12-11,138,138,22:50-23:00,8.851250822476686
2025-12-12,9,10,01:20-01:40,3.6492369522306376
2025-12-12,59,59,09:40-09:50,20.78629898576844
2025-12-12,67,68,11:00-11:20,15.730692884402174
2025-12-12,70,71,11:30-11:50,26.10315552516306
2025-12-12,73,76,12:00-12:40,164.40110186490642
2025-12-12,78,78,12:50-13:00,20.955433609685315
2025-12-12,102,102,16:50-17:00,10.13245953414912
2025-12-12,109,110,18:00-18:20,9.079444194724715
2025-12-12,121,122,20:00-20:20,23.643760725095433
2025-12-12,124,127,20:30-21:10,43.58192114751921
2025-12-12,133,134,22:00-22:20,60.78729912488461
2025-12-12,138,139,22:50-23:10,11.258419903934737
2025-12-13,4,5,00:30-00:50,23.26313130017104
2025-12-13,8,8,01:10-01:20,0.6673217528621649
2025-12-13,37,37,06:00-06:10,24.70437771041304
2025-12-13,85,85,14:00-14:10,4.7484151476692205
2025-12-13,102,102,16:50-17:00,9.351117910251048
2025-12-13,109,110,18:00-18:20,53.65741431297346
2025-12-13,126,126,20:50-21:00,2.825000657981377
2025-12-13,130,130,21:30-21:40,11.53307706277144
2025-12-14,62,63,10:10-10:30,26.36720126238447
2025-12-14,66,66,10:50-11:00,69.09521295095249
2025-12-14,95,95,15:40-15:50,11.948491829752072
2025-12-14,104,104,17:10-17:20,14.110201285883578
2025-12-14,120,121,19:50-20:10,46.83048590604028
2025-12-14,131,131,21:40-21:50,2.77701125806027
2025-12-15,67,68,11:00-11:20,71.84259082962035
2025-12-15,105,106,17:20-17:40,38.891813087248465
2025-12-15,136,136,22:30-22:40,9.581602112119981
2025-12-16,109,109,18:00-18:10,0.3077287143044032
2025-12-16,133,133,22:00-22:10,2.1245655086195256
2025-12-16,139,140,23:00-23:20,14.601379148571596
2025-12-16,144,144,23:50-24:00,19.770565863929505
2025-12-17,32,32,05:10-05:20,4.362394769048706
2025-12-17,34,34,05:30-05:40,6.729950868535408
2025-12-17,41,41,06:40-06:50,9.012728641926628
2025-12-17,102,102,16:50-17:00,1.7514554546648924
2025-12-17,111,112,18:20-18:40,30.753286439005137
2025-12-17,124,124,20:30-20:40,25.086620344782204
2025-12-17,128,129,21:10-21:30,53.479506592972825
2025-12-18,4,4,00:30-00:40,12.589322864850828
2025-12-18,11,12,01:40-02:00,49.16418233978163
2025-12-18,18,19,02:50-03:10,22.27273470193461
2025-12-18,27,27,04:20-04:30,3.474730885642998
2025-12-18,118,118,19:30-19:40,3.703930273720175
2025-12-18,126,126,20:50-21:00,8.49891762073969
2025-12-18,133,133,22:00-22:10,6.575618252401682
2025-12-18,137,137,22:40-22:50,7.113034353204512
2025-12-19,5,5,00:40-00:50,8.191534254506962
2025-12-19,12,12,01:50-02:00,0.6707968153704087
2025-12-19,90,91,14:50-15:10,76.55967909969365
2025-12-19,93,93,15:20-15:30,0.6485387879984046
2025-12-19,101,101,16:40-16:50,0.7883357152256423
2025-12-19,108,108,17:50-18:00,1.5025345440189994
2025-12-19,112,113,18:30-18:50,27.241713400259528
2025-12-19,123,124,20:20-20:40,44.732440340834216
2025-12-19,128,129,21:10-21:30,33.56924051190941
2025-12-19,136,136,22:30-22:40,0.48994821687074364
2025-12-19,139,139,23:00-23:10,7.164180780365768
2025-12-19,143,143,23:40-23:50,12.949642485853246
2025-12-20,11,11,01:40-01:50,9.659370936965558
2025-12-20,54,54,08:50-09:00,9.651004525971246
2025-12-20,104,105,17:10-17:30,14.05697228770715
2025-12-20,115,115,19:00-19:10,7.675710850112068
2025-12-20,119,119,19:40-19:50,8.85573792604282
2025-12-20,131,131,21:40-21:50,7.471122647716697
2025-12-20,137,137,22:40-22:50,2.803684274246507
2025-12-21,19,19,03:00-03:10,4.882301296222977
2025-12-21,22,23,03:30-03:50,77.8823043755757
2025-12-21,63,70,10:20-11:40,215.3608609882881
2025-12-21,92,93,15:10-15:30,12.499971394732142
2025-12-21,113,114,18:40-19:00,16.714996021092873
2025-12-21,119,120,19:40-20:00,49.48493968285277
2025-12-22,1,2,00:00-00:20,26.301737985261298
2025-12-22,7,8,01:00-01:20,5.7566213514936635
2025-12-22,15,15,02:20-02:30,15.18746348203706
2025-12-22,103,104,17:00-17:20,9.268094768108643
2025-12-22,108,109,17:50-18:10,39.263171601526665
2025-12-22,116,121,19:10-20:10,29.45176499539457
2025-12-22,126,129,20:50-21:30,31.650304783523893
2025-12-22,143,143,23:40-23:50,1.45970114488739
2025-12-23,107,107,17:40-17:50,9.149580472994613
2025-12-23,118,118,19:30-19:40,2.1124716212659678
2025-12-23,122,123,20:10-20:30,8.830736886432419
2025-12-23,130,131,21:30-21:50,12.862302684563701
2025-12-23,135,135,22:20-22:30,3.938611001447498
2025-12-23,141,141,23:20-23:30,7.205575733649084
2025-12-24,1,2,00:00-00:20,23.318459251217746
2025-12-24,24,24,03:50-04:00,8.513995262534536
2025-12-24,60,60,09:50-10:00,0.06820439249520405
2025-12-24,80,80,13:10-13:20,11.027499900362727
2025-12-24,82,83,13:30-13:50,16.0969107250952
2025-12-24,97,98,16:00-16:20,14.446222492621644
2025-12-24,102,103,16:50-17:10,40.6422227398341
2025-12-24,108,108,17:50-18:00,23.6897598368206
2025-12-24,113,114,18:40-19:00,21.88340500347772
2025-12-24,118,119,19:30-19:50,14.454470390840925
2025-12-24,122,123,20:10-20:30,11.213774898012844
2025-12-24,137,137,22:40-22:50,4.758811001447384
2025-12-25,7,9,01:00-01:30,55.628945144098
2025-12-25,24,25,03:50-04:10,10.894680504013763
2025-12-25,29,30,04:40-05:00,41.004936557441965
2025-12-25,37,37,06:00-06:10,9.62186755400137
2025-12-25,73,74,12:00-12:20,121.69269834846682
2025-12-25,97,97,16:00-16:10,6.365467058635431
2025-12-25,107,108,17:40-18:00,20.388912390727963
2025-12-25,115,115,19:00-19:10,9.09578339913162
2025-12-25,118,120,19:30-20:00,53.383713995262724
2025-12-25,141,143,23:20-23:50,63.476558698512804
2025-12-26,2,2,00:10-00:20,17.023484399262998
2025-12-26,14,14,02:10-02:20,0.6179238386631027
2025-12-26,21,21,03:20-03:30,25.25251348861707
2025-12-26,75,77,12:20-12:50,58.23654670633414
2025-12-26,87,90,14:20-15:00,95.36286246592573
2025-12-26,97,98,16:00-16:20,38.283414664523775
2025-12-26,109,110,18:00-18:20,6.94297521760376
2025-12-26,136,136,22:30-22:40,3.6432300302672047
2025-12-26,140,140,23:10-23:20,0.8957263258323565
2025-12-27,21,22,03:20-03:40,39.07660979734169
2025-12-27,74,74,12:10-12:20,9.817293724738306
2025-12-27,83,84,13:40-14:00,22.525054716786258
2025-12-27,102,103,16:50-17:10,13.64385004605856
2025-12-27,105,105,17:20-17:30,12.916713383339584
2025-12-27,108,108,17:50-18:00,21.453092512172702
2025-12-27,112,113,18:30-18:50,29.262843121275182
2025-12-27,123,124,20:20-20:40,9.850939788130006
2025-12-27,135,136,22:20-22:40,40.12550652059463
2025-12-28,1,4,00:00-00:40,31.83448421502817
2025-12-28,18,18,02:50-03:00,1.5165844190025837
2025-12-28,25,25,04:00-04:10,7.864816910119657
2025-12-28,29,30,04:40-05:00,7.947425194104653
2025-12-28,45,45,07:20-07:30,5.400375002349861
2025-12-28,48,48,07:50-08:00,8.881659757862963
2025-12-28,70,70,11:30-11:40,8.927767220311239
2025-12-28,98,98,16:10-16:20,0.6708355582502463
2025-12-28,106,108,17:30-18:00,43.7680223309461
2025-12-28,111,111,18:20-18:30,21.659574286090447
2025-12-28,123,123,20:20-20:30,20.17648769574953
2025-12-28,127,127,21:00-21:10,6.307302368732735
2025-12-29,18,18,02:50-03:00,16.211542308198432
2025-12-29,30,30,04:50-05:00,6.618156994341348
2025-12-29,74,74,12:10-12:20,1.7556399178461106
2025-12-29,78,78,12:50-13:00,11.082391762074053
2025-12-29,88,88,14:30-14:40,10.553891887090003
2025-12-29,98,99,16:10-16:30,47.30506558757743
2025-12-29,102,102,16:50-17:00,12.288853138570857
2025-12-29,117,117,19:20-19:30,5.371552177918261
2025-12-29,120,121,19:50-20:10,14.900139044611478
2025-12-29,126,126,20:50-21:00,1.581360705356019
2025-12-29,129,129,21:20-21:30,13.395779707856263
2025-12-29,136,136,22:30-22:40,10.493748855112472
2025-12-29,144,144,23:50-24:00,18.130202658244457
2025-12-30,55,56,09:00-09:20,41.27964935799832
2025-12-30,96,96,15:50-16:00,7.056958175887985
2025-12-30,100,100,16:30-16:40,2.954296811610604
2025-12-30,120,120,19:50-20:00,3.4615304645348033
2025-12-30,130,130,21:30-21:40,2.0371873996579097
2025-12-30,134,134,22:10-22:20,4.704459988156373
2025-12-31,10,11,01:30-01:50,34.84102977365467
2025-12-31,18,18,02:50-03:00,13.667511514673038
2025-12-31,30,30,04:50-05:00,10.868107645742839
2025-12-31,53,53,08:40-08:50,6.483910526761065
2025-12-31,59,62,09:40-10:20,188.58373628390967
2025-12-31,64,66,10:30-11:00,99.7454391282688
2025-12-31,69,69,11:20-11:30,28.740610959148967
2025-12-31,82,82,13:30-13:40,0.9833295217414388
2025-12-31,89,89,14:40-14:50,16.922136285789406
2025-12-31,95,95,15:40-15:50,0.907955656759043
2025-12-31,97,97,16:00-16:10,6.506295643223979
2025-12-31,110,111,18:10-18:30,13.985025313480783
2025-12-31,116,118,19:10-19:40,29.06558020134264
2025-12-31,121,121,20:00-20:10,12.360064738781375
2025-12-31,125,125,20:40-20:50,2.093324772996425
2025-12-31,127,128,21:00-21:20,24.39014552572712
2025-12-31,132,133,21:50-22:10,27.492166739044933
2025-12-31,143,144,23:40-24:00,59.61659350572427
