date,start_slot,end_slot,interval_label,emergency_kwh
2025-02-01,7,10,01:00-01:40,63.85674034083428
2025-02-01,13,15,02:00-02:30,100.10782602974058
2025-02-01,18,19,02:50-03:10,9.76133818265555
2025-02-01,22,22,03:30-03:40,8.151326528063976
2025-02-01,57,57,09:20-09:30,34.97703754441386
2025-02-01,60,62,09:50-10:20,86.40328581486301
2025-02-01,64,64,10:30-10:40,9.095499048746888
2025-02-01,67,68,11:00-11:20,34.82460210742033
2025-02-01,77,78,12:40-13:00,18.240058049930894
2025-02-01,92,93,15:10-15:30,27.605678685414148
2025-02-01,127,128,21:00-21:20,88.043162468746
2025-02-01,137,138,22:40-23:00,72.84738525734292
2025-02-01,144,144,23:50-24:00,19.435472818791936
2025-02-02,6,6,00:50-01:00,665.9074777664727
2025-02-02,18,18,02:50-03:00,5.786296881168596
2025-02-02,39,40,06:20-06:40,20.476636533002193
2025-02-02,43,45,07:00-07:30,16.83185616528479
2025-02-02,50,50,08:10-08:20,15.17473351850856
2025-02-02,111,111,18:20-18:30,9.850806540874942
2025-02-02,125,125,20:40-20:50,10.842617923411126
2025-02-02,127,129,21:00-21:30,13.056227135149356
2025-02-02,131,131,21:40-21:50,15.239447611528021
2025-02-02,139,140,23:00-23:20,7.823684596657586
2025-02-02,143,144,23:40-24:00,35.65440023029328
2025-02-03,6,6,00:50-01:00,454.87135684234465
2025-02-03,20,20,03:10-03:20,16.505117251068327
2025-02-03,38,39,06:10-06:30,27.734676306093235
2025-02-03,42,43,06:50-07:10,3.7409426984119847
2025-02-03,55,56,09:00-09:20,45.70823253059643
2025-02-03,58,59,09:30-09:50,24.853270020491436
2025-02-03,63,64,10:20-10:40,81.6325777696311
2025-02-03,69,69,11:20-11:30,3.674280056311545
2025-02-03,76,76,12:30-12:40,7.390401680156856
2025-02-03,81,81,13:20-13:30,5.159496817250215
2025-02-03,100,100,16:30-16:40,4.289702482469977
2025-02-03,104,104,17:10-17:20,1.160372544813299
2025-02-03,111,111,18:20-18:30,6.16566112700491
2025-02-03,127,128,21:00-21:20,16.49164848006319
2025-02-03,130,131,21:30-21:50,17.273323720226358
2025-02-03,134,134,22:10-22:20,2.543242716146665
2025-02-03,139,139,23:00-23:10,21.585353750493596
2025-02-03,142,144,23:30-24:00,97.34678707724697
2025-02-04,6,6,00:50-01:00,543.3773786560826
2025-02-04,38,38,06:10-06:20,22.245341562799585
2025-02-04,42,44,06:50-07:20,68.5878582518111
2025-02-04,50,50,08:10-08:20,6.080249288165533
2025-02-04,54,54,08:50-09:00,48.1942439786128
2025-02-04,56,57,09:10-09:30,86.71602264771673
2025-02-04,60,60,09:50-10:00,5.026712727238646
2025-02-04,64,64,10:30-10:40,13.505642262139531
2025-02-04,67,67,11:00-11:10,5.784116044408847
2025-02-04,78,81,12:50-13:30,44.83561811782204
2025-02-04,86,87,14:10-14:30,15.630526721560841
2025-02-04,90,92,14:50-15:20,158.44162124023757
2025-02-04,97,98,16:00-16:20,13.460029193690502
2025-02-04,120,120,19:50-20:00,7.698300434267708
2025-02-04,125,126,20:40-21:00,23.745194071588458
2025-02-04,129,129,21:20-21:30,17.375914172917305
2025-02-04,133,135,22:00-22:30,41.517928020299564
2025-02-04,144,144,23:50-24:00,11.947041222529151
2025-02-05,2,2,00:10-00:20,22.18928438042485
2025-02-05,6,6,00:50-01:00,687.9481858791107
2025-02-05,37,38,06:00-06:20,18.81633831425193
2025-02-05,40,40,06:30-06:40,7.6540859342396566
2025-02-05,43,44,07:00-07:20,80.57768658000079
2025-02-05,48,48,07:50-08:00,4.234342878762163
2025-02-05,52,52,08:30-08:40,6.464782035229973
2025-02-05,56,58,09:10-09:40,74.91786499312383
2025-02-05,61,62,10:00-10:20,66.02457917301206
2025-02-05,65,66,10:40-11:00,17.72405843442789
2025-02-05,70,71,11:30-11:50,79.59280467146971
2025-02-05,109,109,18:00-18:10,18.588505227805303
2025-02-05,126,129,20:50-21:30,14.79557508882715
2025-02-05,134,134,22:10-22:20,21.316559126200673
2025-02-05,140,140,23:10-23:20,1.4928926964072389
2025-02-05,142,142,23:30-23:40,5.1606314251873755
2025-02-06,2,2,00:10-00:20,14.49151419935697
2025-02-06,6,6,00:50-01:00,667.496570230852
2025-02-06,40,40,06:30-06:40,1.2960715770872415
2025-02-06,43,44,07:00-07:20,17.079047011825054
2025-02-06,48,49,07:50-08:10,41.752774247542334
2025-02-06,62,62,10:10-10:20,25.583128071363035
2025-02-06,82,82,13:30-13:40,25.443174320027993
2025-02-06,86,86,14:10-14:20,2.641103276313629
2025-02-06,89,89,14:40-14:50,12.674621610926124
2025-02-06,91,91,15:00-15:10,2.3736714344343
2025-02-06,114,115,18:50-19:10,4.786222760578198
2025-02-06,124,124,20:30-20:40,30.514240432011775
2025-02-06,127,128,21:00-21:20,82.92149889459142
2025-02-06,131,131,21:40-21:50,20.191678549809353
2025-02-06,137,137,22:40-22:50,1.6099085142781178
2025-02-06,139,139,23:00-23:10,11.502863942624117
2025-02-06,142,143,23:30-23:50,37.703095288853774
2025-02-07,6,6,00:50-01:00,752.318383339913
2025-02-07,22,22,03:30-03:40,0.9722106329779763
2025-02-07,35,35,05:40-05:50,11.114785036564967
2025-02-07,51,51,08:20-08:30,38.3789947615291
2025-02-07,54,54,08:50-09:00,12.307471113680322
2025-02-07,58,58,09:30-09:40,0.5929946120730847
2025-02-07,60,60,09:50-10:00,11.078550608162914
2025-02-07,65,66,10:40-11:00,32.34235981520101
2025-02-07,70,71,11:30-11:50,18.24358444908171
2025-02-07,78,78,12:50-13:00,43.85956816874386
2025-02-07,99,99,16:20-16:30,4.579901490797596
2025-02-07,112,112,18:30-18:40,6.591083702648405
2025-02-07,119,119,19:40-19:50,4.728478101720896
2025-02-07,124,127,20:30-21:10,76.05500330950832
2025-02-07,131,131,21:40-21:50,3.645679056454867
2025-02-07,134,134,22:10-22:20,20.125338070798705
2025-02-07,139,140,23:00-23:20,11.040511804184689
2025-02-08,6,6,00:50-01:00,796.9187417173976
2025-02-08,35,36,05:40-06:00,13.69919065666528
2025-02-08,44,44,07:10-07:20,4.85531893764221
2025-02-08,55,55,09:00-09:10,5.9573128936140165
2025-02-08,58,59,09:30-09:50,95.12500841276096
2025-02-08,61,61,10:00-10:10,4.591256370199176
2025-02-08,66,69,10:50-11:30,73.07947638223072
2025-02-08,71,71,11:40-11:50,50.79983698606975
2025-02-08,75,75,12:20-12:30,60.9038672015115
2025-02-08,97,98,16:00-16:20,7.247552754121557
2025-02-08,101,101,16:40-16:50,9.700597532737646
2025-02-08,115,115,19:00-19:10,22.96868447990323
2025-02-08,123,125,20:20-20:50,69.73127970127484
2025-02-08,128,129,21:10-21:30,71.3512233649164
2025-02-08,137,137,22:40-22:50,17.859721384392685
2025-02-08,140,140,23:10-23:20,3.7596062837217232
2025-02-09,6,6,00:50-01:00,771.2484960817283
2025-02-09,10,10,01:30-01:40,1.0142213120149108
2025-02-09,25,25,04:00-04:10,17.549821641005224
2025-02-09,29,29,04:40-04:50,4.178862703739128
2025-02-09,31,31,05:00-05:10,1.8068088496170343
2025-02-09,37,38,06:00-06:20,5.725111666948692
2025-02-09,42,44,06:50-07:20,75.03345262722532
2025-02-09,55,57,09:00-09:30,27.80340110164866
2025-02-09,59,61,09:40-10:10,40.862714203936434
2025-02-09,64,68,10:30-11:20,372.16259445039714
2025-02-09,70,72,11:30-12:00,109.67269875903742
2025-02-09,78,79,12:50-13:10,31.620403220219714
2025-02-09,116,116,19:10-19:20,4.731691571259262
2025-02-09,125,126,20:40-21:00,48.06720250032902
2025-02-09,129,129,21:20-21:30,31.82228310303981
2025-02-09,137,137,22:40-22:50,4.429365087511314
2025-02-09,139,139,23:00-23:10,7.0019971509409515
2025-02-09,142,142,23:30-23:40,19.142685300697508
2025-02-10,6,8,00:50-01:20,889.9515409461769
2025-02-10,31,31,05:00-05:10,42.26788074938308
2025-02-10,39,39,06:20-06:30,15.042946099110623
2025-02-10,45,45,07:20-07:30,40.34614439587912
2025-02-10,64,65,10:30-10:50,119.8073766097043
2025-02-10,113,114,18:40-19:00,41.02622537833918
2025-02-10,124,125,20:30-20:50,24.919195446833214
2025-02-10,128,129,21:10-21:30,30.563288636662378
2025-02-10,131,132,21:40-22:00,8.534910883011094
2025-02-10,137,137,22:40-22:50,11.90281244242692
2025-02-10,140,141,23:10-23:30,8.547482602974128
2025-02-10,144,144,23:50-24:00,1.411284057112539
2025-02-11,4,4,00:30-00:40,0.4585150809316474
2025-02-11,6,6,00:50-01:00,757.6053704434794
2025-02-11,8,8,01:10-01:20,15.72648512304238
2025-02-11,29,29,04:40-04:50,3.3081879110033015
2025-02-11,37,38,06:00-06:20,34.06436128437963
2025-02-11,40,41,06:30-06:50,31.430784982986168
2025-02-11,43,45,07:00-07:30,39.94016501231337
2025-02-11,50,50,08:10-08:20,3.9751093875131573
2025-02-11,55,55,09:00-09:10,15.633172220028655
2025-02-11,118,118,19:30-19:40,13.570907665482423
2025-02-11,121,122,20:00-20:20,26.582446808790678
2025-02-11,124,126,20:30-21:00,27.47856898275677
2025-02-11,128,129,21:10-21:30,47.70068792604286
2025-02-11,134,134,22:10-22:20,13.774602658244703
2025-02-11,137,137,22:40-22:50,2.032351394920397
2025-02-11,142,142,23:30-23:40,4.561713672851624
2025-02-12,6,8,00:50-01:20,860.2080941637058
2025-02-12,17,17,02:40-02:50,9.36080887616788
2025-02-12,28,28,04:30-04:40,19.707156438817215
2025-02-12,31,31,05:00-05:10,18.030271855956887
2025-02-12,37,38,06:00-06:20,49.620181304870925
2025-02-12,41,42,06:40-07:00,78.82146063203828
2025-02-12,45,46,07:20-07:40,49.08752972759552
2025-02-12,64,64,10:30-10:40,15.428021670144972
2025-02-12,81,82,13:20-13:40,22.0591926400092
2025-02-12,86,86,14:10-14:20,10.925305662399069
2025-02-12,88,88,14:30-14:40,13.191987135524982
2025-02-12,94,94,15:30-15:40,60.625359740003546
2025-02-12,97,98,16:00-16:20,49.55982414603449
2025-02-12,101,101,16:40-16:50,8.321418744947806
2025-02-12,103,105,17:00-17:30,31.936580565112003
2025-02-12,110,111,18:10-18:30,25.26782571390955
2025-02-12,120,120,19:50-20:00,26.493976181076505
2025-02-12,124,125,20:30-20:50,37.50316862745103
2025-02-12,128,129,21:10-21:30,15.395251302803103
2025-02-12,134,134,22:10-22:20,5.467263692590905
2025-02-12,137,137,22:40-22:50,2.233616725884872
2025-02-12,139,139,23:00-23:10,12.261892729306396
2025-02-13,1,1,00:00-00:10,9.641733037241693
2025-02-13,4,8,00:30-01:20,913.8283564021582
2025-02-13,13,13,02:00-02:10,1.2623545992893241
2025-02-13,15,16,02:20-02:40,13.431088642349437
2025-02-13,20,20,03:10-03:20,24.199336360047255
2025-02-13,22,22,03:30-03:40,19.611024881197636
2025-02-13,30,30,04:50-05:00,19.173318857744334
2025-02-13,33,33,05:20-05:30,32.19520482482437
2025-02-13,35,35,05:40-05:50,3.29178055101238
2025-02-13,38,40,06:10-06:40,62.818586787735335
2025-02-13,43,44,07:00-07:20,42.46889248303364
2025-02-13,47,47,07:40-07:50,15.045900244392953
2025-02-13,62,64,10:10-10:40,92.74485840242164
2025-02-13,116,116,19:10-19:20,7.919733296674508
2025-02-13,118,118,19:30-19:40,7.9402939663112875
2025-02-13,125,126,20:40-21:00,29.062819824976827
2025-02-13,130,130,21:30-21:40,7.473391393604402
2025-02-13,134,134,22:10-22:20,14.113474740097445
2025-02-13,137,137,22:40-22:50,3.9177423674168494
2025-02-13,140,140,23:10-23:20,7.764369680220966
2025-02-13,144,144,23:50-24:00,13.459686485063855
2025-02-14,1,1,00:00-00:10,10.71695255954728
2025-02-14,3,5,00:20-00:50,1732.6632704779308
2025-02-14,8,9,01:10-01:30,901.2707288971226
2025-02-14,13,13,02:00-02:10,4.967380096065199
2025-02-14,16,16,02:30-02:40,4.668535892880527
2025-02-14,18,18,02:50-03:00,6.4355793647307
2025-02-14,22,22,03:30-03:40,10.67921851413189
2025-02-14,35,35,05:40-05:50,13.544038381930022
2025-02-14,51,51,08:20-08:30,48.820472061173405
2025-02-14,54,58,08:50-09:40,137.73258773522855
2025-02-14,61,65,10:00-10:50,106.83887876882329
2025-02-14,67,70,11:00-11:40,186.1751876788304
2025-02-14,74,75,12:10-12:30,49.49388905495084
2025-02-14,96,97,15:50-16:10,26.261464983174506
2025-02-14,103,103,17:00-17:10,27.830832831387518
2025-02-14,106,107,17:30-17:50,35.258451841407805
2025-02-14,112,112,18:30-18:40,6.828326391630526
2025-02-14,122,122,20:10-20:20,1.7033208251086194
2025-02-14,125,126,20:40-21:00,114.78622042655735
2025-02-14,129,129,21:20-21:30,4.147089143308278
2025-02-14,137,137,22:40-22:50,13.339369713120107
2025-02-14,139,140,23:00-23:20,26.57633783392572
2025-02-15,3,5,00:20-00:50,2357.3830616866408
2025-02-15,9,9,01:20-01:30,6.605569502566027
2025-02-15,11,14,01:40-02:20,949.2689655809975
2025-02-15,16,16,02:30-02:40,11.086667475983688
2025-02-15,19,23,03:00-03:50,92.76061724820852
2025-02-15,25,25,04:00-04:10,0.024233934451842742
2025-02-15,30,30,04:50-05:00,9.643775654691353
2025-02-15,32,33,05:10-05:30,33.3474151373303
2025-02-15,35,36,05:40-06:00,48.95538455529879
2025-02-15,41,41,06:40-06:50,4.201596134829856
2025-02-15,52,57,08:30-09:30,93.49961728986887
2025-02-15,61,62,10:00-10:20,73.93104340984723
2025-02-15,66,68,10:50-11:20,153.93583288684613
2025-02-15,72,74,11:50-12:20,48.94793982008923
2025-02-15,95,96,15:40-16:00,34.90946825804127
2025-02-15,100,101,16:30-16:50,36.72758325625554
2025-02-15,104,105,17:10-17:30,17.127759388453498
2025-02-15,109,109,18:00-18:10,7.75942433872882
2025-02-15,113,113,18:40-18:50,4.326580453255133
2025-02-15,118,119,19:30-19:50,28.303430642189767
2025-02-15,125,128,20:40-21:20,279.9390653578736
2025-02-15,130,131,21:30-21:50,22.651819436767767
2025-02-15,134,135,22:10-22:30,81.38144015659947
2025-02-15,139,139,23:00-23:10,22.13419759836819
2025-02-16,1,1,00:00-00:10,1.3374948282666992
2025-02-16,4,5,00:30-00:50,26.24273322147633
2025-02-16,8,10,01:10-01:40,554.926321094885
2025-02-16,13,13,02:00-02:10,335.12690246003694
2025-02-16,16,16,02:30-02:40,15.775104243979513
2025-02-16,19,19,03:00-03:10,9.60935053337073
2025-02-16,22,22,03:30-03:40,7.235112245032155
2025-02-16,25,27,04:00-04:30,42.681207018954865
2025-02-16,29,30,04:40-05:00,67.24088323764204
2025-02-16,32,33,05:10-05:30,51.48578091955176
2025-02-16,36,37,05:50-06:10,37.914622793412946
2025-02-16,39,40,06:20-06:40,11.69909060966668
2025-02-16,42,42,06:50-07:00,4.258334354144253
2025-02-16,47,47,07:40-07:50,2.0878797536640263
2025-02-16,49,50,08:00-08:20,31.356403374503998
2025-02-16,54,54,08:50-09:00,8.73247456714239
2025-02-16,57,60,09:20-10:00,59.59096681518213
2025-02-16,62,63,10:10-10:30,48.02599084654014
2025-02-16,66,67,10:50-11:10,63.830116175060425
2025-02-16,69,72,11:20-12:00,50.1972946910314
2025-02-16,76,77,12:30-12:50,60.46497885530084
2025-02-16,79,80,13:00-13:20,27.33717622337508
2025-02-16,82,83,13:30-13:50,35.46725891094695
2025-02-16,93,93,15:20-15:30,15.726257426728921
2025-02-16,99,99,16:20-16:30,0.789553207189158
2025-02-16,101,102,16:40-17:00,47.13642670558163
2025-02-16,105,107,17:20-17:50,58.27499475870887
2025-02-16,110,110,18:10-18:20,3.5934314082680614
2025-02-16,114,115,18:50-19:10,21.196172759573642
2025-02-16,120,120,19:50-20:00,29.526044874325635
2025-02-16,123,124,20:20-20:40,51.65262093884405
2025-02-16,127,128,21:00-21:20,41.74932930648788
2025-02-16,130,130,21:30-21:40,25.772086544282047
2025-02-16,134,134,22:10-22:20,8.054385978418054
2025-02-16,137,138,22:40-23:00,17.53110021713394
2025-02-16,142,142,23:30-23:40,20.481228589288094
2025-02-17,2,2,00:10-00:20,6.0648208119491755
2025-02-17,5,5,00:40-00:50,10.99353502434542
2025-02-17,9,11,01:20-01:50,528.7831939926309
2025-02-17,13,14,02:00-02:20,389.79943383161185
2025-02-17,16,16,02:30-02:40,27.415887889083365
2025-02-17,18,18,02:50-03:00,6.219829582839793
2025-02-17,20,20,03:10-03:20,0.38047931964740656
2025-02-17,33,33,05:20-05:30,9.13019190025011
2025-02-17,36,36,05:50-06:00,18.014442597710058
2025-02-17,40,41,06:30-06:50,54.006748664298144
2025-02-17,64,65,10:30-10:50,44.55535901340386
2025-02-17,74,75,12:10-12:30,63.92048908314973
2025-02-17,85,85,14:00-14:10,26.134682625533742
2025-02-17,102,103,16:50-17:10,11.292920491418059
2025-02-17,112,113,18:30-18:50,18.369009677025247
2025-02-17,115,116,19:00-19:20,15.500630358317494
2025-02-17,121,124,20:00-20:40,61.94704555837677
2025-02-17,127,128,21:00-21:20,21.21552785234894
2025-02-17,130,130,21:30-21:40,11.102233846558534
2025-02-17,134,134,22:10-22:20,21.161294624292623
2025-02-17,137,138,22:40-23:00,28.19626594288718
2025-02-17,141,141,23:20-23:30,1.5215175615212502
2025-02-17,144,144,23:50-24:00,1.4611277733912402
2025-02-18,6,6,00:50-01:00,842.6660297407554
2025-02-18,8,8,01:10-01:20,39.42882600342148
2025-02-18,12,12,01:50-02:00,15.777539149888185
2025-02-18,23,24,03:40-04:00,34.414538919594634
2025-02-18,27,27,04:20-04:30,82.82318594551919
2025-02-18,30,30,04:50-05:00,11.179109751283022
2025-02-18,32,33,05:10-05:30,30.803799775694984
2025-02-18,36,36,05:50-06:00,18.918217206211352
2025-02-18,39,39,06:20-06:30,2.951966048164195
2025-02-18,47,47,07:40-07:50,5.301763058108918
2025-02-18,51,52,08:20-08:40,47.192067678078274
2025-02-18,62,65,10:10-10:50,186.45842725546618
2025-02-18,78,78,12:50-13:00,27.367083333333312
2025-02-18,81,81,13:20-13:30,63.03358654304088
2025-02-18,83,84,13:40-14:00,19.248853521139722
2025-02-18,90,90,14:50-15:00,10.464520026131709
2025-02-18,93,93,15:20-15:30,7.85841219709323
2025-02-18,100,100,16:30-16:40,1.3774057065781733
2025-02-18,105,106,17:20-17:40,13.466265173048669
2025-02-18,109,109,18:00-18:10,6.148179892937264
2025-02-18,112,112,18:30-18:40,5.362396723253141
2025-02-18,121,121,20:00-20:10,13.62961748914313
2025-02-18,124,124,20:30-20:40,50.54806119038176
2025-02-18,127,128,21:00-21:20,43.173858060271186
2025-02-18,130,131,21:30-21:50,7.260329694696566
2025-02-18,133,133,22:00-22:10,3.9517586458746337
2025-02-18,137,138,22:40-23:00,35.04211338991968
2025-02-18,140,141,23:10-23:30,8.852826931175173
2025-02-18,144,144,23:50-24:00,22.222352388472018
2025-02-19,6,6,00:50-01:00,845.2276319252533
2025-02-19,8,8,01:10-01:20,3.9788086261349918
2025-02-19,11,12,01:40-02:00,75.63958630976401
2025-02-19,15,15,02:20-02:30,69.44491906829842
2025-02-19,17,18,02:40-03:00,29.94248491906808
2025-02-19,21,21,03:20-03:30,60.61666140281625
2025-02-19,24,25,03:50-04:10,6.1056676203304505
2025-02-19,29,30,04:40-05:00,19.623628720884426
2025-02-19,33,33,05:20-05:30,56.634176359416074
2025-02-19,36,36,05:50-06:00,44.54347216739063
2025-02-19,38,39,06:10-06:30,75.32763293102471
2025-02-19,42,42,06:50-07:00,64.16238180775686
2025-02-19,47,47,07:40-07:50,0.1320135468955641
2025-02-19,50,54,08:10-09:00,67.88077172278338
2025-02-19,59,60,09:40-10:00,62.025557300772675
2025-02-19,78,81,12:50-13:30,99.92895930479608
2025-02-19,87,87,14:20-14:30,13.04532113905941
2025-02-19,89,90,14:40-15:00,37.050031652661346
2025-02-19,97,97,16:00-16:10,45.10893055195271
2025-02-19,100,101,16:30-16:50,69.66950684300554
2025-02-19,104,105,17:10-17:30,68.21524554170631
2025-02-19,120,120,19:50-20:00,32.382144222924126
2025-02-19,124,128,20:30-21:20,72.4723201408076
2025-02-19,131,132,21:40-22:00,25.501304283458126
2025-02-19,134,135,22:10-22:30,36.11778576786446
2025-02-19,142,143,23:30-23:50,68.11320293459653
2025-02-20,3,3,00:20-00:30,17.17854980918537
2025-02-20,6,6,00:50-01:00,832.875493485985
2025-02-20,9,9,01:20-01:30,163.08413041782728
2025-02-20,15,15,02:20-02:30,2.1717403605737218
2025-02-20,18,18,02:50-03:00,0.7429306487697431
2025-02-20,23,23,03:40-03:50,1.0703466574548202
2025-02-20,25,25,04:00-04:10,17.714154941439688
2025-02-20,28,29,04:30-04:50,57.520511431641765
2025-02-20,32,33,05:10-05:30,16.240554933675753
2025-02-20,37,37,06:00-06:10,24.899369221514007
2025-02-20,40,41,06:30-06:50,45.27186677664327
2025-02-20,43,48,07:00-08:00,84.43391125524147
2025-02-20,51,52,08:20-08:40,31.275488691180726
2025-02-20,60,63,09:50-10:30,91.73083001992791
2025-02-20,78,78,12:50-13:00,21.572201192825787
2025-02-20,80,80,13:10-13:20,14.337306147424897
2025-02-20,103,104,17:00-17:20,14.898851347921841
2025-02-20,107,107,17:40-17:50,2.624802404116474
2025-02-20,110,111,18:10-18:30,31.90833268193194
2025-02-20,121,122,20:00-20:20,12.52289248585339
2025-02-20,124,127,20:30-21:10,64.23549905250707
2025-02-20,131,131,21:40-21:50,0.8797424266351754
2025-02-20,134,134,22:10-22:20,12.23303425450706
2025-02-20,137,138,22:40-23:00,51.021137886563565
2025-02-20,143,144,23:40-24:00,35.037053513620265
2025-02-21,1,1,00:00-00:10,276.8589382763853
2025-02-21,3,5,00:20-00:50,1691.2312223384656
2025-02-21,8,9,01:10-01:30,975.3923076755517
2025-02-21,11,12,01:40-02:00,125.29209839452562
2025-02-21,15,24,02:20-04:00,320.1190051388343
2025-02-21,26,27,04:10-04:30,147.12111881826547
2025-02-21,29,30,04:40-05:00,58.86184848664277
2025-02-21,32,33,05:10-05:30,156.242042987581
2025-02-21,46,46,07:30-07:40,22.139143507604388
2025-02-21,53,55,08:40-09:10,24.595667325588238
2025-02-21,58,60,09:30-10:00,49.65829589889643
2025-02-21,64,65,10:30-10:50,81.28453147124651
2025-02-21,69,72,11:20-12:00,92.664949683229
2025-02-21,76,76,12:30-12:40,96.94719304983732
2025-02-21,101,101,16:40-16:50,1.7310543802757081
2025-02-21,106,107,17:30-17:50,28.537262924632728
2025-02-21,110,111,18:10-18:30,23.456641261068228
2025-02-21,117,117,19:20-19:30,43.52793854454535
2025-02-21,125,127,20:40-21:10,155.69184749120865
2025-02-21,130,132,21:30-22:00,77.10451638373468
2025-02-21,136,137,22:30-22:50,14.538872766153077
2025-02-21,142,143,23:30-23:50,46.08842311488365
2025-02-22,1,1,00:00-00:10,593.7001421797495
2025-02-22,3,6,00:20-01:00,3313.8914137518095
2025-02-22,11,12,01:40-02:00,149.72952532570088
2025-02-22,15,17,02:20-02:50,160.8165409198578
2025-02-22,19,21,03:00-03:30,33.9190228977497
2025-02-22,24,24,03:50-04:00,5.735512146334884
2025-02-22,27,32,04:20-05:20,188.35298158198918
2025-02-22,35,36,05:40-06:00,40.752294268042704
2025-02-22,49,49,08:00-08:10,21.38208551783117
2025-02-22,53,58,08:40-09:40,110.44194685578907
2025-02-22,61,62,10:00-10:20,43.43294158159915
2025-02-22,68,70,11:10-11:40,161.4732553042693
2025-02-22,73,73,12:00-12:10,39.799746441260595
2025-02-22,76,77,12:30-12:50,32.68393554979002
2025-02-22,95,96,15:40-16:00,62.77587935818622
2025-02-22,99,100,16:20-16:40,32.58988170059942
2025-02-22,103,104,17:00-17:20,62.53972067377284
2025-02-22,106,107,17:30-17:50,56.297324350948514
2025-02-22,125,125,20:40-20:50,176.30031374508434
2025-02-22,128,129,21:10-21:30,59.502284162389856
2025-02-22,131,132,21:40-22:00,21.764866410054026
2025-02-22,137,137,22:40-22:50,11.582372160810678
2025-02-22,142,142,23:30-23:40,18.430701223845176
2025-02-22,144,144,23:50-24:00,7.498334780892378
2025-02-23,1,3,00:00-00:30,54.349969884195616
2025-02-23,6,8,00:50-01:20,882.777297782603
2025-02-23,11,11,01:40-01:50,4.063460629810606
2025-02-23,19,20,03:00-03:20,31.06312209501266
2025-02-23,23,23,03:40-03:50,5.558551549343292
2025-02-23,27,28,04:20-04:40,46.34080089673466
2025-02-23,32,32,05:10-05:20,58.10150533434853
2025-02-23,36,37,05:50-06:10,28.33398276276978
2025-02-23,40,41,06:30-06:50,29.149729663677732
2025-02-23,44,46,07:10-07:40,55.136741594758945
2025-02-23,49,49,08:00-08:10,40.47405794183487
2025-02-23,56,61,09:10-10:10,111.33157217209009
2025-02-23,73,77,12:00-12:50,287.1587976895464
2025-02-23,79,80,13:00-13:20,10.64074891527116
2025-02-23,82,84,13:30-14:00,112.62134183539172
2025-02-23,90,90,14:50-15:00,10.13184016315438
2025-02-23,93,93,15:20-15:30,18.045285093903203
2025-02-23,108,109,17:50-18:10,3.9580089748651517
2025-02-23,117,117,19:20-19:30,20.487828003684513
2025-02-23,122,124,20:10-20:40,68.55732862876869
2025-02-23,127,128,21:00-21:20,63.86139140676414
2025-02-23,130,131,21:30-21:50,20.067008770890993
2025-02-23,134,135,22:10-22:30,21.20133586656152
2025-02-23,139,141,23:00-23:30,24.995884984866166
2025-02-23,144,144,23:50-24:00,3.1007399394657114
2025-02-24,4,5,00:30-00:50,32.135960343466195
2025-02-24,7,9,01:00-01:30,619.9050773391239
2025-02-24,11,13,01:40-02:10,54.37218388530175
2025-02-24,19,19,03:00-03:10,5.098131925253483
2025-02-24,37,38,06:00-06:20,40.933778318575605
2025-02-24,40,41,06:30-06:50,35.86887064557358
2025-02-24,49,49,08:00-08:10,1.2401637875285587
2025-02-24,60,60,09:50-10:00,93.5892322598836
2025-02-24,63,63,10:20-10:30,23.88537330005829
2025-02-24,65,65,10:40-10:50,3.6032981661119265
2025-02-24,85,85,14:00-14:10,19.620316666666668
2025-02-24,94,95,15:30-15:50,43.779912214012825
2025-02-24,97,98,16:00-16:20,8.977868345459171
2025-02-24,100,101,16:30-16:50,21.75376246216632
2025-02-24,104,106,17:10-17:40,23.952733028782156
2025-02-24,109,109,18:00-18:10,1.3454212198974131
2025-02-24,112,112,18:30-18:40,22.947790610606695
2025-02-24,122,126,20:10-21:00,141.44967329703047
2025-02-24,129,130,21:20-21:40,54.464896131069736
2025-02-24,133,133,22:00-22:10,9.41106279115661
2025-02-24,137,137,22:40-22:50,10.154641472562162
2025-02-24,140,141,23:10-23:30,14.437023351756807
2025-02-24,144,144,23:50-24:00,10.22073932096339
2025-02-25,1,2,00:00-00:20,10.270601197526048
2025-02-25,6,7,00:50-01:10,847.8850203711014
2025-02-25,13,14,02:00-02:20,22.53144688116879
2025-02-25,16,18,02:30-03:00,48.21950008391241
2025-02-25,22,22,03:30-03:40,27.177861698582547
2025-02-25,35,36,05:40-06:00,63.38704969074914
2025-02-25,39,39,06:20-06:30,36.43625803395173
2025-02-25,42,42,06:50-07:00,52.15887789558795
2025-02-25,47,47,07:40-07:50,6.504912380388703
2025-02-25,61,63,10:00-10:30,39.500121867539065
2025-02-25,65,65,10:40-10:50,3.1771232586995666
2025-02-25,86,86,14:10-14:20,39.76068333333342
2025-02-25,114,114,18:50-19:00,49.87494859286005
2025-02-25,124,125,20:30-20:50,50.056656738666675
2025-02-25,127,128,21:00-21:20,27.296832273983455
2025-02-25,131,133,21:40-22:10,21.39671595604659
2025-02-25,139,140,23:00-23:20,71.47291116594283
2025-02-26,6,8,00:50-01:20,875.3134940979073
2025-02-26,10,10,01:30-01:40,15.617283636004572
2025-02-26,19,20,03:00-03:20,31.4967937754966
2025-02-26,22,22,03:30-03:40,17.71259468351093
2025-02-26,26,27,04:10-04:30,12.456757672062054
2025-02-26,32,32,05:10-05:20,8.869717486323449
2025-02-26,39,41,06:20-06:50,7.3082838568985125
2025-02-26,45,45,07:20-07:30,15.890577583516745
2025-02-26,53,54,08:40-09:00,34.17431324892391
2025-02-26,61,63,10:00-10:30,56.01253804541943
2025-02-26,65,66,10:40-11:00,44.92853073054721
2025-02-26,83,83,13:40-13:50,4.1121166666666795
2025-02-26,85,85,14:00-14:10,4.036137855544666
2025-02-26,88,90,14:30-15:00,78.50265013065655
2025-02-26,92,93,15:10-15:30,28.794363536555466
2025-02-26,95,96,15:40-16:00,53.68400265730429
2025-02-26,102,103,16:50-17:10,32.663067148873395
2025-02-26,106,107,17:30-17:50,70.48863344425001
2025-02-26,110,111,18:10-18:30,59.742523493692715
2025-02-26,114,114,18:50-19:00,5.224667719436866
2025-02-26,119,119,19:40-19:50,14.885098348466954
2025-02-26,122,125,20:10-20:50,69.64165797146961
2025-02-26,128,129,21:10-21:30,15.333702217396763
2025-02-26,134,135,22:10-22:30,19.720514738781503
2025-02-26,139,141,23:00-23:30,30.66867901697583
2025-02-26,144,144,23:50-24:00,25.490568041847382
2025-02-27,6,7,00:50-01:10,821.474832774051
2025-02-27,15,15,02:20-02:30,8.876811422555647
2025-02-27,21,21,03:20-03:30,12.237106856165497
2025-02-27,26,26,04:10-04:20,7.80384301881827
2025-02-27,37,37,06:00-06:10,7.705306163405339
2025-02-27,40,40,06:30-06:40,11.680554466753051
2025-02-27,43,46,07:00-07:40,34.25415899930468
2025-02-27,49,50,08:00-08:20,49.53000418946078
2025-02-27,53,54,08:40-09:00,130.91834252439253
2025-02-27,58,59,09:30-09:50,32.72799159005854
2025-02-27,78,79,12:50-13:10,19.526396980806112
2025-02-27,87,87,14:20-14:30,11.677760040795192
2025-02-27,93,93,15:20-15:30,17.442156956742338
2025-02-27,99,99,16:20-16:30,2.8796171253736134
2025-02-27,109,110,18:00-18:20,21.22611855322841
2025-02-27,120,120,19:50-20:00,2.7816620607975437
2025-02-27,124,125,20:30-20:50,16.1768288139408
2025-02-27,128,129,21:10-21:30,45.60102514804555
2025-02-27,137,137,22:40-22:50,4.873219397289063
2025-02-27,139,139,23:00-23:10,8.072661040926505
2025-02-27,142,143,23:30-23:50,11.238701296223098
2025-02-28,1,1,00:00-00:10,790.8191751201024
2025-02-28,3,3,00:20-00:30,18.097206020529086
2025-02-28,5,7,00:40-01:10,1678.1911981379126
2025-02-28,10,10,01:30-01:40,70.8394127779971
2025-02-28,12,15,01:50-02:30,863.8063549809185
2025-02-28,19,25,03:00-04:10,329.2618606132388
2025-02-28,27,29,04:20-04:50,113.85826198265403
2025-02-28,31,31,05:00-05:10,5.4645219568361085
2025-02-28,33,33,05:20-05:30,15.597481240570232
2025-02-28,35,35,05:40-05:50,7.453813954843781
2025-02-28,45,46,07:20-07:40,13.154169986652164
2025-02-28,49,50,08:00-08:20,54.87199838982565
2025-02-28,52,53,08:30-08:50,59.60962304814518
2025-02-28,55,56,09:00-09:20,37.11482690297544
2025-02-28,62,63,10:10-10:30,133.69047866636583
2025-02-28,65,66,10:40-11:00,55.628743607241404
2025-02-28,68,70,11:10-11:40,168.0119665510499
2025-02-28,100,101,16:30-16:50,23.624826732840603
2025-02-28,108,108,17:50-18:00,2.0688662981970083
2025-02-28,117,117,19:20-19:30,9.636730490854006
2025-02-28,120,120,19:50-20:00,7.126518620871082
2025-02-28,123,123,20:20-20:30,27.54062191077776
2025-02-28,125,127,20:40-21:10,50.6002821141866
2025-02-28,130,131,21:30-21:50,60.96467372022596
2025-02-28,133,133,22:00-22:10,1.0187604224238385
2025-02-28,137,137,22:40-22:50,17.843933761021162
2025-02-28,139,140,23:00-23:20,16.131961521252776
2025-02-28,144,144,23:50-24:00,26.488447670746154
2025-03-01,1,2,00:00-00:20,1176.0134956370553
2025-03-01,4,6,00:30-01:00,2434.4143494670348
2025-03-01,8,9,01:10-01:30,913.084137845218
2025-03-01,35,35,05:40-05:50,3.65950277292103
2025-03-01,48,48,07:50-08:00,8.074310459082994
2025-03-01,50,54,08:10-09:00,198.5099273391238
2025-03-01,57,57,09:20-09:30,44.004805544902524
2025-03-01,59,60,09:40-10:00,73.20976771661674
2025-03-01,63,69,10:20-11:30,284.9443340091784
2025-03-01,74,75,12:10-12:30,28.791818402797162
2025-03-01,95,95,15:40-15:50,23.42244238245621
2025-03-01,97,98,16:00-16:20,32.0379777527117
2025-03-01,101,103,16:40-17:10,57.47027187411865
2025-03-01,106,106,17:30-17:40,15.780772395803897
2025-03-01,110,111,18:10-18:30,46.76155587483299
2025-03-01,116,116,19:10-19:20,0.15486047412247217
2025-03-01,125,127,20:40-21:10,112.70842486670551
2025-03-01,131,132,21:40-22:00,21.3246987366756
2025-03-01,139,140,23:00-23:20,44.52864445321768
2025-03-02,3,3,00:20-00:30,0.009526911435841612
2025-03-02,6,8,00:50-01:20,895.304516363995
2025-03-02,16,16,02:30-02:40,4.1824021910775855
2025-03-02,41,44,06:40-07:20,49.830389355742824
2025-03-02,47,47,07:40-07:50,20.87791984941623
2025-03-02,51,55,08:20-09:10,52.973233354012905
2025-03-02,58,58,09:30-09:40,18.418997589987413
2025-03-02,60,60,09:50-10:00,8.940938933693928
2025-03-02,62,64,10:10-10:40,52.54404353486359
2025-03-02,66,68,10:50-11:20,283.0965023781323
2025-03-02,70,76,11:30-12:40,1194.4143621237763
2025-03-02,80,81,13:10-13:30,34.24542323989999
2025-03-02,85,92,14:00-15:20,1189.0762479313667
2025-03-02,94,96,15:30-16:00,48.70031623427877
2025-03-02,99,100,16:20-16:40,34.46227283101143
2025-03-02,103,104,17:00-17:20,48.18172406049675
2025-03-02,106,109,17:30-18:10,100.6706048023238
2025-03-02,113,113,18:40-18:50,310.23284137277153
2025-03-02,118,118,19:30-19:40,2.686200006579952
2025-03-02,122,126,20:10-21:00,320.3425936194614
2025-03-02,128,130,21:10-21:40,35.32691053612293
2025-03-02,134,134,22:10-22:20,9.80415538228715
2025-03-02,139,139,23:00-23:10,35.86875186866689
2025-03-02,142,143,23:30-23:50,17.23682448348461
2025-03-03,2,2,00:10-00:20,3.3304697460193893
2025-03-03,4,4,00:30-00:40,15.425716252138727
2025-03-03,6,8,00:50-01:20,836.6102344913804
2025-03-03,10,12,01:30-02:00,22.158142310390986
2025-03-03,42,44,06:50-07:20,93.45144382813555
2025-03-03,47,49,07:40-08:10,23.970391387024506
2025-03-03,51,54,08:20-09:00,48.99181665632693
2025-03-03,56,58,09:10-09:40,148.6944983136881
2025-03-03,60,72,09:50-12:00,810.8784850807701
2025-03-03,75,77,12:20-12:50,79.75547541969831
2025-03-03,79,79,13:00-13:10,25.275702548267418
2025-03-03,82,83,13:30-13:50,66.13863198635227
2025-03-03,85,87,14:00-14:30,104.31433896377348
2025-03-03,90,92,14:50-15:20,204.91877229146746
2025-03-03,95,100,15:40-16:40,296.83453938864113
2025-03-03,103,103,17:00-17:10,24.66703570676566
2025-03-03,106,107,17:30-17:50,39.42291587332902
2025-03-03,110,111,18:10-18:30,58.26374231195814
2025-03-03,113,115,18:40-19:10,30.902731573701715
2025-03-03,122,126,20:10-21:00,343.73055747842943
2025-03-03,128,129,21:10-21:30,28.764599598631435
2025-03-03,134,135,22:10-22:30,10.432638287932946
2025-03-03,142,143,23:30-23:50,39.298482806948186
2025-03-04,3,4,00:20-00:40,18.47607254901959
2025-03-04,6,7,00:50-01:10,838.843085952099
2025-03-04,11,12,01:40-02:00,41.912272614817766
2025-03-04,42,45,06:50-07:30,31.718102574586823
2025-03-04,47,49,07:40-08:10,86.3274232643393
2025-03-04,62,63,10:10-10:30,83.94190630910043
2025-03-04,67,68,11:00-11:20,39.71079190213027
2025-03-04,70,70,11:30-11:40,1.8589200026322032
2025-03-04,74,74,12:10-12:20,24.31209336002871
2025-03-04,94,95,15:30-15:50,8.586731160114937
2025-03-04,97,97,16:00-16:10,2.009710910270144
2025-03-04,118,118,19:30-19:40,7.803050850675845
2025-03-04,124,126,20:30-21:00,20.709236078995104
2025-03-04,129,129,21:20-21:30,5.914041327806444
2025-03-04,131,131,21:40-21:50,3.1374578431374402
2025-03-04,134,135,22:10-22:30,22.363906895644163
2025-03-04,139,139,23:00-23:10,27.176662159494754
2025-03-04,142,142,23:30-23:40,22.59561854191338
2025-03-05,5,5,00:40-00:50,5.256438722200301
2025-03-05,7,7,01:00-01:10,17.948807678642083
2025-03-05,9,12,01:20-02:00,526.8841291288346
2025-03-05,35,36,05:40-06:00,4.9726679760493635
2025-03-05,41,43,06:40-07:10,36.898158948545756
2025-03-05,61,61,10:00-10:10,70.42703152388458
2025-03-05,64,65,10:30-10:50,60.02096716015285
2025-03-05,81,81,13:20-13:30,7.350262346549357
2025-03-05,112,112,18:30-18:40,2.085281524824826
2025-03-05,119,119,19:40-19:50,2.117836294249173
2025-03-05,124,125,20:30-20:50,29.272074569961205
2025-03-05,127,128,21:00-21:20,40.60968584024238
2025-03-05,133,133,22:00-22:10,0.21567385840239695
2025-03-05,136,136,22:30-22:40,6.4749923739968835
2025-03-05,139,140,23:00-23:20,29.96311720621111
2025-03-05,143,144,23:40-24:00,52.55856197526009
2025-03-06,3,3,00:20-00:30,14.452121331754142
2025-03-06,6,6,00:50-01:00,796.1161106724568
2025-03-06,13,13,02:00-02:10,7.58327133833393
2025-03-06,16,17,02:30-02:50,14.353530556652117
2025-03-06,41,42,06:40-07:00,69.10015157445511
2025-03-06,47,47,07:40-07:50,22.068574621661014
2025-03-06,63,64,10:20-10:40,119.23940288383801
2025-03-06,87,87,14:20-14:30,4.467126689601855
2025-03-06,97,97,16:00-16:10,13.132401573515324
2025-03-06,100,101,16:30-16:50,20.603825351267943
2025-03-06,105,106,17:20-17:40,16.50002495065152
2025-03-06,113,113,18:40-18:50,7.013507836557324
2025-03-06,125,126,20:40-21:00,23.508288735359997
2025-03-06,134,134,22:10-22:20,5.916669298591955
2025-03-06,136,136,22:30-22:40,6.4162610606658745
2025-03-06,139,139,23:00-23:10,5.151985656007469
2025-03-06,143,144,23:40-24:00,32.741722779313136
2025-03-07,1,7,00:00-01:10,4532.840808979658
2025-03-07,10,12,01:30-02:00,47.73603868678276
2025-03-07,48,51,07:50-08:30,87.1367713890927
2025-03-07,53,54,08:40-09:00,15.607281657360772
2025-03-07,56,57,09:10-09:30,84.59116785949288
2025-03-07,61,61,10:00-10:10,1.7415154700806852
2025-03-07,67,67,11:00-11:10,84.0799228018725
2025-03-07,103,103,17:00-17:10,10.394639296523934
2025-03-07,113,113,18:40-18:50,9.100088281352726
2025-03-07,126,126,20:50-21:00,8.667963238584036
2025-03-07,129,132,21:20-22:00,23.416308895907434
2025-03-07,134,135,22:10-22:30,47.19122400973805
2025-03-07,139,141,23:00-23:30,36.50229138044472
2025-03-07,144,144,23:50-24:00,9.96760338202398
2025-03-08,1,9,00:00-01:30,4918.88233466367
2025-03-08,12,12,01:50-02:00,11.515631662060912
2025-03-08,15,17,02:20-02:50,34.36375423731903
2025-03-08,19,19,03:00-03:10,25.641844253954957
2025-03-08,28,28,04:30-04:40,0.6680303724174337
2025-03-08,31,31,05:00-05:10,44.09256493517694
2025-03-08,49,49,08:00-08:10,4.3985331519184
2025-03-08,52,52,08:30-08:40,20.117152818039813
2025-03-08,55,57,09:00-09:30,81.48643783016564
2025-03-08,62,63,10:10-10:30,58.792481456206815
2025-03-08,65,66,10:40-11:00,52.302013822307345
2025-03-08,100,100,16:30-16:40,14.59496003609513
2025-03-08,126,130,20:50-21:40,43.94315219765758
2025-03-08,133,133,22:00-22:10,9.148060461902787
2025-03-08,136,137,22:30-22:50,14.866552868798465
2025-03-08,139,140,23:00-23:20,19.709447341755492
2025-03-08,142,143,23:30-23:50,15.152921877878782
2025-03-09,6,8,00:50-01:20,881.6734890840899
2025-03-09,12,13,01:50-02:10,18.74962950388226
2025-03-09,16,16,02:30-02:40,7.921877079261208
2025-03-09,18,18,02:50-03:00,35.744378865640215
2025-03-09,23,24,03:40-04:00,14.174302684563713
2025-03-09,26,26,04:10-04:20,1.4383282268762514
2025-03-09,30,30,04:50-05:00,8.697960915910016
2025-03-09,42,43,06:50-07:10,16.47730303329351
2025-03-09,47,48,07:40-08:00,46.83612586994542
2025-03-09,63,64,10:20-10:40,35.91091455360629
2025-03-09,84,84,13:50-14:00,8.591666666666583
2025-03-09,112,112,18:30-18:40,37.218980020867534
2025-03-09,121,122,20:00-20:20,18.39414569022233
2025-03-09,124,126,20:30-21:00,79.65935953414919
2025-03-09,129,132,21:20-22:00,41.34906702855665
2025-03-09,140,140,23:10-23:20,7.2624242992496875
2025-03-09,142,144,23:30-24:00,10.080241479141932
2025-03-10,1,2,00:00-00:20,5.101830240821073
2025-03-10,5,6,00:40-01:00,40.92599322279273
2025-03-10,9,11,01:20-01:50,550.8685818002369
2025-03-10,14,15,02:10-02:30,6.622045196736394
2025-03-10,30,30,04:50-05:00,25.488151153742137
2025-03-10,33,33,05:20-05:30,10.398161773165612
2025-03-10,41,42,06:40-07:00,61.786337533134144
2025-03-10,44,45,07:10-07:30,101.47350777733914
2025-03-10,48,48,07:50-08:00,2.455998792134096
2025-03-10,52,53,08:30-08:50,12.4083075696052
2025-03-10,58,59,09:30-09:50,20.899922150470275
2025-03-10,65,67,10:40-11:10,171.57833599063952
2025-03-10,72,76,11:50-12:40,773.1557803094397
2025-03-10,102,102,16:50-17:00,16.049699490534266
2025-03-10,108,108,17:50-18:00,4.394150546124479
2025-03-10,110,111,18:10-18:30,1.4554257979291378
2025-03-10,117,119,19:20-19:50,49.45632202263437
2025-03-10,124,125,20:30-20:50,37.752080872483134
2025-03-10,127,128,21:00-21:20,64.46470044084731
2025-03-10,131,132,21:40-22:00,23.48555582971437
2025-03-10,134,135,22:10-22:30,22.690484366364103
2025-03-10,140,140,23:10-23:20,9.259135044084701
2025-03-10,144,144,23:50-24:00,41.54627507566772
2025-03-11,4,4,00:30-00:40,16.26673087248355
2025-03-11,6,8,00:50-01:20,803.7469026510155
2025-03-11,18,18,02:50-03:00,2.8716094222924085
2025-03-11,26,26,04:10-04:20,5.444785673866704
2025-03-11,32,33,05:10-05:30,14.336725288101889
2025-03-11,40,41,06:30-06:50,14.830351516177103
2025-03-11,43,44,07:00-07:20,12.025022881770099
2025-03-11,59,62,09:40-10:20,282.5198842187888
2025-03-11,65,65,10:40-10:50,25.333853362284344
2025-03-11,85,85,14:00-14:10,37.29196666666655
2025-03-11,89,89,14:40-14:50,27.127512623841426
2025-03-11,92,93,15:10-15:30,33.92352434436907
2025-03-11,96,97,15:50-16:10,36.252685056304244
2025-03-11,101,102,16:40-17:00,29.106925266482392
2025-03-11,105,107,17:20-17:50,37.29419593367547
2025-03-11,109,110,18:00-18:20,19.879522595078143
2025-03-11,117,117,19:20-19:30,24.704034741413466
2025-03-11,121,121,20:00-20:10,0.4004006579812085
2025-03-11,125,128,20:40-21:20,66.47761560073707
2025-03-11,133,133,22:00-22:10,5.899109172259614
2025-03-11,136,136,22:30-22:40,22.539087156204687
2025-03-11,139,140,23:00-23:20,18.101438314251936
2025-03-11,143,144,23:40-24:00,42.07252888537971
2025-03-12,3,4,00:20-00:40,31.257563093827912
2025-03-12,6,6,00:50-01:00,709.7105587344988
2025-03-12,10,11,01:30-01:50,20.152265863929642
2025-03-12,13,13,02:00-02:10,43.93475640629981
2025-03-12,18,18,02:50-03:00,33.80188976839065
2025-03-12,21,23,03:20-03:50,50.37074362952217
2025-03-12,35,35,05:40-05:50,2.3236253454399503
2025-03-12,40,40,06:30-06:40,38.335769132216456
2025-03-12,43,44,07:00-07:20,61.98275159325499
2025-03-12,59,65,09:40-10:50,135.08275907638244
2025-03-12,85,85,14:00-14:10,29.110783333333416
2025-03-12,99,100,16:20-16:40,17.616730664748843
2025-03-12,104,105,17:10-17:30,28.964867641418806
2025-03-12,107,108,17:40-18:00,30.212513170141747
2025-03-12,111,111,18:20-18:30,22.77600703476014
2025-03-12,121,122,20:00-20:20,19.693244558494712
2025-03-12,126,127,20:50-21:10,37.39922593104336
2025-03-12,130,131,21:30-21:50,55.0547720160547
2025-03-12,133,133,22:00-22:10,8.251012166074588
2025-03-12,136,137,22:30-22:50,16.799112330569983
2025-03-12,140,141,23:10-23:30,2.503269759179034
2025-03-12,144,144,23:50-24:00,40.15415840242156
2025-03-13,1,3,00:00-00:30,34.292116245558645
2025-03-13,6,6,00:50-01:00,791.1502651664694
2025-03-13,12,12,01:50-02:00,7.984789445979686
2025-03-13,17,18,02:40-03:00,26.35040214501919
2025-03-13,21,22,03:20-03:40,51.74640389614183
2025-03-13,36,36,05:50-06:00,25.927860061474348
2025-03-13,39,39,06:20-06:30,5.538487845205168
2025-03-13,44,45,07:10-07:30,106.19151789897143
2025-03-13,57,62,09:20-10:20,215.43696713477345
2025-03-13,65,68,10:40-11:20,174.41493906059043
2025-03-13,71,79,11:40-13:10,419.35153096930026
2025-03-13,93,93,15:20-15:30,13.254161931425529
2025-03-13,101,103,16:40-17:10,42.09104934671811
2025-03-13,106,107,17:30-17:50,32.200973472434725
2025-03-13,109,109,18:00-18:10,0.054030829244538836
2025-03-13,115,115,19:00-19:10,20.668990393472768
2025-03-13,118,119,19:30-19:50,35.66615079615747
2025-03-13,122,122,20:10-20:20,28.026308734231634
2025-03-13,124,125,20:30-20:50,63.14402216081032
2025-03-13,128,129,21:10-21:30,39.53717643110929
2025-03-13,133,133,22:00-22:10,11.547891492301687
2025-03-13,139,140,23:00-23:20,42.967729957889105
2025-03-14,1,6,00:00-01:00,4843.096830490854
2025-03-14,9,9,01:20-01:30,55.06619489284748
2025-03-14,18,18,02:50-03:00,20.13209172259502
2025-03-14,21,21,03:20-03:30,19.73410185550739
2025-03-14,25,25,04:00-04:10,13.12642182524013
2025-03-14,28,29,04:30-04:50,48.759969093723306
2025-03-14,32,33,05:10-05:30,150.40819139784048
2025-03-14,35,36,05:40-06:00,54.55982484067454
2025-03-14,47,48,07:40-08:00,45.43802873686394
2025-03-14,51,52,08:20-08:40,35.870596102870536
2025-03-14,55,55,09:00-09:10,14.547033466809694
2025-03-14,61,62,10:00-10:20,47.39804831274796
2025-03-14,66,67,10:50-11:10,18.324329923110326
2025-03-14,99,99,16:20-16:30,17.67092432274916
2025-03-14,105,105,17:20-17:30,28.590684629556463
2025-03-14,119,119,19:40-19:50,21.286015487000213
2025-03-14,124,125,20:30-20:50,70.31615771624172
2025-03-14,128,129,21:10-21:30,44.31489845374381
2025-03-14,134,134,22:10-22:20,2.117802822739918
2025-03-14,137,137,22:40-22:50,8.544173068824875
2025-03-14,140,141,23:10-23:30,14.420389656533587
2025-03-15,1,2,00:00-00:20,1659.5514542900382
2025-03-15,6,8,00:50-01:20,867.2336281484405
2025-03-15,10,16,01:30-02:40,1047.454193064877
2025-03-15,18,19,02:50-03:10,118.45369213054346
2025-03-15,21,27,03:20-04:30,201.85998821555484
2025-03-15,30,32,04:50-05:20,125.56150730359268
2025-03-15,35,36,05:40-06:00,30.628549961460976
2025-03-15,45,47,07:20-07:50,312.55218649540393
2025-03-15,49,49,08:00-08:10,23.40572942022459
2025-03-15,52,53,08:30-08:50,10.277795199556635
2025-03-15,55,60,09:00-10:00,185.48681807286675
2025-03-15,64,64,10:30-10:40,28.5723725386797
2025-03-15,67,68,11:00-11:20,26.529339704472022
2025-03-15,70,71,11:30-11:50,142.78494600511328
2025-03-15,76,77,12:30-12:50,23.541543904271975
2025-03-15,109,111,18:00-18:30,30.689208415580993
2025-03-15,116,116,19:10-19:20,0.30841657454925553
2025-03-15,121,121,20:00-20:10,2.5777916962756535
2025-03-15,124,125,20:30-20:50,115.11863660349968
2025-03-15,129,130,21:20-21:40,17.468199519673703
2025-03-15,137,137,22:40-22:50,18.567516186340242
2025-03-15,140,140,23:10-23:20,3.4557282208185143
2025-03-15,142,143,23:30-23:50,26.95169911172536
2025-03-16,6,7,00:50-01:10,846.6069006382419
2025-03-16,9,9,01:20-01:30,49.3493195927324
2025-03-16,19,19,03:00-03:10,19.52598289906564
2025-03-16,22,23,03:30-03:50,58.36967144361108
2025-03-16,25,25,04:00-04:10,31.421330985153304
2025-03-16,35,36,05:40-06:00,34.47015691820366
2025-03-16,41,46,06:40-07:40,74.80111626905764
2025-03-16,50,51,08:10-08:30,18.83240651401536
2025-03-16,57,59,09:20-09:50,76.45075452597189
2025-03-16,61,61,10:00-10:10,41.93672803282425
2025-03-16,64,65,10:30-10:50,96.91799882127361
2025-03-16,80,80,13:10-13:20,12.114316666666582
2025-03-16,84,84,13:50-14:00,6.629125704509875
2025-03-16,90,90,14:50-15:00,40.8198982347302
2025-03-16,101,101,16:40-16:50,16.21469561220448
2025-03-16,125,126,20:40-21:00,28.380794986182195
2025-03-16,129,129,21:20-21:30,38.09990514541414
2025-03-16,134,134,22:10-22:20,2.342251868667063
2025-03-16,136,136,22:30-22:40,3.2093876496905978
2025-03-16,139,140,23:00-23:20,14.378428280036587
2025-03-16,143,144,23:40-24:00,37.09110476378487
2025-03-17,3,3,00:20-00:30,2.2238801158046044
2025-03-17,6,7,00:50-01:10,831.7374368666932
2025-03-17,15,15,02:20-02:30,5.540906040268283
2025-03-17,24,24,03:50-04:00,35.75973146466629
2025-03-17,27,29,04:20-04:50,50.71419231250218
2025-03-17,31,33,05:00-05:30,25.448708268088108
2025-03-17,40,40,06:30-06:40,13.042766787923142
2025-03-17,43,44,07:00-07:20,47.82127219182985
2025-03-17,56,56,09:10-09:20,18.349336375086978
2025-03-17,60,63,09:50-10:30,155.48155964318607
2025-03-17,65,65,10:40-10:50,6.275165396762986
2025-03-17,109,109,18:00-18:10,6.411485399394792
2025-03-17,120,120,19:50-20:00,32.352606921963456
2025-03-17,123,124,20:20-20:40,65.82140345439961
2025-03-17,126,127,20:50-21:10,27.98982066061319
2025-03-17,130,131,21:30-21:50,63.516040860639464
2025-03-17,134,134,22:10-22:20,7.134081517304935
2025-03-17,139,140,23:00-23:20,21.56090482958291
2025-03-18,3,3,00:20-00:30,6.16150085537538
2025-03-18,6,6,00:50-01:00,661.4716817870767
2025-03-18,10,10,01:30-01:40,9.260167239110388
2025-03-18,14,14,02:10-02:20,0.8102541650216608
2025-03-18,20,21,03:10-03:30,5.839893597842206
2025-03-18,24,24,03:50-04:00,12.079780892222402
2025-03-18,27,28,04:20-04:40,19.534445169477024
2025-03-18,31,32,05:00-05:20,29.163881908693167
2025-03-18,36,37,05:50-06:10,41.349327616415735
2025-03-18,42,43,06:50-07:10,19.922756662530503
2025-03-18,46,47,07:30-07:50,63.42441911435702
2025-03-18,49,53,08:00-08:50,120.81658353636749
2025-03-18,55,60,09:00-10:00,369.97781073670245
2025-03-18,64,64,10:30-10:40,14.48154157783938
2025-03-18,86,86,14:10-14:20,30.15578333333349
2025-03-18,100,100,16:30-16:40,3.0668783965932676
2025-03-18,104,104,17:10-17:20,2.0267929680598797
2025-03-18,110,111,18:10-18:30,9.998348397345687
2025-03-18,115,116,19:00-19:20,11.302376253454327
2025-03-18,125,125,20:40-20:50,2.0794839584154943
2025-03-18,129,131,21:20-21:50,71.41184531517308
2025-03-18,134,134,22:10-22:20,6.039399131464847
2025-03-18,137,138,22:40-23:00,43.678075838925906
2025-03-18,142,143,23:30-23:50,60.81452512830617
2025-03-19,5,6,00:40-01:00,803.0537834715094
2025-03-19,12,12,01:50-02:00,16.418671535728322
2025-03-19,15,15,02:20-02:30,28.26598507925712
2025-03-19,22,22,03:30-03:40,12.577614363732096
2025-03-19,26,26,04:10-04:20,1.0723131596262192
2025-03-19,35,36,05:40-06:00,10.65778467749476
2025-03-19,45,46,07:20-07:40,68.72888267535188
2025-03-19,49,55,08:00-09:10,92.41669969544887
2025-03-19,58,58,09:30-09:40,12.000193362281856
2025-03-19,62,62,10:10-10:20,1.8624699725530718
2025-03-19,64,64,10:30-10:40,0.5978211578592436
2025-03-19,87,88,14:20-14:40,68.97413791476299
2025-03-19,107,107,17:40-17:50,0.45059979226577695
2025-03-19,113,114,18:40-19:00,14.370129852612308
2025-03-19,124,126,20:30-21:00,8.17403529599801
2025-03-19,128,130,21:10-21:40,30.18603468877484
2025-03-19,137,137,22:40-22:50,19.382655763916205
2025-03-19,139,140,23:00-23:20,5.535260580339582
2025-03-19,143,144,23:40-24:00,14.694382754310027
2025-03-20,3,3,00:20-00:30,10.338410975128227
2025-03-20,6,6,00:50-01:00,776.6993133718863
2025-03-20,8,8,01:10-01:20,19.344778878799843
2025-03-20,12,12,01:50-02:00,31.97277491840157
2025-03-20,19,20,03:00-03:20,31.494587274641503
2025-03-20,23,24,03:40-04:00,93.36588776154758
2025-03-20,26,26,04:10-04:20,3.400379244415376
2025-03-20,30,31,04:50-05:10,12.625883369992309
2025-03-20,36,36,05:50-06:00,37.36935530990945
2025-03-20,45,46,07:20-07:40,24.659114087379862
2025-03-20,50,50,08:10-08:20,28.61843084522411
2025-03-20,54,55,08:50-09:10,40.29193947229908
2025-03-20,59,60,09:40-10:00,52.20984095557719
2025-03-20,63,63,10:20-10:30,9.194099715187804
2025-03-20,68,68,11:10-11:20,11.140373429775082
2025-03-20,90,90,14:50-15:00,29.885342423814905
2025-03-20,93,93,15:20-15:30,3.637713091948399
2025-03-20,95,96,15:40-16:00,45.00776709999457
2025-03-20,100,101,16:30-16:50,9.369056383358327
2025-03-20,103,103,17:00-17:10,0.9006296862371244
2025-03-20,108,110,17:50-18:20,57.94944893125048
2025-03-20,112,114,18:30-19:00,42.34928395183579
2025-03-20,121,124,20:00-20:40,106.02336267224803
2025-03-20,127,129,21:00-21:30,64.94598434004479
2025-03-20,137,137,22:40-22:50,0.5958753257006038
2025-03-20,142,142,23:30-23:40,48.505308968285476
2025-03-21,1,3,00:00-00:30,2458.69211232399
2025-03-21,6,9,00:50-01:30,977.9528836310692
2025-03-21,12,17,01:50-02:50,928.0777736215292
2025-03-21,20,22,03:10-03:40,123.9016058560336
2025-03-21,26,27,04:10-04:30,89.77620572443755
2025-03-21,30,32,04:50-05:20,109.43731084635206
2025-03-21,34,34,05:30-05:40,5.099114042261212
2025-03-21,48,51,07:50-08:30,56.9825208279284
2025-03-21,54,57,08:50-09:30,151.6152368704528
2025-03-21,60,61,09:50-10:10,39.67175097663221
2025-03-21,65,66,10:40-11:00,62.19207672814059
2025-03-21,69,69,11:20-11:30,0.8029211907580702
2025-03-21,114,114,18:50-19:00,18.344924087756056
2025-03-21,118,118,19:30-19:40,2.5125094222923963
2025-03-21,120,120,19:50-20:00,0.6619456507435757
2025-03-21,123,123,20:20-20:30,24.594374917752305
2025-03-21,125,125,20:40-20:50,44.69027655706316
2025-03-21,128,130,21:10-21:40,39.666926970654
2025-03-21,134,134,22:10-22:20,35.52967750361893
2025-03-21,138,138,22:50-23:00,6.69791814712471
2025-03-21,140,141,23:10-23:30,18.773920811949154
2025-03-21,144,144,23:50-24:00,19.787288893275388
2025-03-22,1,7,00:00-01:10,4861.007323351757
2025-03-22,10,10,01:30-01:40,18.688448565600766
2025-03-22,21,21,03:20-03:30,7.294324724338878
2025-03-22,25,26,04:00-04:20,12.671000560224115
2025-03-22,28,29,04:30-04:50,14.779586675878457
2025-03-22,34,35,05:30-05:50,14.077978240557858
2025-03-22,47,47,07:40-07:50,4.790935955859027
2025-03-22,49,49,08:00-08:10,45.38763259075449
2025-03-22,52,54,08:30-09:00,133.41559622506725
2025-03-22,57,59,09:20-09:50,92.02417966931728
2025-03-22,63,63,10:20-10:30,8.029859011524195
2025-03-22,66,69,10:50-11:30,159.00386719211224
2025-03-22,96,96,15:50-16:00,2.9066957663601443
2025-03-22,101,101,16:40-16:50,5.43623599063767
2025-03-22,127,128,21:00-21:20,5.744733912356935
2025-03-22,131,131,21:40-21:50,6.92764445979725
2025-03-22,134,135,22:10-22:30,16.11237362152923
2025-03-22,139,141,23:00-23:30,33.38118963021458
2025-03-22,144,144,23:50-24:00,30.350295795499505
2025-03-23,5,6,00:40-01:00,826.9602010396104
2025-03-23,15,16,02:20-02:40,13.995466410054064
2025-03-23,18,18,02:50-03:00,2.5083797494463624
2025-03-23,21,21,03:20-03:30,31.433525463876776
2025-03-23,24,26,03:50-04:20,55.17408571522432
2025-03-23,28,28,04:30-04:40,42.86566036328798
2025-03-23,30,31,04:50-05:10,14.596256367379143
2025-03-23,36,37,05:50-06:10,47.64974825352965
2025-03-23,41,41,06:40-06:50,4.308612779876967
2025-03-23,45,48,07:20-08:00,109.46501207019753
2025-03-23,54,58,08:50-09:40,112.4492409879943
2025-03-23,64,69,10:30-11:30,238.05479327449234
2025-03-23,89,89,14:40-14:50,3.888566666666634
2025-03-23,105,105,17:20-17:30,3.566455360667618
2025-03-23,107,107,17:40-17:50,5.164635425713755
2025-03-23,116,117,19:10-19:30,22.84499251875252
2025-03-23,120,120,19:50-20:00,0.6001473878141041
2025-03-23,123,124,20:20-20:40,46.27364348034382
2025-03-23,126,126,20:50-21:00,29.71137865508649
2025-03-23,129,129,21:20-21:30,17.74569864455873
2025-03-23,131,132,21:40-22:00,26.47488215554688
2025-03-23,142,143,23:30-23:50,23.418262666140322
2025-03-24,1,1,00:00-00:10,9.353931115936575
2025-03-24,6,7,00:50-01:10,809.6313629424924
2025-03-24,15,15,02:20-02:30,5.704650611922602
2025-03-24,21,22,03:20-03:40,25.37374805806087
2025-03-24,26,26,04:10-04:20,3.240155059876315
2025-03-24,31,32,05:00-05:20,18.842939581335923
2025-03-24,35,35,05:40-05:50,5.750483388791849
2025-03-24,38,39,06:10-06:30,7.476012655800673
2025-03-24,42,43,06:50-07:10,42.77470324666734
2025-03-24,46,48,07:30-08:00,67.99267141447189
2025-03-24,51,51,08:20-08:30,23.378254751565237
2025-03-24,62,64,10:10-10:40,65.20173752185474
2025-03-24,87,87,14:20-14:30,36.86212791156697
2025-03-24,89,91,14:40-15:10,114.68690062602184
2025-03-24,96,96,15:50-16:00,25.979446403662223
2025-03-24,99,99,16:20-16:30,33.832024011617875
2025-03-24,109,109,18:00-18:10,14.998063638072722
2025-03-24,125,125,20:40-20:50,8.243890446111095
2025-03-24,128,129,21:10-21:30,24.89583870904073
2025-03-24,134,134,22:10-22:20,4.439010981707952
2025-03-24,137,138,22:40-23:00,46.73601719963176
2025-03-24,142,143,23:30-23:50,103.97535073693916
2025-03-25,5,6,00:40-01:00,37.03351317936563
2025-03-25,9,13,01:20-02:10,623.0500276878598
2025-03-25,17,17,02:40-02:50,6.007577786550769
2025-03-25,19,19,03:00-03:10,27.8723689025843
2025-03-25,22,23,03:30-03:50,67.74422277525048
2025-03-25,28,28,04:30-04:40,26.396768175231802
2025-03-25,33,33,05:20-05:30,3.105777714172973
2025-03-25,35,35,05:40-05:50,3.3209035465193892
2025-03-25,38,39,06:10-06:30,42.81378215460688
2025-03-25,42,42,06:50-07:00,10.729144723930006
2025-03-25,44,45,07:10-07:30,12.609474661139416
2025-03-25,53,54,08:40-09:00,65.88829888331134
2025-03-25,58,66,09:30-11:00,403.17478211136995
2025-03-25,69,74,11:20-12:20,348.48750825014486
2025-03-25,78,78,12:50-13:00,30.701314249994994
2025-03-25,90,90,14:50-15:00,8.914193487865077
2025-03-25,100,101,16:30-16:50,56.47458235295363
2025-03-25,106,106,17:30-17:40,14.271740980016148
2025-03-25,117,117,19:20-19:30,16.859128832741135
2025-03-25,121,122,20:00-20:20,7.887453493880798
2025-03-25,126,127,20:50-21:10,35.47184903276741
2025-03-25,136,136,22:30-22:40,8.3548282800366
2025-03-25,139,141,23:00-23:30,37.133488616923046
2025-03-25,144,144,23:50-24:00,23.122220107909015
2025-03-26,6,8,00:50-01:20,931.349847749704
2025-03-26,23,23,03:40-03:50,9.653009053822984
2025-03-26,26,27,04:10-04:30,45.06349601287661
2025-03-26,33,33,05:20-05:30,2.222924068956331
2025-03-26,44,47,07:10-07:50,76.12632747917928
2025-03-26,49,49,08:00-08:10,4.397798976369472
2025-03-26,53,53,08:40-08:50,20.589678953057955
2025-03-26,61,61,10:00-10:10,33.94018310209981
2025-03-26,64,64,10:30-10:40,16.313482231684702
2025-03-26,108,108,17:50-18:00,0.38366653037021514
2025-03-26,126,127,20:50-21:10,19.201813514935907
2025-03-26,130,130,21:30-21:40,16.022926970653998
2025-03-26,133,134,22:00-22:20,19.17135076983834
2025-03-26,137,137,22:40-22:50,5.9293942755627995
2025-03-26,140,140,23:10-23:20,16.19218355046712
2025-03-27,6,8,00:50-01:20,901.7598614936338
2025-03-27,13,14,02:00-02:20,47.35122267403608
2025-03-27,18,19,02:50-03:10,45.62512675352002
2025-03-27,24,24,03:50-04:00,18.063591919989562
2025-03-27,26,28,04:10-04:40,37.460476391526036
2025-03-27,31,31,05:00-05:10,60.276625398078636
2025-03-27,38,40,06:10-06:40,23.69974739533393
2025-03-27,43,44,07:00-07:20,9.03825202000229
2025-03-27,49,49,08:00-08:10,22.371844331960915
2025-03-27,54,54,08:50-09:00,0.6823797069160946
2025-03-27,61,61,10:00-10:10,90.04059428308233
2025-03-27,64,65,10:30-10:50,168.21020234429375
2025-03-27,90,90,14:50-15:00,47.03117220216927
2025-03-27,95,95,15:40-15:50,3.338529893971213
2025-03-27,97,98,16:00-16:20,15.771021945556981
2025-03-27,100,100,16:30-16:40,11.657102113999656
2025-03-27,108,111,17:50-18:30,26.407592788525122
2025-03-27,126,127,20:50-21:10,10.84446014607181
2025-03-27,129,131,21:20-21:50,46.46224137386491
2025-03-27,137,138,22:40-23:00,10.086066120542341
2025-03-27,143,144,23:40-24:00,22.143248703776578
2025-03-28,1,7,00:00-01:10,4900.860920996184
2025-03-28,10,11,01:30-01:50,69.72662027898411
2025-03-28,13,15,02:00-02:30,108.14000855822275
2025-03-28,19,20,03:00-03:20,3.467829457823484
2025-03-28,22,22,03:30-03:40,28.63273938879172
2025-03-28,30,33,04:50-05:30,899.3565375598156
2025-03-28,46,47,07:30-07:50,36.46072486605374
2025-03-28,52,52,08:30-08:40,17.66307021036596
2025-03-28,55,55,09:00-09:10,45.66181967458135
2025-03-28,58,59,09:30-09:50,98.6827664739726
2025-03-28,64,64,10:30-10:40,24.433632818227807
2025-03-28,67,69,11:00-11:30,91.25928663076002
2025-03-28,107,107,17:40-17:50,1.4415571973758006
2025-03-28,116,117,19:10-19:30,11.487206799766795
2025-03-28,126,128,20:50-21:20,95.21653108303718
2025-03-28,134,134,22:10-22:20,6.1586181668640165
2025-03-28,136,137,22:30-22:50,9.789156954862676
2025-03-28,140,140,23:10-23:20,5.544142327937891
2025-03-28,142,144,23:30-24:00,33.69096065271765
2025-03-29,1,1,00:00-00:10,839.1363078957759
2025-03-29,3,6,00:20-01:00,3274.551697197
2025-03-29,8,9,01:10-01:30,995.676347215114
2025-03-29,18,18,02:50-03:00,6.68545861297531
2025-03-29,21,21,03:20-03:30,0.1716396894328227
2025-03-29,25,26,04:00-04:20,12.426961369917125
2025-03-29,29,30,04:40-05:00,23.058018478935082
2025-03-29,33,34,05:20-05:40,1080.1573738067946
2025-03-29,47,47,07:40-07:50,5.531948481943232
2025-03-29,51,52,08:20-08:40,37.6490945594345
2025-03-29,56,57,09:10-09:30,28.054862406707798
2025-03-29,59,60,09:40-10:00,84.04992104506255
2025-03-29,62,63,10:10-10:30,24.567437352659454
2025-03-29,66,66,10:50-11:00,3.4183065008548965
2025-03-29,97,98,16:00-16:20,20.07759074032299
2025-03-29,103,104,17:00-17:20,11.426805242231296
2025-03-29,120,120,19:50-20:00,9.918152388472038
2025-03-29,125,125,20:40-20:50,156.42939668090827
2025-03-29,127,128,21:00-21:20,4.270583912356869
2025-03-29,131,131,21:40-21:50,11.658236827214068
2025-03-29,134,134,22:10-22:20,2.208743683379396
2025-03-29,137,137,22:40-22:50,0.18244653243834819
2025-03-29,142,144,23:30-24:00,17.474980260560528
2025-03-30,1,2,00:00-00:20,35.293205020397636
2025-03-30,6,7,00:50-01:10,785.0735712018636
2025-03-30,11,11,01:40-01:50,32.898144999341866
2025-03-30,15,15,02:20-02:30,19.88257862876685
2025-03-30,18,18,02:50-03:00,6.7463949203843185
2025-03-30,22,23,03:30-03:50,28.761528990656643
2025-03-30,25,25,04:00-04:10,4.532604896321118
2025-03-30,28,32,04:30-05:20,67.75059920579105
2025-03-30,37,37,06:00-06:10,7.1508565638335995
2025-03-30,43,43,07:00-07:10,28.84066982685698
2025-03-30,46,46,07:30-07:40,7.5829324506986495
2025-03-30,53,54,08:40-09:00,41.1629017427108
2025-03-30,58,63,09:30-10:30,156.14931553681868
2025-03-30,66,66,10:50-11:00,18.638710707236214
2025-03-30,71,73,11:40-12:10,100.7532592888158
2025-03-30,86,86,14:10-14:20,46.75190639745813
2025-03-30,92,92,15:10-15:20,1.029815114770713
2025-03-30,95,96,15:40-16:00,36.013377183087755
2025-03-30,110,110,18:10-18:20,26.432147177260163
2025-03-30,115,116,19:00-19:20,16.238931888594493
2025-03-30,124,124,20:30-20:40,29.242102559547448
2025-03-30,127,128,21:00-21:20,64.94031765363866
2025-03-30,130,130,21:30-21:40,0.8115706671931093
2025-03-30,133,133,22:00-22:10,0.3613986248190031
2025-03-30,137,137,22:40-22:50,10.70440888274777
2025-03-30,140,140,23:10-23:20,9.425027549677566
2025-03-30,144,144,23:50-24:00,12.147142295038748
2025-03-31,1,2,00:00-00:20,9.53208178049772
2025-03-31,5,6,00:40-01:00,23.41993738649819
2025-03-31,8,11,01:10-01:50,566.1030818660352
2025-03-31,29,29,04:40-04:50,15.931916528490627
2025-03-31,32,33,05:10-05:30,5.437410793074625
2025-03-31,35,35,05:40-05:50,4.91248652924245
2025-03-31,39,39,06:20-06:30,11.735437875436219
2025-03-31,45,45,07:20-07:30,7.850495592465165
2025-03-31,57,60,09:20-10:00,118.42538907563016
2025-03-31,62,63,10:10-10:30,105.17653891583541
2025-03-31,68,68,11:10-11:20,42.73517256123887
2025-03-31,70,75,11:30-12:30,419.40613468501533
2025-03-31,85,85,14:00-14:10,0.14855388584919638
2025-03-31,88,88,14:30-14:40,59.489473431654574
2025-03-31,91,91,15:00-15:10,63.54419566954289
2025-03-31,94,95,15:30-15:50,69.68054035587386
2025-03-31,98,101,16:10-16:50,88.13787948414273
2025-03-31,103,103,17:00-17:10,5.742850996371573
2025-03-31,105,106,17:20-17:40,10.652454317297298
2025-03-31,109,110,18:00-18:20,24.257395389430776
2025-03-31,122,123,20:10-20:30,287.0503450358863
2025-03-31,125,126,20:40-21:00,75.23571088959056
2025-03-31,129,129,21:20-21:30,44.29506513357035
2025-03-31,132,132,21:50-22:00,0.4717416765363396
2025-03-31,137,137,22:40-22:50,6.840674378207609
2025-03-31,140,140,23:10-23:20,28.096131227793194
2025-03-31,144,144,23:50-24:00,27.606113495196723
2025-04-01,1,1,00:00-00:10,3.6254195946837626
2025-04-01,5,5,00:40-00:50,17.29661930517159
2025-04-01,7,9,01:00-01:30,441.84087441418797
2025-04-01,12,12,01:50-02:00,0.013171469930171043
2025-04-01,15,17,02:20-02:50,24.35919267008819
2025-04-01,20,21,03:10-03:30,107.69819836162628
2025-04-01,24,24,03:50-04:00,15.675518090911737
2025-04-01,28,30,04:30-05:00,27.92814555956609
2025-04-01,37,37,06:00-06:10,8.451820780929438
2025-04-01,40,41,06:30-06:50,24.33625597447042
2025-04-01,56,57,09:10-09:30,134.16273940744077
2025-04-01,59,60,09:40-10:00,77.60276216325451
2025-04-01,63,77,10:20-12:50,2487.758808665044
2025-04-01,88,88,14:30-14:40,14.263845047280327
2025-04-01,91,92,15:00-15:20,69.68769799409688
2025-04-01,95,96,15:40-16:00,17.996853185105238
2025-04-01,103,103,17:00-17:10,13.424122938168779
2025-04-01,106,107,17:30-17:50,48.39299011618105
2025-04-01,112,112,18:30-18:40,3.439405086195444
2025-04-01,115,115,19:00-19:10,0.7440295424210035
2025-04-01,118,118,19:30-19:40,2.0242999144624036
2025-04-01,121,122,20:00-20:20,30.307623535991524
2025-04-01,124,125,20:30-20:50,78.65146851466022
2025-04-01,129,130,21:20-21:40,66.59466433741261
2025-04-01,134,134,22:10-22:20,5.917261883142373
2025-04-01,137,137,22:40-22:50,18.76468611659425
2025-04-01,143,144,23:40-24:00,28.849699124884978
2025-04-02,1,2,00:00-00:20,32.60153662324001
2025-04-02,6,8,00:50-01:20,853.2564776968715
2025-04-02,17,17,02:40-02:50,0.7424456375838417
2025-04-02,20,20,03:10-03:20,6.175088860376377
2025-04-02,24,24,03:50-04:00,7.627420292143597
2025-04-02,27,30,04:20-05:00,10.088675602052808
2025-04-02,32,33,05:10-05:30,18.893784164269874
2025-04-02,36,36,05:50-06:00,4.753709549188784
2025-04-02,39,39,06:20-06:30,3.7262969112476867
2025-04-02,43,44,07:00-07:20,68.20452288835003
2025-04-02,46,50,07:30-08:20,88.22987619235613
2025-04-02,54,77,08:50-12:50,2822.426714040156
2025-04-02,109,109,18:00-18:10,9.797812130355448
2025-04-02,112,112,18:30-18:40,0.8421006758408422
2025-04-02,118,118,19:30-19:40,18.25539806929487
2025-04-02,123,124,20:20-20:40,103.8012908850767
2025-04-02,127,127,21:00-21:10,0.9596288788000038
2025-04-02,129,131,21:20-21:50,7.629355178313062
2025-04-02,139,139,23:00-23:10,40.007400519805174
2025-04-02,142,142,23:30-23:40,38.28938445190158
2025-04-03,2,2,00:10-00:20,10.451450881694882
2025-04-03,6,7,00:50-01:10,829.2878781615999
2025-04-03,13,13,02:00-02:10,10.303640334254396
2025-04-03,16,16,02:30-02:40,22.72203224839427
2025-04-03,19,20,03:00-03:20,6.878437314120333
2025-04-03,26,27,04:10-04:30,9.589665762412361
2025-04-03,32,33,05:10-05:30,14.628010409264322
2025-04-03,36,36,05:50-06:00,24.740247532570038
2025-04-03,39,39,06:20-06:30,4.50291881450562
2025-04-03,41,42,06:40-07:00,55.07329219164194
2025-04-03,45,48,07:20-08:00,124.93644455943473
2025-04-03,51,52,08:20-08:40,12.068874994830026
2025-04-03,55,55,09:00-09:10,43.84171421991641
2025-04-03,62,64,10:10-10:40,79.2857390032525
2025-04-03,91,91,15:00-15:10,28.484938257853514
2025-04-03,111,111,18:20-18:30,11.912761547571904
2025-04-03,114,115,18:50-19:10,2.0417416661965717
2025-04-03,123,124,20:20-20:40,22.63307904611281
2025-04-03,126,127,20:50-21:10,31.90401713383369
2025-04-03,130,130,21:30-21:40,13.455460251348654
2025-04-03,137,137,22:40-22:50,23.91238636662729
2025-04-03,142,142,23:30-23:40,49.816854829582894
2025-04-04,1,2,00:00-00:20,1629.9698362152913
2025-04-04,5,6,00:40-01:00,1641.727286162653
2025-04-04,8,13,01:10-02:10,1725.029210629401
2025-04-04,22,23,03:30-03:50,24.575323888481613
2025-04-04,26,28,04:10-04:40,152.65697429831002
2025-04-04,31,34,05:00-05:40,1254.9848056493147
2025-04-04,47,49,07:40-08:10,53.65700281240015
2025-04-04,52,55,08:30-09:10,62.92668631586855
2025-04-04,61,61,10:00-10:10,0.32354136540539
2025-04-04,63,65,10:20-10:50,75.16626666854677
2025-04-04,67,67,11:00-11:10,1.115492060986071
2025-04-04,111,111,18:20-18:30,16.271258060271066
2025-04-04,120,120,19:50-20:00,9.660085537570637
2025-04-04,125,126,20:40-21:00,76.66614958077156
2025-04-04,129,129,21:20-21:30,17.237586235030903
2025-04-04,131,132,21:40-22:00,9.33143124753235
2025-04-04,137,138,22:40-23:00,26.41825996183718
2025-04-04,143,144,23:40-24:00,14.667586024476918
2025-04-05,1,3,00:00-00:30,2409.3796753651795
2025-04-05,6,8,00:50-01:20,1021.6382995699319
2025-04-05,12,14,01:50-02:20,903.6538491183052
2025-04-05,18,24,02:50-04:00,287.08663845242785
2025-04-05,27,28,04:20-04:40,86.408420601395
2025-04-05,30,34,04:50-05:40,1520.6768144987384
2025-04-05,46,47,07:30-07:50,48.53077330663814
2025-04-05,50,52,08:10-08:40,97.2884441402066
2025-04-05,55,58,09:00-09:40,27.429937242682172
2025-04-05,61,62,10:00-10:20,83.16363417178991
2025-04-05,64,65,10:30-10:50,140.46436827026105
2025-04-05,104,106,17:10-17:40,34.380619793018155
2025-04-05,113,113,18:40-18:50,2.953171524448635
2025-04-05,118,118,19:30-19:40,22.121872573458802
2025-04-05,124,125,20:30-20:50,104.79429227153935
2025-04-05,130,132,21:30-22:00,43.7002372417424
2025-04-05,137,137,22:40-22:50,6.768753836030953
2025-04-05,139,140,23:00-23:20,42.51502107514142
2025-04-06,6,8,00:50-01:20,914.441948447164
2025-04-06,12,12,01:50-02:00,2.43197723384651
2025-04-06,27,27,04:20-04:30,39.11257402289755
2025-04-06,29,30,04:40-05:00,47.79018034504287
2025-04-06,41,42,06:40-07:00,33.10629940781672
2025-04-06,45,48,07:20-08:00,69.24226775233609
2025-04-06,53,53,08:40-08:50,4.183061636869752
2025-04-06,62,65,10:10-10:50,97.51479597691377
2025-04-06,90,90,14:50-15:00,13.226568656590416
2025-04-06,114,114,18:50-19:00,35.9346966706147
2025-04-06,124,126,20:30-21:00,38.519936504804605
2025-04-06,129,130,21:20-21:40,48.2887032306885
2025-04-06,134,134,22:10-22:20,13.194304697986581
2025-04-06,137,137,22:40-22:50,1.8300171798920246
2025-04-06,139,140,23:00-23:20,16.16878637978698
2025-04-06,142,142,23:30-23:40,9.585354697986418
2025-04-07,6,8,00:50-01:20,872.1886483879456
2025-04-07,17,18,02:40-03:00,5.013744170285463
2025-04-07,21,21,03:20-03:30,17.362282220370616
2025-04-07,25,26,04:00-04:20,27.16310710525817
2025-04-07,29,29,04:40-04:50,26.63409340044729
2025-04-07,42,43,06:50-07:10,4.673788540785438
2025-04-07,46,47,07:30-07:50,27.46822712762969
2025-04-07,58,58,09:30-09:40,4.046077074051027
2025-04-07,63,63,10:20-10:30,8.340524663020005
2025-04-07,65,65,10:40-10:50,3.7471421098637165
2025-04-07,90,90,14:50-15:00,9.867554529731365
2025-04-07,111,111,18:20-18:30,0.05412027898410088
2025-04-07,125,127,20:40-21:10,80.2046226806159
2025-04-07,130,131,21:30-21:50,84.79758474141317
2025-04-07,137,138,22:40-23:00,15.049849381497552
2025-04-07,140,140,23:10-23:20,4.25870778391868
2025-04-07,144,144,23:50-24:00,31.552025746808795
2025-04-08,1,1,00:00-00:10,0.987900164495386
2025-04-08,6,8,00:50-01:20,895.1820762970781
2025-04-08,21,21,03:20-03:30,4.393159810501402
2025-04-08,27,27,04:20-04:30,2.7777404921700963
2025-04-08,38,39,06:10-06:30,76.25515329836617
2025-04-08,43,44,07:00-07:20,42.9737523659129
2025-04-08,46,46,07:30-07:40,17.817245109318776
2025-04-08,49,50,08:00-08:20,51.48642661440374
2025-04-08,52,52,08:30-08:40,6.583129793394164
2025-04-08,57,58,09:20-09:40,62.03891353655581
2025-04-08,62,63,10:10-10:30,93.2934197967777
2025-04-08,89,89,14:40-14:50,0.4184499999998934
2025-04-08,101,101,16:40-16:50,4.104120864587344
2025-04-08,103,104,17:00-17:20,14.684942363656859
2025-04-08,108,111,17:50-18:30,23.583448230029838
2025-04-08,113,113,18:40-18:50,1.2830638627261806
2025-04-08,119,120,19:40-20:00,23.131592742466296
2025-04-08,122,124,20:10-20:40,195.221506959439
2025-04-08,127,128,21:00-21:20,26.65562802342413
2025-04-08,134,134,22:10-22:20,15.73681575865237
2025-04-08,137,138,22:40-23:00,21.08117060139466
2025-04-08,142,143,23:30-23:50,12.695292828003517
2025-04-09,3,3,00:20-00:30,8.864034083431989
2025-04-09,6,8,00:50-01:20,897.6837718910384
2025-04-09,24,24,03:50-04:00,11.359661797604645
2025-04-09,27,27,04:20-04:30,13.04834983160606
2025-04-09,37,39,06:00-06:30,23.540089120748917
2025-04-09,41,42,06:40-07:00,41.26162515556598
2025-04-09,46,48,07:30-08:00,74.14519376421754
2025-04-09,55,56,09:00-09:20,38.6489205111576
2025-04-09,58,58,09:30-09:40,7.2497758426865175
2025-04-09,62,63,10:10-10:30,154.06919673453262
2025-04-09,66,72,10:50-12:00,657.9021382663134
2025-04-09,75,78,12:20-13:00,140.3801487941896
2025-04-09,89,89,14:40-14:50,6.552414501907833
2025-04-09,91,94,15:00-15:40,63.008023806704045
2025-04-09,98,99,16:10-16:30,11.725641985787377
2025-04-09,102,103,16:50-17:10,87.85382489707297
2025-04-09,106,106,17:30-17:40,8.41779008892155
2025-04-09,109,110,18:00-18:20,81.4543600746336
2025-04-09,122,125,20:10-20:50,89.03617662320312
2025-04-09,131,132,21:40-22:00,65.5531063166203
2025-04-09,135,135,22:20-22:30,38.60622187129866
2025-04-09,139,140,23:00-23:20,34.010223259639474
2025-04-09,142,142,23:30-23:40,7.900087248322279
2025-04-10,4,5,00:30-00:50,24.16094106461378
2025-04-10,8,10,01:10-01:40,529.5082061587111
2025-04-10,12,13,01:50-02:10,98.24363069823914
2025-04-10,20,20,03:10-03:20,1.8849740623766138
2025-04-10,22,22,03:30-03:40,14.300158177245635
2025-04-10,36,37,05:50-06:10,41.21118171845933
2025-04-10,40,40,06:30-06:40,27.50626651251082
2025-04-10,43,44,07:00-07:20,36.77212704961198
2025-04-10,56,58,09:10-09:40,132.74592919369093
2025-04-10,61,62,10:00-10:20,17.929854494012716
2025-04-10,87,87,14:20-14:30,5.603333333333239
2025-04-10,90,90,14:50-15:00,13.316908169308022
2025-04-10,96,97,15:50-16:10,72.59988103885826
2025-04-10,102,102,16:50-17:00,21.205376442388854
2025-04-10,107,109,17:40-18:10,42.39490393284801
2025-04-10,112,112,18:30-18:40,26.345938647942358
2025-04-10,116,116,19:10-19:20,21.612718074746567
2025-04-10,122,122,20:10-20:20,35.12599044752983
2025-04-10,124,125,20:30-20:50,69.86279172259515
2025-04-10,129,131,21:20-21:50,49.02141497565435
2025-04-10,134,134,22:10-22:20,3.850119805237682
2025-04-10,139,141,23:00-23:30,47.68816975259904
2025-04-10,144,144,23:50-24:00,46.88109987498348
2025-04-11,1,3,00:00-00:30,2451.8801415383605
2025-04-11,5,8,00:40-01:20,1885.5332397085924
2025-04-11,12,13,01:50-02:10,468.105434102207
2025-04-11,20,21,03:10-03:30,11.914766021845026
2025-04-11,24,24,03:50-04:00,5.655412554283544
2025-04-11,27,31,04:20-05:10,206.38586194706085
2025-04-11,33,36,05:20-06:00,1498.740614594084
2025-04-11,47,49,07:40-08:10,92.55726004643464
2025-04-11,52,54,08:30-09:00,14.101307079878893
2025-04-11,56,56,09:10-09:20,2.6431032485475043
2025-04-11,59,60,09:40-10:00,110.75240743142899
2025-04-11,64,65,10:30-10:50,49.36722800086454
2025-04-11,105,105,17:20-17:30,2.849778424792788
2025-04-11,112,113,18:30-18:50,46.22000445641356
2025-04-11,117,117,19:20-19:30,22.006161994999616
2025-04-11,125,125,20:40-20:50,80.54200117778521
2025-04-11,127,128,21:00-21:20,26.250413876825803
2025-04-11,131,132,21:40-22:00,15.425045742861073
2025-04-11,134,135,22:10-22:30,32.33415675088827
2025-04-11,139,140,23:00-23:20,61.63223661008038
2025-04-11,142,143,23:30-23:50,23.57189107119359
2025-04-12,1,4,00:00-00:40,3270.077212120016
2025-04-12,7,13,01:00-02:10,1630.5099590435882
2025-04-12,22,22,03:30-03:40,14.153771278385534
2025-04-12,26,28,04:10-04:40,61.030386687158256
2025-04-12,31,34,05:00-05:40,1464.5820730466844
2025-04-12,36,36,05:50-06:00,13.239505829714517
2025-04-12,47,50,07:40-08:20,22.533830271840202
2025-04-12,53,55,08:40-09:10,103.43540435489604
2025-04-12,58,61,09:30-10:10,114.51614814261279
2025-04-12,64,65,10:30-10:50,47.07287648656779
2025-04-12,100,100,16:30-16:40,13.176675332280468
2025-04-12,107,108,17:40-18:00,47.40299401142991
2025-04-12,125,125,20:40-20:50,16.65544859755994
2025-04-12,127,128,21:00-21:20,36.7967840571128
2025-04-12,130,130,21:30-21:40,1.2283739373600042
2025-04-12,136,137,22:30-22:50,24.733517397025878
2025-04-12,139,139,23:00-23:10,3.0092274772995893
2025-04-12,143,144,23:40-24:00,30.98364873009615
2025-04-13,6,6,00:50-01:00,825.1742359981577
2025-04-13,15,15,02:20-02:30,21.088712330569706
2025-04-13,31,31,05:00-05:10,2.4699307869456413
2025-04-13,36,36,05:50-06:00,15.248146695053947
2025-04-13,39,42,06:20-07:00,51.40544415336649
2025-04-13,49,49,08:00-08:10,10.983274845374126
2025-04-13,54,54,08:50-09:00,28.94360656101378
2025-04-13,57,59,09:20-09:50,42.03186952418537
2025-04-13,61,61,10:00-10:10,1.8109327552497234
2025-04-13,64,64,10:30-10:40,55.0113083394433
2025-04-13,98,98,16:10-16:20,0.7747213176545529
2025-04-13,100,101,16:30-16:50,34.951648209351106
2025-04-13,103,103,17:00-17:10,1.2257966856539042
2025-04-13,106,107,17:30-17:50,7.768787326339961
2025-04-13,111,112,18:20-18:40,45.06181143383526
2025-04-13,116,116,19:10-19:20,17.208273976838996
2025-04-13,124,128,20:30-21:20,85.58056822382525
2025-04-13,131,132,21:40-22:00,27.23782125937646
2025-04-13,137,138,22:40-23:00,16.99651265956038
2025-04-13,142,142,23:30-23:40,19.238777740492083
2025-04-14,4,5,00:30-00:50,57.40614572970139
2025-04-14,7,9,01:00-01:30,594.97443880774
2025-04-14,14,14,02:10-02:20,3.5050531714698536
2025-04-14,17,17,02:40-02:50,7.413511054086143
2025-04-14,20,20,03:10-03:20,3.591442567329068
2025-04-14,29,30,04:40-05:00,12.699393153234382
2025-04-14,35,36,05:40-06:00,14.022236946590816
2025-04-14,41,42,06:40-07:00,42.07006007745355
2025-04-14,45,45,07:20-07:30,9.585949077886312
2025-04-14,59,60,09:40-10:00,51.65901552271907
2025-04-14,63,64,10:20-10:40,89.9876923956158
2025-04-14,112,112,18:30-18:40,36.16208374128189
2025-04-14,115,116,19:00-19:20,9.030157574305008
2025-04-14,118,119,19:30-19:50,9.685772571578923
2025-04-14,123,124,20:20-20:40,94.1240723535027
2025-04-14,127,130,21:00-21:40,63.84187682589811
2025-04-14,134,134,22:10-22:20,17.218059073562245
2025-04-14,139,139,23:00-23:10,31.71037520068421
2025-04-14,142,143,23:30-23:50,35.70730232925405
2025-04-15,6,8,00:50-01:20,829.0449815046327
2025-04-15,46,47,07:30-07:50,41.04614500122196
2025-04-15,56,57,09:10-09:30,6.459760158290919
2025-04-15,60,62,09:50-10:20,153.95142280281175
2025-04-15,64,65,10:30-10:50,45.90715302389367
2025-04-15,94,94,15:30-15:40,6.456941704735527
2025-04-15,97,97,16:00-16:10,9.199522510480506
2025-04-15,119,119,19:40-19:50,11.076479187111204
2025-04-15,124,124,20:30-20:40,4.243749090104643
2025-04-15,127,127,21:00-21:10,6.592556579813163
2025-04-15,130,131,21:30-21:50,75.02930441505487
2025-04-15,137,137,22:40-22:50,22.077407106198052
2025-04-15,142,142,23:30-23:40,12.22562312804314
2025-04-16,5,6,00:40-01:00,17.90455156599569
2025-04-16,8,11,01:10-01:50,558.5993330043424
2025-04-16,14,15,02:10-02:30,56.61451766476705
2025-04-16,24,24,03:50-04:00,13.764457823397606
2025-04-16,36,36,05:50-06:00,12.62354846972346
2025-04-16,43,43,07:00-07:10,25.227448562780864
2025-04-16,46,46,07:30-07:40,20.505366365875602
2025-04-16,50,50,08:10-08:20,5.910551722030732
2025-04-16,52,53,08:30-08:50,21.781716347075417
2025-04-16,57,59,09:20-09:50,113.2510047233659
2025-04-16,61,63,10:00-10:30,141.87997601420602
2025-04-16,66,67,10:50-11:10,37.754318286240505
2025-04-16,71,73,11:40-12:10,156.7183904038127
2025-04-16,75,77,12:20-12:50,53.890598299587964
2025-04-16,88,88,14:30-14:40,32.700750000000085
2025-04-16,91,92,15:00-15:20,48.24912630327299
2025-04-16,97,97,16:00-16:10,27.79091152783235
2025-04-16,112,113,18:30-18:50,24.138892026206577
2025-04-16,126,127,20:50-21:10,44.58759288722206
2025-04-16,130,130,21:30-21:40,19.80696792341098
2025-04-16,134,134,22:10-22:20,5.935052243716314
2025-04-16,137,138,22:40-23:00,42.588162271351166
2025-04-16,142,142,23:30-23:40,15.488013758389457
2025-04-17,6,8,00:50-01:20,877.1875990854062
2025-04-17,18,18,02:50-03:00,14.412305566521695
2025-04-17,21,21,03:20-03:30,1.2325233583367208
2025-04-17,44,44,07:10-07:20,12.581053810651724
2025-04-17,46,46,07:30-07:40,4.991969681161322
2025-04-17,49,50,08:00-08:20,45.76671871298879
2025-04-17,56,57,09:10-09:30,27.663065660895427
2025-04-17,60,60,09:50-10:00,29.411237636530814
2025-04-17,62,67,10:10-11:10,293.2614247335173
2025-04-17,99,99,16:20-16:30,8.704923462673435
2025-04-17,104,104,17:10-17:20,7.1975174571844605
2025-04-17,108,109,17:50-18:10,9.09076128155943
2025-04-17,117,117,19:20-19:30,2.583034609816991
2025-04-17,120,120,19:50-20:00,3.9432833267535443
2025-04-17,123,123,20:20-20:30,7.364423608369634
2025-04-17,127,129,21:00-21:30,34.13513554415067
2025-04-17,137,137,22:40-22:50,29.124754875641543
2025-04-17,142,144,23:30-24:00,17.36101460718521
2025-04-18,1,1,00:00-00:10,846.3941869324908
2025-04-18,3,9,00:20-01:30,3958.5514671921546
2025-04-18,12,12,01:50-02:00,15.656946308724855
2025-04-18,15,17,02:20-02:50,64.90519100417737
2025-04-18,20,22,03:10-03:40,67.11085666999298
2025-04-18,25,28,04:00-04:40,97.0534095661084
2025-04-18,31,31,05:00-05:10,42.40152730152471
2025-04-18,33,35,05:20-05:50,1627.0995157614725
2025-04-18,45,46,07:20-07:40,45.923066990957636
2025-04-18,49,50,08:00-08:20,112.29539567048289
2025-04-18,52,53,08:30-08:50,73.69905847479936
2025-04-18,57,57,09:20-09:30,7.48551287951409
2025-04-18,59,60,09:40-10:00,36.42389547120865
2025-04-18,64,65,10:30-10:50,42.636079788693905
2025-04-18,110,111,18:10-18:30,27.94984598067407
2025-04-18,125,125,20:40-20:50,14.553522663694821
2025-04-18,130,131,21:30-21:50,84.51311464666406
2025-04-18,137,137,22:40-22:50,18.78381856823279
2025-04-18,139,139,23:00-23:10,32.774051427819415
2025-04-18,142,144,23:30-24:00,30.38705355967886
2025-04-19,1,1,00:00-00:10,858.9528691406765
2025-04-19,4,6,00:30-01:00,2408.892926806159
2025-04-19,8,13,01:10-02:10,1096.1510590381936
2025-04-19,16,23,02:30-03:50,207.50734972740796
2025-04-19,25,25,04:00-04:10,17.35188100407953
2025-04-19,27,29,04:20-04:50,43.771572088432606
2025-04-19,31,34,05:00-05:40,1704.8286180061284
2025-04-19,45,48,07:20-08:00,71.19623057921171
2025-04-19,51,53,08:20-08:50,81.28809394375207
2025-04-19,55,56,09:00-09:20,30.67486378564854
2025-04-19,58,59,09:30-09:50,10.382799871224279
2025-04-19,61,61,10:00-10:10,7.559695435489402
2025-04-19,65,66,10:40-11:00,79.77035825954567
2025-04-19,114,115,18:50-19:10,28.932904974338783
2025-04-19,125,126,20:40-21:00,19.509901493618315
2025-04-19,128,129,21:10-21:30,18.53468131991042
2025-04-19,133,134,22:00-22:20,38.2741116265297
2025-04-19,137,137,22:40-22:50,0.0771557573367545
2025-04-19,142,143,23:30-23:50,61.26218039215689
2025-04-20,4,4,00:30-00:40,9.476869430188344
2025-04-20,6,7,00:50-01:10,813.6198483972894
2025-04-20,14,14,02:10-02:20,13.053609948677604
2025-04-20,29,30,04:40-05:00,30.77329166337688
2025-04-20,33,33,05:20-05:30,22.73367745756036
2025-04-20,39,39,06:20-06:30,9.869416159081197
2025-04-20,46,47,07:30-07:50,43.80178018818265
2025-04-20,50,52,08:10-08:40,95.80229030605517
2025-04-20,55,56,09:00-09:20,33.366487079126955
2025-04-20,64,66,10:30-11:00,101.34986069595652
2025-04-20,99,99,16:20-16:30,38.49012572142982
2025-04-20,103,103,17:00-17:10,24.447676162276764
2025-04-20,106,107,17:30-17:50,32.878542497586125
2025-04-20,125,125,20:40-20:50,3.104617114094026
2025-04-20,128,129,21:10-21:30,45.43577058165522
2025-04-20,133,133,22:00-22:10,1.6113991643635472
2025-04-20,139,139,23:00-23:10,30.282719805237434
2025-04-20,143,144,23:40-24:00,70.78008472167403
2025-04-21,3,3,00:20-00:30,3.7427306224501535
2025-04-21,6,6,00:50-01:00,0.2893216541649508
2025-04-21,8,9,01:10-01:30,465.3326617689321
2025-04-21,16,16,02:30-02:40,3.581496854849206
2025-04-21,19,20,03:00-03:20,29.631579155152053
2025-04-21,23,23,03:40-03:50,12.112191156731228
2025-04-21,26,26,04:10-04:20,10.555645041640673
2025-04-21,28,30,04:30-05:00,26.612177282308064
2025-04-21,32,33,05:10-05:30,20.90049540729035
2025-04-21,38,39,06:10-06:30,25.735733672663628
2025-04-21,55,62,09:00-10:20,140.73593689019253
2025-04-21,68,69,11:10-11:30,118.90857263079829
2025-04-21,109,109,18:00-18:10,13.939831842535924
2025-04-21,121,122,20:00-20:20,12.9697585293178
2025-04-21,124,124,20:30-20:40,41.55627295226873
2025-04-21,127,128,21:00-21:20,44.26531525200676
2025-04-21,133,133,22:00-22:10,2.071504283458353
2025-04-21,136,137,22:30-22:50,47.79481206079754
2025-04-21,142,143,23:30-23:50,33.53683672193711
2025-04-22,4,4,00:30-00:40,9.993829359126039
2025-04-22,7,13,01:00-02:10,648.008594378566
2025-04-22,17,17,02:40-02:50,6.069869166995545
2025-04-22,22,22,03:30-03:40,24.250077725452368
2025-04-22,24,24,03:50-04:00,11.860649931196008
2025-04-22,26,27,04:10-04:30,12.78972111462042
2025-04-22,30,30,04:50-05:00,26.600779049874973
2025-04-22,33,33,05:20-05:30,23.801884535071622
2025-04-22,36,36,05:50-06:00,12.684154497772283
2025-04-22,42,42,06:50-07:00,32.36392716146884
2025-04-22,46,46,07:30-07:40,18.654455230011763
2025-04-22,58,58,09:30-09:40,0.04471270843896491
2025-04-22,61,62,10:00-10:20,86.75963280412839
2025-04-22,64,64,10:30-10:40,17.246284892749145
2025-04-22,68,70,11:10-11:40,134.66891819130387
2025-04-22,72,75,11:50-12:30,83.50680177842969
2025-04-22,87,87,14:20-14:30,9.114158349783224
2025-04-22,91,93,15:00-15:30,65.31808973643138
2025-04-22,111,111,18:20-18:30,26.300606000789685
2025-04-22,125,125,20:40-20:50,15.889259402552852
2025-04-22,127,129,21:00-21:30,57.99020134228215
2025-04-22,134,134,22:10-22:20,11.005700157915498
2025-04-22,139,140,23:00-23:20,52.22311933807089
2025-04-22,143,144,23:40-24:00,32.19594840110551
2025-04-23,1,3,00:00-00:30,66.15447944466405
2025-04-23,6,6,00:50-01:00,857.2983037241742
2025-04-23,11,11,01:40-01:50,2.1118269903935243
2025-04-23,13,13,02:00-02:10,1.8201223911040643
2025-04-23,26,26,04:10-04:20,5.552824115015028
2025-04-23,44,45,07:10-07:30,27.153633385971716
2025-04-23,56,57,09:10-09:30,43.84162976895482
2025-04-23,60,60,09:50-10:00,25.012013844866942
2025-04-23,63,65,10:20-10:50,117.37667270787551
2025-04-23,68,70,11:10-11:40,240.99810772846013
2025-04-23,90,90,14:50-15:00,10.687962625721525
2025-04-23,111,111,18:20-18:30,18.553839320963288
2025-04-23,120,121,19:50-20:10,18.306288755099445
2025-04-23,124,125,20:30-20:50,6.901556046847645
2025-04-23,127,128,21:00-21:20,40.256585800763446
2025-04-23,130,130,21:30-21:40,14.548801822608084
2025-04-23,137,137,22:40-22:50,16.24789815107249
2025-04-23,143,144,23:40-24:00,51.47297462166068
2025-04-24,1,1,00:00-00:10,9.584726885116197
2025-04-24,6,6,00:50-01:00,769.7690012900492
2025-04-24,8,8,01:10-01:20,1.5835536649559572
2025-04-24,12,12,01:50-02:00,3.4048532701671093
2025-04-24,37,38,06:00-06:20,21.424874297369797
2025-04-24,57,61,09:20-10:10,215.699557964394
2025-04-24,64,65,10:30-10:50,75.3456149305357
2025-04-24,68,68,11:10-11:20,34.271740427312125
2025-04-24,106,107,17:30-17:50,28.394970302483074
2025-04-24,110,111,18:10-18:30,22.896137369578742
2025-04-24,123,124,20:20-20:40,22.532174488184637
2025-04-24,127,128,21:00-21:20,48.272650184234635
2025-04-24,130,130,21:30-21:40,9.200066581129136
2025-04-24,134,134,22:10-22:20,21.21844621002765
2025-04-24,140,141,23:10-23:30,12.397516745624557
2025-04-24,143,144,23:40-24:00,37.25540292801679
2025-04-25,1,5,00:00-00:50,3251.5708699499933
2025-04-25,8,9,01:10-01:30,1077.2631332547355
2025-04-25,11,13,01:40-02:10,507.3140204124934
2025-04-25,25,26,04:00-04:20,136.39680063636206
2025-04-25,29,31,04:40-05:10,60.86308294888421
2025-04-25,33,34,05:20-05:40,1639.4967837074428
2025-04-25,44,46,07:10-07:40,100.65128195909233
2025-04-25,53,55,08:40-09:10,73.23516877596683
2025-04-25,58,58,09:30-09:40,32.51270394882749
2025-04-25,62,63,10:10-10:30,94.77099744515272
2025-04-25,106,106,17:30-17:40,0.025380221081690024
2025-04-25,122,123,20:10-20:30,12.086501355441385
2025-04-25,126,126,20:50-21:00,18.66172493749167
2025-04-25,129,129,21:20-21:30,16.739081787077225
2025-04-25,133,133,22:00-22:10,7.744426694301637
2025-04-25,137,137,22:40-22:50,40.66456959468354
2025-04-25,142,142,23:30-23:40,45.41231054086052
2025-04-26,1,5,00:00-00:50,4076.764998308988
2025-04-26,7,7,01:00-01:10,6.564016627187755
2025-04-26,10,13,01:30-02:10,894.8926304513755
2025-04-26,15,16,02:20-02:40,95.22820994209764
2025-04-26,18,18,02:50-03:00,33.691083656881005
2025-04-26,20,20,03:10-03:20,4.914316804842542
2025-04-26,26,27,04:10-04:30,132.38159253849182
2025-04-26,30,31,04:50-05:10,120.06833597089843
2025-04-26,33,36,05:20-06:00,1606.554419127517
2025-04-26,45,45,07:20-07:30,14.448077894647895
2025-04-26,48,51,07:50-08:30,87.42799272930642
2025-04-26,53,54,08:40-09:00,13.1720448874853
2025-04-26,57,58,09:20-09:40,20.144321810200836
2025-04-26,61,62,10:00-10:20,33.7386122572525
2025-04-26,99,99,16:20-16:30,6.163333333333412
2025-04-26,103,103,17:00-17:10,30.306746314364602
2025-04-26,106,106,17:30-17:40,16.117338742879696
2025-04-26,112,112,18:30-18:40,19.302619095557645
2025-04-26,125,126,20:40-21:00,87.35792251893844
2025-04-26,129,131,21:20-21:50,54.34118380918591
2025-04-26,134,135,22:10-22:30,54.003247210159145
2025-04-26,141,142,23:20-23:40,19.290039242005378
2025-04-27,3,4,00:20-00:40,73.12853919594681
2025-04-27,6,8,00:50-01:20,1088.45303128352
2025-04-27,22,23,03:30-03:50,26.94675889590735
2025-04-27,26,26,04:10-04:20,36.724721509409164
2025-04-27,35,36,05:40-06:00,51.146074786155964
2025-04-27,39,39,06:20-06:30,11.387595454288999
2025-04-27,43,45,07:00-07:30,28.22668342263097
2025-04-27,49,50,08:00-08:20,62.59248479875146
2025-04-27,54,55,08:50-09:10,3.4397372229427674
2025-04-27,58,59,09:30-09:50,34.88805297877502
2025-04-27,63,65,10:20-10:50,173.2060974310525
2025-04-27,68,69,11:10-11:30,16.074537266181324
2025-04-27,90,92,14:50-15:20,52.91552815596003
2025-04-27,97,98,16:00-16:20,43.50061356193464
2025-04-27,101,105,16:40-17:30,148.4337386065575
2025-04-27,108,109,17:50-18:10,80.8052535382462
2025-04-27,112,112,18:30-18:40,55.16324998308031
2025-04-27,118,119,19:30-19:50,6.618546474160439
2025-04-27,122,124,20:10-20:40,336.22446055683974
2025-04-27,127,128,21:00-21:20,46.48003467561534
2025-04-27,130,130,21:30-21:40,1.6239914594024185
2025-04-27,134,135,22:10-22:30,22.43097116725869
2025-04-27,139,139,23:00-23:10,24.377476371891248
2025-04-27,143,144,23:40-24:00,83.51624088037875
2025-04-28,6,7,00:50-01:10,862.7719199541368
2025-04-28,11,12,01:40-02:00,40.327798888011785
2025-04-28,14,14,02:10-02:20,11.021919443347883
2025-04-28,27,27,04:20-04:30,18.59651533096462
2025-04-28,35,36,05:40-06:00,43.918207867576825
2025-04-28,51,51,08:20-08:30,86.2196754826764
2025-04-28,54,57,08:50-09:30,116.43748504032476
2025-04-28,60,87,09:50-14:30,3835.509280956142
2025-04-28,90,90,14:50-15:00,6.129733999774089
2025-04-28,93,98,15:20-16:20,297.9813740604966
2025-04-28,100,102,16:30-17:00,53.47735527136996
2025-04-28,105,108,17:20-18:00,56.86940186678741
2025-04-28,110,111,18:10-18:30,28.061633559866742
2025-04-28,113,113,18:40-18:50,335.1759711975934
2025-04-28,122,126,20:10-21:00,326.53565906769563
2025-04-28,129,133,21:20-22:10,30.868981497565414
2025-04-28,137,137,22:40-22:50,4.208722331885724
2025-04-28,140,141,23:10-23:30,13.318219634162347
2025-04-28,143,144,23:40-24:00,48.6799521976576
2025-04-29,6,6,00:50-01:00,792.9945775759969
2025-04-29,24,24,03:50-04:00,4.414889459139431
2025-04-29,28,28,04:30-04:40,0.08126591186828591
2025-04-29,56,59,09:10-09:50,91.41424489782503
2025-04-29,61,61,10:00-10:10,18.26539701182446
2025-04-29,65,69,10:40-11:30,190.41832435846823
2025-04-29,89,90,14:40-15:00,40.02982321828074
2025-04-29,93,94,15:20-15:40,64.9259032833271
2025-04-29,98,99,16:10-16:30,58.917934272366494
2025-04-29,103,103,17:00-17:10,5.130488930874435
2025-04-29,107,109,17:40-18:10,47.82239636700335
2025-04-29,112,112,18:30-18:40,34.55473383527928
2025-04-29,116,116,19:10-19:20,11.819229644878305
2025-04-29,122,124,20:10-20:40,350.6098157426722
2025-04-29,126,127,20:50-21:10,5.683673779444575
2025-04-29,130,131,21:30-21:50,27.063774536123105
2025-04-29,134,135,22:10-22:30,14.790989485458681
2025-04-29,142,142,23:30-23:40,31.802970009211663
2025-04-30,6,6,00:50-01:00,605.9820667615478
2025-04-30,8,8,01:10-01:20,4.53320278326089
2025-04-30,14,16,02:10-02:40,30.971038399789563
2025-04-30,20,20,03:10-03:20,3.11609250559286
2025-04-30,37,37,06:00-06:10,21.066325656571507
2025-04-30,40,41,06:30-06:50,26.243843982290798
2025-04-30,43,43,07:00-07:10,3.84002350121267
2025-04-30,54,55,08:50-09:10,78.75556222247337
2025-04-30,60,71,09:50-11:50,965.5798334724509
2025-04-30,73,75,12:00-12:30,82.58980264320508
2025-04-30,116,116,19:10-19:20,20.43824981576529
2025-04-30,120,120,19:50-20:00,3.562919083337988
2025-04-30,124,127,20:30-21:10,83.99449960646157
2025-04-30,134,134,22:10-22:20,11.310849749967133
2025-04-30,137,137,22:40-22:50,7.704105448085102
2025-04-30,142,144,23:30-24:00,67.61257270693511
2025-05-01,1,1,00:00-00:10,3.5198634754574414
2025-05-01,3,3,00:20-00:30,8.675834320305512
2025-05-01,6,7,00:50-01:10,836.891591051454
2025-05-01,14,14,02:10-02:20,0.2320851625212299
2025-05-01,19,20,03:00-03:20,29.27158559678901
2025-05-01,22,24,03:30-04:00,35.47215091506935
2025-05-01,26,28,04:10-04:40,38.14241942343505
2025-05-01,32,32,05:10-05:20,17.04248494256769
2025-05-01,35,36,05:40-06:00,9.589472241265454
2025-05-01,40,41,06:30-06:50,44.39985807061072
2025-05-01,43,43,07:00-07:10,16.093069871035652
2025-05-01,46,47,07:30-07:50,51.459775763727976
2025-05-01,51,51,08:20-08:30,12.858660867031176
2025-05-01,55,56,09:00-09:20,15.136199328858993
2025-05-01,63,63,10:20-10:30,19.454850109976405
2025-05-01,66,68,10:50-11:20,125.76391838681707
2025-05-01,70,70,11:30-11:40,19.048540465850465
2025-05-01,90,90,14:50-15:00,3.9737149624953645
2025-05-01,96,96,15:50-16:00,10.672446750512336
2025-05-01,102,102,16:50-17:00,1.0643699960518802
2025-05-01,104,105,17:10-17:30,56.4961651091306
2025-05-01,107,108,17:40-18:00,47.58320790611549
2025-05-01,110,113,18:10-18:50,288.56095849265904
2025-05-01,115,116,19:00-19:20,69.06381281089591
2025-05-01,118,119,19:30-19:50,53.500267377286605
2025-05-01,122,133,20:10-22:10,1295.40537886282
2025-05-01,136,137,22:30-22:50,28.11810846821936
2025-05-01,140,141,23:10-23:30,51.66324792735895
2025-05-01,144,144,23:50-24:00,5.5049828595867325
2025-05-02,1,1,00:00-00:10,825.2398405448084
2025-05-02,3,10,00:20-01:40,4295.592009302136
2025-05-02,12,13,01:50-02:10,705.2488858714505
2025-05-02,18,18,02:50-03:00,12.729327543097781
2025-05-02,26,27,04:10-04:30,93.41291066681701
2025-05-02,30,32,04:50-05:20,53.09825965258574
2025-05-02,34,36,05:30-06:00,833.1131256537515
2025-05-02,45,45,07:20-07:30,15.953349545992864
2025-05-02,48,49,07:50-08:10,14.40137805632321
2025-05-02,52,53,08:30-08:50,12.15115658263312
2025-05-02,57,59,09:20-09:50,66.17311963416205
2025-05-02,61,64,10:00-10:40,66.96354109469303
2025-05-02,69,69,11:20-11:30,33.22102092380578
2025-05-02,98,100,16:10-16:40,120.967849083526
2025-05-02,104,104,17:10-17:20,14.652023283138817
2025-05-02,107,108,17:40-18:00,84.44151717425433
2025-05-02,112,112,18:30-18:40,144.5009273983399
2025-05-02,115,116,19:00-19:20,46.41826223281396
2025-05-02,118,119,19:30-19:50,61.605362963171956
2025-05-02,122,128,20:10-21:20,1363.5349831490973
2025-05-02,130,131,21:30-21:50,158.07372287988892
2025-05-02,133,135,22:00-22:30,23.145063370180424
2025-05-02,138,139,22:50-23:10,29.108051335702044
2025-05-02,142,143,23:30-23:50,74.62890924463738
2025-05-03,1,9,00:00-01:30,5170.527423391964
2025-05-03,12,13,01:50-02:10,630.5490483247495
2025-05-03,24,24,03:50-04:00,12.187499013028116
2025-05-03,27,27,04:20-04:30,57.307889853928145
2025-05-03,30,31,04:50-05:10,43.711928796082134
2025-05-03,33,35,05:20-05:50,1643.1505212565564
2025-05-03,46,46,07:30-07:40,52.87830810914977
2025-05-03,49,50,08:00-08:20,22.145555398266765
2025-05-03,52,52,08:30-08:40,17.18122071889161
2025-05-03,55,56,09:00-09:20,46.32315315830988
2025-05-03,58,59,09:30-09:50,99.98157315718254
2025-05-03,62,62,10:10-10:20,3.728205270430408
2025-05-03,105,105,17:20-17:30,0.3920682937603601
2025-05-03,110,111,18:10-18:30,80.72939497302247
2025-05-03,114,114,18:50-19:00,71.48980633072017
2025-05-03,118,120,19:30-20:00,78.0251296223189
2025-05-03,123,131,20:20-21:50,1066.5400395413762
2025-05-03,134,135,22:10-22:30,47.948770555336125
2025-05-03,139,141,23:00-23:30,33.92553625477029
2025-05-03,144,144,23:50-24:00,18.465206290301467
2025-05-04,1,4,00:00-00:40,63.26281934465055
2025-05-04,6,7,00:50-01:10,71.36844500592179
2025-05-04,9,9,01:20-01:30,497.9807007501005
2025-05-04,11,12,01:40-02:00,118.48295014475593
2025-05-04,14,14,02:10-02:20,11.876524147914097
2025-05-04,16,19,02:30-03:10,124.031764824319
2025-05-04,25,25,04:00-04:10,14.224651742710535
2025-05-04,32,32,05:10-05:20,3.7803000930572113
2025-05-04,55,56,09:00-09:20,27.106507253774453
2025-05-04,60,62,09:50-10:20,58.96834687176852
2025-05-04,65,66,10:40-11:00,134.77296818660375
2025-05-04,68,69,11:10-11:30,51.68346806628642
2025-05-04,106,109,17:30-18:10,33.34880662399193
2025-05-04,112,113,18:30-18:50,119.94392522230407
2025-05-04,115,115,19:00-19:10,1.3914710507021937
2025-05-04,118,118,19:30-19:40,1.1472239834189395
2025-05-04,121,132,20:00-22:00,698.2404162132284
2025-05-04,136,136,22:30-22:40,14.517389031451557
2025-05-04,139,139,23:00-23:10,16.75713972233177
2025-05-04,142,142,23:30-23:40,11.407176812738612
2025-05-05,1,3,00:00-00:30,86.89081382418772
2025-05-05,6,6,00:50-01:00,838.418210948809
2025-05-05,9,10,01:20-01:40,244.7114527617332
2025-05-05,13,14,02:00-02:20,49.875090913278086
2025-05-05,16,17,02:30-02:50,20.1672070140811
2025-05-05,29,30,04:40-05:00,17.32043046077484
2025-05-05,33,33,05:20-05:30,10.438027865508818
2025-05-05,37,38,06:00-06:20,1.8327422160808737
2025-05-05,40,41,06:30-06:50,35.42609290132185
2025-05-05,43,47,07:00-07:50,106.47483782358586
2025-05-05,53,53,08:40-08:50,4.879940455511132
2025-05-05,56,57,09:10-09:30,91.55520910869211
2025-05-05,59,60,09:40-10:00,17.071152459909854
2025-05-05,66,66,10:50-11:00,61.13957249544114
2025-05-05,69,69,11:20-11:30,24.009833365292707
2025-05-05,100,101,16:30-16:50,34.27305035155041
2025-05-05,103,106,17:00-17:40,75.03543120053374
2025-05-05,109,110,18:00-18:20,115.50498482601132
2025-05-05,112,113,18:30-18:50,21.791681256932343
2025-05-05,117,117,19:20-19:30,12.584995334912719
2025-05-05,121,127,20:00-21:10,536.2126226212299
2025-05-05,133,133,22:00-22:10,12.914570858007664
2025-05-05,136,136,22:30-22:40,1.1822170285563516
2025-05-05,139,141,23:00-23:30,58.25662126595637
2025-05-06,4,5,00:30-00:50,68.45825249374934
2025-05-06,8,9,01:10-01:30,573.3518401894987
2025-05-06,11,15,01:40-02:30,305.2368595527523
2025-05-06,18,20,02:50-03:20,53.960816248971014
2025-05-06,22,22,03:30-03:40,13.508038033524485
2025-05-06,25,27,04:00-04:30,47.30230497433849
2025-05-06,30,32,04:50-05:20,132.41444303731765
2025-05-06,37,37,06:00-06:10,3.6040303272988012
2025-05-06,40,40,06:30-06:40,23.493924169533557
2025-05-06,45,45,07:20-07:30,20.083956549734012
2025-05-06,47,48,07:40-08:00,23.21126052864122
2025-05-06,50,51,08:10-08:30,77.06367937228629
2025-05-06,55,58,09:00-09:40,229.2662528001806
2025-05-06,61,61,10:00-10:10,19.974589592615757
2025-05-06,65,66,10:40-11:00,97.86901382888732
2025-05-06,69,69,11:20-11:30,43.87401742240513
2025-05-06,106,106,17:30-17:40,24.99277570544976
2025-05-06,109,109,18:00-18:10,4.3609737164668445
2025-05-06,112,112,18:30-18:40,33.85966596920664
2025-05-06,116,116,19:10-19:20,28.53810151335699
2025-05-06,120,120,19:50-20:00,27.130228977496927
2025-05-06,123,125,20:20-20:50,157.31764109563494
2025-05-06,128,129,21:10-21:30,68.18030796815367
2025-05-06,131,132,21:40-22:00,92.91245459270954
2025-05-06,135,135,22:20-22:30,40.8016690353993
2025-05-06,143,144,23:40-24:00,27.693334313725472
2025-05-07,4,5,00:30-00:50,61.35041926569306
2025-05-07,7,13,01:00-02:10,974.6853925206248
2025-05-07,18,18,02:50-03:00,2.896298197131159
2025-05-07,31,32,05:00-05:20,15.92641493523595
2025-05-07,40,40,06:30-06:40,27.495992062865355
2025-05-07,54,54,08:50-09:00,29.916246522098618
2025-05-07,59,60,09:40-10:00,53.87684495140297
2025-05-07,62,63,10:10-10:30,85.54666005959484
2025-05-07,66,66,10:50-11:00,51.938373216400805
2025-05-07,88,88,14:30-14:40,0.5117447088902054
2025-05-07,90,90,14:50-15:00,5.978939202526135
2025-05-07,99,100,16:20-16:40,36.14843517944064
2025-05-07,103,105,17:00-17:30,91.05832616603672
2025-05-07,108,109,17:50-18:10,26.35604229221906
2025-05-07,112,114,18:30-19:00,81.35417256499929
2025-05-07,117,117,19:20-19:30,33.37801006053428
2025-05-07,122,124,20:10-20:40,332.2347769910009
2025-05-07,127,129,21:00-21:30,35.2709777602314
2025-05-07,131,132,21:40-22:00,19.651832839847316
2025-05-07,137,138,22:40-23:00,30.643415469140677
2025-05-07,143,144,23:40-24:00,32.53143925516508
2025-05-08,2,3,00:10-00:30,63.65355830372414
2025-05-08,6,8,00:50-01:20,932.9626247664168
2025-05-08,16,16,02:30-02:40,5.75272852348985
2025-05-08,30,31,04:50-05:10,47.24958216870641
2025-05-08,60,61,09:50-10:10,52.43582532476057
2025-05-08,63,67,10:20-11:10,247.82561926009748
2025-05-08,69,69,11:20-11:30,12.939543971950798
2025-05-08,73,74,12:00-12:20,65.08072709567045
2025-05-08,87,88,14:20-14:40,88.09772069069243
2025-05-08,91,91,15:00-15:10,1.3669309401611827
2025-05-08,94,94,15:30-15:40,1.1964740257177482
2025-05-08,107,107,17:40-17:50,0.5363360564356583
2025-05-08,121,122,20:00-20:20,75.71935094467335
2025-05-08,124,124,20:30-20:40,8.70249655029636
2025-05-08,126,128,20:50-21:20,34.35804294644038
2025-05-08,130,131,21:30-21:50,66.1212861165942
2025-05-08,139,139,23:00-23:10,16.555715199368365
2025-05-08,142,142,23:30-23:40,51.667762429266986
2025-05-09,1,5,00:00-00:50,4080.0653012830635
2025-05-09,9,9,01:20-01:30,800.6100447427294
2025-05-09,11,11,01:40-01:50,3.1508268653770983
2025-05-09,16,16,02:30-02:40,6.128859014343902
2025-05-09,19,20,03:00-03:20,12.06474706789742
2025-05-09,26,27,04:10-04:30,76.1533823219219
2025-05-09,30,30,04:50-05:00,9.128273295358497
2025-05-09,32,34,05:10-05:40,1661.3748790953618
2025-05-09,48,48,07:50-08:00,9.656182205365212
2025-05-09,50,55,08:10-09:10,96.65232072265155
2025-05-09,60,61,09:50-10:10,30.412086487883926
2025-05-09,64,66,10:30-11:00,130.8907921625032
2025-05-09,102,102,16:50-17:00,24.043050236873228
2025-05-09,120,120,19:50-20:00,11.18117449664419
2025-05-09,125,125,20:40-20:50,5.950695380971069
2025-05-09,128,129,21:10-21:30,38.316604303197664
2025-05-09,137,137,22:40-22:50,6.475598019476308
2025-05-09,139,140,23:00-23:20,8.296887281221359
2025-05-09,144,144,23:50-24:00,29.844810902750396
2025-05-10,1,6,00:00-01:00,4448.646893119871
2025-05-10,15,15,02:20-02:30,9.932906303460868
2025-05-10,19,19,03:00-03:10,12.992210593499124
2025-05-10,25,25,04:00-04:10,34.129752980655496
2025-05-10,27,29,04:20-04:50,46.57871911059732
2025-05-10,31,33,05:00-05:30,879.112561794785
2025-05-10,45,47,07:20-07:50,172.20687832609553
2025-05-10,52,53,08:30-08:50,136.1975865057433
2025-05-10,58,58,09:30-09:40,18.05673156994385
2025-05-10,61,62,10:00-10:20,90.11082479931542
2025-05-10,64,64,10:30-10:40,67.59185033275048
2025-05-10,98,98,16:10-16:20,12.673460304927517
2025-05-10,100,101,16:30-16:50,17.06185772188087
2025-05-10,125,126,20:40-21:00,57.13647155264766
2025-05-10,129,129,21:20-21:30,29.610950690880486
2025-05-10,134,134,22:10-22:20,6.677775845506005
2025-05-10,137,138,22:40-23:00,9.924449249901272
2025-05-10,144,144,23:50-24:00,45.00103114883552
2025-05-11,6,6,00:50-01:00,842.2378293196474
2025-05-11,8,8,01:10-01:20,30.103643620479488
2025-05-11,12,13,01:50-02:10,88.21105891597108
2025-05-11,16,16,02:30-02:40,60.908286531122485
2025-05-11,19,19,03:00-03:10,1.7085712102310708
2025-05-11,24,24,03:50-04:00,4.355794183445255
2025-05-11,28,28,04:30-04:40,3.99335171075154
2025-05-11,31,31,05:00-05:10,43.255605731017226
2025-05-11,57,59,09:20-09:50,138.51262950952196
2025-05-11,61,61,10:00-10:10,20.930750145695583
2025-05-11,64,65,10:30-10:50,72.71787762581539
2025-05-11,67,68,11:00-11:20,36.874662971631324
2025-05-11,86,87,14:10-14:30,19.290133757261287
2025-05-11,111,112,18:20-18:40,22.06610476942425
2025-05-11,116,117,19:10-19:30,57.40742980655307
2025-05-11,123,124,20:20-20:40,34.50267595266246
2025-05-11,126,131,20:50-21:50,14.765033320173416
2025-05-11,134,134,22:10-22:20,38.6530790301357
2025-05-11,141,141,23:20-23:30,3.4828977497038522
2025-05-12,6,6,00:50-01:00,673.0954090178609
2025-05-12,10,10,01:30-01:40,12.610516739044783
2025-05-12,13,13,02:00-02:10,16.565956374294956
2025-05-12,18,19,02:50-03:10,23.46927116725874
2025-05-12,36,36,05:50-06:00,28.748017455304193
2025-05-12,53,53,08:40-08:50,45.201279807493165
2025-05-12,55,55,09:00-09:10,0.9866987310363129
2025-05-12,58,59,09:30-09:50,75.09728392363695
2025-05-12,62,65,10:10-10:50,113.79707014174824
2025-05-12,71,71,11:40-11:50,49.94185024627336
2025-05-12,102,103,16:50-17:10,10.715287934502953
2025-05-12,111,111,18:20-18:30,11.360241361645357
2025-05-12,116,116,19:10-19:20,16.251162100276474
2025-05-12,125,126,20:40-21:00,53.107375468576606
2025-05-12,129,131,21:20-21:50,51.48865113830766
2025-05-12,137,137,22:40-22:50,6.73543525463856
2025-05-13,6,6,00:50-01:00,451.6361101150534
2025-05-13,12,12,01:50-02:00,0.05213120147391237
2025-05-13,26,26,04:10-04:20,8.912070831688276
2025-05-13,35,36,05:40-06:00,36.636016269997896
2025-05-13,58,59,09:30-09:50,32.57026584419032
2025-05-13,61,63,10:00-10:30,84.8357392420055
2025-05-13,71,72,11:40-12:00,36.2027995582132
2025-05-13,115,115,19:00-19:10,6.957602765400566
2025-05-13,126,127,20:50-21:10,59.6623752928017
2025-05-13,134,134,22:10-22:20,12.351529010396234
2025-05-13,137,137,22:40-22:50,1.9347692854321394
2025-05-13,139,140,23:00-23:20,16.430413218844592
2025-05-14,6,6,00:50-01:00,456.4184841200887
2025-05-14,21,24,03:20-04:00,27.71539676273185
2025-05-14,26,26,04:10-04:20,15.751205672412384
2025-05-14,29,29,04:40-04:50,26.721290613426543
2025-05-14,36,36,05:50-06:00,18.978617255090057
2025-05-14,39,40,06:20-06:40,51.47417119733814
2025-05-14,56,57,09:10-09:30,64.79441993213368
2025-05-14,59,63,09:40-10:30,116.84352516684567
2025-05-14,65,65,10:40-10:50,1.3131617778656164
2025-05-14,104,104,17:10-17:20,8.977719627582417
2025-05-14,127,129,21:00-21:30,25.70212264771692
2025-05-14,136,136,22:30-22:40,3.9569948545863554
2025-05-14,139,139,23:00-23:10,38.876329069614144
2025-05-14,142,143,23:30-23:50,48.550201914725676
2025-05-15,6,6,00:50-01:00,664.3383777199394
2025-05-15,12,12,01:50-02:00,36.15257533886029
2025-05-15,17,17,02:40-02:50,15.648002618765531
2025-05-15,27,28,04:20-04:40,3.9164046190287536
2025-05-15,36,36,05:50-06:00,47.00533820051521
2025-05-15,39,39,06:20-06:30,1.5802632160244343
2025-05-15,42,42,06:50-07:00,51.462782884965804
2025-05-15,45,46,07:20-07:40,35.421699757486635
2025-05-15,55,59,09:00-09:50,104.92484868215706
2025-05-15,61,63,10:00-10:30,85.07888086778348
2025-05-15,87,87,14:20-14:30,11.68958333333353
2025-05-15,90,90,14:50-15:00,32.34180019269513
2025-05-15,96,99,15:50-16:30,83.48474124884876
2025-05-15,104,105,17:10-17:30,69.67805534545346
2025-05-15,125,127,20:40-21:10,106.03416385708647
2025-05-15,131,131,21:40-21:50,1.8080464337411968
2025-05-15,134,134,22:10-22:20,4.967369594683646
2025-05-15,139,140,23:00-23:20,77.37618819581496
2025-05-15,143,144,23:40-24:00,25.2898616725883
2025-05-16,1,3,00:00-00:30,2467.7391806487694
2025-05-16,5,9,00:40-01:30,1835.4225228114801
2025-05-16,13,13,02:00-02:10,1.5894973351757358
2025-05-16,27,31,04:20-05:10,115.40640208956084
2025-05-16,34,36,05:30-06:00,824.9745698531763
2025-05-16,46,47,07:30-07:50,30.51401384768667
2025-05-16,50,50,08:10-08:20,12.949705660519044
2025-05-16,53,55,08:40-09:10,79.57618860188404
2025-05-16,59,60,09:40-10:00,109.182458971105
2025-05-16,126,128,20:50-21:20,137.61087331227782
2025-05-16,137,137,22:40-22:50,8.613279023555776
2025-05-16,142,142,23:30-23:40,43.33295821818649
2025-05-17,1,6,00:00-01:00,4784.678639527861
2025-05-17,13,14,02:00-02:20,7.83903535333593
2025-05-17,21,22,03:20-03:40,39.49179408474788
2025-05-17,25,27,04:00-04:30,51.812266824582025
2025-05-17,29,31,04:40-05:10,66.8803064923957
2025-05-17,34,36,05:30-06:00,811.4089690833382
2025-05-17,44,45,07:10-07:30,52.902276907675855
2025-05-17,48,48,07:50-08:00,38.91544027033626
2025-05-17,52,53,08:30-08:50,62.366368777846674
2025-05-17,55,55,09:00-09:10,39.57587465080019
2025-05-17,58,63,09:30-10:30,82.96898419434865
2025-05-17,101,102,16:40-17:00,41.2312266501234
2025-05-17,106,106,17:30-17:40,3.1890269753539826
2025-05-17,118,118,19:30-19:40,10.426166123362009
2025-05-17,123,123,20:20-20:30,5.127639821028765
2025-05-17,127,127,21:00-21:10,8.959318851164653
2025-05-17,131,131,21:40-21:50,11.096262146334993
2025-05-17,137,137,22:40-22:50,42.46217410185528
2025-05-17,142,143,23:30-23:50,22.178131017238968
2025-05-18,6,6,00:50-01:00,572.4395590181053
2025-05-18,10,10,01:30-01:40,21.28472971443614
2025-05-18,13,14,02:00-02:20,66.71442985756823
2025-05-18,17,18,02:40-03:00,26.188838205400316
2025-05-18,22,23,03:30-03:50,30.7250111076645
2025-05-18,25,25,04:00-04:10,6.973618535358375
2025-05-18,27,27,04:20-04:30,4.385102645084885
2025-05-18,33,33,05:20-05:30,0.7228431842535201
2025-05-18,35,36,05:40-06:00,0.8372217763615311
2025-05-18,42,42,06:50-07:00,30.187565592277224
2025-05-18,46,47,07:30-07:50,68.73384670445364
2025-05-18,50,51,08:10-08:30,47.85419043671152
2025-05-18,55,56,09:00-09:20,16.45829076852192
2025-05-18,59,60,09:40-10:00,61.72973064501002
2025-05-18,62,63,10:10-10:30,74.09462385464212
2025-05-18,66,66,10:50-11:00,32.63216116218314
2025-05-18,72,74,11:50-12:20,297.7074603387671
2025-05-18,127,128,21:00-21:20,64.57656475852082
2025-05-18,130,130,21:30-21:40,15.038724930911599
2025-05-18,134,134,22:10-22:20,14.299270075009758
2025-05-18,139,139,23:00-23:10,39.398172733254114
2025-05-18,143,144,23:40-24:00,18.107364251875083
2025-05-19,6,6,00:50-01:00,492.5260502002137
2025-05-19,12,12,01:50-02:00,5.8295913936042325
2025-05-19,38,39,06:10-06:30,16.66908894497402
2025-05-19,54,56,08:50-09:20,112.15977218994976
2025-05-19,59,60,09:40-10:00,87.43277456620285
2025-05-19,63,64,10:20-10:40,202.79771464008377
2025-05-19,68,68,11:10-11:20,43.872748590980336
2025-05-19,96,96,15:50-16:00,4.234741883330344
2025-05-19,108,108,17:50-18:00,18.065051440039014
2025-05-19,123,124,20:20-20:40,91.17328887165638
2025-05-19,127,129,21:00-21:30,115.12103961047524
2025-05-19,139,140,23:00-23:20,86.53925098697198
2025-05-19,143,144,23:40-24:00,28.522633214896473
2025-05-20,1,2,00:00-00:20,19.878798105013402
2025-05-20,6,6,00:50-01:00,595.3227935236778
2025-05-20,45,45,07:20-07:30,3.1946163028970886
2025-05-20,56,57,09:10-09:30,27.301313759329332
2025-05-20,59,60,09:40-10:00,42.39160808189058
2025-05-20,63,66,10:20-11:00,71.07915467166708
2025-05-20,69,70,11:20-11:40,54.37085736939139
2025-05-20,73,74,12:00-12:20,36.8112752768227
2025-05-20,85,85,14:00-14:10,14.661533333333182
2025-05-20,88,88,14:30-14:40,27.72198625978399
2025-05-20,93,94,15:20-15:40,66.70701166600838
2025-05-20,98,100,16:10-16:40,24.171593702178598
2025-05-20,109,109,18:00-18:10,16.35902259883818
2025-05-20,114,114,18:50-19:00,16.55631387682604
2025-05-20,125,125,20:40-20:50,23.610891134171993
2025-05-20,129,130,21:20-21:40,94.00657080536928
2025-05-20,133,133,22:00-22:10,15.570400697460173
2025-05-20,137,137,22:40-22:50,29.55710921173852
2025-05-20,140,140,23:10-23:20,6.992398328727404
2025-05-20,142,142,23:30-23:40,17.993821989735466
2025-05-21,5,6,00:40-01:00,658.7668436277114
2025-05-21,8,8,01:10-01:20,2.262287912883153
2025-05-21,17,18,02:40-03:00,39.115748387945814
2025-05-21,21,21,03:20-03:30,22.79071522568745
2025-05-21,28,29,04:30-04:50,14.33820854811735
2025-05-21,58,64,09:30-10:40,367.1053527791048
2025-05-21,70,70,11:30-11:40,41.13734499652196
2025-05-21,90,90,14:50-15:00,2.1230307277273823
2025-05-21,92,94,15:10-15:40,70.7587478371214
2025-05-21,97,97,16:00-16:10,2.231327977365936
2025-05-21,100,102,16:30-17:00,21.29796742522535
2025-05-21,107,108,17:40-18:00,39.62534377549596
2025-05-21,111,111,18:20-18:30,34.00132719530763
2025-05-21,125,126,20:40-21:00,51.520760422423905
2025-05-21,130,130,21:30-21:40,49.133547920778824
2025-05-21,134,134,22:10-22:20,48.08621920647465
2025-05-21,140,142,23:10-23:40,50.89437243716293
2025-05-22,6,8,00:50-01:20,836.5596821795901
2025-05-22,25,25,04:00-04:10,20.422212447126398
2025-05-22,40,42,06:30-07:00,21.128566113962393
2025-05-22,54,54,08:50-09:00,12.270594909104375
2025-05-22,57,57,09:20-09:30,41.28323322147685
2025-05-22,59,61,09:40-10:10,147.3088566258716
2025-05-22,66,66,10:50-11:00,9.130655590021433
2025-05-22,68,68,11:10-11:20,21.198258835749584
2025-05-22,70,70,11:30-11:40,10.174535483992486
2025-05-22,90,90,14:50-15:00,33.2682755296745
2025-05-22,98,98,16:10-16:20,6.290516258718526
2025-05-22,109,110,18:00-18:20,41.853087247382334
2025-05-22,126,126,20:50-21:00,15.606237715489101
2025-05-22,130,131,21:30-21:50,54.1954428411633
2025-05-22,134,134,22:10-22:20,7.5585438281353845
2025-05-22,139,139,23:00-23:10,12.17225736281091
2025-05-22,143,144,23:40-24:00,13.226799453875628
2025-05-23,1,3,00:00-00:30,2447.932008126069
2025-05-23,5,7,00:40-01:10,1706.5136860705356
2025-05-23,9,9,01:20-01:30,139.75041006264638
2025-05-23,12,12,01:50-02:00,1.673474799315784
2025-05-23,15,15,02:20-02:30,7.855494801947714
2025-05-23,19,21,03:00-03:30,29.414628674825508
2025-05-23,23,23,03:40-03:50,34.747143525463855
2025-05-23,25,31,04:00-05:10,98.81790143627904
2025-05-23,33,34,05:20-05:40,1649.3757731515425
2025-05-23,45,48,07:20-08:00,64.1461589128271
2025-05-23,53,54,08:40-09:00,23.784992055345583
2025-05-23,57,58,09:20-09:40,64.42097099994339
2025-05-23,64,64,10:30-10:40,22.07475910270159
2025-05-23,108,108,17:50-18:00,4.096907323331919
2025-05-23,125,125,20:40-20:50,11.637376964074292
2025-05-23,130,131,21:30-21:50,55.33319384129493
2025-05-23,134,134,22:10-22:20,8.254724950651337
2025-05-23,137,137,22:40-22:50,33.18235961310711
2025-05-23,140,140,23:10-23:20,2.8011281484406254
2025-05-23,143,144,23:40-24:00,58.436221259376225
2025-05-24,1,1,00:00-00:10,845.4605787077247
2025-05-24,3,3,00:20-00:30,830.8612087116725
2025-05-24,5,6,00:40-01:00,854.0933177457557
2025-05-24,9,15,01:20-02:30,953.7571069482829
2025-05-24,18,20,02:50-03:20,86.05379046585068
2025-05-24,22,24,03:30-04:00,96.10059657567737
2025-05-24,27,29,04:20-04:50,64.8735261622769
2025-05-24,31,34,05:00-05:40,1633.5596218844585
2025-05-24,36,36,05:50-06:00,3.1655331293591757
2025-05-24,44,45,07:10-07:30,85.65898761773144
2025-05-24,47,48,07:40-08:00,114.4290527071231
2025-05-24,51,54,08:20-09:00,65.80600695674264
2025-05-24,56,57,09:10-09:30,25.681696758972294
2025-05-24,116,116,19:10-19:20,11.73314239655599
2025-05-24,126,128,20:50-21:20,17.942059198578704
2025-05-24,130,130,21:30-21:40,4.4416047440452076
2025-05-24,134,134,22:10-22:20,26.10739232793793
2025-05-24,139,140,23:00-23:20,36.73030022371336
2025-05-24,142,142,23:30-23:40,38.129344143966364
2025-05-25,2,2,00:10-00:20,6.816154421634337
2025-05-25,6,6,00:50-01:00,667.5102280326847
2025-05-25,8,8,01:10-01:20,11.7082577773391
2025-05-25,25,25,04:00-04:10,2.8678535136202687
2025-05-25,35,35,05:40-05:50,1.0285695373448789
2025-05-25,37,37,06:00-06:10,23.20742715300878
2025-05-25,40,41,06:30-06:50,47.161357857236794
2025-05-25,54,54,08:50-09:00,15.032731495685539
2025-05-25,57,57,09:20-09:30,32.377767337807654
2025-05-25,60,61,09:50-10:10,52.799767701577366
2025-05-25,64,65,10:30-10:50,29.235131972252248
2025-05-25,67,67,11:00-11:10,26.6543876854098
2025-05-25,70,70,11:30-11:40,3.066597900099623
2025-05-25,125,126,20:40-21:00,87.05566384392716
2025-05-25,129,130,21:20-21:40,81.9532815436246
2025-05-25,134,134,22:10-22:20,0.0920323726809329
2025-05-25,136,137,22:30-22:50,16.95616240294771
2025-05-25,142,142,23:30-23:40,33.595436689038024
2025-05-26,6,6,00:50-01:00,610.7498892386737
2025-05-26,13,13,02:00-02:10,4.183440946177143
2025-05-26,27,27,04:20-04:30,0.9645749440715008
2025-05-26,30,31,04:50-05:10,20.649872867670297
2025-05-26,35,35,05:40-05:50,1.1407880303798947
2025-05-26,40,44,06:30-07:20,97.21820552892308
2025-05-26,49,50,08:00-08:20,67.96445420074053
2025-05-26,54,54,08:50-09:00,28.06011846013621
2025-05-26,57,66,09:20-11:00,1192.1994684526157
2025-05-26,68,71,11:10-11:50,404.087214991634
2025-05-26,74,75,12:10-12:30,120.87650989040003
2025-05-26,77,78,12:40-13:00,33.141098187731814
2025-05-26,81,82,13:20-13:40,57.15588831331206
2025-05-26,104,104,17:10-17:20,6.942382644332895
2025-05-26,113,113,18:40-18:50,3.7266490308876303
2025-05-26,127,128,21:00-21:20,58.838214501908055
2025-05-26,130,130,21:30-21:40,53.5950927819448
2025-05-26,134,134,22:10-22:20,13.931028793262271
2025-05-26,137,137,22:40-22:50,38.11056665350702
2025-05-26,144,144,23:50-24:00,16.670726819318247
2025-05-27,1,2,00:00-00:20,11.859518278720998
2025-05-27,6,6,00:50-01:00,558.3785962871958
2025-05-27,10,10,01:30-01:40,5.970122680615873
2025-05-27,17,18,02:40-03:00,27.663659365349645
2025-05-27,21,21,03:20-03:30,51.82033635842208
2025-05-27,23,24,03:40-04:00,14.222374051003271
2025-05-27,28,28,04:30-04:40,12.668851166506759
2025-05-27,44,44,07:10-07:20,1.1921117487263473
2025-05-27,55,57,09:00-09:30,112.26718597841796
2025-05-27,61,65,10:00-10:50,222.12043269415153
2025-05-27,70,70,11:30-11:40,23.304367855733062
2025-05-27,108,108,17:50-18:00,0.37302368262751884
2025-05-27,127,128,21:00-21:20,28.944359777602358
2025-05-27,130,130,21:30-21:40,2.8029946900907134
2025-05-27,134,135,22:10-22:30,79.22289348598486
2025-05-27,142,143,23:30-23:50,40.10420101329146
2025-05-28,2,4,00:10-00:40,45.06666213317544
2025-05-28,6,6,00:50-01:00,734.8382762489866
2025-05-28,19,19,03:00-03:10,5.517212916173094
2025-05-28,22,22,03:30-03:40,9.332214257515092
2025-05-28,35,36,05:40-06:00,32.3976546646951
2025-05-28,41,43,06:40-07:10,53.665241027014645
2025-05-28,47,48,07:40-08:00,62.500426306093004
2025-05-28,55,62,09:00-10:20,322.5461689169631
2025-05-28,65,73,10:40-12:10,1100.9674596995849
2025-05-28,75,75,12:20-12:30,17.27568192713352
2025-05-28,102,102,16:50-17:00,56.11966485251804
2025-05-28,105,105,17:20-17:30,58.52109690466824
2025-05-28,121,121,20:00-20:10,16.100604066324536
2025-05-28,125,125,20:40-20:50,14.189091156731251
2025-05-28,127,127,21:00-21:10,10.42997886564001
2025-05-28,130,131,21:30-21:50,57.89108463613604
2025-05-28,139,140,23:00-23:20,83.60481367943135
2025-05-28,144,144,23:50-24:00,25.43679836820627
2025-05-29,1,2,00:00-00:20,9.184730786945465
2025-05-29,4,8,00:30-01:20,77.26932220686956
2025-05-29,17,18,02:40-03:00,14.650686412685673
2025-05-29,20,20,03:10-03:20,2.9679819072200644
2025-05-29,26,27,04:10-04:30,33.95534205816557
2025-05-29,29,30,04:40-05:00,35.34410932127514
2025-05-29,33,33,05:20-05:30,45.300238660673884
2025-05-29,38,38,06:10-06:20,26.208400804616986
2025-05-29,42,43,06:50-07:10,12.787686967270247
2025-05-29,45,48,07:20-08:00,99.82911782095385
2025-05-29,50,51,08:10-08:30,19.18424591769599
2025-05-29,55,56,09:00-09:20,33.107794439117924
2025-05-29,58,62,09:30-10:20,114.64883093264234
2025-05-29,64,71,10:30-11:50,752.6470829347829
2025-05-29,78,78,12:50-13:00,11.247437003929008
2025-05-29,100,100,16:30-16:40,13.455658377981877
2025-05-29,104,106,17:10-17:40,34.22346969808024
2025-05-29,109,111,18:00-18:30,57.357588555963076
2025-05-29,116,116,19:10-19:20,46.63989477938844
2025-05-29,120,120,19:50-20:00,20.542608768070863
2025-05-29,126,127,20:50-21:10,31.092852474009874
2025-05-29,130,130,21:30-21:40,21.82195305961318
2025-05-29,134,134,22:10-22:20,15.180244032109385
2025-05-29,137,137,22:40-22:50,41.519939406500725
2025-05-29,142,142,23:30-23:40,14.931974325569058
2025-05-30,1,6,00:00-01:00,4521.227731359552
2025-05-30,13,13,02:00-02:10,0.7788771548887894
2025-05-30,21,22,03:20-03:40,42.15899613482971
2025-05-30,26,31,04:10-05:10,108.3203898736674
2025-05-30,33,36,05:20-06:00,1524.3166874499623
2025-05-30,45,46,07:20-07:40,60.89509233357785
2025-05-30,49,50,08:00-08:20,74.68011054932072
2025-05-30,53,55,08:40-09:10,95.66029577293978
2025-05-30,59,60,09:40-10:00,27.958963776248765
2025-05-30,63,65,10:20-10:50,135.08535644633662
2025-05-30,98,98,16:10-16:20,24.523187020848468
2025-05-30,100,101,16:30-16:50,29.05809307145688
2025-05-30,104,105,17:10-17:30,87.18111570507386
2025-05-30,120,120,19:50-20:00,2.782622055533693
2025-05-30,122,125,20:10-20:50,169.74492906172367
2025-05-30,128,129,21:10-21:30,50.00576964074219
2025-05-30,131,132,21:40-22:00,18.48741934465056
2025-05-30,136,136,22:30-22:40,11.89028885379662
2025-05-30,139,139,23:00-23:10,2.8531558560337658
2025-05-30,142,143,23:30-23:50,29.552165508619623
2025-05-31,1,5,00:00-00:50,4053.8581965982366
2025-05-31,8,9,01:10-01:30,531.7398995382043
2025-05-31,16,17,02:30-02:50,38.08901889064356
2025-05-31,20,21,03:10-03:30,27.604651791545848
2025-05-31,25,25,04:00-04:10,2.6591437867764967
2025-05-31,27,28,04:20-04:40,42.61449174327453
2025-05-31,30,31,04:50-05:10,96.42184941439665
2025-05-31,34,36,05:30-06:00,800.4285058644936
2025-05-31,48,51,07:50-08:30,85.30899443629812
2025-05-31,53,54,08:40-09:00,23.948391094692965
2025-05-31,56,57,09:10-09:30,63.47690330400633
2025-05-31,59,60,09:40-10:00,14.400982635873106
2025-05-31,63,63,10:20-10:30,42.25711719963124
2025-05-31,68,68,11:10-11:20,34.11633333333316
2025-05-31,108,108,17:50-18:00,10.049332313462173
2025-05-31,114,114,18:50-19:00,15.698128701144924
2025-05-31,120,121,19:50-20:10,11.718744920384324
2025-05-31,125,125,20:40-20:50,23.976416046284292
2025-05-31,127,128,21:00-21:20,9.604936491643798
2025-05-31,131,131,21:40-21:50,4.4314500723778565
2025-05-31,134,134,22:10-22:20,6.507134188709017
2025-05-31,137,137,22:40-22:50,8.439422489801245
2025-05-31,139,139,23:00-23:10,30.56194923674167
2025-05-31,142,144,23:30-24:00,151.76938544545317
2025-06-01,1,6,00:00-01:00,397.91958413607017
2025-06-01,9,9,01:20-01:30,550.9281464666403
2025-06-01,11,12,01:40-02:00,70.13851046190268
2025-06-01,15,15,02:20-02:30,17.104901500197457
2025-06-01,17,18,02:40-03:00,23.157474154494025
2025-06-01,21,21,03:20-03:30,66.34141005395463
2025-06-01,23,27,03:40-04:30,206.63263464177592
2025-06-01,29,33,04:40-05:30,201.41488263106964
2025-06-01,36,37,05:50-06:10,20.276073139322648
2025-06-01,52,59,08:30-09:50,210.49904442125842
2025-06-01,62,74,10:10-12:20,1759.175208547181
2025-06-01,76,77,12:30-12:50,474.86664247551346
2025-06-01,82,133,13:30-22:10,6718.692267746116
2025-06-01,139,141,23:00-23:30,112.10180221081725
2025-06-02,1,5,00:00-00:50,346.4997688445849
2025-06-02,7,9,01:00-01:30,568.1727958678772
2025-06-02,13,13,02:00-02:10,15.120589893407214
2025-06-02,16,16,02:30-02:40,17.116563705750877
2025-06-02,19,20,03:00-03:20,72.2544040757241
2025-06-02,24,28,03:50-04:40,150.2443433233701
2025-06-02,31,33,05:00-05:30,110.03217349087285
2025-06-02,35,36,05:40-06:00,96.61551473972119
2025-06-02,39,43,06:20-07:10,50.818449795085826
2025-06-02,46,49,07:30-08:10,148.43092936100618
2025-06-02,52,52,08:30-08:40,45.32885702254055
2025-06-02,55,57,09:00-09:30,76.62166037577734
2025-06-02,59,60,09:40-10:00,17.3713027014835
2025-06-02,63,64,10:20-10:40,109.30704666403471
2025-06-02,74,80,12:10-13:20,684.1321605784595
2025-06-02,83,84,13:40-14:00,51.19685574417724
2025-06-02,87,87,14:20-14:30,8.167895757900396
2025-06-02,90,113,14:50-18:50,2974.698886187092
2025-06-02,115,133,19:00-22:10,2235.1520199355655
2025-06-02,136,136,22:30-22:40,22.00837264113693
2025-06-02,139,139,23:00-23:10,66.84711815370429
2025-06-02,142,143,23:30-23:50,29.239559442031805
2025-06-03,1,6,00:00-01:00,262.88792347019375
2025-06-03,8,9,01:10-01:30,593.4340145150676
2025-06-03,12,12,01:50-02:00,6.818222535859945
2025-06-03,15,15,02:20-02:30,17.102524312409628
2025-06-03,17,18,02:40-03:00,86.19070040136842
2025-06-03,21,22,03:20-03:40,118.78465644163715
2025-06-03,24,25,03:50-04:10,105.57765561164055
2025-06-03,28,29,04:30-04:50,103.81897871242451
2025-06-03,31,36,05:00-06:00,233.97677144361126
2025-06-03,40,42,06:30-07:00,60.2550774913783
2025-06-03,45,46,07:20-07:40,25.492974326509398
2025-06-03,49,52,08:00-08:40,83.51643315097863
2025-06-03,56,62,09:10-10:20,671.1613779722621
2025-06-03,64,65,10:30-10:50,24.98318801346022
2025-06-03,69,69,11:20-11:30,25.34048349876798
2025-06-03,80,80,13:10-13:20,30.128936654260542
2025-06-03,85,85,14:00-14:10,38.68251069783605
2025-06-03,92,93,15:10-15:30,64.21568614706916
2025-06-03,95,96,15:40-16:00,33.565716551049945
2025-06-03,99,99,16:20-16:30,20.631328058203167
2025-06-03,101,102,16:40-17:00,27.053627875848292
2025-06-03,104,105,17:10-17:30,43.028507189855645
2025-06-03,108,120,17:50-20:00,937.9408638749476
2025-06-03,122,124,20:10-20:40,593.4494346192175
2025-06-03,126,132,20:50-22:00,325.8561377420902
2025-06-03,137,138,22:40-23:00,42.68723881431788
2025-06-03,144,144,23:50-24:00,3.737602974075685
2025-06-04,1,5,00:00-00:50,125.4964640281612
2025-06-04,7,9,01:00-01:30,625.3634859455192
2025-06-04,12,13,01:50-02:10,31.46834537439122
2025-06-04,18,20,02:50-03:20,97.04454527193406
2025-06-04,24,26,03:50-04:20,160.20540490290068
2025-06-04,29,30,04:40-05:00,75.29207170022369
2025-06-04,33,33,05:20-05:30,14.84251306374891
2025-06-04,35,36,05:40-06:00,38.621197418833304
2025-06-04,42,43,06:50-07:10,19.33306312484723
2025-06-04,45,46,07:20-07:40,50.38308012708444
2025-06-04,53,53,08:40-08:50,7.500114005602313
2025-06-04,58,59,09:30-09:50,60.90094116237083
2025-06-04,63,64,10:20-10:40,14.176078827101037
2025-06-04,71,76,11:40-12:40,449.15905618878514
2025-06-04,78,78,12:50-13:00,39.63173155866366
2025-06-04,82,83,13:30-13:50,35.75669076006193
2025-06-04,86,87,14:10-14:30,128.8704104506237
2025-06-04,91,93,15:00-15:30,69.67987883744081
2025-06-04,96,96,15:50-16:00,63.935101517116664
2025-06-04,99,99,16:20-16:30,14.447313602353802
2025-06-04,101,102,16:40-17:00,95.13075358975789
2025-06-04,105,106,17:20-17:40,70.14303352038817
2025-06-04,109,109,18:00-18:10,35.97659649577966
2025-06-04,112,116,18:30-19:20,170.70370186302728
2025-06-04,118,125,19:30-20:50,844.172517363832
2025-06-04,127,129,21:00-21:30,61.952928016844226
2025-06-04,134,139,22:10-23:10,72.54211020529044
2025-06-04,143,144,23:40-24:00,33.43889917094373
2025-06-05,3,4,00:20-00:40,20.26356337676043
2025-06-05,7,9,01:00-01:30,758.1351214501915
2025-06-05,14,14,02:10-02:20,0.9689777141728655
2025-06-05,17,19,02:40-03:10,163.4880826706521
2025-06-05,23,25,03:40-04:10,83.91031344631836
2025-06-05,27,31,04:20-05:10,180.15898485045017
2025-06-05,38,40,06:10-06:40,76.75653508732364
2025-06-05,42,43,06:50-07:10,17.138687460756046
2025-06-05,47,47,07:40-07:50,4.8981960342528055
2025-06-05,49,49,08:00-08:10,9.675624586881895
2025-06-05,52,53,08:30-08:50,46.84282706841111
2025-06-05,55,55,09:00-09:10,46.7136591995187
2025-06-05,58,58,09:30-09:40,31.86067752523809
2025-06-05,61,61,10:00-10:10,8.932575560694431
2025-06-05,65,65,10:40-10:50,22.917078799841647
2025-06-05,83,83,13:40-13:50,18.11395434079691
2025-06-05,85,86,14:00-14:20,49.93077505983911
2025-06-05,89,90,14:40-15:00,107.09049833812742
2025-06-05,94,94,15:30-15:40,34.98839050720926
2025-06-05,98,99,16:10-16:30,60.64018325813561
2025-06-05,106,107,17:30-17:50,56.573591952888506
2025-06-05,110,111,18:10-18:30,24.83891292369296
2025-06-05,113,115,18:40-19:10,168.100066337676
2025-06-05,117,121,19:20-20:10,126.93764458951341
2025-06-05,123,125,20:20-20:50,276.874947946628
2025-06-05,128,129,21:10-21:30,82.15260396104759
2025-06-05,132,132,21:50-22:00,19.60336031056704
2025-06-05,135,137,22:20-22:50,63.57229681537058
2025-06-05,140,143,23:10-23:50,34.224630629030116
2025-06-06,1,3,00:00-00:30,1682.0001112909595
2025-06-06,5,6,00:40-01:00,37.27853411633123
2025-06-06,9,12,01:20-02:00,1057.934486379787
2025-06-06,15,18,02:20-03:00,237.56236996973274
2025-06-06,21,25,03:20-04:10,168.44082735510307
2025-06-06,27,29,04:20-04:50,54.43263281352817
2025-06-06,31,34,05:00-05:40,228.73351658355938
2025-06-06,42,47,06:50-07:50,274.9551870528772
2025-06-06,51,53,08:20-08:50,60.9654011787261
2025-06-06,55,56,09:00-09:20,30.824272514240306
2025-06-06,59,63,09:40-10:30,121.30668331265417
2025-06-06,67,67,11:00-11:10,48.63899109563272
2025-06-06,70,71,11:30-11:50,157.80022417423334
2025-06-06,74,77,12:10-12:50,106.88388320737704
2025-06-06,92,94,15:10-15:40,90.41196580283133
2025-06-06,97,97,16:00-16:10,21.836239550316918
2025-06-06,100,101,16:30-16:50,41.25236333258135
2025-06-06,105,105,17:20-17:30,33.72838250427685
2025-06-06,108,114,17:50-19:00,547.759846286246
2025-06-06,116,117,19:10-19:30,9.91882818133979
2025-06-06,119,120,19:40-20:00,194.56211182580392
2025-06-06,122,124,20:10-20:40,979.7417230293457
2025-06-06,126,128,20:50-21:20,84.6211329075254
2025-06-06,131,131,21:40-21:50,12.921417087774898
2025-06-06,137,139,22:40-23:10,48.9220014936177
2025-06-06,141,141,23:20-23:30,18.832933622845303
2025-06-07,1,3,00:00-00:30,1667.639518495855
2025-06-07,5,6,00:40-01:00,1672.6157272338464
2025-06-07,9,12,01:20-02:00,1116.9108991051453
2025-06-07,15,22,02:20-03:40,414.3927254328577
2025-06-07,25,28,04:00-04:40,180.9677774707196
2025-06-07,30,35,04:50-05:50,163.14803564472766
2025-06-07,49,50,08:00-08:20,94.16579163799736
2025-06-07,52,55,08:30-09:10,60.06253758765263
2025-06-07,58,60,09:30-10:00,90.16991920929433
2025-06-07,63,64,10:20-10:40,7.770102793600586
2025-06-07,67,67,11:00-11:10,5.348206589212396
2025-06-07,70,70,11:30-11:40,107.83409851860165
2025-06-07,97,97,16:00-16:10,61.86023736769903
2025-06-07,103,103,17:00-17:10,11.351570012971763
2025-06-07,110,110,18:10-18:20,0.09240281616000345
2025-06-07,112,112,18:30-18:40,35.80240347038159
2025-06-07,118,119,19:30-19:50,12.202665332844845
2025-06-07,121,121,20:00-20:10,4.178851664692502
2025-06-07,123,125,20:20-20:50,166.58484048631217
2025-06-07,127,129,21:00-21:30,50.39178510330282
2025-06-07,131,132,21:40-22:00,37.293286050796155
2025-06-07,140,141,23:10-23:30,42.4734819976311
2025-06-08,6,6,00:50-01:00,800.7314732201608
2025-06-08,39,39,06:20-06:30,28.140509841520498
2025-06-08,42,43,06:50-07:10,44.76133810651788
2025-06-08,47,47,07:40-07:50,0.12855755926534584
2025-06-08,56,57,09:10-09:30,84.75673469253479
2025-06-08,60,63,09:50-10:30,81.6452850779242
2025-06-08,65,65,10:40-10:50,9.192739843588242
2025-06-08,125,127,20:40-21:10,79.84025816554819
2025-06-08,130,131,21:30-21:50,54.36114644032091
2025-06-08,134,135,22:10-22:30,18.819282563495562
2025-06-08,137,137,22:40-22:50,7.422507494407114
2025-06-08,142,142,23:30-23:40,7.433884438741643
2025-06-09,5,6,00:40-01:00,434.82323924858645
2025-06-09,21,21,03:20-03:30,20.158363600473876
2025-06-09,23,24,03:40-04:00,85.193763054349
2025-06-09,27,28,04:20-04:40,114.50009080988082
2025-06-09,30,30,04:50-05:00,0.5690386893011237
2025-06-09,38,38,06:10-06:20,5.287049460455364
2025-06-09,40,40,06:30-06:40,22.80305521779178
2025-06-09,43,44,07:00-07:20,42.7867550937155
2025-06-09,57,58,09:20-09:40,24.75947202075463
2025-06-09,61,63,10:00-10:30,148.75987787396866
2025-06-09,65,65,10:40-10:50,8.255394513375904
2025-06-09,105,106,17:20-17:40,15.307798915270496
2025-06-09,126,126,20:50-21:00,5.26746951478583
2025-06-09,129,130,21:20-21:40,48.27427834583477
2025-06-09,134,134,22:10-22:20,20.51379804579551
2025-06-09,137,137,22:40-22:50,15.417190222397721
2025-06-09,142,142,23:30-23:40,49.61839669693404
2025-06-10,6,6,00:50-01:00,444.87022924953226
2025-06-10,29,30,04:40-05:00,40.421218627451026
2025-06-10,43,43,07:00-07:10,22.456457356231283
2025-06-10,65,65,10:40-10:50,29.54698537401532
2025-06-10,125,126,20:40-21:00,43.80373229372301
2025-06-10,130,131,21:30-21:50,65.61108135938969
2025-06-10,137,137,22:40-22:50,4.599954184761145
2025-06-10,139,140,23:00-23:20,54.272771792341246
2025-06-10,143,144,23:40-24:00,31.119698960389655
2025-06-11,6,6,00:50-01:00,470.7686011110484
2025-06-11,36,39,05:50-06:30,38.098978201078694
2025-06-11,42,44,06:50-07:20,24.840822759574053
2025-06-11,46,46,07:30-07:40,5.9467798159533345
2025-06-11,55,57,09:00-09:30,151.34143775214807
2025-06-11,60,61,09:50-10:10,41.63103846088768
2025-06-11,78,78,12:50-13:00,52.13306942078873
2025-06-11,103,104,17:00-17:20,39.94789162013791
2025-06-11,127,129,21:00-21:30,44.92611198841928
2025-06-11,131,131,21:40-21:50,0.6424980523753447
2025-06-11,134,135,22:10-22:30,18.009820180286738
2025-06-11,139,140,23:00-23:20,63.074385511251535
2025-06-11,144,144,23:50-24:00,14.478849282800525
2025-06-12,4,4,00:30-00:40,26.27879026187702
2025-06-12,6,6,00:50-01:00,241.98182364408797
2025-06-12,21,22,03:20-03:40,16.983681009719348
2025-06-12,25,25,04:00-04:10,41.27548901077202
2025-06-12,36,36,05:50-06:00,33.04904832402724
2025-06-12,43,45,07:00-07:30,99.37369233263769
2025-06-12,60,60,09:50-10:00,36.21813478465174
2025-06-12,62,63,10:10-10:30,71.45517766529429
2025-06-12,88,88,14:30-14:40,16.91949159663875
2025-06-12,125,125,20:40-20:50,28.27549568176253
2025-06-12,128,129,21:10-21:30,33.268504171601535
2025-06-12,134,135,22:10-22:30,39.930174286090505
2025-06-12,142,142,23:30-23:40,28.106037083826777
2025-06-13,1,6,00:00-01:00,3555.556369145711
2025-06-13,27,27,04:20-04:30,3.8137761547573064
2025-06-13,35,35,05:40-05:50,8.378298869212188
2025-06-13,47,50,07:40-08:20,160.81376406482048
2025-06-13,53,55,08:40-09:10,81.64847752711808
2025-06-13,58,58,09:30-09:40,23.151337276520962
2025-06-13,61,64,10:00-10:40,74.02925271746301
2025-06-13,110,110,18:10-18:20,14.115370842968261
2025-06-13,112,112,18:30-18:40,7.0052966001168
2025-06-13,119,119,19:40-19:50,0.06793552347119203
2025-06-13,125,125,20:40-20:50,44.96529642434147
2025-06-13,129,129,21:20-21:30,47.00247352941187
2025-06-13,134,134,22:10-22:20,19.439284747993156
2025-06-13,140,140,23:10-23:20,67.80545227003574
2025-06-13,144,144,23:50-24:00,58.56680242137122
2025-06-14,1,6,00:00-01:00,3465.8549802158914
2025-06-14,46,46,07:30-07:40,22.317640478070416
2025-06-14,52,53,08:30-08:50,35.99774941721637
2025-06-14,56,57,09:10-09:30,112.64015528077016
2025-06-14,125,126,20:40-21:00,24.739445315172937
2025-06-14,130,131,21:30-21:50,81.81324059744713
2025-06-14,136,136,22:30-22:40,9.286172535860032
2025-06-14,142,142,23:30-23:40,38.702243235952096
2025-06-15,6,6,00:50-01:00,145.3633681341729
2025-06-15,44,45,07:10-07:30,76.4084359887579
2025-06-15,127,129,21:00-21:30,117.97171601526543
2025-06-15,137,137,22:40-22:50,19.16437829319659
2025-06-15,142,143,23:30-23:50,17.879362343729895
2025-06-16,31,31,05:00-05:10,0.10251530276524434
2025-06-16,35,35,05:40-05:50,24.209208461639676
2025-06-16,38,38,06:10-06:20,0.7729860498560583
2025-06-16,42,42,06:50-07:00,1.5652660820034043
2025-06-16,45,45,07:20-07:30,10.065313984923023
2025-06-16,65,65,10:40-10:50,17.632701761510134
2025-06-16,125,125,20:40-20:50,37.205927589156296
2025-06-16,127,128,21:00-21:20,29.4065640018423
2025-06-16,137,137,22:40-22:50,12.823296269246157
2025-06-16,142,143,23:30-23:50,36.008647308855984
2025-06-17,6,6,00:50-01:00,49.68245837046106
2025-06-17,31,31,05:00-05:10,34.07531807850654
2025-06-17,37,38,06:00-06:20,12.42958467091512
2025-06-17,43,43,07:00-07:10,10.148055828774545
2025-06-17,47,47,07:40-07:50,44.587153726994075
2025-06-17,58,59,09:30-09:50,114.55412788806802
2025-06-17,62,63,10:10-10:30,107.82400455323045
2025-06-17,79,81,13:00-13:30,112.80813538727921
2025-06-17,87,87,14:20-14:30,18.400447779783235
2025-06-17,95,95,15:40-15:50,2.304713350717975
2025-06-17,117,117,19:20-19:30,14.277572048953857
2025-06-17,127,128,21:00-21:20,82.1864935254639
2025-06-17,139,140,23:00-23:20,68.43110648111588
2025-06-17,144,144,23:50-24:00,1.1996274904593065
2025-06-18,6,6,00:50-01:00,194.79270748124952
2025-06-18,16,16,02:30-02:40,13.412562883274177
2025-06-18,38,38,06:10-06:20,13.563874486304599
2025-06-18,44,45,07:10-07:30,36.53220910646121
2025-06-18,126,129,20:50-21:30,112.35684237681642
2025-06-18,137,137,22:40-22:50,18.25067241084355
2025-06-18,142,142,23:30-23:40,6.686851756810029
2025-06-18,144,144,23:50-24:00,1.8964784050534718
2025-06-19,6,6,00:50-01:00,54.553733588067075
2025-06-19,27,27,04:20-04:30,2.1526319252533312
2025-06-19,29,30,04:40-05:00,30.806888270073117
2025-06-19,32,32,05:10-05:20,21.991380873423317
2025-06-19,37,38,06:00-06:20,51.312317953489924
2025-06-19,42,43,06:50-07:10,8.683109505009838
2025-06-19,45,45,07:20-07:30,2.9211898529879363
2025-06-19,51,51,08:20-08:30,17.73445749440714
2025-06-19,53,53,08:40-08:50,13.192651609234304
2025-06-19,61,61,10:00-10:10,10.250088453368107
2025-06-19,117,117,19:20-19:30,25.554437425976857
2025-06-19,125,126,20:40-21:00,56.41416886432453
2025-06-19,129,130,21:20-21:40,22.340338202395287
2025-06-19,134,134,22:10-22:20,0.929812396367879
2025-06-19,137,137,22:40-22:50,18.13176360047362
2025-06-19,139,139,23:00-23:10,27.961139149888027
2025-06-19,143,144,23:40-24:00,161.5635407553624
2025-06-20,1,6,00:00-01:00,3948.2889371451465
2025-06-20,8,8,01:10-01:20,10.553341597578651
2025-06-20,10,10,01:30-01:40,21.011739452883944
2025-06-20,24,24,03:50-04:00,5.696805500723883
2025-06-20,45,45,07:20-07:30,4.360716496531609
2025-06-20,47,48,07:40-08:00,60.30851900344044
2025-06-20,51,51,08:20-08:30,1.4499177194365984
2025-06-20,53,54,08:40-09:00,65.6862439136728
2025-06-20,57,58,09:20-09:40,117.45080381535149
2025-06-20,125,126,20:40-21:00,45.014781089616825
2025-06-20,129,131,21:20-21:50,17.276635412554356
2025-06-20,137,137,22:40-22:50,13.409223542571226
2025-06-20,142,143,23:30-23:50,4.682148572180267
2025-06-21,1,3,00:00-00:30,2395.735598387946
2025-06-21,5,9,00:40-01:30,1797.4939407077024
2025-06-21,18,18,02:50-03:00,13.272087774707416
2025-06-21,21,21,03:20-03:30,9.239393814975642
2025-06-21,29,31,04:40-05:10,111.41134823849009
2025-06-21,33,36,05:20-06:00,896.1693910299205
2025-06-21,48,52,07:50-08:40,92.91747011918858
2025-06-21,54,55,08:50-09:10,53.84184064350586
2025-06-21,60,63,09:50-10:30,26.462915042392524
2025-06-21,112,112,18:30-18:40,7.0689717575621955
2025-06-21,123,123,20:20-20:30,4.559136070535487
2025-06-21,127,129,21:00-21:30,114.2175983682065
2025-06-21,134,134,22:10-22:20,16.01623308330045
2025-06-21,139,139,23:00-23:10,5.419110540860515
2025-06-21,142,142,23:30-23:40,8.48386509409113
2025-06-22,7,7,01:00-01:10,7.9346892946441585
2025-06-22,17,17,02:40-02:50,37.70300068430072
2025-06-22,43,43,07:00-07:10,41.744933481849216
2025-06-22,46,46,07:30-07:40,24.62020786005678
2025-06-22,62,63,10:10-10:30,50.65325254638765
2025-06-22,65,65,10:40-10:50,4.826816582069114
2025-06-22,74,74,12:10-12:20,22.48226034534605
2025-06-22,85,86,14:00-14:20,91.96016693831916
2025-06-22,89,89,14:40-14:50,4.023919410448798
2025-06-22,127,127,21:00-21:10,14.03579982892495
2025-06-22,130,131,21:30-21:50,21.682431201473946
2025-06-22,137,137,22:40-22:50,11.023099940781549
2025-06-22,142,143,23:30-23:50,49.02118372154234
2025-06-23,6,6,00:50-01:00,208.39622007594835
2025-06-23,15,15,02:20-02:30,20.202951046190265
2025-06-23,20,21,03:10-03:30,3.720441623897841
2025-06-23,24,24,03:50-04:00,5.764653243847874
2025-06-23,27,27,04:20-04:30,7.109549282800458
2025-06-23,30,30,04:50-05:00,15.085260607598775
2025-06-23,33,33,05:20-05:30,3.395570751790572
2025-06-23,42,42,06:50-07:00,0.05840337826407449
2025-06-23,45,46,07:20-07:40,58.70189845092386
2025-06-23,61,61,10:00-10:10,51.14434516947699
2025-06-23,64,65,10:30-10:50,72.32410028105141
2025-06-23,83,84,13:40-14:00,75.35303755730038
2025-06-23,88,88,14:30-14:40,22.533380303799504
2025-06-23,125,125,20:40-20:50,5.67215467918708
2025-06-23,128,130,21:10-21:40,41.224725931043736
2025-06-23,134,134,22:10-22:20,10.082761284379558
2025-06-23,139,140,23:00-23:20,48.380527424661295
2025-06-23,144,144,23:50-24:00,18.865395295433473
2025-06-24,6,6,00:50-01:00,338.48456843945723
2025-06-24,11,12,01:40-02:00,18.728140610606715
2025-06-24,32,33,05:10-05:30,13.559392602201278
2025-06-24,35,36,05:40-06:00,16.672951219145716
2025-06-24,39,42,06:20-07:00,51.175935954919055
2025-06-24,44,45,07:10-07:30,76.81132093132572
2025-06-24,48,49,07:50-08:10,72.89530782339807
2025-06-24,52,53,08:30-08:50,79.52941691294029
2025-06-24,55,76,09:00-12:40,2880.293969353269
2025-06-24,79,80,13:00-13:20,132.2138209078263
2025-06-24,82,82,13:30-13:40,59.577264883537396
2025-06-24,87,92,14:20-15:20,47.962874187682246
2025-06-24,94,94,15:30-15:40,16.810023818923582
2025-06-24,97,99,16:00-16:30,57.78991979677818
2025-06-24,102,103,16:50-17:10,10.070443332172033
2025-06-24,125,125,20:40-20:50,31.50377808640264
2025-06-24,127,127,21:00-21:10,12.348913014870618
2025-06-24,134,134,22:10-22:20,1.8090507698381089
2025-06-24,137,137,22:40-22:50,24.110367890511952
2025-06-24,140,140,23:10-23:20,38.0260039018292
2025-06-24,144,144,23:50-24:00,57.534502066061236
2025-06-25,6,6,00:50-01:00,419.76005127554276
2025-06-25,17,17,02:40-02:50,2.526147006185056
2025-06-25,26,26,04:10-04:20,8.98815866467396
2025-06-25,40,40,06:30-06:40,47.8806169148196
2025-06-25,44,46,07:10-07:40,38.63926705205546
2025-06-25,57,57,09:20-09:30,15.748241521440946
2025-06-25,60,61,09:50-10:10,74.36730941383269
2025-06-25,64,69,10:30-11:30,716.6303764160701
2025-06-25,88,88,14:30-14:40,88.90710914218084
2025-06-25,125,126,20:40-21:00,18.875494657191872
2025-06-25,130,131,21:30-21:50,94.77413539281451
2025-06-25,137,137,22:40-22:50,40.79440970522444
2025-06-25,142,142,23:30-23:40,46.064681280431614
2025-06-26,6,6,00:50-01:00,407.71466613558107
2025-06-26,10,10,01:30-01:40,2.5546590801420734
2025-06-26,25,26,04:00-04:20,11.296280406256464
2025-06-26,33,33,05:20-05:30,4.170577778091129
2025-06-26,36,36,05:50-06:00,4.972451379880795
2025-06-26,39,39,06:20-06:30,4.018461496813757
2025-06-26,41,42,06:40-07:00,32.29476540240256
2025-06-26,51,51,08:20-08:30,8.500901128907913
2025-06-26,54,55,08:50-09:10,37.17240149173767
2025-06-26,58,59,09:30-09:50,45.783080929821494
2025-06-26,62,62,10:10-10:20,18.25501967270168
2025-06-26,65,65,10:40-10:50,36.474725446956654
2025-06-26,83,83,13:40-13:50,7.9601333333332605
2025-06-26,103,103,17:00-17:10,11.40275077735754
2025-06-26,119,119,19:40-19:50,8.85969009644134
2025-06-26,127,129,21:00-21:30,108.08151862087118
2025-06-26,134,134,22:10-22:20,6.3713207132516345
2025-06-26,137,137,22:40-22:50,3.2936382023950728
2025-06-26,142,143,23:30-23:50,60.40486167916811
2025-06-27,1,2,00:00-00:20,1686.6627990459274
2025-06-27,4,6,00:30-01:00,2338.949572042374
2025-06-27,8,9,01:10-01:30,271.99563268640964
2025-06-27,15,15,02:20-02:30,3.604912488485297
2025-06-27,27,28,04:20-04:40,66.7870979734177
2025-06-27,31,31,05:00-05:10,59.88477874438372
2025-06-27,33,35,05:20-05:50,1258.897054869512
2025-06-27,47,49,07:40-08:10,62.538145805838894
2025-06-27,55,57,09:00-09:30,120.95240755362522
2025-06-27,110,110,18:10-18:20,9.86026874494759
2025-06-27,128,129,21:10-21:30,143.80067880642184
2025-06-27,139,139,23:00-23:10,51.67626569285437
2025-06-27,142,143,23:30-23:50,55.7165396038954
2025-06-28,1,6,00:00-01:00,4070.274227699562
2025-06-28,25,29,04:00-04:50,129.85751659616898
2025-06-28,33,36,05:20-06:00,1307.709183176334
2025-06-28,45,47,07:20-07:50,87.49372519880455
2025-06-28,50,51,08:10-08:30,27.7819442257437
2025-06-28,53,54,08:40-09:00,76.86820003289938
2025-06-28,58,58,09:30-09:40,69.31837846615178
2025-06-28,61,62,10:00-10:20,43.77437747447971
2025-06-28,66,66,10:50-11:00,46.43970634481957
2025-06-28,69,69,11:20-11:30,45.843057547045646
2025-06-28,95,95,15:40-15:50,1.050125070968079
2025-06-28,99,99,16:20-16:30,41.37357829037654
2025-06-28,110,110,18:10-18:20,9.561674803075718
2025-06-28,125,127,20:40-21:10,112.3663948019474
2025-06-28,130,131,21:30-21:50,47.38336742992476
2025-06-28,137,137,22:40-22:50,31.741540946177338
2025-06-28,140,141,23:10-23:30,17.01779018949867
2025-06-28,144,144,23:50-24:00,50.606247960257974
2025-06-29,6,6,00:50-01:00,431.5200928971667
2025-06-29,12,12,01:50-02:00,47.329720357941824
2025-06-29,14,14,02:10-02:20,2.8196271510702218
2025-06-29,27,28,04:20-04:40,27.316785391874998
2025-06-29,30,30,04:50-05:00,29.91051489706865
2025-06-29,42,43,06:50-07:10,54.25399179967292
2025-06-29,45,46,07:20-07:40,14.206754855902261
2025-06-29,50,51,08:10-08:30,69.72216063861777
2025-06-29,57,57,09:20-09:30,70.11716637997472
2025-06-29,64,65,10:30-10:50,56.3244716701447
2025-06-29,68,68,11:10-11:20,28.033067437445197
2025-06-29,70,75,11:30-12:30,465.1403881657352
2025-06-29,99,99,16:20-16:30,13.717718026807972
2025-06-29,110,111,18:10-18:30,11.047241491361717
2025-06-29,125,126,20:40-21:00,10.275354007106339
2025-06-29,128,129,21:10-21:30,33.76797809580182
2025-06-29,131,131,21:40-21:50,12.393813863666082
2025-06-29,139,140,23:00-23:20,90.4503341229107
2025-06-29,143,144,23:40-24:00,45.36698899197302
2025-06-30,6,6,00:50-01:00,241.04256430169482
2025-06-30,28,28,04:30-04:40,18.872365189028564
2025-06-30,36,38,05:50-06:20,32.824650304551824
2025-06-30,41,43,06:40-07:10,155.4925217810612
2025-06-30,59,59,09:40-09:50,89.24669497772231
2025-06-30,61,64,10:00-10:40,83.45462724136655
2025-06-30,78,78,12:50-13:00,1.7319924971332057
2025-06-30,84,84,13:50-14:00,12.893749999999955
2025-06-30,94,95,15:30-15:50,41.51992833549548
2025-06-30,114,114,18:50-19:00,27.97753875039939
2025-06-30,118,118,19:30-19:40,19.343575312541134
2025-06-30,127,128,21:00-21:20,49.81895867219362
2025-06-30,130,130,21:30-21:40,9.681688741939865
2025-06-30,134,135,22:10-22:30,39.37778958415572
2025-06-30,137,137,22:40-22:50,3.225896038952669
2025-06-30,142,144,23:30-24:00,173.77438544545328
2025-07-01,1,8,00:00-01:20,1040.7380284242824
2025-07-01,10,10,01:30-01:40,32.53729323595246
2025-07-01,13,13,02:00-02:10,53.308771312014414
2025-07-01,16,16,02:30-02:40,40.26801949598632
2025-07-01,19,20,03:00-03:20,89.97463147782628
2025-07-01,23,25,03:40-04:10,76.30114870753692
2025-07-01,28,29,04:30-04:50,11.604187577312928
2025-07-01,33,34,05:20-05:40,87.10508043821552
2025-07-01,37,37,06:00-06:10,14.204590794841351
2025-07-01,40,42,06:30-07:00,62.505567472224186
2025-07-01,44,46,07:10-07:40,93.58810108190903
2025-07-01,53,53,08:40-08:50,6.485954721485882
2025-07-01,61,61,10:00-10:10,25.073606002620387
2025-07-01,63,65,10:20-10:50,98.81719653525897
2025-07-01,67,67,11:00-11:10,35.303020820409074
2025-07-01,71,71,11:40-11:50,32.05451093564966
2025-07-01,78,80,12:50-13:20,76.4316436608201
2025-07-01,83,84,13:40-14:00,75.59276906265882
2025-07-01,90,90,14:50-15:00,57.60386514672996
2025-07-01,97,97,16:00-16:10,69.34287497039065
2025-07-01,100,101,16:30-16:50,63.359870956950886
2025-07-01,103,104,17:00-17:20,52.924048673697655
2025-07-01,106,107,17:30-17:50,44.05045267892382
2025-07-01,110,112,18:10-18:40,94.14375940819238
2025-07-01,114,131,18:50-21:50,1553.991059322703
2025-07-01,133,135,22:00-22:30,81.99953480721149
2025-07-01,139,140,23:00-23:20,25.315713870246327
2025-07-01,142,143,23:30-23:50,43.612792156862724
2025-07-02,1,6,00:00-01:00,305.1327166864064
2025-07-02,9,11,01:20-01:50,589.3482299118325
2025-07-02,18,19,02:50-03:10,45.528460236309385
2025-07-02,22,23,03:30-03:50,75.52901326490323
2025-07-02,25,35,04:00-05:50,662.7232494072152
2025-07-02,43,44,07:00-07:20,67.31560617844451
2025-07-02,56,59,09:10-09:50,200.73198333333312
2025-07-02,61,63,10:00-10:30,92.67543027277998
2025-07-02,86,86,14:10-14:20,20.28865000000019
2025-07-02,96,97,15:50-16:10,87.53886586204908
2025-07-02,100,101,16:30-16:50,53.694053393303705
2025-07-02,104,104,17:10-17:20,5.617517749515912
2025-07-02,108,110,17:50-18:20,73.96786318406541
2025-07-02,113,128,18:40-21:20,1644.3195507714618
2025-07-02,130,131,21:30-21:50,48.33246058691941
2025-07-02,133,134,22:00-22:20,123.79674759178829
2025-07-02,136,137,22:30-22:50,58.85015673772864
2025-07-02,141,141,23:20-23:30,40.75952886564028
2025-07-02,144,144,23:50-24:00,19.08894255823168
2025-07-03,1,7,00:00-01:10,389.25990092775385
2025-07-03,9,10,01:20-01:40,577.8363265692836
2025-07-03,13,15,02:00-02:30,104.12346098170815
2025-07-03,19,19,03:00-03:10,3.5620586505743077
2025-07-03,22,23,03:30-03:50,49.696962133175035
2025-07-03,26,35,04:10-05:50,546.6262245182634
2025-07-03,43,48,07:00-08:00,264.36273911698896
2025-07-03,54,72,08:50-12:00,2001.6238458321586
2025-07-03,79,84,13:00-14:00,157.59335819562716
2025-07-03,86,87,14:10-14:30,18.192705941571262
2025-07-03,90,91,14:50-15:10,54.664344785968524
2025-07-03,96,99,15:50-16:30,67.37579387419396
2025-07-03,101,102,16:40-17:00,19.30144797529772
2025-07-03,105,108,17:20-18:00,89.48853921192662
2025-07-03,110,114,18:10-19:00,420.1737566409115
2025-07-03,116,116,19:10-19:20,316.5870817652569
2025-07-03,118,125,19:30-20:50,1161.9478076401037
2025-07-03,127,131,21:00-21:50,398.33809817443137
2025-07-03,133,133,22:00-22:10,59.017979299907665
2025-07-03,138,138,22:50-23:00,5.612671779181483
2025-07-03,140,141,23:10-23:30,13.213495762600587
2025-07-03,144,144,23:50-24:00,17.418742321357968
2025-07-04,1,6,00:00-01:00,2549.057728799842
2025-07-04,10,10,01:30-01:40,162.35479224898017
2025-07-04,13,14,02:00-02:20,236.26205110540866
2025-07-04,16,16,02:30-02:40,7.381194657191941
2025-07-04,21,24,03:20-04:00,161.4673249769708
2025-07-04,26,27,04:10-04:30,129.53576241610733
2025-07-04,32,33,05:10-05:30,46.01826185870323
2025-07-04,36,36,05:50-06:00,21.57986314834642
2025-07-04,40,44,06:30-07:20,621.6912943845992
2025-07-04,46,51,07:30-08:30,134.3101234654937
2025-07-04,54,54,08:50-09:00,1.007638516345878
2025-07-04,57,57,09:20-09:30,0.5277222388283462
2025-07-04,61,63,10:00-10:30,98.0987481905513
2025-07-04,96,96,15:50-16:00,17.485193246292056
2025-07-04,100,101,16:30-16:50,78.66541713007399
2025-07-04,103,105,17:00-17:30,68.6006683210195
2025-07-04,108,108,17:50-18:00,33.08907040682027
2025-07-04,111,113,18:20-18:50,107.1757184366369
2025-07-04,118,120,19:30-20:00,81.85625082247634
2025-07-04,122,131,20:10-21:50,1079.728442116884
2025-07-04,134,135,22:10-22:30,81.2166932359521
2025-07-04,138,138,22:50-23:00,15.499654507171954
2025-07-04,141,141,23:20-23:30,27.10049904592711
2025-07-05,1,3,00:00-00:30,844.2905725621791
2025-07-05,6,6,00:50-01:00,5.829466567969348
2025-07-05,8,15,01:10-02:30,703.637316877221
2025-07-05,17,18,02:40-03:00,323.1902385050663
2025-07-05,21,27,03:20-04:30,441.40114730603665
2025-07-05,30,31,04:50-05:10,60.9314393820614
2025-07-05,36,36,05:50-06:00,2.6482466649747494
2025-07-05,40,45,06:30-07:30,583.3493599637169
2025-07-05,48,48,07:50-08:00,11.062104187580985
2025-07-05,51,51,08:20-08:30,19.886696093470846
2025-07-05,56,58,09:10-09:40,52.22228892805447
2025-07-05,61,62,10:00-10:20,100.38377946628316
2025-07-05,64,65,10:30-10:50,143.1285169947173
2025-07-05,68,69,11:10-11:30,108.52351046284275
2025-07-05,95,96,15:40-16:00,55.566299834564575
2025-07-05,98,99,16:10-16:30,89.31269124884875
2025-07-05,102,104,16:50-17:20,80.53410410956337
2025-07-05,107,108,17:40-18:00,77.2041616650688
2025-07-05,117,119,19:20-19:50,74.53128168837998
2025-07-05,122,125,20:10-20:50,922.8309039837673
2025-07-05,127,131,21:00-21:50,132.70352303428038
2025-07-05,134,134,22:10-22:20,38.03079317673371
2025-07-05,139,140,23:00-23:20,39.95185111198839
2025-07-06,5,7,00:40-01:10,169.8996008882749
2025-07-06,9,11,01:20-01:50,414.183054895381
2025-07-06,13,13,02:00-02:10,232.23508754441366
2025-07-06,16,17,02:30-02:50,198.65140621792318
2025-07-06,19,20,03:00-03:20,206.24721089568206
2025-07-06,23,24,03:40-04:00,75.32151142255577
2025-07-06,26,28,04:10-04:40,75.8390674001012
2025-07-06,31,32,05:00-05:20,39.456791792152984
2025-07-06,35,35,05:40-05:50,8.719567047355696
2025-07-06,37,38,06:00-06:20,18.119370176527127
2025-07-06,43,43,07:00-07:10,0.15675862425513287
2025-07-06,48,49,07:50-08:10,54.652731440226944
2025-07-06,56,57,09:10-09:30,57.047553812531646
2025-07-06,59,60,09:40-10:00,177.66875966668522
2025-07-06,64,65,10:30-10:50,64.53025549038398
2025-07-06,75,76,12:20-12:40,60.63584828642797
2025-07-06,78,78,12:50-13:00,57.08041666666668
2025-07-06,81,84,13:20-14:00,91.31066275637829
2025-07-06,87,88,14:20-14:40,98.14198547647266
2025-07-06,91,93,15:00-15:30,120.81281714981264
2025-07-06,95,96,15:40-16:00,147.4825645733464
2025-07-06,99,104,16:20-17:20,400.74028371684255
2025-07-06,106,111,17:30-18:30,293.9350992320417
2025-07-06,113,126,18:40-21:00,2635.3427585766767
2025-07-06,129,129,21:20-21:30,13.650586110014387
2025-07-06,131,133,21:40-22:10,120.61326971969993
2025-07-06,136,136,22:30-22:40,3.4645177260167657
2025-07-06,140,141,23:10-23:30,67.10563356362684
2025-07-06,144,144,23:50-24:00,42.05841364653247
2025-07-07,3,5,00:20-00:50,112.06408378076071
2025-07-07,9,11,01:20-01:50,280.84629955257276
2025-07-07,13,13,02:00-02:10,57.13952775365169
2025-07-07,16,17,02:30-02:50,176.72520186208703
2025-07-07,20,21,03:10-03:30,24.892915116651125
2025-07-07,24,26,03:50-04:20,323.46306403568167
2025-07-07,29,30,04:40-05:00,158.3379918043728
2025-07-07,33,33,05:20-05:30,105.26119632752425
2025-07-07,38,38,06:10-06:20,22.81442276145367
2025-07-07,58,59,09:30-09:50,95.84181550673975
2025-07-07,62,65,10:10-10:50,214.91908260579316
2025-07-07,86,86,14:10-14:20,2.947450466226883
2025-07-07,90,90,14:50-15:00,53.75005237813264
2025-07-07,99,99,16:20-16:30,13.795742766905505
2025-07-07,102,103,16:50-17:10,12.119824453637818
2025-07-07,107,107,17:40-17:50,8.208688886695484
2025-07-07,111,111,18:20-18:30,39.046040362453894
2025-07-07,115,116,19:00-19:20,72.73940755080525
2025-07-07,118,119,19:30-19:50,34.20586554621832
2025-07-07,122,122,20:10-20:20,0.040830755926606344
2025-07-07,124,124,20:30-20:40,23.072938702460192
2025-07-07,127,127,21:00-21:10,9.583354566390199
2025-07-07,130,131,21:30-21:50,55.29546748914288
2025-07-07,134,135,22:10-22:30,98.59774701934452
2025-07-07,139,140,23:00-23:20,76.77848890643509
2025-07-07,142,142,23:30-23:40,2.9129756349520903
2025-07-08,4,4,00:30-00:40,0.08119801947623273
2025-07-08,6,10,00:50-01:40,638.833782530596
2025-07-08,18,18,02:50-03:00,39.85629753914998
2025-07-08,30,30,04:50-05:00,8.412165416502148
2025-07-08,33,33,05:20-05:30,1.8681461846485732
2025-07-08,37,38,06:00-06:20,33.50321269433982
2025-07-08,40,40,06:30-06:40,22.734881836895624
2025-07-08,43,44,07:00-07:20,44.34593833493085
2025-07-08,50,51,08:10-08:30,40.65325091365412
2025-07-08,59,63,09:40-10:30,97.40778810651773
2025-07-08,85,87,14:00-14:30,134.72547936946614
2025-07-08,90,90,14:50-15:00,12.499832828567492
2025-07-08,95,96,15:40-16:00,97.53836109262511
2025-07-08,102,103,16:50-17:10,60.9964760457205
2025-07-08,106,107,17:30-17:50,73.6169373676986
2025-07-08,110,110,18:10-18:20,32.14906182956399
2025-07-08,113,114,18:40-19:00,27.424209498430226
2025-07-08,124,124,20:30-20:40,71.34126681030818
2025-07-08,127,129,21:00-21:30,91.66315502039731
2025-07-08,134,134,22:10-22:20,1.504959606527109
2025-07-08,137,137,22:40-22:50,5.188130944861086
2025-07-08,142,143,23:30-23:50,97.64354588761694
2025-07-09,6,8,00:50-01:20,284.60624028161476
2025-07-09,18,18,02:50-03:00,10.67768653770247
2025-07-09,37,39,06:00-06:30,44.162438113097664
2025-07-09,41,42,06:40-07:00,27.696962280750938
2025-07-09,46,48,07:30-08:00,51.90842575714839
2025-07-09,58,59,09:30-09:50,111.31539451055619
2025-07-09,61,67,10:00-11:10,308.02626921211413
2025-07-09,70,73,11:30-12:10,114.94901870452827
2025-07-09,82,82,13:30-13:40,4.04427874720318
2025-07-09,85,86,14:00-14:20,113.80430113642751
2025-07-09,106,106,17:30-17:40,47.68648581016282
2025-07-09,109,110,18:00-18:20,27.793767958190003
2025-07-09,117,117,19:20-19:30,26.52015528358993
2025-07-09,125,126,20:40-21:00,20.365142913541128
2025-07-09,128,129,21:10-21:30,23.326509435452408
2025-07-09,134,134,22:10-22:20,35.51385983024113
2025-07-09,139,140,23:00-23:20,75.05018146466671
2025-07-10,6,7,00:50-01:10,206.98483053691245
2025-07-10,28,28,04:30-04:40,3.026892535671916
2025-07-10,39,40,06:20-06:40,45.349786953170394
2025-07-10,44,44,07:10-07:20,13.71001780967407
2025-07-10,46,46,07:30-07:40,22.811524779576303
2025-07-10,53,54,08:40-09:00,67.79412148872984
2025-07-10,57,58,09:20-09:40,49.08668252213579
2025-07-10,61,61,10:00-10:10,10.213373405335233
2025-07-10,64,64,10:30-10:40,8.081519482826934
2025-07-10,75,76,12:20-12:40,13.915288677081435
2025-07-10,85,85,14:00-14:10,72.59348333333332
2025-07-10,94,95,15:30-15:50,73.3254428439833
2025-07-10,125,126,20:40-21:00,66.87137414133443
2025-07-10,129,129,21:20-21:30,51.949177483879566
2025-07-10,131,132,21:40-22:00,58.369374332148936
2025-07-10,137,137,22:40-22:50,13.068508606395653
2025-07-10,139,140,23:00-23:20,11.030518166864113
2025-07-11,1,6,00:00-01:00,4091.5309537971034
2025-07-11,20,21,03:10-03:30,39.407707303592474
2025-07-11,25,28,04:00-04:40,316.8173381262571
2025-07-11,30,31,04:50-05:10,214.58836198747957
2025-07-11,34,35,05:30-05:50,807.2722188267254
2025-07-11,51,54,08:20-09:00,148.06562936100602
2025-07-11,59,60,09:40-10:00,122.1259116697679
2025-07-11,62,63,10:10-10:30,117.96356194800046
2025-07-11,65,73,10:40-12:10,738.2065005987629
2025-07-11,125,126,20:40-21:00,65.98730646795607
2025-07-11,131,131,21:40-21:50,1.2419642255558756
2025-07-11,137,137,22:40-22:50,16.713393130675172
2025-07-11,142,144,23:30-24:00,58.21524871693657
2025-07-12,1,7,00:00-01:10,4210.670504964
2025-07-12,12,12,01:50-02:00,2.0088156336358907
2025-07-12,25,28,04:00-04:40,218.22197970700105
2025-07-12,30,34,04:50-05:40,929.209194548155
2025-07-12,45,47,07:20-07:50,91.88772785610888
2025-07-12,50,51,08:10-08:30,81.3880009700523
2025-07-12,54,59,08:50-09:50,137.58172660406433
2025-07-12,61,62,10:00-10:20,4.555498225330666
2025-07-12,64,66,10:30-11:00,109.23005978230276
2025-07-12,71,71,11:40-11:50,25.607378091101964
2025-07-12,94,94,15:30-15:40,39.59675953602914
2025-07-12,98,98,16:10-16:20,32.171342489613494
2025-07-12,125,126,20:40-21:00,66.14214586129775
2025-07-12,129,129,21:20-21:30,15.77191973943934
2025-07-12,131,132,21:40-22:00,65.71523109619727
2025-07-12,139,140,23:00-23:20,21.742034241347483
2025-07-13,6,8,00:50-01:20,212.1179509004903
2025-07-13,36,36,05:50-06:00,5.237815737032747
2025-07-13,42,42,06:50-07:00,19.469582534355993
2025-07-13,45,47,07:20-07:50,140.70095172579113
2025-07-13,63,65,10:20-10:50,87.94177193709697
2025-07-13,90,90,14:50-15:00,14.943099694508533
2025-07-13,116,117,19:10-19:30,41.24533076344619
2025-07-13,125,125,20:40-20:50,13.127710310567132
2025-07-13,137,137,22:40-22:50,33.26290021713385
2025-07-13,140,140,23:10-23:20,9.288903763653025
2025-07-13,142,142,23:30-23:40,25.873511290959414
2025-07-14,6,8,00:50-01:20,352.18793875524966
2025-07-14,36,36,05:50-06:00,16.005531433647434
2025-07-14,45,46,07:20-07:40,32.55059581523892
2025-07-14,55,56,09:00-09:20,40.686315605436675
2025-07-14,59,62,09:40-10:20,76.02993457503794
2025-07-14,65,65,10:40-10:50,28.696126999793023
2025-07-14,84,84,13:50-14:00,7.919931017239151
2025-07-14,90,90,14:50-15:00,8.080927005432613
2025-07-14,108,108,17:50-18:00,18.151240459271122
2025-07-14,125,126,20:40-21:00,46.9156150414531
2025-07-14,131,131,21:40-21:50,11.382004566390378
2025-07-14,137,137,22:40-22:50,5.907569015659874
2025-07-14,144,144,23:50-24:00,15.072912126595611
2025-07-15,6,6,00:50-01:00,216.59772787396935
2025-07-15,37,37,06:00-06:10,23.406655515763532
2025-07-15,43,43,07:00-07:10,23.276350234053552
2025-07-15,56,57,09:10-09:30,147.03313635722748
2025-07-15,60,62,09:50-10:20,48.237564297933886
2025-07-15,64,65,10:30-10:50,64.0693539037095
2025-07-15,70,73,11:30-12:10,370.06821842253726
2025-07-15,82,83,13:30-13:50,13.475362567443199
2025-07-15,125,126,20:40-21:00,52.4621408869591
2025-07-15,128,129,21:10-21:30,51.97359865771796
2025-07-15,137,137,22:40-22:50,74.48003871562082
2025-07-15,144,144,23:50-24:00,12.052500618502563
2025-07-16,36,36,05:50-06:00,87.55682158084676
2025-07-16,45,46,07:20-07:40,71.00674658037713
2025-07-16,55,56,09:00-09:20,115.07037522418364
2025-07-16,58,59,09:30-09:50,57.98385504013709
2025-07-16,62,64,10:10-10:40,200.62879554828623
2025-07-16,73,73,12:00-12:10,30.92346333070168
2025-07-16,90,90,14:50-15:00,205.03374777320334
2025-07-16,93,93,15:20-15:30,42.20167982817259
2025-07-16,96,97,15:50-16:10,21.01016286165452
2025-07-16,126,129,20:50-21:30,42.95568996578527
2025-07-16,131,131,21:40-21:50,46.00579681537067
2025-07-16,134,134,22:10-22:20,14.214964047901049
2025-07-16,142,142,23:30-23:40,32.980440742202745
2025-07-17,45,46,07:20-07:40,31.23671422273617
2025-07-17,51,52,08:20-08:40,82.8871589927245
2025-07-17,55,56,09:00-09:20,59.569335354275836
2025-07-17,60,62,09:50-10:20,30.14575771812042
2025-07-17,85,85,14:00-14:10,50.81641666666678
2025-07-17,98,99,16:10-16:30,52.88549483014697
2025-07-17,125,125,20:40-20:50,1.427668726148113
2025-07-17,127,127,21:00-21:10,41.644209711804024
2025-07-17,130,130,21:30-21:40,31.900145209896436
2025-07-17,134,134,22:10-22:20,41.34221079747351
2025-07-17,137,137,22:40-22:50,1.662467074615165
2025-07-17,142,142,23:30-23:40,73.48930636267892
2025-07-18,1,6,00:00-01:00,3864.8518723780953
2025-07-18,25,27,04:00-04:30,52.01929910347275
2025-07-18,30,31,04:50-05:10,149.26952479931566
2025-07-18,33,35,05:20-05:50,748.2144339118361
2025-07-18,45,48,07:20-08:00,102.42699276784549
2025-07-18,51,53,08:20-08:50,69.09332518564486
2025-07-18,55,56,09:00-09:20,19.023358103509963
2025-07-18,58,59,09:30-09:50,30.464029596939326
2025-07-18,64,64,10:30-10:40,36.94472223882872
2025-07-18,67,72,11:00-12:00,143.85950921643757
2025-07-18,96,96,15:50-16:00,21.530851854567345
2025-07-18,127,128,21:00-21:20,78.42745419134087
2025-07-18,130,131,21:30-21:50,59.167556415317904
2025-07-18,134,134,22:10-22:20,4.399994538755095
2025-07-18,137,137,22:40-22:50,12.804691841031854
2025-07-18,142,142,23:30-23:40,18.63965548098463
2025-07-19,1,5,00:00-00:50,3729.0598471086414
2025-07-19,15,15,02:20-02:30,1.6454507171995374
2025-07-19,25,28,04:00-04:40,122.61063158498295
2025-07-19,30,34,04:50-05:40,1042.004003803132
2025-07-19,43,44,07:00-07:20,42.41364223864048
2025-07-19,47,48,07:40-08:00,137.5913043821556
2025-07-19,51,53,08:20-08:50,111.15131804184762
2025-07-19,57,58,09:20-09:40,88.47153482037174
2025-07-19,61,63,10:00-10:30,117.42534656815769
2025-07-19,125,127,20:40-21:10,44.729003829451244
2025-07-19,130,131,21:30-21:50,14.61443937360184
2025-07-19,139,140,23:00-23:20,43.088277648374856
2025-07-19,142,143,23:30-23:50,74.86013643242518
2025-07-20,6,6,00:50-01:00,232.54879589701363
2025-07-20,39,40,06:20-06:40,34.01445798473185
2025-07-20,44,45,07:10-07:30,69.29481443047024
2025-07-20,56,60,09:10-10:00,161.34168256255566
2025-07-20,62,63,10:10-10:30,32.51600546218515
2025-07-20,69,69,11:20-11:30,73.23308426390645
2025-07-20,90,90,14:50-15:00,33.96714309307663
2025-07-20,128,129,21:10-21:30,82.10611893012265
2025-07-20,134,134,22:10-22:20,24.01154393341244
2025-07-20,139,139,23:00-23:10,8.400796025792715
2025-07-20,142,143,23:30-23:50,54.77848566258717
2025-07-21,6,6,00:50-01:00,313.46298135460654
2025-07-21,13,13,02:00-02:10,8.254755487564125
2025-07-21,39,39,06:20-06:30,44.64013594363905
2025-07-21,46,47,07:30-07:50,120.29653543981362
2025-07-21,51,51,08:20-08:30,19.38432516966509
2025-07-21,57,57,09:20-09:30,10.771944452277467
2025-07-21,62,63,10:10-10:30,79.18968687797292
2025-07-21,74,74,12:10-12:20,14.126340368093452
2025-07-21,89,89,14:40-14:50,12.264102758822332
2025-07-21,96,96,15:50-16:00,34.42378463801617
2025-07-21,105,105,17:20-17:30,32.93647026770435
2025-07-21,108,108,17:50-18:00,3.3184422245407177
2025-07-21,127,128,21:00-21:20,60.44894473614954
2025-07-21,131,131,21:40-21:50,5.880731398868306
2025-07-21,137,137,22:40-22:50,14.033790992235822
2025-07-21,139,140,23:00-23:20,7.656714061060711
2025-07-21,142,142,23:30-23:40,28.734486110014586
2025-07-22,6,6,00:50-01:00,415.2279029543371
2025-07-22,25,25,04:00-04:10,7.470751426879456
2025-07-22,36,36,05:50-06:00,19.693822142951262
2025-07-22,44,45,07:10-07:30,45.15884243979451
2025-07-22,60,62,09:50-10:20,50.11451984847622
2025-07-22,64,65,10:30-10:50,50.84052202451403
2025-07-22,80,82,13:10-13:40,127.23362326245956
2025-07-22,92,92,15:10-15:20,9.0461429667954
2025-07-22,99,99,16:20-16:30,2.166151608294399
2025-07-22,125,125,20:40-20:50,12.583519722519668
2025-07-22,131,131,21:40-21:50,33.077974036057185
2025-07-22,134,134,22:10-22:20,18.649273634688825
2025-07-22,139,140,23:00-23:20,21.134528786682267
2025-07-23,6,6,00:50-01:00,82.58814295301988
2025-07-23,33,33,05:20-05:30,5.533358289624424
2025-07-23,38,38,06:10-06:20,6.321217049235884
2025-07-23,42,43,06:50-07:10,50.713728896822204
2025-07-23,48,48,07:50-08:00,20.579197098302757
2025-07-23,51,51,08:20-08:30,13.270221478389999
2025-07-23,60,63,09:50-10:30,142.83033880867765
2025-07-23,65,65,10:40-10:50,20.397004772244827
2025-07-23,81,81,13:20-13:30,16.847916666666606
2025-07-23,85,85,14:00-14:10,8.455899999999929
2025-07-23,87,88,14:20-14:40,35.65435610700649
2025-07-23,95,95,15:40-15:50,4.730152310454514
2025-07-23,125,127,20:40-21:10,51.325105770496066
2025-07-23,130,131,21:30-21:50,27.34802119357812
2025-07-23,137,137,22:40-22:50,16.459757283853264
2025-07-23,142,143,23:30-23:50,37.47474339386736
2025-07-24,6,6,00:50-01:00,273.680831714699
2025-07-24,36,36,05:50-06:00,23.408617457183936
2025-07-24,46,46,07:30-07:40,30.766731020999146
2025-07-24,57,57,09:20-09:30,19.479058351662616
2025-07-24,60,65,09:50-10:50,184.57935978700243
2025-07-24,78,78,12:50-13:00,26.69083333333333
2025-07-24,82,83,13:30-13:50,44.92479425206352
2025-07-24,89,89,14:40-14:50,1.6433571635363933
2025-07-24,95,96,15:40-16:00,180.0408562921815
2025-07-24,99,99,16:20-16:30,30.088906831726035
2025-07-24,101,102,16:40-17:00,37.716361352997694
2025-07-24,125,125,20:40-20:50,5.994856007369435
2025-07-24,128,129,21:10-21:30,37.557631537044244
2025-07-24,131,131,21:40-21:50,17.92203603105702
2025-07-24,139,140,23:00-23:20,27.34917943808398
2025-07-24,144,144,23:50-24:00,58.559342913541286
2025-07-25,1,5,00:00-00:50,3926.385160580341
2025-07-25,25,26,04:00-04:20,136.86777509352737
2025-07-25,29,31,04:40-05:10,204.69711003515496
2025-07-25,34,35,05:30-05:50,794.7260777564719
2025-07-25,45,47,07:20-07:50,212.90425267140404
2025-07-25,52,53,08:30-08:50,137.5094189630214
2025-07-25,57,58,09:20-09:40,117.45642075837031
2025-07-25,61,64,10:00-10:40,160.18692661440377
2025-07-25,127,129,21:00-21:30,85.9691143571523
2025-07-25,139,140,23:00-23:20,51.36168305698129
2025-07-25,142,143,23:30-23:50,38.409522108172155
2025-07-26,1,6,00:00-01:00,3957.9016436110005
2025-07-26,17,17,02:40-02:50,28.122123522832
2025-07-26,24,24,03:50-04:00,28.50621397552311
2025-07-26,27,31,04:20-05:10,235.3606626360611
2025-07-26,33,35,05:20-05:50,854.2148805566519
2025-07-26,45,46,07:20-07:40,49.659891436843395
2025-07-26,48,50,07:50-08:20,69.9819849679468
2025-07-26,53,54,08:40-09:00,194.8065265467261
2025-07-26,57,57,09:20-09:30,50.528051533096686
2025-07-26,60,60,09:50-10:00,78.4255720959527
2025-07-26,63,67,10:20-11:10,312.66881794314986
2025-07-26,127,128,21:00-21:20,46.860763435978356
2025-07-26,134,134,22:10-22:20,6.5490603566256596
2025-07-26,136,136,22:30-22:40,6.076714541386991
2025-07-26,139,140,23:00-23:20,60.16040628372161
2025-07-26,143,144,23:40-24:00,76.04726297539162
2025-07-27,6,6,00:50-01:00,332.75470669930803
2025-07-27,13,13,02:00-02:10,16.284326151101595
2025-07-27,29,29,04:40-04:50,5.836442841163373
2025-07-27,32,33,05:10-05:30,17.728486788802062
2025-07-27,36,39,05:50-06:30,54.987594498336534
2025-07-27,43,46,07:00-07:40,94.32202500892981
2025-07-27,49,52,08:00-08:40,100.96137755719815
2025-07-27,55,55,09:00-09:10,48.28711616848091
2025-07-27,59,59,09:40-09:50,10.587205232831366
2025-07-27,61,62,10:00-10:20,29.681419771398623
2025-07-27,64,65,10:30-10:50,55.47946501607362
2025-07-27,84,84,13:50-14:00,30.83416666666676
2025-07-27,126,128,20:50-21:20,37.31996779839449
2025-07-27,130,130,21:30-21:40,8.429993025398062
2025-07-27,134,134,22:10-22:20,49.41125037504946
2025-07-27,137,138,22:40-23:00,6.478426740360192
2025-07-27,143,144,23:40-24:00,63.526170838268285
2025-07-28,1,1,00:00-00:10,9.283305513883079
2025-07-28,6,6,00:50-01:00,338.94982635491317
2025-07-28,38,38,06:10-06:20,15.2923735021526
2025-07-28,42,42,06:50-07:00,4.578383854078481
2025-07-28,45,46,07:20-07:40,35.10660534374847
2025-07-28,50,51,08:10-08:30,116.48404640460228
2025-07-28,56,57,09:10-09:30,104.07303942906015
2025-07-28,60,63,09:50-10:30,126.99620076513838
2025-07-28,72,76,11:50-12:40,447.69104356400294
2025-07-28,83,84,13:40-14:00,77.02656784257329
2025-07-28,98,98,16:10-16:20,24.948041841031795
2025-07-28,102,103,16:50-17:10,43.17572985167226
2025-07-28,106,106,17:30-17:40,80.63539372285877
2025-07-28,109,110,18:00-18:20,34.22637718346091
2025-07-28,125,129,20:40-21:30,77.44707443084644
2025-07-28,133,133,22:00-22:10,8.656465455981106
2025-07-28,139,141,23:00-23:30,147.48583366232424
2025-07-29,3,3,00:20-00:30,3.5663580734305924
2025-07-29,6,6,00:50-01:00,712.2554961179103
2025-07-29,42,43,06:50-07:10,72.98457998420827
2025-07-29,46,46,07:30-07:40,20.766282656552676
2025-07-29,59,60,09:40-10:00,119.33134450209604
2025-07-29,63,63,10:20-10:30,22.517516841501674
2025-07-29,65,68,10:40-11:20,303.34129875641554
2025-07-29,72,72,11:50-12:00,27.755539427180565
2025-07-29,100,101,16:30-16:50,36.30062855450859
2025-07-29,114,114,18:50-19:00,20.575102645084826
2025-07-29,125,125,20:40-20:50,9.010534090011674
2025-07-29,129,130,21:20-21:40,45.86712462166042
2025-07-29,134,134,22:10-22:20,35.21760706671921
2025-07-29,139,140,23:00-23:20,50.98956406764046
2025-07-30,5,6,00:40-01:00,355.2765813528089
2025-07-30,19,19,03:00-03:10,9.339839445979578
2025-07-30,40,41,06:30-06:50,5.355932506157103
2025-07-30,44,45,07:10-07:30,134.8757562461226
2025-07-30,51,51,08:20-08:30,21.90898598029787
2025-07-30,54,54,08:50-09:00,14.701423237080007
2025-07-30,65,65,10:40-10:50,34.608351753990064
2025-07-30,88,88,14:30-14:40,113.97882634933194
2025-07-30,92,92,15:10-15:20,12.284066770063646
2025-07-30,113,113,18:40-18:50,14.45264791419936
2025-07-30,125,126,20:40-21:00,35.91320920515864
2025-07-30,129,130,21:20-21:40,60.07721237004853
2025-07-30,137,137,22:40-22:50,35.70105501381761
2025-07-30,143,144,23:40-24:00,30.85433637320682
2025-07-31,6,6,00:50-01:00,247.572347904126
2025-07-31,14,15,02:10-02:30,28.647088156336622
2025-07-31,43,44,07:00-07:20,86.83948074088698
2025-07-31,49,50,08:00-08:20,25.52847533604063
2025-07-31,58,59,09:30-09:50,58.974730168443216
2025-07-31,63,65,10:20-10:50,135.44315971462424
2025-07-31,84,84,13:50-14:00,7.465969534525129
2025-07-31,94,94,15:30-15:40,9.90931500949398
2025-07-31,105,105,17:20-17:30,29.357524274810146
2025-07-31,125,125,20:40-20:50,6.310873259639493
2025-07-31,129,130,21:20-21:40,24.937797210159033
2025-07-31,139,140,23:00-23:20,39.777620213185855
2025-07-31,142,143,23:30-23:50,85.27193419528885
2025-08-01,1,6,00:00-01:00,4295.353889214954
2025-08-01,12,12,01:50-02:00,20.97534346624559
2025-08-01,24,24,03:50-04:00,24.578137912883335
2025-08-01,26,27,04:10-04:30,65.46323379922465
2025-08-01,30,31,04:50-05:10,89.38452359896974
2025-08-01,33,34,05:20-05:40,932.7087401974613
2025-08-01,44,44,07:10-07:20,40.84000298253534
2025-08-01,48,49,07:50-08:10,177.93441197243988
2025-08-01,55,56,09:00-09:20,88.54942913917239
2025-08-01,58,61,09:30-10:10,90.08557604290081
2025-08-01,123,123,20:20-20:30,0.35931701539686856
2025-08-01,128,129,21:10-21:30,65.78492226608773
2025-08-01,134,134,22:10-22:20,32.251455553362234
2025-08-01,137,137,22:40-22:50,33.918518634030534
2025-08-01,142,144,23:30-24:00,37.89569943413608
2025-08-02,1,6,00:00-01:00,3995.242575227791
2025-08-02,24,24,03:50-04:00,4.81440321094874
2025-08-02,27,28,04:20-04:40,78.43423887353617
2025-08-02,32,36,05:10-06:00,910.0441499450242
2025-08-02,45,45,07:20-07:30,2.573504867181782
2025-08-02,51,51,08:20-08:30,37.44242773767223
2025-08-02,54,54,08:50-09:00,17.93208421126883
2025-08-02,59,60,09:40-10:00,180.87587791062765
2025-08-02,62,63,10:10-10:30,93.08388577256392
2025-08-02,111,111,18:20-18:30,6.494930329178622
2025-08-02,114,114,18:50-19:00,5.055604684827017
2025-08-02,125,126,20:40-21:00,38.09395528077005
2025-08-02,129,129,21:20-21:30,42.44376529148576
2025-08-02,134,134,22:10-22:20,15.96958099091978
2025-08-02,137,137,22:40-22:50,13.110425036188985
2025-08-02,140,140,23:10-23:20,3.9496009014342235
2025-08-02,143,144,23:40-24:00,44.903681280431556
2025-08-03,6,6,00:50-01:00,233.38038980410965
2025-08-03,21,21,03:20-03:30,16.262530596131114
2025-08-03,35,35,05:40-05:50,15.908597917959256
2025-08-03,41,41,06:40-06:50,8.555708833869176
2025-08-03,46,46,07:30-07:40,25.08307892955861
2025-08-03,55,56,09:00-09:20,69.0227291833512
2025-08-03,59,60,09:40-10:00,55.00255340176341
2025-08-03,62,63,10:10-10:30,97.25225155189605
2025-08-03,118,120,19:30-20:00,90.66147852537028
2025-08-03,125,125,20:40-20:50,6.514321664504905
2025-08-03,127,127,21:00-21:10,7.696222187129592
2025-08-03,129,130,21:20-21:40,40.81808358336605
2025-08-03,133,134,22:00-22:20,45.72342175286212
2025-08-03,136,136,22:30-22:40,13.825150697460458
2025-08-03,140,140,23:10-23:20,23.279928766942817
2025-08-03,144,144,23:50-24:00,12.427929043295421
2025-08-04,6,6,00:50-01:00,668.1207659368534
2025-08-04,26,27,04:10-04:30,40.03284699302509
2025-08-04,36,36,05:50-06:00,29.51400328896659
2025-08-04,46,46,07:30-07:40,26.03600915251991
2025-08-04,58,58,09:30-09:40,91.02784017821864
2025-08-04,61,62,10:00-10:20,77.34077096892429
2025-08-04,64,65,10:30-10:50,15.682646151749168
2025-08-04,90,90,14:50-15:00,38.05597920967011
2025-08-04,104,104,17:10-17:20,6.962482044629667
2025-08-04,113,113,18:40-18:50,8.504123516252207
2025-08-04,121,121,20:00-20:10,0.32158409095188745
2025-08-04,125,126,20:40-21:00,47.86268288966562
2025-08-04,129,131,21:20-21:50,58.799525279642125
2025-08-04,133,134,22:00-22:20,20.468940097381505
2025-08-04,139,140,23:00-23:20,41.38681619949989
2025-08-04,143,144,23:40-24:00,42.424412791156556
2025-08-05,6,6,00:50-01:00,432.2983711042799
2025-08-05,14,14,02:10-02:20,16.76691023818921
2025-08-05,28,28,04:30-04:40,14.164628490590985
2025-08-05,35,35,05:40-05:50,2.1141091468802387
2025-08-05,39,39,06:20-06:30,11.149494317861354
2025-08-05,58,60,09:30-10:00,73.93597169740383
2025-08-05,62,63,10:10-10:30,161.95055405786434
2025-08-05,90,90,14:50-15:00,115.18305213467943
2025-08-05,126,127,20:50-21:10,130.27956274509802
2025-08-05,130,131,21:30-21:50,50.773858764311285
2025-08-05,134,134,22:10-22:20,27.224088774838947
2025-08-05,140,140,23:10-23:20,4.53557613501755
2025-08-05,142,142,23:30-23:40,8.123194611133158
2025-08-06,4,4,00:30-00:40,4.859397118041898
2025-08-06,6,6,00:50-01:00,725.0460777161932
2025-08-06,21,22,03:20-03:40,8.165598996108542
2025-08-06,35,35,05:40-05:50,4.801834559058491
2025-08-06,42,42,06:50-07:00,0.21989681443051268
2025-08-06,56,57,09:10-09:30,76.63669361758139
2025-08-06,60,60,09:50-10:00,62.57554091327734
2025-08-06,63,64,10:20-10:40,104.54503269791189
2025-08-06,86,87,14:10-14:30,73.74546436937158
2025-08-06,89,91,14:40-15:10,187.77480355403918
2025-08-06,95,96,15:40-16:00,67.44483668903774
2025-08-06,102,104,16:50-17:20,30.67780410956317
2025-08-06,106,107,17:30-17:50,55.022845155378434
2025-08-06,111,112,18:20-18:40,25.29819468633069
2025-08-06,122,125,20:10-20:50,275.4948740282788
2025-08-06,127,128,21:00-21:20,60.41037381234378
2025-08-06,130,131,21:30-21:50,6.979259553888937
2025-08-06,134,134,22:10-22:20,1.953990103960905
2025-08-06,136,136,22:30-22:40,16.233994071588313
2025-08-06,139,140,23:00-23:20,112.18221987761535
2025-08-06,143,144,23:40-24:00,85.24244649295974
2025-08-07,1,1,00:00-00:10,30.208217956310136
2025-08-07,5,6,00:40-01:00,823.8523714830899
2025-08-07,8,8,01:10-01:20,2.8879831034552126
2025-08-07,13,13,02:00-02:10,3.223220910646205
2025-08-07,25,26,04:00-04:20,7.8911538003122015
2025-08-07,31,31,05:00-05:10,21.472584984866444
2025-08-07,42,42,06:50-07:00,22.999996237286723
2025-08-07,44,45,07:10-07:30,105.2122714943697
2025-08-07,48,48,07:50-08:00,11.74429361006139
2025-08-07,56,61,09:10-10:10,121.95442216081074
2025-08-07,64,65,10:30-10:50,98.25603284172712
2025-08-07,90,90,14:50-15:00,34.83860284059915
2025-08-07,121,121,20:00-20:10,25.599247135901464
2025-08-07,125,127,20:40-21:10,37.747554745924845
2025-08-07,131,132,21:40-22:00,75.45857990525099
2025-08-07,137,137,22:40-22:50,3.9912676931177202
2025-08-07,140,140,23:10-23:20,4.49946109356506
2025-08-07,144,144,23:50-24:00,33.04455556652181
2025-08-08,1,3,00:00-00:30,2460.9691920976447
2025-08-08,5,7,00:40-01:10,1578.8226381629163
2025-08-08,9,9,01:20-01:30,584.0030528490475
2025-08-08,26,28,04:10-04:40,161.53719801759624
2025-08-08,32,34,05:10-05:40,1097.9792579488808
2025-08-08,36,36,05:50-06:00,13.172786763295903
2025-08-08,45,45,07:20-07:30,14.765060293647593
2025-08-08,48,49,07:50-08:10,56.897223699547
2025-08-08,53,54,08:40-09:00,102.68660429097781
2025-08-08,57,57,09:20-09:30,22.00382640291059
2025-08-08,63,63,10:20-10:30,17.016807608144063
2025-08-08,102,103,16:50-17:10,42.90939179497286
2025-08-08,108,108,17:50-18:00,0.8922470061850447
2025-08-08,112,112,18:30-18:40,11.684914062000818
2025-08-08,121,122,20:00-20:20,10.598446384862655
2025-08-08,125,126,20:40-21:00,56.42513272611063
2025-08-08,130,132,21:30-22:00,124.06305566521905
2025-08-08,140,140,23:10-23:20,20.545733537307456
2025-08-08,144,144,23:50-24:00,11.03654708514307
2025-08-09,1,6,00:00-01:00,4555.300914571601
2025-08-09,12,12,01:50-02:00,2.7449868403738265
2025-08-09,26,28,04:10-04:40,157.22770401650573
2025-08-09,30,34,04:50-05:40,1070.0149720300974
2025-08-09,36,36,05:50-06:00,43.17757422123225
2025-08-09,47,47,07:40-07:50,22.45838571992556
2025-08-09,50,51,08:10-08:30,43.81385306431309
2025-08-09,54,55,08:50-09:10,33.69390511909478
2025-08-09,58,58,09:30-09:40,43.07126102118673
2025-08-09,61,63,10:00-10:30,144.3260467072737
2025-08-09,101,101,16:40-16:50,23.74159714624102
2025-08-09,103,103,17:00-17:10,0.4509628992536818
2025-08-09,108,108,17:50-18:00,5.6243132555035515
2025-08-09,111,111,18:20-18:30,3.8330827120110165
2025-08-09,115,115,19:00-19:10,13.253260764574406
2025-08-09,125,128,20:40-21:20,101.36174339198772
2025-08-09,131,131,21:40-21:50,10.48095958020781
2025-08-09,134,135,22:10-22:30,23.860459468350996
2025-08-09,138,138,22:50-23:00,2.225063824187373
2025-08-09,142,143,23:30-23:50,48.72208612975419
2025-08-10,2,2,00:10-00:20,2.5558967298331936
2025-08-10,6,6,00:50-01:00,724.0075264579503
2025-08-10,17,17,02:40-02:50,10.075474417686564
2025-08-10,24,24,03:50-04:00,11.843436636399701
2025-08-10,55,59,09:00-09:50,221.2541814703061
2025-08-10,62,62,10:10-10:20,0.5265439822912867
2025-08-10,66,66,10:50-11:00,7.459425187524403
2025-08-10,68,68,11:10-11:20,14.538069224333412
2025-08-10,70,71,11:30-11:50,89.16535838926166
2025-08-10,73,75,12:00-12:30,341.61522357547074
2025-08-10,96,96,15:50-16:00,43.77394823379018
2025-08-10,100,101,16:30-16:50,20.428781998570628
2025-08-10,103,105,17:00-17:30,51.284079801259566
2025-08-10,108,108,17:50-18:00,6.123639530577407
2025-08-10,124,124,20:30-20:40,4.903236447465019
2025-08-10,127,127,21:00-21:10,6.048811863403444
2025-08-10,130,130,21:30-21:40,15.946361343597914
2025-08-10,134,134,22:10-22:20,26.791301125148266
2025-08-10,137,138,22:40-23:00,72.76065498749847
2025-08-10,142,142,23:30-23:40,0.6193959534148235
2025-08-11,3,4,00:20-00:40,59.3649592446377
2025-08-11,6,7,00:50-01:10,820.9987494716634
2025-08-11,33,33,05:20-05:30,6.370288078318662
2025-08-11,44,45,07:10-07:30,84.8018444832968
2025-08-11,52,54,08:30-09:00,95.17886221777314
2025-08-11,56,57,09:10-09:30,44.69763150038534
2025-08-11,60,60,09:50-10:00,11.389964050720891
2025-08-11,64,65,10:30-10:50,49.383880498373856
2025-08-11,68,68,11:10-11:20,53.12305634199947
2025-08-11,92,92,15:10-15:20,15.726979160791984
2025-08-11,110,111,18:10-18:30,33.68868316319829
2025-08-11,114,114,18:50-19:00,0.579351888406336
2025-08-11,116,118,19:10-19:40,90.78962205083383
2025-08-11,121,121,20:00-20:10,24.71864199424715
2025-08-11,125,125,20:40-20:50,16.910332252363673
2025-08-11,129,131,21:20-21:50,39.956665699433984
2025-08-11,133,133,22:00-22:10,23.11114001842361
2025-08-11,137,138,22:40-23:00,33.66321976575853
2025-08-11,142,142,23:30-23:40,43.51843718252405
2025-08-12,1,2,00:00-00:20,45.321377200947154
2025-08-12,6,6,00:50-01:00,675.9627845676686
2025-08-12,18,18,02:50-03:00,34.0746078431373
2025-08-12,20,20,03:10-03:20,8.265443748526877
2025-08-12,29,30,04:40-05:00,49.482911233620726
2025-08-12,33,33,05:20-05:30,3.1791064350573173
2025-08-12,57,58,09:20-09:40,114.13224891245136
2025-08-12,61,70,10:00-11:40,1164.8738509136533
2025-08-12,76,76,12:30-12:40,30.47707380670431
2025-08-12,86,87,14:10-14:30,42.52894548248878
2025-08-12,91,93,15:00-15:30,127.74411722595084
2025-08-12,97,100,16:00-16:40,148.56274053634905
2025-08-12,104,107,17:10-17:50,185.70524722707825
2025-08-12,110,112,18:10-18:40,66.26328528189802
2025-08-12,115,116,19:00-19:20,89.25166200628416
2025-08-12,118,120,19:30-20:00,70.23652235444649
2025-08-12,122,126,20:10-21:00,404.93658238020083
2025-08-12,129,131,21:20-21:50,23.261226141597717
2025-08-12,134,134,22:10-22:20,17.61209776286364
2025-08-12,139,140,23:00-23:20,20.206747006185196
2025-08-12,144,144,23:50-24:00,4.0653544084746045
2025-08-13,6,6,00:50-01:00,793.8152644911053
2025-08-13,8,8,01:10-01:20,20.533013929464346
2025-08-13,12,12,01:50-02:00,2.6640686883749822
2025-08-13,16,17,02:30-02:50,27.83384127516763
2025-08-13,19,19,03:00-03:10,20.68602024868676
2025-08-13,28,28,04:30-04:40,2.4766625806029197
2025-08-13,31,31,05:00-05:10,15.053301863341972
2025-08-13,33,33,05:20-05:30,13.143304852142112
2025-08-13,36,36,05:50-06:00,50.94142157238764
2025-08-13,43,44,07:00-07:20,28.908367274829118
2025-08-13,56,72,09:10-12:00,1423.8538507726585
2025-08-13,85,85,14:00-14:10,29.609883333333528
2025-08-13,106,106,17:30-17:40,15.756042785704693
2025-08-13,109,110,18:00-18:20,25.615555282649453
2025-08-13,116,117,19:10-19:30,44.32820277010126
2025-08-13,124,125,20:30-20:50,49.17202307164462
2025-08-13,127,128,21:00-21:20,31.033593420187003
2025-08-13,131,131,21:40-21:50,6.961080846163782
2025-08-13,137,137,22:40-22:50,18.645373345176722
2025-08-13,143,144,23:40-24:00,46.567661152783444
2025-08-14,4,4,00:30-00:40,0.7143584287405247
2025-08-14,6,6,00:50-01:00,686.8823616312411
2025-08-14,11,11,01:40-01:50,25.28432541781831
2025-08-14,16,16,02:30-02:40,9.329674621660729
2025-08-14,22,22,03:30-03:40,32.86552468745879
2025-08-14,25,25,04:00-04:10,18.626590794841604
2025-08-14,36,36,05:50-06:00,11.436690381253584
2025-08-14,38,39,06:10-06:30,46.19290748970741
2025-08-14,42,42,06:50-07:00,14.207038268193003
2025-08-14,46,46,07:30-07:40,61.826306778147455
2025-08-14,49,49,08:00-08:10,122.81895749722719
2025-08-14,52,53,08:30-08:50,140.48747683717806
2025-08-14,56,56,09:10-09:20,4.672918714868274
2025-08-14,59,60,09:40-10:00,123.43550155471598
2025-08-14,63,63,10:20-10:30,46.909125412178355
2025-08-14,68,69,11:10-11:30,136.01399091703775
2025-08-14,72,74,11:50-12:20,154.2027604064442
2025-08-14,77,78,12:40-13:00,25.32243670501748
2025-08-14,97,98,16:00-16:20,65.34262727332509
2025-08-14,101,102,16:40-17:00,74.6117791871107
2025-08-14,105,108,17:20-18:00,35.430161216701435
2025-08-14,111,111,18:20-18:30,27.61803198353168
2025-08-14,114,115,18:50-19:10,46.45503602353676
2025-08-14,124,127,20:30-21:10,103.19005567837871
2025-08-14,130,130,21:30-21:40,28.90669980918517
2025-08-14,137,137,22:40-22:50,28.195222779312985
2025-08-14,142,143,23:30-23:50,65.06384380839563
2025-08-15,1,5,00:00-00:50,3265.9628294051845
2025-08-15,7,9,01:00-01:30,936.3988393933414
2025-08-15,11,13,01:40-02:10,801.0483817037297
2025-08-15,15,15,02:20-02:30,35.378409369653696
2025-08-15,25,25,04:00-04:10,60.519406612712146
2025-08-15,28,29,04:30-04:50,95.35742648186795
2025-08-15,31,34,05:00-05:40,486.7430703948939
2025-08-15,47,48,07:40-08:00,39.76824621096773
2025-08-15,51,53,08:20-08:50,143.30052473539763
2025-08-15,58,59,09:30-09:50,117.84803940744109
2025-08-15,63,63,10:20-10:30,45.945524793675986
2025-08-15,65,65,10:40-10:50,9.613033333333306
2025-08-15,98,99,16:10-16:30,12.536403037993523
2025-08-15,110,111,18:10-18:30,37.446054326697215
2025-08-15,120,120,19:50-20:00,32.73327547045676
2025-08-15,124,124,20:30-20:40,14.123031994809708
2025-08-15,127,128,21:00-21:20,65.38603487300952
2025-08-15,130,130,21:30-21:40,24.266810047374747
2025-08-15,134,134,22:10-22:20,3.885665548098359
2025-08-15,137,137,22:40-22:50,14.652142755625732
2025-08-15,139,139,23:00-23:10,41.18284096591651
2025-08-15,143,144,23:40-24:00,48.85566612054231
2025-08-16,1,1,00:00-00:10,850.6702504474273
2025-08-16,3,7,00:20-01:10,3309.185324779576
2025-08-16,9,11,01:20-01:50,777.9520484410733
2025-08-16,19,19,03:00-03:10,13.862414659823685
2025-08-16,23,23,03:40-03:50,16.38168273739018
2025-08-16,26,30,04:10-05:00,219.5168375773128
2025-08-16,33,36,05:20-06:00,1206.8845260104783
2025-08-16,48,48,07:50-08:00,7.590464519767465
2025-08-16,52,52,08:30-08:40,52.57890342620249
2025-08-16,55,57,09:00-09:30,161.07023809523844
2025-08-16,60,61,09:50-10:10,46.52659272272649
2025-08-16,97,97,16:00-16:10,4.431746364183141
2025-08-16,101,101,16:40-16:50,17.356230258680796
2025-08-16,109,113,18:00-18:50,37.45241435809163
2025-08-16,117,117,19:20-19:30,1.187352941176755
2025-08-16,122,124,20:10-20:40,31.418626767357182
2025-08-16,126,127,20:50-21:10,60.30072291748934
2025-08-16,130,131,21:30-21:50,48.4784103895247
2025-08-16,134,134,22:10-22:20,17.374776167916934
2025-08-16,144,144,23:50-24:00,15.885837801026469
2025-08-17,3,3,00:20-00:30,13.610734965126994
2025-08-17,6,6,00:50-01:00,511.9893214304507
2025-08-17,13,15,02:00-02:30,37.95305590209239
2025-08-17,17,17,02:40-02:50,39.77458825503379
2025-08-17,19,19,03:00-03:10,26.312293222792505
2025-08-17,22,22,03:30-03:40,63.672022384607544
2025-08-17,31,31,05:00-05:10,3.607338490967081
2025-08-17,37,37,06:00-06:10,17.72831171770713
2025-08-17,41,44,06:40-07:20,73.0194096854845
2025-08-17,51,51,08:20-08:30,34.557265876148904
2025-08-17,56,57,09:10-09:30,71.67161385332702
2025-08-17,60,61,09:50-10:10,11.373975307841647
2025-08-17,66,66,10:50-11:00,19.439920138927846
2025-08-17,68,70,11:10-11:40,164.68195738349118
2025-08-17,97,98,16:00-16:20,41.113606749948985
2025-08-17,100,100,16:30-16:40,18.99827183175114
2025-08-17,110,111,18:10-18:30,55.05907262703768
2025-08-17,116,118,19:10-19:40,60.08336360423368
2025-08-17,123,123,20:20-20:30,10.074613764969058
2025-08-17,126,131,20:50-21:50,65.69601693643904
2025-08-17,137,137,22:40-22:50,54.89922735228299
2025-08-17,142,144,23:30-24:00,45.21035728385323
2025-08-18,1,1,00:00-00:10,19.588340788261803
2025-08-18,6,6,00:50-01:00,571.8395978276862
2025-08-18,10,10,01:30-01:40,8.943612804316217
2025-08-18,13,14,02:00-02:20,188.4092524113811
2025-08-18,16,18,02:30-03:00,59.088478751834714
2025-08-18,24,24,03:50-04:00,25.37461968680077
2025-08-18,28,28,04:30-04:40,5.4093445763542265
2025-08-18,35,37,05:40-06:10,27.154415600736854
2025-08-18,45,45,07:20-07:30,17.187122600718112
2025-08-18,48,52,07:50-08:40,85.3362242466111
2025-08-18,55,55,09:00-09:10,38.90021522286759
2025-08-18,58,59,09:30-09:50,99.9633429022615
2025-08-18,62,64,10:10-10:40,15.49762725452615
2025-08-18,87,87,14:20-14:30,8.03125
2025-08-18,90,90,14:50-15:00,8.022629175831526
2025-08-18,99,99,16:20-16:30,2.5321629725714274
2025-08-18,102,102,16:50-17:00,7.38898022296172
2025-08-18,105,105,17:20-17:30,85.45177347113346
2025-08-18,109,109,18:00-18:10,7.948574363168191
2025-08-18,115,116,19:00-19:20,35.641405442445375
2025-08-18,120,120,19:50-20:00,40.60817410185564
2025-08-18,123,124,20:20-20:40,57.224399730227674
2025-08-18,126,126,20:50-21:00,0.2422535794180476
2025-08-18,129,131,21:20-21:50,60.088438584023834
2025-08-18,137,138,22:40-23:00,39.90747381234371
2025-08-18,142,143,23:30-23:50,59.782011185682336
2025-08-19,5,5,00:40-00:50,6.954880253980946
2025-08-19,7,9,01:00-01:30,234.51361903653674
2025-08-19,11,12,01:40-02:00,69.75842296354779
2025-08-19,14,15,02:10-02:30,91.67321720710379
2025-08-19,19,19,03:00-03:10,23.12196930622747
2025-08-19,27,28,04:20-04:40,25.565224898952888
2025-08-19,51,52,08:20-08:40,40.57509208448516
2025-08-19,55,55,09:00-09:10,39.485055412366364
2025-08-19,58,59,09:30-09:50,50.841647606828474
2025-08-19,61,62,10:00-10:20,21.282494584814003
2025-08-19,65,66,10:40-11:00,120.46064616678882
2025-08-19,68,71,11:10-11:50,236.72090270712238
2025-08-19,88,90,14:30-15:00,81.4878610052076
2025-08-19,95,96,15:40-16:00,30.231936757656285
2025-08-19,110,111,18:10-18:30,15.623892946440318
2025-08-19,117,121,19:20-20:10,113.15607067095289
2025-08-19,125,126,20:40-21:00,75.81323736017885
2025-08-19,128,130,21:10-21:40,90.60192879984209
2025-08-19,137,137,22:40-22:50,13.331111587051055
2025-08-19,139,139,23:00-23:10,23.985039182786977
2025-08-19,142,143,23:30-23:50,57.572130438215595
2025-08-20,2,3,00:10-00:30,34.7885539807869
2025-08-20,6,6,00:50-01:00,767.3666416633769
2025-08-20,12,12,01:50-02:00,24.973601789709278
2025-08-20,15,15,02:20-02:30,28.157671948389975
2025-08-20,19,19,03:00-03:10,6.580127714172818
2025-08-20,24,24,03:50-04:00,8.019610475062336
2025-08-20,33,33,05:20-05:30,3.9996078431372553
2025-08-20,38,44,06:10-07:20,69.99729286278296
2025-08-20,46,49,07:30-08:10,53.293838571804656
2025-08-20,52,57,08:30-09:30,350.0527487000165
2025-08-20,61,76,10:00-12:40,1555.42294309317
2025-08-20,79,81,13:00-13:30,191.83038280600817
2025-08-20,86,86,14:10-14:20,4.33411844697639
2025-08-20,88,89,14:30-14:50,41.98403108961679
2025-08-20,93,93,15:20-15:30,71.65857937510634
2025-08-20,99,99,16:20-16:30,8.450051722031503
2025-08-20,102,104,16:50-17:20,35.762911397071775
2025-08-20,108,108,17:50-18:00,56.14990635515953
2025-08-20,111,111,18:20-18:30,14.898863422968248
2025-08-20,119,121,19:40-20:10,60.20678448950048
2025-08-20,125,126,20:40-21:00,103.98175003947904
2025-08-20,129,129,21:20-21:30,62.51407058823531
2025-08-20,134,134,22:10-22:20,5.030646183708313
2025-08-20,137,137,22:40-22:50,11.826446052112033
2025-08-20,139,139,23:00-23:10,18.162337616791774
2025-08-20,144,144,23:50-24:00,7.007913153046502
2025-08-21,2,2,00:10-00:20,9.479094341360678
2025-08-21,6,7,00:50-01:10,833.130288601731
2025-08-21,17,18,02:40-03:00,36.74512935912617
2025-08-21,22,24,03:30-04:00,100.57300023759272
2025-08-21,26,26,04:10-04:20,11.847899041250116
2025-08-21,30,30,04:50-05:00,32.67621936157002
2025-08-21,32,32,05:10-05:20,0.7824910664133995
2025-08-21,54,55,08:50-09:10,113.49687014832762
2025-08-21,57,58,09:20-09:40,73.55455302107475
2025-08-21,61,62,10:00-10:20,99.03095364709588
2025-08-21,66,66,10:50-11:00,18.318681204293853
2025-08-21,70,71,11:30-11:50,82.12976199405921
2025-08-21,74,74,12:10-12:20,56.83922877822238
2025-08-21,85,85,14:00-14:10,3.1393333333332976
2025-08-21,91,93,15:00-15:30,99.66902809110206
2025-08-21,96,96,15:50-16:00,6.573508449653559
2025-08-21,109,109,18:00-18:10,94.01084811347351
2025-08-21,112,113,18:30-18:50,65.42483024928126
2025-08-21,119,119,19:40-19:50,1.8184931833136488
2025-08-21,123,126,20:20-21:00,39.617374277046224
2025-08-21,129,129,21:20-21:30,45.63682770101332
2025-08-21,139,140,23:00-23:20,25.55422590472449
2025-08-21,143,144,23:40-24:00,20.684362284511053
2025-08-22,1,6,00:00-01:00,4676.394249921042
2025-08-22,10,10,01:30-01:40,52.58245207922107
2025-08-22,13,13,02:00-02:10,61.39188185978014
2025-08-22,16,17,02:30-02:50,29.76813807079884
2025-08-22,22,24,03:30-04:00,132.22799493307903
2025-08-22,27,27,04:20-04:30,75.92131596262664
2025-08-22,30,34,04:50-05:40,602.354862559539
2025-08-22,46,47,07:30-07:50,70.98875512849452
2025-08-22,50,51,08:10-08:30,73.90494791231947
2025-08-22,54,58,08:50-09:40,113.70707556351431
2025-08-22,61,64,10:00-10:40,93.62397544225723
2025-08-22,97,99,16:00-16:30,29.084742729306527
2025-08-22,103,103,17:00-17:10,20.58038859154408
2025-08-22,109,110,18:00-18:20,48.61821583009048
2025-08-22,114,114,18:50-19:00,58.00896133419826
2025-08-22,123,124,20:20-20:40,230.81037459535753
2025-08-22,126,128,20:50-21:20,36.71440829056462
2025-08-22,133,134,22:00-22:20,51.745746644295195
2025-08-22,139,140,23:00-23:20,50.30779082116055
2025-08-23,1,3,00:00-00:30,2480.9276655349386
2025-08-23,5,11,00:40-01:50,2531.196840821486
2025-08-23,19,19,03:00-03:10,25.718612350309286
2025-08-23,22,23,03:30-03:50,86.72218189164671
2025-08-23,25,26,04:00-04:20,79.34116386366617
2025-08-23,28,30,04:30-05:00,168.61670323444795
2025-08-23,33,34,05:20-05:40,1292.9725609737716
2025-08-23,45,45,07:20-07:30,56.47161084541199
2025-08-23,47,48,07:40-08:00,30.27097789182767
2025-08-23,51,56,08:20-09:20,170.41289251405283
2025-08-23,60,60,09:50-10:00,10.901606585452328
2025-08-23,62,64,10:10-10:40,75.60931288421443
2025-08-23,96,96,15:50-16:00,3.4130753341603395
2025-08-23,99,99,16:20-16:30,0.21269504446081555
2025-08-23,109,109,18:00-18:10,1.3154901180605236
2025-08-23,118,118,19:30-19:40,3.8731668443215312
2025-08-23,127,131,21:00-21:50,102.27892716146869
2025-08-23,134,134,22:10-22:20,17.383533866298308
2025-08-23,137,138,22:40-23:00,12.223954441373849
2025-08-23,142,142,23:30-23:40,41.85206078431361
2025-08-24,2,2,00:10-00:20,0.7438023621527918
2025-08-24,6,7,00:50-01:10,916.5737928214238
2025-08-24,12,14,01:50-02:20,42.06247733668545
2025-08-24,21,21,03:20-03:30,5.484926391630552
2025-08-24,33,33,05:20-05:30,2.6711271219896844
2025-08-24,36,38,05:50-06:20,26.393180040606694
2025-08-24,40,40,06:30-06:40,7.16181900626043
2025-08-24,46,46,07:30-07:40,43.4039760391405
2025-08-24,57,57,09:20-09:30,56.95627192205802
2025-08-24,60,61,09:50-10:10,150.5946172795293
2025-08-24,64,64,10:30-10:40,119.13802165510492
2025-08-24,86,86,14:10-14:20,20.754166666666606
2025-08-24,92,92,15:10-15:20,10.079399692628385
2025-08-24,99,99,16:20-16:30,13.03176069313588
2025-08-24,102,102,16:50-17:00,27.06997574774863
2025-08-24,108,109,17:50-18:10,43.5041518282482
2025-08-24,112,113,18:30-18:50,11.803661775985447
2025-08-24,124,126,20:30-21:00,33.91492069145431
2025-08-24,128,129,21:10-21:30,46.04568314251901
2025-08-24,134,134,22:10-22:20,18.76720108566883
2025-08-24,139,140,23:00-23:20,122.77916614028129
2025-08-24,143,143,23:40-23:50,6.570497006184837
2025-08-25,6,7,00:50-01:10,909.4173947624688
2025-08-25,24,25,03:50-04:10,28.669850400428444
2025-08-25,32,33,05:10-05:30,16.692067160581246
2025-08-25,38,39,06:10-06:30,69.15060478164423
2025-08-25,43,44,07:00-07:20,39.60717149436971
2025-08-25,56,56,09:10-09:20,30.965546653695583
2025-08-25,59,64,09:40-10:40,149.7898688116852
2025-08-25,71,73,11:40-12:10,150.90597163160578
2025-08-25,75,75,12:20-12:30,42.51935632978007
2025-08-25,85,85,14:00-14:10,12.685616666666647
2025-08-25,90,92,14:50-15:20,70.14817524855005
2025-08-25,95,96,15:40-16:00,77.92933090538213
2025-08-25,100,100,16:30-16:40,19.701133744101753
2025-08-25,106,107,17:30-17:50,87.12883808489818
2025-08-25,122,126,20:10-21:00,229.29213016523104
2025-08-25,131,132,21:40-22:00,36.92607516120552
2025-08-25,137,137,22:40-22:50,18.00927395709948
2025-08-25,139,139,23:00-23:10,17.97587851033029
2025-08-25,143,144,23:40-24:00,17.262402954336153
2025-08-26,6,8,00:50-01:20,703.2114188511625
2025-08-26,17,18,02:40-03:00,8.060994775628387
2025-08-26,26,26,04:10-04:20,20.496247190419922
2025-08-26,36,37,05:50-06:10,8.33026617224084
2025-08-26,47,47,07:40-07:50,4.231652389412147
2025-08-26,51,51,08:20-08:30,12.133895601864651
2025-08-26,56,57,09:10-09:30,14.343007735040601
2025-08-26,63,64,10:20-10:40,102.22098682721412
2025-08-26,97,98,16:00-16:20,59.13054798563758
2025-08-26,100,103,16:30-17:10,79.95213067508882
2025-08-26,106,107,17:30-17:50,31.115269612542875
2025-08-26,109,110,18:00-18:20,34.915299673829175
2025-08-26,127,128,21:00-21:20,55.70092380576398
2025-08-26,133,133,22:00-22:10,6.196352454270254
2025-08-26,137,137,22:40-22:50,59.67052184497959
2025-08-26,140,140,23:10-23:20,12.751865929727728
2025-08-26,144,144,23:50-24:00,27.086023542571297
2025-08-27,6,6,00:50-01:00,617.1583794364591
2025-08-27,8,8,01:10-01:20,24.89508072772719
2025-08-27,14,14,02:10-02:20,2.8800220357943545
2025-08-27,32,32,05:10-05:20,18.145022847931045
2025-08-27,36,37,05:50-06:10,32.391254084184425
2025-08-27,42,42,06:50-07:00,8.915077712292828
2025-08-27,48,48,07:50-08:00,41.043628132461095
2025-08-27,53,54,08:40-09:00,101.11319881751342
2025-08-27,57,57,09:20-09:30,51.84081261820211
2025-08-27,60,60,09:50-10:00,4.623074804955195
2025-08-27,63,65,10:20-10:50,124.1389036865753
2025-08-27,87,87,14:20-14:30,31.84167592540348
2025-08-27,103,104,17:00-17:20,18.39127137914508
2025-08-27,111,111,18:20-18:30,34.239434794051704
2025-08-27,114,114,18:50-19:00,19.68480984340033
2025-08-27,119,119,19:40-19:50,1.0268374851953013
2025-08-27,127,127,21:00-21:10,23.069012041057817
2025-08-27,130,131,21:30-21:50,53.473595163837444
2025-08-27,139,140,23:00-23:20,39.30615402026592
2025-08-27,142,142,23:30-23:40,0.025360751415064442
2025-08-28,6,7,00:50-01:10,803.2386686566962
2025-08-28,10,10,01:30-01:40,4.57007308198456
2025-08-28,22,22,03:30-03:40,14.267210509318375
2025-08-28,27,28,04:20-04:40,10.658340215817878
2025-08-28,36,36,05:50-06:00,41.79399267948804
2025-08-28,46,47,07:30-07:50,27.357337373338737
2025-08-28,55,56,09:00-09:20,115.13587062677436
2025-08-28,58,60,09:30-10:00,79.89136876562713
2025-08-28,62,63,10:10-10:30,68.53172908935403
2025-08-28,65,68,10:40-11:20,967.1429935104245
2025-08-28,71,74,11:40-12:20,190.34289387889294
2025-08-28,76,77,12:30-12:50,19.007530851802812
2025-08-28,80,80,13:10-13:20,1.716831190194398
2025-08-28,87,87,14:20-14:30,42.169999999999845
2025-08-28,90,90,14:50-15:00,85.92001580565079
2025-08-28,103,104,17:00-17:20,79.6386379805613
2025-08-28,108,108,17:50-18:00,2.7607645319872773
2025-08-28,113,114,18:40-19:00,26.015780266188727
2025-08-28,120,121,19:50-20:10,24.591315001973726
2025-08-28,127,130,21:00-21:40,99.17752695749436
2025-08-28,134,134,22:10-22:20,12.563905678378774
2025-08-28,137,138,22:40-23:00,113.85684261086965
2025-08-28,141,141,23:20-23:30,11.995264508488162
2025-08-29,1,5,00:00-00:50,3969.0810753914984
2025-08-29,7,9,01:00-01:30,695.8229962818392
2025-08-29,26,28,04:10-04:40,141.77326982174833
2025-08-29,30,36,04:50-06:00,1133.1129488608472
2025-08-29,50,52,08:10-08:40,54.391192695467566
2025-08-29,55,56,09:00-09:20,50.64191900907986
2025-08-29,59,60,09:40-10:00,25.24942653356652
2025-08-29,63,63,10:20-10:30,31.277638527625868
2025-08-29,66,67,10:50-11:10,122.52687618107666
2025-08-29,102,102,16:50-17:00,18.209138091478223
2025-08-29,110,110,18:10-18:20,11.630817970410074
2025-08-29,112,112,18:30-18:40,26.846028701144974
2025-08-29,121,121,20:00-20:10,40.32762359520973
2025-08-29,125,125,20:40-20:50,29.326226674562463
2025-08-29,129,129,21:20-21:30,28.143179122252945
2025-08-29,131,132,21:40-22:00,37.344696782471146
2025-08-29,136,137,22:30-22:50,22.20763183313602
2025-08-29,140,140,23:10-23:20,10.337980003948132
2025-08-29,142,142,23:30-23:40,5.292717943150365
2025-08-30,1,1,00:00-00:10,832.0442541387024
2025-08-30,3,6,00:20-01:00,2479.980404961179
2025-08-30,8,10,01:10-01:40,915.3823464205818
2025-08-30,13,13,02:00-02:10,789.3263887618283
2025-08-30,25,26,04:00-04:20,42.853135295998605
2025-08-30,30,33,04:50-05:30,113.30312676761982
2025-08-30,46,47,07:30-07:50,28.517753643336732
2025-08-30,49,50,08:00-08:20,31.271354104863576
2025-08-30,52,52,08:30-08:40,9.907428505630492
2025-08-30,55,56,09:00-09:20,129.79246766679807
2025-08-30,61,61,10:00-10:10,13.069341494181117
2025-08-30,106,106,17:30-17:40,22.292930511533683
2025-08-30,110,110,18:10-18:20,13.186853862350265
2025-08-30,124,125,20:30-20:50,79.52355899468955
2025-08-30,128,131,21:10-21:50,67.09935502697749
2025-08-30,136,136,22:30-22:40,31.524629010395984
2025-08-30,140,141,23:10-23:30,97.8723018423475
2025-08-31,6,8,00:50-01:20,867.1500003504356
2025-08-31,11,12,01:40-02:00,8.442262745097992
2025-08-31,27,27,04:20-04:30,16.387382550335474
2025-08-31,35,36,05:40-06:00,26.229148033575864
2025-08-31,38,39,06:10-06:30,11.92768809241852
2025-08-31,43,44,07:00-07:20,59.12718158874236
2025-08-31,46,46,07:30-07:40,23.257852918617345
2025-08-31,55,59,09:00-09:50,248.82722386028217
2025-08-31,62,63,10:10-10:30,47.012340988476126
2025-08-31,65,65,10:40-10:50,4.094269959393159
2025-08-31,88,88,14:30-14:40,57.342099999999846
2025-08-31,124,125,20:30-20:50,18.831257154137234
2025-08-31,128,130,21:10-21:40,66.49722181866025
2025-08-31,134,134,22:10-22:20,20.672872200289362
2025-08-31,137,138,22:40-23:00,36.478940794841606
2025-09-01,6,6,00:50-01:00,393.034745176265
2025-09-01,56,61,09:10-10:10,293.2612014588385
2025-09-01,127,128,21:00-21:20,43.09433271483101
2025-09-01,131,131,21:40-21:50,3.505881675220394
2025-09-01,134,134,22:10-22:20,9.558120561915985
2025-09-01,139,140,23:00-23:20,51.76689332148953
2025-09-01,142,142,23:30-23:40,3.142877345703482
2025-09-02,36,36,05:50-06:00,2.837631094317203
2025-09-02,41,41,06:40-06:50,2.618763435038204
2025-09-02,53,53,08:40-08:50,1.1865851456019527
2025-09-02,58,59,09:30-09:50,56.3907890399114
2025-09-02,61,62,10:00-10:20,30.306733181057325
2025-09-02,127,127,21:00-21:10,9.278185419133933
2025-09-02,130,131,21:30-21:50,42.901685458613315
2025-09-02,134,134,22:10-22:20,15.679618120805571
2025-09-02,139,139,23:00-23:10,14.046473167521981
2025-09-02,142,142,23:30-23:40,57.81534592051571
2025-09-03,46,46,07:30-07:40,26.509662934032804
2025-09-03,53,56,08:40-09:20,143.22374698456588
2025-09-03,58,58,09:30-09:40,38.70940489162126
2025-09-03,61,61,10:00-10:10,19.452419881375363
2025-09-03,64,65,10:30-10:50,94.59926640629419
2025-09-03,90,90,14:50-15:00,6.959381297351342
2025-09-03,125,125,20:40-20:50,30.02780824450599
2025-09-03,130,131,21:30-21:50,8.84439334780916
2025-09-03,134,134,22:10-22:20,7.190475950783025
2025-09-03,137,137,22:40-22:50,40.46995189498625
2025-09-04,46,46,07:30-07:40,3.1526516317939013
2025-09-04,48,48,07:50-08:00,13.893313170906254
2025-09-04,57,57,09:20-09:30,32.75813753219359
2025-09-04,61,62,10:00-10:20,128.9187672353503
2025-09-04,65,65,10:40-10:50,37.00706139623617
2025-09-04,88,88,14:30-14:40,10.84578333333343
2025-09-04,125,125,20:40-20:50,19.07143520200009
2025-09-04,130,131,21:30-21:50,45.3295140018422
2025-09-04,134,134,22:10-22:20,19.33460855375722
2025-09-04,137,137,22:40-22:50,15.372250539544666
2025-09-04,139,140,23:00-23:20,39.1760895183578
2025-09-04,143,144,23:40-24:00,47.36710375049324
2025-09-05,1,4,00:00-00:40,2711.663250407948
2025-09-05,29,31,04:40-05:10,114.07871686594115
2025-09-05,33,34,05:20-05:40,744.2214025854718
2025-09-05,46,47,07:30-07:50,87.01785975974269
2025-09-05,49,52,08:00-08:40,24.28280362265707
2025-09-05,55,55,09:00-09:10,5.76867856766853
2025-09-05,58,58,09:30-09:40,37.35628964995385
2025-09-05,61,62,10:00-10:20,42.72871953358526
2025-09-05,125,125,20:40-20:50,14.704840018423283
2025-09-05,128,129,21:10-21:30,28.55718725490192
2025-09-05,131,131,21:40-21:50,5.825465738913067
2025-09-05,134,134,22:10-22:20,3.324238498486693
2025-09-05,139,140,23:00-23:20,42.14177521384386
2025-09-05,142,143,23:30-23:50,26.07199974996729
2025-09-06,1,4,00:00-00:40,2288.4687926823094
2025-09-06,26,27,04:10-04:30,18.8492701643072
2025-09-06,29,31,04:40-05:10,66.66224427274267
2025-09-06,33,35,05:20-05:50,862.7891793892053
2025-09-06,45,46,07:20-07:40,85.26648119301439
2025-09-06,49,50,08:00-08:20,46.54464294926015
2025-09-06,53,54,08:40-09:00,129.13482531536113
2025-09-06,56,57,09:10-09:30,57.80319108153333
2025-09-06,60,60,09:50-10:00,21.15134092361768
2025-09-06,63,64,10:20-10:40,23.363562535484334
2025-09-06,112,112,18:30-18:40,1.5150588094295947
2025-09-06,125,129,20:40-21:30,60.28437938544539
2025-09-06,137,137,22:40-22:50,18.769857481247413
2025-09-06,139,139,23:00-23:10,44.83874951309383
2025-09-06,142,143,23:30-23:50,47.34332587182507
2025-09-07,32,33,05:10-05:30,4.270456712349219
2025-09-07,48,49,07:50-08:10,43.44016335420099
2025-09-07,55,55,09:00-09:10,23.509881070817528
2025-09-07,58,59,09:30-09:50,38.79790996277666
2025-09-07,61,61,10:00-10:10,39.569553277686964
2025-09-07,65,65,10:40-10:50,3.1539992254627123
2025-09-07,68,68,11:10-11:20,0.336836405166423
2025-09-07,75,75,12:20-12:30,26.716403380143902
2025-09-07,125,127,20:40-21:10,107.1325035070405
2025-09-07,131,131,21:40-21:50,15.00309237399631
2025-09-07,139,140,23:00-23:20,62.562757672061934
2025-09-07,143,144,23:40-24:00,40.64695980392162
2025-09-08,28,28,04:30-04:40,1.1981377023294044
2025-09-08,31,31,05:00-05:10,69.4276834780892
2025-09-08,35,35,05:40-05:50,9.085253599157669
2025-09-08,43,43,07:00-07:10,2.5134691763951764
2025-09-08,46,46,07:30-07:40,9.769304486492615
2025-09-08,58,61,09:30-10:10,139.72312026864392
2025-09-08,64,65,10:30-10:50,80.75807815220082
2025-09-08,67,67,11:00-11:10,9.496590275975677
2025-09-08,87,90,14:20-15:00,78.37826110202514
2025-09-08,99,101,16:20-16:50,25.30071768277776
2025-09-08,105,107,17:20-17:50,37.20574452653524
2025-09-08,111,111,18:20-18:30,31.428740953697
2025-09-08,125,126,20:40-21:00,67.46270879721021
2025-09-08,129,130,21:20-21:40,28.335218068166682
2025-09-08,134,134,22:10-22:20,2.527625200684156
2025-09-08,137,137,22:40-22:50,38.56305532964859
2025-09-08,143,144,23:40-24:00,83.82488474141314
2025-09-09,6,6,00:50-01:00,43.38710084879824
2025-09-09,12,12,01:50-02:00,0.6741834451903514
2025-09-09,19,19,03:00-03:10,5.435942814844111
2025-09-09,30,30,04:50-05:00,2.197082510856717
2025-09-09,41,41,06:40-06:50,0.06365473840526192
2025-09-09,44,45,07:10-07:30,39.365340866279155
2025-09-09,56,58,09:10-09:40,48.89259710958163
2025-09-09,65,66,10:40-11:00,115.87361235406911
2025-09-09,88,89,14:30-14:50,59.97767718402861
2025-09-09,98,98,16:10-16:20,31.014903443121966
2025-09-09,100,100,16:30-16:40,7.164435954919384
2025-09-09,126,129,20:50-21:30,55.45002960915929
2025-09-09,131,131,21:40-21:50,7.646146466640403
2025-09-09,137,137,22:40-22:50,16.71871169890767
2025-09-09,139,139,23:00-23:10,2.499934129490839
2025-09-09,142,144,23:30-24:00,117.06338333991323
2025-09-10,5,6,00:40-01:00,45.096873062243844
2025-09-10,22,22,03:30-03:40,8.948695367811638
2025-09-10,36,36,05:50-06:00,37.71308267723202
2025-09-10,38,39,06:10-06:30,57.1705621077964
2025-09-10,42,44,06:50-07:20,63.96037769067374
2025-09-10,49,52,08:00-08:40,84.9897452117757
2025-09-10,55,58,09:00-09:40,178.72741402158263
2025-09-10,61,63,10:00-10:30,186.9909902308582
2025-09-10,66,66,10:50-11:00,79.26143495572683
2025-09-10,69,69,11:20-11:30,15.80121657924883
2025-09-10,73,73,12:00-12:10,8.235616875340611
2025-09-10,76,84,12:30-14:00,916.3095379918412
2025-09-10,90,90,14:50-15:00,5.978246797510792
2025-09-10,93,93,15:20-15:30,15.448595693042535
2025-09-10,96,96,15:50-16:00,34.21904180973888
2025-09-10,126,126,20:50-21:00,48.58403632056854
2025-09-10,129,130,21:20-21:40,57.491659527569595
2025-09-10,134,134,22:10-22:20,2.4529220028953205
2025-09-10,137,137,22:40-22:50,29.45665116462726
2025-09-10,142,144,23:30-24:00,52.00131398868234
2025-09-11,6,6,00:50-01:00,39.37479742729113
2025-09-11,12,12,01:50-02:00,11.836650875115083
2025-09-11,50,51,08:10-08:30,90.0436743960671
2025-09-11,59,59,09:40-09:50,4.339290474310019
2025-09-11,62,63,10:10-10:30,37.74312997856828
2025-09-11,65,66,10:40-11:00,25.678021973754994
2025-09-11,105,105,17:20-17:30,11.47215345534184
2025-09-11,126,128,20:50-21:20,56.888679069614795
2025-09-11,134,134,22:10-22:20,11.923012100276424
2025-09-11,136,136,22:30-22:40,29.69514049874988
2025-09-11,139,140,23:00-23:20,90.82573717594437
2025-09-11,143,144,23:40-24:00,32.009781727859036
2025-09-12,2,3,00:10-00:30,1663.6609139228847
2025-09-12,5,10,00:40-01:40,2544.8404462971903
2025-09-12,15,16,02:20-02:40,12.055182668772204
2025-09-12,20,20,03:10-03:20,40.98386046271264
2025-09-12,26,26,04:10-04:20,13.924943129662822
2025-09-12,30,31,04:50-05:10,124.65181630477707
2025-09-12,33,36,05:20-06:00,922.4331155327554
2025-09-12,46,46,07:30-07:40,12.795937827345483
2025-09-12,49,50,08:00-08:20,14.937107186095886
2025-09-12,52,53,08:30-08:50,25.207870210365968
2025-09-12,56,56,09:10-09:20,4.6068752213634525
2025-09-12,60,64,09:50-10:40,162.02588974677133
2025-09-12,104,104,17:10-17:20,9.56382836087451
2025-09-12,108,108,17:50-18:00,16.166067762675606
2025-09-12,126,128,20:50-21:20,83.32330875115144
2025-09-12,131,131,21:40-21:50,13.272745716541635
2025-09-12,137,137,22:40-22:50,12.133404046584985
2025-09-12,139,140,23:00-23:20,19.872501743650787
2025-09-12,144,144,23:50-24:00,16.556417285169346
2025-09-13,2,9,00:10-01:30,4394.158853392574
2025-09-13,21,21,03:20-03:30,11.047383866298048
2025-09-13,25,26,04:00-04:20,90.61717655247327
2025-09-13,28,31,04:30-05:10,102.23729902402971
2025-09-13,33,36,05:20-06:00,975.5180122220656
2025-09-13,47,49,07:40-08:10,87.44517580414697
2025-09-13,52,52,08:30-08:40,21.00911540052266
2025-09-13,58,59,09:30-09:50,46.99819414020658
2025-09-13,62,63,10:10-10:30,46.32165000000009
2025-09-13,97,97,16:00-16:10,27.470154257139143
2025-09-13,101,103,16:40-17:10,48.82201437877174
2025-09-13,106,107,17:30-17:50,61.43661906923825
2025-09-13,112,112,18:30-18:40,6.507212159494657
2025-09-13,121,121,20:00-20:10,5.550372709755152
2025-09-13,124,126,20:30-21:00,117.8808969804856
2025-09-13,129,132,21:20-22:00,67.25241977891824
2025-09-13,137,137,22:40-22:50,21.286867272009374
2025-09-13,140,140,23:10-23:20,5.388939617054859
2025-09-13,144,144,23:50-24:00,24.216116627187603
2025-09-14,1,1,00:00-00:10,19.71876992367379
2025-09-14,6,6,00:50-01:00,705.646474841475
2025-09-14,11,11,01:40-01:50,5.154917686537715
2025-09-14,17,18,02:40-03:00,20.421343466245503
2025-09-14,21,21,03:20-03:30,39.25808911666286
2025-09-14,24,25,03:50-04:10,32.3824019542044
2025-09-14,28,29,04:30-04:50,117.90670010496385
2025-09-14,31,33,05:00-05:30,70.90003079510304
2025-09-14,39,39,06:20-06:30,32.088231252232276
2025-09-14,42,42,06:50-07:00,0.25541953358538194
2025-09-14,46,49,07:30-08:10,60.567776520406824
2025-09-14,52,53,08:30-08:50,45.10476582727051
2025-09-14,55,55,09:00-09:10,27.92246873742772
2025-09-14,58,63,09:30-10:30,195.7890565243556
2025-09-14,65,66,10:40-11:00,40.890121824300195
2025-09-14,68,77,11:10-12:50,602.705589680033
2025-09-14,90,90,14:50-15:00,36.6039382597329
2025-09-14,103,103,17:00-17:10,10.557438570864605
2025-09-14,107,108,17:40-18:00,15.88943321113653
2025-09-14,110,111,18:10-18:30,70.93480625082248
2025-09-14,115,115,19:00-19:10,30.27111968492102
2025-09-14,120,120,19:50-20:00,49.264242005527194
2025-09-14,124,126,20:30-21:00,168.9979252467433
2025-09-14,129,133,21:20-22:10,82.725010106593
2025-09-14,139,139,23:00-23:10,20.242956882484577
2025-09-14,144,144,23:50-24:00,36.87286836425835
2025-09-15,1,2,00:00-00:20,49.45015348730067
2025-09-15,4,5,00:30-00:50,153.10755917225947
2025-09-15,8,11,01:10-01:50,614.9316314515069
2025-09-15,16,17,02:30-02:50,11.00886985787622
2025-09-15,19,22,03:00-03:40,240.9894986906172
2025-09-15,25,26,04:00-04:20,173.37199749967112
2025-09-15,29,30,04:40-05:00,104.90001580471106
2025-09-15,32,33,05:10-05:30,238.1521862618969
2025-09-15,35,36,05:40-06:00,25.751048923730252
2025-09-15,39,40,06:20-06:40,49.77321517116923
2025-09-15,43,44,07:00-07:20,41.79078558550958
2025-09-15,46,48,07:30-08:00,67.9733690137802
2025-09-15,53,53,08:40-08:50,3.7513160876434313
2025-09-15,57,57,09:20-09:30,15.065011712067644
2025-09-15,62,62,10:10-10:20,5.1673267450605636
2025-09-15,66,66,10:50-11:00,56.42777258755859
2025-09-15,88,88,14:30-14:40,10.647133333333272
2025-09-15,90,91,14:50-15:10,14.011950861260516
2025-09-15,95,96,15:40-16:00,32.15519934389863
2025-09-15,105,105,17:20-17:30,29.688194616772904
2025-09-15,107,108,17:40-18:00,83.57925115992686
2025-09-15,111,113,18:20-18:50,48.2404219699961
2025-09-15,118,119,19:30-19:50,79.69603930780374
2025-09-15,121,130,20:00-21:40,786.6140692792064
2025-09-15,134,136,22:10-22:40,79.00537922095009
2025-09-15,140,141,23:10-23:30,78.75498129359119
2025-09-15,144,144,23:50-24:00,11.566086932491203
2025-09-16,1,7,00:00-01:10,249.09512628635275
2025-09-16,9,12,01:20-02:00,542.912053559681
2025-09-16,15,16,02:20-02:40,118.85634221608109
2025-09-16,19,19,03:00-03:10,46.490376385050354
2025-09-16,22,25,03:30-04:10,241.01382470531814
2025-09-16,28,28,04:30-04:40,10.991397183839808
2025-09-16,31,33,05:00-05:30,289.664574718976
2025-09-16,38,39,06:10-06:30,9.392468867144203
2025-09-16,42,42,06:50-07:00,28.969798238490114
2025-09-16,45,46,07:20-07:40,52.17032542533792
2025-09-16,56,56,09:10-09:20,5.443868240182155
2025-09-16,59,60,09:40-10:00,93.72686330344277
2025-09-16,63,75,10:20-12:30,1411.881161146203
2025-09-16,88,88,14:30-14:40,12.528244554735402
2025-09-16,91,93,15:00-15:30,46.828193864794116
2025-09-16,97,97,16:00-16:10,39.27599643844144
2025-09-16,102,102,16:50-17:00,1.6277286250070233
2025-09-16,104,105,17:10-17:30,34.4117045663904
2025-09-16,108,108,17:50-18:00,2.976656156825449
2025-09-16,111,112,18:20-18:40,80.41832571109002
2025-09-16,115,116,19:00-19:20,70.32640906792255
2025-09-16,119,120,19:40-20:00,21.162638202394874
2025-09-16,122,128,20:10-21:20,616.0586362496867
2025-09-16,130,131,21:30-21:50,84.13227883787333
2025-09-16,135,135,22:20-22:30,30.077711633109857
2025-09-16,138,138,22:50-23:00,22.48318265561238
2025-09-16,140,141,23:10-23:30,43.8654649295961
2025-09-16,143,144,23:40-24:00,40.62515465192757
2025-09-17,1,1,00:00-00:10,17.055856290301108
2025-09-17,3,3,00:20-00:30,28.512715488880076
2025-09-17,6,7,00:50-01:10,858.8503001908144
2025-09-17,9,9,01:20-01:30,500.40469009080357
2025-09-17,11,11,01:40-01:50,81.90255111198849
2025-09-17,13,13,02:00-02:10,1.5480927029872191
2025-09-17,15,17,02:20-02:50,40.99012061504152
2025-09-17,20,21,03:10-03:30,121.00933600473752
2025-09-17,24,25,03:50-04:10,57.62905415594571
2025-09-17,27,27,04:20-04:30,17.57287333577733
2025-09-17,30,30,04:50-05:00,19.72857578534763
2025-09-17,32,33,05:10-05:30,24.153738775107286
2025-09-17,35,36,05:40-06:00,35.440981553963525
2025-09-17,40,41,06:30-06:50,8.972427525238004
2025-09-17,45,47,07:20-07:50,27.39290763070352
2025-09-17,49,51,08:00-08:30,38.844362171713556
2025-09-17,53,54,08:40-09:00,47.706758460700144
2025-09-17,57,63,09:20-10:30,293.92450480890386
2025-09-17,65,71,10:40-11:50,568.40143910101
2025-09-17,77,77,12:40-12:50,45.93948785366547
2025-09-17,96,96,15:50-16:00,32.046469060779145
2025-09-17,99,100,16:20-16:40,8.783561927321784
2025-09-17,106,106,17:30-17:40,14.062742284699212
2025-09-17,109,110,18:00-18:20,54.4643628907942
2025-09-17,114,115,18:50-19:10,36.10391421333634
2025-09-17,121,121,20:00-20:10,22.111418916962975
2025-09-17,123,124,20:20-20:40,160.38796299557328
2025-09-17,127,128,21:00-21:20,93.62046452822722
2025-09-17,130,131,21:30-21:50,26.08565691538365
2025-09-17,136,137,22:30-22:50,77.88811247532578
2025-09-17,140,141,23:10-23:30,48.73041725227017
2025-09-18,4,5,00:30-00:50,63.09283442558262
2025-09-18,8,14,01:10-02:20,1185.9619360910838
2025-09-18,16,17,02:30-02:50,38.06291879227092
2025-09-18,20,24,03:10-04:00,50.307023674573884
2025-09-18,26,26,04:10-04:20,14.03637100563003
2025-09-18,30,30,04:50-05:00,6.53319429530211
2025-09-18,32,33,05:10-05:30,55.98451357124213
2025-09-18,36,37,05:50-06:10,54.92209589325705
2025-09-18,44,45,07:10-07:30,20.526001574455506
2025-09-18,54,54,08:50-09:00,60.55062104694207
2025-09-18,56,57,09:10-09:30,61.71448506476395
2025-09-18,59,60,09:40-10:00,89.73175268550403
2025-09-18,64,65,10:30-10:50,54.04508464365608
2025-09-18,73,73,12:00-12:10,3.91373737145841
2025-09-18,88,88,14:30-14:40,0.14251666666655183
2025-09-18,102,102,16:50-17:00,19.85322196999624
2025-09-18,105,105,17:20-17:30,23.886717873579983
2025-09-18,110,111,18:10-18:30,29.786450488600675
2025-09-18,113,115,18:40-19:10,65.0902848842893
2025-09-18,118,118,19:30-19:40,38.78177466677937
2025-09-18,122,127,20:10-21:10,311.1440321645024
2025-09-18,129,131,21:20-21:50,169.14345944203183
2025-09-18,134,134,22:10-22:20,45.63270502039779
2025-09-18,139,139,23:00-23:10,11.06526977233841
2025-09-18,142,142,23:30-23:40,42.14821803526797
2025-09-19,2,3,00:10-00:30,844.4900419068299
2025-09-19,5,7,00:40-01:10,1683.6216204763787
2025-09-19,10,11,01:30-01:50,199.71207501644955
2025-09-19,14,18,02:10-03:00,324.2459211475197
2025-09-19,21,28,03:20-04:40,412.04315187900653
2025-09-19,30,30,04:50-05:00,1.0922282555974334
2025-09-19,33,33,05:20-05:30,335.62707004832555
2025-09-19,36,36,05:50-06:00,9.126018493974755
2025-09-19,44,48,07:10-08:00,249.53302076025045
2025-09-19,52,53,08:30-08:50,26.685546159269165
2025-09-19,55,62,09:00-10:20,58.79028364352473
2025-09-19,64,67,10:30-11:10,70.10262115033947
2025-09-19,70,70,11:30-11:40,12.96358369240329
2025-09-19,96,97,15:50-16:10,57.3066925046528
2025-09-19,101,102,16:40-17:00,79.22271101272719
2025-09-19,105,106,17:20-17:40,45.45000143533933
2025-09-19,109,110,18:00-18:20,29.980447935818347
2025-09-19,112,112,18:30-18:40,17.78529890493087
2025-09-19,115,115,19:00-19:10,4.4773491446241
2025-09-19,119,119,19:40-19:50,12.547996952606468
2025-09-19,121,126,20:00-21:00,308.5868439217945
2025-09-19,128,129,21:10-21:30,62.256220246085036
2025-09-19,134,136,22:10-22:40,42.86183160942261
2025-09-19,142,144,23:30-24:00,51.81087774707203
2025-09-20,4,7,00:30-01:10,2481.081544479536
2025-09-20,10,12,01:30-02:00,349.373747012765
2025-09-20,16,16,02:30-02:40,82.87234416370575
2025-09-20,19,20,03:00-03:20,135.33810840900117
2025-09-20,24,24,03:50-04:00,73.03844650611927
2025-09-20,27,30,04:20-05:00,114.36426800800882
2025-09-20,33,36,05:20-06:00,1104.6327094902008
2025-09-20,45,47,07:20-07:50,216.13646666666682
2025-09-20,49,51,08:00-08:30,109.97358118079444
2025-09-20,56,56,09:10-09:20,7.038288811497637
2025-09-20,60,63,09:50-10:30,79.86885655161382
2025-09-20,67,67,11:00-11:10,31.366199999999935
2025-09-20,70,70,11:30-11:40,59.69959999999992
2025-09-20,98,100,16:10-16:40,45.04439861353927
2025-09-20,103,103,17:00-17:10,0.7500262205552701
2025-09-20,107,108,17:40-18:00,37.1963700872296
2025-09-20,114,115,18:50-19:10,57.31385635327979
2025-09-20,119,120,19:40-20:00,29.198309285056325
2025-09-20,122,126,20:10-21:00,347.2221972133437
2025-09-20,129,129,21:20-21:30,56.46577993156984
2025-09-20,131,132,21:40-22:00,38.355837202263274
2025-09-20,135,135,22:20-22:30,9.658784050532859
2025-09-20,139,139,23:00-23:10,22.748282629293385
2025-09-20,142,143,23:30-23:50,73.59111052770083
2025-09-21,4,6,00:30-01:00,703.9919399600179
2025-09-21,14,15,02:10-02:30,28.9245585471773
2025-09-21,18,20,02:50-03:20,75.83871796808887
2025-09-21,22,22,03:30-03:40,45.2751900176105
2025-09-21,24,24,03:50-04:00,0.7792571390973535
2025-09-21,27,28,04:20-04:40,21.966960633918067
2025-09-21,37,38,06:00-06:20,18.443280768146337
2025-09-21,46,46,07:30-07:40,6.921076850337386
2025-09-21,55,60,09:00-10:00,177.58579368995902
2025-09-21,63,65,10:20-10:50,91.41820110446884
2025-09-21,71,71,11:40-11:50,7.482855266670413
2025-09-21,90,90,14:50-15:00,1.273094284961985
2025-09-21,101,103,16:40-17:10,17.197392168142073
2025-09-21,108,109,17:50-18:10,39.70121595228704
2025-09-21,112,113,18:30-18:50,37.30688322335625
2025-09-21,117,117,19:20-19:30,16.590190973436506
2025-09-21,124,124,20:30-20:40,101.36844517007955
2025-09-21,127,127,21:00-21:10,41.758004994078306
2025-09-21,130,131,21:30-21:50,52.797609382813675
2025-09-21,137,137,22:40-22:50,27.145146374522824
2025-09-21,142,144,23:30-24:00,53.473750493486364
2025-09-22,1,5,00:00-00:50,205.30711445584893
2025-09-22,7,11,01:00-01:50,685.2023641992386
2025-09-22,16,17,02:30-02:50,122.77447409527542
2025-09-22,20,22,03:10-03:40,136.8734648440585
2025-09-22,25,26,04:00-04:20,84.89801923091389
2025-09-22,28,33,04:30-05:30,215.37137099726354
2025-09-22,37,38,06:00-06:20,9.749946064331652
2025-09-22,42,42,06:50-07:00,27.005516092343157
2025-09-22,45,45,07:20-07:30,22.180605159513675
2025-09-22,48,48,07:50-08:00,2.247137381797984
2025-09-22,57,61,09:20-10:10,38.88661370857085
2025-09-22,64,66,10:30-11:00,82.00994555204625
2025-09-22,74,74,12:10-12:20,3.706503184630037
2025-09-22,94,94,15:30-15:40,5.936254038124957
2025-09-22,97,99,16:00-16:30,74.52260706295988
2025-09-22,102,104,16:50-17:20,51.88094487714571
2025-09-22,110,111,18:10-18:30,42.751130942981376
2025-09-22,114,114,18:50-19:00,0.7577674694042571
2025-09-22,117,120,19:20-20:00,70.67990333032515
2025-09-22,122,124,20:10-20:40,810.8392655116451
2025-09-22,127,131,21:00-21:50,212.82336041222572
2025-09-22,137,138,22:40-23:00,83.74851619949982
2025-09-22,141,141,23:20-23:30,43.09891221213343
2025-09-23,4,5,00:30-00:50,47.51753969601282
2025-09-23,7,7,01:00-01:10,10.548402533228113
2025-09-23,9,11,01:20-01:50,648.8201597447031
2025-09-23,13,14,02:00-02:20,33.652831326490514
2025-09-23,16,25,02:30-04:10,500.97633661844714
2025-09-23,30,31,04:50-05:10,33.932033227116456
2025-09-23,33,33,05:20-05:30,31.156386252901598
2025-09-23,35,35,05:40-05:50,12.966767693117504
2025-09-23,37,39,06:00-06:30,29.48619578703972
2025-09-23,42,42,06:50-07:00,29.16363863666288
2025-09-23,44,44,07:10-07:20,9.820208643994533
2025-09-23,46,47,07:30-07:50,45.17195214407894
2025-09-23,57,59,09:20-09:50,87.11780070216025
2025-09-23,61,61,10:00-10:10,23.198245013441465
2025-09-23,64,66,10:30-11:00,49.280234346625775
2025-09-23,87,91,14:20-15:10,154.48021018743088
2025-09-23,95,97,15:40-16:10,145.46280294869644
2025-09-23,100,100,16:30-16:40,5.300535352396139
2025-09-23,103,104,17:00-17:20,22.21615983400048
2025-09-23,106,106,17:30-17:40,8.940922177730052
2025-09-23,109,111,18:00-18:30,74.61499327919086
2025-09-23,116,117,19:10-19:30,21.661554251499297
2025-09-23,120,131,19:50-21:50,1058.9220242053475
2025-09-23,134,135,22:10-22:30,76.9179172062112
2025-09-23,139,140,23:00-23:20,18.766402322673912
2025-09-23,142,142,23:30-23:40,8.744672549019697
2025-09-24,2,2,00:10-00:20,21.405932754310015
2025-09-24,6,8,00:50-01:20,933.4047014607183
2025-09-24,10,10,01:30-01:40,5.258598697196817
2025-09-24,13,14,02:00-02:20,27.864124253191335
2025-09-24,17,19,02:40-03:10,100.82904014344012
2025-09-24,21,22,03:20-03:40,30.744785327016757
2025-09-24,25,26,04:00-04:20,140.00988700862905
2025-09-24,28,29,04:30-04:50,10.619456948282611
2025-09-24,32,33,05:10-05:30,208.80880443139256
2025-09-24,37,38,06:00-06:20,30.328480821724384
2025-09-24,40,41,06:30-06:50,35.35903288778593
2025-09-24,44,47,07:10-07:50,111.78622696971439
2025-09-24,51,51,08:20-08:30,33.48140457860984
2025-09-24,55,55,09:00-09:10,11.18539633504372
2025-09-24,58,58,09:30-09:40,14.199912957532206
2025-09-24,61,62,10:00-10:20,104.03340712781778
2025-09-24,65,65,10:40-10:50,30.954829196510673
2025-09-24,74,75,12:10-12:30,11.170771794220855
2025-09-24,103,103,17:00-17:10,3.5953610099076343
2025-09-24,106,107,17:30-17:50,7.6717651036892
2025-09-24,110,111,18:10-18:30,79.67574022239765
2025-09-24,115,115,19:00-19:10,31.201689485458587
2025-09-24,119,119,19:40-19:50,64.10449843306424
2025-09-24,123,124,20:20-20:40,226.44992469403826
2025-09-24,127,129,21:00-21:30,42.362383208317056
2025-09-24,139,139,23:00-23:10,46.095244861165725
2025-09-24,142,143,23:30-23:50,69.93753600473735
2025-09-25,3,4,00:20-00:40,161.60767021976585
2025-09-25,7,9,01:00-01:30,546.6605674430848
2025-09-25,11,14,01:40-02:20,294.72221869081216
2025-09-25,16,19,02:30-03:10,63.38729238739927
2025-09-25,22,22,03:30-03:40,27.88236891078907
2025-09-25,28,29,04:30-04:50,16.00988676047598
2025-09-25,31,31,05:00-05:10,29.519303632847368
2025-09-25,36,36,05:50-06:00,2.5335133109622348
2025-09-25,39,40,06:20-06:40,32.05543125129236
2025-09-25,43,47,07:00-07:50,107.77173823247472
2025-09-25,57,63,09:20-10:30,112.1389242381515
2025-09-25,90,90,14:50-15:00,1.9759067302092035
2025-09-25,94,95,15:30-15:50,46.534601554715664
2025-09-25,98,99,16:10-16:30,62.49128144398719
2025-09-25,103,104,17:00-17:20,52.153480839584006
2025-09-25,106,107,17:30-17:50,65.08660024721287
2025-09-25,111,114,18:20-19:00,149.02645834379678
2025-09-25,123,129,20:20-21:30,270.3944444892079
2025-09-25,131,132,21:40-22:00,20.303711152783308
2025-09-25,136,137,22:30-22:50,50.054727200947696
2025-09-25,141,141,23:20-23:30,7.774001842347843
2025-09-26,2,12,00:10-02:00,5121.219675417818
2025-09-26,14,14,02:10-02:20,71.60233389919716
2025-09-26,16,19,02:30-03:10,95.76583580734325
2025-09-26,21,21,03:20-03:30,0.35440584287403
2025-09-26,25,25,04:00-04:10,4.432722206869265
2025-09-26,32,34,05:10-05:40,493.75993785218157
2025-09-26,48,55,07:50-09:10,249.99567729400485
2025-09-26,59,59,09:40-09:50,18.50003728216143
2025-09-26,64,66,10:30-11:00,79.15891910119808
2025-09-26,68,69,11:10-11:30,77.14781731336802
2025-09-26,101,101,16:40-16:50,5.061767436504738
2025-09-26,105,105,17:20-17:30,5.5950552469308406
2025-09-26,116,117,19:10-19:30,30.469516166600783
2025-09-26,120,120,19:50-20:00,26.290552704302968
2025-09-26,124,127,20:30-21:10,85.82027559547186
2025-09-26,130,131,21:30-21:50,112.9974335899459
2025-09-26,137,138,22:40-23:00,16.132314140018195
2025-09-26,142,142,23:30-23:40,25.29939600605337
2025-09-27,2,4,00:10-00:40,2481.431750611923
2025-09-27,7,8,01:00-01:20,146.65425248716934
2025-09-27,10,14,01:30-02:20,1064.2073782537177
2025-09-27,17,19,02:40-03:10,224.18650285563922
2025-09-27,22,24,03:30-04:00,106.16706828530079
2025-09-27,26,28,04:10-04:40,104.59358249111712
2025-09-27,31,35,05:00-05:50,1404.0536205329886
2025-09-27,48,48,07:50-08:00,32.92015179534906
2025-09-27,54,54,08:50-09:00,12.778653836031026
2025-09-27,58,58,09:30-09:40,64.37032100934312
2025-09-27,61,63,10:00-10:30,103.99412770477306
2025-09-27,65,66,10:40-11:00,62.633195940255064
2025-09-27,96,97,15:50-16:10,57.08980236779303
2025-09-27,105,106,17:20-17:40,82.839664232136
2025-09-27,110,111,18:10-18:30,37.74897123117728
2025-09-27,116,117,19:10-19:30,38.0750157981314
2025-09-27,122,124,20:10-20:40,214.75973971810987
2025-09-27,126,128,20:50-21:20,125.81474631530466
2025-09-27,130,130,21:30-21:40,21.589281412027844
2025-09-27,137,137,22:40-22:50,5.363175490196113
2025-09-27,139,140,23:00-23:20,66.68966423213556
2025-09-27,142,142,23:30-23:40,3.4360598236611395
2025-09-28,1,3,00:00-00:30,24.73829801289685
2025-09-28,6,8,00:50-01:20,998.4594484537438
2025-09-28,13,14,02:00-02:20,24.052197368074644
2025-09-28,16,16,02:30-02:40,5.997338932754587
2025-09-28,18,18,02:50-03:00,18.121650217133833
2025-09-28,21,21,03:20-03:30,4.968986708777493
2025-09-28,23,24,03:40-04:00,17.01327203327662
2025-09-28,30,30,04:50-05:00,10.078401105408716
2025-09-28,36,36,05:50-06:00,16.767733056980887
2025-09-28,39,39,06:20-06:30,14.865007519786559
2025-09-28,42,43,06:50-07:10,28.931759123380914
2025-09-28,45,46,07:20-07:40,23.54729085406001
2025-09-28,50,53,08:10-08:50,56.70529701558485
2025-09-28,56,59,09:10-09:50,28.06048499990584
2025-09-28,62,63,10:10-10:30,115.68060590115215
2025-09-28,77,77,12:40-12:50,57.26654243415487
2025-09-28,86,86,14:10-14:20,12.383293182374018
2025-09-28,90,90,14:50-15:00,0.053609156279662784
2025-09-28,105,106,17:20-17:40,63.763585892881174
2025-09-28,110,110,18:10-18:20,2.0051593517941604
2025-09-28,117,117,19:20-19:30,39.229159757863044
2025-09-28,124,124,20:30-20:40,35.61440755456488
2025-09-28,127,127,21:00-21:10,38.9762952954336
2025-09-28,130,131,21:30-21:50,48.11647148308998
2025-09-28,134,135,22:10-22:30,18.714460527700908
2025-09-28,139,139,23:00-23:10,56.02862558889342
2025-09-28,142,143,23:30-23:50,67.34960713909754
2025-09-29,3,3,00:20-00:30,51.54102118699848
2025-09-29,7,9,01:00-01:30,675.1547208883085
2025-09-29,14,14,02:10-02:20,10.001321147519434
2025-09-29,18,19,02:50-03:10,124.49423305040159
2025-09-29,22,25,03:30-04:10,103.54747738402307
2025-09-29,28,29,04:30-04:50,56.135173068210285
2025-09-29,36,37,05:50-06:10,48.54840123042527
2025-09-29,42,42,06:50-07:00,13.618108021732354
2025-09-29,45,47,07:20-07:50,47.74590626962197
2025-09-29,49,50,08:00-08:20,13.030269281672076
2025-09-29,58,58,09:30-09:40,86.71059940593659
2025-09-29,62,65,10:10-10:50,101.84416111330461
2025-09-29,87,87,14:20-14:30,23.395833333333258
2025-09-29,102,103,16:50-17:10,26.265400391968797
2025-09-29,109,109,18:00-18:10,6.610959363073903
2025-09-29,111,113,18:20-18:50,41.612991439663034
2025-09-29,116,117,19:10-19:30,62.60384598631401
2025-09-29,121,125,20:00-20:50,368.41797976613566
2025-09-29,128,130,21:10-21:40,76.65581043558359
2025-09-29,134,136,22:10-22:40,73.41549107119397
2025-09-29,142,144,23:30-24:00,72.20807014080799
2025-09-30,1,1,00:00-00:10,38.191221397552454
2025-09-30,3,3,00:20-00:30,5.951301487037654
2025-09-30,5,7,00:40-01:10,26.555317791814673
2025-09-30,9,13,01:20-02:10,728.1675486668158
2025-09-30,15,15,02:20-02:30,14.342311488353857
2025-09-30,17,18,02:40-03:00,24.745663541742488
2025-09-30,21,22,03:20-03:40,38.01267082649042
2025-09-30,25,25,04:00-04:10,79.78431753164148
2025-09-30,28,29,04:30-04:50,38.454485211666835
2025-09-30,32,33,05:10-05:30,55.16379576154543
2025-09-30,36,36,05:50-06:00,2.131201473877809
2025-09-30,40,43,06:30-07:10,64.81614255729173
2025-09-30,46,47,07:30-07:50,86.05003565130738
2025-09-30,52,56,08:30-09:20,75.85324575696063
2025-09-30,60,61,09:50-10:10,76.64670177654921
2025-09-30,64,64,10:30-10:40,20.938398736676163
2025-09-30,77,77,12:40-12:50,89.89640890436726
2025-09-30,84,84,13:50-14:00,34.54208333333315
2025-09-30,90,91,14:50-15:10,80.79538051341376
2025-09-30,94,94,15:30-15:40,0.11986253642396605
2025-09-30,100,101,16:30-16:50,18.677527088150953
2025-09-30,103,103,17:00-17:10,2.406665538698377
2025-09-30,106,107,17:30-17:50,23.071638344330662
2025-09-30,110,111,18:10-18:30,42.71748629424927
2025-09-30,113,114,18:40-19:00,19.081074773936766
2025-09-30,121,125,20:00-20:50,501.0488219553485
2025-09-30,127,128,21:00-21:20,38.91937999736774
2025-09-30,131,131,21:40-21:50,13.821678589287899
2025-09-30,133,133,22:00-22:10,13.71017143703125
2025-09-30,137,137,22:40-22:50,23.320254046585205
2025-09-30,139,139,23:00-23:10,26.42408361626542
2025-09-30,142,142,23:30-23:40,10.909359363074032
2025-10-01,6,8,00:50-01:20,895.539375115147
2025-10-01,11,12,01:40-02:00,26.399103566258532
2025-10-01,17,17,02:40-02:50,4.302869802556074
2025-10-01,24,24,03:50-04:00,18.39850769838131
2025-10-01,26,27,04:10-04:30,36.993060704416166
2025-10-01,29,29,04:40-04:50,11.142497045663845
2025-10-01,31,31,05:00-05:10,9.333873214520674
2025-10-01,42,42,06:50-07:00,29.140306734909018
2025-10-01,45,46,07:20-07:40,22.519688396029437
2025-10-01,57,57,09:20-09:30,8.722605369127223
2025-10-01,60,60,09:50-10:00,39.36242938450573
2025-10-01,63,63,10:20-10:30,14.861551406199851
2025-10-01,65,65,10:40-10:50,12.904557004681237
2025-10-01,88,88,14:30-14:40,14.60916666666651
2025-10-01,125,126,20:40-21:00,12.963117929990972
2025-10-01,129,130,21:20-21:40,28.92074136728513
2025-10-01,134,134,22:10-22:20,37.08736967364143
2025-10-01,139,140,23:00-23:20,8.340590242137296
2025-10-01,142,142,23:30-23:40,14.558200032899208
2025-10-02,1,2,00:00-00:20,23.452882405579658
2025-10-02,6,6,00:50-01:00,144.7161089682861
2025-10-02,10,10,01:30-01:40,1.1992220226347854
2025-10-02,12,14,01:50-02:20,68.89807868831156
2025-10-02,18,18,02:50-03:00,64.8397111462034
2025-10-02,23,23,03:40-03:50,10.476513468877442
2025-10-02,27,28,04:20-04:40,7.51666603876447
2025-10-02,35,36,05:40-06:00,29.658345104618906
2025-10-02,61,62,10:00-10:20,68.29904742541271
2025-10-02,65,65,10:40-10:50,29.331258610156056
2025-10-02,126,129,20:50-21:30,54.688452092380544
2025-10-02,131,131,21:40-21:50,10.841404625608675
2025-10-02,133,133,22:00-22:10,0.6592259836818357
2025-10-02,139,139,23:00-23:10,9.579111264640005
2025-10-02,142,143,23:30-23:50,14.63120354651926
2025-10-03,1,5,00:00-00:50,4038.2168352612184
2025-10-03,7,7,01:00-01:10,48.088544047864275
2025-10-03,9,9,01:20-01:30,23.74577213449129
2025-10-03,16,16,02:30-02:40,10.792909073562384
2025-10-03,27,27,04:20-04:30,5.088195157257644
2025-10-03,33,33,05:20-05:30,191.07827742000927
2025-10-03,35,36,05:40-06:00,16.015411514672905
2025-10-03,48,48,07:50-08:00,18.22141531498528
2025-10-03,52,53,08:30-08:50,30.23522605230005
2025-10-03,55,58,09:00-09:40,105.92398943564024
2025-10-03,61,62,10:00-10:20,32.13418878047878
2025-10-03,66,66,10:50-11:00,1.7141666666668698
2025-10-03,129,130,21:20-21:40,33.80391941702874
2025-10-03,134,134,22:10-22:20,16.789519923673993
2025-10-03,137,137,22:40-22:50,25.78198098434018
2025-10-03,140,140,23:10-23:20,20.265461192262137
2025-10-04,1,6,00:00-01:00,4342.289726556123
2025-10-04,10,10,01:30-01:40,0.3049405119093649
2025-10-04,16,17,02:30-02:50,9.826653493880826
2025-10-04,26,27,04:10-04:30,9.453322654296606
2025-10-04,29,30,04:40-05:00,14.519848997780059
2025-10-04,32,32,05:10-05:20,0.34572283101164203
2025-10-04,34,36,05:30-06:00,252.63108105663628
2025-10-04,49,50,08:00-08:20,23.71848618709214
2025-10-04,54,57,08:50-09:30,89.3731524796492
2025-10-04,64,65,10:30-10:50,43.63810433327694
2025-10-04,67,68,11:00-11:20,24.582891787453264
2025-10-04,127,128,21:00-21:20,59.48809001842346
2025-10-04,130,130,21:30-21:40,3.4200251875246295
2025-10-04,134,134,22:10-22:20,27.343526115278337
2025-10-04,137,137,22:40-22:50,6.770556040268502
2025-10-04,139,139,23:00-23:10,8.273050717199794
2025-10-04,142,143,23:30-23:50,31.27086808790625
2025-10-05,2,3,00:10-00:30,20.258138584023982
2025-10-05,6,7,00:50-01:10,40.31132831951584
2025-10-05,9,9,01:20-01:30,250.34035024613445
2025-10-05,16,17,02:30-02:50,44.517825003289886
2025-10-05,20,21,03:10-03:30,51.64220530089119
2025-10-05,25,25,04:00-04:10,1.0212584945387562
2025-10-05,29,30,04:40-05:00,11.153395913936054
2025-10-05,33,33,05:20-05:30,0.9135062953854458
2025-10-05,36,38,05:50-06:20,19.788412193333784
2025-10-05,40,40,06:30-06:40,1.6224966066962452
2025-10-05,44,45,07:10-07:30,18.087331425187642
2025-10-05,47,48,07:40-08:00,20.28537309890396
2025-10-05,59,61,09:40-10:10,172.79304953189353
2025-10-05,66,66,10:50-11:00,1.3822648092789223
2025-10-05,126,129,20:50-21:30,67.64946124490064
2025-10-05,134,134,22:10-22:20,5.901357257533846
2025-10-05,136,136,22:30-22:40,18.31743973549146
2025-10-05,140,140,23:10-23:20,7.405621042242501
2025-10-05,144,144,23:50-24:00,7.900742156862748
2025-10-06,6,6,00:50-01:00,429.3632944364847
2025-10-06,12,12,01:50-02:00,5.647008158968447
2025-10-06,15,15,02:20-02:30,5.686152434530754
2025-10-06,17,17,02:40-02:50,14.335719703779773
2025-10-06,31,31,05:00-05:10,10.033315916568085
2025-10-06,39,39,06:20-06:30,23.240184775252374
2025-10-06,43,44,07:00-07:20,48.96033159908268
2025-10-06,55,56,09:00-09:20,17.723459125260888
2025-10-06,61,61,10:00-10:10,3.9645285338299345
2025-10-06,64,66,10:30-11:00,89.49383722952302
2025-10-06,68,74,11:10-12:20,351.24241734532757
2025-10-06,90,90,14:50-15:00,18.577210462842686
2025-10-06,126,126,20:50-21:00,13.311069430188127
2025-10-06,128,129,21:10-21:30,19.76173717594429
2025-10-06,133,133,22:00-22:10,16.679529727595764
2025-10-06,137,137,22:40-22:50,3.0763974141335666
2025-10-06,139,140,23:00-23:20,50.58518482037118
2025-10-06,142,142,23:30-23:40,17.031848881431984
2025-10-07,6,6,00:50-01:00,393.73959721990786
2025-10-07,12,12,01:50-02:00,41.50661205421761
2025-10-07,17,17,02:40-02:50,19.969923680747343
2025-10-07,32,33,05:10-05:30,5.181247479931899
2025-10-07,36,36,05:50-06:00,5.010431978831889
2025-10-07,38,39,06:10-06:30,15.168882097268579
2025-10-07,44,45,07:10-07:30,62.48387727426547
2025-10-07,48,54,07:50-09:00,89.72400101987114
2025-10-07,57,58,09:20-09:40,23.74297381046358
2025-10-07,61,62,10:00-10:20,19.609674216532312
2025-10-07,64,71,10:30-11:50,193.10090825202565
2025-10-07,77,77,12:40-12:50,16.46002169270423
2025-10-07,90,90,14:50-15:00,3.2702198992342346
2025-10-07,93,93,15:20-15:30,0.4772846051173474
2025-10-07,128,130,21:10-21:40,64.16326542308184
2025-10-07,134,134,22:10-22:20,14.672157152256887
2025-10-07,137,137,22:40-22:50,18.456121529148504
2025-10-07,139,139,23:00-23:10,8.266221167258777
2025-10-07,142,144,23:30-24:00,82.76619292012072
2025-10-08,1,1,00:00-00:10,2.460643630740833
2025-10-08,6,6,00:50-01:00,331.0752543558374
2025-10-08,16,17,02:30-02:50,15.875157389130322
2025-10-08,37,41,06:00-06:50,68.24724615268917
2025-10-08,43,45,07:00-07:30,19.944101503017066
2025-10-08,49,49,08:00-08:10,34.64975814486854
2025-10-08,58,58,09:30-09:40,23.491323015246508
2025-10-08,61,62,10:00-10:20,50.362459501250214
2025-10-08,64,65,10:30-10:50,16.573215468200942
2025-10-08,70,79,11:30-13:10,496.44263163386086
2025-10-08,108,108,17:50-18:00,7.503781699659612
2025-10-08,128,129,21:10-21:30,14.712518127385351
2025-10-08,131,131,21:40-21:50,5.846622002895174
2025-10-08,134,135,22:10-22:30,40.97229073562289
2025-10-08,139,140,23:00-23:20,51.60384659165686
2025-10-08,144,144,23:50-24:00,22.30083087906314
2025-10-09,6,6,00:50-01:00,580.0428418015548
2025-10-09,13,13,02:00-02:10,1.9114932293721267
2025-10-09,22,22,03:30-03:40,8.447720351362136
2025-10-09,33,33,05:20-05:30,8.23860705355969
2025-10-09,37,38,06:00-06:20,36.12211244994637
2025-10-09,41,41,06:40-06:50,8.613023613069686
2025-10-09,43,47,07:00-07:50,110.34705353805913
2025-10-09,58,58,09:30-09:40,41.49494603989183
2025-10-09,61,67,10:00-11:10,151.91246246874653
2025-10-09,92,92,15:10-15:20,5.553629642058013
2025-10-09,94,94,15:30-15:40,8.653537721128373
2025-10-09,100,100,16:30-16:40,6.291564572105756
2025-10-09,108,108,17:50-18:00,3.806816028424805
2025-10-09,124,125,20:30-20:50,26.388731306750856
2025-10-09,128,131,21:10-21:50,39.13207251612073
2025-10-09,134,134,22:10-22:20,14.27890400710612
2025-10-09,137,137,22:40-22:50,5.273625621792576
2025-10-09,140,140,23:10-23:20,2.1811070930385767
2025-10-09,144,144,23:50-24:00,26.805012856954875
2025-10-10,1,1,00:00-00:10,40.819403572838496
2025-10-10,4,6,00:30-01:00,2493.0410974799315
2025-10-10,8,10,01:10-01:40,990.7471771785335
2025-10-10,12,20,01:50-03:20,1057.1049087774704
2025-10-10,22,22,03:30-03:40,75.8305496907488
2025-10-10,24,25,03:50-04:10,20.985081721279016
2025-10-10,31,31,05:00-05:10,8.99543672193704
2025-10-10,35,36,05:40-06:00,31.004018647190435
2025-10-10,49,51,08:00-08:30,98.36377309984391
2025-10-10,54,55,08:50-09:10,116.80414028537564
2025-10-10,58,59,09:30-09:50,21.708951936344647
2025-10-10,62,63,10:10-10:30,27.737599907882213
2025-10-10,66,67,10:50-11:10,64.99583609403498
2025-10-10,96,96,15:50-16:00,26.758054231759843
2025-10-10,99,100,16:20-16:40,38.9796143110936
2025-10-10,103,104,17:00-17:20,41.69075631474057
2025-10-10,122,122,20:10-20:20,4.689514646663952
2025-10-10,125,126,20:40-21:00,193.8936850198795
2025-10-10,128,129,21:10-21:30,53.573400197394335
2025-10-10,134,135,22:10-22:30,35.7611559942099
2025-10-10,138,138,22:50-23:00,11.312504276878371
2025-10-10,140,141,23:10-23:30,6.460826010001142
2025-10-10,143,144,23:40-24:00,61.21342265429661
2025-10-11,1,1,00:00-00:10,836.4469596789052
2025-10-11,3,10,00:20-01:40,4011.200754858501
2025-10-11,22,22,03:30-03:40,12.992459744703126
2025-10-11,35,36,05:40-06:00,5.05331877972651
2025-10-11,49,53,08:00-08:50,140.0358227379544
2025-10-11,59,60,09:40-10:00,84.50469645912062
2025-10-11,65,66,10:40-11:00,85.04650905100266
2025-10-11,68,69,11:10-11:30,126.72747605230006
2025-10-11,105,105,17:20-17:30,25.46163670501727
2025-10-11,116,116,19:10-19:20,1.4937041452822086
2025-10-11,121,121,20:00-20:10,5.7961818791946484
2025-10-11,123,123,20:20-20:30,2.2902851756809355
2025-10-11,128,129,21:10-21:30,53.498648934070104
2025-10-11,134,135,22:10-22:30,43.15418574812463
2025-10-11,138,138,22:50-23:00,0.7981398868273573
2025-10-11,142,143,23:30-23:50,40.59183307014081
2025-10-12,6,6,00:50-01:00,744.7908918408692
2025-10-12,11,11,01:40-01:50,32.90177985261232
2025-10-12,14,14,02:10-02:20,7.772397433872584
2025-10-12,16,16,02:30-02:40,9.439347157520729
2025-10-12,31,31,05:00-05:10,9.29036797604931
2025-10-12,37,37,06:00-06:10,43.910805862613756
2025-10-12,41,41,06:40-06:50,12.464380898802574
2025-10-12,43,43,07:00-07:10,9.757205716917696
2025-10-12,46,47,07:30-07:50,58.02859044235157
2025-10-12,53,54,08:40-09:00,36.2458014870374
2025-10-12,57,57,09:20-09:30,7.863943925892272
2025-10-12,59,60,09:40-10:00,53.481752438290414
2025-10-12,64,68,10:30-11:20,165.06427574116947
2025-10-12,71,72,11:40-12:00,20.44713649352434
2025-10-12,75,76,12:20-12:40,35.97981409395993
2025-10-12,101,102,16:40-17:00,4.73109870753666
2025-10-12,109,109,18:00-18:10,23.789641558099717
2025-10-12,113,113,18:40-18:50,10.868176608764315
2025-10-12,120,120,19:50-20:00,14.099854586129823
2025-10-12,125,128,20:40-21:20,39.90699925648096
2025-10-12,131,133,21:40-22:10,11.32683027372002
2025-10-12,136,136,22:30-22:40,16.786107185155743
2025-10-12,140,142,23:10-23:40,21.326130142124043
2025-10-13,6,8,00:50-01:20,936.2942048387021
2025-10-13,12,12,01:50-02:00,18.76552441110664
2025-10-13,28,29,04:30-04:50,18.16830121444565
2025-10-13,32,32,05:10-05:20,10.229441452231557
2025-10-13,43,43,07:00-07:10,7.2732819299531
2025-10-13,46,46,07:30-07:40,19.719780109224928
2025-10-13,51,51,08:20-08:30,0.7161443000015879
2025-10-13,61,62,10:00-10:20,54.70472021600585
2025-10-13,66,66,10:50-11:00,9.091543631680679
2025-10-13,75,75,12:20-12:30,4.069427861748636
2025-10-13,88,88,14:30-14:40,37.32825077923758
2025-10-13,100,101,16:30-16:50,15.047955057996518
2025-10-13,103,104,17:00-17:20,4.182881313330412
2025-10-13,117,117,19:20-19:30,12.050767864192835
2025-10-13,124,126,20:30-21:00,36.59054402364791
2025-10-13,129,132,21:20-22:00,46.82248412949093
2025-10-13,134,134,22:10-22:20,3.4837971969994896
2025-10-13,139,140,23:00-23:20,32.22507462824046
2025-10-13,142,143,23:30-23:50,17.490326490327675
2025-10-14,6,7,00:50-01:10,838.3415651410456
2025-10-14,10,10,01:30-01:40,4.208776207395886
2025-10-14,13,14,02:00-02:20,24.164019542044798
2025-10-14,16,16,02:30-02:40,5.02987337807599
2025-10-14,20,20,03:10-03:20,23.355316850901318
2025-10-14,22,22,03:30-03:40,6.909814989545907
2025-10-14,33,33,05:20-05:30,5.9509764442689175
2025-10-14,37,39,06:00-06:30,44.33156436749198
2025-10-14,42,45,06:50-07:30,89.0947591121012
2025-10-14,48,48,07:50-08:00,5.677556818566245
2025-10-14,50,52,08:10-08:40,48.16333066756897
2025-10-14,56,58,09:10-09:40,34.062979567800426
2025-10-14,62,64,10:10-10:40,118.82581882578529
2025-10-14,77,81,12:40-13:30,218.07448925422386
2025-10-14,89,89,14:40-14:50,18.61008582614261
2025-10-14,91,92,15:00-15:20,13.06983790442348
2025-10-14,94,95,15:30-15:50,23.14549791231923
2025-10-14,100,101,16:30-16:50,10.652195063259825
2025-10-14,107,108,17:40-18:00,27.097659049122512
2025-10-14,112,113,18:30-18:50,2.842756148365389
2025-10-14,115,115,19:00-19:10,17.351845294493614
2025-10-14,119,120,19:40-20:00,9.814660764574342
2025-10-14,123,124,20:20-20:40,93.96634001184361
2025-10-14,126,130,20:50-21:40,84.5305719173574
2025-10-14,133,134,22:00-22:20,13.199895545466688
2025-10-14,137,137,22:40-22:50,0.9004698183973687
2025-10-14,140,141,23:10-23:30,25.459997914199334
2025-10-15,1,1,00:00-00:10,7.102300842216209
2025-10-15,4,5,00:30-00:50,49.376050598763186
2025-10-15,7,12,01:00-02:00,793.420173359801
2025-10-15,15,15,02:20-02:30,2.6204230819846543
2025-10-15,18,19,02:50-03:10,3.9252906829847234
2025-10-15,25,25,04:00-04:10,23.161042117383886
2025-10-15,28,29,04:30-04:50,37.71850413865545
2025-10-15,38,38,06:10-06:20,1.3155975325701093
2025-10-15,40,40,06:30-06:40,18.229355762976297
2025-10-15,43,47,07:00-07:50,58.90976185118379
2025-10-15,51,54,08:20-09:00,41.472883368112434
2025-10-15,57,57,09:20-09:30,29.820413775308907
2025-10-15,60,68,09:50-11:20,284.9533215056492
2025-10-15,72,72,11:50-12:00,3.324380134603871
2025-10-15,75,80,12:20-13:20,408.5377161723677
2025-10-15,85,85,14:00-14:10,0.1996666666668716
2025-10-15,89,89,14:40-14:50,4.6572257618480535
2025-10-15,93,94,15:20-15:40,18.039724520143636
2025-10-15,97,100,16:00-16:40,76.83284290414173
2025-10-15,103,103,17:00-17:10,6.573182350121201
2025-10-15,106,106,17:30-17:40,20.133501820728597
2025-10-15,109,109,18:00-18:10,10.183372605418043
2025-10-15,112,113,18:30-18:50,48.7798161073821
2025-10-15,116,117,19:10-19:30,19.3814797341754
2025-10-15,122,131,20:10-21:50,790.2378459309066
2025-10-15,133,133,22:00-22:10,3.7158680286879644
2025-10-15,139,140,23:00-23:20,32.351586300829126
2025-10-15,144,144,23:50-24:00,17.76767070009214
2025-10-16,2,3,00:10-00:30,10.907603993946623
2025-10-16,6,6,00:50-01:00,838.7179813133306
2025-10-16,11,11,01:40-01:50,7.073760086853554
2025-10-16,15,16,02:20-02:40,27.155986294249146
2025-10-16,31,32,05:00-05:20,22.96678250615691
2025-10-16,38,39,06:10-06:30,7.635854705506404
2025-10-16,42,46,06:50-07:40,123.56993317823756
2025-10-16,49,51,08:00-08:30,47.976189747711146
2025-10-16,53,54,08:40-09:00,17.26738781042627
2025-10-16,58,58,09:30-09:40,33.680369933073735
2025-10-16,63,65,10:20-10:50,49.98454726279783
2025-10-16,73,74,12:00-12:20,24.99060126426457
2025-10-16,85,86,14:00-14:20,64.21119935705838
2025-10-16,90,93,14:50-15:30,564.1582102823678
2025-10-16,96,98,15:50-16:20,182.98258152974407
2025-10-16,101,102,16:40-17:00,68.52550583159424
2025-10-16,105,105,17:20-17:30,35.22293668715777
2025-10-16,108,113,17:50-18:50,295.2163316266856
2025-10-16,116,120,19:10-20:00,19.078466363995517
2025-10-16,122,125,20:10-20:50,809.9583812334305
2025-10-16,127,131,21:00-21:50,72.39790085800755
2025-10-16,136,136,22:30-22:40,15.669233425450784
2025-10-16,140,140,23:10-23:20,11.80813460323725
2025-10-16,143,144,23:40-24:00,59.30372643110917
2025-10-17,1,1,00:00-00:10,837.0007244769049
2025-10-17,3,10,00:20-01:40,4316.0154523022875
2025-10-17,15,15,02:20-02:30,9.008855645479628
2025-10-17,20,21,03:10-03:30,19.196195887616682
2025-10-17,48,48,07:50-08:00,1.8188265495460882
2025-10-17,52,52,08:30-08:40,25.0087477638034
2025-10-17,55,57,09:00-09:30,100.26216482901896
2025-10-17,59,60,09:40-10:00,47.61323201267078
2025-10-17,62,63,10:10-10:30,72.61219190400948
2025-10-17,66,69,10:50-11:30,75.78556134359815
2025-10-17,97,97,16:00-16:10,16.019170860827558
2025-10-17,103,103,17:00-17:10,14.09048211043931
2025-10-17,106,107,17:30-17:50,6.925453803132068
2025-10-17,112,113,18:30-18:50,38.70253677833546
2025-10-17,115,116,19:00-19:20,30.277288166675987
2025-10-17,119,120,19:40-20:00,37.267823167521954
2025-10-17,123,131,20:20-21:50,301.3505274938306
2025-10-17,137,139,22:40-23:10,35.089369746019315
2025-10-17,142,142,23:30-23:40,16.40075674430841
2025-10-18,1,3,00:00-00:30,2463.2042589222265
2025-10-18,6,6,00:50-01:00,837.114794051849
2025-10-18,8,12,01:10-02:00,1185.3225766469195
2025-10-18,14,15,02:10-02:30,54.2726176141594
2025-10-18,17,18,02:40-03:00,143.7529639755229
2025-10-18,21,21,03:20-03:30,58.817437162784586
2025-10-18,23,24,03:40-04:00,49.00323024740101
2025-10-18,26,30,04:10-05:00,177.77603412103093
2025-10-18,32,33,05:10-05:30,328.45803799276683
2025-10-18,48,48,07:50-08:00,28.989624589701407
2025-10-18,52,52,08:30-08:40,14.058141949128526
2025-10-18,55,58,09:00-09:40,66.62905662493165
2025-10-18,62,63,10:10-10:30,126.67221782941442
2025-10-18,68,68,11:10-11:20,59.319178237738015
2025-10-18,99,99,16:20-16:30,41.373336693738
2025-10-18,105,105,17:20-17:30,23.743413119207524
2025-10-18,125,127,20:40-21:10,88.5657930981348
2025-10-18,129,131,21:20-21:50,68.14678976839053
2025-10-18,134,135,22:10-22:30,10.331890156599684
2025-10-18,140,141,23:10-23:30,36.29945014475595
2025-10-18,144,144,23:50-24:00,11.858098736675856
2025-10-19,3,4,00:20-00:40,12.690607533886123
2025-10-19,6,8,00:50-01:20,877.6413685748126
2025-10-19,19,19,03:00-03:10,8.633727891827789
2025-10-19,23,23,03:40-03:50,10.805164988814454
2025-10-19,26,27,04:10-04:30,29.07332205918931
2025-10-19,35,36,05:40-06:00,16.671198778034977
2025-10-19,39,39,06:20-06:30,32.32257127347589
2025-10-19,43,46,07:00-07:40,127.6740636183334
2025-10-19,49,50,08:00-08:20,27.927414624104813
2025-10-19,53,53,08:40-08:50,15.9889210281425
2025-10-19,57,57,09:20-09:30,59.50997408023602
2025-10-19,60,62,09:50-10:20,44.03592460662139
2025-10-19,86,86,14:10-14:20,5.856782375500416
2025-10-19,88,91,14:30-15:10,248.75660786569728
2025-10-19,93,94,15:20-15:40,61.12439534149155
2025-10-19,98,101,16:10-16:50,64.1473853894202
2025-10-19,103,104,17:00-17:20,23.707850844095745
2025-10-19,109,110,18:00-18:20,42.305610702536015
2025-10-19,112,112,18:30-18:40,7.308169221514163
2025-10-19,115,115,19:00-19:10,34.40259857876026
2025-10-19,119,120,19:40-20:00,23.95921063297783
2025-10-19,122,125,20:10-20:50,627.4834436584056
2025-10-19,128,129,21:10-21:30,53.59595602710863
2025-10-19,134,134,22:10-22:20,12.464883767601009
2025-10-19,139,139,23:00-23:10,18.489353408343163
2025-10-19,144,144,23:50-24:00,26.317903388603554
2025-10-20,6,7,00:50-01:10,876.4513291090932
2025-10-20,16,16,02:30-02:40,13.406882964864053
2025-10-20,21,21,03:20-03:30,2.902401631793623
2025-10-20,23,23,03:40-03:50,1.3164824058223985
2025-10-20,37,38,06:00-06:20,22.958796188408314
2025-10-20,43,48,07:00-08:00,128.06998101065915
2025-10-20,51,53,08:20-08:50,124.13534808621432
2025-10-20,55,65,09:00-10:50,311.45233496008643
2025-10-20,77,78,12:40-13:00,40.26895746526816
2025-10-20,87,87,14:20-14:30,15.049720343842523
2025-10-20,112,112,18:30-18:40,0.6637369193315408
2025-10-20,114,115,18:50-19:10,19.356709595247253
2025-10-20,122,122,20:10-20:20,8.201429378865669
2025-10-20,124,125,20:30-20:50,55.97923391141546
2025-10-20,127,129,21:00-21:30,26.959995444137395
2025-10-20,131,132,21:40-22:00,38.64281837741839
2025-10-20,136,136,22:30-22:40,7.686262659560498
2025-10-20,140,140,23:10-23:20,1.7759895249374722
2025-10-20,142,143,23:30-23:50,26.241797177260082
2025-10-21,6,6,00:50-01:00,796.3930833004345
2025-10-21,8,8,01:10-01:20,104.68854370689905
2025-10-21,11,11,01:40-01:50,6.912701144887478
2025-10-21,18,18,02:50-03:00,3.862415449401283
2025-10-21,22,22,03:30-03:40,11.619663330701314
2025-10-21,25,25,04:00-04:10,3.1621920416743023
2025-10-21,28,28,04:30-04:40,1.3344188887635775
2025-10-21,33,33,05:20-05:30,25.48802737202243
2025-10-21,35,35,05:40-05:50,7.2659070460398425
2025-10-21,39,39,06:20-06:30,40.75646647585211
2025-10-21,41,42,06:40-07:00,59.403512684000134
2025-10-21,44,46,07:10-07:40,26.035323098903547
2025-10-21,51,52,08:20-08:40,37.78908728946283
2025-10-21,55,56,09:00-09:20,60.00613277874845
2025-10-21,58,60,09:30-10:00,49.52241982027738
2025-10-21,62,66,10:10-11:00,118.23887159306855
2025-10-21,68,68,11:10-11:20,9.733431532344184
2025-10-21,70,76,11:30-12:40,277.88437572895054
2025-10-21,87,87,14:20-14:30,17.61040378903249
2025-10-21,90,90,14:50-15:00,8.380851882766365
2025-10-21,105,105,17:20-17:30,2.734967265429827
2025-10-21,108,108,17:50-18:00,1.3535084287406107
2025-10-21,117,117,19:20-19:30,0.3156185024346314
2025-10-21,124,125,20:30-20:50,14.031925036191069
2025-10-21,128,130,21:10-21:40,25.680781991051276
2025-10-21,139,140,23:00-23:20,39.56114337412794
2025-10-21,144,144,23:50-24:00,8.329340735623191
2025-10-22,6,8,00:50-01:20,1038.7724225913707
2025-10-22,10,10,01:30-01:40,30.01765034215032
2025-10-22,35,36,05:40-06:00,7.637452268155471
2025-10-22,41,41,06:40-06:50,7.1113763032728485
2025-10-22,43,46,07:00-07:40,121.84971641945413
2025-10-22,49,56,08:00-09:20,158.63969419378452
2025-10-22,58,62,09:30-10:20,444.67138236616466
2025-10-22,72,72,11:50-12:00,18.361047835241834
2025-10-22,87,87,14:20-14:30,2.7873294841425604
2025-10-22,101,101,16:40-16:50,4.964082271163392
2025-10-22,104,105,17:10-17:30,18.555946614216257
2025-10-22,108,109,17:50-18:10,59.064983715902486
2025-10-22,112,112,18:30-18:40,12.4522467693115
2025-10-22,116,117,19:10-19:30,41.00382554095472
2025-10-22,122,126,20:10-21:00,373.6581646589509
2025-10-22,128,131,21:10-21:50,48.1772127319382
2025-10-22,137,139,22:40-23:10,30.785322595078014
2025-10-22,143,144,23:40-24:00,5.315285583629702
2025-10-23,2,2,00:10-00:20,8.395351250164367
2025-10-23,6,6,00:50-01:00,767.9737511514675
2025-10-23,8,8,01:10-01:20,65.29655903940863
2025-10-23,10,11,01:30-01:50,4.157828530069878
2025-10-23,13,13,02:00-02:10,0.723721752862275
2025-10-23,17,17,02:40-02:50,1.1237756415318927
2025-10-23,22,22,03:30-03:40,7.332747545729717
2025-10-23,26,26,04:10-04:20,9.933653283326748
2025-10-23,37,42,06:00-07:00,62.365485359915795
2025-10-23,53,53,08:40-08:50,27.054504669787548
2025-10-23,56,57,09:10-09:30,14.143492560111099
2025-10-23,60,60,09:50-10:00,7.301209963717383
2025-10-23,64,65,10:30-10:50,75.26900038726944
2025-10-23,73,74,12:00-12:20,86.69276374898982
2025-10-23,102,103,16:50-17:10,20.408835062884023
2025-10-23,106,107,17:30-17:50,31.137642640949075
2025-10-23,115,115,19:00-19:10,22.568039143308397
2025-10-23,118,119,19:30-19:50,29.499922845110973
2025-10-23,121,124,20:00-20:40,149.48437343222736
2025-10-23,126,127,20:50-21:10,49.30544510461914
2025-10-23,130,131,21:30-21:50,35.41154309119611
2025-10-23,133,134,22:00-22:20,37.701086590340765
2025-10-23,139,139,23:00-23:10,29.848801329122352
2025-10-23,142,144,23:30-24:00,49.47915712593749
2025-10-24,1,7,00:00-01:10,4753.809649967564
2025-10-24,18,19,02:50-03:10,8.013742906961568
2025-10-24,23,23,03:40-03:50,3.244364166337789
2025-10-24,25,25,04:00-04:10,5.732943829272699
2025-10-24,35,35,05:40-05:50,12.084369629462628
2025-10-24,46,46,07:30-07:40,15.854932211005291
2025-10-24,50,50,08:10-08:20,6.284677223506833
2025-10-24,53,54,08:40-09:00,57.54729903370753
2025-10-24,58,60,09:30-10:00,74.75522754403778
2025-10-24,64,67,10:30-11:10,89.06023231534209
2025-10-24,94,95,15:30-15:50,3.8773023922321954
2025-10-24,98,98,16:10-16:20,5.008817448724471
2025-10-24,100,101,16:30-16:50,22.947186526422712
2025-10-24,108,108,17:50-18:00,12.702577312804237
2025-10-24,110,111,18:10-18:30,51.7042939136727
2025-10-24,114,115,18:50-19:10,21.252097374654966
2025-10-24,118,119,19:30-19:50,26.96835107250962
2025-10-24,121,122,20:00-20:20,44.92446515988945
2025-10-24,125,128,20:40-21:20,420.35393722764474
2025-10-24,130,131,21:30-21:50,59.00489767168585
2025-10-24,133,134,22:00-22:20,8.270834201868752
2025-10-24,137,138,22:40-23:00,66.11049120936963
2025-10-24,142,144,23:30-24:00,22.831898934070352
2025-10-25,1,3,00:00-00:30,2052.6247596668236
2025-10-25,5,9,00:40-01:30,2691.0424971046377
2025-10-25,13,13,02:00-02:10,51.089096245281894
2025-10-25,52,53,08:30-08:50,35.36995229729473
2025-10-25,55,61,09:00-10:10,129.6485655424584
2025-10-25,65,65,10:40-10:50,0.9908529336564698
2025-10-25,70,71,11:30-11:50,105.91514081834043
2025-10-25,98,98,16:10-16:20,2.5150300603461915
2025-10-25,103,103,17:00-17:10,27.63544583591826
2025-10-25,106,107,17:30-17:50,29.484966937379
2025-10-25,114,114,18:50-19:00,13.802063429398572
2025-10-25,116,116,19:10-19:20,3.684752548267568
2025-10-25,122,125,20:10-20:50,193.78521029893813
2025-10-25,127,128,21:00-21:20,82.46142312304218
2025-10-25,130,131,21:30-21:50,61.1641355902093
2025-10-25,133,134,22:00-22:20,10.675313955783679
2025-10-25,137,138,22:40-23:00,31.162643097776083
2025-10-25,144,144,23:50-24:00,29.225770265824394
2025-10-26,1,2,00:00-00:20,39.23784478878815
2025-10-26,5,5,00:40-00:50,6.756928885379693
2025-10-26,7,9,01:00-01:30,655.018514117727
2025-10-26,12,12,01:50-02:00,16.016665910102574
2025-10-26,15,15,02:20-02:30,4.512436504803304
2025-10-26,21,21,03:20-03:30,3.3751855507302935
2025-10-26,33,33,05:20-05:30,27.122844453217454
2025-10-26,36,36,05:50-06:00,11.505869153835988
2025-10-26,38,39,06:10-06:30,20.078555451263014
2025-10-26,42,42,06:50-07:00,37.53288209444828
2025-10-26,44,45,07:10-07:30,33.7797458537778
2025-10-26,61,63,10:00-10:30,103.33968513244236
2025-10-26,65,65,10:40-10:50,12.49860036282962
2025-10-26,74,75,12:10-12:30,60.52413492846836
2025-10-26,107,108,17:40-18:00,31.926717035136516
2025-10-26,111,111,18:20-18:30,39.23302213355157
2025-10-26,121,122,20:00-20:20,11.042781977891764
2025-10-26,124,126,20:30-21:00,68.1868544084748
2025-10-26,129,131,21:20-21:50,20.659899499934
2025-10-26,137,137,22:40-22:50,8.72354698644574
2025-10-26,139,139,23:00-23:10,3.9093192130543457
2025-10-26,142,142,23:30-23:40,28.110774200552555
2025-10-27,2,3,00:10-00:30,22.94251589682858
2025-10-27,6,7,00:50-01:10,847.9069573061926
2025-10-27,12,12,01:50-02:00,1.7560981708119243
2025-10-27,20,20,03:10-03:20,0.4460090998816213
2025-10-27,23,23,03:40-03:50,9.51510551388344
2025-10-27,25,26,04:00-04:20,9.266527622055264
2025-10-27,28,28,04:30-04:40,3.7835320549583384
2025-10-27,36,37,05:50-06:10,36.993212343729624
2025-10-27,41,45,06:40-07:30,36.63124587915725
2025-10-27,47,47,07:40-07:50,20.372725892504548
2025-10-27,59,61,09:40-10:10,135.94319049311002
2025-10-27,64,64,10:30-10:40,8.330718549433186
2025-10-27,84,84,13:50-14:00,6.8737500000002
2025-10-27,95,96,15:40-16:00,35.65708964713423
2025-10-27,99,99,16:20-16:30,9.392408885567392
2025-10-27,102,103,16:50-17:10,16.277224952531093
2025-10-27,106,106,17:30-17:40,15.595388132837115
2025-10-27,109,110,18:00-18:20,32.8972004107685
2025-10-27,112,113,18:30-18:50,26.580149367398008
2025-10-27,119,119,19:40-19:50,18.325670983024224
2025-10-27,122,128,20:10-21:20,234.17738576769545
2025-10-27,133,134,22:00-22:20,13.875721094881214
2025-10-27,136,136,22:30-22:40,9.373683155678464
2025-10-27,139,139,23:00-23:10,40.46396306092902
2025-10-27,142,143,23:30-23:50,20.972484261086834
2025-10-28,1,2,00:00-00:20,27.67361126463993
2025-10-28,6,8,00:50-01:20,956.2724753687561
2025-10-28,17,18,02:40-03:00,9.711635294117627
2025-10-28,27,27,04:20-04:30,8.208838662981861
2025-10-28,36,36,05:50-06:00,35.7685919199896
2025-10-28,41,45,06:40-07:30,66.40073489932874
2025-10-28,47,48,07:40-08:00,76.41171469742255
2025-10-28,53,53,08:40-08:50,10.996935177561
2025-10-28,59,60,09:40-10:00,74.85031645047252
2025-10-28,63,63,10:20-10:30,35.93873165548143
2025-10-28,83,83,13:40-13:50,2.201616666666723
2025-10-28,98,98,16:10-16:20,4.124669520425471
2025-10-28,113,113,18:40-18:50,7.071078483071005
2025-10-28,117,117,19:20-19:30,4.063402421371393
2025-10-28,123,125,20:20-20:50,30.267842754685944
2025-10-28,127,128,21:00-21:20,7.7915362481903685
2025-10-28,130,130,21:30-21:40,5.260586241610554
2025-10-28,134,136,22:10-22:40,36.98165829714446
2025-10-28,143,144,23:40-24:00,59.62469343334635
2025-10-29,6,6,00:50-01:00,812.1096295565208
2025-10-29,16,16,02:30-02:40,13.508552223976949
2025-10-29,26,27,04:10-04:30,38.64864805895502
2025-10-29,31,32,05:00-05:20,48.64329589070458
2025-10-29,37,38,06:00-06:20,26.511127315624208
2025-10-29,41,42,06:40-07:00,30.774936716297226
2025-10-29,45,45,07:20-07:30,13.025775292801825
2025-10-29,47,47,07:40-07:50,2.801835365555519
2025-10-29,49,49,08:00-08:10,6.010845926155753
2025-10-29,52,53,08:30-08:50,24.883027130449136
2025-10-29,55,56,09:00-09:20,59.12178470287438
2025-10-29,58,59,09:30-09:50,50.52893275336976
2025-10-29,61,73,10:00-12:10,906.8714991136019
2025-10-29,90,90,14:50-15:00,1.9165976716863042
2025-10-29,104,104,17:10-17:20,6.330805542082519
2025-10-29,108,108,17:50-18:00,6.738678234917984
2025-10-29,112,113,18:30-18:50,38.951187925102886
2025-10-29,121,126,20:00-21:00,189.18098693271736
2025-10-29,128,129,21:10-21:30,20.433474733517414
2025-10-29,133,133,22:00-22:10,20.407561113304382
2025-10-29,139,139,23:00-23:10,1.3110678510329308
2025-10-29,142,143,23:30-23:50,27.841784800631558
2025-10-30,5,6,00:40-01:00,18.885794453217727
2025-10-30,8,12,01:10-02:00,588.8396640684568
2025-10-30,19,20,03:00-03:20,8.271874272930631
2025-10-30,24,24,03:50-04:00,20.172145677062645
2025-10-30,29,29,04:40-04:50,8.683975740229016
2025-10-30,36,37,05:50-06:10,27.607645085819513
2025-10-30,40,40,06:30-06:40,27.606247621867624
2025-10-30,43,44,07:00-07:20,47.807606229203486
2025-10-30,49,50,08:00-08:20,32.398814050721285
2025-10-30,62,64,10:10-10:40,158.0493913907851
2025-10-30,85,85,14:00-14:10,20.83263333333332
2025-10-30,105,107,17:20-17:50,16.52135243547073
2025-10-30,111,111,18:20-18:30,40.009082116067816
2025-10-30,121,121,20:00-20:10,11.040380043426694
2025-10-30,124,126,20:30-21:00,83.1534289248583
2025-10-30,128,129,21:10-21:30,63.44257021976591
2025-10-30,132,132,21:50-22:00,10.55932556915377
2025-10-30,137,137,22:40-22:50,6.807443966311098
2025-10-30,139,140,23:00-23:20,34.74814582181875
2025-10-31,1,3,00:00-00:30,1844.8572110085845
2025-10-31,5,6,00:40-01:00,1667.0741196670615
2025-10-31,8,10,01:10-01:40,1129.2445879469994
2025-10-31,24,24,03:50-04:00,8.14215554678242
2025-10-31,28,28,04:30-04:40,15.895715326264792
2025-10-31,32,33,05:10-05:30,40.420109066982434
2025-10-31,49,51,08:00-08:30,103.00059359314201
2025-10-31,53,55,08:40-09:10,48.80480086853572
2025-10-31,58,58,09:30-09:40,11.124286358167524
2025-10-31,61,61,10:00-10:10,3.858160077453931
2025-10-31,64,65,10:30-10:50,63.57152211569223
2025-10-31,67,69,11:00-11:30,112.64350993081803
2025-10-31,73,73,12:00-12:10,27.504772234128495
2025-10-31,93,93,15:20-15:30,7.643992936100631
2025-10-31,97,99,16:00-16:30,49.58550110544357
2025-10-31,102,102,16:50-17:00,5.267828977497075
2025-10-31,104,105,17:10-17:30,35.7466604534429
2025-10-31,108,109,17:50-18:10,29.093460915910043
2025-10-31,113,113,18:40-18:50,1.9424050175775278
2025-10-31,117,118,19:20-19:40,24.994491610738407
2025-10-31,125,129,20:40-21:30,156.30007750553733
2025-10-31,132,133,21:50-22:10,27.689683267534974
2025-10-31,136,136,22:30-22:40,1.4083308330043565
2025-10-31,139,140,23:00-23:20,30.104784208448564
2025-10-31,142,143,23:30-23:50,63.57136773259663
2025-11-01,1,8,00:00-01:20,4281.580295217836
2025-11-01,12,13,01:50-02:10,12.844942663508277
2025-11-01,15,17,02:20-02:50,32.929228932169735
2025-11-01,19,21,03:00-03:30,47.82654559810487
2025-11-01,25,28,04:00-04:40,58.3373897101236
2025-11-01,31,32,05:00-05:20,11.050069441468073
2025-11-01,35,35,05:40-05:50,6.6298302163818335
2025-11-01,50,51,08:10-08:30,76.59773483071069
2025-11-01,54,54,08:50-09:00,16.04909013780025
2025-11-01,56,57,09:10-09:30,112.96896288703385
2025-11-01,60,60,09:50-10:00,44.747667180832195
2025-11-01,63,63,10:20-10:30,34.55496479424005
2025-11-01,67,68,11:00-11:20,71.51869144342277
2025-11-01,71,72,11:40-12:00,22.647399656909784
2025-11-01,97,98,16:00-16:20,9.170087387438286
2025-11-01,102,102,16:50-17:00,20.951623803883805
2025-11-01,105,105,17:20-17:30,2.4705825052167256
2025-11-01,118,118,19:30-19:40,2.8950266745622457
2025-11-01,124,125,20:30-20:50,98.71354006730206
2025-11-01,128,129,21:10-21:30,37.53391307408873
2025-11-01,132,133,21:50-22:10,22.61522391104063
2025-11-01,137,137,22:40-22:50,24.916902289774896
2025-11-01,140,140,23:10-23:20,3.4940576589024204
2025-11-01,143,144,23:40-24:00,20.827238978812943
2025-11-02,4,5,00:30-00:50,10.850483464929766
2025-11-02,7,10,01:00-01:40,577.426617455433
2025-11-02,13,14,02:00-02:20,17.345567219370878
2025-11-02,16,18,02:30-03:00,32.75317860407199
2025-11-02,29,31,04:40-05:10,37.192425558814065
2025-11-02,33,33,05:20-05:30,2.3197145092213987
2025-11-02,40,45,06:30-07:30,77.31311002575532
2025-11-02,54,55,08:50-09:10,7.076033312654317
2025-11-02,58,59,09:30-09:50,73.32645034027041
2025-11-02,63,65,10:20-10:50,54.63146627093738
2025-11-02,76,76,12:30-12:40,6.391190944297023
2025-11-02,81,82,13:20-13:40,27.863797950858157
2025-11-02,112,112,18:30-18:40,11.14729136728522
2025-11-02,116,118,19:10-19:40,52.99404628898537
2025-11-02,122,124,20:10-20:40,193.61798210666723
2025-11-02,126,126,20:50-21:00,0.9647890511911328
2025-11-02,129,132,21:20-22:00,61.094527622055125
2025-11-02,137,138,22:40-23:00,25.073704842742586
2025-11-02,142,142,23:30-23:40,33.51914053164887
2025-11-03,2,3,00:10-00:30,3.3033060534282868
2025-11-03,6,6,00:50-01:00,843.965021055402
2025-11-03,8,8,01:10-01:20,48.07468938522413
2025-11-03,15,15,02:20-02:30,14.899909856560157
2025-11-03,18,18,02:50-03:00,7.349918410317173
2025-11-03,21,21,03:20-03:30,4.951735194202342
2025-11-03,24,24,03:50-04:00,14.215365837610193
2025-11-03,27,27,04:20-04:30,6.243228137556116
2025-11-03,31,32,05:00-05:20,52.36184451619589
2025-11-03,36,36,05:50-06:00,15.834352546387663
2025-11-03,40,41,06:30-06:50,74.96405536160786
2025-11-03,63,68,10:20-11:20,189.36934760306758
2025-11-03,75,76,12:20-12:40,103.03914358092197
2025-11-03,84,84,13:50-14:00,26.993749999999864
2025-11-03,93,93,15:20-15:30,1.1052281785198375
2025-11-03,107,108,17:40-18:00,29.571513662511954
2025-11-03,124,125,20:30-20:50,35.03602226080318
2025-11-03,131,131,21:40-21:50,11.57076766021828
2025-11-03,137,137,22:40-22:50,9.873626075799393
2025-11-03,142,142,23:30-23:40,48.49706459402546
2025-11-04,1,1,00:00-00:10,18.997726095539065
2025-11-04,4,5,00:30-00:50,50.255033116199684
2025-11-04,7,10,01:00-01:40,490.85169626949266
2025-11-04,14,14,02:10-02:20,5.163037524674451
2025-11-04,21,22,03:20-03:40,9.201697039084138
2025-11-04,26,26,04:10-04:20,21.019289557836714
2025-11-04,31,31,05:00-05:10,1.7584986135393592
2025-11-04,36,37,05:50-06:10,51.07403009606503
2025-11-04,40,40,06:30-06:40,17.905839127328782
2025-11-04,44,45,07:10-07:30,11.141991628597793
2025-11-04,47,47,07:40-07:50,9.522133557046857
2025-11-04,64,65,10:30-10:50,19.42162462072065
2025-11-04,84,84,13:50-14:00,0.32291666666662877
2025-11-04,104,104,17:10-17:20,25.22418631116883
2025-11-04,110,111,18:10-18:30,5.019756421897682
2025-11-04,114,116,18:50-19:20,9.894419609723172
2025-11-04,120,124,19:50-20:40,127.3810908073217
2025-11-04,126,127,20:50-21:10,53.05118368864305
2025-11-04,131,131,21:40-21:50,9.463301572575347
2025-11-04,139,139,23:00-23:10,8.846450506645851
2025-11-04,142,142,23:30-23:40,20.686326996973094
2025-11-05,3,4,00:20-00:40,53.87491513357031
2025-11-05,6,8,00:50-01:20,918.0365302028653
2025-11-05,30,30,04:50-05:00,29.954298591920065
2025-11-05,33,33,05:20-05:30,29.659796285736434
2025-11-05,39,41,06:20-06:50,61.85272600812158
2025-11-05,47,47,07:40-07:50,27.81307993344967
2025-11-05,51,51,08:20-08:30,15.546965954166808
2025-11-05,61,61,10:00-10:10,18.347201853433816
2025-11-05,64,65,10:30-10:50,117.27026293309268
2025-11-05,71,71,11:40-11:50,2.6961091844793827
2025-11-05,95,95,15:40-15:50,9.565282288082642
2025-11-05,100,101,16:30-16:50,15.02715881412972
2025-11-05,104,104,17:10-17:20,7.816032071889163
2025-11-05,109,109,18:00-18:10,1.2782599966160046
2025-11-05,125,126,20:40-21:00,39.65417071983131
2025-11-05,130,132,21:30-22:00,62.91255595473069
2025-11-05,135,135,22:20-22:30,24.360213843926886
2025-11-05,137,137,22:40-22:50,1.0248214041321262
2025-11-05,141,141,23:20-23:30,5.9001756810105235
2025-11-06,4,4,00:30-00:40,13.900919811817175
2025-11-06,6,8,00:50-01:20,869.3838416056184
2025-11-06,11,11,01:40-01:50,13.959549809185432
2025-11-06,16,18,02:30-03:00,8.147754250559274
2025-11-06,23,23,03:40-03:50,4.180109836820634
2025-11-06,33,33,05:20-05:30,19.710440189498627
2025-11-06,39,41,06:20-06:50,27.388572105352775
2025-11-06,44,48,07:10-08:00,120.58287495253157
2025-11-06,51,51,08:20-08:30,21.730503582238725
2025-11-06,55,55,09:00-09:10,0.3722017239111892
2025-11-06,58,67,09:30-11:10,818.4529114352999
2025-11-06,73,73,12:00-12:10,3.0904084409596635
2025-11-06,78,79,12:50-13:10,73.79570843908004
2025-11-06,106,106,17:30-17:40,3.4416596591659685
2025-11-06,110,110,18:10-18:20,6.022344493636638
2025-11-06,112,113,18:30-18:50,3.0663195247193626
2025-11-06,123,126,20:20-21:00,49.55407407741518
2025-11-06,129,130,21:20-21:40,33.85863780826501
2025-11-06,134,135,22:10-22:30,28.226046525858465
2025-11-06,138,139,22:50-23:10,9.075232760889435
2025-11-06,142,142,23:30-23:40,2.3818695881034273
2025-11-07,1,1,00:00-00:10,434.62571225943407
2025-11-07,3,9,00:20-01:30,3701.9556802721777
2025-11-07,11,12,01:40-02:00,10.371706829845948
2025-11-07,15,15,02:20-02:30,44.05054546650882
2025-11-07,22,22,03:30-03:40,4.392226417949701
2025-11-07,36,36,05:50-06:00,1.9038827477299378
2025-11-07,43,43,07:00-07:10,8.75810404752491
2025-11-07,53,54,08:40-09:00,14.229062614441887
2025-11-07,60,60,09:50-10:00,44.98344225743995
2025-11-07,62,63,10:10-10:30,65.50198455341831
2025-11-07,66,66,10:50-11:00,14.269759857499594
2025-11-07,72,74,11:50-12:20,116.8096646880233
2025-11-07,103,104,17:00-17:20,12.914772892109742
2025-11-07,106,106,17:30-17:40,3.2159840730922937
2025-11-07,119,119,19:40-19:50,2.41540087511504
2025-11-07,123,123,20:20-20:30,26.08612383208316
2025-11-07,125,125,20:40-20:50,106.08697459910303
2025-11-07,127,127,21:00-21:10,6.242693670219751
2025-11-07,130,131,21:30-21:50,33.165038939334124
2025-11-07,134,134,22:10-22:20,13.787912896433738
2025-11-07,143,144,23:40-24:00,49.79833941308067
2025-11-08,1,2,00:00-00:20,453.68203948802056
2025-11-08,4,9,00:30-01:30,3268.796037674629
2025-11-08,14,14,02:10-02:20,11.339227260165842
2025-11-08,19,19,03:00-03:10,5.951802474009639
2025-11-08,27,27,04:20-04:30,7.352525332280607
2025-11-08,35,36,05:40-06:00,15.44968996954509
2025-11-08,52,55,08:30-09:10,70.17973155114385
2025-11-08,58,58,09:30-09:40,12.085700682420338
2025-11-08,61,63,10:00-10:30,86.07051628033753
2025-11-08,66,66,10:50-11:00,33.9318549414395
2025-11-08,68,69,11:10-11:30,15.418923847122414
2025-11-08,72,74,11:50-12:20,84.31628767506982
2025-11-08,99,99,16:20-16:30,12.017336985129731
2025-11-08,113,114,18:40-19:00,13.87023975617086
2025-11-08,118,118,19:30-19:40,5.212134090011773
2025-11-08,125,125,20:40-20:50,65.66648889891292
2025-11-08,128,129,21:10-21:30,47.64810109224908
2025-11-08,134,134,22:10-22:20,7.516918015528404
2025-11-08,140,140,23:10-23:20,8.170430931701446
2025-11-08,143,144,23:40-24:00,26.939241959468518
2025-11-09,3,3,00:20-00:30,13.017439794709844
2025-11-09,6,8,00:50-01:20,859.8441207156089
2025-11-09,13,13,02:00-02:10,1.6756138307671335
2025-11-09,21,21,03:20-03:30,7.589429530201301
2025-11-09,25,25,04:00-04:10,2.576647006185226
2025-11-09,35,36,05:40-06:00,0.5896660547439504
2025-11-09,40,42,06:30-07:00,56.293802168518354
2025-11-09,50,50,08:10-08:20,9.485849624010825
2025-11-09,84,86,13:50-14:20,115.92276776455549
2025-11-09,88,90,14:30-15:00,70.59181454232714
2025-11-09,98,99,16:10-16:30,9.821634742352984
2025-11-09,101,102,16:40-17:00,10.872757650442892
2025-11-09,105,105,17:20-17:30,1.3806734195652552
2025-11-09,112,113,18:30-18:50,7.170397965897669
2025-11-09,125,127,20:40-21:10,44.80612662850399
2025-11-09,130,131,21:30-21:50,22.004606935123206
2025-11-09,134,134,22:10-22:20,14.571499730227515
2025-11-09,142,144,23:30-24:00,51.57385642847726
2025-11-10,3,4,00:20-00:40,21.349676779839683
2025-11-10,6,8,00:50-01:20,888.8496148079909
2025-11-10,11,11,01:40-01:50,1.4855995005839304
2025-11-10,24,25,03:50-04:10,10.947964311093642
2025-11-10,28,29,04:30-04:50,45.94226619332612
2025-11-10,35,36,05:40-06:00,2.2452223845244523
2025-11-10,40,42,06:30-07:00,48.87413492094819
2025-11-10,45,47,07:20-07:50,24.522200766078697
2025-11-10,49,50,08:00-08:20,38.34494538285105
2025-11-10,52,52,08:30-08:40,19.593794836726374
2025-11-10,55,55,09:00-09:10,6.073953837910494
2025-11-10,65,65,10:40-10:50,14.617566296317364
2025-11-10,72,76,11:50-12:40,216.67375018799453
2025-11-10,83,83,13:40-13:50,6.93362409057579
2025-11-10,85,87,14:00-14:30,80.09351416069808
2025-11-10,94,97,15:30-16:10,26.25889880247371
2025-11-10,102,103,16:50-17:10,24.306152136558985
2025-11-10,106,106,17:30-17:40,25.39234978192607
2025-11-10,109,110,18:00-18:20,51.11038764123111
2025-11-10,112,113,18:30-18:50,39.10999116237094
2025-11-10,117,117,19:20-19:30,1.5114153178049037
2025-11-10,120,123,19:50-20:30,133.3984678366835
2025-11-10,125,126,20:40-21:00,83.81490820502688
2025-11-10,129,130,21:20-21:40,78.97073756415296
2025-11-10,137,137,22:40-22:50,8.040408422160795
2025-11-10,140,141,23:10-23:30,7.659631148835274
2025-11-11,2,2,00:10-00:20,6.616485899460486
2025-11-11,6,6,00:50-01:00,836.3558803789972
2025-11-11,8,8,01:10-01:20,71.9577197812165
2025-11-11,11,11,01:40-01:50,11.659029451243555
2025-11-11,38,39,06:10-06:30,30.453120847667943
2025-11-11,41,42,06:40-07:00,48.04388616171332
2025-11-11,45,45,07:20-07:30,14.748888622563328
2025-11-11,54,54,08:50-09:00,9.029141099392746
2025-11-11,57,57,09:20-09:30,23.460752636625102
2025-11-11,64,65,10:30-10:50,58.59778643712502
2025-11-11,86,86,14:10-14:20,0.044791928449399165
2025-11-11,89,89,14:40-14:50,11.4165347630327
2025-11-11,93,93,15:20-15:30,8.460002279435457
2025-11-11,99,100,16:20-16:40,8.740626691481793
2025-11-11,104,104,17:10-17:20,16.184535562950373
2025-11-11,108,108,17:50-18:00,5.283155020397658
2025-11-11,111,111,18:20-18:30,4.383240557968065
2025-11-11,116,116,19:10-19:20,8.198258007632603
2025-11-11,119,119,19:40-19:50,9.945955040136823
2025-11-11,125,126,20:40-21:00,30.189086445584962
2025-11-11,128,130,21:10-21:40,47.64490704698005
2025-11-11,134,134,22:10-22:20,6.25468355704686
2025-11-11,139,140,23:00-23:20,40.58580542176594
2025-11-11,143,144,23:40-24:00,46.194478819581605
2025-11-12,6,8,00:50-01:20,887.8220117263825
2025-11-12,38,39,06:10-06:30,51.39257443084616
2025-11-12,41,42,06:40-07:00,52.079392478333695
2025-11-12,45,45,07:20-07:30,44.97849072998349
2025-11-12,63,64,10:20-10:40,41.80645637301882
2025-11-12,82,83,13:30-13:50,21.991164289474
2025-11-12,87,87,14:20-14:30,0.04446656124466131
2025-11-12,97,97,16:00-16:10,1.4695854435733509
2025-11-12,102,102,16:50-17:00,23.162523898821156
2025-11-12,105,105,17:20-17:30,0.027164724984686472
2025-11-12,111,111,18:20-18:30,6.47704237399671
2025-11-12,116,116,19:10-19:20,2.5395075207262607
2025-11-12,119,121,19:40-20:10,26.935670818528706
2025-11-12,124,124,20:30-20:40,7.240237465455493
2025-11-12,127,128,21:00-21:20,68.0120983353072
2025-11-12,130,131,21:30-21:50,46.99638799184095
2025-11-12,134,134,22:10-22:20,2.4907547769444136
2025-11-12,136,136,22:30-22:40,10.08598701802839
2025-11-12,139,139,23:00-23:10,13.449119397288996
2025-11-12,142,144,23:30-24:00,41.807901039610556
2025-11-13,6,7,00:50-01:10,765.6113523262478
2025-11-13,12,13,01:50-02:10,5.217926786419298
2025-11-13,15,15,02:20-02:30,2.2984753679402274
2025-11-13,25,25,04:00-04:10,4.691615692854384
2025-11-13,27,27,04:20-04:30,12.2018402843795
2025-11-13,29,31,04:40-05:10,25.64121274358953
2025-11-13,36,36,05:50-06:00,15.593437952362251
2025-11-13,38,38,06:10-06:20,0.02733875509970085
2025-11-13,41,42,06:40-07:00,93.45886363995228
2025-11-13,45,45,07:20-07:30,33.395004705506466
2025-11-13,64,65,10:30-10:50,42.46117347301333
2025-11-13,74,76,12:10-12:40,160.3994093593144
2025-11-13,81,81,13:20-13:30,12.491641569379453
2025-11-13,83,84,13:40-14:00,39.24223861692326
2025-11-13,88,88,14:30-14:40,17.816908706973095
2025-11-13,90,91,14:50-15:10,34.77137543003789
2025-11-13,97,97,16:00-16:10,14.162732618953783
2025-11-13,101,101,16:40-16:50,2.7210715676873605
2025-11-13,103,104,17:00-17:20,12.631702299174387
2025-11-13,113,114,18:40-19:00,13.10127048953791
2025-11-13,122,122,20:10-20:20,3.4997176207394887
2025-11-13,124,124,20:30-20:40,41.41592325963916
2025-11-13,127,128,21:00-21:20,44.198234083431885
2025-11-13,130,131,21:30-21:50,28.122527187787796
2025-11-13,133,133,22:00-22:10,1.7819712198972866
2025-11-13,137,137,22:40-22:50,1.111920101329133
2025-11-13,139,139,23:00-23:10,30.927328108961547
2025-11-13,142,144,23:30-24:00,28.638501118568115
2025-11-14,2,3,00:10-00:30,450.955486979585
2025-11-14,6,12,00:50-02:00,2039.4099381262586
2025-11-14,15,19,02:20-03:10,142.45044317015402
2025-11-14,21,21,03:20-03:30,43.429032767469494
2025-11-14,27,27,04:20-04:30,20.303099091985757
2025-11-14,35,36,05:40-06:00,13.0912304184763
2025-11-14,52,53,08:30-08:50,29.332453531479587
2025-11-14,56,57,09:10-09:30,66.01392434154855
2025-11-14,61,62,10:00-10:20,43.04294026657624
2025-11-14,64,66,10:30-11:00,116.26278408343182
2025-11-14,71,75,11:40-12:30,74.78202465925983
2025-11-14,94,94,15:30-15:40,30.65917192299736
2025-11-14,98,99,16:10-16:30,41.23456729550904
2025-11-14,102,102,16:50-17:00,8.438906580753091
2025-11-14,113,113,18:40-18:50,1.3284676075800803
2025-11-14,120,120,19:50-20:00,0.2546473220159555
2025-11-14,127,128,21:00-21:20,68.1926839715751
2025-11-14,131,131,21:40-21:50,3.941902289774987
2025-11-14,137,137,22:40-22:50,11.853329780234219
2025-11-14,139,140,23:00-23:20,29.64529837478625
2025-11-14,142,142,23:30-23:40,10.442322917489037
2025-11-15,3,7,00:20-01:10,3077.76453135611
2025-11-15,21,21,03:20-03:30,1.8502572706935894
2025-11-15,24,25,03:50-04:10,39.08729656761352
2025-11-15,28,29,04:30-04:50,74.88241827308099
2025-11-15,35,35,05:40-05:50,0.22013836689035315
2025-11-15,43,44,07:00-07:20,8.965875880285125
2025-11-15,53,55,08:40-09:10,83.37962699791319
2025-11-15,59,61,09:40-10:10,99.95674800537654
2025-11-15,68,68,11:10-11:20,7.290008897787175
2025-11-15,71,72,11:40-12:00,100.01978940274125
2025-11-15,75,76,12:20-12:40,58.41515597447005
2025-11-15,96,96,15:50-16:00,18.084062470625554
2025-11-15,120,120,19:50-20:00,24.115926437689268
2025-11-15,123,123,20:20-20:30,4.792830635609903
2025-11-15,125,127,20:40-21:10,46.02426168010612
2025-11-15,130,131,21:30-21:50,51.92876925253307
2025-11-15,137,138,22:40-23:00,26.879789860508254
2025-11-15,144,144,23:50-24:00,12.697823253059482
2025-11-16,1,2,00:00-00:20,15.32951279773647
2025-11-16,5,6,00:40-01:00,21.087537248322178
2025-11-16,8,9,01:10-01:30,378.7307598862079
2025-11-16,12,12,01:50-02:00,14.832558231346297
2025-11-16,28,28,04:30-04:40,3.150454783523969
2025-11-16,32,33,05:10-05:30,21.30641804560737
2025-11-16,36,36,05:50-06:00,28.514884376703776
2025-11-16,40,40,06:30-06:40,43.3310341821292
2025-11-16,44,45,07:10-07:30,11.146455756396563
2025-11-16,51,51,08:20-08:30,34.73742701107278
2025-11-16,54,54,08:50-09:00,4.611260833192091
2025-11-16,59,60,09:40-10:00,70.98560123700463
2025-11-16,63,70,10:20-11:40,276.01804819713084
2025-11-16,83,83,13:40-13:50,4.867591149211535
2025-11-16,100,101,16:30-16:50,29.685988677081596
2025-11-16,105,105,17:20-17:30,17.377872595078315
2025-11-16,107,108,17:40-18:00,41.50691719305166
2025-11-16,111,111,18:20-18:30,11.884712301954778
2025-11-16,124,125,20:30-20:50,33.66768309646045
2025-11-16,128,129,21:10-21:30,58.473240051322364
2025-11-16,134,134,22:10-22:20,3.548811383076668
2025-11-16,139,139,23:00-23:10,9.683309481510719
2025-11-16,143,144,23:40-24:00,62.29614557178559
2025-11-17,6,7,00:50-01:10,873.6319497368073
2025-11-17,12,12,01:50-02:00,14.384105145413855
2025-11-17,18,18,02:50-03:00,4.598927490459232
2025-11-17,28,28,04:30-04:40,2.5554119621003792
2025-11-17,31,32,05:00-05:20,29.863840637180694
2025-11-17,38,40,06:10-06:40,54.638619680221076
2025-11-17,43,45,07:00-07:30,17.004478338315167
2025-11-17,47,49,07:40-08:10,26.72724345966577
2025-11-17,57,57,09:20-09:30,47.420815403342544
2025-11-17,100,101,16:30-16:50,17.105390627525793
2025-11-17,117,117,19:20-19:30,1.0194203184627213
2025-11-17,124,124,20:30-20:40,15.500577260165983
2025-11-17,128,133,21:10-22:10,47.42627317410188
2025-11-17,139,140,23:00-23:20,42.14644325569134
2025-11-18,2,2,00:10-00:20,1.2914058231347099
2025-11-18,6,8,00:50-01:20,780.2157162126599
2025-11-18,20,20,03:10-03:20,19.682922476641693
2025-11-18,25,26,04:00-04:20,6.872386629819744
2025-11-18,28,28,04:30-04:40,47.66101281089607
2025-11-18,31,31,05:00-05:10,32.7481326121175
2025-11-18,40,41,06:30-06:50,38.27516687440091
2025-11-18,43,43,07:00-07:10,15.147915783091946
2025-11-18,47,47,07:40-07:50,9.351194165585355
2025-11-18,65,65,10:40-10:50,12.858584262966815
2025-11-18,70,75,11:30-12:30,237.20251447840883
2025-11-18,81,81,13:20-13:30,8.818930765326058
2025-11-18,84,85,13:50-14:10,50.30353383715908
2025-11-18,88,89,14:30-14:50,46.23048925140563
2025-11-18,91,91,15:00-15:10,5.249818324779085
2025-11-18,97,98,16:00-16:20,10.955439900926649
2025-11-18,125,126,20:40-21:00,39.901838991972454
2025-11-18,129,129,21:20-21:30,6.461217522042489
2025-11-18,131,132,21:40-22:00,22.613692610869293
2025-11-18,134,135,22:10-22:30,28.869327398341966
2025-11-18,137,138,22:40-23:00,35.309770844848
2025-11-18,142,142,23:30-23:40,59.3846670219765
2025-11-19,5,5,00:40-00:50,27.634331787077144
2025-11-19,8,11,01:10-01:50,607.0545868722214
2025-11-19,15,15,02:20-02:30,4.237603632056789
2025-11-19,20,20,03:10-03:20,27.96982550335565
2025-11-19,23,24,03:40-04:00,60.62764372204413
2025-11-19,30,30,04:50-05:00,9.797606111706273
2025-11-19,35,36,05:40-06:00,39.593566868761236
2025-11-19,39,40,06:20-06:40,52.418208154268086
2025-11-19,42,43,06:50-07:10,22.984379245389313
2025-11-19,47,47,07:40-07:50,4.2540654832403675
2025-11-19,52,52,08:30-08:40,10.004220579775847
2025-11-19,56,57,09:10-09:30,55.66891578591128
2025-11-19,60,60,09:50-10:00,32.75337801684418
2025-11-19,63,63,10:20-10:30,26.634329378865573
2025-11-19,68,69,11:10-11:30,22.915677581636828
2025-11-19,99,99,16:20-16:30,9.671123268099137
2025-11-19,115,115,19:00-19:10,13.072652079220916
2025-11-19,122,122,20:10-20:20,1.0106151730490183
2025-11-19,125,127,20:40-21:10,70.58127164975642
2025-11-19,130,130,21:30-21:40,9.908017969469824
2025-11-19,134,134,22:10-22:20,28.027705290169706
2025-11-19,137,138,22:40-23:00,14.963231247532576
2025-11-19,142,143,23:30-23:50,21.875019778918386
2025-11-20,1,1,00:00-00:10,6.552140380313176
2025-11-20,6,8,00:50-01:20,894.8370032175286
2025-11-20,10,10,01:30-01:40,3.2076940123703253
2025-11-20,16,17,02:30-02:50,13.953833267535401
2025-11-20,22,22,03:30-03:40,11.111615291485805
2025-11-20,28,28,04:30-04:40,14.753633813659576
2025-11-20,31,31,05:00-05:10,3.6589988682720787
2025-11-20,38,40,06:10-06:40,12.982450394788856
2025-11-20,42,43,06:50-07:10,34.54621352527594
2025-11-20,47,47,07:40-07:50,15.034711906641917
2025-11-20,65,65,10:40-10:50,25.927284968886852
2025-11-20,79,79,13:00-13:10,35.710063897505734
2025-11-20,82,85,13:30-14:10,62.27262378790499
2025-11-20,102,102,16:50-17:00,27.302914763220723
2025-11-20,105,105,17:20-17:30,21.655852689239737
2025-11-20,108,109,17:50-18:10,32.45358754629383
2025-11-20,112,112,18:30-18:40,2.1539004540075095
2025-11-20,115,115,19:00-19:10,7.324911547572015
2025-11-20,124,125,20:30-20:50,35.27784034661829
2025-11-20,127,128,21:00-21:20,15.47155486248198
2025-11-20,131,131,21:40-21:50,1.3868415252007935
2025-11-20,136,136,22:30-22:40,5.232889669693122
2025-11-20,139,142,23:00-23:40,86.06470933017533
2025-11-21,3,6,00:20-01:00,2611.826353963625
2025-11-21,8,8,01:10-01:20,86.21830337528411
2025-11-21,10,10,01:30-01:40,14.201727977365636
2025-11-21,13,13,02:00-02:10,3.139964469009101
2025-11-21,16,17,02:30-02:50,48.56436770513949
2025-11-21,20,21,03:10-03:30,85.8456191262996
2025-11-21,26,28,04:10-04:40,71.11633164232154
2025-11-21,31,31,05:00-05:10,10.428486764036904
2025-11-21,35,35,05:40-05:50,2.3598292294097973
2025-11-21,45,45,07:20-07:30,0.5110682091626586
2025-11-21,53,55,08:40-09:10,80.16766197807965
2025-11-21,61,61,10:00-10:10,7.7942314543266775
2025-11-21,64,64,10:30-10:40,9.682439119809032
2025-11-21,67,70,11:00-11:40,154.1308134848573
2025-11-21,73,74,12:00-12:20,44.229768058766695
2025-11-21,96,96,15:50-16:00,12.671484476340765
2025-11-21,107,107,17:40-17:50,9.780087077246833
2025-11-21,126,127,20:50-21:10,46.84950372417421
2025-11-21,130,130,21:30-21:40,20.448971154099127
2025-11-21,134,134,22:10-22:20,4.0733064942755846
2025-11-21,136,136,22:30-22:40,16.046458158968335
2025-11-21,139,140,23:00-23:20,10.202383603105602
2025-11-21,142,142,23:30-23:40,21.85515425055928
2025-11-22,2,6,00:10-01:00,1716.1496994578638
2025-11-22,8,9,01:10-01:30,920.0709565916733
2025-11-22,14,15,02:10-02:30,14.35808010264509
2025-11-22,17,18,02:40-03:00,24.550791221310988
2025-11-22,21,21,03:20-03:30,16.449168141031407
2025-11-22,23,23,03:40-03:50,17.199251967364034
2025-11-22,26,26,04:10-04:20,5.338260178727467
2025-11-22,31,32,05:00-05:20,20.774297171795485
2025-11-22,35,36,05:40-06:00,48.830944006730135
2025-11-22,52,52,08:30-08:40,19.541495584005247
2025-11-22,56,59,09:10-09:50,45.076383773240764
2025-11-22,63,64,10:20-10:40,25.487370299663326
2025-11-22,66,67,10:50-11:10,20.024857549865374
2025-11-22,70,73,11:30-12:10,81.93247163630508
2025-11-22,98,98,16:10-16:20,6.775774549282772
2025-11-22,101,101,16:40-16:50,2.202994218224333
2025-11-22,106,106,17:30-17:40,3.107364573346183
2025-11-22,112,112,18:30-18:40,14.333576985693583
2025-11-22,121,121,20:00-20:10,3.3601144821687967
2025-11-22,125,126,20:40-21:00,27.249734536499545
2025-11-22,129,131,21:20-21:50,24.57312701013302
2025-11-22,134,135,22:10-22:30,34.228120930385614
2025-11-22,139,139,23:00-23:10,18.42383026056052
2025-11-22,142,144,23:30-24:00,8.657118041847582
2025-11-23,1,1,00:00-00:10,2.1356823924202217
2025-11-23,4,5,00:30-00:50,46.259899493354396
2025-11-23,8,9,01:10-01:30,508.1797865497988
2025-11-23,18,18,02:50-03:00,8.82368601131725
2025-11-23,26,26,04:10-04:20,0.2881973483353022
2025-11-23,30,30,04:50-05:00,24.946915525538998
2025-11-23,33,33,05:20-05:30,0.9756968022106776
2025-11-23,38,38,06:10-06:20,4.65622888631958
2025-11-23,41,42,06:40-07:00,46.84762054311661
2025-11-23,44,46,07:10-07:40,42.28597496945055
2025-11-23,48,49,07:50-08:10,35.354173708946746
2025-11-23,53,54,08:40-09:00,14.84212461602101
2025-11-23,58,61,09:30-10:10,92.22675344406264
2025-11-23,66,66,10:50-11:00,1.2190665360105868
2025-11-23,68,68,11:10-11:20,2.7012452503142867
2025-11-23,109,110,18:00-18:20,15.417691504521235
2025-11-23,114,114,18:50-19:00,12.56264047901061
2025-11-23,124,125,20:30-20:50,48.618784838073
2025-11-23,127,127,21:00-21:10,37.982852105540246
2025-11-23,131,131,21:40-21:50,7.909462685879589
2025-11-23,134,134,22:10-22:20,12.804093611001463
2025-11-23,139,140,23:00-23:20,33.7139903605738
2025-11-23,142,142,23:30-23:40,3.764433925516528
2025-11-23,144,144,23:50-24:00,0.9512971312014997
2025-11-24,1,2,00:00-00:20,43.57316664692689
2025-11-24,6,8,00:50-01:20,886.0766719239377
2025-11-24,20,20,03:10-03:20,7.496849671009272
2025-11-24,33,33,05:20-05:30,20.746897618107823
2025-11-24,36,37,05:50-06:10,58.373225029609216
2025-11-24,41,43,06:40-07:10,43.98390574793693
2025-11-24,80,81,13:10-13:30,22.048034860790153
2025-11-24,87,87,14:20-14:30,0.41083507228381677
2025-11-24,95,95,15:40-15:50,11.435770909706378
2025-11-24,105,105,17:20-17:30,0.40920055270430566
2025-11-24,114,114,18:50-19:00,17.900668811686046
2025-11-24,119,119,19:40-19:50,4.91129649295965
2025-11-24,121,121,20:00-20:10,10.58141814712451
2025-11-24,124,126,20:30-21:00,70.3396310961972
2025-11-24,129,129,21:20-21:30,6.208243314909964
2025-11-24,131,131,21:40-21:50,7.4016010593499
2025-11-24,137,139,22:40-23:10,38.096219292011824
2025-11-24,143,143,23:40-23:50,20.889173812343643
2025-11-25,6,8,00:50-01:20,919.16786000835
2025-11-25,14,15,02:10-02:30,31.275725753388542
2025-11-25,18,18,02:50-03:00,40.2236770107819
2025-11-25,23,25,03:40-04:10,15.739038057639164
2025-11-25,28,30,04:30-05:00,59.175033700585914
2025-11-25,38,38,06:10-06:20,17.329740515669336
2025-11-25,40,41,06:30-06:50,20.444712730998255
2025-11-25,45,47,07:20-07:50,24.49783661854042
2025-11-25,51,51,08:20-08:30,15.924469667061544
2025-11-25,53,55,08:40-09:10,38.88829629180566
2025-11-25,58,58,09:30-09:40,3.0093093254746464
2025-11-25,62,62,10:10-10:20,15.91728798432132
2025-11-25,67,69,11:00-11:30,61.40754446449671
2025-11-25,80,81,13:10-13:30,35.603365754892934
2025-11-25,105,106,17:20-17:40,5.586889161168235
2025-11-25,117,117,19:20-19:30,5.786732464798206
2025-11-25,123,124,20:20-20:40,16.17376559415709
2025-11-25,128,130,21:10-21:40,77.9735133043821
2025-11-25,137,137,22:40-22:50,2.9040245624423733
2025-11-25,140,142,23:10-23:40,30.612145321753133
2025-11-26,6,6,00:50-01:00,830.8879069614421
2025-11-26,8,8,01:10-01:20,20.66560559813081
2025-11-26,15,16,02:20-02:40,17.410561317278734
2025-11-26,18,18,02:50-03:00,12.619443209714177
2025-11-26,36,37,05:50-06:10,55.58775451939164
2025-11-26,42,44,06:50-07:20,92.9377951835767
2025-11-26,47,47,07:40-07:50,16.38674305923695
2025-11-26,50,51,08:10-08:30,46.84995118906613
2025-11-26,58,58,09:30-09:40,2.5995177325966097
2025-11-26,61,62,10:00-10:20,35.64890893256654
2025-11-26,64,64,10:30-10:40,27.621723617769362
2025-11-26,68,68,11:10-11:20,4.767517696877576
2025-11-26,71,73,11:40-12:10,49.40924182505137
2025-11-26,79,80,13:00-13:20,20.95806523508702
2025-11-26,96,96,15:50-16:00,15.422447948978117
2025-11-26,126,128,20:50-21:20,42.256766725884745
2025-11-26,131,131,21:40-21:50,2.9550547901039863
2025-11-26,134,134,22:10-22:20,5.499041222529286
2025-11-26,139,140,23:00-23:20,71.55831738386598
2025-11-27,4,4,00:30-00:40,7.020896611395983
2025-11-27,6,6,00:50-01:00,754.7480645808643
2025-11-27,10,10,01:30-01:40,7.060215488880203
2025-11-27,30,30,04:50-05:00,11.127972759573481
2025-11-27,36,36,05:50-06:00,13.187253220348452
2025-11-27,38,39,06:10-06:30,48.26902400973791
2025-11-27,42,43,06:50-07:10,50.0693913052472
2025-11-27,45,45,07:20-07:30,8.131700050759008
2025-11-27,47,47,07:40-07:50,6.500964658045973
2025-11-27,60,60,09:50-10:00,1.6820891978271675
2025-11-27,96,98,15:50-16:20,11.070467703457382
2025-11-27,105,107,17:20-17:50,44.19903130675088
2025-11-27,111,111,18:20-18:30,15.81635017765484
2025-11-27,123,124,20:20-20:40,24.178737425036275
2025-11-27,127,130,21:00-21:40,36.30561837083849
2025-11-27,133,133,22:00-22:10,7.435045407290318
2025-11-27,137,137,22:40-22:50,6.802622364784838
2025-11-27,139,140,23:00-23:20,21.76402327937899
2025-11-27,142,142,23:30-23:40,6.751919206474668
2025-11-28,3,3,00:20-00:30,11.374453217528526
2025-11-28,5,8,00:40-01:20,1304.8347952105746
2025-11-28,10,10,01:30-01:40,17.305386735096704
2025-11-28,12,13,01:50-02:10,341.78949333650996
2025-11-28,25,26,04:00-04:20,25.54104969732856
2025-11-28,28,30,04:30-05:00,59.525124574626545
2025-11-28,35,36,05:40-06:00,51.62733829451247
2025-11-28,47,48,07:40-08:00,22.672905679318774
2025-11-28,52,52,08:30-08:40,27.133288172315986
2025-11-28,55,58,09:00-09:40,49.92822392044093
2025-11-28,61,62,10:00-10:20,50.90374259113037
2025-11-28,64,64,10:30-10:40,3.8171269537343733
2025-11-28,70,72,11:30-12:00,146.36963143646744
2025-11-28,91,91,15:00-15:10,13.62605879157013
2025-11-28,111,111,18:20-18:30,26.14268719568355
2025-11-28,114,114,18:50-19:00,17.091068561653003
2025-11-28,117,118,19:20-19:40,28.30830414528242
2025-11-28,125,125,20:40-20:50,123.07505160735548
2025-11-28,130,131,21:30-21:50,18.185284761152786
2025-11-28,137,137,22:40-22:50,15.429943176733616
2025-11-28,139,139,23:00-23:10,4.428695157257607
2025-11-28,142,144,23:30-24:00,50.044358468219514
2025-11-29,4,4,00:30-00:40,680.6402087695951
2025-11-29,6,6,00:50-01:00,717.0056233583368
2025-11-29,12,12,01:50-02:00,12.547088432688554
2025-11-29,14,14,02:10-02:20,7.402421323794272
2025-11-29,23,23,03:40-03:50,4.733366475852165
2025-11-29,27,27,04:20-04:30,50.59399855244101
2025-11-29,29,29,04:40-04:50,0.8453862989605909
2025-11-29,38,38,06:10-06:20,19.517670453819107
2025-11-29,40,40,06:30-06:40,6.413662958472003
2025-11-29,45,45,07:20-07:30,9.521557935254634
2025-11-29,48,48,07:50-08:00,2.753514959675158
2025-11-29,52,52,08:30-08:40,49.52048303254202
2025-11-29,56,57,09:10-09:30,32.46717757505701
2025-11-29,59,60,09:40-10:00,43.10206255522371
2025-11-29,63,67,10:20-11:10,148.34031977327777
2025-11-29,69,80,11:20-13:20,1295.1205215987065
2025-11-29,90,90,14:50-15:00,0.9556285328894774
2025-11-29,93,93,15:20-15:30,7.949088130957193
2025-11-29,99,99,16:20-16:30,26.574124658320073
2025-11-29,120,120,19:50-20:00,10.796825240163173
2025-11-29,126,126,20:50-21:00,6.110158409001144
2025-11-29,128,129,21:10-21:30,39.93367862876704
2025-11-29,133,133,22:00-22:10,7.42009318989335
2025-11-29,137,137,22:40-22:50,33.64001535728386
2025-11-29,142,143,23:30-23:50,48.63058866956186
2025-11-30,6,8,00:50-01:20,882.3084615541517
2025-11-30,10,10,01:30-01:40,12.030542545071626
2025-11-30,23,23,03:40-03:50,26.01798373470183
2025-11-30,26,27,04:10-04:30,12.525488924387787
2025-11-30,37,38,06:00-06:20,43.00549705318406
2025-11-30,40,42,06:30-07:00,59.701327270505345
2025-11-30,47,47,07:40-07:50,26.398591450002755
2025-11-30,49,50,08:00-08:20,67.46561185588348
2025-11-30,55,56,09:00-09:20,54.31302777151177
2025-11-30,60,61,09:50-10:10,45.281839381120676
2025-11-30,64,65,10:30-10:50,12.01922765495442
2025-11-30,70,71,11:30-11:50,44.3004993523582
2025-11-30,73,74,12:00-12:20,106.32357463200105
2025-11-30,76,77,12:30-12:50,119.96625553832212
2025-11-30,79,79,13:00-13:10,1.4018739852989484
2025-11-30,83,84,13:40-14:00,34.596826944335135
2025-11-30,87,87,14:20-14:30,36.91863762525156
2025-11-30,89,90,14:40-15:00,67.96222540465862
2025-11-30,96,96,15:50-16:00,9.418465837168526
2025-11-30,114,114,18:50-19:00,7.082466771943473
2025-11-30,123,124,20:20-20:40,31.726016456109846
2025-11-30,127,129,21:00-21:30,79.37623832083182
2025-11-30,133,133,22:00-22:10,3.0285799973678422
2025-11-30,137,137,22:40-22:50,18.068365205948112
2025-11-30,139,140,23:00-23:20,16.975726424529512
2025-11-30,144,144,23:50-24:00,9.43334837478642
2025-12-01,1,5,00:00-00:50,138.39295361889685
2025-12-01,7,10,01:00-01:40,624.7394203118852
2025-12-01,13,15,02:00-02:30,53.649149230161925
2025-12-01,18,21,02:50-03:30,13.466640136860178
2025-12-01,24,28,03:50-04:40,38.04391654165033
2025-12-01,31,32,05:00-05:20,48.974731148835076
2025-12-01,34,39,05:30-06:30,220.02032035042157
2025-12-01,42,42,06:50-07:00,50.91740648299583
2025-12-01,44,49,07:10-08:10,308.77908598809137
2025-12-01,51,51,08:20-08:30,15.627904550410904
2025-12-01,55,65,09:00-10:50,2615.0203218548695
2025-12-01,78,79,12:50-13:10,102.25381627093816
2025-12-01,82,83,13:30-13:50,39.862257137217085
2025-12-01,90,95,14:50-15:50,131.30796223751253
2025-12-01,97,99,16:00-16:30,45.273873207000804
2025-12-01,102,102,16:50-17:00,0.004059226777826552
2025-12-01,105,108,17:20-18:00,47.5851694179687
2025-12-01,111,111,18:20-18:30,6.83547980091339
2025-12-01,113,113,18:40-18:50,8.577148736675156
2025-12-01,122,124,20:10-20:40,311.8576044216351
2025-12-01,126,128,20:50-21:20,68.86165284905917
2025-12-01,130,130,21:30-21:40,11.004715442821407
2025-12-01,133,133,22:00-22:10,6.608194440058014
2025-12-01,137,137,22:40-22:50,25.361535070403875
2025-12-01,142,144,23:30-24:00,75.38490261876564
2025-12-02,1,1,00:00-00:10,25.734115337544154
2025-12-02,3,4,00:20-00:40,57.0541921437034
2025-12-02,8,9,01:10-01:30,557.7849874720378
2025-12-02,11,12,01:40-02:00,67.09939472956978
2025-12-02,15,15,02:20-02:30,23.401591031714588
2025-12-02,17,18,02:40-03:00,29.03756650875141
2025-12-02,21,24,03:20-04:00,116.88763192525323
2025-12-02,28,31,04:30-05:10,97.24015434267663
2025-12-02,34,37,05:30-06:10,158.79512304156597
2025-12-02,40,41,06:30-06:50,8.446795331152515
2025-12-02,44,46,07:10-07:40,143.49473855300494
2025-12-02,48,50,07:50-08:20,181.1237707762299
2025-12-02,54,59,08:50-09:50,1334.9240448211171
2025-12-02,61,71,10:00-11:50,2015.3115603425263
2025-12-02,74,77,12:10-12:50,53.425630171262696
2025-12-02,79,79,13:00-13:10,27.40591508845148
2025-12-02,82,83,13:30-13:50,54.954876886056695
2025-12-02,86,86,14:10-14:20,38.34988872502049
2025-12-02,89,93,14:40-15:30,34.528830735246856
2025-12-02,96,97,15:50-16:10,19.241593000959085
2025-12-02,101,102,16:40-17:00,39.11322575996828
2025-12-02,108,109,17:50-18:10,50.71515429191845
2025-12-02,112,113,18:30-18:50,42.6543089024874
2025-12-02,117,117,19:20-19:30,6.944640084221646
2025-12-02,119,120,19:40-20:00,17.709770779049904
2025-12-02,122,122,20:10-20:20,252.49835690193157
2025-12-02,124,125,20:30-20:50,54.11449610475063
2025-12-02,127,129,21:00-21:30,35.071999605211204
2025-12-02,132,132,21:50-22:00,4.761903539939567
2025-12-02,139,140,23:00-23:20,50.875290498749905
2025-12-02,142,142,23:30-23:40,3.2060511975262216
2025-12-03,2,4,00:10-00:40,68.0388402816161
2025-12-03,7,11,01:00-01:50,618.4087305698138
2025-12-03,14,15,02:10-02:30,27.029104849322152
2025-12-03,17,18,02:40-03:00,173.62338217528622
2025-12-03,21,25,03:20-04:10,271.9701259244639
2025-12-03,28,29,04:30-04:50,15.582145196736406
2025-12-03,32,34,05:10-05:40,89.26757760236082
2025-12-03,38,40,06:10-06:40,41.268728822401584
2025-12-03,43,46,07:00-07:40,150.1551431043561
2025-12-03,48,49,07:50-08:10,66.02270436147637
2025-12-03,53,55,08:40-09:10,79.9188447812677
2025-12-03,58,59,09:30-09:50,34.84732120109811
2025-12-03,62,64,10:10-10:40,423.4575803094388
2025-12-03,69,77,11:20-12:50,600.3311490590874
2025-12-03,81,82,13:20-13:40,99.39812154136769
2025-12-03,87,88,14:20-14:40,49.603745387550475
2025-12-03,96,96,15:50-16:00,31.7382297238359
2025-12-03,98,99,16:10-16:30,43.288200885454614
2025-12-03,104,107,17:10-17:50,44.73065553456293
2025-12-03,110,111,18:10-18:30,17.903057978493457
2025-12-03,122,126,20:10-21:00,125.47908777976727
2025-12-03,129,130,21:20-21:40,38.50172029214389
2025-12-03,133,133,22:00-22:10,2.194199677588813
2025-12-03,137,137,22:40-22:50,10.766726345571783
2025-12-03,139,140,23:00-23:20,26.408769963153077
2025-12-03,142,142,23:30-23:40,26.534771344913906
2025-12-04,1,1,00:00-00:10,17.009624575602174
2025-12-04,5,6,00:40-01:00,45.44143520857995
2025-12-04,9,9,01:20-01:30,514.6828457691802
2025-12-04,11,15,01:40-02:30,286.7841024542706
2025-12-04,17,18,02:40-03:00,8.440862231872416
2025-12-04,20,22,03:10-03:40,55.56757897091711
2025-12-04,25,26,04:00-04:20,29.62193684037345
2025-12-04,28,28,04:30-04:40,14.407466199499936
2025-12-04,31,32,05:00-05:20,39.30710284247953
2025-12-04,34,36,05:30-06:00,72.35363204936446
2025-12-04,39,40,06:20-06:40,127.39026777207502
2025-12-04,43,44,07:00-07:20,58.01275998251678
2025-12-04,47,50,07:40-08:20,156.68035125674464
2025-12-04,54,54,08:50-09:00,19.06908151072514
2025-12-04,57,57,09:20-09:30,22.391451538736305
2025-12-04,60,65,09:50-10:50,692.6958468817579
2025-12-04,67,68,11:00-11:20,13.901105512943332
2025-12-04,81,81,13:20-13:30,6.196513001710628
2025-12-04,95,96,15:40-16:00,15.330396165849095
2025-12-04,100,100,16:30-16:40,43.64746941796896
2025-12-04,103,104,17:00-17:20,48.900286761416034
2025-12-04,106,108,17:30-18:00,56.68211869982906
2025-12-04,111,111,18:20-18:30,8.709228016844236
2025-12-04,120,120,19:50-20:00,25.534276878536502
2025-12-04,122,125,20:10-20:50,138.7739490761967
2025-12-04,128,128,21:10-21:20,10.560689584155625
2025-12-04,131,133,21:40-22:10,19.780575312541032
2025-12-04,137,138,22:40-23:00,76.52534715094055
2025-12-04,141,141,23:20-23:30,24.20612383208322
2025-12-04,144,144,23:50-24:00,8.88467666140275
2025-12-05,3,3,00:20-00:30,20.091091590998985
2025-12-05,6,7,00:50-01:10,870.1074222792475
2025-12-05,11,12,01:40-02:00,7.956427108829928
2025-12-05,14,14,02:10-02:20,7.976493578021916
2025-12-05,16,18,02:30-03:00,27.393933642584557
2025-12-05,21,21,03:20-03:30,48.692697763998694
2025-12-05,26,27,04:10-04:30,6.631872713515008
2025-12-05,29,30,04:40-05:00,61.022456588261775
2025-12-05,32,33,05:10-05:30,39.779988615530556
2025-12-05,36,38,05:50-06:20,30.470879549940832
2025-12-05,40,42,06:30-07:00,90.16835887710783
2025-12-05,45,48,07:20-08:00,55.48721255522349
2025-12-05,51,52,08:20-08:40,55.54186269433944
2025-12-05,56,57,09:10-09:30,12.795028199198896
2025-12-05,60,63,09:50-10:30,102.71998413419055
2025-12-05,77,78,12:40-13:00,37.114958531197544
2025-12-05,91,91,15:00-15:10,2.0112052129069866
2025-12-05,95,95,15:40-15:50,7.266401331942063
2025-12-05,103,104,17:00-17:20,30.232713384279954
2025-12-05,108,108,17:50-18:00,2.5157125937623164
2025-12-05,112,112,18:30-18:40,24.52065119094624
2025-12-05,118,119,19:30-19:50,22.30883870246089
2025-12-05,125,126,20:40-21:00,78.5702829357208
2025-12-05,129,131,21:20-21:50,86.85882097644429
2025-12-05,134,135,22:10-22:30,69.65513872877983
2025-12-05,140,141,23:10-23:30,87.38789138702447
2025-12-05,144,144,23:50-24:00,33.37908920910667
2025-12-06,1,3,00:00-00:30,39.33437527306205
2025-12-06,6,6,00:50-01:00,855.3835661377022
2025-12-06,11,13,01:40-02:10,50.41981539465013
2025-12-06,15,17,02:20-02:50,30.01900306099367
2025-12-06,20,21,03:10-03:30,41.405645762600386
2025-12-06,23,24,03:40-04:00,51.66315717500197
2025-12-06,29,30,04:40-05:00,41.33198982760882
2025-12-06,32,32,05:10-05:20,32.96286901875885
2025-12-06,36,36,05:50-06:00,15.714466666666794
2025-12-06,38,39,06:10-06:30,22.284829152331895
2025-12-06,41,42,06:40-07:00,61.61414987028388
2025-12-06,45,46,07:20-07:40,35.079810799353396
2025-12-06,50,50,08:10-08:20,43.30601748914336
2025-12-06,54,55,08:50-09:10,44.0298789699774
2025-12-06,57,59,09:20-09:50,56.94509061154645
2025-12-06,62,72,10:10-12:00,825.8357103744847
2025-12-06,78,78,12:50-13:00,5.904206231424155
2025-12-06,92,92,15:10-15:20,14.772489804109114
2025-12-06,97,97,16:00-16:10,28.799883767601074
2025-12-06,100,100,16:30-16:40,38.14388298366343
2025-12-06,103,104,17:00-17:20,36.47296631417659
2025-12-06,108,108,17:50-18:00,40.605447427293086
2025-12-06,111,111,18:20-18:30,14.861219239373611
2025-12-06,115,117,19:00-19:30,21.442477957626068
2025-12-06,122,122,20:10-20:20,10.2818464205817
2025-12-06,125,128,20:40-21:20,195.50938400233383
2025-12-06,131,132,21:40-22:00,48.652037268061406
2025-12-06,136,137,22:30-22:50,4.090355211211829
2025-12-06,139,140,23:00-23:20,18.57800070403988
2025-12-06,142,143,23:30-23:50,32.06863381365969
2025-12-07,3,5,00:20-00:50,40.966251723911
2025-12-07,8,9,01:10-01:30,543.4676449044072
2025-12-07,12,14,01:50-02:20,246.378371792341
2025-12-07,16,16,02:30-02:40,12.184878233978225
2025-12-07,18,19,02:50-03:10,85.03567286718112
2025-12-07,22,22,03:30-03:40,18.655373551262414
2025-12-07,28,28,04:30-04:40,1.234187110146081
2025-12-07,31,32,05:00-05:20,7.29310504389663
2025-12-07,36,36,05:50-06:00,14.519748651138002
2025-12-07,39,45,06:20-07:30,364.35797486229376
2025-12-07,47,48,07:40-08:00,13.732410463783168
2025-12-07,57,61,09:20-10:10,37.85409699772504
2025-12-07,64,65,10:30-10:50,54.32397218989479
2025-12-07,78,78,12:50-13:00,5.4902455680257845
2025-12-07,85,85,14:00-14:10,0.25491297069186203
2025-12-07,97,97,16:00-16:10,8.626111074765703
2025-12-07,100,100,16:30-16:40,2.6461049968977335
2025-12-07,103,103,17:00-17:10,6.235061879383011
2025-12-07,105,106,17:20-17:40,13.410016554810227
2025-12-07,109,110,18:00-18:20,21.744325786300315
2025-12-07,112,112,18:30-18:40,37.249105428345956
2025-12-07,116,117,19:10-19:30,21.383325891564596
2025-12-07,122,124,20:10-20:40,108.75521710751445
2025-12-07,126,126,20:50-21:00,23.455656612712005
2025-12-07,129,129,21:20-21:30,52.64972743124099
2025-12-07,134,134,22:10-22:20,4.153095808659145
2025-12-07,139,141,23:00-23:30,41.65147190419793
2025-12-08,6,9,00:50-01:30,540.8183230131025
2025-12-08,14,14,02:10-02:20,8.184879141992269
2025-12-08,39,40,06:20-06:40,76.45444243603475
2025-12-08,43,44,07:00-07:20,39.14994327355088
2025-12-08,57,58,09:20-09:40,28.102647932999048
2025-12-08,65,65,10:40-10:50,40.09111141503581
2025-12-08,67,68,11:00-11:20,18.98736743086522
2025-12-08,80,80,13:10-13:20,18.34447113811973
2025-12-08,82,82,13:30-13:40,15.839369263418916
2025-12-08,102,102,16:50-17:00,11.226460389525027
2025-12-08,124,125,20:30-20:50,57.14388730096082
2025-12-08,127,128,21:00-21:20,41.619825944203285
2025-12-08,130,131,21:30-21:50,19.803949059086676
2025-12-08,134,135,22:10-22:30,30.74667391762057
2025-12-08,140,140,23:10-23:20,8.940846137649828
2025-12-08,142,142,23:30-23:40,18.95357803658362
2025-12-09,3,3,00:20-00:30,0.4886886432425399
2025-12-09,5,6,00:40-01:00,88.31905590867234
2025-12-09,9,9,01:20-01:30,323.49802288954675
2025-12-09,19,20,03:00-03:20,15.528917712857151
2025-12-09,33,33,05:20-05:30,11.191239636794307
2025-12-09,38,39,06:10-06:30,46.13504547966829
2025-12-09,42,42,06:50-07:00,11.78460471772603
2025-12-09,44,45,07:10-07:30,60.12991248002551
2025-12-09,48,49,07:50-08:10,49.87726969620053
2025-12-09,52,52,08:30-08:40,40.80007623183519
2025-12-09,55,55,09:00-09:10,31.49932668866188
2025-12-09,58,59,09:30-09:50,61.02937402947748
2025-12-09,63,63,10:20-10:30,21.161582209125413
2025-12-09,65,65,10:40-10:50,16.56944591487604
2025-12-09,89,90,14:40-15:00,5.313606903163816
2025-12-09,106,106,17:30-17:40,31.512242290838003
2025-12-09,109,111,18:00-18:30,27.680163837347198
2025-12-09,118,118,19:30-19:40,33.674346644295156
2025-12-09,123,124,20:20-20:40,71.3619682230999
2025-12-09,126,127,20:50-21:10,26.334485550730392
2025-12-09,131,131,21:40-21:50,18.557566752204252
2025-12-09,136,136,22:30-22:40,14.691843045137375
2025-12-09,139,140,23:00-23:20,32.033677819449736
2025-12-09,142,143,23:30-23:50,15.314184201868784
2025-12-10,3,3,00:20-00:30,0.6693505724435909
2025-12-10,6,9,00:50-01:30,360.5429909860652
2025-12-10,37,38,06:00-06:20,64.79065107626957
2025-12-10,43,44,07:00-07:20,46.139931729738414
2025-12-10,57,58,09:20-09:40,35.59942835711479
2025-12-10,62,64,10:10-10:40,141.4345582670652
2025-12-10,67,67,11:00-11:10,0.2722529684353958
2025-12-10,99,100,16:20-16:40,12.733030215441914
2025-12-10,104,105,17:10-17:30,20.949390470628398
2025-12-10,109,109,18:00-18:10,2.5834565271746897
2025-12-10,113,113,18:40-18:50,0.273010658357407
2025-12-10,115,115,19:00-19:10,3.277730648769875
2025-12-10,125,125,20:40-20:50,12.690684780891957
2025-12-10,127,128,21:00-21:20,11.705264186077216
2025-12-10,131,132,21:40-22:00,18.420122924069233
2025-12-10,135,135,22:20-22:30,2.01630477694448
2025-12-10,137,138,22:40-23:00,22.335842288459048
2025-12-10,143,144,23:40-24:00,31.92139597315429
2025-12-11,1,1,00:00-00:10,16.958238985392654
2025-12-11,5,9,00:40-01:30,490.90839712503134
2025-12-11,40,41,06:30-06:50,17.129687853664855
2025-12-11,52,52,08:30-08:40,19.234142663508237
2025-12-11,58,59,09:30-09:50,27.811589781550083
2025-12-11,62,63,10:10-10:30,72.99673299400354
2025-12-11,105,105,17:20-17:30,6.8960554020266045
2025-12-11,117,117,19:20-19:30,30.71025266482434
2025-12-11,124,125,20:30-20:50,31.37493951177703
2025-12-11,128,129,21:10-21:30,14.804791393604205
2025-12-11,131,132,21:40-22:00,24.04827689827607
2025-12-11,134,135,22:10-22:30,56.383571312014965
2025-12-11,138,138,22:50-23:00,8.851250822476686
2025-12-11,142,144,23:30-24:00,11.939852612186144
2025-12-12,6,8,00:50-01:20,792.4377648566476
2025-12-12,38,39,06:10-06:30,10.392031115936561
2025-12-12,43,44,07:00-07:20,31.132657650442866
2025-12-12,55,55,09:00-09:10,9.606687026488544
2025-12-12,58,59,09:30-09:50,110.23808878799821
2025-12-12,63,65,10:20-10:50,66.7911449908828
2025-12-12,67,68,11:00-11:20,15.730692884402174
2025-12-12,70,71,11:30-11:50,26.10315552516306
2025-12-12,73,75,12:00-12:30,158.9676998063652
2025-12-12,90,90,14:50-15:00,17.01200937717374
2025-12-12,109,110,18:00-18:20,9.079444194724715
2025-12-12,121,122,20:00-20:20,23.643760725095433
2025-12-12,124,127,20:30-21:10,63.49671600210462
2025-12-12,131,131,21:40-21:50,11.588136452164576
2025-12-12,133,133,22:00-22:10,30.83552978023431
2025-12-12,137,138,22:40-23:00,20.19654230161882
2025-12-12,143,144,23:40-24:00,62.61005262534553
2025-12-13,4,8,00:30-01:20,883.1807282756477
2025-12-13,36,37,05:50-06:10,36.33361307408893
2025-12-13,42,42,06:50-07:00,1.0459599947361085
2025-12-13,45,45,07:20-07:30,29.02634969356859
2025-12-13,47,47,07:40-07:50,0.6438279529260171
2025-12-13,52,52,08:30-08:40,14.118179526441395
2025-12-13,56,56,09:10-09:20,6.596528630646844
2025-12-13,58,62,09:30-10:20,66.3800050918353
2025-12-13,109,110,18:00-18:20,28.710172779313154
2025-12-13,125,126,20:40-21:00,48.931840612485985
2025-12-13,129,130,21:20-21:40,50.286095019081586
2025-12-13,134,134,22:10-22:20,13.885402895117977
2025-12-13,140,140,23:10-23:20,18.480231537044233
2025-12-13,144,144,23:50-24:00,28.852910290827708
2025-12-14,6,6,00:50-01:00,772.3176464546997
2025-12-14,38,38,06:10-06:20,14.508317105633978
2025-12-14,40,42,06:30-07:00,32.50465717199612
2025-12-14,53,53,08:40-08:50,16.051928381553694
2025-12-14,57,57,09:20-09:30,16.135163155866394
2025-12-14,61,63,10:00-10:30,87.64701571541354
2025-12-14,65,66,10:40-11:00,85.2704791504525
2025-12-14,95,95,15:40-15:50,4.951193679619394
2025-12-14,104,104,17:10-17:20,14.110201285883578
2025-12-14,120,121,19:50-20:10,33.01937679299897
2025-12-14,125,126,20:40-21:00,50.07096268587952
2025-12-14,129,131,21:20-21:50,21.040674805895605
2025-12-14,139,140,23:00-23:20,10.6107673641269
2025-12-14,143,144,23:40-24:00,36.77303892617465
2025-12-15,6,6,00:50-01:00,730.4915870706667
2025-12-15,38,39,06:10-06:30,48.28570260372635
2025-12-15,42,44,06:50-07:20,54.442694892185216
2025-12-15,57,58,09:20-09:40,14.843444158066234
2025-12-15,61,62,10:00-10:20,80.49606080029298
2025-12-15,65,65,10:40-10:50,12.195083138758719
2025-12-15,67,68,11:00-11:20,71.84259082962035
2025-12-15,105,106,17:20-17:40,6.741416520970915
2025-12-15,109,109,18:00-18:10,16.446548899835307
2025-12-15,126,126,20:50-21:00,3.520653092512134
2025-12-15,129,130,21:20-21:40,34.11637245690201
2025-12-15,134,134,22:10-22:20,24.701797572049145
2025-12-15,140,140,23:10-23:20,11.658898526121789
2025-12-16,6,6,00:50-01:00,686.6041167061468
2025-12-16,38,39,06:10-06:30,34.44236187280296
2025-12-16,42,43,06:50-07:10,73.1761083469629
2025-12-16,56,56,09:10-09:20,11.154575194104723
2025-12-16,59,61,09:40-10:10,30.410051756810844
2025-12-16,65,65,10:40-10:50,56.77647182054034
2025-12-16,109,109,18:00-18:10,0.3077287143044032
2025-12-16,125,126,20:40-21:00,24.805238176075818
2025-12-16,130,131,21:30-21:50,53.15668646532447
2025-12-16,133,133,22:00-22:10,2.1245655086195256
2025-12-16,137,137,22:40-22:50,13.882761442294964
2025-12-16,139,139,23:00-23:10,36.446134787471806
2025-12-16,143,144,23:40-24:00,49.53264680221059
2025-12-17,6,6,00:50-01:00,785.5773271800701
2025-12-17,32,32,05:10-05:20,4.362394769048706
2025-12-17,40,42,06:30-07:00,124.51947720752749
2025-12-17,62,62,10:10-10:20,6.127049328859243
2025-12-17,65,65,10:40-10:50,19.103500244392535
2025-12-17,111,111,18:20-18:30,23.159833530727724
2025-12-17,124,124,20:30-20:40,57.301899203840776
2025-12-17,127,129,21:00-21:30,84.72949796025785
2025-12-17,139,140,23:00-23:20,19.276833293854224
2025-12-17,142,142,23:30-23:40,33.72577210817212
2025-12-18,4,4,00:30-00:40,12.589322864851056
2025-12-18,6,6,00:50-01:00,770.6750111856826
2025-12-18,11,12,01:40-02:00,49.16418233978163
2025-12-18,18,19,02:50-03:10,22.27273470193461
2025-12-18,27,27,04:20-04:30,3.474730885642998
2025-12-18,38,38,06:10-06:20,6.816152467430129
2025-12-18,40,42,06:30-07:00,31.742318726147996
2025-12-18,44,45,07:10-07:30,66.57737223506848
2025-12-18,57,57,09:20-09:30,6.137306905983792
2025-12-18,61,63,10:00-10:30,118.94846830128017
2025-12-18,118,118,19:30-19:40,3.703930273720175
2025-12-18,125,126,20:40-21:00,37.10382602316088
2025-12-18,130,131,21:30-21:50,28.13945510593453
2025-12-18,133,133,22:00-22:10,6.575618252401682
2025-12-18,137,137,22:40-22:50,19.916779523621585
2025-12-18,143,144,23:40-24:00,26.74355912620075
2025-12-19,5,7,00:40-01:10,823.9383684432161
2025-12-19,12,12,01:50-02:00,0.6707968153704087
2025-12-19,36,36,05:50-06:00,1.3850730359259842
2025-12-19,43,43,07:00-07:10,0.25389033613453194
2025-12-19,46,47,07:30-07:50,70.40584717726043
2025-12-19,58,58,09:30-09:40,16.05208176921758
2025-12-19,61,62,10:00-10:20,47.450138139416936
2025-12-19,65,65,10:40-10:50,2.19007600154157
2025-12-19,89,90,14:40-15:00,105.90961998853226
2025-12-19,93,93,15:20-15:30,7.905764910796506
2025-12-19,108,108,17:50-18:00,1.5025345440189994
2025-12-19,112,113,18:30-18:50,11.706748931250388
2025-12-19,123,123,20:20-20:30,35.82432162126588
2025-12-19,125,125,20:40-20:50,39.739679652397115
2025-12-19,127,129,21:00-21:30,43.9909718383999
2025-12-19,134,134,22:10-22:20,18.984002421371144
2025-12-19,139,139,23:00-23:10,21.50986139623626
2025-12-19,142,142,23:30-23:40,40.59001132385856
2025-12-20,6,8,00:50-01:20,862.5655983353074
2025-12-20,11,11,01:40-01:50,3.5232214830899693
2025-12-20,40,41,06:30-06:50,30.937900430507625
2025-12-20,45,45,07:20-07:30,9.007229324347108
2025-12-20,48,48,07:50-08:00,24.516064754761032
2025-12-20,51,53,08:20-08:50,28.52331559885687
2025-12-20,57,57,09:20-09:30,21.79507129697504
2025-12-20,64,65,10:30-10:50,33.145968154644265
2025-12-20,87,87,14:20-14:30,10.483749999999986
2025-12-20,104,105,17:10-17:30,8.754478483071079
2025-12-20,115,115,19:00-19:10,7.675710850112068
2025-12-20,119,119,19:40-19:50,8.85573792604282
2025-12-20,125,125,20:40-20:50,17.387058830108117
2025-12-20,127,127,21:00-21:10,14.054612527964196
2025-12-20,130,131,21:30-21:50,44.76382563495201
2025-12-20,137,137,22:40-22:50,9.853805698118151
2025-12-20,142,142,23:30-23:40,0.15944724305848013
2025-12-20,144,144,23:50-24:00,2.096528345835054
2025-12-21,6,7,00:50-01:10,796.6893019594855
2025-12-21,19,19,03:00-03:10,4.882301296222977
2025-12-21,22,23,03:30-03:50,55.284143400447306
2025-12-21,25,25,04:00-04:10,62.233880984339976
2025-12-21,38,39,06:10-06:30,39.32607713326922
2025-12-21,42,44,06:50-07:20,43.795341665256416
2025-12-21,48,48,07:50-08:00,1.90115440471493
2025-12-21,58,59,09:30-09:50,20.525494579173824
2025-12-21,62,70,10:10-11:40,336.4111584823196
2025-12-21,92,93,15:10-15:30,12.499971394732142
2025-12-21,113,113,18:40-18:50,3.1432063119206646
2025-12-21,119,120,19:40-20:00,42.34434007106165
2025-12-21,124,125,20:30-20:50,32.18876492301615
2025-12-21,127,128,21:00-21:20,30.96896562705615
2025-12-21,130,131,21:30-21:50,18.42712189761812
2025-12-21,137,137,22:40-22:50,18.586381773917765
2025-12-21,142,142,23:30-23:40,49.42439421634435
2025-12-22,1,2,00:00-00:20,26.301737985261298
2025-12-22,6,8,00:50-01:20,767.2285046848258
2025-12-22,15,15,02:20-02:30,15.18746348203706
2025-12-22,40,45,06:30-07:30,95.22691853533328
2025-12-22,50,50,08:10-08:20,0.29320286879863033
2025-12-22,58,59,09:30-09:50,59.52298562028841
2025-12-22,62,63,10:10-10:30,93.3152982817287
2025-12-22,103,104,17:00-17:20,9.268094768108643
2025-12-22,108,109,17:50-18:10,36.734543104356135
2025-12-22,116,116,19:10-19:20,9.301016745624565
2025-12-22,118,119,19:30-19:50,5.894108757731601
2025-12-22,124,128,20:30-21:20,33.82136127779938
2025-12-22,131,131,21:40-21:50,0.39736318594566455
2025-12-22,137,137,22:40-22:50,8.236895933675783
2025-12-22,142,143,23:30-23:50,28.322125424397882
2025-12-23,6,8,00:50-01:20,865.3513384590078
2025-12-23,40,41,06:30-06:50,30.74518253059588
2025-12-23,43,44,07:00-07:20,22.401878302596383
2025-12-23,59,59,09:40-09:50,29.25315279360086
2025-12-23,61,61,10:00-10:10,4.976063041189832
2025-12-23,63,65,10:20-10:50,18.54681847893528
2025-12-23,118,118,19:30-19:40,2.1124716212659678
2025-12-23,122,122,20:10-20:20,5.2780286353468
2025-12-23,126,126,20:50-21:00,0.28587688511640863
2025-12-23,129,131,21:20-21:50,58.68210705355955
2025-12-23,134,135,22:10-22:30,25.850395203316225
2025-12-23,141,141,23:20-23:30,7.205575733649084
2025-12-23,144,144,23:50-24:00,25.433665363863724
2025-12-24,1,2,00:00-00:20,23.318459251217746
2025-12-24,6,6,00:50-01:00,745.4354400315814
2025-12-24,24,24,03:50-04:00,8.513995262534536
2025-12-24,40,42,06:30-07:00,66.08770902750358
2025-12-24,44,45,07:10-07:30,5.908322377944899
2025-12-24,58,60,09:30-10:00,67.88186184084452
2025-12-24,65,65,10:40-10:50,14.569130433515397
2025-12-24,82,82,13:30-13:40,21.627207817757494
2025-12-24,97,97,16:00-16:10,9.163667435564975
2025-12-24,102,102,16:50-17:00,18.632734570338243
2025-12-24,108,108,17:50-18:00,23.6897598368206
2025-12-24,113,114,18:40-19:00,10.533117174252197
2025-12-24,118,119,19:30-19:50,9.722863297802292
2025-12-24,122,122,20:10-20:20,6.440365205948069
2025-12-24,124,124,20:30-20:40,25.942960490105293
2025-12-24,126,127,20:50-21:10,11.965131102776581
2025-12-24,129,131,21:20-21:50,18.882022963548025
2025-12-24,134,134,22:10-22:20,15.048651625213779
2025-12-24,137,137,22:40-22:50,12.29209590735627
2025-12-24,142,144,23:30-24:00,17.0015936307409
2025-12-25,6,8,00:50-01:20,787.3953684419149
2025-12-25,24,24,03:50-04:00,5.431501513357034
2025-12-25,29,30,04:40-05:00,24.83297052901719
2025-12-25,37,37,06:00-06:10,34.86656680954252
2025-12-25,41,42,06:40-07:00,44.79635651025524
2025-12-25,45,45,07:20-07:30,5.416650917413946
2025-12-25,58,58,09:30-09:40,1.2160996775889998
2025-12-25,62,63,10:10-10:30,16.07818318293755
2025-12-25,73,74,12:00-12:20,121.69269834846682
2025-12-25,107,108,17:40-18:00,9.70183515312129
2025-12-25,115,115,19:00-19:10,9.09578339913162
2025-12-25,118,119,19:30-19:50,37.200323608369445
2025-12-25,124,125,20:30-20:50,48.31037839847329
2025-12-25,128,129,21:10-21:30,13.225509395973177
2025-12-25,134,134,22:10-22:20,3.8242624884852603
2025-12-25,139,142,23:00-23:40,76.35502787208873
2025-12-26,2,2,00:10-00:20,17.023484399262998
2025-12-26,6,7,00:50-01:10,851.4863891104092
2025-12-26,14,14,02:10-02:20,0.6179238386631027
2025-12-26,21,21,03:20-03:30,25.25251348861707
2025-12-26,38,38,06:10-06:20,17.49787014550793
2025-12-26,41,42,06:40-07:00,28.641462804316234
2025-12-26,45,46,07:20-07:40,25.633293239712017
2025-12-26,50,50,08:10-08:20,9.565144282142114
2025-12-26,54,54,08:50-09:00,12.872611222341448
2025-12-26,59,61,09:40-10:10,66.84650473558543
2025-12-26,64,64,10:30-10:40,38.24840682608624
2025-12-26,75,75,12:20-12:30,2.543162845675397
2025-12-26,87,88,14:20-14:40,8.831930082905842
2025-12-26,93,93,15:20-15:30,16.267200548004666
2025-12-26,96,97,15:50-16:10,28.587506152125343
2025-12-26,100,100,16:30-16:40,12.92910393566838
2025-12-26,107,107,17:40-17:50,3.5894959581131998
2025-12-26,109,109,18:00-18:10,4.744072160810617
2025-12-26,126,128,20:50-21:20,33.3223883076721
2025-12-26,131,131,21:40-21:50,0.744007507566721
2025-12-26,136,136,22:30-22:40,3.6432300302672047
2025-12-26,139,140,23:00-23:20,47.500369857876194
2025-12-26,144,144,23:50-24:00,2.756546196867987
2025-12-27,6,7,00:50-01:10,797.5248603042305
2025-12-27,21,22,03:20-03:40,9.082550467166811
2025-12-27,42,42,06:50-07:00,11.078249111725313
2025-12-27,45,46,07:20-07:40,62.66765236027301
2025-12-27,55,58,09:00-09:40,49.37686451506784
2025-12-27,61,65,10:00-10:50,53.142723774744695
2025-12-27,74,74,12:10-12:20,9.817293724738306
2025-12-27,102,102,16:50-17:00,8.143295443949228
2025-12-27,104,105,17:10-17:30,13.640872114751836
2025-12-27,108,108,17:50-18:00,21.453092512172702
2025-12-27,112,113,18:30-18:50,18.96914511589864
2025-12-27,123,123,20:20-20:30,6.01216212659557
2025-12-27,125,125,20:40-20:50,58.629515581287194
2025-12-27,127,129,21:00-21:30,35.78121397552309
2025-12-27,134,136,22:10-22:40,54.40647089748654
2025-12-27,139,140,23:00-23:20,45.83963822213428
2025-12-27,144,144,23:50-24:00,14.818565442821523
2025-12-28,1,4,00:00-00:40,31.834484215027942
2025-12-28,6,6,00:50-01:00,685.3992078856226
2025-12-28,25,25,04:00-04:10,7.864816910119657
2025-12-28,29,29,04:40-04:50,1.3197722134493688
2025-12-28,38,41,06:10-06:50,30.942419907694692
2025-12-28,43,45,07:00-07:30,66.68645504765661
2025-12-28,48,48,07:50-08:00,34.14080184422801
2025-12-28,58,61,09:30-10:10,42.7601754366176
2025-12-28,65,65,10:40-10:50,11.81614938055759
2025-12-28,70,70,11:30-11:40,8.927767220311239
2025-12-28,98,98,16:10-16:20,0.6708355582502463
2025-12-28,106,107,17:30-17:50,29.517066156261187
2025-12-28,110,111,18:10-18:30,49.194139044611
2025-12-28,123,124,20:20-20:40,31.62637361161444
2025-12-28,126,129,20:50-21:30,19.261152980655424
2025-12-28,137,137,22:40-22:50,1.8828354586129308
2025-12-28,140,140,23:10-23:20,20.06702810896138
2025-12-29,6,7,00:50-01:10,798.4145877988337
2025-12-29,18,18,02:50-03:00,16.211542308198432
2025-12-29,30,30,04:50-05:00,6.618156994341348
2025-12-29,38,38,06:10-06:20,43.95212266933606
2025-12-29,41,41,06:40-06:50,7.6312700909893465
2025-12-29,45,45,07:20-07:30,3.206486933431023
2025-12-29,58,58,09:30-09:40,3.9177155311784873
2025-12-29,62,63,10:10-10:30,81.91387907807416
2025-12-29,65,65,10:40-10:50,15.868570833568242
2025-12-29,74,74,12:10-12:20,1.7556399178461106
2025-12-29,78,78,12:50-13:00,11.082391762074053
2025-12-29,98,99,16:10-16:30,41.56685930667591
2025-12-29,102,102,16:50-17:00,27.128525361872335
2025-12-29,117,117,19:20-19:30,5.371552177918261
2025-12-29,120,120,19:50-20:00,5.675525727069498
2025-12-29,125,126,20:40-21:00,36.23336461376516
2025-12-29,128,129,21:10-21:30,44.18806367285163
2025-12-29,136,136,22:30-22:40,9.397422680616046
2025-12-29,140,140,23:10-23:20,6.722789163047878
2025-12-29,143,144,23:40-24:00,58.638161100144885
2025-12-30,6,8,00:50-01:20,827.467957082234
2025-12-30,38,38,06:10-06:20,3.5270991925629005
2025-12-30,40,40,06:30-06:40,18.74043759611231
2025-12-30,43,45,07:00-07:30,64.94235186208702
2025-12-30,54,56,08:50-09:20,55.84774183445188
2025-12-30,61,64,10:00-10:40,49.520840068242194
2025-12-30,96,96,15:50-16:00,7.056958175887985
2025-12-30,100,100,16:30-16:40,2.954296811610604
2025-12-30,120,120,19:50-20:00,3.4615304645348033
2025-12-30,126,128,20:50-21:20,32.34620912620073
2025-12-30,130,130,21:30-21:40,3.4229644163706325
2025-12-30,134,134,22:10-22:20,17.59444975654685
2025-12-30,137,137,22:40-22:50,1.9230562837215075
2025-12-30,142,143,23:30-23:50,32.622140340834335
2025-12-31,6,6,00:50-01:00,785.5386353467562
2025-12-31,10,11,01:30-01:50,29.672772476641626
2025-12-31,13,13,02:00-02:10,2.183847325022498
2025-12-31,18,18,02:50-03:00,13.667511514673038
2025-12-31,30,30,04:50-05:00,10.868107645742839
2025-12-31,39,40,06:20-06:40,61.38781914161632
2025-12-31,44,45,07:10-07:30,42.03718940368111
2025-12-31,52,53,08:30-08:50,34.63594448047684
2025-12-31,58,59,09:30-09:50,125.19182406331674
2025-12-31,65,66,10:40-11:00,76.78218408061298
2025-12-31,69,69,11:20-11:30,28.740610959148967
2025-12-31,80,82,13:10-13:40,151.8211937689175
2025-12-31,89,89,14:40-14:50,7.975864231196056
2025-12-31,95,95,15:40-15:50,0.907955656759043
2025-12-31,97,97,16:00-16:10,3.68468947323899
2025-12-31,110,111,18:10-18:30,13.985025313480783
2025-12-31,116,117,19:10-19:30,28.559968706408995
2025-12-31,121,121,20:00-20:10,11.642690268456477
2025-12-31,124,125,20:30-20:50,25.593885537570145
2025-12-31,127,128,21:00-21:20,28.923302085800856
2025-12-31,131,133,21:40-22:10,29.283744604553476
2025-12-31,137,137,22:40-22:50,12.636447052243852
2025-12-31,139,140,23:00-23:20,21.52166849585467
2025-12-31,142,143,23:30-23:50,41.768308461639776
