date,days,purchase_kwh,emergency_kwh,actual_grid_kwh,planned_cost_yuan,emergency_cost_yuan,total_cost_yuan,charge_kwh,discharge_kwh,curtailment_kwh,emergency_intervals,emergency_days,emergency_while_charging_kwh,emergency_while_charging_intervals,waste_while_discharging_kwh,soc_start_kwh,soc_end_kwh,load_mae_kw,pv_mae_kw,net_mae_kw,load_bias_kw,pv_bias_kw,net_bias_kw,v1_total_cost_yuan,v1_emergency_cost_yuan,savings_vs_v1_yuan
2025-02-01,1,43753.087263544076,240.07946752110314,43993.166731065176,22650.581748837394,1056.2640197348962,23706.84576857229,20760.517897467715,16816.019496948844,5670.492397212975,15,1,77.01830836764259,5,1396.0570211362394,5999.999999999998,6000.0000000000055,214.04208904488513,63.87095406746029,246.2738276972533,-201.90939538398675,24.357810019841242,-226.267205403828,23706.84576857229,1056.2640197348962,0.0
2025-02-02,1,89925.90453848394,86.0870716410053,90011.99161012494,56595.69769502283,390.4775391816186,56986.17523420444,24699.92326208103,20006.93784228564,6962.728240329549,8,1,5.786053428082596,1,1958.916063882463,6000.0000000000055,6000.000000000002,209.01530505028052,90.89934126984127,293.7006379987731,-201.31111417154648,85.2156011904762,-286.52671536202274,56986.17523420444,390.4775391816186,0.0
2025-02-03,1,89014.87675531565,311.96566419171756,89326.84241950737,55929.92200602655,1092.1081258336571,57022.03013186021,24571.976551624375,19903.30100681575,4441.250374698735,23,1,147.84771380538814,6,1662.1638615814106,6000.000000000002,6000.0,164.43032070146268,76.2195826388889,198.05066828710213,-154.7160920052526,17.33743759920638,-172.05352960445896,57022.03013186021,1092.1081258336571,0.0
2025-02-04,1,89012.58357102163,983.8830061605877,89996.46657718222,55878.08652638718,3859.5157786036857,59737.60230499087,24474.88825228327,19824.659484349446,4151.373859248395,30,1,341.2577468529694,10,820.1759296909364,6000.0,6000.000000000002,219.7255270967669,100.4061418650794,213.96903605870756,-203.71362324373794,-71.7348376984127,-131.97878554532525,59737.60230499087,3859.5157786036857,0.0
2025-02-05,1,88649.10519425121,588.4833107438975,89237.58850499512,55677.66735671704,2134.1266243618174,57811.79398107885,24400.82319302549,19764.666786350648,3853.0051149869296,25,1,296.4852717115043,11,844.4337254807951,6000.000000000002,6000.000000000001,186.35491125668932,85.95806617063495,185.06201773878445,-177.10815979980896,-41.08641795634924,-136.0217418434597,57811.79398107885,2134.1266243618174,0.0
2025-02-06,1,89229.5905633218,246.62536142161525,89476.21592474342,56180.86920855904,1010.1330546452311,57191.00226320427,24502.040187784616,19846.65255210554,4549.771072397679,26,1,90.76748599815687,11,1380.7925533190446,6000.000000000001,6000.000000000002,184.0768742520944,63.86398303571426,199.84985140913733,-172.96318805654224,6.3345499007937,-179.29773795733595,57191.00226320427,1010.1330546452311,0.0
2025-02-07,1,42602.46570499744,271.4436445801145,42873.90934957755,21921.202659140516,1453.0493394717153,23374.25199861223,20641.890615507284,16719.9313985609,7146.270465964505,21,1,24.615184957607312,5,972.0765868131143,6000.000000000002,5999.999999999999,193.75734939602796,157.96700327380952,309.0714212726924,-179.16392380768295,107.28719374999999,-286.45111755768295,23374.25199861223,1453.0493394717153,0.0
2025-02-08,1,40763.061047486044,368.35882433778994,41131.41987182383,21054.203319085937,1901.6580636939034,22955.86138277984,20150.90964792313,16322.236814817736,5725.584322051772,20,1,227.5285470588243,11,1405.0910736760457,5999.999999999999,5999.999999999998,163.4839488542899,116.74707628968261,253.9142977662317,-142.53986627379678,80.67786279761907,-223.2177290714159,22955.86138277984,1901.6580636939034,0.0
2025-02-09,1,86602.4202181871,1127.290241402065,87729.71045958916,54234.72205997538,3664.2538864419607,57898.97594641733,24388.74169469528,19754.880772703174,3540.4335709303823,34,1,648.1484566550102,12,907.0810289549372,5999.999999999998,6000.000000000002,139.30851451287438,108.63029503968258,194.48849218051868,-123.93260242082273,-23.384963690476198,-100.54763873034653,57898.97594641733,3664.2538864419607,0.0
2025-02-10,1,87098.61133826771,130.61752351343262,87229.22886178114,54558.05376112063,612.4494275652972,55170.50318868593,24503.881931796,19848.144364754764,8246.853711406573,12,1,28.396730846164246,3,3239.7500296730764,6000.000000000002,6000.000000000001,160.555448985612,199.73764166666666,349.0613014550002,-138.54788560665864,199.62862222222222,-338.17650782888086,55170.50318868593,612.4494275652972,0.0
2025-02-11,1,86086.10843887969,113.45282603538146,86199.56126491507,53758.369403468016,666.90895474581,54425.27835821382,24384.749705578313,19751.647261518432,6345.8616875218495,13,1,0.0,0,1922.5423911764685,6000.000000000001,6000.000000000002,143.9080296086106,132.51861299603178,269.1381047315513,-127.17276833574563,132.5109342261905,-259.6837025619362,54425.27835821382,666.90895474581,0.0
2025-02-12,1,85244.04786420878,309.00206823642304,85553.04993244521,53167.239122835126,1433.5743690050429,54600.81349184017,24199.25109725637,19601.39338877766,5688.456090633158,23,1,4.968628766942857,1,1929.4487435780989,6000.000000000002,6000.000000000001,150.54812762397444,113.92407083333325,249.8940899528992,-131.52836263954657,92.61555496031741,-224.14391759986395,54600.81349184017,1433.5743690050429,0.0
2025-02-13,1,84706.71419306632,136.7522621867545,84843.46645525307,52874.348271625495,701.2241364626465,53575.57240808814,24068.231326844267,19495.267374743857,8941.023486486,17,1,13.600015831030532,4,3638.1297345816165,6000.000000000001,6000.000000000001,156.69760075119513,226.68636676587303,378.240656194698,-141.3043392069129,225.54029513888892,-366.8446343458018,53575.57240808814,701.2241364626465,0.0
2025-02-14,1,37785.311247166166,984.8192343691851,38770.13048153535,19527.027008198107,3165.9596010224086,22692.986609220516,19351.103943624345,15674.39419433572,5291.618915580057,34,1,812.0380400541435,16,1076.9748063363595,6000.000000000001,5999.999999999998,144.3216784124555,108.74203214285714,215.83080901281653,-116.74259152382976,15.00768095238092,-131.75027247621068,22692.986609220516,3165.9596010224086,0.0
2025-02-15,1,36877.64102921225,788.3848607034765,37666.02588991573,19063.661453510835,2688.85437306963,21752.515826580468,18826.522456658535,15249.483189893404,4808.895523150599,41,1,462.57719278570517,13,801.0496037551927,5999.999999999998,6000.000000000004,110.11057931114833,83.02940089285718,169.81039011453566,-63.79665559750174,34.15920624999998,-97.95586184750172,21752.515826580468,2688.85437306963,0.0
2025-02-16,1,81238.18731637715,1371.6823014250024,82609.86961780215,50346.7810174927,5155.319093067497,55502.1001105602,23190.58371750042,18784.372811175344,2826.279611477071,51,1,541.7651780159068,17,889.8881962551449,6000.000000000004,6000.000000000002,123.6514670296529,101.82026924603183,174.91507970425303,-78.40661688709018,-17.798395634920627,-60.60822125216956,55502.1001105602,5155.319093067497,0.0
2025-02-17,1,80815.04999319554,395.3072858355421,81210.35727903109,49982.003142344176,1620.8958906395637,51602.89903298374,23244.224345269115,18827.821719667983,5610.091486763289,28,1,152.00039990788218,8,2442.8758520707597,6000.000000000002,6000.000000000001,128.42203296705685,131.5957282738095,250.22494885828468,-96.79970351087839,120.48297152777776,-217.28267503865615,51602.89903298374,1620.8958906395637,0.0
2025-02-18,1,80194.96165669698,466.46730800105456,80661.42896469803,49503.67661360537,2086.4634289618425,51590.14004256722,23234.009325226067,18819.547553433113,4155.579409571745,30,1,167.53081356005566,7,1629.5086019213036,6000.000000000001,5999.999999999998,123.3045994431833,94.28786249999997,192.5852798988666,-71.2179262559216,82.49507797619046,-153.71300423211207,51590.14004256722,2086.4634289618425,0.0
2025-02-19,1,79772.42133807129,935.3422949890039,80707.7636330603,49179.8611145919,3607.050514721857,52786.911629313756,23268.57505281428,18847.545792779565,3407.4069896922483,56,1,226.4885614892936,9,443.91667479931505,5999.999999999998,6000.000000000002,117.32595327674689,109.4539495039682,180.9478868617188,-48.99640325152406,54.006292361111115,-103.00269561263516,52786.911629313756,3607.050514721857,0.0
2025-02-20,1,79477.83900495047,508.7672623559493,79986.60626730642,48968.64593364355,2220.592799371459,51189.23873301501,23257.70924858346,18838.74449135261,4574.507776742235,30,1,78.62581533754383,4,1538.4911913362655,6000.000000000002,6000.0,124.9720128879347,109.65649206349204,211.80312662909114,-85.74333631371435,83.66251845238094,-169.40585476609533,51189.23873301501,2220.592799371459,0.0
2025-02-21,1,35769.89347108968,585.1346201003893,36355.02809119007,18428.83196027666,2174.9793289784925,20603.81128925515,18381.834567238613,14889.285999463274,7302.217490081401,33,1,87.00070594721102,6,764.0293192600526,6000.0,6000.000000000004,133.16421248464704,92.45157500000005,202.359448894513,-64.90173361352358,88.28155595238098,-153.1832895659046,20603.81128925515,2174.9793289784925,0.0
2025-02-22,1,35137.86048687186,1343.2702833295748,36481.13077020144,18077.442553227378,5183.411645862093,23260.85419908947,18038.907748613066,14611.515276376584,5208.9754146316245,58,1,803.3002306045914,23,551.2805099881557,6000.000000000004,6000.000000000001,110.69468300297187,72.64956160714284,143.38182220146442,-39.81663669918179,-36.72277847222225,-3.093858226959542,23260.85419908947,5183.411645862093,0.0
2025-02-23,1,77666.27544843066,1341.948173196663,79008.22362162733,47700.27616112925,4825.2602250229265,52525.53638615218,23212.780379019285,18802.35210700562,3065.941666280333,51,1,512.2997480288768,15,1021.0960030896905,6000.000000000001,6000.000000000001,113.51195929426015,104.64387787698416,183.66207664487482,-41.01633572372433,30.816726488095227,-71.83306221181957,52525.53638615218,4825.2602250229265,0.0
2025-02-24,1,77050.61631176512,453.64330561352165,77504.25961737864,47198.71880793684,2052.043859349614,49250.76266728646,23137.429947047014,18741.31825710808,4905.11431077303,30,1,97.12126129095918,7,2086.789025087887,6000.000000000001,6000.0,116.37571424776282,132.91126686507928,223.28156734943963,-59.42918017529702,126.04877837301586,-185.47795854831287,49250.76266728646,2052.043859349614,0.0
2025-02-25,1,76727.84485074923,549.2180187355485,77277.06286948478,47007.75971080547,2008.809641970848,49016.569352776314,23148.67718116396,18750.428516742806,7057.490971730297,37,1,127.38684944729539,8,2922.88774778072,6000.0,6000.0,107.6056834350462,228.9709839285714,316.9462079360769,-42.31415577954306,228.8638839285714,-271.17803970811445,49016.569352776314,2008.809641970848,0.0
2025-02-26,1,75955.99097771832,817.8907168415028,76773.88169455982,46490.917162311605,3397.9705713137546,49888.887733625364,22964.552566564613,18601.28757891734,3595.7686735792236,43,1,211.90978975053133,11,1796.468400188932,6000.0,6000.0,111.6989052860572,113.03136527777772,183.90247460086357,-48.875025975182915,66.86988888888882,-115.74491486407175,49888.887733625364,3397.9705713137546,0.0
2025-02-27,1,75293.52001933687,660.432152401633,75953.95217173849,45996.30377454772,3349.742739620791,49346.04651416851,22904.89371475826,18552.963908954185,4645.4381659344235,30,1,0.0,0,351.1628136277316,6000.0,5999.999999999999,107.43013753317317,144.96816031746033,221.07792993066906,-60.35827119878692,105.68364603174606,-166.041917230533,49346.04651416851,3349.742739620791,0.0
2025-02-28,1,34250.2660604527,1144.87320429568,35395.13926474837,17533.98660195104,4253.9736197577595,21787.9602217088,17679.481736641294,14320.380206679449,8743.444184786536,47,1,713.2654745276644,14,567.0839842300678,5999.999999999999,6000.0,108.51048850122817,98.27133988095244,180.11222814906722,-44.88066213646521,20.06749265873017,-64.94815479519539,21787.9602217088,4253.9736197577595,0.0
2025-03-01,1,33818.23557222811,758.7199925309711,34576.95556475908,17327.848793597164,3162.017022572445,20489.86581616961,17367.453931317657,14067.637684367304,7618.373384475398,41,1,309.8763127291164,14,940.3072126078612,6000.0,6000.000000000001,194.69806432480146,167.3099306547619,246.36834064722643,-151.57558264354944,-137.07902926587303,-14.496553377676422,20489.86581616961,3162.017022572445,0.0
2025-03-02,1,73699.98666192566,5533.457670391784,79233.44433231745,44910.07364614154,20969.552006123402,65879.62565226495,22883.55816695922,18535.682115236967,2527.2612139285216,70,1,3608.730806869326,25,804.6165645216465,6000.000000000001,6000.000000000002,192.1079264365923,286.2045459325397,335.86328684667944,-144.74289258784023,-270.0010782738095,125.2581856859693,65879.62565226495,20969.552006123402,0.0
2025-03-03,1,74141.1421215735,4281.078375837049,78422.22049741056,45160.489851583945,17373.56233036318,62534.052181947125,23075.074363134427,18690.81023413889,2020.8097350816815,80,1,1528.7897958302788,29,360.26641468332247,6000.000000000002,6000.000000000001,190.5718788097117,231.9042055555555,262.5786712882804,-133.05774274630411,-227.23560277777773,94.17786003147361,62534.052181947125,17373.56233036318,0.0
2025-03-04,1,75240.51551436743,1316.363849642812,76556.87936401025,45943.88671033456,4244.62528065223,50188.51199098679,23249.430832539,18832.03897435659,2940.0295724944976,54,1,661.4811753877398,15,719.2644643994498,6000.000000000001,6000.0,181.6023249550378,108.96462986111108,177.34972592238788,-131.3756474799314,-63.722909027777796,-67.65273845215359,50188.51199098679,4244.62528065223,0.0
2025-03-05,1,76344.0649345695,519.5301355864513,76863.59507015595,46665.11393784192,2332.4012525529993,48997.515190394915,23369.674910524987,18929.43667752524,6292.884820489534,33,1,178.30428569266667,9,2340.342335457671,6000.0,6000.000000000002,183.12914397782586,137.1808881944445,283.8506231698327,-141.4443782400093,99.11206696428577,-240.5564452042951,48997.515190394915,2332.4012525529993,0.0
2025-03-06,1,76007.67734412862,565.6620898539287,76573.33943398255,46528.686680229635,2177.5748114405365,48706.26149167017,23305.965828748143,18877.832321285994,6204.551793187068,41,1,120.68436386836606,8,2816.5266306384283,6000.000000000002,6000.000000000005,190.88533658732493,108.22979196428568,282.0922451267082,-142.78975123015067,92.16398640873015,-234.9537376388808,48706.26149167017,2177.5748114405365,0.0
2025-03-07,1,33374.952897731026,699.1881947944286,34074.14109252545,17056.567226767016,2680.4432195317377,19737.01044629875,17299.863661918982,14012.889566154383,9864.88146342752,38,1,425.4812975579497,16,1521.704358469159,6000.000000000005,6000.0,210.86752513461187,106.39351408730158,290.4179207325603,-167.51505402218478,62.91327698412697,-230.42833100631177,19737.01044629875,2680.4432195317377,0.0
2025-03-08,1,32579.64412563401,295.6986367548365,32875.34276238885,16752.179549079272,1008.5082091774215,17760.687758256692,16722.036100990732,13544.849241802493,10635.01638653394,25,1,49.02842499670987,2,922.8410394713588,6000.0,6000.0,121.6325116462692,176.0038541666667,286.5176189279291,-85.8740297539149,176.00203611111115,-261.876065865026,17760.687758256692,1008.5082091774215,0.0
2025-03-09,1,74633.14842154729,353.3336749713318,74986.48209651862,45490.318063515806,1623.80722547983,47114.12528899563,23336.694968858686,18902.722924775535,7218.985002435465,24,1,52.163812245032204,3,2388.297551114806,6000.0,6000.000000000004,141.78957225731452,193.12837996031746,315.5132782252832,-93.10815114433892,192.9606541666667,-286.0688053110056,47114.12528899563,1623.80722547983,0.0
2025-03-10,1,73151.4822941495,2318.174672152352,75469.65696630185,44481.267959925644,7011.998788623609,51493.26674854926,23112.65485983953,18721.25043647002,3036.181092932338,56,1,1817.8614991248853,26,1430.8853872314007,6000.000000000004,6000.000000000002,140.8798166055292,137.00078849206346,223.09815687852875,-75.44813221503908,-45.531198015873,-29.916934199166082,51493.26674854926,7011.998788623609,0.0
2025-03-11,1,72791.06365607493,852.5802870960479,73643.64394317097,44134.66541670323,3411.4542052256043,47546.11962192884,22790.962183829528,18460.679368901918,5374.442328243375,41,1,245.87851929859255,12,2754.297423265278,6000.000000000002,6000.000000000004,149.55170383603092,133.16062668650798,259.4592756391426,-105.02488613907516,83.38603224206346,-188.41091838113866,47546.11962192884,3411.4542052256043,0.0
2025-03-12,1,72117.92933476594,704.3506542176619,72822.2799889836,43737.33925184271,2484.691700275323,46222.03095211803,22416.264054397292,18157.173884061813,6127.6551353147925,43,1,197.36537433214949,9,2570.118302646964,6000.000000000004,6000.000000000001,138.2162126203557,150.91760545634918,284.66690789718564,-81.92183958936458,144.0491804563492,-225.9710200457138,46222.03095211803,2484.691700275323,0.0
2025-03-13,1,71103.97796297568,3882.023702114003,74986.00166508969,43100.00636408852,14336.789132741565,57436.795496830084,22202.21055540702,17983.790549879683,3221.9636428956796,64,1,2903.3971797407567,31,1366.6154284858899,6000.000000000001,6000.000000000002,132.54164194740522,210.92778511904766,295.9994727087367,-58.38303225479209,-85.8855347222222,27.502502467430116,57436.795496830084,14336.789132741565,0.0
2025-03-14,1,31330.144460473584,828.7632226890757,32158.90768316266,16005.752246883565,3567.9107553796684,19573.663002263234,16182.554856715562,13107.869433939608,13054.796277053372,38,1,402.8685228366512,11,840.5682119931182,6000.000000000002,5999.999999999998,146.24131723198218,166.83241597222218,295.57737720858466,-81.67962524400123,144.80358978174598,-226.48321502574726,19573.663002263234,3567.9107553796684,0.0
2025-03-15,1,30977.301690968736,1650.847395297312,32628.149086266047,15877.751392658325,5397.1036757216925,21274.855068380017,16000.000000000004,12959.999999999998,8664.023936266043,55,1,926.0602888237154,16,370.67542428515003,5999.999999999998,6000.000000000003,120.61684577795319,165.70442242063487,209.66834994877138,-30.83061856110443,-65.1456446428571,34.31502608175268,21274.855068380017,5397.1036757216925,0.0
2025-03-16,1,69917.68969567532,1245.1829274641416,71162.87262313945,42195.066242640416,4581.566052711637,46776.63229535205,21993.213166345333,17814.50266473972,3633.11518820051,59,1,692.5484285347696,19,1520.2197988269118,6000.000000000003,6000.000000000002,100.86259312738518,141.13674672619047,203.2624214860272,-37.85768913782491,61.639488392857146,-99.49717753068207,46776.63229535205,4581.566052711637,0.0
2025-03-17,1,69853.88549121164,303.8647683708397,70157.75025958248,42071.168628116044,1504.3973095588788,43575.56593767492,21947.910767757432,17777.807721883517,8129.51578037523,24,1,32.20387837873386,3,3471.5035342601436,6000.000000000002,6000.000000000003,112.83936978522385,276.8264791666666,351.39085619775295,-49.24750843669093,276.8212837301587,-326.0687921668496,43575.56593767492,1504.3973095588788,0.0
2025-03-18,1,68421.35092323837,1080.736691890851,69502.08761512922,41094.297402253535,4934.172670486961,46028.47007274049,21800.026566343666,17658.02151873837,4234.124200857253,38,1,128.19531690917938,7,726.9058590566416,6000.000000000003,6000.0,120.1181463435429,147.194766468254,221.45253719783764,-68.2048237862985,63.18632242063489,-131.3911462069334,46028.47007274049,4934.172670486961,0.0
2025-03-19,1,68331.47984314944,578.2540778015904,68909.73392095104,41088.88178879071,2689.2803077702433,43778.162096560955,21730.82357938353,17601.96709930066,5315.406990868154,28,1,42.412934517699796,4,905.9265716156249,6000.0,5999.999999999998,124.2456907161577,174.7823196428571,245.56921119457263,-79.11454141745607,118.26682996031744,-197.3813713777735,43778.162096560955,2689.2803077702433,0.0
2025-03-20,1,67785.78696008767,1272.7589361306973,69058.54589621838,40840.83282282499,4805.2533770244945,45646.08619984949,21801.429801674916,17659.15813935668,2707.312417233468,54,1,397.90938057733297,11,801.8387692703918,5999.999999999998,6000.000000000002,120.24252755735395,82.01601547619046,165.83630639017358,-53.26848671261546,6.504575000000006,-59.77306171261547,45646.08619984949,4805.2533770244945,0.0
2025-03-21,1,30056.61526147801,670.120785045026,30726.736046523038,15292.295728604424,2658.5313519799015,17950.827080584324,16000.0,12960.000000000002,15653.27152985637,40,1,116.94399682853066,6,530.8740623343288,6000.000000000002,6000.0,104.86779307008591,201.68897519841275,273.94082916106595,-22.116305650688552,191.60441785714286,-213.7207235078314,17950.827080584324,2658.5313519799015,0.0
2025-03-22,1,30125.16255591619,1185.8893273015267,31311.05188321772,15374.747239654123,4443.657140357568,19818.404380011692,16000.0,12960.0,12389.852149884384,45,1,892.943188369712,20,586.8089486248185,6000.0,6000.0,92.8488525672237,106.26275833333335,163.219643720665,-41.26669553066176,-22.7467132936508,-18.519982237010964,19818.404380011692,4443.657140357568,0.0
2025-03-23,1,65206.81709123802,1554.864660200595,66761.68175143862,39181.94982866154,5840.851908265172,45022.80173692672,21627.8606043657,17518.567089536216,3882.6681199424706,57,1,812.0738288045447,19,1295.5078049950168,6000.0,6000.000000000002,96.93995107634774,174.83330466269848,226.5638658392944,-23.626510524959212,73.36530029761897,-96.99181082257819,45022.80173692672,5840.851908265172,0.0
2025-03-24,1,64468.5153526615,1058.6808032513688,65527.19615591287,38731.13434559027,3782.226337790395,42513.36068338066,21507.38734091184,17420.983746138587,3442.2954778062854,42,1,376.0186776211159,14,699.2311143533908,6000.000000000002,6000.000000000002,99.90607149789435,120.80705595238094,187.5406783774022,-32.756581479470775,66.56069662698411,-99.31727810645488,42513.36068338066,3782.226337790395,0.0
2025-03-25,1,64336.57477359017,2627.2168083291085,66963.79158191927,38594.51768655699,9797.94985612156,48392.46754267855,21550.835771350216,17456.176974793678,1919.0080686960666,79,1,1638.334006610833,26,511.8284011815457,6000.000000000002,6000.0,104.13560766493406,124.09939702380959,189.42603654271568,1.6848929212179986,-27.82380456349209,29.508697484710083,48392.46754267855,9797.94985612156,0.0
2025-03-26,1,64362.14729070481,615.4014986041411,64977.54878930895,38590.380420051784,2186.676236180057,40777.05665623184,21559.350777096817,17463.074129448425,5288.717274993891,39,1,279.7806980420361,11,1547.3989137978688,6000.0,6000.000000000001,91.41584450613031,190.7243241071429,246.00494889991796,-19.6427300678268,175.07876061507943,-194.72149068290622,40777.05665623184,2186.676236180057,0.0
2025-03-27,1,63784.027989427836,1723.4656938619778,65507.49368328982,38331.077765144815,6619.881216143736,44950.95898128855,21538.439870851147,17446.13629538943,2698.2007078280935,60,1,866.7110227877747,21,884.9385720094734,6000.000000000001,6000.0,105.62055457900152,107.97427559523814,184.23610007041964,-10.959205145413598,29.654753769841236,-40.613958915254834,44950.95898128855,6619.881216143736,0.0
2025-03-28,1,29030.644167369766,685.0317735604316,29715.6759409302,14631.857138086118,2417.223648864114,17049.08078695023,15999.999999999998,12959.999999999998,15853.795174263534,37,1,31.998276253454378,2,462.89573612787336,6000.0,6000.000000000004,110.00069820727504,111.5524262896825,198.38845618674762,-32.04966332000911,83.48662093253964,-115.53628425254877,17049.08078695023,2417.223648864114,0.0
2025-03-29,1,29031.571578464267,583.0433054800446,29614.614883944312,14632.613848556695,2326.3024762992272,16958.916324855923,16000.000000000002,12960.000000000002,18867.40570061098,43,1,47.92766597578611,5,541.1839063269603,6000.000000000004,6000.0,79.79761745871168,234.1272896825396,274.7931223518993,-6.538287371419405,219.66789285714282,-226.2061802285622,16958.916324855923,2326.3024762992272,0.0
2025-03-30,1,61545.45580008469,1318.5840126200828,62864.039812704774,36916.04777270957,5166.000183273806,42082.04795598338,21387.88823805021,17324.18947282067,3454.721347475228,49,1,691.4522196727015,17,812.3894220724527,6000.0,6000.000000000005,106.39438402531037,139.88309097222222,198.8877233373046,7.512090710400642,96.51781299603171,-89.00572228563107,42082.04795598338,5166.000183273806,0.0
2025-03-31,1,60880.44911068498,3074.169336366629,63954.61844705161,36488.89163791554,11934.89981920851,48423.79145712405,21404.52411645642,17337.664534329706,2936.3693815915626,61,1,2316.2860549621205,33,1897.3873079700334,6000.000000000005,6000.000000000002,99.12978994083652,185.1163142857143,250.43911324825797,-24.838731249451566,-30.580396031745977,5.741664782294404,48423.79145712405,11934.89981920851,0.0
2025-04-01,1,60846.9601525647,5353.49329204689,66200.45344461159,36386.52271376501,17005.168106755387,53391.690820520394,21411.23816494698,17343.102913607057,1923.4666766050018,85,1,4257.0810334226335,36,1289.4108112843783,6000.000000000002,5999.999999999998,111.04058661803086,229.4692973214286,303.2066653604955,9.602426933094536,-133.31534871031752,142.91777564341206,53391.690820520394,17005.168106755387,0.0
2025-04-02,1,60721.25247273766,5615.413699152147,66336.66617188981,36248.991957710765,21807.46807378783,58056.460031498595,21348.518912963817,17292.300319500686,1845.112178426672,87,1,3772.6394751659063,35,258.020609943038,5999.999999999998,6000.000000000005,95.77794764853937,274.2682313492064,310.85524489911745,11.255209792132902,-145.84068690476192,157.0958966968948,58056.460031498595,21807.46807378783,0.0
2025-04-03,1,61558.969513497286,1459.8883171939942,63018.85783069128,36701.564697858405,6079.063726816101,42780.628424674505,21437.277602129256,17364.194857724702,3082.2448196200594,66,1,416.16850752448715,15,242.02786233338918,6000.000000000005,6000.000000000002,96.92761826528701,139.81310753968253,189.25554736725223,-0.05672351378449273,67.54146408730156,-67.59818760108607,42780.628424674505,6079.063726816101,0.0
2025-04-04,1,28177.952612747915,611.1210296805979,28789.073642428513,14122.634295850243,2080.7809512006497,16203.415247050893,16000.000000000002,12960.000000000002,19318.271392428513,37,1,43.953862685879585,3,465.26839961179087,6000.000000000002,6000.0,96.39828677073743,193.8963482142857,257.68595442531597,-15.138344347392085,187.79651924603175,-202.9348635934238,16203.415247050893,2080.7809512006497,0.0
2025-04-05,1,28352.01115804899,2085.883223110185,30437.894381159174,14191.836914605266,8169.810963058937,22361.647877664203,16000.000000000002,12959.999999999998,15353.77939782584,59,1,1451.031973416616,19,557.0409954580479,6000.0,6000.000000000002,107.96548042916834,134.14323263888886,191.61540466148426,16.106422464304686,-35.17560545634923,51.28202792065391,22361.647877664203,8169.810963058937,0.0
2025-04-06,1,61089.37763520181,810.5049485853423,61899.882583787155,36263.3530347454,3203.474898559497,39466.8279333049,21371.78569768184,17311.14641512229,3429.1670345609355,53,1,62.22147330381836,5,591.8851278438876,6000.000000000002,6000.0,95.0832744640193,105.01385188492065,176.65299929776154,-28.158383840252913,80.95253640873013,-109.11092024898305,39466.8279333049,3203.474898559497,0.0
2025-04-07,1,60552.69031875579,1419.8383714285721,61972.528690184365,35951.44080250134,4780.612161564304,40732.052964065646,21141.20522980142,17124.376236139153,4712.980413188762,58,1,745.4419492931398,21,1323.8923366833963,6000.0,6000.000000000001,95.1224072081853,192.0759185515873,255.53411602572228,-16.421174458261863,120.7930772817461,-137.21425174000794,40732.052964065646,4780.612161564304,0.0
2025-04-08,1,60414.214314221455,1467.3777558917548,61881.59207011321,35896.39437604638,6370.488624345102,42266.883000391485,21153.861349433802,17134.627693041377,3509.16479705412,71,1,224.2905787848033,12,379.24398137912823,6000.000000000001,6000.000000000002,95.24670615075439,141.3598273809523,207.35593970607812,-3.176795365892199,81.89766468253967,-85.07446004843187,42266.883000391485,6370.488624345102,0.0
2025-04-09,1,59624.55192743919,4727.031239260809,64351.5831667,35496.426013659366,17095.82879197021,52592.25480562957,21210.784943509923,17180.73580424304,1187.2230107664523,89,1,3578.5800989265535,40,398.2245099862755,6000.000000000002,5999.999999999998,96.40731679058642,202.64677619047623,246.4272604178026,-4.657931749243066,-152.14994126984135,147.4920095205983,52592.25480562957,17095.82879197021,0.0
2025-04-10,1,59561.79740053953,1848.7073916624386,61410.504792201966,35550.23922742285,8016.718186846474,43566.95741426932,21015.33692781098,17022.422911526894,2956.9528759178806,71,1,834.956576782661,21,604.5118883960292,5999.999999999998,6000.0,93.23823173608363,144.14268730158736,200.2358444825133,-9.86230430429426,36.31459087301582,-46.17689517731008,43566.95741426932,8016.718186846474,0.0
2025-04-11,1,27523.515868018345,890.1638831312406,28413.679751149586,13636.08953842821,3130.84023534239,16766.9297737706,16000.0,12960.0,20057.02958448292,48,1,118.83732406895672,5,593.4571111612422,6000.0,6000.000000000003,111.08160547221128,185.98993303571424,261.34559128476326,4.0279317739177785,177.88512450396826,-173.85719273005049,16766.9297737706,3130.84023534239,0.0
2025-04-12,1,27788.37659357434,1071.2823134011996,28859.65890697554,13791.429912616686,4196.2722068406165,17987.702119457303,16000.0,12960.000000000002,16794.498356975542,41,1,654.1248077012012,15,888.2080787650624,6000.000000000003,6000.000000000002,97.73925850961746,160.19475892857145,219.8359662225684,-16.643222782328678,8.993954365079341,-25.63717714740803,17987.702119457303,4196.2722068406165,0.0
2025-04-13,1,58474.99895484137,1969.756850271657,60444.75580511303,34826.716604373185,7980.768464608496,42807.48506898168,20515.463397417465,16617.525351908145,2270.4592762703737,75,1,1106.4360821687092,30,615.3112851277422,6000.000000000002,6000.000000000002,105.96650293048431,105.9736744047619,176.67567193925126,-14.550599892803689,-2.021332142857173,-12.529267749946516,42807.48506898168,7980.768464608496,0.0
2025-04-14,1,57969.11498153758,1419.8179033820268,59388.93288491961,34458.88633196517,5165.483198026182,39624.36952999136,20270.85426401367,16419.39195385107,3009.438774757013,66,1,570.4300716391265,18,502.01128549057177,6000.000000000002,5999.999999999998,105.39515017299433,130.29296884920637,184.5523615891267,29.0963146847724,95.33051765873022,-66.23420297395782,39624.36952999136,5165.483198026182,0.0
2025-04-15,1,58337.20790721164,1395.2183267008836,59732.42623391252,34771.4858382531,6177.394349140915,40948.88018739402,20338.940143163738,16474.541515962625,5728.598773378073,45,1,895.1391341210316,16,1722.2836971810189,5999.999999999998,6000.000000000004,103.51301579785716,231.36243938492063,296.8257125032899,-30.417298472660647,150.1402201388889,-180.55751861154954,40948.88018739402,6177.394349140915,0.0
2025-04-16,1,57708.838775050055,3154.2183270543137,60863.05710210437,34368.12539529997,11201.750433525242,45569.875828825214,20087.248303005603,16270.67112543454,1266.8879745333015,82,1,2110.6495082915044,35,482.18952038144073,6000.000000000004,6000.000000000002,98.46730224426463,127.4566596230159,184.21276256615064,8.763138398692968,-69.87562628968253,78.63876468837549,45569.875828825214,11201.750433525242,0.0
2025-04-17,1,57290.841157270115,1570.8531772112888,58861.694334481406,34148.36710583944,6739.466370623014,40887.83347646245,20248.629787572903,16401.39012793405,2146.1123248425506,62,1,948.0085123324504,21,413.08956168292804,6000.000000000002,6000.0,82.86588536375396,105.88634930555554,154.87356258557662,-12.227087401302592,11.742043749999977,-23.969131151302566,40887.83347646245,6739.466370623014,0.0
2025-04-18,1,27009.032687159965,957.848376252516,27966.881063412482,13257.267209557911,3317.2802257288204,16574.54743528673,15999.999999999998,12960.0,18572.763880079146,46,1,462.7816761660375,13,531.4678743359084,6000.0,5999.999999999998,97.28957400644816,103.23698869047618,168.53015281161683,-22.189952117054737,24.90172043650795,-47.09167255356269,16574.54743528673,3317.2802257288204,0.0
2025-04-19,1,26912.285357311113,605.9054402017185,27518.19079751283,13205.20034008105,1975.7000813800228,15180.900421461072,16000.0,12959.999999999998,17693.51154751283,36,1,117.63838806985882,6,502.39544716974007,5999.999999999998,6000.000000000003,97.4565588945365,137.09998144841273,202.44140951942302,-10.77446490300246,34.02125585317461,-44.795720756177076,15180.900421461072,1975.7000813800228,0.0
2025-04-20,1,56708.81339378322,1780.6918497838083,58489.50524356702,33655.75826704005,7279.172863929716,40934.931130969766,20339.83271340722,16475.264497859855,2667.192144686328,58,1,685.820224537063,17,536.6218428270633,6000.000000000003,5999.999999999999,91.43581909269857,140.82255257936512,185.328499769589,-10.972049986017693,25.9654623015873,-36.937512287604996,40934.931130969766,7279.172863929716,0.0
2025-04-21,1,56362.390044162756,1065.0262576043854,57427.41630176714,33379.487073151155,3693.175412824786,37072.66248597594,20347.873159156276,16481.777258916587,5044.4100181941185,57,1,374.4094376384119,17,1084.3950807230262,5999.999999999999,5999.999999999997,111.15249608172137,211.5764993055555,254.55984482493764,43.72461801114203,209.53227470238087,-165.80765669123886,37072.66248597594,3693.175412824786,0.0
2025-04-22,1,55771.67621884802,2420.9932538698727,58192.66947271789,33305.44709982303,8013.8269779180955,41319.27407774113,20075.018217517023,16260.764756188782,2225.4866947229884,71,1,1479.843817302089,28,627.0459104901017,5999.999999999997,6000.0000000000055,100.436136668202,133.95393690476192,193.60333119136922,10.904707424770999,2.758600793650806,8.146106631120189,41319.27407774113,8013.8269779180955,0.0
2025-04-23,1,56238.677621831244,2109.549767858557,58348.227389689804,33398.7870223964,7010.2281757196715,40409.01519811607,20063.070635052918,16251.08721439287,3136.3272523630894,64,1,1522.5624566315144,28,823.4362901509587,6000.0000000000055,6000.000000000002,106.38340406522795,158.13236716269847,218.57820917590192,7.994593006755505,50.77698819444439,-42.78239518768889,40409.01519811607,7010.2281757196715,0.0
2025-04-24,1,55442.22854739397,684.2513095726897,56126.47985696666,33010.89000903727,2635.7496849937065,35646.63969403098,20093.53770745733,16275.765543040437,5218.600992549767,47,1,214.84851162747037,12,1172.1808983306066,6000.000000000002,6000.000000000001,93.68340599859629,192.11360694444446,245.95217925510235,-7.474370719283014,181.45686607142858,-188.93123679071155,35646.63969403098,2635.7496849937065,0.0
2025-04-25,1,26066.470733443308,771.2925620035479,26837.763295446857,12583.565761401389,3006.7700829352775,15590.335844336665,16000.000000000056,12960.0,21797.405645446797,33,1,303.670609488179,6,588.3185880369596,6000.000000000001,6000.000000000051,104.59354206529366,146.8748174603174,194.04963826302324,0.2061284703032508,120.13580297619036,-119.9296745058871,15590.335844336665,3006.7700829352775,0.0
2025-04-26,1,25991.312441357837,1733.0125312212194,27724.324972579056,12535.857851836161,6917.996322377674,19453.854174213833,16000.000000000002,12960.000000000045,24614.13133924577,68,1,935.4116453179982,23,629.3253980006766,6000.000000000051,6000.000000000004,109.43760188347157,276.29207222222226,332.64429331436156,0.7285498974647217,187.0849630952381,-186.35641319777335,19453.854174213833,6917.996322377674,0.0
2025-04-27,1,52496.062394928835,2368.6047847536365,54864.667179682474,31257.501371118135,9766.197373143534,41023.69874426167,19437.579425676307,15744.439334797811,2598.055905470643,68,1,533.2171271896685,16,166.48360807155007,6000.000000000004,6000.000000000003,114.85832979695793,125.85003105158737,206.94419542601165,-12.426395010034028,-2.8659316468253895,-9.560463363208637,41023.69874426167,9766.197373143534,0.0
2025-04-28,1,52533.42408940131,8791.740838260677,61325.16492766199,31378.866051839977,33394.40933722667,64773.27538906665,19336.350081364548,15662.443565905287,1029.2910955360653,92,1,7033.708928390955,43,452.8677034675598,6000.000000000003,6000.0000000000055,101.53530130856036,354.53119781746034,409.2096639081976,-12.91269802139511,-336.348103968254,323.43540594685885,64773.27538906665,33394.40933722667,0.0
2025-04-29,1,53572.51433052748,1486.289906192547,55058.80423672003,31971.431370157356,5808.326275147906,37779.75764530526,19276.76053065438,15614.176029830052,3963.006019229032,48,1,322.94041819976417,13,1313.4484153657431,6000.0000000000055,6000.0,80.06655372225515,186.17049900793657,227.05399689256578,-14.670354908266246,88.52614980158734,-103.19650470985358,37779.75764530526,5808.326275147906,0.0
2025-04-30,1,53255.61038195831,2651.258720823232,55906.86910278154,31834.87339205971,8780.952217969325,40615.82561002904,19041.72598782375,15423.798050137237,4032.0867317616953,53,1,2032.9303449363667,22,862.7830793798049,6000.0,6000.0000000000055,100.10172298657716,210.05896299603182,278.47272719103864,-10.1756382533884,47.35886220238092,-57.534500455769326,40615.82561002904,8780.952217969325,0.0
2025-05-01,1,52507.52009180242,4484.344245996657,56991.86433779908,31571.43129163348,20300.29364330118,51871.72493493466,19031.806270190562,15415.763078854361,2364.4423464628794,93,1,881.0607979442801,18,69.01340940443276,6000.0000000000055,5999.999999999996,199.47138433593238,133.683397718254,285.36610801914736,116.01443896866934,27.68519315476198,88.32924581390738,51871.72493493466,20300.29364330118,0.0
2025-05-02,1,25682.1274416991,6785.127912605985,32467.255354305085,12409.52540455866,30159.080197455536,42568.6056020142,15999.999999999996,12959.999999999995,15136.935270971748,96,1,3370.470164234018,27,53.790442579850605,5999.999999999996,6000.0,176.87200849865118,339.1230472222222,481.70561173756425,125.55598910903862,-336.14231527777775,461.69830438681635,42568.6056020142,30159.080197455536,0.0
2025-05-03,1,25908.82419606997,3858.1110366100966,29766.935232680065,12552.014192114844,17821.4812248791,30373.49541699394,16000.000000000002,12960.0,17859.76358268006,84,1,1305.6455926193446,27,114.80796734156706,6000.0,6000.0,183.78862989126856,118.91191259920632,243.5866060546814,116.99205976087877,-49.290804662698456,166.2828644235772,30373.49541699394,17821.4812248791,0.0
2025-05-04,1,54480.105398809705,4350.19629940312,58830.301698212825,32353.70436203272,17662.31569748002,50016.02005951274,19384.74500357538,15701.643452896058,3412.532814200174,85,1,1908.57253947794,31,1315.642064563946,6000.0,5999.999999999996,212.77464814915356,206.2827306547619,323.44704640013725,146.6667689271069,107.59745704365079,39.069311883456116,50016.02005951274,17662.31569748002,0.0
2025-05-05,1,55000.8105268682,5898.8033683699,60899.6138952381,32578.715991042787,26980.419270565653,59559.13526160844,19073.41427875849,15449.465565794371,2199.6583822739813,95,1,1862.3518006100435,28,34.477112167954374,5999.999999999996,6000.0000000000055,195.94303242586744,206.97674821428566,337.4359062768284,117.25716251590137,-36.87387857142858,154.13104108732995,59559.13526160844,26980.419270565653,0.0
2025-05-06,1,53987.25844882915,5284.919969563668,59272.17841839282,32150.22903150916,23655.947143199075,55806.176174708235,19142.113210693497,15505.11170066174,2765.094541694395,96,1,1668.6436605859806,21,53.277014328953044,6000.0000000000055,5999.999999999998,196.17877103292116,207.58591755952378,335.4172713024193,149.40355641915625,44.41083025793651,104.99272616121971,55806.176174708235,23655.947143199075,0.0
2025-05-07,1,54691.15209318758,5209.005675980867,59900.15776916844,32360.24620017805,23972.749738844523,56332.99593902258,19518.109609325045,15809.668783553285,1123.870993396686,103,1,1346.689036096855,25,110.05944097907593,5999.999999999998,6000.000000000002,177.24141251617553,101.06620585317461,263.86986122406466,138.9656479846584,-31.248297123015806,170.21394510767416,56332.99593902258,23972.749738844523,0.0
2025-05-08,1,56061.67735522996,5188.728443067698,61250.40579829765,33750.7729205303,20194.665769002073,53945.43868953237,19879.679767341517,16102.540611546632,1646.75424250277,93,1,3266.556247314496,43,662.5096876525099,6000.000000000002,6000.000000000002,150.9409995887617,185.20701835317453,284.81177856543616,74.78532214655456,-72.79693621031743,147.582258356872,53945.43868953237,20194.665769002073,0.0
2025-05-09,1,26764.932269923673,1914.5292774914005,28679.461547415074,13249.77621161774,8977.961041361661,22227.7372529794,15999.999999999996,12960.000000000002,17140.075697415075,62,1,238.05074912770533,9,210.4083562216836,6000.000000000002,6000.000000000003,134.36925723943946,119.8389992063492,202.87343614502853,54.8073829577358,2.6945069444444822,52.112876013291306,22227.7372529794,8977.961041361661,0.0
2025-05-10,1,26688.68002528434,3825.095286818755,30513.775312103095,13195.18774380194,16483.673799416418,29678.861543218358,16000.0,12960.000000000002,15352.730028769762,77,1,2114.752072042374,27,233.9911250117496,6000.000000000003,6000.000000000002,161.18843189317673,205.10610466269839,299.26427126673946,62.55576470889826,-163.235360813492,225.79112552239027,29678.861543218358,16483.673799416418,0.0
2025-05-11,1,56376.62399410218,4625.363454910424,61001.9874490126,33546.55776101193,19405.13453004925,52951.692291061176,19929.56032003886,16142.943859231475,1731.2919048718795,97,1,2490.741949601453,36,911.8482536771737,6000.000000000002,6000.000000000001,161.22565752264552,165.77106458333336,264.86063999092926,92.0248992079552,-28.561415376984144,120.58631458493932,52951.692291061176,19405.13453004925,0.0
2025-05-12,1,57311.74272760106,3569.2540937670406,60880.9968213681,34008.250238785666,13199.889167617423,47208.13940640309,19725.401886099306,15977.575527740435,5201.975229675895,73,1,1863.1080399601453,24,2809.0872073299115,6000.000000000001,6000.000000000004,130.76147146006062,290.7286293650793,365.46788847678897,61.05844751173423,129.08849484126986,-68.03004732953565,47208.13940640309,13199.889167617423,0.0
2025-05-13,1,56679.083452040155,2111.8270966950577,58790.91054873521,33699.42781768279,9508.437772557389,43207.86559024017,19494.094691542534,15790.216700149454,1957.8197906754622,66,1,732.6675990844662,19,531.859951961724,6000.000000000004,6000.000000000003,131.9151219222925,93.02661626984127,169.568620307105,60.38535779049904,53.96838670634924,6.416971084149803,43207.86559024017,9508.437772557389,0.0
2025-05-14,1,57134.37034990999,2324.325098167056,59458.695448077044,33930.26958152545,9969.91195860025,43900.181540125704,19368.541433158727,15688.518560858573,2764.523792443552,72,1,650.7495376149141,21,882.6762498646426,6000.000000000003,6000.0,128.13125569921488,128.95639216269834,212.03537044210864,59.845539028161824,78.1871512896825,-18.34161226152068,43900.181540125704,9969.91195860025,0.0
2025-05-15,1,57188.07282479738,2344.4539193324313,59532.52674412981,34318.86111853802,9193.263928038594,43512.12504657661,19207.15208456371,15557.793188496607,3118.109564729378,66,1,454.5271855347511,15,893.1146104384029,6000.0,6000.000000000001,121.13016181378036,144.48050644841265,227.6068118359087,6.084106144174884,38.3197580357143,-32.235651891539405,43512.12504657661,9193.263928038594,0.0
2025-05-16,1,26611.713260336885,1537.8221427828857,28149.53540311977,13313.92373858205,5959.799264492147,19273.7230030742,16000.0,12960.0,22394.028869786438,54,1,373.49498657154186,10,622.8007141550574,6000.000000000001,6000.0,136.49670123042503,243.93733065476195,319.5088458499787,47.64025880653166,238.99725942460321,-191.35700061807154,19273.7230030742,5959.799264492147,0.0
2025-05-17,1,26702.812225398076,3575.1495650085553,30277.961790406633,13333.138813856189,15758.399381243988,29091.538195100176,15999.999999999998,12960.0,16789.1627070733,80,1,1942.4055496597307,25,467.8666776267547,6000.0,6000.0,132.8774114019937,190.2206196428572,266.7828564173153,59.2675620901326,-95.47980416666664,154.7473662567992,29091.538195100176,15758.399381243988,0.0
2025-05-18,1,55531.16750827651,3618.415075636835,59149.58258391334,33466.968106620065,12833.136591941698,46300.104698561765,18167.203574263578,14715.434895153498,2021.6458048032603,86,1,1690.2606205393588,29,177.75184436579946,6000.0,5999.999999999996,118.4558574628789,161.8474966269842,235.00253668500397,48.4163753720338,-18.115677579365137,66.53205295139894,46300.104698561765,12833.136591941698,0.0
2025-05-19,1,55446.70672134767,1586.9976768324786,57033.70439818015,33249.37416191229,7825.79265110984,41075.16681302213,18307.087465930606,14828.740847403791,6040.1412296533335,58,1,447.44934359314175,16,347.15852932528594,5999.999999999996,6000.000000000003,123.86554894887487,241.52595138888884,317.7974544369089,17.00488966421038,202.55253769841266,-185.54764803420227,41075.16681302213,7825.79265110984,0.0
2025-05-20,1,54802.27951062533,4477.783810768338,59280.06332139367,32930.29018507812,17410.551960858094,50340.842145936214,18503.215854915,14987.604842481152,1237.0574922931564,86,1,2835.3392121096776,35,395.4654216381847,6000.000000000003,6000.0000000000055,112.43354319208672,162.41273759920645,238.1183876275623,36.578736781703974,-98.4515264880953,135.03026326979926,50340.842145936214,17410.551960858094,0.0
2025-05-21,1,55232.1632039088,3205.8267096807867,58437.98991358958,33188.227574120625,13665.942434515555,46854.17000863618,18368.533931311846,14878.512484362602,3585.3531833070106,75,1,1280.9563316423214,24,971.0987980439136,6000.0000000000055,6000.000000000006,112.54155810879722,221.6860895833333,282.96582887449154,18.484915880653425,34.29851894841274,-15.81360306775932,46854.17000863618,13665.942434515555,0.0
2025-05-22,1,54854.159173172426,1646.7869065158955,56500.94607968832,33292.823868890766,6676.894644887246,39969.71851377801,18142.139480665897,14695.132979339385,2237.3087616951443,68,1,683.9541269518545,21,317.629241707554,6000.000000000006,6000.0,111.92535966821293,95.62563333333333,161.83731950879334,1.3941135738805883,25.999190873015955,-24.60507729913536,39969.71851377801,6676.894644887246,0.0
2025-05-23,1,26597.296236949413,2239.4850171009343,28836.781254050347,13395.035418397089,8913.893794467731,22308.92921286482,16000.000000000002,12959.999999999998,19375.83237071701,72,1,1380.7711738828407,24,170.92092997010857,6000.0,6000.000000000004,112.39633630823135,110.1366942460317,171.6966505964522,33.32951386777876,-0.9894613095238279,34.318975177302576,22308.92921286482,8913.893794467731,0.0
2025-05-24,1,27002.250864778256,1133.7352539460082,28135.986118724264,13662.963359146488,4453.748986522519,18116.71234566901,16000.000000000002,12960.000000000002,21341.48473539093,46,1,307.1687102250295,8,484.9755666882855,6000.000000000004,6000.000000000002,113.65086774493346,201.43875684523815,283.18643946517085,3.9845037946332047,118.30559375,-114.32108995536676,18116.71234566901,4453.748986522519,0.0
2025-05-25,1,54672.923322243136,1268.6877799221713,55941.611102165305,33159.76293240041,5678.237872711562,38838.000805111966,18115.231120911198,14673.337207938073,3954.7070058588483,50,1,236.26288373000324,12,898.9418490929249,6000.000000000002,5999.999999999997,125.43646411644073,141.34951180555555,217.6414494075425,4.812362907400313,116.7298306547619,-111.91746774736157,38838.000805111966,5678.237872711562,0.0
2025-05-26,1,53668.40399401421,5688.370944929785,59356.77493894399,32668.130052598306,21257.176008315993,53925.3060609143,17814.92410879623,14430.08852812494,1392.106408272703,82,1,3728.0139182636813,30,141.69818413701051,5999.999999999997,6000.0000000000055,114.35584875970511,236.90937063492058,295.01988971677036,-22.063406012304043,-201.07442837301582,179.01102236071176,53925.3060609143,21257.176008315993,0.0
2025-05-27,1,54955.65457133128,1762.8061746009832,56718.460745932265,33346.49011600448,7213.582283980694,40560.072399985176,18070.549730076797,14637.145281362205,3894.6889972176764,64,1,827.3931069774217,18,673.4582078487763,6000.0000000000055,6000.000000000004,111.7597866660087,141.29756041666664,235.7289654924442,-1.0499004463304875,87.77855049603174,-88.82845094236222,40560.072399985176,7213.582283980694,0.0
2025-05-28,1,54355.91354563877,4309.721809888523,58665.63535552729,33058.697494852815,15396.04149246456,48454.738987317374,17882.674072188318,14484.965998472542,2994.103181811513,78,1,2812.573100564926,27,88.11200257646664,6000.000000000004,6000.000000000001,106.87774266953987,244.1155978174603,304.32604132083486,-11.007195258696123,-65.82463809523817,54.817442836542064,48454.738987317374,15396.04149246456,0.0
2025-05-29,1,54322.303098817494,4594.2377331058615,58916.540831923354,33026.82080353901,18975.39295689379,52002.2137604328,18160.66433151071,14710.138108523677,1355.8911089363246,96,1,2396.738940263756,34,180.49006876562655,6000.000000000001,5999.999999999998,112.14485896472124,173.8829081349206,247.92203508509112,21.729009538810107,-113.2020998015873,134.9311093403974,52002.2137604328,18975.39295689379,0.0
2025-05-30,1,26745.829818646253,2779.844284702875,29525.674103349127,13488.120049276902,11277.792111314908,24765.91216059181,16000.0,12959.999999999998,19889.440836682457,59,1,1780.1873234983934,24,312.7134289774969,5999.999999999998,6000.0,116.42298785448742,187.9815044642857,251.82774696662779,-4.852081393659146,-27.538637996031746,22.686556602372598,24765.91216059181,11277.792111314908,0.0
2025-05-31,1,27173.67388850695,2906.1079564247193,30079.78184493167,13795.386437229801,11996.986488833458,25792.372926063257,15999.999999999996,12959.999999999996,18650.600294931668,64,1,1805.728926193297,18,280.84303627450925,6000.0,6000.000000000003,133.8390798197131,166.23703561507935,257.7204996455126,-3.930116546584958,-92.07100109126978,88.14088454468481,25792.372926063257,11996.986488833458,0.0
2025-06-01,1,56158.21424318721,18770.506812590007,74928.72105577722,33983.45443780694,73625.4760211446,107608.93045895154,18717.95457102171,15161.543202527588,147.4833872831012,134,1,11276.667728473674,48,110.27031634989572,6000.000000000003,6000.0,339.96906169890786,460.02775605158723,788.2495916613794,320.7469053203274,-455.21240406746034,775.9593093877877,107608.93045895154,73625.4760211446,0.0
2025-06-02,1,57716.286019418636,15450.393210625463,73166.6792300441,34673.348129327875,63582.05744399821,98255.40557332608,18957.15602427266,15355.296379660856,924.012135432293,128,1,5277.139016238039,34,0.0,6000.0,6000.000000000002,358.1574594050205,353.1679581349206,682.2668894190732,338.5243328949535,-266.74154523809517,605.2658781330488,98255.40557332608,63582.05744399821,0.0
2025-06-03,1,58849.608060966755,13000.759496144234,71850.36755711099,35432.89401317888,53418.959583694406,88851.85359687329,18905.527427753652,15313.477216480458,65.95051250446454,140,1,4868.242223717408,46,7.713928085462044,6000.000000000002,6000.0,352.1709487706717,225.38455505952382,544.4462503603625,322.81368790959345,-216.13668640873016,538.9503743183237,88851.85359687329,53418.959583694406,0.0
2025-06-04,1,60459.200568788234,13017.707680497437,73476.90824928567,36231.26356652632,49282.66801217051,85513.93157869684,19332.11878904748,15659.016219128456,158.544862699979,134,1,6181.566230023689,44,127.80459005978196,6000.0,6000.000000000002,367.4192164193754,201.5239125,549.0105226332257,342.5352735590211,-193.26317718253966,535.7984507415608,85513.93157869684,49282.66801217051,0.0
2025-06-05,1,61543.785411240635,13408.123563618337,74951.90897485898,36906.58520816019,51769.98792299135,88676.57313115154,19709.697084205127,15964.854638206154,57.748512193333006,139,1,4593.46074827703,42,40.84670203598205,6000.000000000002,6000.000000000004,365.59318825092123,224.36372678571425,561.0780031588197,348.94042337286726,-207.32520376984127,556.2656271427086,88676.57313115154,51769.98792299135,0.0
2025-06-06,1,27387.455009540725,14429.919236504804,41817.374246045525,13972.832615439489,58158.001272875146,72130.83388831464,15999.999999999998,12960.000000000002,7922.378846045533,116,1,6936.988496282404,31,0.0,6000.000000000004,6000.000000000005,370.1701080671251,379.259081547619,716.1662378010657,336.1575139242555,-379.2102825396825,715.367796463938,72130.83388831464,58158.001272875146,0.0
2025-06-07,1,28051.796363249854,11405.288789791892,39457.08515304174,14393.518195932327,44930.03285475775,59323.55105069008,15999.999999999998,12960.000000000007,5290.57198637509,117,1,5400.242302212698,33,52.10446752862214,6000.000000000005,5999.999999999998,361.13067363523714,280.0228049603175,629.6937364556114,346.8102368941089,-277.4938509920635,624.3040878861725,59323.55105069008,44930.03285475775,0.0
2025-06-08,1,71084.62019517539,3771.360455783659,74855.98065095904,42951.21657296641,14909.683976126651,57860.90054909306,21816.213569070147,17671.132990946815,5525.976806169046,83,1,902.539091898371,19,3751.77222708251,5999.999999999998,6000.000000000003,237.09580661490554,288.3201671626984,387.3890525813627,195.35750375378353,268.4665183531746,-73.10901459939107,57860.90054909306,14909.683976126651,0.0
2025-06-09,1,69674.90948140294,6732.684952348058,76407.594433751,42066.51709709581,27181.11973399855,69247.63683109437,21462.948144806014,17384.987997292876,1396.9215529045186,116,1,1554.058519773279,26,755.670236151374,6000.000000000003,6000.0,245.25144476850042,147.35522638888895,338.733604385524,211.1642398577666,-11.159235119047578,222.32347497681417,69247.63683109437,27181.11973399855,0.0
2025-06-10,1,70258.75125052055,6753.2327679281125,77011.98401844867,42464.10387145353,25953.189043060116,68417.29291451364,21713.427422419118,17587.876212159495,1267.9885748557126,113,1,1714.4251940236506,28,715.3394076476216,6000.0,6000.000000000001,224.2822424274576,149.36188045634916,334.21755594932597,170.48939425500078,-58.06244712301587,228.5518413780167,68417.29291451364,25953.189043060116,0.0
2025-06-11,1,71003.76997668206,9598.528214899521,80602.29819158158,42763.39584498275,41666.415020742264,84429.81086572501,21707.885994981465,17583.38765593499,393.3535358684418,121,1,2379.8095736187106,27,0.0,6000.000000000001,6000.000000000002,232.24504702236047,205.50162609126983,416.3284062819984,197.996678392168,-185.55226656746032,383.5489449596283,84429.81086572501,41666.415020742264,0.0
2025-06-12,1,71950.14236794991,5858.383857170121,77808.52622512003,43590.70868427367,24079.492122235537,67670.20080650921,22312.69943097579,18073.286539090386,1116.7218999013005,106,1,1418.7074824572796,23,565.8608444842349,6000.000000000002,6000.000000000005,218.88028645216497,101.2185152777778,290.6294065446425,182.03296746556592,-15.536280753968311,197.5692482195342,67670.20080650921,24079.492122235537,0.0
2025-06-13,1,30923.469364714336,4511.755477751778,35435.224842466116,16692.893821895257,18506.390277228646,35199.284099123906,15999.999999999996,12960.000000000004,4049.911142466121,100,1,1214.6432858289663,20,55.964769273212426,6000.000000000005,6000.0,203.62400467194155,194.75943065476193,333.8308894633693,166.02185728028923,-75.29123819444447,241.31309547473373,35199.284099123906,18506.390277228646,0.0
2025-06-14,1,31196.09480910646,5461.665469587166,36657.760278693626,16828.615611658897,19894.656929624547,36723.27254128345,16000.000000000002,12959.999999999998,7424.417528693622,97,1,2179.3125400315826,32,407.3840886488823,6000.0,6000.000000000002,223.03760761585966,144.73450803571424,315.0584451325049,171.51137895419367,19.69034851190482,151.82103044228884,36723.27254128345,19894.656929624547,0.0
2025-06-15,1,73781.55707408939,3171.6206134209438,76953.17768751034,45004.878023290075,12909.206170320254,57914.08419361033,22349.14640304245,18102.808586464384,2079.8655375989288,74,1,1163.82980712876,21,830.725606588272,6000.000000000002,6000.0,144.3355109748542,154.98966636904763,218.8119229591613,69.61527984575848,24.12548501984127,45.489794825917215,57914.08419361033,12909.206170320254,0.0
2025-06-16,1,74347.09292124327,4085.9012321621294,78432.9941534054,45417.685507729366,16261.326792196767,61679.01229992613,22372.670623572652,18121.863205093847,1488.1339182599208,106,1,1049.200579041416,20,362.2347252166628,6000.0,6000.0,160.72050870070623,112.81947916666664,232.2514646009187,94.38243450783015,-13.857870238095272,108.24030474592541,61679.01229992613,16261.326792196767,0.0
2025-06-17,1,74549.14597970748,5711.265098292073,80260.41107799955,45525.68857681128,22917.898564838582,68443.58714164986,22360.634758370463,18112.114154280076,1374.8792572424927,100,1,1436.1502632132053,25,875.9833481773906,6000.0,6000.0,150.8161455972826,183.69316448412698,295.2560148139402,86.8430001230976,-93.83974325396827,180.68274337706583,68443.58714164986,22917.898564838582,0.0
2025-06-18,1,75422.42613897465,2653.8360700289522,78076.2622090036,46061.92418518761,10621.50262727952,56683.42681246713,22465.581301168328,18197.120853946348,2879.4108617816214,73,1,709.8422608933512,17,1820.37535733085,6000.0,6000.0,144.18027669265692,123.3588311507936,230.55195549210723,53.08819161348004,62.48714126984126,-9.398949656361221,56683.42681246713,10621.50262727952,0.0
2025-06-19,1,74672.45684080147,2513.159232914108,77185.61607371559,45670.54587095592,10707.716468308543,56378.26233926446,22456.314466120228,18189.614717557386,4659.412125152741,68,1,218.32208778034766,9,1518.3308723563227,6000.0,6000.000000000002,153.39431037609117,217.9586337301588,298.8571399194521,79.8079479424379,169.2351517857143,-89.4272038432764,56378.26233926446,10707.716468308543,0.0
2025-06-20,1,32078.49172349369,1862.940223163763,33941.43194665745,17709.361960214217,6708.4943586779955,24417.85631889221,16000.000000000002,12960.000000000002,8500.851096657452,53,1,388.4648584212209,8,757.946426418889,6000.000000000002,6000.000000000002,144.15192157685226,156.1202538690476,234.11949530839735,56.39148542571402,131.78522331349205,-75.39373788777804,24417.85631889221,6708.4943586779955,0.0
2025-06-21,1,32415.681100900492,1515.022077884309,33930.7031787848,17835.917727733216,5538.380800056227,23374.298527789444,15999.999999999998,12960.000000000002,11555.962778784804,55,1,189.66939923580208,8,392.9367274397,6000.000000000002,5999.999999999997,141.25640889069837,286.2827227182539,337.6572296046941,57.28347018988255,239.91353621031737,-182.63006602043484,23374.298527789444,5538.380800056227,0.0
2025-06-22,1,73872.82579820577,2069.6443182683834,75942.47011647416,45234.21254090752,7599.655565326562,52833.868106234084,22182.0323584731,17967.446210363203,4270.542868364254,53,1,594.8980608839512,18,1971.0410169213967,5999.999999999997,6000.0,120.91871443638405,185.76511884920635,264.17446610969324,-12.218755261931099,79.48535099206349,-91.70410625399458,52833.868106234084,7599.655565326562,0.0
2025-06-23,1,73393.04445204699,1747.482924573725,75140.52737662071,44951.927879926356,7580.633744957187,52532.56162488354,21860.66424668915,17707.13803981821,3925.7151697497748,61,1,132.99104769048608,7,893.6533192788509,6000.0,6000.0,135.15278103615617,141.32826845238094,236.3832539301458,-2.3930566442402132,88.36662023809521,-90.75967688233543,52532.56162488354,7580.633744957187,0.0
2025-06-24,1,72435.61193518343,8794.135198143558,81229.747133327,44385.55629128227,35653.6082008304,80039.16449211267,21642.931699715427,17530.7746767695,848.797860381064,108,1,3821.524726958435,28,185.36757732784338,6000.0,6000.0,140.79027144525605,308.41016964285717,401.78887743852596,25.352413478199196,-305.70330892857146,331.05572240677066,80039.16449211267,35653.6082008304,0.0
2025-06-25,1,72873.92952799927,3855.201699838327,76729.1312278376,44532.108967689244,14580.780368990156,59112.8893366794,21831.916062270284,17683.852010438928,2143.6458093395713,75,1,2202.8884089372677,24,448.5281175192213,6000.0,6000.0,140.70132910607765,180.37515248015868,249.9519795490791,-13.952583034774095,-85.26741180555551,71.31482877078145,59112.8893366794,14580.780368990156,0.0
2025-06-26,1,73036.08244226249,2468.5535986633613,75504.63604092585,44788.98255040452,10350.47657353097,55139.45912393549,22155.661682806356,17946.085963073147,3747.676487859302,71,1,698.5416226195193,17,1050.7735465173982,6000.0,6000.0,129.61447000318017,178.83584861111115,259.0095869384443,-1.3783523276086653,51.918434722222216,-53.2967870498309,55139.45912393549,10350.47657353097,0.0
2025-06-27,1,32210.527566914818,994.2039781804008,33204.731545095216,17872.96295120973,3793.9664030260956,21666.929354235825,15999.999999999998,12959.999999999998,10393.085678428553,48,1,101.52232839095416,5,249.48789610287082,6000.0,6000.000000000002,134.756112493146,135.28403849206344,227.92322393269944,-50.406211828036476,78.28947261904763,-128.6956844470841,21666.929354235825,3793.9664030260956,0.0
2025-06-28,1,32673.81789609911,1688.567003366985,34362.384899466095,17971.56422146513,6348.165493834524,24319.729715299654,15999.999999999998,12960.000000000002,9545.458782799431,50,1,673.3268043755756,12,513.4672038125311,6000.000000000002,6000.000000000002,122.23103605490854,180.35407609126983,258.41782994786286,-17.523543111758002,34.21895228174604,-51.742495393504036,24319.729715299654,6348.165493834524,0.0
2025-06-29,1,74001.20601452404,2949.389961462978,76950.59597598702,45334.83520217344,9880.167845887623,55215.003048061066,22498.887319485762,18224.09872878347,3408.038851951381,66,1,1544.5689133814612,19,1523.6796320201895,6000.000000000002,6000.0,134.4699482467539,164.45137321428578,264.8928672255983,-39.56146448463592,-20.45109404761908,-19.11037043701684,55215.003048061066,9880.167845887623,0.0
2025-06-30,1,74358.75702996083,2916.229990715885,77274.98702067672,45678.40420198713,10758.277035484125,56436.68123747125,22444.650601613273,18180.16698730675,3132.819423036865,69,1,1063.5546021046007,17,1559.6901462025082,6000.0,6000.0,155.3396346553274,154.31151061507936,252.04372557303122,-61.42056116813602,-52.39600148809523,-9.024559680040786,56436.68123747125,10758.277035484125,0.0
2025-07-01,1,74708.27744863006,9324.647565774636,84032.9250144047,45879.28705792484,33056.263856788624,78935.55091471347,21948.157940793484,17778.007932042725,996.2309723206045,117,1,2146.710851063111,26,564.9498211907569,6000.0,6000.0,591.383881601746,245.1369900793651,430.0366057539684,591.256139409791,244.23878134920636,347.0173580605846,78935.55091471347,33056.263856788624,0.0
2025-07-02,1,72811.86424967494,8588.05039196793,81399.91464164287,44503.832761994505,30787.677198933256,75291.50996092777,21952.41154839418,17781.453354199286,4324.190080781306,92,1,1423.01745393285,15,2362.475563634313,6000.0,6000.0,585.3451005653156,408.27237728174606,538.0100196978848,585.3451005653156,407.68425426587305,177.66084629944268,75291.50996092777,30787.677198933256,0.0
2025-07-03,1,71098.34228037993,13187.379316352724,84285.72159673266,43645.78435829389,49002.42951718614,92648.21387548003,21412.761311431022,17344.33666225913,456.8780142274353,131,1,3549.13159166808,32,389.651981219332,6000.0,6000.0,597.0788980677286,122.50637490079372,568.5107221075066,593.8223452274426,63.38479097222216,530.4375542552203,92648.21387548003,49002.42951718614,0.0
2025-07-04,1,32310.225614437986,10665.878703617023,42976.10431805501,17898.929416232746,39879.521942777224,57778.45135900997,16000.000000000004,12960.0,11055.23685138834,109,1,2167.4908602795513,22,64.88514416840565,6000.0,6000.000000000003,622.7191606146096,261.80446924603166,562.7288162992548,621.4868420529567,260.45914761904754,361.0276944339091,57778.45135900997,39879.521942777224,0.0
2025-07-05,1,32580.868232154604,10757.71245064106,43338.58068279566,17835.301692967358,40308.92911735077,58144.230810318135,15999.999999999996,12960.000000000002,11508.500716129,108,1,1793.9019713477287,21,17.922720376741154,6000.000000000003,5999.999999999998,598.4278431419158,238.72309226190475,528.6840475261861,598.3000569200444,225.08597738095233,373.21407953909215,58144.230810318135,40308.92911735077,0.0
2025-07-06,1,67839.548466281,15921.603849936087,83761.15231621709,41631.161855202896,63022.73250086302,104653.89435606592,20097.99827541473,16279.37860308593,148.55109388829192,135,1,5022.462415831974,38,109.06334616584786,5999.999999999998,6000.0,598.8248357678644,197.68585208333332,669.5897893260159,598.8248357678644,-58.385695734127076,657.2105315019915,104653.89435606592,63022.73250086302,0.0
2025-07-07,1,67083.07499476681,10944.897105606946,78027.97210037375,41307.22965216441,39040.54913296585,80347.77878513026,19879.067192723312,16102.044426105878,841.4665670896555,119,1,3231.1101154907615,36,603.4359863797865,6000.0,6000.000000000003,613.2672140056807,203.68396140873017,491.0984863623584,613.2672140056807,192.29094156746035,420.9762724382204,80347.77878513026,39040.54913296585,0.0
2025-07-08,1,71495.0280545294,9207.28652170587,80702.31457623527,44400.70127209356,37307.807924872686,81708.50919696625,19957.966470388634,16165.952841014794,1338.9139301947616,123,1,1669.9323701351702,22,17.03446186904273,6000.000000000003,6000.000000000002,354.5348484342788,192.25104464285707,439.4250188291929,349.7780460748675,21.929188095238075,327.8488579796295,81708.50919696625,37307.807924872686,0.0
2025-07-09,1,70721.07040589783,8261.314891294913,78982.38529719274,44055.35694913067,30788.01344535059,74843.37039448126,19879.986848346096,16102.78934716034,1146.4627793403265,124,1,2754.3104098377617,36,347.6957309270017,6000.000000000002,6000.000000000002,339.61118334841234,143.5382473214285,391.9907362764682,334.413780954457,37.96160962301594,296.4521713314411,74843.37039448126,30788.01344535059,0.0
2025-07-10,1,71327.188151819,6562.212925930108,77889.40107774912,44600.313416289406,24507.405290288996,69107.71870657841,20339.051258798318,16474.63151962664,1171.3579552441097,111,1,1406.8967054057882,23,169.77606671272537,6000.000000000002,6000.0,336.05524224020724,124.95849880952385,322.2321200489257,317.9822590960435,93.36330198412698,224.61895711191653,69107.71870657841,24507.405290288996,0.0
2025-07-11,1,35841.04710064482,8142.806719211178,43983.853819856,20410.464448480525,28452.18669933483,48862.651147815355,16000.0,12959.999999999998,8425.076669855995,111,1,2587.1372532156497,23,0.0,6000.0,6000.000000000004,343.42659778040985,266.9010788690477,530.6433899961385,339.5929414862703,-165.67272470238103,505.2656661886514,48862.651147815355,28452.18669933483,0.0
2025-07-12,1,36211.69993044385,7164.199016942081,43375.89894738593,20495.511211741832,27263.26520696973,47758.77641871156,16000.000000000002,12960.000000000002,9251.655614052599,111,1,1838.448286654259,23,7.551799578891973,6000.000000000004,6000.0000000000055,348.26785726712956,114.13981369047626,423.582779951662,345.4848251954754,-53.919137499999984,399.40396269547534,47758.77641871156,27263.26520696973,0.0
2025-07-13,1,71118.49649592687,5219.929487296263,76338.42598322313,44268.80210072918,20348.81921845982,64617.621319189,20133.083085179216,16307.797298995169,3245.4197970390824,100,1,981.7998569539233,17,349.97844045269153,6000.0000000000055,6000.0,318.5931994774533,241.59051398809527,352.72288684730603,311.6214768757952,229.35023978174604,82.27123709404917,64617.621319189,20348.81921845982,0.0
2025-07-14,1,69812.07807050273,6905.253928045047,76717.33199854777,43449.56182496333,27629.9532363309,71079.51506129424,19938.7387788215,16150.378410845411,1121.2924139050251,117,1,2071.216394213526,35,799.9527338973173,6000.0,6000.0,373.0234140547552,142.86248194444443,334.4394309145863,358.6143158669454,117.61591944444444,240.99839642250097,71079.51506129424,27629.9532363309,0.0
2025-07-15,1,74035.81870103069,5533.533658672199,79569.35235970288,46345.86131540885,18850.422955969654,65196.28427137851,20584.268433665624,16673.25743126915,2909.290773973078,85,1,3362.8189542261216,27,1690.0243522991746,6000.0,6000.0,193.2655626524324,238.68253253968254,351.7843513602199,117.55902753706651,8.215574007936526,109.34345352913,65196.28427137851,18850.422955969654,0.0
2025-07-16,1,73181.74291838025,5019.82780717576,78201.57072555601,45742.52220793629,17961.33931141935,63703.86151935563,19956.393531835973,16164.678760787134,2275.2925711738367,95,1,1586.9997591854208,28,991.5318621181352,6000.0,6000.0,224.87236860277682,146.55487688492065,303.9633490978998,175.90369286912778,61.548058035714284,114.35563483341349,63703.86151935563,17961.33931141935,0.0
2025-07-17,1,73100.5036902598,4962.70859770459,78063.21228796439,45907.10989204739,20165.683008996675,66072.79290104406,19829.01844524354,16061.504940647266,1575.2827167014436,105,1,837.4103092812983,25,275.64428222228463,6000.0,6000.000000000002,186.57924883509895,125.88361101190478,272.416304766918,134.99774633148024,-6.144998710317503,141.14274504179778,66072.79290104406,20165.683008996675,0.0
2025-07-18,1,38450.49814595811,4474.237068074749,42924.73521403286,22162.49662717287,16974.759652407047,39137.25627957992,16000.000000000002,12960.0,8610.48711403286,97,1,2156.727666053805,28,244.64062754779758,6000.000000000002,6000.0,182.95977738874637,208.23227371031746,377.2982158212391,143.4986790660505,-185.9857794642857,329.4844585303362,39137.25627957992,16974.759652407047,0.0
2025-07-19,1,38509.08584641024,3625.4719346051193,42134.55778101536,22134.070061139533,14195.2568014327,36329.326862572234,16000.0,12959.999999999998,11911.73873101536,89,1,622.73558209821,18,336.3386133955593,6000.0,6000.0,210.41635727288687,123.46004573412701,268.74530935293035,158.82752353599165,19.392993749999995,139.43452978599169,36329.326862572234,14195.2568014327,0.0
2025-07-20,1,72206.76658966695,4654.520903504225,76861.28749317117,45385.90722657906,16974.082778157845,62359.9900047369,19617.818982528795,15890.433375848323,1043.9236698240347,106,1,1947.650886230333,33,328.81190308593125,6000.0,6000.000000000002,185.74314997231008,113.3139339285714,237.43519055534418,121.0513595382618,-29.390191865079416,150.44155140334124,62359.9900047369,16974.082778157845,0.0
2025-07-21,1,73255.42741826957,5494.7521965832,78750.17961485276,45902.52490918043,20575.387804794384,66477.91271397482,19699.411183180368,15956.523058376102,1017.5421400485029,100,1,1744.543992087306,23,124.8004568909443,6000.000000000002,6000.0,181.8513687384854,156.5124146825397,271.3455973596543,88.78317259370768,-97.76724642857135,186.55041902227902,66477.91271397482,20575.387804794384,0.0
2025-07-22,1,76492.44300346766,3641.863532953587,80134.30653642125,47994.94451095784,14028.807239308915,62023.75175026675,20401.121263052573,16524.908223072583,2462.948879774592,87,1,2080.825256858986,31,638.7472829084647,6000.0,6000.0,147.75945673718036,178.83584632936513,254.36718386367406,32.71241203722004,-16.40903184523805,49.12144388245809,62023.75175026675,14028.807239308915,0.0
2025-07-23,1,76612.35911299032,3411.8300979442834,80024.18921093461,48041.72034478838,13840.907910857826,61882.62825564621,20455.47369314467,16568.933691447182,1921.1020925704488,91,1,854.3201561530663,23,482.50244625702635,6000.0,6000.000000000002,138.9539196168904,158.19245833333335,222.20550793811384,31.852279192163692,-30.261387698412722,62.11366689057642,61882.62825564621,13840.907910857826,0.0
2025-07-24,1,76906.01217855704,3796.8496098875826,80702.86178844461,48340.45169154771,14541.780183142382,62882.23187469009,20937.228880777264,16959.155393429584,3108.316301096946,81,1,2097.0404433017507,27,1770.2813887297195,6000.000000000002,6000.0,142.63275904367896,201.90418859126981,287.71524629102197,18.44552606072098,-10.243361805555512,28.688887866276485,62882.23187469009,14541.780183142382,0.0
2025-07-25,1,40179.22046242645,1215.264462530786,41394.484924957236,23403.25228934845,4741.141139112405,28144.393428460855,15999.999999999998,12959.999999999998,11849.165358290566,48,1,104.77188324215615,6,372.9604519316449,6000.0,6000.0,135.19001997110365,107.85718660714286,198.01238967227835,-5.1290440290935555,22.55080426587307,-27.679848294966632,28144.393428460855,4741.141139112405,0.0
2025-07-26,1,40557.7966083714,2254.6570581439287,42812.45366651533,23668.582105225443,7595.685936466534,31264.26804169198,16000.000000000004,12960.000000000002,11303.362099848659,62,1,1078.7445031677098,17,173.11607639915024,6000.0,5999.999999999997,146.42832238507265,142.75952192460318,240.3643460648409,1.8493857700576006,-44.96197708333342,46.811362853391024,31264.26804169198,7595.685936466534,0.0
2025-07-27,1,76346.57773237738,3490.623666652571,79837.20139902995,47927.38782529281,14337.703503034794,62265.09132832761,20470.89936213412,16581.428483328633,2262.5407202244605,82,1,504.41626662342924,16,165.8770849359874,5999.999999999997,6000.000000000002,139.71129414232135,145.15819930555563,239.715182786543,9.826965922599777,-41.3431568452381,51.17012276783787,62265.09132832761,14337.703503034794,0.0
2025-07-28,1,76935.34244956546,6078.203465240732,83013.5459148062,48219.58593559839,23419.613624764228,71639.19956036261,20884.234443143567,16916.22989894629,1090.66413727558,95,1,2957.3423961611516,30,369.0613515434358,6000.000000000002,6000.0,153.98553203135293,212.05195178571432,298.70281677151297,6.824297792198725,-200.98984087301585,207.8141386652146,71639.19956036261,23419.613624764228,0.0
2025-07-29,1,79752.83806073491,3513.1762595858513,83266.01432032076,49991.79200722923,12751.91607551065,62743.708082739875,21646.63442318016,17533.773882775928,3083.9078299165267,57,1,2598.0634573543525,24,729.8557124255053,6000.0,6000.0,160.01104145200023,169.97166934523804,274.8785037292658,-76.08820977568296,-93.97439434523812,17.886184569555194,62743.708082739875,12751.91607551065,0.0
2025-07-30,1,80252.30724798035,1843.818628268759,82096.1258762491,50259.7353665548,7849.318554356403,58109.0539209112,21560.373352560197,17463.90241557376,3896.4008892626807,57,1,354.9291118258049,11,1404.6091127892755,6000.0,6000.0,146.7799931062749,168.85962063492062,239.17581323047665,-72.33500313665152,13.189257738095218,-85.52426087474674,58109.0539209112,7849.318554356403,0.0
2025-07-31,1,79959.41817834837,1918.4417520933234,81877.85993044169,50051.29153503649,8246.32781808316,58297.619353119655,21497.045722239407,17412.60703501392,3098.424976549543,61,1,567.6935768794767,18,695.159173121462,6000.0,6000.0,172.15982084731533,112.87494732142851,209.0361136934528,-96.91227175313621,-47.746304067460365,-49.16596768567584,58297.619353119655,8246.32781808316,0.0
2025-08-01,1,41339.51185039573,759.3343259865034,42098.846176382234,24193.184963911634,2467.474515590442,26660.659479502076,16000.0,12960.0,17807.486509715563,33,1,52.02252467429935,1,1140.018654702686,6000.0,6000.000000000001,151.93273413579638,333.0072823412698,433.8305640036831,-38.92009715560144,331.6326063492063,-370.55270350480777,26660.659479502076,2467.474515590442,0.0
2025-08-02,1,41562.008689082206,386.32923031037996,41948.33791939259,24386.090802007857,1569.4735927127983,25955.564394720655,16000.0,12960.0,17981.312986059253,21,1,5.160392038426153,1,690.6205364831825,6000.000000000001,6000.0,166.99611110151548,270.19717063492067,412.548596984213,-115.9046457135257,263.4870089285714,-379.39165464209714,25955.564394720655,1569.4735927127983,0.0
2025-08-03,1,77968.05285293217,818.7088918400931,78786.76174477227,48865.40154012732,3238.6687201318755,52104.0702602592,21411.983944283485,17343.706994869626,11879.004812025072,35,1,168.7460446280534,6,3622.236151736129,6000.0,6000.0,138.51250887781273,421.4770363095238,529.0714043277153,-41.41884925373929,419.4268140873016,-460.8456633410408,52104.0702602592,3238.6687201318755,0.0
2025-08-04,1,76491.17269407529,524.9877901819801,77016.16048425727,48035.941929106506,1804.1456414798126,49840.08757058632,20589.426934563704,16677.435816996596,7688.514283356828,27,1,53.72706669956574,3,2584.010370618314,6000.0,6000.000000000002,145.51502541672147,268.5468788690476,342.22925306411696,-40.267026600539275,258.21324394841275,-298.480270548952,49840.08757058632,1804.1456414798126,0.0
2025-08-05,1,74589.31527604599,761.0524572979538,75350.36773334394,47029.84302701763,2855.4581553250973,49885.30118234273,20027.2618314405,16222.082083466808,6392.878252036914,36,1,239.49100353711947,8,1794.3957518808843,6000.000000000002,6000.000000000002,182.9297140317255,157.6549968253968,298.0804462222862,-117.84009799507577,116.81931011904766,-234.65940811412344,49885.30118234273,2855.4581553250973,0.0
2025-08-06,1,73333.66874732591,2873.846842739648,76207.51559006555,46382.35466211389,11526.40662422378,57908.76128633767,19757.665097238496,16003.708728763182,4339.159954923577,55,1,1085.6547911736516,20,1588.572150861014,6000.000000000002,6000.0,181.94090673882505,193.916701984127,300.54194990263437,-110.8555308648065,-49.800817857142796,-61.0547130076637,57908.76128633767,11526.40662422378,0.0
2025-08-07,1,72044.21891988756,963.2811699086366,73007.50008979619,45692.949869345895,3433.7952866069136,49126.74515595281,19967.551807507276,16173.716964080897,5825.67999636982,39,1,216.72785675088903,8,1038.9320473643143,6000.0,5999.999999999998,173.35992232832163,146.9247150793651,282.87338192826905,-75.33537233270806,127.2645787698413,-202.59995110254937,49126.74515595281,3433.7952866069136,0.0
2025-08-08,1,40192.50232211569,628.1623064115587,40820.66462852724,23360.175724148612,2641.7952456944113,26001.970969843023,16000.000000001117,12959.999999999998,22005.49337852613,31,1,78.913499223582,3,545.4225142349553,5999.999999999998,6000.000000001009,150.51430192870768,197.28829494047625,311.38096797307287,-99.10538630110311,124.42218462301584,-223.52757092411892,26001.970969843023,2641.7952456944113,0.0
2025-08-09,1,40168.62195046156,1409.6599453781535,41578.28189583971,23398.258681539945,5449.048359151108,28847.307040691052,16000.000000000002,12960.000000000906,19616.352895840617,38,1,739.3179043248183,12,725.7313533011858,6000.000000001009,5999.999999999999,163.92009006859442,150.72163194444434,244.9280979263796,-116.54228534264354,-43.92885853174599,-72.61342681089754,28847.307040691052,5449.048359151108,0.0
2025-08-10,1,69651.19734609601,2843.366917209034,72494.56426330504,44525.10391847973,10228.582600293066,54753.686518772796,19670.34348568676,15932.978223406275,3452.5799510245683,50,1,2348.3751688699663,26,1020.2626378029054,5999.999999999999,5999.999999999996,155.23243507150056,164.6169929563492,262.3311195097334,-80.05215785739328,-54.66828144841268,-25.383876408980605,54753.686518772796,10228.582600293066,0.0
2025-08-11,1,70461.94524396828,2112.8843998524267,72574.8296438207,44851.538356505436,8948.540939693003,53800.07929619844,19724.447916035093,15976.802811988418,4265.931206440694,54,1,1092.4712812804332,22,519.1110520848595,5999.999999999996,6000.000000000002,176.94089829555412,131.9846214285714,265.7839835955467,-94.35789769514605,-4.64761408730158,-89.71028360784447,53800.07929619844,8948.540939693003,0.0
2025-08-12,1,69903.07717513453,3825.1417395108397,73728.21891464537,44478.262130404146,16003.71672678126,60481.97885718541,19721.15150671106,15974.132720435959,2220.6564783702725,72,1,2379.856507233094,35,1003.874616662906,6000.000000000002,6000.000000000002,137.24259605485364,197.58988759920632,251.90825907837967,-55.96226540882555,-122.81581795634919,66.85355254752362,60481.97885718541,16003.71672678126,0.0
2025-08-13,1,70466.81814981239,2931.0967573684516,73397.91490718084,44848.91945894453,11557.750016792574,56406.66947573711,19648.63770071853,15915.396537582012,3543.6942940443255,54,1,2282.9821291184935,26,861.7941622572507,6000.000000000002,6000.0,156.51893635072585,141.41143015873013,269.7829604755323,-69.29971958371699,-43.77482222222224,-25.524897361494748,56406.66947573711,11557.750016792574,0.0
2025-08-14,1,69775.25839018954,2700.270412685882,72475.52880287543,44377.91153805334,11888.316289737044,56266.22782779039,19682.611708228575,15942.915483665145,2809.5415949786584,75,1,662.7165057103389,22,212.78234783242152,6000.0,6000.0,161.82890006278228,144.51698323412697,229.57550031935585,-76.57839916299272,-72.02543323412702,-4.552965928865705,56266.22782779039,11888.316289737044,0.0
2025-08-15,1,39808.90795229635,1200.2009651627104,41009.10891745906,23177.729497074197,4342.439309129827,27520.168806204023,15999.999999999998,12960.0,20809.38203412573,46,1,248.7622710648019,9,392.6477151533095,6000.0,6000.0,161.6579854481949,133.01416140873022,253.58353939604365,-84.05765916787283,65.13510446428576,-149.1927636321586,27520.168806204023,4342.439309129827,0.0
2025-08-16,1,39879.20170592277,1088.5522260842606,40967.753932007035,23250.13198078179,4714.928758433823,27965.060739215613,16000.000000000005,12959.999999999998,20998.47356534036,44,1,382.2596784182135,12,431.0398311666943,6000.0,6000.000000000002,150.25825266126014,150.7206722222222,256.1775700052559,-66.78707026664672,96.33241210317466,-163.1194823698214,27965.060739215613,4714.928758433823,0.0
2025-08-17,1,70071.74425545691,1308.0657014898607,71379.80995694677,44639.10412088757,5480.196789635167,50119.30091052274,19576.14152783957,15856.674637550053,4494.949449990596,53,1,159.4031864747244,12,764.1035367604759,6000.000000000002,6000.000000000002,168.89511149109526,139.9349339285714,241.7922979783523,-91.37129725895917,41.415525595238115,-132.7868228541973,50119.30091052274,5480.196789635167,0.0
2025-08-18,1,69992.89900102023,2133.9650515819762,72126.8640526022,44483.29060409378,9712.076995143672,54195.367599237456,19863.123824045815,16089.130297477112,3958.75490936683,59,1,682.6510429116611,17,464.5486755221546,6000.000000000002,6000.0,167.69779944921473,132.55814047619046,253.86333170620026,-77.39443097913083,-1.361520238095213,-76.03291074103562,54195.367599237456,9712.076995143672,0.0
2025-08-19,1,69795.02374998393,1764.4936473812354,71559.51739736517,44436.86898019306,6938.989815904013,51375.85879609707,19809.2161898623,16045.465113788468,3478.1062712913326,54,1,675.0036883386911,16,1027.1143154766603,6000.0,6000.0,166.3715379896477,126.31251101190476,218.44166327802367,-80.73646756371429,-9.33594156746024,-71.40052599625406,51375.85879609707,6938.989815904013,0.0
2025-08-20,1,69531.96302895865,6728.835632582301,76260.79866154095,44253.35428949363,27501.859287544044,71755.21357703768,19802.196450625986,16039.77912500705,1847.6902692553508,93,1,3602.8563372746444,38,100.04265213185931,6000.0,6000.0,173.40046451698677,317.7454430555556,357.3552459099021,-95.93102414709142,-299.312080952381,203.38105680528957,71755.21357703768,27501.859287544044,0.0
2025-08-21,1,70044.42343104682,2698.7935018658504,72743.21693291266,44570.73028169357,10265.844090895669,54836.57437258924,20451.06164984347,16565.359936373206,3013.096736109073,58,1,2047.4865951628994,30,1324.5428153544633,6000.0,6000.000000000002,145.763190200739,163.48020148809528,237.99542658228853,-79.43316898632472,-66.33720089285713,-13.095968093467585,54836.57437258924,10265.844090895669,0.0
2025-08-22,1,39855.398739524,3034.217838663924,42889.61657818792,23155.497437296486,12375.80937240406,35531.306809700545,15999.999999999998,12960.000000000002,18619.04717818792,66,1,1626.8170444306593,23,453.02136645987235,6000.000000000002,6000.000000000001,152.95539358002148,159.04552063492062,254.82532802886817,-20.622183272744085,-53.84405773809523,33.22187446535114,35531.306809700545,12375.80937240406,0.0
2025-08-23,1,39871.435586976666,1242.276389051194,41113.71197602786,23224.13697644088,4659.662643081382,27883.799619522262,15999.999999999998,12960.0,15543.705826027863,48,1,513.0501565478557,12,379.1536568552247,6000.000000000001,6000.000000000001,136.30170319998243,160.65059246031748,238.3259613101505,-49.71408210400471,-121.88558472222229,72.17150261821759,27883.799619522262,4659.662643081382,0.0
2025-08-24,1,71201.76964689494,1733.2202211418835,72934.98986803682,45202.928455590845,7268.621465042496,52471.54992063334,20215.490838988837,16374.547579580958,5360.457125295616,65,1,260.7486234137967,10,529.9715553240075,6000.000000000001,6000.0,155.1462078072224,203.72968730158726,295.56988943489574,-63.14841564926279,87.98645535714275,-151.13487100640552,52471.54992063334,7268.621465042496,0.0
2025-08-25,1,71520.12984151099,4945.031679439967,76465.16152095096,45355.37651621951,18620.9890675577,63976.36558377722,20354.644773772634,16487.26226675584,1824.6919972674946,78,1,2562.8255356494287,30,476.0918735472704,6000.0,6000.0,147.46167109570328,250.612439186508,282.0718198628109,-93.32347048487725,-223.33762390873028,130.014153423853,63976.36558377722,18620.9890675577,0.0
2025-08-26,1,72114.01969304787,1426.4275233620988,73540.44721640997,45737.55214136651,5938.039584752305,51675.591726118815,20014.20180229448,16211.503459858526,4208.930490640681,53,1,192.7485660350044,8,652.4985009691119,6000.0,6000.0,164.56942182441765,143.2337523809524,234.80658391678247,-81.6034375254965,34.33418611111109,-115.93762363660757,51675.591726118815,5938.039584752305,0.0
2025-08-27,1,72348.66723222205,2303.9570754309816,74652.62430765304,45939.36630369624,10458.575717245738,56397.94202094198,20037.45357224367,16230.337393517371,2931.3592622600695,69,1,477.1829933543902,17,243.84825315079007,6000.0,6000.0,150.00389775957353,159.40888730158733,218.13818073712716,-102.25226770518029,-76.11050992063494,-26.141757784545344,56397.94202094198,10458.575717245738,0.0
2025-08-28,1,71894.7778277219,5633.141769521369,77527.91959724328,45821.54018191835,21496.88347675246,67318.42365867081,20383.833138042715,16510.9048418146,2887.196317681834,74,1,4112.313949533775,27,554.6270966781337,6000.0,6000.0,182.583890017601,249.9020756944445,355.0140869668001,-57.91249813763847,-172.32689196428578,114.41439382664728,67318.42365867081,21496.88347675246,0.0
2025-08-29,1,40687.156304722426,1178.0597541020436,41865.21605882447,23905.09668649855,4952.3378639865905,28857.43455048514,15999.999999999998,12960.0,16269.99570882447,40,1,225.49115251348815,9,280.1983300302669,6000.0,6000.0,161.88941943649377,133.61489960317462,232.00373662163403,-99.04334206776099,-57.26145654761903,-41.78188552014194,28857.43455048514,4952.3378639865905,0.0
2025-08-30,1,40592.734762803375,1413.6633918598388,42006.39815466321,23811.65113836661,5117.551465994944,28929.202604361555,16000.000000000005,12959.999999999998,20453.678321329873,50,1,587.4796609224966,12,893.2196564106176,6000.0,6000.000000000004,156.77734683949637,210.5143919642857,328.0293821072557,-49.016284273698155,161.20781517857142,-210.22409945226957,28929.202604361555,5117.551465994944,0.0
2025-08-31,1,72610.33030230291,1810.3411417658356,74420.67144406875,46327.26051890193,6787.457192025039,53114.71771092697,20478.91948635402,16587.924783946757,3883.05365832816,52,1,980.4894228780109,22,1165.1555919331483,6000.000000000004,6000.000000000002,166.7054863696429,127.30372232142852,237.2247833372499,-103.13523412263652,-16.772212599206277,-86.36302152343022,53114.71771092697,6787.457192025039,0.0
2025-09-01,1,73176.89390882626,450.6533253022026,73627.54723412846,46463.71111308822,1664.3239732391082,48128.03508632733,20587.841731850913,16676.15180279924,16141.722771743454,8,1,450.6533253022026,8,4146.745197598366,6000.000000000002,6000.0,604.2932920387,166.28790972222225,691.3490040435692,-602.6442666175919,51.1502936507937,-653.7945602683855,48128.03508632733,1664.3239732391082,0.0
2025-09-02,1,72154.58087843173,280.5100054264664,72435.0908838582,45907.66785826152,1307.2866437106356,47214.954501972155,20078.92246256875,16263.927194680691,14562.33976597014,16,1,68.1506658253902,4,1859.8689866335787,6000.0,6000.0,578.3366168536427,137.37469503968254,618.452073808192,-576.3775715702722,18.69866845238098,-595.0762400226532,47214.954501972155,1307.2866437106356,0.0
2025-09-03,1,72049.94698535414,39.18642997950849,72089.13341533365,45844.31685935964,154.68217245152002,45998.99903181116,20076.079767865445,16261.624611971012,12726.96100943921,3,1,1.4775952785139452,1,3227.0896050626952,6000.0,6000.0,572.6227869939025,170.08721249999996,531.9228099757798,-568.0443590647891,-39.38708492063488,-528.6572741441541,45998.99903181116,154.68217245152002,0.0
2025-09-04,1,72209.06662592966,120.04753419340909,72329.11416012306,46009.583354582595,594.2890914193023,46603.8724460019,19990.706351961282,16192.472145088639,14605.314403250422,7,1,0.0,0,2519.7124573825495,6000.0,6000.0000000000055,591.8642258021887,187.26211101190472,613.556747393493,-590.9428940480104,12.609892162698417,-603.5527862107089,46603.8724460019,594.2890914193023,0.0
2025-09-05,1,40511.7158731083,235.0683988419529,40746.78427195025,23810.371037604215,662.3430805318144,24472.71411813603,16000.000000000002,12960.000000000004,30882.522605283586,5,1,186.72325544150544,3,2317.5673488823713,6000.0000000000055,5999.999999999999,602.7609400266481,110.71803541666667,662.8749444773042,-601.793916696824,41.49199454365077,-643.2859112404748,24472.71411813603,662.3430805318144,0.0
2025-09-06,1,40686.52347530408,108.6689518968661,40795.19242720094,23925.912302530982,439.94616573822304,24365.858468269205,15999.999999999998,12960.0,30034.108727200946,7,1,0.0,0,2105.914621971875,5999.999999999999,6000.0,578.8503237501095,240.32303660714285,746.9927296663408,-574.2372079262072,17.922918353174573,-592.1601262793819,24365.858468269205,439.94616573822304,0.0
2025-09-07,1,71230.55468565923,830.0906535437005,72060.64533920292,45506.00735169552,3653.9096092761993,49159.91696097173,20573.842487131944,16664.81241457687,13190.631649981198,22,1,497.6410006730216,13,2247.7852579380747,6000.0,5999.999999999998,586.3534718633481,114.98552867063495,584.1967626468709,-577.9911592761657,-62.968617757936585,-515.022541518229,49159.91696097173,3653.9096092761993,0.0
2025-09-08,1,66468.72333492557,2796.3186577068454,69265.04199263241,41905.32540885028,11886.668652720911,53791.99406157119,20524.05675429655,16624.485970980204,5969.901675982738,48,1,2061.7014866100835,28,1592.0289435602424,5999.999999999998,5999.999999999998,357.76621091289405,232.40033234126997,365.25918057039934,-348.81020949165435,-216.57758373015884,-132.23262576149554,53791.99406157119,11886.668652720911,0.0
2025-09-09,1,67331.00462921135,274.9520843597846,67605.95671357114,42513.17257478784,1147.627165854986,43660.79974064282,20634.961455438814,16714.318778905443,10582.479770371096,13,1,0.0,0,1975.5826158526475,5999.999999999998,5999.999999999998,363.35848244862234,191.23588462301586,452.39299394712,-363.2893876115824,66.19093263888882,-429.48032025047127,43660.79974064282,1147.627165854986,0.0
2025-09-10,1,66940.54852666448,4731.250596114152,71671.79912277864,42443.52640441591,21138.371955287068,63581.89835970298,20395.53067249288,16520.37984471923,6480.649645004977,49,1,3025.4626886911824,26,918.2197347874719,5999.999999999998,6000.000000000002,351.63021919276645,276.12478700396827,467.16251004663053,-343.89482177918126,-271.0031947420635,-72.89162703711771,63581.89835970298,21138.371955287068,0.0
2025-09-11,1,67770.56705652247,421.23872591412464,68191.8057824366,42889.197862113215,2264.7126974256626,45153.910559538876,20496.584234401642,16602.23322986533,10801.368994566948,8,1,0.0,0,1605.346950145694,6000.000000000002,6000.000000000004,373.45753584709587,137.64582301587305,467.60865502004464,-364.39833401132796,68.10709384920638,-432.5054278605343,45153.910559538876,2264.7126974256626,0.0
2025-09-12,1,36917.752494707944,393.6103757919268,37311.36287049987,21184.744717495985,1430.7538067069797,22615.498524202965,16000.000000000002,12960.000000000002,22719.706670499872,10,1,81.89349284680225,2,1521.442684671855,6000.000000000004,5999.999999999999,341.643121069384,125.62520357142859,360.17908745734866,-336.66697358945237,-62.37467182539678,-274.2923017640556,22615.498524202965,1430.7538067069797,0.0
2025-09-13,1,37364.785789219444,223.012918346399,37587.798707565846,21439.084315417844,982.2688983740325,22421.353213791877,16000.0,12959.999999999998,26540.69722423251,11,1,0.0,0,1551.860581628221,5999.999999999999,6000.0,380.7099238600471,199.49850426587298,500.99769369986785,-376.5698118973985,84.17010724206351,-460.73991913946196,22421.353213791877,982.2688983740325,0.0
2025-09-14,1,68074.03353930886,2419.6030356090123,70493.63657491788,43072.83532512901,9290.44527078105,52363.280595910066,20856.242738677207,16893.556618328537,6431.6257045692055,42,1,1778.7940356832685,25,1443.5210268089777,6000.0,6000.0,334.6795922418517,172.23378869047622,368.80119750742574,-323.34254077016675,-156.17492956349204,-167.16761120667474,52363.280595910066,9290.44527078105,0.0
2025-09-15,1,65584.45594785277,800.4827397524131,66384.93868760517,41072.372460265426,3489.1283063253763,44561.5007665908,20871.049638083787,16905.550206847864,7352.408623035922,25,1,52.60537753463825,3,674.5677332600156,6000.0,6000.000000000002,242.8909469431284,167.09818492063494,339.7038067828473,-211.5286697399875,61.468242063492085,-272.9969118034795,44561.5007665908,3489.1283063253763,0.0
2025-09-16,1,65047.430208369726,2142.3302476030685,67189.76045597279,40903.74037206101,6167.453561760093,47071.1939338211,21479.062868685833,17398.040923635526,3616.9685275891543,46,1,1833.4586314674866,23,821.6435371515042,6000.000000000002,6000.0,181.54822371008234,138.57356795634917,239.970782299676,-161.152750058944,-99.7094883928571,-61.443261666086904,47071.1939338211,6167.453561760093,0.0
2025-09-17,1,65680.19023684652,2701.482205062699,68381.67244190922,41186.520359145135,11402.288915139128,52588.809274284264,21138.62889022574,17122.28940108285,4405.214552766339,45,1,1947.4705183755405,23,729.5386497358672,6000.0,6000.0,215.08940032076578,154.91947698412707,296.1123649095432,-194.98739782098505,-123.99855000000005,-70.988847820985,52588.809274284264,11402.288915139128,0.0
2025-09-18,1,65392.72400391598,1664.057387966463,67056.78139188244,41074.17201391374,7296.626914543109,48370.79892845685,21306.14058437676,17257.973873345174,4052.563564184195,31,1,1236.0522811638753,18,526.9414878959631,6000.0,6000.000000000004,208.26490041946286,114.0121570436508,238.19253967294404,-192.6992014892308,-93.17811081349198,-99.52109067573883,48370.79892845685,7296.626914543109,0.0
2025-09-19,1,35064.9867540212,616.5829039441281,35681.56965796533,19744.929830622998,2166.8618030023854,21911.791633625384,16000.0,12960.000000000002,16540.217341298667,30,1,253.0823431062356,11,1103.171764619404,6000.000000000004,6000.000000000001,220.82328398583135,175.07092678571428,288.32553897646306,-195.93513239077495,-171.94841071428573,-23.98672167648921,21911.791633625384,2166.8618030023854,0.0
2025-09-20,1,35205.531406993396,907.5720085894768,36113.103415582875,19829.21329590237,3666.510134131264,23495.72343003363,15999.999999999998,12960.000000000002,17427.669682249543,27,1,411.01768744571666,9,872.0594952023758,6000.000000000001,5999.999999999998,210.49704095769164,155.82024533730157,287.802464556779,-192.75111876507856,-121.67201180555551,-71.07910695952302,23495.72343003363,3666.510134131264,0.0
2025-09-21,1,67874.85915028329,1002.9367869663333,68877.79593724963,42428.59754876529,2839.847998340967,45268.445547106254,21562.654823425437,17465.7504069746,6493.40403746545,28,1,827.9393528998197,13,2148.3785263333493,5999.999999999998,6000.0,200.89880442245675,155.1580491071429,312.3475343513243,-186.16946311603468,42.600005654761844,-228.76946877079652,45268.445547106254,2839.847998340967,0.0
2025-09-22,1,65215.47890241888,1737.2249056445405,66952.70380806342,40486.19817385449,6216.8690286561705,46703.06720251066,21455.11764629872,17378.645293501966,2262.2115719333337,66,1,791.0832236807487,24,689.4906602541676,6000.0,6000.0,138.24095408962796,78.6459820436508,166.64318656574474,-69.94015385330293,-48.06570942460325,-21.87444442869969,46703.06720251066,6216.8690286561705,0.0
2025-09-23,1,66321.38525413434,2542.807696511763,68864.1929506461,41202.12664134583,11155.522691662252,52357.649333008085,21489.025167683114,17406.110385823325,2664.6625854529716,65,1,1199.3448525792878,18,422.3577785516885,6000.0,6000.0,142.8581238013774,121.71967628968251,216.97792841519725,-86.94963515429635,-81.87234811507932,-5.077287039217028,52357.649333008085,11155.522691662252,0.0
2025-09-24,1,66380.31612556816,2039.2799430676994,68419.59606863586,41169.49208031606,7500.5895561755915,48670.081636491646,21471.811200330823,17392.167072267966,3276.726840573006,58,1,740.1387059020935,12,521.1286326189537,6000.0,6000.000000000002,152.8050723853467,105.15943343253974,221.500282651696,-76.98597063018138,-25.42568323412699,-51.56028739605442,48670.081636491646,7500.5895561755915,0.0
2025-09-25,1,66356.65066278832,1452.880231450569,67809.5308942389,41359.13282087426,5371.03764409809,46730.170464972354,21444.70743379861,17370.213021376872,3399.587581817152,58,1,428.4640735547923,14,887.3500872633605,6000.000000000002,6000.000000000001,156.35240000027406,93.50581646825393,202.18615888615503,-89.67409773352828,-8.561291468253968,-81.1128062652743,46730.170464972354,5371.03764409809,0.0
2025-09-26,1,33749.27904006448,830.0133556332607,34579.29239569774,18728.98870665629,3058.0105011787186,21786.99920783501,16000.0,12960.000000000002,13845.04889569774,40,1,550.3471608670313,15,612.9118131436463,6000.000000000001,6000.000000000002,157.93414514958098,157.13223412698412,243.0354433991158,-122.47772682534966,-153.43241785714284,30.954691031793175,21786.99920783501,3058.0105011787186,0.0
2025-09-27,1,33872.49483493692,3177.9151113652183,37050.40994630214,18829.11204045078,12406.872721014095,31235.984761464875,16000.000000000002,12960.000000000002,16209.107696302144,66,1,2025.3744861128343,22,302.82281080781246,6000.000000000002,6000.0,143.5329469135193,194.82700426587303,267.09481598303194,-52.55830298394507,-68.93135287698414,16.3730498930391,31235.984761464875,12406.872721014095,0.0
2025-09-28,1,67168.60857476802,2855.165095440193,70023.77367020822,41786.7778883594,12464.013519015465,54250.79140737487,21599.643554116814,17495.71127883462,2432.212228259353,65,1,1592.7165957579025,25,333.64393672757626,6000.0,6000.0,145.08156283474787,133.06779404761906,220.30738848748112,-93.90670474048095,-111.52974087301588,17.623036132534928,54250.79140737487,12464.013519015465,0.0
2025-09-29,1,66459.99126841285,2280.001260012599,68739.99252842544,41136.063774456365,9445.369220974364,50581.432995430725,21554.421060011377,17459.081058609216,1884.7609270232922,77,1,947.531755472525,22,201.41915405504443,6000.0,6000.000000000001,129.25782141345357,69.8832922619048,173.53175779316214,-0.8974974349693147,-17.365844642857116,16.468347207887806,50581.432995430725,9445.369220974364,0.0
2025-09-30,1,67051.05054719024,4006.548955325893,71057.59950251614,41700.82182894332,17309.523809986513,59010.34563892983,21602.541866518917,17498.058911880322,1530.9417812108707,91,1,1670.9334528180432,29,234.39669883067256,6000.000000000001,6000.000000000003,116.95802953979688,168.50322886904758,230.7287806890318,-19.85960316187412,-123.00990208333334,103.15029892145924,59010.34563892983,17309.523809986513,0.0
2025-10-01,1,67253.79183715416,194.13910738725082,67447.93094454141,41614.10297200429,434.34101059290396,42048.4439825972,21544.23160751681,17450.82760208862,13693.00540577989,15,1,10.72176474536127,1,3328.5782308160824,6000.000000000003,6000.0,204.30323540460353,407.6054584325397,578.6310213819642,-161.5938809846139,400.85888144841266,-562.4527624330266,42048.4439825972,434.34101059290396,0.0
2025-10-02,1,65793.39833474038,332.8246269950947,66126.22296173548,40940.32573419808,876.4963750639904,41816.822109262066,21527.452326121766,17437.236384158627,10305.223903105667,21,1,32.87392506532842,3,2127.2084796251384,6000.0,6000.0,206.55370552183388,274.36062718253964,443.25202208753177,-145.59829364746437,269.9183428571428,-415.5166365046072,41816.822109262066,876.4963750639904,0.0
2025-10-03,1,32487.94347079879,259.38227473069827,32747.325745529488,17725.02523639432,766.5272396707298,18491.55247606505,15999.999999999998,12959.999999999996,21890.17204552949,21,1,9.17993797304166,1,1438.5015519918034,6000.0,6000.000000000002,194.05901632533883,171.5229485119047,330.9541768712518,-141.16856961634193,163.68469374999995,-304.85326336634193,18491.55247606505,766.5272396707298,0.0
2025-10-04,1,32974.08014551821,955.1064864116414,33929.18663192985,18109.730983745812,3511.9257032594396,21621.656687005252,16000.000000000377,12960.0,17793.204198596137,34,1,349.3771354133895,13,1302.7493696736408,6000.000000000002,6000.000000000338,200.17275477804094,91.86165615079368,237.79723908933823,-132.98182962944676,-62.780558928571445,-70.2012707008753,21621.656687005252,3511.9257032594396,0.0
2025-10-05,1,63840.75883972803,609.1028374767365,64449.86167720476,39743.996936133306,1981.3041029183678,41725.30103905168,21457.408089506203,17380.50055250033,5636.993073532226,35,1,123.01943935856241,8,1450.6693248246938,6000.000000000338,6000.000000000002,202.06282343400437,96.40077301587299,260.2539962920401,-130.5365263038994,78.95890019841269,-209.49542650231209,41725.30103905168,1981.3041029183678,0.0
2025-10-06,1,63355.52714037504,1837.4019902158198,65192.929130590855,39601.619662990895,5807.889838844688,45409.50950183558,21417.16138300941,17347.900720237623,3390.5592178190714,57,1,1368.8110210948817,26,1043.3642691303357,6000.000000000002,6000.000000000003,195.21286136498222,91.33689583333333,217.8317170014538,-133.99705611045292,-69.28217162698407,-64.71488448346885,45409.50950183558,5807.889838844688,0.0
2025-10-07,1,63172.092190442934,2695.632246099112,65867.72443654205,39615.808912012566,10364.979122591405,49980.788034603975,21394.76795727786,17329.762045395066,4031.1555246592548,60,1,1595.3645958556585,26,1033.1353807643857,6000.000000000003,6000.000000000002,204.1253851052221,120.23737301587302,280.28282378159867,-159.77053700349802,-104.1237337301587,-55.64680327333934,49980.788034603975,10364.979122591405,0.0
2025-10-08,1,60921.33190803479,2692.435185594912,63613.7670936297,37623.953537806156,8935.729809444036,46559.68334725019,21351.16452154314,17294.443262449946,3078.55016786983,54,1,1645.5971447643506,22,686.259943394807,6000.000000000002,5999.999999999998,139.94149763784696,137.89052073412702,240.45772306103098,-89.27541741621684,-73.18729315476187,-16.088124261454954,46559.68334725019,8935.729809444036,0.0
2025-10-09,1,61648.61845659669,1479.5800498439653,63128.198506440654,38142.32277020357,5740.0911704972805,43882.413940700855,21335.336973157147,17281.62294825729,3314.5027982074666,53,1,589.137840580527,13,604.8629030107347,5999.999999999998,5999.999999999998,131.5411145323397,121.63347509920631,199.753452002143,-78.40755013022522,-1.9524356150793192,-76.45511451514591,43882.413940700855,5740.0911704972805,0.0
2025-10-10,1,31386.56694393435,949.0711936392019,32335.638137573555,16663.74702979053,3240.354153368324,19904.101183158855,16000.000000000004,12959.999999999998,19952.027220906883,45,1,66.83991912469719,5,780.1939739194997,5999.999999999998,5999.999999999999,135.7432380044523,151.01615684523807,238.62407345456631,-49.259175864696964,77.28742549603172,-126.54660136072867,19904.101183158855,3240.354153368324,0.0
2025-10-11,1,32229.130675150867,891.0901941345664,33120.22086928543,17235.606743203673,3225.227364347911,20460.834107551582,16000.0,12959.999999999996,15973.907285952097,43,1,395.1788176451786,14,684.4489014353385,5999.999999999999,6000.000000000002,142.19120542889408,144.2945671626984,223.62174867506835,-104.81324674189574,-141.30637212301585,36.493125381120116,20460.834107551582,3225.227364347911,0.0
2025-10-12,1,62711.122561436896,2528.6770789709217,65239.799640407815,38848.755604822276,9159.84736667047,48008.60297149275,21367.517414001144,17307.689105340927,2665.0153484142625,57,1,1942.8639671065773,27,558.8677956357026,6000.000000000002,5999.999999999999,129.1734795858555,120.0522407738096,216.40385114104927,-74.4560591434726,-68.77529791666672,-5.680761226805887,48008.60297149275,9159.84736667047,0.0
2025-10-13,1,63556.57625282725,1181.5718072171182,64738.14806004437,39448.867142452276,4398.739802429857,43847.60694488213,21377.086474757773,17315.44004455379,3649.1063298403906,45,1,649.0487119639812,17,607.8674730556645,5999.999999999999,6000.000000000002,140.4298204947471,106.13696259920637,201.2782557107295,-89.05623655771575,13.757701884920632,-102.81393844263638,43847.60694488213,4398.739802429857,0.0
2025-10-14,1,63356.627293763406,3438.3688344660045,66794.99612822941,39359.68603773694,14351.542532102656,53711.22856983959,21358.89351328948,17300.70374576448,1962.977077371078,79,1,1669.354157774521,28,545.5308209388446,6000.000000000002,6000.0,134.56174814750838,133.87934087301585,225.0560796598785,-69.00003492263201,-130.47469146825395,61.47465654562193,53711.22856983959,14351.542532102656,0.0
2025-10-15,1,62523.86831829529,4682.624670625838,67206.49298892112,38480.42021928859,18294.117042714388,56774.53726200298,21360.2408082169,17301.79505465569,1228.0235853599124,81,1,3511.8174682495846,36,309.6505684309958,6000.0,5999.999999999998,108.67694904154037,193.28578125,246.2770106660729,-49.178120951221416,-193.1198328373016,143.94171188608018,56774.53726200298,18294.117042714388,0.0
2025-10-16,1,63232.33263936377,5019.441586928734,68251.7742262925,39049.06473178049,20255.043158555174,59304.10789033566,21417.04109786677,17347.803289272084,1216.0634676978161,90,1,2343.559259915781,30,245.18386555373775,5999.999999999998,6000.000000000002,102.43252969469673,196.5398092261904,259.81271060943953,-29.285426480457755,-187.759514781746,158.47408830128825,59304.10789033566,20255.043158555174,0.0
2025-10-17,1,31583.41850481266,1558.8148417197754,33142.233346532434,16607.01167495921,6271.906950618601,22878.918625577808,15999.999999999998,12960.000000000002,14098.034029865774,49,1,1159.5042836284847,20,408.15767171902246,6000.000000000002,6000.000000000003,97.78534046749571,118.15772847222222,172.12003978668088,-39.23420157751007,-97.81074394841265,58.57654237090258,22878.918625577808,6271.906950618601,0.0
2025-10-18,1,32127.623377464133,1704.4419273381873,33832.06530480232,17007.658904760854,6283.238588648885,23290.89749340974,16000.000000000004,12960.000000000004,14715.472038135656,49,1,1109.0267078750999,22,938.3960525435676,6000.000000000003,6000.0,122.75140562711097,110.06104900793652,190.77173446134046,-66.0382631960893,-70.56734662698412,4.5290834308948025,23290.89749340974,6283.238588648885,0.0
2025-10-19,1,65777.49099532043,3553.6264284294944,69331.11742374992,40450.003242498475,14785.335249178741,55235.33849167721,21709.28890697235,17584.524014647603,1320.6299980918534,81,1,1140.5995627122,24,300.18424500686154,6000.0,6000.000000000001,104.79883809876304,141.01150267857142,203.09401777172283,-26.439759351010967,-119.48127728174602,93.04151793073505,55235.33849167721,14785.335249178741,0.0
2025-10-20,1,66775.68583606304,3409.4117888143196,70185.09762487737,41211.57108678837,14710.766241919424,55922.337328707785,21789.693429057428,17649.65167753652,1604.2735066897899,63,1,1764.8490361861532,25,433.8385004690466,6000.000000000001,5999.999999999999,100.31818861774573,140.18473095238096,208.9035539793379,-40.767281101954026,-115.98137619047611,75.2140950885221,55922.337328707785,14710.766241919424,0.0
2025-10-21,1,67748.45846822122,4396.14803084429,72144.6064990655,41773.11154287862,16558.377504510336,58331.48904738895,21776.518373558385,17638.979882582295,1544.4866580894086,78,1,2875.658332466682,31,410.3621091750793,5999.999999999999,6000.000000000001,109.00334484828042,174.6995896825398,247.5264453722374,-42.88868982568956,-161.70791369047626,118.81922386478671,58331.48904738895,16558.377504510336,0.0
2025-10-22,1,67619.34518543641,3762.7563565205996,71382.101541957,41369.143464885434,16379.633991305738,57748.77745619117,21914.524169204014,17750.764577055248,1663.4452498082417,84,1,1478.4297050072396,24,631.1585001193757,6000.000000000001,6000.000000000002,98.47525337736323,161.96265952380955,226.09173359703507,-6.546810037778864,-94.01810615079373,87.4712961130149,57748.77745619117,16379.633991305738,0.0
2025-10-23,1,68194.61630431142,1669.5475272423091,69864.16383155373,41929.13759492019,6517.610557612335,48446.74815253253,21903.974030342102,17742.218964577103,2322.9117324553945,66,1,550.7215140789212,16,279.0788560468475,6000.000000000002,6000.0000000000055,102.13548928861245,105.46997599206352,166.352469154071,-30.090615693402388,-2.8671071428571415,-27.223508550545244,48446.74815253253,6517.610557612335,0.0
2025-10-24,1,31756.366960030566,1529.4279837516233,33285.79494378219,16601.381695651806,6287.550999033526,22888.93269468533,16175.984304692452,13102.547286800893,11792.307209223962,62,1,279.34356873366823,11,232.78964232229777,6000.0000000000055,6000.0,96.97948058489052,79.20156269841263,152.6838249368259,-6.242468584956217,-2.18299861111115,-4.059469973845065,22888.93269468533,6287.550999033526,0.0
2025-10-25,1,32287.867430834787,1413.6093499718033,33701.47678080659,16897.0950282388,5263.168576231681,22160.26360447048,16351.824498494068,13244.977843780198,11196.197392759388,60,1,705.4634707395726,20,399.3763999182218,6000.0,5999.999999999999,106.34656685885206,83.57643898809518,146.01236692445434,-15.629199279236154,-33.57757867063491,17.948379391398753,22160.26360447048,5263.168576231681,0.0
2025-10-26,1,69321.64797380654,1321.2780840815556,70642.9260578881,42714.82016828428,4604.732131919316,47319.5523002036,22048.30187524094,17859.124518945162,1909.4366849256435,60,1,842.0957219248791,22,925.8044105850377,5999.999999999999,5999.999999999998,99.20134485129627,67.53254126984123,134.61311537529997,-30.872875233583095,-6.3662668650794165,-24.506608368503677,47319.5523002036,4604.732131919316,0.0
2025-10-27,1,69584.25342048318,1882.7854308555663,71467.03885133874,42903.14903557121,7362.870143715559,50266.01917928677,21924.78787302957,17759.078177153948,3748.747488796455,68,1,272.1524676188606,12,928.9857415815981,5999.999999999998,6000.000000000004,94.38163799924332,189.38355515873016,234.64720498550093,-20.14358634277515,57.60483273809528,-77.74841908087043,50266.01917928677,7362.870143715559,0.0
2025-10-28,1,69407.96509105426,2278.683768671631,71686.64885972589,42707.0704366141,8981.09451308792,51688.16494970202,21965.014260374464,17791.66155090331,1540.8744502547308,72,1,995.535312612561,18,365.5065529496359,6000.000000000004,6000.000000000004,99.16364517151376,88.40656855158727,159.14825912193177,-28.613012427073613,-59.35506736111111,30.742054934037487,51688.16494970202,8981.09451308792,0.0
2025-10-29,1,68631.93713300822,5462.3128859474,74094.25001895562,42205.32601109019,21441.38524425772,63646.71125534791,21905.672179393085,17743.594465308404,619.9155048709414,102,1,3228.087162931211,33,93.80993978531015,6000.000000000004,6000.000000000002,86.74908289906564,191.08133611111103,253.4261829507642,10.685221433741395,-191.08133611111103,201.76655754485242,63646.71125534791,21441.38524425772,0.0
2025-10-30,1,69133.48532196131,1778.8402423429804,70912.3255643043,42550.99656481273,6963.240180784443,49514.236745597176,22092.834119055857,17895.19563643524,1926.8694316836772,76,1,456.9417578487779,21,624.4106823858392,6000.000000000002,6000.000000000004,104.02117144717502,83.22149890873013,154.40456975111076,-20.225418305862384,-14.057535416666667,-6.167882889195719,49514.236745597176,6963.240180784443,0.0
2025-10-31,1,32461.72053554064,2934.6016685466147,35396.32220408726,16979.60984808621,10666.616859002012,27646.226707088223,16677.137761489546,13508.481586806533,8323.37396273758,80,1,1822.2671350976634,24,217.88283759705212,6000.000000000004,6000.000000000002,92.03741931778305,182.6230716269841,228.4029027549835,-12.34368668794125,-182.3945954365079,170.05090874856663,27646.226707088223,10666.616859002012,0.0
2025-11-01,1,32619.06975471387,2158.5980136192766,34777.66776833314,17049.42064802728,7897.024741078934,24946.445389106215,16666.341713353166,13499.736787816066,9067.02440946271,75,1,1204.9777294531257,26,388.4115916126177,6000.000000000002,6000.0,98.77492611390754,86.41047936507935,158.26447164597943,1.6171303946244346,-81.3881107142857,83.00524110891014,24946.445389106215,7897.024741078934,0.0
2025-11-02,1,70990.51061359169,2951.97719550599,73942.48780909767,43701.3484008674,12269.889884378079,55971.23828524548,22395.173994122964,18140.090935239594,891.020816880979,93,1,1342.7631213543145,30,123.73629771962479,6000.0,6000.000000000004,92.96424972995356,96.09431498015871,160.1249171827904,7.645503573661188,-78.2276788690476,85.8731824427088,55971.23828524548,12269.889884378079,0.0
2025-11-03,1,71743.94734638592,3281.3989737277475,75025.34632011366,44233.94205219769,10687.988996733111,54921.931048930805,22667.13382295614,18360.378396594475,1213.6606104186621,81,1,2121.4599270251733,28,637.7537028283787,6000.000000000004,6000.000000000003,91.24412953513621,129.5250486111111,187.29414933943377,-0.22008922720080668,-86.37585436507938,86.15576513787856,54921.931048930805,10687.988996733111,0.0
2025-11-04,1,72464.13570332226,1716.2313968980914,74180.36710022035,44506.34554971746,7228.65688370726,51735.00243342472,22742.54963245767,18421.465202290714,2279.2106367200536,73,1,529.4140536677774,15,483.3357250756667,6000.000000000003,6000.000000000002,115.75582984877393,97.61995744047616,166.47675140075603,-11.48882536956595,11.968642956349164,-23.457468325915105,51735.00243342472,7228.65688370726,0.0
2025-11-05,1,72630.86274923703,2483.0647708739916,75113.92752011101,44741.545142149254,9244.439106704525,53985.984248853776,22757.381051618926,18433.47865181133,1112.0050536367544,89,1,872.324053070895,27,235.9376338860368,6000.000000000002,6000.000000000001,104.39060170252664,73.72097380952384,149.79457602128105,7.275454686472163,-49.85203353174604,57.12748821821819,53985.984248853776,9244.439106704525,0.0
2025-11-06,1,72290.91246847012,4532.172199542235,76823.08466801237,44548.76066176601,18593.45436880844,63142.21503057446,22640.377329375697,18338.70563679431,1151.8284254309751,95,1,1925.0266165350697,31,400.6390338183587,6000.000000000001,6000.000000000001,102.8488526960785,164.15751349206343,236.83335937388378,20.298149913366036,-120.5495073412698,140.84765725463583,63142.21503057446,18593.45436880844,0.0
2025-11-07,1,33208.68670197642,1434.1456467664923,34642.83234874291,17454.979176935103,6040.533538718747,23495.51271565385,17060.178744223507,13818.744782821042,8082.936604007112,58,1,39.45227135807306,4,163.07085930009552,6000.000000000001,6000.0,103.86579415904508,167.1879327380952,231.53054418505093,9.779474020430436,20.150459523809534,-10.370985503379087,23495.51271565385,6040.533538718747,0.0
2025-11-08,1,33159.055805880715,1244.0073850948445,34403.06319097556,17329.788214565087,4986.9055848918,22316.693799456887,17036.27626037191,13799.383770901246,7374.963601504897,59,1,544.9252755381352,15,227.81040463876775,6000.0,6000.000000000003,93.5179699214809,50.344224702380956,125.24473696057284,5.330843590165503,-13.188945734126952,18.519789324292454,22316.693799456887,4986.9055848918,0.0
2025-11-09,1,73698.72600069571,3058.4224582228903,76757.1484589186,45495.650391945164,11713.315673379157,57208.966065324326,22905.210081070953,18553.220165667473,1058.3413601817895,90,1,1056.7954441702868,22,216.89923020698188,6000.000000000003,5999.999999999998,102.04485615952758,105.51057926587299,171.5318257668616,5.843386922347424,-77.49332549603173,83.33671241837916,57208.966065324326,11713.315673379157,0.0
2025-11-10,1,74135.87513105814,4804.702723884724,78940.57785494287,45748.647814729615,18822.054871691933,64570.702686421544,22962.076266255444,18599.28177566691,719.3402643543316,102,1,2071.9555777508326,31,220.32172474479705,5999.999999999998,5999.999999999999,101.97860966519721,150.27591468253965,230.16845784329396,25.656575694718743,-144.56686011904762,170.22343581376634,64570.702686421544,18822.054871691933,0.0
2025-11-11,1,74478.08092340728,2382.880014006546,76860.96093741382,46031.79333596605,9812.892558317626,55844.68589428368,23059.82443881156,18678.45779543737,920.5746273729604,85,1,602.414163731131,22,249.3512248416132,5999.999999999999,6000.0,89.40452069077077,72.05738174603175,137.64394339081275,15.187780395447012,-45.7416107142857,60.929391109732705,55844.68589428368,9812.892558317626,0.0
2025-11-12,1,75058.00583599655,1870.9996419011911,76929.00547789774,46453.90427093626,8666.761582421455,55120.66585335772,23099.1673351722,18710.32554148948,1584.1759342150244,72,1,441.56189537157064,9,226.5244730895032,6000.0,5999.999999999999,92.81786001941043,88.21834434523808,143.9656490048423,-10.86896208053671,-22.819949900793663,11.95098782025695,55120.66585335772,8666.761582421455,0.0
2025-11-13,1,75011.65192129352,3258.6856043887387,78270.33752568226,46491.02181820636,12172.004416921627,58663.02623512798,23100.965676248128,18711.782197760982,1485.2827305284497,96,1,1497.9884296223206,27,781.287914637262,5999.999999999999,6000.000000000001,106.89750491786211,131.67365624999994,197.66534728821614,15.894637303702476,-57.99714910714286,73.89178641084533,58663.02623512798,12172.004416921627,0.0
2025-11-14,1,34014.28730362087,2649.0390249271513,36663.32632854802,17896.217413592796,9356.817060868076,27253.03447446087,17613.948251209837,14267.29808347997,5718.220860818151,74,1,1764.9132452305748,28,307.44255242231105,6000.000000000001,6000.000000000004,86.90670906807911,114.60787876984129,169.3018241142318,-12.296026252905982,-104.15377658730159,91.85775033439558,27253.03447446087,9356.817060868076,0.0
2025-11-15,1,33882.53774251282,2047.722553558741,35930.26029607156,17775.98097513831,8238.378068700447,26014.35904383876,17461.285841205314,14143.641531376308,4400.729069575885,81,1,934.7303005273253,18,74.60820697272186,6000.000000000004,6000.000000000002,92.86019088860381,75.71109255952382,144.24663670944335,20.772874626047432,-71.03446835317463,91.80734297922206,26014.35904383876,8238.378068700447,0.0
2025-11-16,1,76850.77651012622,3253.2739256546934,80104.05043578091,47720.713518232806,12902.277423728487,60622.99094196129,23397.07932494031,18951.634253201653,1224.0609807089263,88,1,1143.6315377681271,20,174.44533341886995,6000.000000000002,6000.000000000002,110.96609328667148,97.48987013888892,186.55562109848418,23.5340559402006,-61.01648343253967,84.55053937274027,60622.99094196129,12902.277423728487,0.0
2025-11-17,1,77469.03810985935,1599.598379729478,79068.63648958883,48178.59258770641,6322.873157484061,54501.46574519047,23302.94680281428,18875.38691027957,1945.3222637207875,72,1,219.33265923335728,11,490.3781737249252,6000.000000000002,6000.000000000003,112.22165686329332,70.36589394841268,147.70502681042768,-32.90533336074899,-18.500171527777756,-14.405161832971238,54501.46574519047,6322.873157484061,0.0
2025-11-18,1,77110.08363333423,3289.881521161623,80399.96515449585,47957.549413407665,11184.668215393604,59142.21762880127,23337.561316699564,18903.424666526647,1075.276670989603,83,1,1832.0803112731019,28,310.255250381629,6000.000000000003,6000.000000000001,102.73372309980482,111.54022847222228,181.88159133963438,3.667600800818311,-88.60760128968255,92.27520209050084,59142.21762880127,11184.668215393604,0.0
2025-11-19,1,77509.96794749185,2999.2370752345278,80509.20502272638,48241.41583076012,12039.055832200334,60280.47166296045,23276.42119411577,18853.90116723377,718.3733958443755,98,1,598.2388958462614,22,160.64530278513982,6000.000000000001,6000.000000000002,103.28713728259203,86.90352152777773,154.9004362949543,23.889687137288078,-71.14629950396824,95.03598664125633,60280.47166296045,12039.055832200334,0.0
2025-11-20,1,77939.07598205953,2416.271929110978,80355.34791117051,48567.73747424524,9463.047808308962,58030.7852825542,23258.561846705394,18839.435095831363,1143.1451269631318,81,1,836.5879392485871,22,409.17467694621314,6000.000000000002,6000.000000000002,99.22065859131689,84.78166111111116,148.30904400308793,13.705867748223742,-39.34108234126983,53.046950089493556,58030.7852825542,9463.047808308962,0.0
2025-11-21,1,34585.780862601816,1861.4602072744544,36447.24106987627,18282.65888810981,5866.721809417262,24149.380697527075,17874.508988765112,14478.352280899742,4186.700295344231,76,1,776.0155118963029,24,386.35185353335925,6000.000000000002,6000.0,97.69358055336222,69.98682053571429,136.96097889098033,3.090372818243711,-22.074787202380982,25.165160020624697,24149.380697527075,5866.721809417262,0.0
2025-11-22,1,34657.09571141711,1758.3376546327354,36415.433366049845,18234.238666352918,6420.268610917744,24654.50727727066,17927.69046383621,14521.42927570733,2789.342694587634,85,1,480.08007987477674,20,138.6876691021376,6000.0,6000.000000000001,94.75909577027683,65.35201468253969,133.72516090502202,14.79635793470642,-49.624441468254,64.42079940296043,24654.50727727066,6420.268610917744,0.0
2025-11-23,1,79178.00029923857,2557.894281817159,81735.89458105573,49476.56946890144,10581.975799195405,60058.545268096845,23285.20474113109,18861.015840316177,2079.609396907486,70,1,602.3653923222976,17,454.54421672964423,6000.000000000001,6000.000000000002,93.66364205898799,130.94202470238093,193.22931994686022,-9.04938009304937,-28.977916964285765,19.928536871236375,60058.545268096845,10581.975799195405,0.0
2025-11-24,1,79136.71147193956,1602.0232406209482,80738.73471256052,49383.81692709084,6486.182325345558,55869.99925243639,23283.520770217212,18859.65182387594,2152.9220662192356,71,1,253.76744164363754,12,926.5115477309024,6000.000000000002,6000.0,95.18935133186382,88.10255982142856,156.45605445167428,8.8844375246746,31.83855525793654,-22.95411773326195,55869.99925243639,6486.182325345558,0.0
2025-11-25,1,79240.77035711338,2404.1849925958327,81644.95534970921,49458.06528478818,9236.120757199677,58694.18604198786,23480.754785159912,19019.41137597953,1014.9514738621614,84,1,725.3338621604346,18,427.59066815276424,6000.0,6000.000000000004,102.19792940820065,79.20880505952384,142.46401943574978,-1.585490786890664,-59.47022073412698,57.88472994723632,58694.18604198786,9236.120757199677,0.0
2025-11-26,1,79521.91770503198,2822.3153896433773,82344.23309467536,49699.498145521626,10680.980780316157,60380.478925837786,23365.246920594684,18925.8500056817,1147.169296429039,87,1,1017.5150975701702,19,176.3868714351512,6000.000000000004,5999.999999999998,112.77415473828786,78.38840396825393,165.39519525301728,-5.835147703370876,-75.63290158730155,69.79775388393067,60380.478925837786,10680.980780316157,0.0
2025-11-27,1,79646.70755252645,1871.0506554443305,81517.75820797078,49850.958498222564,7428.05490497073,57279.01340319329,23396.761705684446,18951.376981604404,1291.480750557402,74,1,538.9782782631188,19,492.28924595529463,5999.999999999998,6000.000000000001,83.85846727996005,81.38488234126989,131.77214191673886,-19.924790272568526,-44.07353630952387,24.14874603695533,57279.01340319329,7428.05490497073,0.0
2025-11-28,1,35202.89565182952,1927.123769565546,37130.01942139507,18586.06994715973,7407.546230232899,25993.61617739263,18252.812871422328,14784.778425852084,2740.746425824826,73,1,810.4491527080638,18,141.9166124894253,6000.000000000001,6000.000000000002,104.93585781709216,58.99986507936507,147.82518347914672,12.695253579144296,-38.479077976190474,51.17433155533479,25993.61617739263,7407.546230232899,0.0
2025-11-29,1,35500.388466143064,5132.506601670335,40632.8950678134,18706.69978990217,17800.11249877291,36506.81228867508,18393.169027186814,14898.466912021317,2208.742852647902,78,1,4055.3286265739866,36,226.52297856672834,6000.000000000002,6000.000000000001,109.36947487004869,198.14703402777775,265.2409154377691,-8.050042661314928,-198.12324672619047,190.07320406487554,36506.81228867508,17800.11249877291,0.0
2025-11-30,1,81174.06077075916,4363.596728861884,85537.65749962104,50908.98220301186,16530.743461999613,67439.72566501147,23462.32888069386,19004.48639336203,834.9868956225423,101,1,1789.030273492753,27,93.27065734965129,6000.000000000001,6000.000000000002,110.3203485790346,145.41332311507935,216.60765102018445,1.66482132544877,-145.36058839285712,147.0254097183059,67439.72566501147,16530.743461999613,0.0
2025-12-01,1,81751.67420210074,9306.662332141454,91058.33653424219,51226.30777356822,35706.62859076503,86932.93636433325,23560.83803927951,19084.278811816403,282.8495734457527,123,1,1314.186239583217,25,81.12511369917058,6000.000000000002,6000.000000000002,334.3226734192001,102.26946785714283,399.56299606613356,310.30894728692397,-65.68325099206348,375.9921982789875,86932.93636433325,35706.62859076503,0.0
2025-12-02,1,82354.0431939778,10962.19734871506,93316.24054269286,51666.951503816876,41999.91892714056,93666.87043095744,23732.496686971248,19223.322316446713,169.25622216833005,133,1,2399.277023339538,28,103.48432366100792,6000.000000000002,6000.000000000002,334.25444857821225,130.1178331349206,463.8105654534746,319.8186320584948,-129.8872482142857,449.7058802727804,93666.87043095744,41999.91892714056,0.0
2025-12-03,1,83177.12772834596,8877.980515158015,92055.10824350399,52261.772277631644,31435.931435267234,83697.70371289887,24196.842076164292,19599.44208169308,294.95968236610037,127,1,2557.0397294766244,29,143.19792203579414,6000.000000000002,6000.0,311.6704461582118,106.08851696428572,382.2058415635048,285.074932417917,-72.55093561507937,357.6258680329964,83697.70371289887,31435.931435267234,0.0
2025-12-04,1,83463.80841388309,8205.967858461641,91669.77627234472,52555.4595551075,30815.6354968919,83371.09505199941,24263.608755612273,19653.523092045943,288.4818587784099,122,1,1320.5102529891155,25,24.9872537222941,6000.0,6000.000000000002,339.2098064660373,66.66057142857146,353.9354048850022,324.02648530426166,-5.868764682539677,329.89524998680133,83371.09505199941,30815.6354968919,0.0
2025-12-05,1,37350.24208891907,7804.852746053995,45155.09483497306,19681.80963897788,29978.01627503243,49659.82591401031,18823.610277145905,15247.124324488183,266.98119898200855,126,1,3186.3609712518587,44,101.92447336491631,6000.000000000002,6000.000000000002,306.7097763946463,70.70230783730153,336.3264143765002,283.16168737799944,-30.916293749999998,314.07798112799946,49659.82591401031,29978.01627503243,0.0
2025-12-06,1,38149.53732198608,9410.860314265976,47560.397636252055,19976.271474188503,33953.32769689667,53929.59917108517,18957.61227380587,15355.66594178275,293.82048756227255,128,1,4321.725785071343,44,157.19928935950193,6000.000000000002,6000.0,323.4887291436374,96.11787708333333,404.3617000761771,298.4220791880512,-81.45458025793647,379.8766594459877,53929.59917108517,33953.32769689667,0.0
2025-12-07,1,85152.65277198242,7448.9421089212865,92601.5948809037,53746.17440100658,26771.71032094628,80517.88472195285,24811.861512531934,20097.607825150866,234.6599435226437,129,1,1772.4331705957525,30,54.31105186866705,6000.0,6000.0,314.818684574999,60.82817519841271,320.1500855184971,294.6208598678007,-5.9742303571428295,300.59509022494353,80517.88472195285,26771.71032094628,0.0
2025-12-08,1,87997.51558086308,5067.435951949508,93064.95153281259,55655.585862660024,17774.510204165344,73430.09606682537,24833.333333333336,20115.000000000004,499.4070828125867,112,1,1383.2669576993217,25,139.59193375914072,6000.0,6000.000000000003,192.18586563418444,79.06642956349206,231.95179311508733,150.95407192832414,-39.380464285714325,190.33453621403845,73430.09606682537,17774.510204165344,0.0
2025-12-09,1,88343.46650302953,4403.32283393116,92746.78933696069,55910.43191215374,17949.32874550396,73859.7606576577,24833.333333333332,20115.000000000004,640.0017369606895,106,1,440.19630462842974,16,231.0783960192125,6000.000000000003,6000.000000000002,197.21967130324182,82.9074431547619,210.1385237871604,162.8466592983728,6.041613591269879,156.80504570710295,73859.7606576577,17949.32874550396,0.0
2025-12-10,1,87963.25819079201,5492.123515081876,93455.38170587388,55596.45505993065,19091.540200946623,74687.99526087727,24833.333333333332,20115.000000000004,349.4299058738923,122,1,1569.6552644210715,30,167.8055874099971,6000.000000000002,6000.000000000001,195.15126357717034,87.53298382936505,243.39805920649036,162.29087984795171,-51.988020535714284,214.27890038366596,74687.99526087727,19091.540200946623,0.0
2025-12-11,1,88304.53294226213,3470.978931897996,91775.51187416012,56019.48823250611,12255.99534177443,68275.48357428054,24833.333333333336,20115.000000000004,1095.9238408267993,96,1,1049.2538905767665,22,441.2541787039646,6000.000000000001,6000.000000000001,174.9891109252315,71.97787212301586,190.2876155301998,132.1917989335221,33.23117013888887,98.96062879463322,68275.48357428054,12255.99534177443,0.0
2025-12-12,1,41604.868227784,6549.671828510331,48154.540056294325,21705.952618358522,23107.709122095068,44813.66174045359,19929.07870266509,16142.553749158722,653.6016194546269,111,1,3651.007057780158,38,220.96332148966945,6000.000000000001,6000.0,209.45421075717204,109.55586755952378,300.1363936652066,163.32766377017813,-82.34192827380951,245.6695920439876,44813.66174045359,23107.709122095068,0.0
2025-12-13,1,42401.51326253004,5731.493350553647,48133.006613083686,22018.380397827368,22839.58180980573,44857.9622076331,19947.885532441494,16157.787281277611,544.374978586467,110,1,2921.8249283016576,40,169.3045559453309,6000.0,6000.000000000002,184.88598722145468,84.31209890873018,261.4945137141715,153.24925964545787,-62.88067251984128,216.12993216529918,44857.9622076331,22839.58180980573,0.0
2025-12-14,1,89076.14097590566,4782.378063230127,93858.51903913578,56463.931358458394,17987.756547323133,74451.68790578152,24833.333333333332,20115.000000000004,361.46390580245463,120,1,1055.6208873902578,24,122.37192707781105,6000.000000000002,6000.000000000003,188.35041150123934,45.346738095238116,214.32674870969092,155.13506826583557,-29.0696882936508,184.20475655948638,74451.68790578152,17987.756547323133,0.0
2025-12-15,1,90978.71815127865,3757.2263086242574,94735.94445990291,57669.011987861355,13508.457514350866,71177.46950221223,24944.305425408704,20204.887394581056,526.9684624085855,100,1,1392.5005968116095,27,93.45985676874716,6000.000000000003,5999.999999999999,116.3167981741019,78.99972767857145,178.5081154597018,77.62880460422448,-56.965272321428564,134.594076925653,71177.46950221223,13508.457514350866,0.0
2025-12-16,1,91400.54701357217,3544.647783663267,94945.19479723544,58094.878345072786,12941.11673007834,71035.99507515112,25048.248809701363,20289.081535858102,767.9361900588409,103,1,1016.1751816733412,23,322.8525507698381,5999.999999999999,6000.000000000002,132.50995041973732,63.55830267857146,179.6909989050879,85.39632403907335,-30.29999236111112,115.69631640018446,71035.99507515112,12941.11673007834,0.0
2025-12-17,1,91389.78978528241,2348.5906753069044,93738.38046058931,57894.806589004605,8488.807167174698,66383.6137561793,24930.903929798616,20194.032183136882,809.661647260916,90,1,502.8865230152471,24,336.05371582538936,6000.000000000002,6000.0,131.17963862734138,45.65987113095234,131.59384677365918,89.76469035509078,25.642647519841248,64.12204283524953,66383.6137561793,8488.807167174698,0.0
2025-12-18,1,91158.2604509743,2694.3524492217066,93852.612900196,57951.30781375422,9917.4062253168,67868.71403907101,24850.60381480507,20128.989089992105,1764.7312087163702,88,1,398.0047119715001,16,126.9937769509146,6000.0,6000.0,147.12764732256457,94.60333273809529,185.79515241408657,90.78836279883353,52.05414444444448,38.73421835438906,67868.71403907101,9917.4062253168,0.0
2025-12-19,1,44865.67253419779,3036.7803293450293,47902.452863542814,23260.24856392626,11873.247414517684,35133.49597844394,20347.45547926105,16481.438938201456,1128.0450224832205,99,1,989.671112940613,24,219.43107875002357,6000.0,6000.000000000001,132.01590988342772,77.02841170634919,173.5343896595104,84.13445365892456,4.603815873015855,79.5306377859087,35133.49597844394,11873.247414517684,0.0
2025-12-20,1,45075.21966671506,2711.448299874985,47786.667966590045,23325.221168940665,10751.744229915063,34076.965398855726,20449.283465758162,16563.91960726411,1044.951858095989,100,1,625.7169059340512,26,196.32054634350374,6000.000000000001,6000.0,117.88416820223058,67.9851380952381,156.51667324879062,74.95183547095023,5.514483730158716,69.43735174079151,34076.965398855726,10751.744229915063,0.0
2025-12-21,1,91455.47466713261,3316.5960365480446,94772.07070368066,58185.84388184023,11422.334234276788,69608.17811611702,24973.35507369739,20228.417609694883,989.3513730114836,92,1,1139.6905649286555,22,282.6538070930379,6000.0,6000.0,158.33329024158888,74.5384357142857,179.4144753983137,78.16690979021385,-18.80161785714286,96.96852764735668,69608.17811611702,11422.334234276788,0.0
2025-12-22,1,92673.07697439686,1947.200161048449,94620.2771354453,58905.877861128,7686.393637044024,66592.27149817202,24932.310481898785,20195.171490338013,945.7110605511975,87,1,286.40317524298393,17,258.3847673904453,6000.0,6000.000000000003,109.55428671809892,38.48679355158734,120.53796756665194,43.771013611988614,2.042301091269804,41.72871252071881,66592.27149817202,7686.393637044024,0.0
2025-12-23,1,92755.52328947227,1012.3630501522763,93767.88633962454,59078.52824299714,3480.5481405657283,62559.076383562875,25051.26932690484,20291.528154792926,1750.052634179305,63,1,190.89438994698548,12,459.64182248322015,6000.000000000003,6000.0,102.98747800615212,52.30372281746028,115.10065351381591,3.9087343956991987,34.645800396825415,-30.737066001126216,62559.076383562875,3480.5481405657283,0.0
2025-12-24,1,92243.72962864113,1885.8066488720344,94129.53627751317,58555.15471606678,7866.738276754347,66421.89299282113,25085.89455175226,20319.574586919334,1508.6569960135707,81,1,230.05383101347928,14,291.3414506504605,6000.0,6000.000000000002,103.77816212138653,70.46620148809524,141.43598520356693,16.664176111166135,0.9496072420634758,15.714568869102655,66421.89299282113,7866.738276754347,0.0
2025-12-25,1,92119.03031434662,2048.9515821828077,94167.98189652943,58658.547280576546,6743.237000808511,65401.78428138506,25093.539284431976,20325.7668203899,1587.7608991540199,73,1,752.567968596432,16,627.9242583469614,6000.000000000002,6000.0,117.28040683231345,56.091997619047625,151.52968672236784,16.10682270556452,-3.109455753968291,19.21627845953281,65401.78428138506,6743.237000808511,0.0
2025-12-26,1,45848.761658079384,2378.900692436978,48227.66235051636,23807.756521230967,8930.83873678975,32738.595258020716,20826.674605054548,16869.606430094183,1262.9717422226604,90,1,1233.0715802680813,30,346.9255821865657,6000.0,6000.000000000002,106.48545988342764,75.64193025793651,151.74468477748485,19.391237905755233,-27.10580168650798,46.497039592263214,32738.595258020716,8930.83873678975,0.0
2025-12-27,1,46104.72155736412,2461.7627169740394,48566.48427433816,23841.761022732637,9688.737992465522,33530.49901519816,20885.893870460768,16917.574035073223,1259.3553722839463,81,1,1455.9780335786668,32,351.2279089513656,6000.000000000002,6000.0,121.25993195897487,56.88974513888891,155.04658705241613,17.49495950097609,-32.60534652777782,50.10030602875391,33530.49901519816,9688.737992465522,0.0
2025-12-28,1,92711.87926652547,1501.754085052548,94213.63335157803,59059.12885028075,5318.203170182588,64377.33202046334,25108.21939546255,20337.657710324664,2633.8169164401306,65,1,419.27508866110315,14,1041.1608400071427,6000.0,6000.000000000001,123.58143566395805,66.62702569444446,172.3154583955283,-7.374191089561969,39.795093551587314,-47.16928464114929,64377.33202046334,5318.203170182588,0.0
2025-12-29,1,93445.75826075781,1240.883923387477,94686.64218414528,59478.760765539744,4239.363018865766,63718.12378440551,25080.088101099587,20314.871361890666,2397.6591782696937,60,1,416.42393751057483,18,1129.840138714679,6000.000000000001,6000.000000000005,115.02447286567306,66.21814999999997,151.60596256904878,-39.37220923120341,8.826759722222265,-48.19896895342566,63718.12378440551,4239.363018865766,0.0
2025-12-30,1,93263.06690775114,860.4882049865611,94123.5551127377,59392.63877574104,3288.150264571221,62680.78904031226,25117.175979705164,20344.912543561186,3126.8890765937226,54,1,160.05104053822876,12,869.0016143374121,6000.000000000005,6000.0,104.4549130962955,99.83002430555558,166.14072006584513,-39.96702093998092,54.466348710317476,-94.43336965029839,62680.78904031226,3288.150264571221,0.0
2025-12-31,1,92928.59393912535,2036.7068029374193,94965.30074206277,59055.42773501827,8093.811958203714,67149.23969322199,24953.608458507606,20212.422851391162,1577.6922016129913,77,1,388.8291531592512,15,265.5660846624552,6000.0,5999.999999999999,122.47785152569412,60.45075317460319,150.59995852293383,-19.868248357513917,-38.99385674603176,19.125608388517843,67149.23969322199,8093.811958203714,0.0
