date,days,purchase_kwh,emergency_kwh,actual_grid_kwh,planned_cost_yuan,emergency_cost_yuan,total_cost_yuan,charge_kwh,discharge_kwh,curtailment_kwh,emergency_intervals,emergency_days,emergency_while_charging_kwh,emergency_while_charging_intervals,waste_while_discharging_kwh,soc_start_kwh,soc_end_kwh,v1_total_cost_yuan,savings_vs_v1_yuan,same_risk_no_storage_cost_yuan
2025-02-01,1,47108.69673477165,83.607655165256,47192.30438993691,24536.508708154528,301.1723454524388,24837.681053606968,20631.55463108702,16711.559251180483,8894.133076697037,6,1,30.18739760128244,2,2062.2221574959135,5999.999999999998,6000.000000000003,23706.84576857229,-1130.8352850346782,37328.006893794576
2025-02-02,1,92642.0658755059,18.49930167839318,92660.5651771843,58510.15623006874,93.63575956157433,58603.791989630314,24833.333333333332,20115.0,9585.95389385096,3,1,0.0,0,2597.770802139001,6000.000000000003,6000.0,56986.17523420444,-1617.6167554258718,70061.31373946198
2025-02-03,1,91386.15482736447,81.63328483517444,91467.78811219965,57563.479479039546,320.74244789999125,57884.221926939535,24597.051527478754,19923.611737257786,6577.43182197868,9,1,11.064681736468401,2,2140.959317076752,6000.0,6000.000000000002,57022.03013186021,-862.1917950793286,69315.39877459947
2025-02-04,1,91138.6012547946,700.1765144776334,91838.77776927223,57297.346839558224,2827.7310245134954,60125.07786407172,24496.82128565874,19842.425241383582,5989.517774997078,22,1,210.3628939198623,6,1149.1600547914004,6000.000000000002,6000.0,59737.60230499087,-387.47555908084905,71538.10114378973
2025-02-05,1,90951.81537123266,229.19806014896926,91181.01343138162,57238.92264230261,849.4777463598774,58088.400388662485,24533.420379703446,19872.07050755979,5771.236575904642,12,1,111.89585672907992,4,1197.3480945007923,6000.0,6000.0,57811.79398107885,-276.606407583633,69510.66665485121
2025-02-06,1,91224.01153942634,143.74650422590935,91367.75804365225,57519.70753679443,695.3117402546841,58215.019277049105,24547.137196517757,19883.181129179386,6432.744759647216,14,1,16.86518563379127,2,1839.6518754818394,6000.0,6000.000000000002,57191.00226320427,-1024.0170138448375,69649.18262135967
2025-02-07,1,44642.62631250728,135.61115794235823,44778.23747044964,23004.73184259773,775.8834432331998,23780.61528583093,20564.200586515377,16657.002475077454,9065.359692345046,12,1,0.0,0,1400.8822138402486,6000.000000000002,6000.0,23374.25199861223,-406.3632872186972,36715.04712182271
2025-02-08,1,42785.66022939172,194.0548634085181,42979.71509280024,22058.436880588102,1061.055864321103,23119.492744909207,20534.645545597465,16633.062891933943,7500.969722470048,15,1,60.45618402908133,4,2062.34558096772,6000.0,6000.000000000004,22955.86138277984,-163.6313621293666,35737.79577704676
2025-02-09,1,88011.2695294969,613.8019486241747,88625.07147812107,55257.45400300764,1833.481660416996,57090.935663424636,24522.54256012617,19863.259473702197,4410.372425030432,17,1,396.1039043152192,6,1294.1806813182338,6000.000000000004,6000.000000000001,57898.97594641733,808.040282992697,68446.71157317286
2025-02-10,1,88162.82575376949,105.11591093823765,88267.94166470773,55357.34385018368,514.4449482285883,55871.78879841227,24620.42136874598,19942.541308684245,9263.424021312661,11,1,14.100118673509996,3,3691.7812429772157,6000.000000000001,6000.000000000001,55170.50318868593,-701.285609726343,67276.80249341295
2025-02-11,1,86887.68583263784,97.42623111011224,86985.11206374796,54377.59071051423,517.8724452670126,54895.463155781246,24501.289142528294,19846.044205447917,7109.269993334244,11,1,0.7750134754573992,2,2336.436565140184,6000.000000000001,6000.000000000004,54425.27835821382,-470.18479756742454,66319.51269530621
2025-02-12,1,85321.08739948702,398.6157143646725,85719.70311385169,53311.19784472433,1619.5936980414806,54930.79154276581,24287.630694582243,19672.980862611625,5838.317148547739,22,1,19.137496383922382,2,2175.929702418549,6000.000000000004,6000.0,54600.81349184017,-329.97805092563794,66356.38207742634
2025-02-13,1,84784.95815971261,228.17886647491235,85013.13702618753,53022.16219782066,706.1321459208812,53728.29434374154,24308.451357276193,19689.845599393717,9065.052251638372,23,1,46.578742649408674,4,3874.394406882485,6000.0,6000.0,53575.57240808814,-152.72193565339694,65155.6732033364
2025-02-14,1,37242.86877846178,807.7585867050202,38050.6273651668,19289.51690264792,2616.555038311583,21906.071940959504,19159.80655811136,15519.443312070198,4608.462302458973,34,1,491.3082586374176,13,1064.50348277405,6000.0,6000.0,22692.986609220516,786.9146682610117,34322.7818658901
2025-02-15,1,36151.494449673875,863.1539175850207,37014.648367258895,18713.27420078771,3007.5130951900587,21720.787295977767,18599.548572896554,15065.63434404621,4200.643038408555,47,1,230.6119385624047,8,759.3715045212722,6000.0,6000.000000000003,21752.515826580468,31.72853060270063,34807.37876028461
2025-02-16,1,81031.00431190294,1260.5265930244575,82291.53090492741,50212.47123818955,4984.141629950907,55196.61286814046,23236.235400854468,18821.350674692123,2499.267078765062,61,1,284.7113638100877,17,823.9688132254236,6000.000000000003,6000.0,55502.1001105602,305.4872424197383,66249.94229111788
2025-02-17,1,81036.93809442122,354.8159441232875,81391.7540385445,50177.13865703837,1249.8751696171048,51427.01382665547,23214.36577706089,18803.636279419323,5797.161374236269,29,1,111.45578201643093,6,2478.3399846521143,6000.0,6000.0,51602.89903298374,175.8852063282684,62634.79683246158
2025-02-18,1,80338.00216658467,486.894862726298,80824.89702931097,49653.05285333961,1957.6474933677619,51610.700346707374,23214.318437822647,18803.597934636346,4322.788742791343,31,1,138.53685672550876,7,1767.2511440866265,6000.0,6000.0,51590.14004256722,-20.560304140155495,62631.63016501539
2025-02-19,1,79863.45171007383,1236.79070852556,81100.24241859939,49278.530972346365,4460.993618890715,53739.52459123708,23283.974922062112,18860.019686870313,3796.9598000742585,56,1,288.3697885285661,10,611.4672406510265,6000.0,6000.000000000002,52786.911629313756,-952.6129619233252,65008.70491107034
2025-02-20,1,79764.93631489796,540.4749487263359,80305.4112636243,49200.21912150195,2218.3200942871053,51418.53921578905,23260.530061649086,18841.02934993576,4892.776818577634,34,1,71.50701115936278,4,1650.0366941571265,6000.000000000002,6000.0,51189.23873301501,-229.3004827740442,62713.02653757335
2025-02-21,1,35677.503682564704,579.7622380388385,36257.265920603546,18513.38665835837,2005.4910836940207,20518.87774205239,18216.92702422439,14755.710889621756,7235.787752667571,31,1,75.30827416671342,4,885.5257461235499,6000.0,6000.000000000003,20603.81128925515,84.93354720275966,33822.68655408522
2025-02-22,1,35174.118336227184,838.6211500535778,36012.73948628076,18239.410734362496,3152.154949942353,21391.56568430485,17873.12317155232,14477.22976895738,4772.08320035249,45,1,207.8096054631245,11,652.3227784539322,6000.000000000003,6000.000000000001,23260.85419908947,1869.288514784621,33798.62224830912
2025-02-23,1,78548.44339764726,1121.192901030212,79669.63629867748,48313.097096602345,3818.6999412917594,52131.7970378941,23235.9687128551,18821.13465741263,3722.948559901677,46,1,424.44633629143067,12,1081.7927220339125,6000.000000000001,6000.0,52525.53638615218,393.73934825807373,62848.59643119425
2025-02-24,1,78111.84414428174,384.2745862669901,78496.11873054873,47956.276513931516,1668.1583674105098,49624.43488134203,23200.012945156854,18792.010485577048,5885.082654302258,28,1,46.216208724832086,4,2527.3337880341396,6000.0,6000.0,49250.76266728646,-373.6722140555721,61090.004102539366
2025-02-25,1,77860.9860431498,418.92828830391295,78279.9143314537,47825.68210752762,1440.2633463746733,49265.94545390229,23231.21745926376,18817.286142003646,8044.659780860261,28,1,68.06577628635318,6,3398.89547846145,6000.0,6000.000000000001,49016.569352776314,-249.37610112597758,60686.416679458445
2025-02-26,1,77219.71070272494,635.002026614405,77854.71272933934,47396.27179743052,2558.3206551673557,49954.59245259788,23007.475284213113,18636.054980212622,4668.444392005525,34,1,84.61457391198041,7,2246.4926405626675,6000.000000000001,6000.000000000002,49888.887733625364,-65.70471897251264,61316.70643961159
2025-02-27,1,76628.58436963243,510.6205010349096,77139.20487066734,46946.17266274792,2503.023680547285,49449.1963432952,22946.04263025883,18586.294530509655,5822.872570918167,24,1,10.689051234184888,1,895.6446015387354,6000.000000000002,6000.000000000001,49346.04651416851,-103.14982912669075,61036.57309016465
2025-02-28,1,35000.94268016161,506.2447581213686,35507.18743828298,18091.715628516795,1831.0721897120854,19922.78781822888,17692.04142361046,14330.553553124471,8853.106017796992,31,1,207.81257358017,8,919.3121421860026,6000.000000000001,6000.000000000005,21787.9602217088,1865.172403479919,32248.825331521977
2025-03-01,1,34652.7514346,488.92784120467115,35141.67927580467,17953.397196525828,1813.3073131158212,19766.704509641648,17369.504205567053,14069.298406509317,8182.707543413609,19,1,209.1092298291146,5,1141.622836310229,6000.000000000005,6000.0,20489.86581616961,723.1613065279635,32392.124658678054
2025-03-02,1,75562.29640718781,4429.401200697461,79991.69760788527,46293.044246426,16492.310034379512,62785.354280805506,23030.471764418086,18654.68212917865,3257.6009059791695,48,1,2872.837470043991,21,1169.4435408596999,6000.0,6000.000000000002,65879.62565226495,3094.271371459443,69545.1354301761
2025-03-03,1,76357.92003653433,2746.442546560638,79104.36258309496,46761.34738799102,11298.334340647503,58059.68172863853,23321.284265635513,18890.24025516477,2656.171939290884,61,1,753.7850854990311,19,555.8353844434428,6000.000000000002,6000.000000000002,62534.052181947125,4474.370453308598,68336.49838273977
2025-03-04,1,78320.09349566014,329.16853845242764,78649.26203411257,48227.63513487599,1095.1016310482714,49322.73676592427,23171.646567311487,18769.033719522304,5047.191252990052,23,1,106.51188493974837,8,1634.0901476895444,6000.000000000002,6000.000000000002,50188.51199098679,865.7752250625272,60499.76048347004
2025-03-05,1,79480.65332722699,85.04136033782707,79565.69468756481,48998.17111848397,352.0111200090545,49350.18223849303,23178.40051829,18774.5044198149,9031.326572423059,14,1,11.947104954599581,3,3315.0468862190482,6000.000000000002,6000.0,48997.515190394915,-352.667048098112,60653.61928418598
2025-03-06,1,79020.08764704401,166.1611610343463,79186.24880807837,48789.35310357993,566.7476426128557,49356.10074619279,23172.78569969263,18769.956416751036,8842.765391803428,16,1,44.918751946684665,4,3731.801024043576,6000.0,5999.999999999999,48706.26149167017,-649.8392545226161,60653.581276505276
2025-03-07,1,34300.32958420836,129.5966776869137,34429.92626189528,17813.780175873846,404.578479335276,18218.358655209122,17332.991056203908,14039.722755525163,10214.372427883194,13,1,64.470505182073,5,1963.9583084325013,5999.999999999999,6000.000000000005,19737.01044629875,1518.6517910896291,31047.487598883392
2025-03-08,1,33363.06117728162,178.74720913936022,33541.80838642098,17451.33174104517,460.095918220169,17911.427659265337,16694.837236458756,13522.818161531593,11306.649794827154,16,1,23.514027766811296,2,1418.3793384937876,6000.000000000005,6000.000000000003,17760.687758256692,-150.73990100864467,30670.301459222363
2025-03-09,1,77219.76420468357,245.060158932567,77464.82436361614,47423.23173464303,921.3624675950357,48344.59420223806,23177.289623722103,18773.604595214907,9727.614285108939,14,1,9.463176075799538,1,3319.7121178162524,6000.000000000003,6000.0,47114.12528899563,-1230.4689132424319,59519.42169081473
2025-03-10,1,75477.85700321652,1360.894251405262,76838.75125462178,46174.72412571788,3891.5733667968407,50066.29749251472,23309.308495636644,18880.539881465684,4367.911190450813,34,1,1036.2134610559683,16,2232.9675079803733,6000.0,6000.0,51493.26674854926,1426.9692560345356,59405.19262102407
2025-03-11,1,75481.65677470787,336.5618632263647,75818.21863793423,45949.59677220656,1250.3923506800688,47199.989122886625,23288.972828388134,18864.067990994386,7454.395000540485,25,1,68.48692638317073,5,3531.3745495911126,6000.0,6000.000000000004,47546.11962192884,346.13049904221407,58437.87126344439
2025-03-12,1,74920.20875388828,414.4168293788659,75334.62558326714,45615.951420386686,1243.725028899133,46859.67644928582,23129.434246154175,18734.841739384883,8504.498393164513,28,1,94.52664353204405,7,3767.000118573873,6000.000000000004,6000.000000000002,46222.03095211803,-637.6454971677886,58099.104757027795
2025-03-13,1,73720.42494971643,2004.9944926653884,75725.41944238181,44857.9493932532,7985.5852209398645,52843.534614193064,22475.988975574153,18205.551070215068,3909.3635203560634,49,1,1019.0200992611813,21,1612.7350918335126,6000.000000000002,6000.0,57436.795496830084,4593.26088263702,62436.13823780029
2025-03-14,1,31864.833822374185,255.3682277997102,32120.202050173895,16578.24036374175,1030.0511514131092,17608.291515154855,16000.0,12960.0,13050.77606684056,21,1,44.19749983644476,4,747.4704512971629,6000.0,6000.0,19573.663002263234,1965.3714871083794,30019.439930934663
2025-03-15,1,31521.983470451945,626.8573786720046,32148.84084912395,16474.782888871938,2217.8018852041773,18692.584774076116,16008.997512363465,12967.287985014407,8183.00617177489,38,1,25.663204118963108,2,615.8659272586892,6000.0,6000.0,21274.855068380017,2582.2702943039003,31372.76755052291
2025-03-16,1,73315.15723364976,827.5421472881769,74142.69938093793,44462.913732851375,3278.233772467852,47741.147505319226,22315.686240040635,18075.705854432912,6551.672061996878,32,1,173.75266048916137,7,2623.30633559115,6000.0,6000.000000000002,46776.63229535205,-964.5152099671759,58277.145952644365
2025-03-17,1,72791.7808039537,201.88421843851668,72993.66502239222,44072.23411129029,759.7206534845001,44831.95476477479,22077.013434816796,17882.380882201604,10940.901036443702,14,1,10.622741101273066,2,4049.638676656701,6000.000000000002,6000.000000000005,43575.56593767492,-1256.3888270998723,55868.1197718617
2025-03-18,1,70226.31425253257,1175.7010934681243,71402.0153460007,42262.63677446655,5690.3920817426715,47953.02885620922,21463.333270015242,17385.299948712345,6198.023658031132,35,1,38.34965126990346,2,817.4079785610878,6000.000000000005,6000.000000000001,46028.47007274049,-1924.5587834687249,59191.33737172713
2025-03-19,1,70227.49464823755,673.2867931372541,70900.78144137481,42301.9326398458,3375.315434325578,45677.24807417138,21704.364986934375,17580.53563941684,7311.4816438572725,21,1,3.81541789709172,1,1271.0946492583614,6000.000000000001,6000.000000000002,43778.162096560955,-1899.0859776104262,57104.762655458464
2025-03-20,1,69885.79111179117,653.8562213355166,70539.64733312669,42210.97675705566,2542.349900326808,44753.326657382466,21842.874944473107,17692.728705023215,4180.539277010134,38,1,80.52939715658124,4,1028.1786940339903,6000.000000000002,6000.0,45646.08619984949,892.7595424670217,56330.319354730105
2025-03-21,1,30852.32182934973,363.03269414114675,31215.354523490878,15929.915975667343,1211.1415003293812,17141.057475996724,16000.000000000002,12959.999999999998,16141.890006824207,27,1,37.19805303329417,3,677.4287512050457,6000.0,6000.000000000002,17950.827080584324,809.7696045876,29606.642552947145
2025-03-22,1,31024.31749295866,394.35846392382405,31418.675956882485,16082.590640686465,1302.7309523563715,17385.321593042834,16000.0,12960.000000000002,12497.47622354915,22,1,154.09373748425514,5,813.1185609788888,6000.000000000002,6000.000000000002,19818.404380011692,2433.0827869688583,29104.348198827098
2025-03-23,1,68335.22038996742,746.7311696670621,69081.95155963449,41194.107692636964,2767.6767436446494,43961.78443628162,21717.71996415104,17591.353170962342,6185.864649779108,34,1,226.14661386742728,8,1616.8381827054313,6000.000000000002,6000.000000000002,45022.80173692672,1061.0173006451005,55441.33581528685
2025-03-24,1,68027.55711695389,702.2528715329086,68729.8099884868,40991.5136127776,2488.495493024069,43480.00910580167,21591.07973129413,17488.77458234824,6629.007756207582,33,1,162.7369086139155,7,1368.1879757298889,6000.000000000002,6000.0000000000055,42513.36068338066,-966.6484224210071,55407.872592883425
2025-03-25,1,67516.56393039915,1382.8442289887785,68899.40815938792,40685.38163090013,4717.677020784687,45403.05865168481,21688.3566327754,17567.568872548076,3828.4956824939372,44,1,729.6050346417765,15,978.124907982253,6000.0000000000055,6000.000000000009,48392.46754267855,2989.4088909937345,56046.586166846006
2025-03-26,1,68259.82905131872,172.118910682797,68431.94796200152,41061.10026875416,473.04017427571944,41534.140443029886,21665.04935471296,17548.689977317503,8723.033717939396,13,1,31.95411721655125,2,2847.623823420377,6000.000000000009,6000.000000000005,40777.05665623184,-757.0837867980445,53713.93203317858
2025-03-27,1,67647.47970530714,602.0527985590222,68249.53250386615,40744.211478934565,2073.8519570470908,42818.063435981654,21647.64507728089,17534.592512597523,5419.490539182787,27,1,109.38640826048572,5,1729.9137429708805,6000.000000000005,6000.000000000002,44950.95898128855,2132.8955453068993,54671.60710986879
2025-03-28,1,30209.17216858985,363.981425241103,30573.15359383095,15402.45352208266,1376.1590265190011,16778.61254860166,16000.0,12960.000000000005,16711.272827164288,24,1,4.658258790630498,1,740.8956162013801,6000.000000000002,5999.999999999998,17049.08078695023,270.4682383485706,29221.345053518056
2025-03-29,1,30352.00118035456,210.60626394450372,30562.607444299065,15467.095698204601,807.219776280618,16274.31547448522,16000.000000000002,12959.999999999998,19815.39826096573,20,1,0.0,0,887.1999123268108,5999.999999999998,6000.0,16958.916324855923,684.6008503707035,28464.478844971287
2025-03-30,1,64265.603498415745,897.3218241300541,65162.9253225458,38669.54015101427,3465.227564627513,42134.76771564178,21407.774436518495,17340.29729357998,5749.82847960728,35,1,512.948713980222,13,1428.556138802099,6000.0,6000.0,42082.04795598338,-52.71975965840102,53705.8802706496
2025-03-31,1,63574.08142695085,2085.1725234147334,65659.25395036559,38198.91292946306,7878.455955697061,46077.368885160126,21491.359104041814,17408.000874273872,4624.506237264304,46,1,1499.241050591243,24,2403.8815182195035,6000.0,5999.999999999998,48423.79145712405,2346.4225719639217,54554.647032043045
2025-04-01,1,64358.5475993809,3273.4441751395852,67631.99177452049,38535.79454285568,9112.986079911507,47648.78062276718,21553.71807107266,17458.511637568852,3327.9338243500083,58,1,2757.1982927988656,24,1610.0749157295124,5999.999999999998,6000.000000000004,53391.690820520394,5742.910197753212,53872.33475482679
2025-04-02,1,64914.37894114538,3382.184686321509,68296.5636274669,38725.108406023064,13492.60260777851,52217.71101380157,21552.70105589146,17457.687855272085,3766.2150268475184,58,1,1733.467480839583,19,563.7044622168343,6000.000000000004,6000.000000000004,58056.460031498595,5838.749017697024,60363.04540648774
2025-04-03,1,66585.40374115367,438.4262764480299,67023.8300176017,39702.07309732879,1717.443181423949,41419.51627875274,21642.397934070967,17530.34232659748,7048.244143461547,29,1,65.67990015415603,3,1285.4563297144368,6000.000000000004,6000.000000000003,42780.628424674505,1361.1121459217684,53683.95460326075
2025-04-04,1,29783.94054113699,187.42822864192604,29971.368769778917,15094.941334713882,766.6317151123694,15861.573049826251,16000.000000000005,12960.000000000016,20500.566519778928,17,1,15.66239307803653,2,918.6198217688421,6000.000000000003,5999.999999999991,16203.415247050893,341.8421972246415,28062.236140719077
2025-04-05,1,29979.21815704981,523.1478157539525,30502.365972803764,15179.303835435529,2039.8631076868066,17219.166943122334,16000.0,12959.99999999999,15418.250989470422,29,1,274.5027954909484,8,1063.6923355319311,5999.999999999991,6000.000000000002,22361.647877664203,5142.480934541869,28285.47737708485
2025-04-06,1,66410.95352963892,152.09618206812905,66563.04971170705,39422.18745553025,609.3197986019632,40031.50725413221,21675.1221572074,17556.848947337996,8034.700235170981,12,1,0.0,0,2342.5735249318514,6000.000000000002,5999.999999999999,39466.8279333049,-564.6793208273084,52000.966733865345
2025-04-07,1,65854.1500518769,176.51087120015768,66030.66092307706,38994.50485683795,481.9390629320923,39476.44391977004,21609.596230036615,17503.772946329656,8682.118356036763,19,1,22.133027013892615,5,3043.7020695460574,5999.999999999999,5999.999999999999,40732.052964065646,1255.6090442956047,51267.58712234026
2025-04-08,1,65722.5695041373,606.6180301891214,66329.18753432641,38912.034255976214,2791.862776083892,41703.8970320601,21617.417749008797,17510.10837669712,7868.684545348069,36,1,24.357746854848983,3,1215.4625344077228,5999.999999999999,6000.000000000001,42266.883000391485,562.9859683313844,53816.83641510349
2025-04-09,1,64567.02502201335,1835.5958988748548,66402.6209208882,38357.33430009919,6107.99739062768,44465.33169072687,21543.847187308595,17450.51622171996,3174.978938632901,44,1,1366.3631992987814,22,871.5829434662444,6000.000000000001,6000.0000000000055,52592.25480562957,8126.923114902704,53289.99571334619
2025-04-10,1,65751.57938019345,661.4001715071707,66412.97955170061,39037.700596739676,2979.73150377272,42017.4321005124,21709.402068758674,17584.615675694527,7827.555258636475,31,1,102.6883533416053,7,1515.5403120184994,6000.0000000000055,6000.000000000002,43566.95741426932,1549.5253137569234,53962.67123290024
2025-04-11,1,29183.61099050627,402.35664412986694,29585.967634636138,14650.545873058034,1602.5538388431132,16253.099711901148,16000.0,12960.000000000002,21229.31746796947,26,1,71.09577873404419,4,1237.035635174741,6000.000000000002,6000.0,16766.9297737706,513.830061869452,28327.43507371376
2025-04-12,1,29526.071356041208,160.86660552046308,29686.93796156167,14847.18083076083,683.7671799960134,15530.948010756842,15999.999999999996,12960.000000000002,17621.777411561678,9,1,7.1342550861954805,1,1586.5586823397823,6000.0,5999.999999999999,17987.702119457303,2456.754108700461,27522.098551589177
2025-04-13,1,64984.92839902231,305.3315130947685,65290.25991211708,38410.07437928626,1379.8921911360674,39789.96657042234,21532.910534408828,17441.657532871148,6922.648427246068,27,1,4.718066192920105,2,2035.1844969977267,5999.999999999999,6000.000000000002,42807.48506898168,3017.518498559344,51676.90647377872
2025-04-14,1,64568.85266376129,274.5609270853303,64843.41359084662,38086.279112237375,1220.048323201947,39306.32743543932,21330.213646963246,17277.473054040227,8262.641197923598,22,1,57.40614572970139,2,1805.4202139510846,6000.000000000002,6000.000000000002,39624.36952999136,318.0420945520382,51025.698621776726
2025-04-15,1,64593.1872300765,94.77425131502275,64687.961481391525,38213.78056836207,428.6498228473046,38642.430391209375,21466.475464050895,17387.845125881224,10469.90230988852,9,1,47.848924205252615,3,3983.5869329940015,6000.000000000002,6000.0,40948.88018739402,2306.4497961846428,50324.52763725164
2025-04-16,1,63411.125760508185,686.2529867115965,64097.37874721978,37514.99269662666,2296.382156023471,39811.37485265013,21025.77977854345,17030.881620620195,4322.888639296523,34,1,380.9173123202289,12,1304.6964801468248,6000.0,5999.999999999998,45569.875828825214,5758.500976175084,50950.001930030405
2025-04-17,1,62256.96071154632,280.0815108275533,62537.04222237388,36966.33890468173,1181.1277451325832,38147.46664981432,20585.88518655337,16674.567001108226,5757.381686928732,23,1,122.48153182467631,5,1463.2399191857958,5999.999999999998,6000.000000000001,40887.83347646245,2740.3668266481327,50029.932242097195
2025-04-18,1,28662.487320280867,206.1244433139699,28868.611763594836,14293.79014826796,614.5453143156444,14908.335462583605,15999.999999999996,12960.0,19474.494580261504,17,1,25.620533403831246,2,1120.4284981839717,6000.000000000001,6000.000000000002,16574.54743528673,1666.2119727031259,26735.032353056453
2025-04-19,1,28533.749621708685,256.88485007237824,28790.634471781064,14225.318389728776,781.5810880224172,15006.899477751194,15999.999999999996,12960.0,18965.955221781067,11,1,24.06388604421636,1,981.5500406153066,6000.000000000002,6000.000000000002,15180.900421461072,174.0009437098779,26868.77393434959
2025-04-20,1,61814.73144195273,434.8582865912813,62249.589728544015,36548.49811525392,1764.5291892502075,38313.027304504125,20799.793660230516,16847.83286478672,6339.884049766885,24,1,72.04576385896637,6,1356.3799185898515,6000.000000000002,6000.0,40934.931130969766,2621.903826465641,50845.91908080305
2025-04-21,1,61589.531866203506,308.570865238847,61898.102731442355,36315.87940651167,1029.9796580141135,37345.85906452578,20794.781109318203,16843.772698547742,9430.18393733856,25,1,57.65247826875704,5,2413.2878593630744,6000.0,6000.0,37072.66248597594,-273.1965785498396,49822.11535281466
2025-04-22,1,60953.583801929075,619.312023375256,61572.89582530433,36205.6530132423,1961.9543799257012,38167.607393168,20491.073564810467,16597.769587496474,5526.662531323672,29,1,262.1657949363632,9,1778.4006763436912,6000.0,6000.000000000001,41319.27407774113,3151.6666845731306,50011.910990478624
2025-04-23,1,61523.6354042007,334.8755860601962,61858.5109902609,36329.427489072215,1110.449645876901,37439.877134949114,20536.880915142927,16634.87354126577,6556.586899717069,23,1,159.7838072349751,10,2367.1397019062683,6000.000000000001,6000.000000000002,40409.01519811607,2969.1380631669526,49494.69390330648
2025-04-24,1,60416.68709625399,119.22688756979267,60535.91398382378,35772.48391665235,524.9606332868234,36297.44454993917,20479.799853269014,16588.637881147897,9554.645311702669,17,1,21.23249147632218,3,3040.4333311272167,6000.000000000002,6000.000000000002,35646.63969403098,-650.8048559081944,48932.15131070016
2025-04-25,1,27609.05705109131,191.4804433919867,27800.537494483295,13512.90539978285,715.6778215219143,14228.583221304765,16000.000000000004,12960.000000000002,22760.179844483293,15,1,95.74135913090015,5,1050.4741345402601,6000.000000000002,6000.0,15590.335844336665,1361.7526230319,25737.809621654513
2025-04-26,1,27464.525024154496,419.05886549263926,27883.583889647136,13436.557084945183,1537.5074204909436,14974.064505436127,16000.000000000002,12960.0,24773.3902563138,29,1,127.82948938394111,9,1123.281164397572,6000.0,6000.0,19453.854174213833,4479.7896687777065,26485.173817158782
2025-04-27,1,57323.340456883816,1103.994376650124,58427.33483353394,33825.8140944689,4665.244043835511,38491.05813830441,20252.244982083168,16404.318435487367,6005.9371036048005,36,1,95.2097804541952,4,909.3224923909168,6000.0,6000.000000000004,41023.69874426167,2532.6406059572546,51580.518623730146
2025-04-28,1,57415.79763243956,5530.874262062678,62946.67189450224,33980.90881125893,20286.847755928684,54267.756567187615,20254.38417568867,16406.051182307823,2476.371584454723,64,1,4315.060128282858,36,1018.1110804899142,6000.000000000004,5999.999999999998,64773.27538906665,10505.518821879035,55131.96200783
2025-04-29,1,59288.18134961121,579.4063838822794,59867.587733493485,35067.50839869186,2442.2592291494375,37509.7676278413,19667.575147246243,15930.735869269456,8697.534738850038,18,1,3.5413177786554115,3,2832.3886226853174,5999.999999999998,6000.0,37779.75764530526,269.99001746396243,49832.720812763364
2025-04-30,1,58984.08433914275,934.2283360780573,59918.312675220805,34954.26486935503,3211.933957460941,38166.19882681597,19502.86909905736,15797.323970236459,7955.91311306657,34,1,663.237669968795,15,2462.3085254582375,6000.0,6000.000000000004,40615.82561002904,2449.626783213069,48630.347489280415
2025-05-01,1,58568.23502587691,2626.1458144426897,61194.380840319594,34855.287503036925,12220.093208736886,47075.38071177381,19399.276279716312,15713.413786570218,6497.139547173501,63,1,436.08564953941345,9,427.81278382211934,6000.000000000004,6000.0,51871.72493493466,4796.34422316085,59924.77710373766
2025-05-02,1,27554.395030188185,3245.288466141221,30799.683496329406,13640.197259090557,14417.959388557174,28058.15664764773,16000.0,12959.999999999998,13469.36341299607,73,1,1143.6080134040194,21,120.69036120072187,6000.0,6000.000000000002,42568.6056020142,14510.448954366468,36666.083080796256
2025-05-03,1,28301.8861547901,1369.620174944072,29671.506329734173,14176.272199410381,6996.229087316139,21172.501286726518,16000.0,12960.000000000002,17764.334679734173,36,1,97.13140347414128,3,418.67304772244495,6000.000000000002,6000.000000000002,30373.49541699394,9200.994130267423,32947.05428799424
2025-05-04,1,63102.86275561037,1253.588029518923,64356.45078512929,37571.24353811755,5672.148602216744,43243.3921403343,20175.89367838592,16342.473879492602,8788.363652902635,51,1,314.5865727952938,13,3464.053643415486,6000.000000000002,6000.0,50016.02005951274,6772.6279191784415,54653.46151699798
2025-05-05,1,64145.38911650079,1584.7224381375383,65730.11155463832,38255.0528882428,7105.08942493161,45360.14231317441,19736.60887785755,15986.653191064617,6904.1490678453965,48,1,215.37407542157905,8,620.6389190344605,6000.0,6000.0,59559.13526160844,14198.992948434032,57813.015671635505
2025-05-06,1,63852.472049590804,1283.6364568937652,65136.10850648457,38382.51104698909,4986.955072046713,43369.4661190358,19972.908489525573,16178.05587651571,8471.173526808041,38,1,513.2982031319929,9,733.9231101037742,6000.0,6000.0,55806.176174708235,12436.710055672433,55176.60457253069
2025-05-07,1,65124.84288491183,780.3499030727731,65905.1927879846,39001.03535597613,3753.6036479161003,42754.63900389223,20693.775968733004,16761.958534673733,6905.5294039253295,34,1,112.53805579681534,4,1572.9068314496267,6000.0,6000.000000000004,56332.99593902258,13578.356935130345,54507.591802733885
2025-05-08,1,66901.78627954861,712.6702818632133,67614.45656141183,40794.97805945704,2812.5836984186985,43607.561757875745,21412.05607372454,17343.765419716878,7719.653507404173,20,1,253.0127697290991,7,2781.046994699491,6000.000000000004,6000.000000000001,53945.43868953237,10337.876931656625,55113.536195107095
2025-05-09,1,31267.221950853498,133.16420370349465,31400.386154556993,16897.42857471438,417.18244060109527,17314.611015315473,16000.000000000004,12960.000000000002,19861.00030455699,10,1,0.0,0,1322.265066351778,6000.000000000001,6000.0,22227.7372529794,4913.126237663928,29231.10596369438
2025-05-10,1,31234.709808318767,286.1919009684819,31520.90170928725,16877.795017603807,940.681438629197,17818.476456233002,16000.722470914405,12960.58520144067,16359.719156480178,18,1,111.26275108660843,6,1427.6311723920455,6000.0,5999.999999999997,29678.861543218358,11860.385086985356,29333.095312763668
2025-05-11,1,67722.49817024103,371.0049720752723,68093.5031423163,41029.95553037687,1407.213151466905,42437.168681843774,21334.63270106087,17281.052487859302,8555.843845781399,27,1,85.98335220235674,6,2804.7511188276644,5999.999999999997,6000.0,52951.692291061176,10514.523609217402,54035.381159416596
2025-05-12,1,68727.9956937135,560.0329077228208,69288.02860143632,41588.46234751766,1538.2960565699088,43126.758404087566,21831.803171782976,17683.76056914421,13208.790765464215,16,1,431.45445209614013,6,6736.8517029757295,6000.0,6000.000000000001,47208.13940640309,4081.381002315524,53801.27030501061
2025-05-13,1,67700.03524935362,94.00979854868172,67794.0450479023,40955.80710764834,312.86494953519315,41268.67205718354,21066.41849024621,17063.798977099428,10662.212768088848,9,1,36.2027995582132,2,2828.0106246169607,6000.000000000001,6000.000000000002,43207.86559024017,1939.193533056634,52690.73512244236
2025-05-14,1,67999.76980080357,185.18966544658107,68184.95946625015,41092.57230270515,586.6816582703742,41679.253960975526,20893.234186635575,16923.519691174813,11201.096187456058,11,1,3.9569948545863554,1,3666.494793416428,6000.000000000002,6000.0,43900.181540125704,2220.9275791501786,52908.11876825297
2025-05-15,1,68015.17433557706,329.4796165660892,68344.65395214316,41475.99749354555,1258.9945590780696,42734.99205262362,20817.67105651027,16862.31355577332,11624.238168072869,16,1,0.0,0,3714.714772084674,6000.0,6000.0,43512.12504657661,777.1329939529969,53941.185872550006
2025-05-16,1,31211.441270112613,107.74720813922868,31319.188478251843,17004.600878954647,294.09523647099206,17298.69611542564,16000.0,12959.999999999996,25563.681944918506,7,1,25.69406078431382,1,2240.3807958302787,6000.0,6000.000000000004,19273.7230030742,1975.0268876485607,29081.145433875405
2025-05-17,1,31004.94035445547,483.356607666428,31488.296962121898,16806.38925310852,1832.4476863361842,18638.836939444704,16000.472026727506,12960.382341649281,17999.40819371034,17,1,236.09704631907027,6,1857.6880321649464,6000.000000000004,6000.000000000002,29091.538195100176,10452.701255655473,29374.132144794996
2025-05-18,1,65181.90660079736,720.5226246032759,65902.42922540063,39702.92311045878,2007.80288010632,41710.7259905651,19417.53291193699,15728.201658668962,8536.92987213261,22,1,435.91285187806784,7,2399.325761921682,6000.000000000002,5999.999999999998,46300.104698561765,4589.378707996664,52747.5273032531
2025-05-19,1,65163.94265019406,156.18630363111663,65320.12895382518,39429.680702325546,912.5577745390788,40342.23847686462,19597.65693420512,15874.102116706144,14081.357586326207,10,1,8.073304505291844,1,2898.788565350703,5999.999999999998,6000.0,41075.16681302213,732.9283361575071,51577.72376397947
2025-05-20,1,64046.218596504135,667.0164807766082,64713.23507728074,38780.63458630146,2475.221304789467,41255.85589109092,19620.83746027569,15892.878342823304,6457.881143161692,23,1,448.38911447371106,17,2198.331147097362,6000.0,6000.0,50340.842145936214,9084.986254845295,51318.008026378084
2025-05-21,1,64148.7611598979,660.7738003590698,64809.53496025697,38812.95327197243,2479.8442545863254,41292.79752655875,19216.31586603686,15565.215851489857,9795.819662376627,22,1,232.43269230349836,8,2713.8982035145586,6000.0,6000.0,46854.17000863618,5561.37248207743,51598.09908025663
2025-05-22,1,63709.88232846208,174.8731656721754,63884.75549413425,38770.07709709658,634.8563811076413,39404.93347820422,19014.442639541543,15401.698538028653,9455.380575954698,10,1,23.095873253999628,1,2306.17875953242,6000.0,6000.0,39969.71851377801,564.7850355737901,50593.55806623321
2025-05-23,1,29771.395373819865,168.4296815276446,29939.825055347508,15958.14998583403,496.8558744898854,16455.005860323916,15999.999999999993,12959.999999999998,20478.876172014185,11,1,50.16400098603208,1,1110.10016198466,6000.0,5999.999999999991,22308.92921286482,5853.923352540904,27854.894002292258
2025-05-24,1,30104.11774817834,147.41641538548313,30251.534163563825,16177.132208559939,396.1376170186348,16573.269825578573,16000.000000000002,12959.999999999993,23457.032780230482,16,1,0.0,0,1455.9025741798737,5999.999999999991,6000.0,18116.71234566901,1543.442520090437,28235.941622259088
2025-05-25,1,62412.904251561915,170.37706239260783,62583.281313954525,37979.78212966116,757.2238831747187,38737.006012835875,18686.92707819023,15136.410933334088,10487.754985765043,15,1,14.926016206079566,3,2372.8774516045346,6000.0,6000.0,38838.000805111966,100.99479227609118,50394.28604340719
2025-05-26,1,60968.49610761525,2483.2189138373474,63451.7150214526,37141.63091982873,8879.462326912695,46021.093246741424,18911.887061977664,15318.628520201906,5278.623529676837,37,1,1773.7843230631854,16,1182.634504361477,6000.0,6000.000000000001,53925.3060609143,7904.212814172875,52734.02562301416
2025-05-27,1,62502.51248617453,124.80552101498324,62627.31800718951,37926.93485325725,318.076692071726,38245.011545328976,18857.713460727566,15274.747903189329,9653.98514965127,13,1,59.21603337469196,5,2329.2870562433022,6000.000000000001,6000.000000000002,40560.072399985176,2315.0608546562,49623.62290775349
2025-05-28,1,61811.46066421617,1487.8471726542982,63299.30783687047,37508.85947665662,4673.351655468544,42182.21113212516,18636.56610551256,15095.618545465175,7484.536176823078,33,1,1144.444107725642,17,1089.6794482704488,6000.000000000002,6000.000000000002,48454.738987317374,6272.5278551922165,51601.423876614885
2025-05-29,1,62354.5969212483,1040.0544187787848,63394.651340027085,37713.759697451496,4196.1949625766765,41909.95466002817,19049.490749743592,15430.087507292312,5665.1245975758075,40,1,387.84765514729224,12,932.3719001870552,6000.000000000002,6000.000000000001,52002.2137604328,10092.259100404634,53331.70314153343
2025-05-30,1,29422.056120006397,516.772342322298,29938.828462328696,15479.357227761315,2061.583939681206,17540.94116744252,16000.000000000002,12959.999999999998,20302.595195662023,21,1,52.26249752974991,3,1353.7676592286593,6000.000000000001,6000.000000000004,24765.91216059181,7224.970993149291,29166.31511552862
2025-05-31,1,29917.136312521383,520.4069369635092,30437.543249484894,15853.044100582709,1811.9016914321073,17664.945792014816,16000.0,12960.000000000004,19008.361699484896,22,1,131.4459789483575,3,1120.9830866862185,6000.000000000004,6000.000000000001,25792.372926063257,8127.427134048441,28740.43611425804
2025-06-01,1,64548.185935729576,11481.318987513396,76029.50492324297,38855.959226494575,44326.55152377155,83182.51075026613,20062.21952283126,16250.397813493317,992.8569139050259,115,1,5856.635905191473,38,779.3136193145723,6000.000000000001,6000.0,107608.93045895154,24426.41970868541,84973.70261941553
2025-06-02,1,67613.71394176109,8339.997846305585,75953.71178806668,40679.899740242734,33663.223845937384,74343.12358618013,20691.95703643049,16760.4851995087,3381.432501144886,114,1,2166.110771510349,25,1412.8884612232803,6000.0,6000.0,98255.40557332608,23912.28198714595,83747.92304836736
2025-06-03,1,70251.48578648007,3985.186397537268,74236.67218401734,42508.90708714058,16421.409497760906,58930.316584901484,21602.942972025852,17498.383807340935,1939.7461859990954,88,1,545.8891414443624,12,421.80049423232254,6000.0,6000.0,88851.85359687329,29921.537011971806,70319.66179627232
2025-06-04,1,73837.98032427127,3646.8772056576995,77484.85752992897,45034.512449881615,13064.372542959673,58098.88499284129,21833.275693251224,17684.95331153349,3691.274331544565,73,1,1834.3630542242413,23,2021.1390642217957,6000.0,6000.0,85513.93157869684,27415.046585855547,66474.80520972535
2025-06-05,1,76901.4906415957,2250.7949591139823,79152.28560070967,47405.93992449301,8473.327570493262,55879.26749498627,22333.333333333336,18090.000000000004,3759.6342507096797,66,1,567.3808032993073,12,1361.2857351371422,6000.0,6000.0,88676.57313115154,32797.30563616527,66864.67275646866
2025-06-06,1,35235.91747405392,2803.7519056821366,38039.66937973605,19733.015075945306,11208.332767237778,30941.347843183084,16000.0,12960.000000000002,4144.673979736056,70,1,775.071628543229,20,631.0118492057228,6000.0,5999.999999999996,72130.83388831464,41189.48604513155,40787.77778614559
2025-06-07,1,38365.27178080956,1017.2810483860654,39382.55282919563,21692.984963099978,3962.1619401386406,25655.14690323862,14462.20225074164,11714.383823100727,5508.2212348880485,37,1,416.6747626210213,11,850.6356642358967,5999.999999999996,6000.0,59323.55105069008,33668.40414745147,35704.04171648909
2025-06-08,1,90116.97531631119,15.863524517323981,90132.83884082851,57055.52180851424,54.03514515207761,57109.55695366632,24566.067561065192,19898.514724462802,20280.36273755945,3,1,2.062931306751125,1,8714.201936377907,6000.0,6000.0,57860.90054909306,751.3435954267406,68191.06566988333
2025-06-09,1,88759.41218343958,262.07053974395126,89021.48272318352,56069.58693847932,662.9411121973417,56732.52805067666,24481.33536241425,19829.88164355554,13437.316270991483,12,1,7.386909280356647,3,5052.463374238152,6000.0,6000.0,69247.63683109437,12515.108780417708,67723.12502018495
2025-06-10,1,89226.59784736682,84.13558700486885,89310.7334343717,56425.109997303836,225.39111483293132,56650.50111213677,24560.19243402954,19893.755871563928,13025.852638572744,4,1,0.0,0,4676.572355811855,6000.0,6000.0,68417.29291451364,11766.791802376873,67645.69476419792
2025-06-11,1,89994.43906110578,518.7754602748491,90513.21452138062,56716.83577244214,2493.441440314606,59210.277212756744,24628.47337356419,19949.063432586994,9749.358263736769,12,1,10.46801289643372,1,1945.2527000244393,6000.0,6000.000000000004,84429.81086572501,25219.533652968268,70191.30480142264
2025-06-12,1,91017.39823868741,111.3466979499187,91128.74493663733,57788.140375192605,326.96552312106104,58115.10589831367,24833.333333333332,20115.0,13958.020169970667,9,1,34.44683342545136,2,4831.732113555351,6000.000000000004,6000.0,67670.20080650921,9555.09490819554,69186.50845926344
2025-06-13,1,44618.32721162432,157.09275447427322,44775.41996609859,25689.359954284,856.8138768791391,26546.173831163138,14082.437175670335,11406.774112292971,13754.443202721222,9,1,103.99652707781104,5,2249.651360734495,6000.0,5999.999999999998,35199.284099123906,8653.110267960768,36707.09918794815
2025-06-14,1,44702.492564988934,40.76423657154135,44743.25680156048,25726.52558042058,109.11734480499224,25835.642925225573,14124.116981924431,11440.534755358784,15866.33182499483,3,1,9.286172535860032,1,2309.5503424792732,5999.999999999998,6000.000000000005,36723.27254128345,10887.629616057875,36551.882184514565
2025-06-15,1,92803.21458547458,0.0,92803.21458547458,59189.45219359331,0.0,59189.45219359331,24833.333333333332,20115.000000000004,17457.906918807923,0,0,0.0,0,5066.7759098368215,6000.000000000005,6000.0,57914.08419361033,-1275.3679999829765,70231.38336180156
2025-06-16,1,92232.98249222884,96.29456597578654,92329.27705820462,58757.389267547194,284.918083160233,59042.30735070743,24778.23022485438,20070.36648213205,14927.360498815635,6,1,25.986191587238793,1,4193.833313563814,6000.0,6000.0,61679.01229992613,2636.7049492186998,70117.71060924519
2025-06-17,1,90870.42003817607,432.5113406782838,91302.93137885435,57639.68223507069,1792.1300756799706,59431.81231075066,24833.333333333336,20115.0,11947.586828854357,10,1,0.0,0,4589.202548825032,6000.0,6000.0,68443.58714164986,9011.774830899194,70517.30966586218
2025-06-18,1,91083.40696527174,27.190809995676204,91110.59777526742,57658.26437640875,74.97769834469764,57733.24207475344,24833.333333333336,20114.999999999996,15463.873541934088,3,1,0.0,0,6154.96163410881,6000.0,6000.0,56683.42681246713,-1049.8152622863126,68763.4755365174
2025-06-19,1,89317.99413539446,167.28435865057412,89485.27849404504,56570.69881744806,660.9365810172018,57231.63539846526,24800.064333483497,20088.052110121633,16513.76207068317,9,1,0.0,0,5346.545483176355,6000.0,6000.0,56378.26233926446,-853.3730592007996,68208.26705254815
2025-06-20,1,41488.49748435552,17.693083010922635,41506.19056736644,24010.234202922184,38.25770640252696,24048.49190932471,13580.554795201866,11000.249384113513,16525.304306278085,3,1,0.0,0,2315.0725444550985,6000.0,6000.0,24417.85631889221,369.3644095674972,35102.323774632496
2025-06-21,1,39739.302982359855,80.8365563156807,39820.13953867554,22991.404566630357,245.3772098198635,23236.781776450218,14527.505220277106,11767.279228424459,17725.17314682289,8,1,0.0,0,1608.1664659212681,6000.0,5999.9999999999945,23374.298527789444,137.51675133922618,34737.7132019571
2025-06-22,1,83497.93640205859,138.46091103528624,83636.39731309388,52452.49166445232,501.1938266670724,52953.68549111939,22975.0985489783,18609.82982467242,11813.787488787995,5,1,22.48226034534605,1,4274.106425419696,5999.9999999999945,6000.0,52833.868106234084,-119.81738488530391,63757.82755184004
2025-06-23,1,82935.17947760085,125.09502710506983,83060.27450470591,51974.29625465989,463.267759707439,52437.56401436732,22996.839035648893,18627.439618875604,11629.589087932622,9,1,0.0,0,3337.2732412610676,6000.0,6000.0,52532.56162488354,94.99761051622045,63252.55603346211
2025-06-24,1,81640.10572693076,3744.40790079992,85384.51362773069,51031.64822967428,15176.958158334985,66208.60638800927,22956.22028576949,18594.538431473284,4754.039523434473,49,1,1220.968414432351,15,1157.5731654165024,6000.0,6000.000000000004,80039.16449211267,13830.558104103402,76013.91106900858
2025-06-25,1,82476.91869765201,1053.0653720451949,83529.98406969721,51592.94822162669,3473.193143398847,55066.141365025534,22890.55690059667,18541.35108948331,8743.356891917172,15,1,612.7224421023446,5,2484.911297114284,6000.000000000004,6000.000000000004,59112.8893366794,4046.7479716538655,65697.77704652207
2025-06-26,1,81814.91325383095,233.32666300547072,82048.23991683642,51194.95104281148,963.3910335869805,52158.34207639846,23078.082330637117,18693.246687816067,10116.020440682045,15,1,0.0,0,2554.778648102194,6000.000000000004,6000.0,55139.45912393549,2981.117047537031,63060.270418999775
2025-06-27,1,36403.46533766615,44.45611969996065,36447.921457366116,20983.955585076474,111.56413009134788,21095.519715167822,15937.488517031376,12909.365698795413,13648.152772463487,6,1,0.0,0,1046.874917237231,6000.0,5999.999999999998,21666.929354235825,571.4096390680024,33031.5942995183
2025-06-28,1,36468.23822690768,369.27652137123306,36837.51474827891,20747.949288703167,1274.5940188349268,22022.543307538093,16000.0,12959.999999999996,12020.588631612243,15,1,176.0947194142085,6,1335.5068478202013,5999.999999999998,6000.0,24319.729715299654,2297.186407761561,33511.08990400218
2025-06-29,1,80812.80537726873,1022.44103838287,81835.24641565159,50395.11788235803,3129.266638703443,53524.384521061475,22927.65765769097,18571.402702729683,8211.222927356981,27,1,560.8430514062003,9,3717.260211835203,6000.0,6000.0,55215.003048061066,1690.6185269995913,63647.50084506413
2025-06-30,1,81374.46838315079,869.922132301244,82244.39051545203,50811.29886792187,3479.5942103369557,54290.89307825882,22747.92150708784,18425.81642074115,8044.601445772002,21,1,11.919397577689097,2,3069.4427880717403,6000.0,6000.000000000002,56436.68123747125,2145.788159212432,65266.49239083548
2025-07-01,1,81689.74002553422,5462.043325088827,87151.78335062305,50966.47100439012,18349.377544265157,69315.84854865528,22794.638440088773,18463.657136471902,3954.2580136728525,86,1,1139.7600197497798,18,1999.3185550081782,6000.000000000002,6000.000000000002,78935.55091471347,9619.70236605819,80124.44763730584
2025-07-02,1,80056.66742540327,5153.361415262345,85210.02884066562,49712.7212291026,17666.86289929501,67379.5841283976,22378.09055776794,18126.25335179203,8053.42526802305,81,1,863.6668316366827,14,4515.867793526406,6000.000000000002,5999.999999999998,75291.50996092777,7911.9258325301635,78440.23609909842
2025-07-03,1,79164.68271801175,6637.44041910214,85802.1231371139,49299.36856020673,24173.36810554878,73472.73666575551,22270.090790819275,18038.773540563605,1810.3869535248991,107,1,1563.8031670247972,23,1215.7254929605378,5999.999999999998,6000.000000000004,92648.21387548003,19175.477209724515,83547.24848856796
2025-07-04,1,39280.129381478764,3002.313980416596,42282.44336189536,22581.21895089009,11365.987608313686,33947.206559203776,16000.000000000002,12960.000000000004,10361.575895228694,76,1,357.40303275901,8,566.6887524298312,6000.000000000004,6000.000000000002,57778.45135900997,23831.24479980619,46056.85359908382
2025-07-05,1,41092.367936492585,2165.715877513018,43258.0838140056,23640.61882146831,8755.730858292542,32396.349679760853,16000.0,12960.0,11428.003847338936,56,1,58.373864046960875,4,530.8378714783898,6000.000000000002,6000.000000000002,58144.230810318135,25747.88113055728,44817.86238653702
2025-07-06,1,81871.21950660317,5096.434848374786,86967.65435497796,50842.23580539536,22079.79365025421,72922.02945564956,22053.540968028305,17863.368184102925,2983.500021052583,84,1,1294.417345248435,17,947.2567386554612,6000.000000000002,6000.000000000002,104653.89435606592,31731.86490041636,82370.1228426483
2025-07-07,1,82686.63712048282,1188.3708696379204,83875.00799012074,51570.41250314568,3819.406663520438,55389.819166666115,22431.39331426595,18169.428584555422,6203.56049374354,45,1,430.91753766848933,12,3184.3024828840257,6000.000000000002,6000.000000000002,80347.77878513026,24957.95961846414,66092.20467446861
2025-07-08,1,87306.14622190202,874.6380587464523,88180.78428064847,54883.27273016455,3824.1688556041026,58707.441585768654,22262.594927788698,18032.701891508845,8379.504227701953,31,1,18.174411841783964,2,1641.6885937914751,6000.000000000002,6000.0,81708.50919696625,23001.06761119759,70005.97548828884
2025-07-09,1,86410.44165417916,767.9922714454895,87178.43392562465,54472.461804830986,2929.6737132440703,57402.13551807506,22508.7332005001,18232.073892405086,8843.049600862963,27,1,401.9303634322173,11,2646.0224368968397,6000.0,6000.0,74843.37039448126,17441.234876406197,68017.05169236612
2025-07-10,1,87057.58508988432,212.94916179854616,87270.53425168287,55093.945722581826,796.5123202849127,55890.45804286673,22959.32702717428,18597.054892011165,10054.63873318642,12,1,47.081717154512944,3,2431.5822311845545,6000.0,6000.0,69107.71870657841,13217.260663711677,67620.8688235228
2025-07-11,1,46786.485405984815,1316.6347159212635,48103.120121906075,28009.598582210085,3705.7812064981636,31715.37978870825,16041.639040416068,12993.727622737013,12536.431554227021,25,1,1136.8703142894701,16,1248.4685225104809,6000.0,6000.000000000002,48862.651147815355,17147.271359107104,41424.7250182982
2025-07-12,1,47275.671977226324,122.97886354783566,47398.65084077416,28131.65843886911,407.0204282857584,28538.67886715487,16013.112503896247,12970.621128155963,13271.916131700542,7,1,44.48863675671646,2,1470.039427800651,6000.000000000002,6000.000000000002,47758.77641871156,19220.09755155669,40870.797175029904
2025-07-13,1,87953.70811166179,58.782211446054816,88012.49032310785,55484.90649246649,334.29070446596734,55819.19719693246,22225.578040079025,18002.71821246401,14521.91009549283,4,1,0.0,0,4196.631013304383,6000.000000000002,5999.999999999999,64617.621319189,8798.42412225654,67035.83642854214
2025-07-14,1,86463.96051382757,188.4758379110028,86652.43635173856,54462.49094671894,904.7433685190964,55367.234315238034,22118.964185501227,17916.360990255995,10642.15393982667,8,1,124.14959881939285,4,3430.8057339612346,5999.999999999999,6000.0,71079.51506129424,15712.280746056203,66415.78198228143
2025-07-15,1,90598.19592509556,1105.480094509616,91703.67601960518,57566.15917109538,2907.512444457309,60473.67161555269,22213.399613849844,17992.853687218376,14734.079509640365,13,1,1067.3604435057243,12,5033.888803069952,6000.0,5999.999999999997,65196.28427137851,4722.612655825818,69288.02185601537
2025-07-16,1,90062.87054451162,346.522331915854,90409.39287642748,56977.836887323756,1277.1520792323645,58254.98896655612,22006.728519062817,17825.450100440878,14093.551074472203,8,1,158.70280059594324,3,5424.0929537298125,5999.999999999997,6000.0,63703.86151935563,5448.872552799512,69092.14945369861
2025-07-17,1,89770.88038327414,539.0768795865991,90309.95726286074,56911.670047047824,2644.354573097832,59556.02462014566,22019.319556570234,17835.64884082189,13405.870480445734,11,1,5.2259782997759885,1,3022.9512961197893,6000.0,6000.0,66072.79290104406,6516.7682808983955,70497.3235457091
2025-07-18,1,48678.71917395146,48.16370352113984,48726.8828774726,29335.1565640438,205.09440328550298,29540.250967329303,16000.000000000002,12960.0,14412.634777472598,2,1,14.683074444005683,1,2247.8665218440406,6000.0,6000.0,39137.25627957992,9597.005312250614,41879.16059303352
2025-07-19,1,48329.53826073074,1.6454507171995374,48331.18371144794,29044.222362457236,3.5928416410051898,29047.81520409824,16000.0,12960.000000000002,18108.364661447937,1,1,0.0,0,2574.3121932697923,6000.0,6000.000000000001,36329.326862572234,7281.511658473995,41334.69730290097
2025-07-20,1,87900.35850109266,149.69660670106947,88050.05510779373,55623.602393178146,495.25829352137436,56118.86068669952,22017.930858811298,17834.52399563715,11776.670027952923,6,1,88.7298734194344,2,3565.8184205412363,6000.000000000001,6000.000000000002,62359.9900047369,6241.129318037383,67059.35110338966
2025-07-21,1,87615.57466695526,246.08786731242725,87861.66253426769,55313.91425006065,1032.0363596790332,56345.95060973968,21805.560740600158,17662.50419988613,9728.856643553665,13,1,44.402702755061,4,3255.9407497039106,6000.000000000002,6000.000000000004,66477.91271397482,10131.962104235135,67242.74454979875
2025-07-22,1,90299.57065429755,404.64875997123727,90704.2194142688,57211.812194309656,1779.6989067385541,58991.511101048214,22481.376693079914,18209.915121394733,12637.613225916943,6,1,146.05232880078233,1,3604.7108074107496,6000.000000000004,6000.0,62023.75175026675,3032.240649218533,69852.23791764492
2025-07-23,1,89882.2903824489,263.5394301477643,90145.82981259667,56820.8559527918,1231.0813876935654,58051.93734048536,22466.20152998515,18197.623239287972,11660.70440523283,11,1,0.0,0,3811.3900481068936,6000.0,6000.000000000002,61882.62825564621,3830.690915160849,69114.46031219792
2025-07-24,1,89828.79316059219,582.9527016346136,90411.7458622268,56951.023800827556,2488.9542517169507,59439.9780525445,22616.7743189132,18319.587198319692,12498.086741633295,10,1,310.8631202291647,4,4929.436569355929,6000.000000000002,6000.000000000002,62882.23187469009,3442.2538221455907,69821.35846582787
2025-07-25,1,46918.02199064915,51.34728928712423,46969.36927993627,28078.911231575974,188.04400418650357,28266.955235762474,16003.124365472902,12962.53073603305,17423.456083829748,3,1,0.0,0,2314.7789071551892,6000.000000000002,6000.000000000001,28144.393428460855,-122.56180730161941,40652.79522462507
2025-07-26,1,46713.8802515519,131.73610798131318,46845.61635953321,28010.4650650421,317.097863712091,28327.562928754192,16016.839265906225,12973.639805384046,15333.32533234436,7,1,53.37112855074906,2,1845.2716132347023,6000.000000000001,5999.999999999998,31264.26804169198,2936.705112937787,40567.98486152581
2025-07-27,1,87126.95969861052,760.5380160481648,87887.49771465868,54981.65138108208,3315.5391641557894,58297.19054523787,22438.79772851879,18175.42616010022,9938.936346240105,22,1,72.43020073881847,3,2017.0034783101162,5999.999999999998,6000.0,62265.09132832761,3967.900783089739,69383.45676138173
2025-07-28,1,87515.76796332424,1167.2782147134014,88683.04617803764,55287.40115080578,4148.921356819643,59436.322507625424,22462.8527964657,18194.910765137214,6460.226913375823,33,1,667.2735133316394,14,2123.281569476248,6000.0,6000.0,71639.19956036261,12202.877052737189,69180.1103198724
2025-07-29,1,89979.59451313267,663.2328119066419,90642.82732503931,56987.247406655304,2529.9202434912804,59517.167650146584,22521.336344212887,18242.28243881244,10294.527469638862,13,1,284.1528917113154,5,3008.2641179854472,6000.0,6000.0,62743.708082739875,3226.5404325932905,70226.15763404402
2025-07-30,1,90102.05231694649,84.6378231590623,90186.69014010555,57049.50633021327,348.8067787516475,57398.31310896492,22358.563584918127,18110.436503783683,11835.309008971106,8,1,5.100063712330666,1,3962.450240042861,6000.0,6000.0,58109.0539209112,710.7408119462852,68318.8826929682
2025-07-31,1,89533.60905877277,138.12543197977112,89671.73449075254,56655.72092086038,558.1583432104103,57213.87926407079,22333.333333333336,18090.0,10733.40489075254,8,1,0.0,0,3148.69510552234,6000.0,6000.000000000002,58297.619353119655,1083.7400890488643,68109.9340189299
2025-08-01,1,45625.52229108341,95.90242812870144,45721.42471921211,27070.641453213935,210.19739984146383,27280.8388530554,16000.000000000004,12960.000000000002,21430.065052545444,6,1,0.0,0,2629.9315448010075,6000.000000000002,6000.000000000001,26660.659479502076,-620.1793735533247,39728.4302060161
2025-08-02,1,45413.27064044987,30.384585471772674,45443.65522592164,26993.752223042968,155.3569625292812,27149.109185572248,15999.999999999998,12960.0,21476.63029258831,4,1,0.0,0,2073.7124948263863,6000.000000000001,6000.000000000002,25955.564394720655,-1193.5447908515926,39443.74888354027
2025-08-03,1,85781.18845032426,247.58447285357175,86028.77292317784,53986.17225322536,1024.9524326723947,55011.124685897754,22250.573009665713,18022.964137829225,18961.68406800801,11,1,48.30475310849218,3,7152.934433420752,6000.000000000002,6000.0,52104.0702602592,-2907.0544256385547,66236.58232948871
2025-08-04,1,83815.00149152974,93.87211789521189,83908.87360942495,52570.72812097636,268.5361798366532,52839.26430081302,21865.75468647352,17711.26129604355,14338.725135661649,8,1,5.899858112909669,1,5314.303536125056,6000.0,6000.0,49840.08757058632,-2999.1767302266962,64192.847835670014
2025-08-05,1,81602.2567068919,102.92524609911145,81705.18195299101,51113.45091987286,318.6333483490261,51432.08426822189,21916.830666159105,17752.632839588874,12388.67439308745,7,1,19.419238682721698,2,4092.4656891094874,6000.0,6000.0,49885.30118234273,-1546.783085879164,62943.41542473099
2025-08-06,1,80129.74856669,1357.9458059913904,81487.69437268139,50209.11133679829,5411.227508182335,55620.33884498063,21773.25644444554,17636.337720000884,9236.376381570075,29,1,418.7329539892469,9,3764.300741849622,6000.0,6000.000000000002,57908.76128633767,2288.422441357041,66168.05036995711
2025-08-07,1,78662.8590313496,325.8340722360092,78988.69310358561,49482.61015264868,1139.6555737826156,50622.265726431295,20979.226463645202,16993.17343555261,11614.654825493019,16,1,96.38339509145976,4,2770.1837464252826,6000.000000000002,6000.000000000002,49126.74515595281,-1495.520570478482,62552.500009808624
2025-08-08,1,42350.74342923599,195.65268733949924,42546.39611657549,24750.950312863904,789.7297553055495,25540.680068169455,16000.0,12960.000000000002,23731.22486657549,13,1,23.851348861692486,1,1090.118654024026,6000.000000000002,6000.000000000002,26001.970969843023,461.29090167356844,37841.0422633455
2025-08-09,1,42258.81084960333,331.8369842225477,42590.64783382588,24733.041764403613,1311.3905255878703,26044.432289991484,16000.000000000005,12960.0,20628.718833825875,21,1,52.564773959918966,4,1346.0970171140946,6000.000000000002,6000.000000000003,28847.307040691052,2802.874750699568,38241.148306831405
2025-08-10,1,75161.93856825358,1303.2128649107954,76465.15143316437,47580.674909182264,4282.0028263192335,51862.6777355015,20682.651234334648,16752.947499811067,7230.828648640797,24,1,1130.2275560543676,15,2658.9717043060177,6000.000000000003,6000.0,54753.686518772796,2891.008783271296,61273.67887474103
2025-08-11,1,75907.72008704598,852.1450901932589,76759.86517723923,47861.65868960251,3619.264425336119,51480.92311493863,20201.10890694334,16362.898214624105,8360.401151586675,29,1,264.1266203635819,6,1285.036900847856,6000.0,6000.000000000002,53800.07929619844,2319.1561812598084,63966.65724795485
2025-08-12,1,74221.17223208459,2318.572554263717,76539.74478634831,46852.76458583158,9322.688478506276,56175.45306433786,20129.961814729864,16305.269069931195,4954.508391549641,48,1,1152.357954014624,18,1957.1250909950566,6000.000000000002,6000.0,60481.97885718541,4306.525792847548,64780.769115423136
2025-08-13,1,75139.01377494652,1626.6018511185673,76765.61562606509,47521.535762098305,5876.262524753057,53397.798286851365,20226.7327644348,16383.653539192188,6801.556950822478,34,1,1262.433520200026,15,1994.2340354886926,6000.0,6000.0,56406.66947573711,3008.8711888857433,62016.959297938076
2025-08-14,1,74363.55309359718,1358.375916904479,75721.92901050166,46940.40521442024,6101.217589909776,53041.62280433002,19765.615618894673,16010.148651304684,6040.171059578328,42,1,185.57574113511123,8,753.4501767817214,6000.0,6000.0,56266.22782779039,3224.605023460368,65726.68490649818
2025-08-15,1,41547.16540801516,445.45908934164214,41992.624497356795,24308.533789341738,1599.9734797124486,25908.507269054186,16000.000000000002,12960.0,21792.897614023463,22,1,11.628123437294562,1,733.7218378311054,6000.0,6000.000000000002,27520.168806204023,1611.6615371498374,38253.02497432004
2025-08-16,1,41627.83388144492,327.0872632038048,41954.92114464873,24428.133514152934,1260.33915556085,25688.472669713785,16000.000000000002,12960.000000000004,21985.640777982066,19,1,0.0,0,922.3605745173237,6000.000000000002,6000.000000000003,27965.060739215613,2276.5880695018277,37926.34936559194
2025-08-17,1,75265.13309022876,549.6218800368487,75814.75497026561,47579.96639284952,2355.8165938369257,49935.78298668645,20157.78262805047,16327.803928720883,8819.382654269355,23,1,13.610734965126994,1,2208.083389262685,6000.000000000003,6000.0,50119.30091052274,183.51792383629072,62276.65361851746
2025-08-18,1,75278.79802503629,744.1090038285115,76022.9070288648,47490.297842563356,3251.0499649090766,50741.347807472426,20530.22391650321,16629.481372367605,7728.048868062527,31,1,70.50077015678808,4,1465.2026349040286,6000.0,6000.0,54195.367599237456,3454.0197917650294,63595.99566473614
2025-08-19,1,75308.0163695322,865.3488680973061,76173.3652376295,47588.87953974765,3243.0725298358448,50831.952069583494,20629.920390932577,16710.235516655386,7936.02031335232,32,1,288.27472028744364,8,2670.058225233584,6000.0,6000.0,51375.85879609707,543.9067265135745,62711.68951677274
2025-08-20,1,75294.2049576724,3159.075166836804,78453.2801245092,47588.63093514795,12019.115714912687,59607.74665006064,20688.411522654635,16757.61333335025,3871.790868538152,58,1,1588.2946444729582,20,291.83999447859674,6000.0,6000.000000000002,71755.21357703768,12147.466926977038,69722.06112911587
2025-08-21,1,76705.1674983607,873.5119895080188,77578.6794878687,48407.84679515193,3193.64871864412,51601.49551379604,21596.266425449787,17492.97580461433,7630.970383699922,28,1,437.14981723065125,12,3118.0049401603574,6000.000000000002,6000.0,54836.57437258924,3235.0788587931966,62684.51067990143
2025-08-22,1,41982.29141533379,1016.6259286033869,42998.91734393718,24617.710858699484,3901.6593163820157,28519.370175081498,16000.0,12959.999999999998,18728.347943937173,40,1,250.45773944315977,8,1408.0735300904266,6000.0,6000.0,35531.306809700545,7011.936634619047,40224.82019875077
2025-08-23,1,42219.5871056671,298.48335973812283,42518.070465405224,24882.098844097065,963.9927804758963,25846.09162457296,16000.000000000002,12959.999999999998,16948.064315405223,19,1,26.32375868535314,2,1295.903765812232,6000.0,6000.000000000004,27883.799619522262,2037.7079949493018,38155.70036974836
2025-08-24,1,78870.42188048146,408.7824520566609,79279.20433253812,49745.185590951914,1548.7143444369253,51293.899935388836,21814.25095359798,17669.543272414365,11400.907168021164,22,1,21.178934237587782,2,3192.6283251142036,6000.000000000004,6000.000000000002,52471.54992063334,1177.649985244505,63182.67539919148
2025-08-25,1,79067.04975837294,1750.382731176094,80817.43248954904,49890.60918547745,6297.484508858958,56188.09369433641,22188.999966451076,17973.08997282537,5828.435479256669,35,1,948.6408198982949,13,2354.1961923852764,6000.000000000002,6000.0,63976.36558377722,7788.27188944081,65634.14580493681
2025-08-26,1,80031.6036314835,396.3665964224616,80427.97022790596,50437.771973090305,1554.1710112938122,51991.94298438412,22180.06788116672,17965.85498374504,10684.938947150938,17,1,15.201386665538394,2,3102.5316205402955,6000.0,6000.0,51675.591726118815,-316.35125826530566,63673.19562078447
2025-08-27,1,79871.11419151696,340.86699671667316,80211.98118823364,50383.166661241674,1642.1555715899497,52025.32223283162,22268.290482321194,18037.315290680166,8066.85712992593,15,1,0.0,0,1680.2230024138526,6000.0,6000.0,56397.94202094198,4372.619788110358,64453.32847684218
2025-08-28,1,79015.82993436466,2784.962198302407,81800.79213266708,50103.443340868995,10536.529696066014,60639.97303693501,22268.95525366514,18037.853755468765,6801.895651137368,39,1,2220.3983740238364,18,2411.897610710056,6000.0,6000.0,67318.42365867081,6678.450621735807,67207.68358493884
2025-08-29,1,43221.70544113136,304.51344789163886,43526.218889022995,25661.14458104998,1297.8832135397097,26959.02779458969,16017.262646673551,12973.982743805575,17927.71863615502,17,1,79.24190348260095,5,760.2975687562277,6000.0,6000.000000000001,28857.43455048514,1898.406755895452,39774.403344802005
2025-08-30,1,43132.993454153744,463.25231627563807,43596.245770429385,25573.958542938086,1379.2366091038932,26953.19515204198,16033.943333216128,12987.494099905065,22037.076703784984,22,1,118.75114523621528,3,2197.258394856467,6000.000000000001,6000.0,28929.202604361555,1976.0074523195763,39397.54147603611
2025-08-31,1,80360.80352968293,151.22230073129944,80512.02583041423,50947.935147721495,532.357198652283,51480.292346373775,22167.431734045345,17955.619704576733,9653.590717612284,11,1,49.50161029834794,3,3022.8431212885166,6000.0,5999.999999999995,53114.71771092697,1634.4253645531935,63673.740376371155
2025-09-01,1,80778.72890296254,0.0,80778.72890296254,51078.80867380731,0.0,51078.80867380731,22111.255098680955,17910.11662993157,23003.455900879813,0,0,0.0,0,6764.188744622412,5999.999999999995,6000.000000000002,48128.03508632733,-2950.7735874799837,63173.99458463413
2025-09-02,1,79592.97366687293,0.0,79592.97366687293,50227.892529978766,0.0,50227.892529978766,21970.421920614957,17796.04175569812,21360.837651956084,0,0,0.0,0,3859.008034620157,6000.000000000002,6000.000000000002,47214.954501972155,-3012.9380280066107,62316.60437615607
2025-09-03,1,79350.31365183773,0.0,79350.31365183773,50017.61435664379,0.0,50017.61435664379,22087.95561780035,17891.24405041829,19605.884834455665,0,0,0.0,0,5887.089643567763,6000.000000000002,6000.0,45998.99903181116,-4018.61532483263,62069.36131318679
2025-09-04,1,78648.6838737285,3.9847197704585824,78652.66859349897,49683.35045274459,23.145244786708673,49706.495697531296,21679.63762127705,17560.506473234407,20607.97189545632,1,1,0.0,0,5615.743395617053,6000.0,6000.000000000002,46603.8724460019,-3102.623251529396,61584.276866296204
2025-09-05,1,42231.793615325325,0.0,42231.793615325325,24970.715652418025,0.0,24970.715652418025,16000.0,12960.000000000002,32367.53194865866,0,0,0.0,0,3006.5237127920973,6000.000000000002,6000.000000000002,24472.71411813603,-498.0015342819934,37417.67527076277
2025-09-06,1,41953.199311863405,2.593849999999975,41955.7931618634,24757.978718633574,8.947485574999913,24766.926204208576,15999.999999999998,12960.0,31194.709461863404,1,1,0.0,0,2466.544016610268,6000.000000000002,6000.0,24365.858468269205,-401.0677359393703,37146.89393994965
2025-09-07,1,75716.15592284623,197.75811600586624,75913.91403885209,48045.76634960358,812.8912096120947,48858.65755921567,21700.498491967173,17577.403778493415,16829.835708711675,9,1,125.24238140638909,5,3939.332279815014,6000.0,6000.0,49159.91696097173,301.259401756055,61152.43487208718
2025-09-08,1,70442.93922460565,1321.311051011413,71764.25027561706,44042.924659914286,5633.967643223784,49676.89230313807,21459.842329199306,17382.47228665144,8291.310699735866,25,1,669.2749348119123,13,3176.519862985731,6000.0,6000.0,53791.99406157119,4115.10175843312,59933.958175358675
2025-09-09,1,70538.63499059551,65.59711734814783,70604.23210794367,44153.9702188507,254.70775575954704,44408.67797461025,21540.266921310078,17447.616206261162,13408.747126228074,8,1,0.0,0,3641.4003946882103,6000.0,6000.000000000002,43660.79974064282,-747.878233967429,57119.21965648202
2025-09-10,1,69921.19569878932,1981.539549980262,71902.73524876959,43834.45562855278,8517.996389907728,52352.452018460506,21483.309225818255,17401.48047291279,6504.907845864119,35,1,1396.3210858280231,17,1017.3360946148936,6000.000000000002,6000.0,63581.89835970298,11229.446341242474,62309.43428892917
2025-09-11,1,70245.38759591574,191.082207153197,70436.46980306895,43874.18987351062,828.6595176306166,44702.84939114124,21633.270582995814,17522.94917222661,12830.062608966406,8,1,43.294536485063645,2,2844.044991996127,6000.0,6000.0,45153.910559538876,451.06116839763854,57656.30568952136
2025-09-12,1,35159.60775039103,268.25026885116495,35427.858019242194,19806.356531277466,883.6749100153911,20690.031441292856,16000.635824004097,12960.515017443318,20836.081012681418,15,1,18.74498567292744,2,1496.8149991899784,6000.0,6000.000000000002,22615.498524202965,1925.4670829101087,33205.21252109717
2025-09-13,1,34282.21831801741,367.0957075611453,34649.314025578555,18960.130026400744,1528.5986374802653,20488.72866388101,16000.0,12960.0,23602.212542245223,16,1,48.39403698512956,2,1150.4305034177435,6000.000000000002,6000.000000000004,22421.353213791877,1932.6245499108663,32840.21217990473
2025-09-14,1,66620.47519495485,1788.723047601189,68409.19824255604,41316.08515746452,6092.401016540156,47408.486174004676,21643.005840003076,17530.834730402494,4197.702382955464,53,1,991.8533434042076,24,1381.8487991502634,6000.000000000004,6000.0,52363.280595910066,4954.79442190539,58306.756911760116
2025-09-15,1,63969.52297128062,2126.816343478464,66096.33931475908,39089.10434698753,8568.143921768316,47657.24826875585,21546.711031519742,17452.83593553099,6935.433585436995,67,1,546.1594634340977,11,903.3935650038557,6000.0,6000.000000000002,44561.5007665908,-3095.7475021650534,60923.01830904873
2025-09-16,1,63901.66044096393,3448.8040363873065,67350.46447735124,39384.25740176925,10867.960062833768,50252.21746460302,21541.28009520885,17448.43687711917,3765.8512759282257,80,1,1790.535578795142,27,1328.9968295179822,6000.000000000002,6000.000000000002,47071.1939338211,-3181.0235307819166,60695.8640602504
2025-09-17,1,65534.52151946988,2003.8916973896949,67538.41321685958,40318.11741201743,7009.96347662158,47328.080888639015,21540.690500818935,17447.959305663342,3485.563621703986,61,1,1033.0926735388123,19,751.5382439070944,6000.000000000002,6000.0,52588.809274284264,5260.728385645249,58091.35581927883
2025-09-18,1,66159.37835784807,1048.3830330757803,67207.76139092384,40828.61742494047,4649.412393388166,45478.029818328636,21486.209595812637,17403.829772608235,4169.330451052775,49,1,184.19541999511193,10,942.3922548765813,6000.0,6000.000000000002,48370.79892845685,2892.7691101282107,58404.29800697152
2025-09-19,1,32801.28657125844,1067.9873841840083,33869.27395544245,17874.898749792246,3583.21406177086,21458.112811563107,16000.0,12960.0,14727.92163877578,41,1,88.41185890718725,4,905.5399264875081,6000.000000000002,6000.000000000002,21911.791633625384,453.6788220622766,33809.90293001658
2025-09-20,1,33302.709757804594,747.7915815267049,34050.5013393313,18225.75115859999,3041.9633160398107,21267.7144746398,15999.999999999998,12960.000000000002,15365.067605997972,43,1,104.62511881168552,4,534.5796157774523,6000.000000000002,6000.000000000001,23495.72343003363,2228.0089553938305,33628.683223047534
2025-09-21,1,70256.46891368183,525.2611726063594,70781.7300862882,43499.20684995272,1949.4499150418073,45448.656764994535,21653.79384659125,17539.573015738915,8380.02177210253,34,1,101.79905366871651,7,3347.210701595133,6000.000000000001,6000.000000000002,45268.445547106254,-180.21121788828168,58043.33519705324
2025-09-22,1,67977.78155041841,2036.3046692440719,70014.08621966248,41759.82089471235,7582.069868861626,49341.890763573974,21515.235207611087,17427.340518164983,5312.171646883048,64,1,481.4703188201455,12,1906.1645675239233,6000.000000000002,6000.000000000001,46703.06720251066,-2638.823561063313,61933.00538088514
2025-09-23,1,69096.93743109402,1814.475725251443,70911.41315634546,42596.68559909094,7865.570939351212,50462.25653844215,21527.942935297575,17437.633777591032,4704.488415305586,58,1,271.18494795367803,9,1280.0456587774713,6000.000000000001,6000.000000000002,52357.649333008085,1895.392794565938,62817.24068581355
2025-09-24,1,69645.29840224658,903.9206300133474,70549.21903225993,43021.037274548595,3213.546569858079,46234.58384440667,21548.814067937554,17454.53939502942,5391.719259351793,45,1,120.91375412178343,7,1581.2449964873208,6000.000000000002,6000.0,48670.081636491646,2435.497792084978,58762.02334913483
2025-09-25,1,69401.87075712648,1259.0373457767018,70660.90810290318,43055.83530481328,4645.495055186492,47701.330359999774,21453.636622594684,17377.445664301693,6249.268244610192,39,1,305.7568289972369,8,2066.245664880718,6000.0,6000.000000000001,46730.170464972354,-971.1598950274201,60355.64804534541
2025-09-26,1,33889.78572476829,342.2195664542319,34232.00529122252,18652.25062740213,1336.1504810792394,19988.40110848137,15999.999999999998,12960.000000000004,13497.76179122253,23,1,86.08490830560379,6,991.7185817353792,6000.000000000001,6000.0,21786.99920783501,1798.5980993536432,32320.898851734135
2025-09-27,1,34141.48039862482,1422.248155332468,35563.72855395729,18850.74077418758,5588.449611355891,24439.19038554347,16000.0,12960.0,14722.426303957287,56,1,544.6268794738016,17,513.8628532983666,6000.0,6000.0,31235.984761464875,6796.794375921407,35057.97527074872
2025-09-28,1,71632.37975703306,704.13588102382,72336.51563805688,44465.222650068616,2635.6604168228214,47100.88306689144,21731.47744333295,17602.49672909969,4719.9057571569565,40,1,184.83892995318934,12,740.2645294550045,6000.0,6000.000000000002,54250.79140737487,7149.908340483431,58899.82903569371
2025-09-29,1,71051.72694050382,1009.1694969422651,72060.89643744609,43942.37473731746,4288.115668830411,48230.490406147874,21691.688817446277,17570.267942131486,5179.583962131294,46,1,147.89486843851603,7,1331.5382162737574,6000.000000000002,6000.0,50581.432995430725,2350.9425892828513,60606.969004217324
2025-09-30,1,71858.87417551142,1501.2562638288896,73360.13043934031,44674.886275145655,6327.936836267742,51002.823111413396,21750.927483422234,17618.251261572008,3805.2794508234165,53,1,411.2780896866144,13,711.5914931099953,6000.0,6000.0,59010.34563892983,8007.522527516434,62688.10568213849
2025-10-01,1,72568.78156728618,126.00261391724456,72694.78418120342,45015.24901248375,274.46147299500547,45289.710485478754,21826.244801472996,17679.258289193123,18886.27613559021,8,1,0.0,0,6047.844635199179,6000.0,6000.000000000002,42048.4439825972,-3241.2665028815536,57646.68469135868
2025-10-02,1,70939.04728469944,213.22014316075447,71152.26742786019,44164.38853729254,559.012537529269,44723.40107482181,21789.186754659775,17649.241271274415,15281.538827808174,16,1,48.546082596393944,4,4027.2647286663664,6000.000000000002,6000.000000000001,41816.822109262066,-2906.5789655597473,57404.14789025737
2025-10-03,1,33831.97668185288,70.72068168180033,33902.69736353468,18480.954282344832,161.51279931465336,18642.467081659484,15999.999999999998,12960.0,23045.543663534678,7,1,0.0,0,1979.9151238123443,6000.000000000001,6000.000000000002,18491.55247606505,-150.91460559443294,31352.931364057396
2025-10-04,1,34251.98812793319,156.6416430376171,34408.62977097081,18819.080207462237,561.856799301688,19380.937006763925,16000.0,12960.0,18272.64733763747,13,1,0.0,0,1583.1935286052671,6000.000000000002,6000.0,21621.656687005252,2240.7196802413273,32189.7204518522
2025-10-05,1,68421.13425011456,258.9967594476715,68680.13100956223,42515.23149754293,558.1069046062876,43073.33840214922,21676.271133166836,17557.77961786513,9825.678427593855,13,1,38.575578319515444,3,2935.113380725847,6000.0,6000.000000000003,41725.30103905168,-1348.0373630975373,56394.30366716585
2025-10-06,1,67949.68636111743,439.45753778504684,68389.14389890248,42333.82776406267,1008.3831418614345,43342.210905924105,21603.144107146043,17498.5467267883,6551.437268544735,15,1,392.7193008299962,9,2113.1112616500295,6000.000000000003,6000.000000000002,45409.50950183558,2067.298595911474,56152.79427893799
2025-10-07,1,67681.1285868805,431.96362211851203,68113.092208999,42194.67019111142,1582.9761034418127,43777.64629455323,21591.719336496055,17489.292662561802,6239.102535064764,22,1,182.89379132028728,8,1524.3956551745528,6000.000000000002,6000.0,49980.788034603975,6203.141740050742,57159.56760833025
2025-10-08,1,65059.248360985155,874.8855641146394,65934.1339250998,39862.461528117616,2841.167392214824,42703.62892033244,21415.013613790037,17346.16102716993,5386.78567181302,29,1,522.3240385229262,12,1462.13982851691,6000.0,6000.000000000004,46559.68334725019,3856.054426917748,55361.395768443945
2025-10-09,1,65936.35573951121,247.66320522343221,66184.01894473465,40461.97110773219,960.4348418212946,41422.40594955348,21392.792428333996,17328.161866950537,6359.406700017857,19,1,61.4699111584232,5,1222.4814865367632,6000.000000000004,6000.000000000002,43882.413940700855,2460.007991147373,54970.06883540892
2025-10-10,1,32267.516010859,458.7697691040172,32726.285779963015,16825.11932021554,1538.3233418861862,18363.442662101726,16132.199363096137,13067.08148410787,20317.556984308085,31,1,15.587375970522316,3,1066.708065177749,6000.000000000002,6000.000000000004,19904.101183158855,1540.6585210571284,31122.189045200423
2025-10-11,1,33225.588962012895,85.54155390840845,33311.1305159213,17397.407529351873,349.6731682583047,17747.080697610178,16423.660665817904,13303.165139312503,16084.321406082567,12,1,10.247650348730303,2,884.9022699067559,6000.000000000004,6000.000000000001,20460.834107551582,2713.7534099414042,30464.27309341457
2025-10-12,1,66155.79961200368,859.5919967016337,67015.39160870532,40501.39817348208,3407.560525461608,43908.95869894369,21364.84034758356,17305.520681542683,4441.115959331113,41,1,594.8498110681855,21,1158.0480420309052,6000.000000000001,5999.999999999999,48008.60297149275,4099.644272549063,55341.15387152395
2025-10-13,1,67121.0162205885,283.2047181170458,67404.22093870555,41146.55716645576,1161.3433729632231,42307.90053941898,21387.158271237076,17323.598199702028,6313.2655671704915,18,1,26.54995819468718,2,1167.652341609798,5999.999999999999,6000.000000000002,43847.60694488213,1539.7064054631483,55747.26454960706
2025-10-14,1,66751.13735450912,948.8422628221757,67699.9796173313,40893.036591099975,3938.0176651391303,44831.054256239106,21406.798134692603,17339.50648910101,2858.8586884063666,55,1,309.4362292839281,14,452.9305329846034,6000.000000000002,6000.0,53711.22856983959,8880.174313600488,57179.55327321804
2025-10-15,1,65708.93808814138,2235.350808871469,67944.28889701286,39868.17025834819,9546.824582983356,49414.99484133155,21392.143073742875,17327.635889731733,1959.75806300171,70,1,1297.155702748483,28,541.8798542392797,6000.0,6000.000000000002,56774.53726200298,7359.542420671431,58276.90939636907
2025-10-16,1,67133.43603469954,2402.2625926174505,69535.69862731699,40905.98537355112,10231.366275632494,51137.35164918361,21525.60963523814,17435.74380454289,2479.3598466217377,60,1,526.2236454787294,13,444.6693931475952,6000.000000000002,6000.000000000001,59304.10789033566,8166.7562411520485,63660.14426903917
2025-10-17,1,32325.114116812758,535.7086288505996,32860.822745663354,16603.76663970473,2405.6921679149095,19009.458807619638,16633.970673920834,13473.516245875875,13696.169000951735,36,1,40.6106002829315,4,977.2986000878973,6000.000000000001,6000.000000000004,22878.918625577808,3869.45981795817,31710.20257338136
2025-10-18,1,33048.95370492923,366.64728013366397,33415.60098506289,17114.283769156704,1199.9895605180425,18314.273329674746,16796.778796022983,13605.39082477862,14147.619747151864,28,1,47.400972759573506,5,1301.5947026441281,6000.000000000004,5999.999999999999,23290.89749340974,4976.624163734992,31091.98326309014
2025-10-19,1,70779.89011979783,1251.9797386357213,72031.86985843355,43192.17035136568,5272.811351572766,48464.98170293845,22340.86477178493,18096.100465145788,3901.3830184610765,55,1,226.47678920346698,7,775.1533787791627,5999.999999999999,6000.000000000002,55235.33849167721,6770.356788738762,61034.75775551484
2025-10-20,1,72196.77400627971,1148.0743567255083,73344.84836300522,44357.15532743281,5293.725045830727,49650.880373263535,22557.66893788819,18271.711839689433,4618.108898139793,38,1,363.53442112308,11,1288.242162920873,6000.000000000002,6000.000000000002,55922.337328707785,6271.45695544425,61152.524842932
2025-10-21,1,73410.1818111562,865.9868761970573,74276.16868735326,45113.290104838044,2892.663456682341,48005.953561520386,22829.653866306322,18492.01963170812,3475.953102755058,38,1,465.9513381506994,16,1027.0898617647044,6000.000000000002,5999.999999999999,58331.48904738895,10325.535485868568,59255.67845896784
2025-10-22,1,73488.73273402282,1499.0190798114857,74987.75181383431,44873.10037295242,7417.723489878832,52290.823862831254,23057.819659728506,18676.833924380087,5051.869378485887,44,1,129.97301821221413,6,1612.5293621012163,5999.999999999999,6000.0,57748.77745619117,5457.953593359918,64304.481605884175
2025-10-23,1,74457.66563827948,462.51659760870837,74920.18223588819,45733.82900052929,2022.7414051457222,47756.57040567501,23623.79785646979,19135.27626374053,7052.163609825583,28,1,126.05990233301372,4,2361.0775902552955,6000.0,6000.0,48446.74815253253,690.1777468575165,59827.03715772852
2025-10-24,1,33325.49222261435,731.5648570150208,34057.057079629376,17252.731986088074,3560.11566843898,20812.847654527057,17015.5248816945,13782.575154172542,12404.056635440753,36,1,73.9418803818169,3,547.6838518489282,6000.0,6000.0,22888.93269468533,2076.085040158272,33650.77359035717
2025-10-25,1,34019.462124301936,453.91492773767175,34473.37705203961,17704.140496681284,1977.6889334170676,19681.829430098354,17237.286689556757,13962.202218540973,11799.859847690488,25,1,38.82505404282528,3,1053.7458391414284,6000.0,6000.000000000001,22160.26360447048,2478.434174372127,32533.801984652135
2025-10-26,1,75651.00364098167,307.3770105653003,75958.38065154696,46753.66743038852,1092.3382139577122,47846.00564434623,23630.753309105523,19140.91018037547,6924.22550615024,20,1,125.47635431917774,6,3006.0488100849716,6000.000000000001,6000.000000000004,47319.5523002036,-526.453344142632,60065.61847894712
2025-10-27,1,75888.47769727936,460.86876630947654,76349.34646358884,46949.189062093836,1764.5504952620558,48713.73955735589,23628.136719021295,19138.790742407247,8307.418820308121,34,1,91.07751533942485,6,2919.03159992292,6000.000000000004,6000.000000000002,50266.01917928677,1552.2796219308802,60985.853744234126
2025-10-28,1,75954.58568210783,331.9615220668138,76286.54720417465,46941.65322934992,1361.6900514377437,48303.34328078767,23671.233159226776,19173.69885897369,5816.59120392157,23,1,192.119378108962,8,2280.2552376214912,6000.000000000002,5999.999999999999,51688.16494970202,3384.821668914352,60182.68784679796
2025-10-29,1,75186.89570548064,1554.8754373958936,76741.77114287653,46405.64650293316,5560.59228139792,51966.23878433108,23627.56765754011,19138.329802607484,2940.276487943903,51,1,993.707522001012,16,660.7993674054852,5999.999999999999,6000.000000000003,63646.71125534791,11680.47247101683,61651.72073503769
2025-10-30,1,75656.5842419699,372.4668306920082,76029.05107266191,46806.25451518678,1475.260591855642,48281.515107042425,23656.865843656207,19162.061333361533,6746.428912367231,26,1,48.586919923674486,4,2943.073119937774,6000.000000000003,6000.0,49514.236745597176,1232.7216385547508,60673.12910684542
2025-10-31,1,34561.501179229796,425.7989036179565,34987.30008284775,18177.61679785206,1712.9199262956004,19890.536724147663,17481.769479167753,14160.233278125877,7761.471815139212,29,1,115.5794259855611,8,730.2357655217791,6000.0,6000.0,27646.226707088223,7755.689982940559,32726.074264369825
2025-11-01,1,34873.740500507716,305.6042967185527,35179.344797226266,18351.5765180012,942.1658005510845,19293.742318552282,17473.729097090654,14153.72056864343,9315.29783544571,23,1,24.11044769706541,2,1515.387092886282,6000.0,6000.000000000001,24946.445389106215,5652.703070553933,32295.290638513674
2025-11-02,1,77391.63223362058,514.618204678247,77906.25043829883,47968.26693395322,2307.9859532098194,50276.25288716304,23494.7655084889,19030.760061876008,4645.861058352607,31,1,148.62659855620097,7,1408.9114457146645,6000.000000000001,6000.000000000003,55971.23828524548,5694.985398082441,62086.74503226204
2025-11-03,1,78016.60252030074,534.0599817062383,78550.66250200698,48523.28572484719,1576.462089911964,50099.747814759154,23435.588586528298,18982.826755087925,4592.970387233283,24,1,303.28927546575596,11,2519.750684267669,6000.000000000003,6000.000000000002,54921.931048930805,4822.183234171651,61327.01592298592
2025-11-04,1,78663.28811054565,392.7226647951791,79056.01077534082,48773.25393934116,1748.9351765241702,50522.18911586532,23307.536205150114,18879.104326171593,7047.506863028967,30,1,76.26999907224649,4,2192.5790113699163,6000.000000000002,6000.000000000002,51735.00243342472,1212.8133175593975,62162.7493552642
2025-11-05,1,78462.63980158635,400.2801503355697,78862.91995192193,48786.32231165955,1218.1610663785202,50004.48337803807,23374.632593379767,18933.452400637616,4743.719692513107,26,1,143.8934413663451,9,1902.6251944456951,6000.000000000002,5999.999999999999,53985.984248853776,3981.500870815704,61687.753490839386
2025-11-06,1,77886.43986751791,1420.3948822138248,79306.83474973173,48329.04378638777,6449.715078540604,54778.758864928364,23366.67909192939,18927.010064462804,3497.581172265149,52,1,337.2354721861879,14,1009.9646853956348,5999.999999999999,6000.0,63142.21503057446,8363.456165646094,65984.2846847831
2025-11-07,1,35917.637524877035,388.82316670332546,36306.46069158036,19057.807553999693,1697.9015979041644,20755.70915190386,18033.514717204966,14607.146920936026,9561.631111978084,29,1,0.0,0,519.2849994811356,6000.0,5999.999999999998,23495.51271565385,2739.8035637499925,34420.83238198188
2025-11-08,1,35969.257433024344,204.90641858327214,36174.16385160761,18963.23684235362,743.1288849671763,19706.365727320797,18112.882286239048,14671.434651853626,8941.509117222191,16,1,66.56432572706967,2,1566.9618904884117,5999.999999999998,6000.000000000003,22316.693799456887,2610.3280721360898,32851.96143039071
2025-11-09,1,79750.2827669365,735.7867507040407,80486.06951764054,49735.58070842981,3260.8745681133096,52996.455276543114,23297.735899604268,18871.16607867946,4712.682513382398,26,1,125.7450332336964,5,1962.5914223168465,6000.000000000003,6000.0,57208.966065324326,4212.510788781212,64644.12266727211
2025-11-10,1,80330.89726643343,870.5556909593365,81201.45295739277,50146.35619962897,3406.128297166603,53552.48449679558,23281.0306381225,18857.634816879225,2919.6140361494927,51,1,286.26644138796496,12,1157.7858480185355,6000.0,6000.000000000001,64570.702686421544,11018.218189625964,64648.14136329719
2025-11-11,1,80853.95203201164,214.79565119564703,81068.74768320729,50580.752746122664,797.3456942550596,51378.098440377726,23288.202443826256,18863.44397949927,5084.969552213636,29,1,14.513238667682117,3,1825.7384148985752,6000.000000000001,6000.000000000005,55844.68589428368,4466.587453905951,62990.16811250673
2025-11-12,1,81488.43638016877,246.22440650179414,81734.66078667056,51062.73757573167,1214.7324166157412,52277.46999234741,23242.91353227304,18826.759961141164,6362.519465538699,19,1,10.08598701802839,1,1601.6046742155918,6000.000000000005,6000.000000000002,55120.66585335772,2843.19586101031,63832.839721558645
2025-11-13,1,81094.78104655005,671.9896553409287,81766.77070189099,50896.01364522097,2545.257502997778,53441.271148218744,23207.2585808518,18797.87945048996,4961.520254862476,34,1,265.4100953114138,8,2189.0002129293307,6000.000000000002,6000.000000000001,58663.02623512798,5221.755086909237,64518.59323526267
2025-11-14,1,37204.037760612206,108.79513551031198,37312.83289612252,19804.396741902277,360.6798992470515,20165.076641149328,18890.01432271906,15300.91160140244,6125.274874805897,11,1,10.46732845111228,1,1838.3756934211278,6000.000000000001,6000.000000000004,27253.03447446087,7087.957833311542,33629.089787329445
2025-11-15,1,37074.2197054897,227.80580322034854,37302.025508710045,19680.8191806141,893.2467882075201,20574.06596882162,18708.353555484995,15153.766379942848,5535.551416501231,19,1,46.142471118380286,4,1024.8091841652094,6000.000000000004,6000.0,26014.35904383876,5440.29307501714,33746.06898820709
2025-11-16,1,82984.61399497036,805.7753956535621,83790.38939062392,52216.48634656749,3049.099355441801,55265.585702009295,23654.964818031905,19160.52150260584,4861.401691864532,36,1,240.4540108792504,9,1303.8239116772872,6000.0,6000.000000000002,60622.99094196129,5357.405239951993,66432.26986058729
2025-11-17,1,83794.03910216842,243.22444695730618,84037.26354912572,52778.61397693381,844.1286368139873,53622.7426137478,23840.606874558587,19310.891568392457,6811.793909626264,18,1,7.420555151993767,2,2141.850880300977,6000.000000000002,6000.000000000003,54501.46574519047,878.7231314426681,65072.84194226844
2025-11-18,1,83318.03088442983,541.5566911661299,83859.58757559596,52515.72564352067,1579.6852838601621,54095.410927380835,23777.634343352056,19259.883818115166,4451.285217025733,31,1,340.00088268569175,15,1888.0353775609576,6000.000000000003,6000.000000000004,59142.21762880127,5046.806701420435,65132.37573598379
2025-11-19,1,83882.928668013,449.05632237136405,84331.98499038437,52849.79492155298,1622.762297843828,54472.55721939681,24053.23161304525,19483.117606566655,4393.559383905771,28,1,56.27841573797332,4,1140.3442829075257,6000.000000000004,6000.000000000002,60280.47166296045,5807.914443563641,65888.26489225215
2025-11-20,1,84395.26950692813,336.1527187364898,84731.42222566462,53230.11786264724,1264.4931135025897,54494.61097614982,24175.09605562251,19581.827805054236,5345.077941763009,27,1,74.4183380971179,6,2006.3082015622335,6000.000000000002,5999.999999999998,58030.7852825542,3536.1743064043767,65905.12631503887
2025-11-21,1,38284.22786961937,307.8783297031558,38592.10619932252,20409.475236301387,848.1239749776331,21257.59921127902,19056.465130242006,15435.736755496026,6106.993757909876,28,1,41.563871884458536,3,1522.4393779566858,5999.999999999998,5999.999999999996,24149.380697527075,2891.7814862480554,34591.03710914911
2025-11-22,1,38453.984928292026,219.19150267892354,38673.17643097095,20394.546292098195,684.0565264706154,21078.602818568812,18965.7983793166,15362.296687246442,4849.845255567462,28,1,49.229133751621134,5,771.0640498364464,5999.999999999996,5999.999999999997,24654.50727727066,3575.904458701847,34341.388449539954
2025-11-23,1,85132.51570692663,671.2648409856563,85803.78054791229,53700.812870406146,2909.7341346560315,56610.54700506218,24331.251481175124,19708.31369975185,5948.746483155678,32,1,100.4858978380611,7,1535.8525042129613,5999.999999999997,6000.000000000002,60058.545268096845,3447.998263034664,67973.44846931334
2025-11-24,1,85239.77604077384,288.0568308395833,85527.83287161343,53720.06104106135,1050.9535620965128,54771.01460315786,24554.556166119277,19889.190494556613,6700.523500050757,24,1,52.76849300565823,4,2560.205208545299,6000.000000000002,6000.000000000002,55869.99925243639,1098.984649278529,66141.68768831964
2025-11-25,1,84946.8836506699,431.0697822843242,85377.95343295422,53542.268771543204,1566.8344684585393,55109.10324000174,24425.27481966206,19784.472603926268,4568.490750551768,32,1,98.84206489481667,7,1563.624828864702,6000.000000000002,6000.0,58694.18604198786,3585.0828019861146,66499.89087851578
2025-11-26,1,85281.83798688877,317.6879576560812,85599.52594454485,53775.539874642374,1132.0050332415099,54907.54490788389,24598.449866956642,19924.744392234883,4168.153586489764,19,1,69.67393875603875,5,1267.9818021168212,6000.0,6000.0,60380.478925837786,5472.9340179538995,66223.26993115355
2025-11-27,1,85411.35916733106,276.5883747118995,85687.94754204295,53895.56642508096,1111.4057893189122,55006.97221439987,24614.71523790144,19937.91934270017,5230.258913508354,16,1,111.13283322805682,4,1949.6510343926832,6000.0,5999.999999999998,57279.01340319329,2272.041188793417,66389.19905101963
2025-11-28,1,39138.9752434416,290.56755594157124,39429.54279938317,20731.618124433156,1328.2176080789802,22059.83573251214,19344.54393743329,15669.080589320964,4832.840901270844,22,1,32.725518697008965,3,831.2780396518339,5999.999999999998,6000.000000000001,25993.61617739263,3933.780444880489,35299.30253901711
2025-11-29,1,39748.64917701613,2137.630565547158,41886.27974256329,20992.78483601573,6804.072508443478,27796.857344459208,19538.937227219165,15826.539154047525,3244.4315693916496,44,1,1826.5049950717198,28,1076.216464562067,6000.000000000001,6000.000000000001,36506.81228867508,8709.954944215871,35580.33564552871
2025-11-30,1,86876.96746070997,935.3819566418528,87812.34941735183,54906.21314723702,3570.513973752894,58476.72712098991,24665.758909675063,19979.264716836802,2881.027107846897,45,1,358.7453489096307,11,699.0308418400916,6000.000000000001,6000.000000000002,67439.72566501147,8962.99854402156,69726.19093643036
2025-12-01,1,87770.90581809824,4840.6835027043035,92611.58932080254,55416.35343482337,18136.565534985475,73552.91896980886,24833.333333333332,20115.0,1594.328254135883,86,1,390.87088563062815,13,215.2528989857684,6000.000000000002,6000.000000000002,86932.93636433325,13380.017394524388,84937.94575377803
2025-12-02,1,88999.96128753031,5147.263015676874,94147.22430320719,56369.33854862267,19973.979025279314,76343.31757390198,24833.333333333332,20115.0,791.0810198738565,106,1,757.6919914988807,22,252.44322737860284,6000.000000000002,6000.000000000002,93666.87043095744,17323.55285705546,87767.79797224124
2025-12-03,1,90762.61247668187,2944.497041104093,93707.10951778597,57752.79826769489,9537.206536806418,67290.00480450131,25017.092899796757,20263.845248835376,1791.1133001579167,83,1,851.0083635421962,18,790.834648236611,6000.000000000002,6000.000000000001,83697.70371289887,16407.698908397564,78765.98811383167
2025-12-04,1,92612.04616129499,2087.8246094307515,94699.87077072574,59095.08231306602,8064.764113465116,67159.84642653113,25110.849442612078,20339.788048515784,3157.6006266294444,71,1,135.62853736111856,10,578.7769918175325,6000.000000000001,6000.0,83371.09505199941,16211.248625468274,78649.9064494131
2025-12-05,1,48430.675177054145,969.1326988513522,49399.8078759055,25294.984409128345,3590.182045223296,28885.16645435164,21427.955721611703,17356.64413450548,4016.868605465945,49,1,267.89800526291015,12,859.2688568439472,6000.0,6000.000000000002,49659.82591401031,20774.65945965867,40554.167497774724
2025-12-06,1,49592.10870803378,1639.2561831321775,51231.36489116596,25901.799542973204,5153.71485350393,31055.514396477134,21467.573931244548,17388.734884308087,3487.8950275628354,51,1,923.5648530144931,17,1030.9620241121934,6000.000000000002,6000.000000000002,53929.59917108517,22874.084774608033,41063.72918321096
2025-12-07,1,96124.49342732513,555.6661032767473,96680.15953060187,61672.13008605478,2087.742037903362,63759.872123958135,25321.660418674554,20510.54493912639,4216.362801053712,42,1,124.73361004643431,8,1488.852995323634,6000.000000000002,6000.000000000003,80517.88472195285,16758.01259799472,75316.73813424396
2025-12-08,1,99196.24694173095,200.38007724136702,99396.62701897231,63773.5965837089,864.2972293542001,64637.8938130631,25467.423197026757,20628.61278959168,6710.605494870565,13,1,41.068746808791104,4,2096.4725545043534,6000.000000000003,6000.0,73430.09606682537,8792.202253762269,76223.89325213536
2025-12-09,1,99642.46045366427,219.35804489970445,99861.81849856398,64077.82963197115,1058.5794508158683,65136.40908278702,25622.259556368575,20754.030240658547,7605.134916187278,20,1,17.335517747635947,4,1658.1939871693648,6000.0,6000.000000000002,73859.7606576577,8723.351574870678,76726.44700505295
2025-12-10,1,99326.22440391028,162.0119446966716,99488.23634860695,63811.307156802664,566.1025974725577,64377.40975427522,25666.666666666664,20790.0,6223.951215273626,25,1,69.31347317222219,9,2320.6795531037924,6000.000000000002,6000.000000000002,74687.99526087727,10310.585506602052,75972.82655305411
2025-12-11,1,99776.96473516816,140.9400072246351,99917.9047423928,64316.35396526433,476.82346294916516,64793.177428213494,25666.666666666664,20790.0,9079.983375726131,9,1,77.278023878142,5,2478.1784429361005,6000.000000000002,6000.000000000001,68275.48357428054,3482.3061460670506,76394.86810230413
2025-12-12,1,53630.78096376843,410.10922445246393,54040.890188220896,28335.221453314578,1298.18859917279,29633.41005248737,21636.770442488374,17525.784058415582,6215.49032081477,25,1,269.49656413155765,12,2006.1044798883313,6000.000000000001,6000.000000000001,44813.66174045359,15180.251687966218,40573.926137007824
2025-12-13,1,54527.23507804974,130.74985585509324,54657.98493390484,28767.739215039794,639.5236458356081,29407.262860875402,21637.691530934524,17526.530140056962,6748.290159693944,10,1,28.011546447840715,3,1868.110358772771,6000.000000000001,6000.0,44857.9622076331,15450.699346757698,40684.73346198596
2025-12-14,1,100580.8465723723,171.12860449307317,100751.97517686538,64764.4325851662,742.1591435859424,65506.591728752144,25666.666666666668,20790.0,7096.586710198708,8,1,69.09521295095249,1,1774.1830612326808,6000.0,6000.0,74451.68790578152,8945.09617702938,77100.51068496655
2025-12-15,1,102549.8142599421,120.3160060289888,102670.1302659711,66052.54223065522,386.32754204007995,66438.8697726953,25666.666666666668,20790.000000000004,8323.90563263775,5,1,81.42419294174033,3,2009.5908877098493,6000.0,6000.000000000001,71177.46950221223,4738.599729516936,78047.81948438595
2025-12-16,1,102538.4540773833,36.80423923542537,102575.25831661873,66122.24656070126,79.286344803394,66201.53290550465,25666.666666666668,20790.0,8280.500316618725,5,1,2.1245655086195256,1,1974.0579724211834,6000.000000000001,6000.000000000002,71035.99507515112,4834.462169646475,77814.54011162891
2025-12-17,1,101811.9562238593,131.17594311093603,101943.13216697024,65354.46923693327,686.7271143877094,66041.19635132098,25582.70121741861,20721.987986109078,8890.57186899404,9,1,6.729950868535635,1,2278.771095364992,6000.000000000002,6000.000000000002,66383.6137561793,342.4174048583227,77632.27984520815
2025-12-18,1,100936.00123989696,113.39247129227635,101049.39371118923,65027.32417741477,281.53217744266914,65308.85635485743,25455.821232660102,20619.215198454684,8846.520710317143,10,1,19.164941117252738,2,1695.7230253040807,6000.000000000002,6000.000000000001,67868.71403907101,2559.857684213581,76900.51308259726
2025-12-19,1,54317.37502497841,214.5085849529068,54531.88360993132,28648.910016146616,967.7930988920148,29616.70311503863,21501.63097211807,17416.321087415636,7538.182425228883,16,1,34.05970719737542,3,2297.1816178773533,6000.000000000001,6000.000000000004,35133.49597844394,5516.792863405313,40829.905959336786
2025-12-20,1,54217.897658451264,60.17360344876205,54278.071261900026,28556.748973858907,286.6076721037158,28843.356645962624,21514.24626206734,17426.539472274548,7334.012222107232,8,1,0.0,0,1917.5969348523304,6000.000000000004,6000.000000000001,34076.965398855726,5233.608752893102,40182.631280700414
2025-12-21,1,99627.42981127772,376.82537375876456,100004.25518503648,64027.578659637686,1267.8169611332971,65295.39562077098,25522.899056122907,20673.548235459555,6117.122497706464,17,1,191.7551386460625,7,1692.9581060938463,6000.000000000001,6000.0,69608.17811611702,4312.782495346044,76887.70512301209
2025-12-22,1,100263.87131469345,158.3388601122332,100422.21017480567,64345.16529310996,738.2661505870087,65083.43144369697,25418.701948187514,20589.148578031884,6655.229721316713,20,1,26.301737985261298,2,1459.476017679958,6000.0,6000.000000000003,66592.27149817202,1508.8400544750475,76675.0728519732
2025-12-23,1,100159.73031179623,44.099278400353285,100203.82959019658,64425.3372073405,202.52311869026542,64627.86032603076,25500.572663768296,20655.463857652325,8100.628250747278,8,1,11.144186735096582,2,1950.4952028857185,6000.000000000003,6000.000000000002,62559.076383562875,-2068.7839424678823,76225.6059938897
2025-12-24,1,99308.03227306878,190.11373589476074,99498.14600896354,63636.51229759206,908.9380671105954,64545.45036470266,25382.874927399247,20560.128691193393,6820.840456091025,19,1,23.318459251217746,2,1382.960642545071,6000.000000000002,6000.0,66421.89299282113,1876.4426281184715,76125.86478666832
2025-12-25,1,98769.95655541109,391.5535636502926,99161.51011906138,63478.510088168565,1255.1153752574678,64733.62546342603,25379.403585160304,20557.31690397985,6526.97490454759,20,1,175.58768896565334,5,1975.6013553945058,6000.0,6000.000000000002,65401.78428138506,668.1588179590253,76321.5379828819
2025-12-26,1,52909.97431242315,246.2586771370302,53156.23298956019,27885.50116252691,892.6556685157591,28778.15683104267,21487.25322303733,17404.675110660235,6066.0324438497555,16,1,78.90326113586434,5,1790.644157224635,6000.000000000002,6000.000000000001,32738.595258020716,3960.4384269780458,40208.632693614236
2025-12-27,1,52708.81945143565,198.6719036104369,52907.49135504609,27670.122247326402,809.4721078012985,28479.5943551277,21565.549994297493,17468.09549538097,5471.227789462897,15,1,72.46785496211919,5,1962.9567765514248,6000.000000000001,6000.000000000001,33530.49901519816,5050.9046600704605,40027.8261352586
2025-12-28,1,98607.14537400252,164.95533495854795,98772.10070896106,63351.30147275702,734.8337348238529,64086.135207580875,25454.361433698345,20618.03276129566,7126.51728655838,18,1,40.76225143533918,5,2219.890700609102,6000.000000000001,6000.0,64377.33202046334,291.1968128824665,75674.58888665256
2025-12-29,1,98925.49667049467,169.68832474479717,99095.18499523947,63474.88799105462,688.203229639018,64163.091220693634,25397.86775320386,20572.272880095126,6745.823855464064,15,1,12.249388772958582,2,2146.586988292631,6000.0,6000.000000000003,63718.12378440551,-444.9674362881269,75750.35720369269
2025-12-30,1,98325.07005759017,61.494082197846,98386.56413978802,63094.47740431396,292.9468180758421,63387.4242223898,25445.71453536075,20611.028773642214,7327.475778069482,7,1,0.0,0,1860.5996976848442,6000.000000000003,6000.0,62680.78904031226,-706.6351820775453,74967.97730614367
2025-12-31,1,97495.69046009122,577.2529637367704,98072.943423828,62375.36290307214,2266.2850233460417,64641.64792641818,25282.147014163194,20478.539081472187,4622.912557803657,30,1,110.91049659447776,4,961.2521535474581,6000.0,6000.000000000002,67149.23969322199,2507.591766803802,76196.55220983613
