date,start_slot,end_slot,interval_label,emergency_kwh
2025-02-01,22,22,03:30-03:40,2.1786167035849076
2025-02-01,92,93,15:10-15:30,33.490058734308946
2025-02-01,116,117,19:10-19:30,6.434975411247592
2025-02-01,128,128,21:10-21:20,11.778872301600643
2025-02-02,18,18,02:50-03:00,5.786296881168596
2025-02-02,49,50,08:00-08:20,19.3411911325868
2025-02-02,111,111,18:20-18:30,9.905549688582255
2025-02-02,116,116,19:10-19:20,8.149809152865714
2025-02-03,19,20,03:00-03:20,28.409670363605414
2025-02-03,64,64,10:30-10:40,10.93776656358881
2025-02-03,69,69,11:20-11:30,3.674280056311659
2025-02-03,76,76,12:30-12:40,7.390401680156856
2025-02-03,81,81,13:20-13:30,7.308574844597985
2025-02-03,100,101,16:30-16:50,18.346254414134705
2025-02-03,104,104,17:10-17:20,1.160372544813299
2025-02-03,111,111,18:20-18:30,6.16566112700491
2025-02-04,57,58,09:20-09:40,70.6037377563996
2025-02-04,67,67,11:00-11:10,5.784116044408734
2025-02-04,80,84,13:10-14:00,236.62643492037364
2025-02-04,86,92,14:10-15:20,223.1576520046179
2025-02-04,97,98,16:00-16:20,25.77109159287818
2025-02-04,102,102,16:50-17:00,0.3271289959038768
2025-02-04,120,120,19:50-20:00,7.895696856750874
2025-02-04,133,135,22:00-22:30,82.49670509567488
2025-02-05,2,2,00:10-00:20,22.18928438042485
2025-02-05,7,7,01:00-01:10,0.7081088348647882
2025-02-05,43,44,07:00-07:20,22.92097538695716
2025-02-05,57,59,09:20-09:50,56.46272883329232
2025-02-05,62,63,10:10-10:30,11.804542217272115
2025-02-05,66,66,10:50-11:00,10.113767677185251
2025-02-05,70,71,11:30-11:50,79.59280467146971
2025-02-05,109,110,18:00-18:20,29.371892809282578
2025-02-06,2,2,00:10-00:20,14.49151419935697
2025-02-06,48,49,07:50-08:10,30.447941732329355
2025-02-06,82,83,13:30-13:50,39.09992031769488
2025-02-06,91,91,15:00-15:10,2.3736714344345273
2025-02-06,114,114,18:50-19:00,4.018536860000154
2025-02-06,127,128,21:00-21:20,27.92738335286026
2025-02-06,139,139,23:00-23:10,2.0474200486906966
2025-02-07,21,22,03:20-03:40,7.982830459833394
2025-02-07,51,52,08:20-08:40,39.39780908603609
2025-02-07,54,54,08:50-09:00,14.102223864101859
2025-02-07,99,99,16:20-16:30,4.5799014907975675
2025-02-07,112,113,18:30-18:50,7.276466897897365
2025-02-07,119,119,19:40-19:50,4.852237043062701
2025-02-07,124,127,20:30-21:10,66.45839765601369
2025-02-08,43,44,07:00-07:20,12.303897496659488
2025-02-08,84,84,13:50-14:00,6.151431275915542
2025-02-08,87,89,14:20-14:50,46.68545884557639
2025-02-08,97,98,16:00-16:20,11.059551895925892
2025-02-08,101,102,16:40-17:00,10.996076449136638
2025-02-08,115,116,19:00-19:20,33.4086953065609
2025-02-08,123,125,20:20-20:50,50.47599710148569
2025-02-08,134,134,22:10-22:20,15.140639992104127
2025-02-09,10,10,01:30-01:40,0.6085864907032601
2025-02-09,25,25,04:00-04:10,17.186207346209198
2025-02-09,29,29,04:40-04:50,4.0833664223462165
2025-02-09,65,67,10:40-11:10,270.85425782697985
2025-02-09,70,72,11:30-12:00,109.67269875903742
2025-02-09,78,80,12:50-13:20,56.39909942726346
2025-02-09,84,84,13:50-14:00,10.067481871521409
2025-02-09,88,88,14:30-14:40,8.32332529659999
2025-02-09,103,103,17:00-17:10,1.858972835355189
2025-02-09,116,116,19:10-19:20,7.677228517543085
2025-02-09,126,126,20:50-21:00,16.30921700223712
2025-02-09,129,129,21:20-21:30,8.476149493354455
2025-02-10,7,8,01:00-01:20,16.136828041116246
2025-02-10,29,29,04:40-04:50,11.582552314214126
2025-02-10,36,36,05:50-06:00,0.9643939766169289
2025-02-10,113,114,18:40-19:00,56.721107204332725
2025-02-10,125,125,20:40-20:50,9.522983346492765
2025-02-10,132,132,21:50-22:00,3.14265038332519
2025-02-10,141,143,23:20-23:50,12.32348462658581
2025-02-11,4,4,00:30-00:40,0.4585150809316474
2025-02-11,30,30,04:50-05:00,1.6517326373711967
2025-02-11,37,37,06:00-06:10,4.39139918506919
2025-02-11,45,45,07:20-07:30,16.71698537372106
2025-02-11,118,118,19:30-19:40,12.787929644512815
2025-02-11,121,123,20:00-20:30,45.298022844608
2025-02-11,126,126,20:50-21:00,6.254802290135558
2025-02-11,129,130,21:20-21:40,24.299746318519624
2025-02-12,17,17,02:40-02:50,9.36080887616788
2025-02-12,28,29,04:30-04:50,29.435018624631198
2025-02-12,37,39,06:00-06:30,35.51982804974318
2025-02-12,42,42,06:50-07:00,36.87040407689926
2025-02-12,45,46,07:20-07:40,10.725261215736168
2025-02-12,81,82,13:20-13:40,24.660967133993083
2025-02-12,86,86,14:10-14:20,1.1422899025885442
2025-02-12,94,95,15:30-15:50,131.61858951553802
2025-02-12,97,98,16:00-16:20,20.186015530238933
2025-02-12,110,111,18:10-18:30,25.85663758541991
2025-02-12,120,120,19:50-20:00,26.608209455132737
2025-02-12,124,124,20:30-20:40,1.5403658534723945
2025-02-12,130,130,21:30-21:40,1.9686465258586168
2025-02-12,139,141,23:00-23:30,33.89252731938427
2025-02-13,1,1,00:00-00:10,9.641733037241693
2025-02-13,4,5,00:30-00:50,24.255505737597105
2025-02-13,8,8,01:10-01:20,7.7443743782077945
2025-02-13,12,12,01:50-02:00,1.6903711014608689
2025-02-13,16,16,02:30-02:40,13.432390127695385
2025-02-13,19,20,03:00-03:20,38.52931079371331
2025-02-13,22,23,03:30-03:50,15.415119943413856
2025-02-13,30,31,04:50-05:10,25.871277908912067
2025-02-13,34,35,05:30-05:50,26.491654052107265
2025-02-13,40,42,06:30-07:00,28.33257048633675
2025-02-13,116,119,19:10-19:50,42.64737680609994
2025-02-13,127,127,21:00-21:10,4.916416398526326
2025-02-13,137,137,22:40-22:50,3.29693829943983
2025-02-14,1,1,00:00-00:10,10.71695255954728
2025-02-14,5,5,00:40-00:50,19.46312814844066
2025-02-14,13,13,02:00-02:10,0.9771092361776255
2025-02-14,16,17,02:30-02:50,11.392323279378786
2025-02-14,21,22,03:20-03:40,4.8076702926379085
2025-02-14,34,36,05:30-06:00,92.49600005642765
2025-02-14,42,42,06:50-07:00,12.829236867985287
2025-02-14,64,66,10:30-11:00,78.58268270897094
2025-02-14,68,72,11:10-12:00,346.32480058830544
2025-02-14,75,76,12:20-12:40,34.4971942824821
2025-02-14,96,97,15:50-16:10,25.737864918729088
2025-02-14,103,104,17:00-17:20,41.40170068663332
2025-02-14,106,108,17:30-18:00,90.30281756270375
2025-02-14,110,110,18:10-18:20,2.9894848147311563
2025-02-14,112,112,18:30-18:40,9.297156857810137
2025-02-14,115,115,19:00-19:10,4.7296711860581695
2025-02-14,122,122,20:10-20:20,2.6546012802436394
2025-02-14,140,140,23:10-23:20,15.294206596732806
2025-02-14,144,144,23:50-24:00,7.714957370603668
2025-02-15,6,6,00:50-01:00,6.815433609685556
2025-02-15,9,9,01:20-01:30,13.72709584085311
2025-02-15,13,14,02:00-02:20,25.47872607861933
2025-02-15,16,17,02:30-02:50,41.59457491117257
2025-02-15,23,23,03:40-03:50,3.939271265955881
2025-02-15,30,30,04:50-05:00,11.731924595341525
2025-02-15,32,33,05:10-05:30,50.79838405100287
2025-02-15,36,37,05:50-06:10,33.078869838430364
2025-02-15,41,42,06:40-07:00,21.109037371458612
2025-02-15,45,45,07:20-07:30,1.1448211939976431
2025-02-15,68,69,11:10-11:30,82.78524482798997
2025-02-15,72,72,11:50-12:00,25.417936744249857
2025-02-15,93,96,15:20-16:00,129.4558474224435
2025-02-15,101,102,16:40-17:00,25.06806472933596
2025-02-15,105,107,17:20-17:50,39.28141407818623
2025-02-15,109,109,18:00-18:10,6.482068182182161
2025-02-15,113,113,18:40-18:50,4.09488131197952
2025-02-15,118,120,19:30-20:00,71.90670387668524
2025-02-15,127,128,21:00-21:20,52.21063799722543
2025-02-15,130,131,21:30-21:50,22.229681701774325
2025-02-15,135,136,22:20-22:40,70.86285178970911
2025-02-15,139,140,23:00-23:20,38.58288623174104
2025-02-16,1,1,00:00-00:10,1.3374948282666992
2025-02-16,4,5,00:30-00:50,26.24273322147633
2025-02-16,9,11,01:20-01:50,40.452646152328725
2025-02-16,16,17,02:30-02:50,33.81872630098178
2025-02-16,22,22,03:30-03:40,7.235112245032155
2025-02-16,26,27,04:10-04:30,60.502139359355965
2025-02-16,30,30,04:50-05:00,26.795296091591013
2025-02-16,33,34,05:20-05:40,49.24933221852484
2025-02-16,36,37,05:50-06:10,26.778704870002116
2025-02-16,40,42,06:30-07:00,45.0677087987965
2025-02-16,49,52,08:00-08:40,50.73070982106776
2025-02-16,54,54,08:50-09:00,0.46904937882231934
2025-02-16,58,60,09:30-10:00,133.39751117545939
2025-02-16,62,67,10:10-11:10,256.8725100962803
2025-02-16,69,72,11:20-12:00,50.1972946910314
2025-02-16,76,79,12:30-13:10,81.7961938450255
2025-02-16,83,84,13:40-14:00,7.409747153682957
2025-02-16,99,102,16:20-17:00,86.55249958155957
2025-02-16,106,107,17:30-17:50,51.17933162807469
2025-02-16,114,116,18:50-19:20,34.751796438382826
2025-02-16,120,121,19:50-20:10,41.51675901712031
2025-02-16,123,124,20:20-20:40,11.347358014160136
2025-02-16,127,128,21:00-21:20,11.378755414763237
2025-02-16,130,131,21:30-21:50,42.24943105577779
2025-02-16,137,138,22:40-23:00,26.765382038637654
2025-02-16,142,143,23:30-23:50,26.545015941712336
2025-02-17,2,2,00:10-00:20,6.0648208119491755
2025-02-17,5,6,00:40-01:00,25.145978766943244
2025-02-17,10,11,01:30-01:50,43.68123544921332
2025-02-17,13,14,02:00-02:20,37.00667264113713
2025-02-17,18,18,02:50-03:00,6.641750569564806
2025-02-17,20,21,03:10-03:30,10.605644073559347
2025-02-17,41,41,06:40-06:50,7.778460321846978
2025-02-17,74,75,12:10-12:30,63.92048908314996
2025-02-17,102,103,16:50-17:10,11.312502847884161
2025-02-17,112,116,18:30-19:20,42.41799887062177
2025-02-17,121,122,20:00-20:20,37.51542890182907
2025-02-17,130,130,21:30-21:40,3.675733567198381
2025-02-17,134,134,22:10-22:20,2.9188637912882314
2025-02-17,138,138,22:50-23:00,19.54011514672993
2025-02-17,140,141,23:10-23:30,17.084983423805852
2025-02-18,6,6,00:50-01:00,9.785138834057193
2025-02-18,9,9,01:20-01:30,8.678679231759702
2025-02-18,12,12,01:50-02:00,16.40271809583726
2025-02-18,20,20,03:10-03:20,7.767190249187024
2025-02-18,23,24,03:40-04:00,61.98278405747203
2025-02-18,30,30,04:50-05:00,21.88873860429237
2025-02-18,33,33,05:20-05:30,18.09363803155486
2025-02-18,35,36,05:40-06:00,10.59898297150221
2025-02-18,51,53,08:20-08:50,73.61270337710647
2025-02-18,77,78,12:40-13:00,97.47448517525966
2025-02-18,81,81,13:20-13:30,15.820789507078416
2025-02-18,83,84,13:40-14:00,45.78268126360732
2025-02-18,90,90,14:50-15:00,10.464520026131822
2025-02-18,93,93,15:20-15:30,7.69986177042091
2025-02-18,100,101,16:30-16:50,7.386374759488831
2025-02-18,105,106,17:20-17:40,20.48823154300726
2025-02-18,112,112,18:30-18:40,5.756647335410776
2025-02-18,121,124,20:00-20:40,42.815764846436196
2025-02-18,127,127,21:00-21:10,2.924010342526117
2025-02-18,133,133,22:00-22:10,3.9517586458746337
2025-02-18,138,138,22:50-23:00,2.834323874998745
2025-02-18,141,141,23:20-23:30,0.3292344269923433
2025-02-18,144,144,23:50-24:00,5.092980655349493
2025-02-19,6,6,00:50-01:00,14.08392144147615
2025-02-19,9,9,01:20-01:30,24.81903767883
2025-02-19,12,12,01:50-02:00,68.1715328879036
2025-02-19,16,18,02:30-03:00,72.33065456659608
2025-02-19,21,22,03:20-03:40,19.671824234861788
2025-02-19,29,32,04:40-05:20,55.5244939698656
2025-02-19,39,39,06:20-06:30,55.99635790893535
2025-02-19,42,42,06:50-07:00,15.840114535747261
2025-02-19,52,54,08:30-09:00,124.87168622888498
2025-02-19,59,60,09:40-10:00,66.80153429246693
2025-02-19,80,81,13:10-13:30,6.909464687133283
2025-02-19,86,94,14:10-15:40,358.84462590548446
2025-02-19,97,98,16:00-16:20,15.093340176305674
2025-02-19,101,101,16:40-16:50,1.7497408253103686
2025-02-19,105,105,17:20-17:30,3.564205639050897
2025-02-19,120,121,19:50-20:10,36.84063167977354
2025-02-19,124,128,20:30-21:20,32.545374321574194
2025-02-19,131,132,21:40-22:00,28.29146437509985
2025-02-19,135,136,22:20-22:40,46.050023707419314
2025-02-19,138,138,22:50-23:00,3.590462361853497
2025-02-19,142,144,23:30-24:00,122.18898904343621
2025-02-20,3,3,00:20-00:30,17.17854980918537
2025-02-20,6,7,00:50-01:10,9.960947287237104
2025-02-20,15,15,02:20-02:30,4.866058409941161
2025-02-20,18,18,02:50-03:00,1.0797204049406446
2025-02-20,23,26,03:40-04:20,39.92263919929553
2025-02-20,28,28,04:30-04:40,7.531919485059348
2025-02-20,33,34,05:20-05:40,35.17393839382339
2025-02-20,37,37,06:00-06:10,20.74530873047206
2025-02-20,44,48,07:10-08:00,85.95140199857599
2025-02-20,52,52,08:30-08:40,13.203437855913421
2025-02-20,62,64,10:10-10:40,91.86920663318597
2025-02-20,103,104,17:00-17:20,27.215314127799047
2025-02-20,110,112,18:10-18:40,50.496057061079455
2025-02-20,121,122,20:00-20:20,23.83916042383396
2025-02-20,126,127,20:50-21:10,22.848474526888413
2025-02-20,134,134,22:10-22:20,7.276641656797096
2025-02-20,138,139,22:50-23:10,37.05091226089405
2025-02-21,4,6,00:30-01:00,48.46306452164748
2025-02-21,9,9,01:20-01:30,12.963709980636452
2025-02-21,12,12,01:50-02:00,41.95758836924034
2025-02-21,24,24,03:50-04:00,34.88541078155248
2025-02-21,27,27,04:20-04:30,19.338583571851473
2025-02-21,33,35,05:20-05:50,48.236204237928405
2025-02-21,44,47,07:10-07:50,94.62808799083166
2025-02-21,101,101,16:40-16:50,1.7310543802757365
2025-02-21,106,108,17:30-18:00,63.41330227891609
2025-02-21,110,111,18:10-18:30,42.12938890052152
2025-02-21,117,117,19:20-19:30,42.29758315238848
2025-02-21,126,127,20:50-21:10,24.8836114535747
2025-02-21,131,132,21:40-22:00,54.5213069323911
2025-02-21,136,139,22:30-23:10,28.427532660135967
2025-02-21,143,144,23:40-24:00,46.78396660086872
2025-02-22,3,3,00:20-00:30,24.66186866692982
2025-02-22,6,7,00:50-01:10,4.045574052976747
2025-02-22,9,9,01:20-01:30,0.9291424094806757
2025-02-22,12,12,01:50-02:00,49.77379356115347
2025-02-22,17,18,02:40-03:00,21.90812033608762
2025-02-22,20,25,03:10-04:10,98.89286928314084
2025-02-22,31,32,05:00-05:20,65.43520668509007
2025-02-22,39,39,06:20-06:30,8.290099084356484
2025-02-22,49,50,08:00-08:20,41.74303115594853
2025-02-22,73,73,12:00-12:10,2.266306636244849
2025-02-22,80,86,13:10-14:20,95.47385775077993
2025-02-22,89,89,14:40-14:50,8.789583289905607
2025-02-22,95,96,15:40-16:00,121.00585084879572
2025-02-22,100,100,16:30-16:40,9.423407285623853
2025-02-22,103,104,17:00-17:20,63.98896674990465
2025-02-22,106,108,17:30-18:00,114.20547912740062
2025-02-22,116,117,19:10-19:30,9.386403771877724
2025-02-22,125,125,20:40-20:50,5.495750393966318
2025-02-22,129,129,21:20-21:30,7.359844058428905
2025-02-22,131,132,21:40-22:00,26.69938540047938
2025-02-22,143,144,23:40-24:00,49.27415075009861
2025-02-23,1,3,00:00-00:30,54.349969884195616
2025-02-23,7,10,01:00-01:40,51.08990532953089
2025-02-23,19,20,03:00-03:20,58.23096307593073
2025-02-23,27,28,04:20-04:40,65.90986691199987
2025-02-23,31,33,05:00-05:30,108.31200173132922
2025-02-23,37,37,06:00-06:10,15.817014082680089
2025-02-23,41,41,06:40-06:50,2.3262771004591287
2025-02-23,46,50,07:30-08:20,101.68510350652753
2025-02-23,57,62,09:20-10:20,110.19305018625897
2025-02-23,73,77,12:00-12:50,287.1587976895461
2025-02-23,83,84,13:40-14:00,52.526213001901574
2025-02-23,93,94,15:20-15:40,57.21473239952843
2025-02-23,108,109,17:50-18:10,1.3662353373563292
2025-02-23,117,118,19:20-19:40,27.03719685684655
2025-02-23,122,124,20:10-20:40,39.394812541946635
2025-02-23,127,128,21:00-21:20,35.115127603256155
2025-02-23,131,131,21:40-21:50,13.220625320201702
2025-02-23,134,135,22:10-22:30,22.422091733169736
2025-02-23,140,141,23:10-23:30,19.40482125514643
2025-02-24,4,5,00:30-00:50,32.135960343466195
2025-02-24,7,9,01:00-01:30,23.485874771351405
2025-02-24,19,19,03:00-03:10,5.098131925253483
2025-02-24,37,38,06:00-06:20,39.922307327091744
2025-02-24,40,41,06:30-06:50,26.51751403920582
2025-02-24,94,96,15:30-16:00,69.59971399856954
2025-02-24,98,102,16:10-17:00,82.32343853593261
2025-02-24,104,106,17:10-17:40,36.342889388881986
2025-02-24,122,126,20:10-21:00,82.07904370452877
2025-02-24,130,131,21:30-21:50,16.626049802605735
2025-02-24,133,134,22:00-22:20,10.128513244223768
2025-02-24,141,141,23:20-23:30,2.48881168574826
2025-02-25,1,2,00:00-00:20,10.270601197526048
2025-02-25,7,8,01:00-01:20,35.192013986332654
2025-02-25,13,14,02:00-02:20,57.49037472035809
2025-02-25,18,18,02:50-03:00,26.270896828530113
2025-02-25,21,21,03:20-03:30,2.0605725259904375
2025-02-25,25,26,04:00-04:20,4.795919934972289
2025-02-25,35,36,05:40-06:00,63.529568012884965
2025-02-25,39,39,06:20-06:30,25.604961719587322
2025-02-25,42,43,06:50-07:10,17.8651486944442
2025-02-25,114,114,18:50-19:00,51.79290324193869
2025-02-25,125,125,20:40-20:50,2.912889587269433
2025-02-25,128,129,21:10-21:30,15.76552121331747
2025-02-25,132,133,21:50-22:10,14.939482680903666
2025-02-25,140,142,23:10-23:40,48.196416104304944
2025-02-26,9,10,01:20-01:40,31.40086262454645
2025-02-26,15,16,02:20-02:40,9.189638929229204
2025-02-26,19,21,03:00-03:30,37.46099481510703
2025-02-26,26,27,04:10-04:30,12.456757672062054
2025-02-26,31,32,05:00-05:20,3.506620494708045
2025-02-26,53,54,08:40-09:00,23.284828660096196
2025-02-26,66,66,10:50-11:00,3.7859440621884914
2025-02-26,77,78,12:40-13:00,64.27249296120637
2025-02-26,83,84,13:40-14:00,5.132774373310006
2025-02-26,88,90,14:30-15:00,135.61317709244076
2025-02-26,92,94,15:10-15:40,95.05072518057102
2025-02-26,96,99,15:50-16:30,111.63678722187387
2025-02-26,102,102,16:50-17:00,5.060387804713173
2025-02-26,107,107,17:40-17:50,1.7457549943528647
2025-02-26,111,111,18:20-18:30,4.186691011975313
2025-02-26,114,114,18:50-19:00,18.54597542645422
2025-02-26,119,119,19:40-19:50,19.94308714891997
2025-02-26,135,135,22:20-22:30,0.6974917752336296
2025-02-26,141,141,23:20-23:30,0.5019101197526652
2025-02-27,8,8,01:10-01:20,1.8044902068880901
2025-02-27,15,15,02:20-02:30,8.870472119216856
2025-02-27,21,21,03:20-03:30,12.237106856165497
2025-02-27,26,26,04:10-04:20,10.149717656928487
2025-02-27,40,40,06:30-06:40,8.197825654573762
2025-02-27,46,47,07:30-07:50,14.44490870364018
2025-02-27,49,50,08:00-08:20,22.99231917351608
2025-02-27,53,56,08:40-09:20,213.85931880044728
2025-02-27,58,60,09:30-10:00,46.98809065377161
2025-02-27,87,87,14:20-14:30,18.79793102769625
2025-02-27,93,93,15:20-15:30,17.442156956742338
2025-02-27,99,99,16:20-16:30,2.9942032190393775
2025-02-27,110,110,18:10-18:20,14.454054697986521
2025-02-27,112,112,18:30-18:40,0.23917217021016768
2025-02-27,120,120,19:50-20:00,2.753241889352239
2025-02-27,124,125,20:30-20:50,4.476278884185149
2025-02-27,129,129,21:20-21:30,28.0188584024213
2025-02-28,3,3,00:20-00:30,21.697041058033903
2025-02-28,7,8,01:00-01:20,30.82298019476235
2025-02-28,10,11,01:30-01:50,14.457971858139274
2025-02-28,15,15,02:20-02:30,6.877558225471375
2025-02-28,28,29,04:30-04:50,58.656675810433455
2025-02-28,31,31,05:00-05:10,3.149958567856629
2025-02-28,38,38,06:10-06:20,4.998941375745062
2025-02-28,45,46,07:20-07:40,29.160861215757336
2025-02-28,69,70,11:20-11:40,34.82102418160582
2025-02-28,77,78,12:40-13:00,33.822162202884556
2025-02-28,80,81,13:10-13:30,48.33712629599802
2025-02-28,100,101,16:30-16:50,23.636631239072642
2025-02-28,108,108,17:50-18:00,1.9654616087205454
2025-02-28,117,117,19:20-19:30,11.236088729955043
2025-02-28,120,120,19:50-20:00,7.326438400758718
2025-02-28,123,123,20:20-20:30,30.77063649381671
2025-02-28,127,127,21:00-21:10,3.4402076720619448
2025-02-28,130,131,21:30-21:50,25.778671171488668
2025-02-28,140,140,23:10-23:20,3.3647858336622676
2025-03-01,1,2,00:00-00:20,47.49320544999432
2025-03-01,48,48,07:50-08:00,9.211285456086827
2025-03-01,54,54,08:50-09:00,16.443333333333385
2025-03-01,66,66,10:50-11:00,47.59935308124625
2025-03-01,95,95,15:40-15:50,23.42244238245621
2025-03-01,97,99,16:00-16:30,65.75848137544475
2025-03-01,102,104,16:50-17:20,30.827243462850845
2025-03-01,110,112,18:10-18:40,69.64923381906453
2025-03-01,116,116,19:10-19:20,3.0591752777619945
2025-03-01,126,127,20:50-21:10,9.97600817870558
2025-03-01,132,132,21:50-22:00,2.5494826930353156
2025-03-01,140,140,23:10-23:20,4.593216204669886
2025-03-02,3,3,00:20-00:30,0.009526911435841612
2025-03-02,16,16,02:30-02:40,4.3474583286333655
2025-03-02,63,68,10:20-11:20,343.1063548860841
2025-03-02,70,96,11:30-16:00,3674.0219591884547
2025-03-02,100,101,16:30-16:50,50.32478420452696
2025-03-02,103,109,17:00-18:10,142.73757312122882
2025-03-02,114,114,18:50-19:00,9.358017163765794
2025-03-02,117,119,19:20-19:50,10.825883779938295
2025-03-02,125,126,20:40-21:00,20.049009040663236
2025-03-02,129,130,21:20-21:40,43.54608252401613
2025-03-02,139,140,23:00-23:20,20.484356537044278
2025-03-03,2,2,00:10-00:20,3.3304697460193893
2025-03-03,4,4,00:30-00:40,15.425716252138727
2025-03-03,10,11,01:30-01:50,40.926813291222516
2025-03-03,43,45,07:00-07:30,37.50743287938485
2025-03-03,52,54,08:30-09:00,54.65706218395633
2025-03-03,56,72,09:10-12:00,1219.287106222445
2025-03-03,75,77,12:20-12:50,79.75547541969831
2025-03-03,82,83,13:30-13:50,42.00681433920698
2025-03-03,86,100,14:10-16:40,1069.561393885067
2025-03-03,114,115,18:50-19:10,9.61134643629714
2025-03-03,119,119,19:40-19:50,0.39576876298337993
2025-03-03,124,126,20:30-21:00,73.62713916105042
2025-03-03,128,129,21:10-21:30,28.764599598631435
2025-03-03,134,137,22:10-22:50,21.961834905908972
2025-03-04,3,4,00:20-00:40,18.47607254901959
2025-03-04,7,7,01:00-01:10,6.9029236788675234
2025-03-04,11,12,01:40-02:00,45.65482973417545
2025-03-04,48,50,07:50-08:20,46.40457592888447
2025-03-04,67,68,11:00-11:20,39.71079190213004
2025-03-04,70,70,11:30-11:40,1.8589200026322032
2025-03-04,74,74,12:10-12:20,24.312093360028598
2025-03-04,94,95,15:30-15:50,12.010512406730754
2025-03-04,97,97,16:00-16:10,1.5498763708837942
2025-03-04,118,119,19:30-19:50,10.918866598342333
2025-03-04,135,135,22:20-22:30,7.759697986577294
2025-03-04,139,140,23:00-23:20,19.37822837215424
2025-03-04,142,144,23:30-24:00,51.938261566018696
2025-03-05,5,6,00:40-01:00,11.70935950125022
2025-03-05,35,35,05:40-05:50,1.7498128945539975
2025-03-05,81,82,13:20-13:40,19.52577533253242
2025-03-05,112,113,18:30-18:50,8.296045746033428
2025-03-05,116,116,19:10-19:20,3.7966366547291273
2025-03-05,119,119,19:40-19:50,2.8846050934215555
2025-03-05,124,125,20:30-20:50,10.391805066573966
2025-03-05,133,134,22:00-22:20,2.397964765100596
2025-03-05,136,137,22:30-22:50,15.206243729438256
2025-03-05,144,144,23:50-24:00,10.101308066850947
2025-03-06,3,3,00:20-00:30,14.452121331754142
2025-03-06,13,13,02:00-02:10,8.04109193331567
2025-03-06,16,17,02:30-02:50,26.101643454378404
2025-03-06,91,91,15:00-15:10,1.5805286409195105
2025-03-06,97,98,16:00-16:20,6.287214190726104
2025-03-06,105,106,17:20-17:40,20.670598970175433
2025-03-06,108,108,17:50-18:00,17.713278720884432
2025-03-06,113,114,18:40-19:00,6.353306730003169
2025-03-06,125,125,20:40-20:50,6.914877569416944
2025-03-06,136,138,22:30-23:00,34.023328076062285
2025-03-06,144,144,23:50-24:00,6.042882616133625
2025-03-07,1,2,00:00-00:20,30.562461442295103
2025-03-07,7,8,01:00-01:20,6.310969077697962
2025-03-07,92,92,15:10-15:20,29.340448377253892
2025-03-07,103,103,17:00-17:10,5.820984653156415
2025-03-07,109,109,18:00-18:10,5.818063751809461
2025-03-07,113,113,18:40-18:50,9.554920322810233
2025-03-07,131,132,21:40-22:00,13.807801796435967
2025-03-07,134,135,22:10-22:30,35.477305364192716
2025-03-07,141,141,23:20-23:30,3.4368995920515317
2025-03-08,2,2,00:10-00:20,6.039962284510921
2025-03-08,12,13,01:50-02:10,14.310713361720616
2025-03-08,16,18,02:30-03:00,34.048074266350625
2025-03-08,28,30,04:30-05:00,34.03100316209958
2025-03-08,100,101,16:30-16:50,15.926092651288968
2025-03-08,130,130,21:30-21:40,13.128867397025886
2025-03-08,133,134,22:00-22:20,17.19240652717457
2025-03-08,136,137,22:30-22:50,41.71499238715609
2025-03-09,12,14,01:50-02:20,42.02706518526884
2025-03-09,18,18,02:50-03:00,35.744378865640215
2025-03-09,22,24,03:30-04:00,51.37751847076936
2025-03-09,29,30,04:40-05:00,15.187397905739545
2025-03-09,112,113,18:30-18:50,69.76478503703538
2025-03-09,121,122,20:00-20:20,26.937680347508035
2025-03-09,126,126,20:50-21:00,7.050113830767032
2025-03-09,132,132,21:50-22:00,9.04421497395083
2025-03-10,1,2,00:00-00:20,5.101830240821073
2025-03-10,5,6,00:40-01:00,52.26280803395218
2025-03-10,14,15,02:10-02:30,34.89409670304383
2025-03-10,27,30,04:20-05:00,13.343448643060583
2025-03-10,33,33,05:20-05:30,21.727932317222212
2025-03-10,45,45,07:20-07:30,53.87325263662518
2025-03-10,52,52,08:30-08:40,6.138723803506309
2025-03-10,66,67,10:50-11:10,80.73044903683001
2025-03-10,72,78,11:50-13:00,884.1402678567965
2025-03-10,102,102,16:50-17:00,16.049699490534294
2025-03-10,108,108,17:50-18:00,4.394150546124479
2025-03-10,117,120,19:20-20:00,127.44232064248422
2025-03-10,128,128,21:10-21:20,15.368776181076555
2025-03-10,132,132,21:50-22:00,1.2535261218581581
2025-03-10,135,136,22:20-22:40,35.66998024223108
2025-03-10,138,138,22:50-23:00,6.231328277745888
2025-03-11,4,4,00:30-00:40,16.26673087248355
2025-03-11,8,9,01:10-01:30,31.852791406059055
2025-03-11,18,18,02:50-03:00,2.8716094222924085
2025-03-11,26,26,04:10-04:20,5.444785673866704
2025-03-11,33,33,05:20-05:30,10.996212001579124
2025-03-11,61,62,10:00-10:20,73.50209999999993
2025-03-11,90,90,14:50-15:00,17.121913644652295
2025-03-11,92,94,15:10-15:40,56.448024930912425
2025-03-11,96,99,15:50-16:30,62.480725156956304
2025-03-11,102,102,16:50-17:00,20.242120822660013
2025-03-11,110,110,18:10-18:20,3.819686452164774
2025-03-11,117,117,19:20-19:30,27.83175540014679
2025-03-11,128,128,21:10-21:20,9.260454434794042
2025-03-11,133,133,22:00-22:10,5.899109172259614
2025-03-11,136,137,22:30-22:50,36.42977427293067
2025-03-12,3,4,00:20-00:40,31.257563093827912
2025-03-12,10,11,01:30-01:50,38.28994660481658
2025-03-12,18,19,02:50-03:10,41.81564808950429
2025-03-12,22,23,03:30-03:50,57.56962805820342
2025-03-12,28,28,04:30-04:40,5.090817806854375
2025-03-12,34,35,05:30-05:50,32.10526281712339
2025-03-12,40,40,06:30-06:40,11.705617020918908
2025-03-12,44,44,07:10-07:20,4.695160021223103
2025-03-12,99,102,16:20-17:00,49.55833926569301
2025-03-12,105,105,17:20-17:30,16.98114684884024
2025-03-12,108,108,17:50-18:00,15.506564679562985
2025-03-12,121,122,20:00-20:20,27.10508163057193
2025-03-12,133,134,22:00-22:20,9.660899345778489
2025-03-12,136,138,22:30-23:00,54.622857539585084
2025-03-13,1,3,00:00-00:30,34.292116245558645
2025-03-13,12,12,01:50-02:00,9.452616887715976
2025-03-13,17,18,02:40-03:00,59.21657715124638
2025-03-13,35,36,05:40-06:00,26.685525587994334
2025-03-13,58,66,09:30-11:00,891.7559293987401
2025-03-13,68,68,11:10-11:20,0.6256873641907532
2025-03-13,71,78,11:40-13:00,396.7440419823432
2025-03-13,80,82,13:10-13:40,119.03456349155472
2025-03-13,101,104,16:40-17:20,55.680003430465945
2025-03-13,115,116,19:00-19:20,36.609488404489184
2025-03-13,118,121,19:30-20:10,109.630086340719
2025-03-13,125,125,20:40-20:50,8.463234188708952
2025-03-13,133,134,22:00-22:20,19.256289619874906
2025-03-13,140,142,23:10-23:40,21.181884885347017
2025-03-14,6,6,00:50-01:00,10.760509277536528
2025-03-14,12,12,01:50-02:00,0.35477760231606226
2025-03-14,18,19,02:50-03:10,36.515278728403985
2025-03-14,25,25,04:00-04:10,13.12642182524013
2025-03-14,28,29,04:30-04:50,17.283057582764854
2025-03-14,36,36,05:50-06:00,22.433799067340942
2025-03-14,95,95,15:40-15:50,0.08107296354785376
2025-03-14,99,99,16:20-16:30,17.67092432274916
2025-03-14,105,105,17:20-17:30,28.59068462955645
2025-03-14,119,120,19:40-20:00,39.00056790346599
2025-03-14,124,124,20:30-20:40,8.323872736585201
2025-03-14,138,138,22:50-23:00,0.326049315927321
2025-03-14,141,141,23:20-23:30,4.219128327505359
2025-03-15,2,5,00:10-00:50,37.991421680484166
2025-03-15,8,8,01:10-01:20,18.022576327242405
2025-03-15,15,17,02:20-02:50,54.27953404277821
2025-03-15,27,28,04:20-04:40,62.422525008694606
2025-03-15,31,33,05:00-05:30,95.11636255334366
2025-03-15,38,39,06:10-06:30,37.552059095886705
2025-03-15,41,47,06:40-07:50,153.79703943909175
2025-03-15,71,72,11:40-12:00,34.48202000602225
2025-03-15,109,112,18:00-18:40,35.098387414814624
2025-03-15,121,122,20:00-20:20,9.964706025145347
2025-03-15,124,125,20:30-20:50,72.16202613272668
2025-03-15,130,130,21:30-21:40,7.078028122121282
2025-03-15,137,137,22:40-22:50,6.325174174233382
2025-03-15,142,144,23:30-24:00,52.70050080955207
2025-03-16,6,6,00:50-01:00,12.488523489932845
2025-03-16,8,9,01:10-01:30,3.6364600271654126
2025-03-16,19,20,03:00-03:20,28.31555928646617
2025-03-16,22,23,03:30-03:50,26.404013224751225
2025-03-16,34,48,05:30-08:00,446.41903611210086
2025-03-16,51,51,08:20-08:30,0.522869114928028
2025-03-16,80,84,13:10-14:00,179.36734184496706
2025-03-16,93,93,15:20-15:30,4.2405768332918115
2025-03-16,101,101,16:40-16:50,17.067629869248435
2025-03-16,105,105,17:20-17:30,1.5003970262602024
2025-03-16,136,136,22:30-22:40,3.2093876496905978
2025-03-16,144,144,23:50-24:00,1.4528128701145988
2025-03-17,3,3,00:20-00:30,2.2238801158046044
2025-03-17,15,15,02:20-02:30,5.540906040268283
2025-03-17,24,24,03:50-04:00,45.83904724305842
2025-03-17,28,29,04:30-04:50,25.89467513018633
2025-03-17,32,34,05:10-05:40,52.61623770222832
2025-03-17,40,40,06:30-06:40,2.6981231412028137
2025-03-17,109,110,18:00-18:20,7.838093578748726
2025-03-17,120,120,19:50-20:00,32.74885134160627
2025-03-17,123,124,20:20-20:40,37.39458270437399
2025-03-18,3,3,00:20-00:30,6.16150085537538
2025-03-18,10,10,01:30-01:40,9.260167239110388
2025-03-18,14,14,02:10-02:20,7.2914151467298325
2025-03-18,20,21,03:10-03:30,5.839893597842206
2025-03-18,24,24,03:50-04:00,12.079780892222402
2025-03-18,27,28,04:20-04:40,20.031752062418718
2025-03-18,32,32,05:10-05:20,2.896131242362685
2025-03-18,37,37,06:00-06:10,4.162572404263642
2025-03-18,42,43,06:50-07:10,5.865720584789642
2025-03-18,46,57,07:30-09:30,730.8591473639933
2025-03-18,59,60,09:40-10:00,76.4194500284228
2025-03-18,100,100,16:30-16:40,3.0668783965933244
2025-03-18,104,104,17:10-17:20,2.026792968059908
2025-03-18,110,111,18:10-18:30,9.998348397345694
2025-03-18,115,116,19:00-19:20,19.6686405828774
2025-03-18,131,131,21:40-21:50,9.921881405448062
2025-03-18,138,138,22:50-23:00,31.91477400985559
2025-03-18,143,143,23:40-23:50,16.22666137884687
2025-03-19,5,5,00:40-00:50,3.81541789709172
2025-03-19,12,12,01:50-02:00,18.59369755830187
2025-03-19,22,23,03:30-03:50,19.19989474243573
2025-03-19,26,26,04:10-04:20,3.5786723140261074
2025-03-19,35,35,05:40-05:50,0.007672925948554621
2025-03-19,38,38,06:10-06:20,10.692805109224878
2025-03-19,49,57,08:00-09:30,455.52350784802206
2025-03-19,88,89,14:30-14:50,29.39602187455708
2025-03-19,107,107,17:40-17:50,0.11010623157383181
2025-03-19,113,114,18:40-19:00,28.968354467933295
2025-03-20,3,3,00:20-00:30,10.338410975128227
2025-03-20,8,11,01:10-01:50,60.841155405486006
2025-03-20,19,22,03:00-03:40,89.33201853086871
2025-03-20,24,24,03:50-04:00,1.7323022766154281
2025-03-20,30,32,04:50-05:20,33.42386828817939
2025-03-20,50,51,08:10-08:30,42.378344914228194
2025-03-20,54,54,08:50-09:00,9.92045721660125
2025-03-20,68,68,11:10-11:20,11.140373429775082
2025-03-20,92,98,15:10-16:20,167.934088741376
2025-03-20,100,101,16:30-16:50,18.092462016347554
2025-03-20,103,104,17:00-17:20,5.398814369439037
2025-03-20,109,110,18:00-18:20,21.551577604195813
2025-03-20,113,114,18:40-19:00,61.11620861926133
2025-03-20,121,122,20:00-20:20,35.78800858101647
2025-03-20,129,129,21:20-21:30,16.21762731938429
2025-03-20,142,143,23:30-23:50,37.81227370213185
2025-03-21,8,10,01:10-01:40,31.28404932803636
2025-03-21,14,17,02:10-02:50,69.86621210685615
2025-03-21,21,23,03:20-03:50,37.63963879904327
2025-03-21,27,27,04:20-04:30,5.452068035267814
2025-03-21,31,35,05:00-05:50,39.708381504145166
2025-03-21,39,41,06:20-06:50,54.7406703065958
2025-03-21,109,109,18:00-18:10,1.9148146429041617
2025-03-21,114,114,18:50-19:00,25.81255373269289
2025-03-21,118,118,19:30-19:40,0.3049146671084486
2025-03-21,120,120,19:50-20:00,0.110046961947603
2025-03-21,123,124,20:20-20:40,48.734234040780564
2025-03-21,134,135,22:10-22:30,53.04217819872923
2025-03-21,138,138,22:50-23:00,6.69791814712471
2025-03-21,141,141,23:20-23:30,7.288893481050081
2025-03-22,10,11,01:30-01:50,35.94727260588803
2025-03-22,25,26,04:00-04:20,25.422725716259606
2025-03-22,28,35,04:30-05:50,91.968684849657
2025-03-22,82,84,13:30-14:00,129.30763891652487
2025-03-22,92,92,15:10-15:20,18.25804830913023
2025-03-22,95,97,15:40-16:10,46.55309251875254
2025-03-22,135,135,22:20-22:30,1.867037110146157
2025-03-22,140,141,23:10-23:30,29.19660907943711
2025-03-23,5,5,00:40-00:50,14.853454099223654
2025-03-23,15,17,02:20-02:50,30.251077895728713
2025-03-23,21,22,03:20-03:40,39.81017683086691
2025-03-23,25,26,04:00-04:20,57.59447131295474
2025-03-23,30,33,04:50-05:30,29.385777653104377
2025-03-23,37,41,06:00-06:50,144.4582459758568
2025-03-23,46,48,07:30-08:00,19.953572099443306
2025-03-23,56,59,09:10-09:50,156.8269241166051
2025-03-23,65,67,10:40-11:10,138.77458110099417
2025-03-23,69,69,11:20-11:30,15.431015896711301
2025-03-23,78,78,12:50-13:00,12.107544124875318
2025-03-23,105,105,17:20-17:30,3.5664553606676463
2025-03-23,116,117,19:10-19:30,23.642883154090782
2025-03-23,120,120,19:50-20:00,0.5122885985349512
2025-03-23,123,123,20:20-20:30,29.150373762760182
2025-03-23,126,126,20:50-21:00,12.489915120410956
2025-03-23,132,132,21:50-22:00,9.32099438233763
2025-03-24,1,1,00:00-00:10,9.353931115936575
2025-03-24,15,15,02:20-02:30,5.704650611922602
2025-03-24,20,20,03:10-03:20,5.774060746714781
2025-03-24,22,22,03:30-03:40,11.399696159073642
2025-03-24,26,27,04:10-04:30,4.546045062555322
2025-03-24,31,35,05:00-05:50,81.5385194403214
2025-03-24,38,40,06:10-06:40,25.108901334351117
2025-03-24,43,44,07:00-07:20,14.649760122690168
2025-03-24,47,48,07:40-08:00,26.10150253772599
2025-03-24,87,93,14:20-15:30,287.95940660724443
2025-03-24,105,105,17:20-17:30,4.172120141051323
2025-03-24,109,110,18:00-18:20,26.884833494303507
2025-03-24,138,139,22:50-23:10,41.56299203466642
2025-03-24,142,143,23:30-23:50,53.334353122473885
2025-03-25,5,6,00:40-01:00,45.20336787077258
2025-03-25,13,14,02:00-02:20,25.39970467401747
2025-03-25,16,17,02:30-02:50,17.309196827178766
2025-03-25,19,20,03:00-03:20,41.88004446412265
2025-03-25,23,24,03:40-04:00,78.59434219684113
2025-03-25,33,35,05:20-05:50,23.082749238956694
2025-03-25,38,42,06:10-07:00,140.42512926580912
2025-03-25,58,66,09:30-11:00,469.2356013398995
2025-03-25,69,74,11:20-12:20,313.1472041529779
2025-03-25,91,92,15:00-15:20,27.32305060277099
2025-03-25,100,101,16:30-16:50,94.04735868163641
2025-03-25,117,117,19:20-19:30,16.4751924419096
2025-03-25,122,122,20:10-20:20,17.36543271523726
2025-03-25,127,128,21:00-21:20,13.285381385708433
2025-03-25,136,137,22:30-22:50,21.90025589551226
2025-03-25,140,141,23:10-23:30,25.848509740502777
2025-03-26,7,7,01:00-01:10,2.819527089090684
2025-03-26,23,24,03:40-04:00,18.79208590604037
2025-03-26,26,27,04:10-04:30,14.124846481445047
2025-03-26,33,35,05:20-05:50,31.950678100736923
2025-03-26,46,47,07:30-07:50,62.566329025775985
2025-03-26,108,108,17:50-18:00,0.38366653037019205
2025-03-26,133,134,22:00-22:20,45.653452950576366
2025-03-27,8,9,01:10-01:30,26.9240573280357
2025-03-27,13,16,02:00-02:40,116.99203290282537
2025-03-27,24,24,03:50-04:00,18.063591919989562
2025-03-27,27,30,04:20-05:00,68.66363912917961
2025-03-27,40,40,06:30-06:40,1.2258800115474742
2025-03-27,81,83,13:20-13:50,91.48801978179944
2025-03-27,95,102,15:40-17:00,211.75850720136572
2025-03-27,130,131,21:30-21:50,60.985414153177885
2025-03-27,138,139,22:50-23:10,16.53241278017083
2025-03-28,5,5,00:40-00:50,4.212957889195991
2025-03-28,7,8,01:00-01:20,24.870868123625428
2025-03-28,11,12,01:40-02:00,8.568281444926868
2025-03-28,14,15,02:10-02:30,7.13569124250364
2025-03-28,19,20,03:00-03:20,28.856068832835206
2025-03-28,33,33,05:20-05:30,10.188659333700002
2025-03-28,43,47,07:00-07:50,173.35165345964796
2025-03-28,107,107,17:40-17:50,2.688767091538807
2025-03-28,116,117,19:10-19:30,23.687032110158384
2025-03-28,127,129,21:00-21:30,77.55036600370573
2025-03-28,136,137,22:30-22:50,5.747863482037189
2025-03-28,144,144,23:50-24:00,5.575292143702995
2025-03-29,1,1,00:00-00:10,5.802974562442387
2025-03-29,6,6,00:50-01:00,19.156550203974348
2025-03-29,9,9,01:20-01:30,5.336590998815666
2025-03-29,18,18,02:50-03:00,6.68545861297531
2025-03-29,21,22,03:20-03:40,2.4713425187523512
2025-03-29,25,26,04:00-04:20,25.835704157972145
2025-03-29,29,30,04:40-05:00,37.61375739939575
2025-03-29,42,42,06:50-07:00,5.3901608322385925
2025-03-29,97,100,16:00-16:40,86.47379036057362
2025-03-29,104,104,17:10-17:20,4.804551253974921
2025-03-29,109,110,18:00-18:20,22.091263218190136
2025-03-29,120,120,19:50-20:00,10.06525541351175
2025-03-29,125,125,20:40-20:50,3.9686013046829203
2025-03-30,1,2,00:00-00:20,35.293205020397636
2025-03-30,11,12,01:40-02:00,65.18405301355426
2025-03-30,18,18,02:50-03:00,7.740558957328858
2025-03-30,22,26,03:30-04:20,82.62916043470204
2025-03-30,30,34,04:50-05:40,83.52204210301977
2025-03-30,37,37,06:00-06:10,6.829143939891537
2025-03-30,61,63,10:00-10:30,28.419084039370873
2025-03-30,71,72,11:40-12:00,86.46519055326792
2025-03-30,85,89,14:00-14:50,328.32760333532946
2025-03-30,110,112,18:10-18:40,33.25802974046769
2025-03-30,115,116,19:00-19:20,41.21731222905248
2025-03-30,128,128,21:10-21:20,2.491052934596837
2025-03-30,133,134,22:00-22:20,18.062110948808936
2025-03-31,1,2,00:00-00:20,9.53208178049772
2025-03-31,5,6,00:40-01:00,35.94942868140538
2025-03-31,29,30,04:40-05:00,28.529736636399548
2025-03-31,34,36,05:30-06:00,42.44655596377845
2025-03-31,63,63,10:20-10:30,65.48706060696125
2025-03-31,68,68,11:10-11:20,6.201610753260752
2025-03-31,70,92,11:30-15:20,1499.062065293487
2025-03-31,94,95,15:30-15:50,101.473416623287
2025-03-31,99,102,16:20-17:00,123.51498981673774
2025-03-31,106,106,17:30-17:40,0.18701764834713686
2025-03-31,117,117,19:20-19:30,4.14360904512796
2025-03-31,121,122,20:00-20:20,12.93535880498166
2025-03-31,126,126,20:50-21:00,21.404680879062767
2025-03-31,129,129,21:20-21:30,15.468580381817219
2025-04-01,1,1,00:00-00:10,3.6254195946837626
2025-04-01,5,5,00:40-00:50,17.29661930517159
2025-04-01,12,12,01:50-02:00,0.013171469930171043
2025-04-01,14,18,02:10-03:00,93.85548703935058
2025-04-01,21,22,03:20-03:40,23.57998365245419
2025-04-01,27,35,04:20-05:50,101.18848953184116
2025-04-01,57,57,09:20-09:30,25.68713330508413
2025-04-01,59,60,09:40-10:00,70.37147237839565
2025-04-01,64,78,10:30-13:00,2418.564227581118
2025-04-01,81,83,13:20-13:50,13.40339037116344
2025-04-01,88,89,14:30-14:50,46.814895500725314
2025-04-01,91,93,15:00-15:30,74.08163272271099
2025-04-01,96,96,15:50-16:00,17.010349956441473
2025-04-01,99,99,16:20-16:30,3.2388805681665644
2025-04-01,103,103,17:00-17:10,10.00352023903531
2025-04-01,106,108,17:30-18:00,63.993085641731795
2025-04-01,115,115,19:00-19:10,0.35262143891111464
2025-04-01,118,118,19:30-19:40,1.9753739015236533
2025-04-01,121,122,20:00-20:20,59.5286093268852
2025-04-01,124,125,20:30-20:50,27.742140761119686
2025-04-01,130,131,21:30-21:50,40.13584176865356
2025-04-02,1,2,00:00-00:20,32.60153662324001
2025-04-02,13,14,02:00-02:20,5.085524368338042
2025-04-02,17,17,02:40-02:50,1.2972868601132177
2025-04-02,20,20,03:10-03:20,6.175088860376377
2025-04-02,24,24,03:50-04:00,8.68545137518106
2025-04-02,26,30,04:10-05:00,37.71408149427543
2025-04-02,32,33,05:10-05:30,49.178287899046495
2025-04-02,43,77,07:00-12:50,2832.7304825577944
2025-04-02,109,109,18:00-18:10,5.698784213953786
2025-04-02,112,112,18:30-18:40,3.9482772977647755
2025-04-02,118,119,19:30-19:50,40.98875473793544
2025-04-02,123,124,20:20-20:40,37.54388432594533
2025-04-02,139,139,23:00-23:10,31.19533186885542
2025-04-03,2,2,00:10-00:20,10.451450881694882
2025-04-03,13,14,02:00-02:20,30.1787570150359
2025-04-03,19,20,03:00-03:20,8.601395683642522
2025-04-03,26,27,04:10-04:30,9.57150280065025
2025-04-03,32,33,05:10-05:30,32.6571824850073
2025-04-03,41,42,06:40-07:00,68.52263342572047
2025-04-03,45,45,07:20-07:30,34.71548124115429
2025-04-03,47,48,07:40-08:00,59.2400124732207
2025-04-03,51,52,08:20-08:40,30.295372363865567
2025-04-03,55,56,09:00-09:20,55.619812255736505
2025-04-03,111,111,18:20-18:30,11.546067594403553
2025-04-03,114,114,18:50-19:00,0.48282426388141175
2025-04-03,116,116,19:10-19:20,0.9004411431016024
2025-04-03,123,123,20:20-20:30,0.6599302833550382
2025-04-03,127,127,21:00-21:10,8.249046710093467
2025-04-03,137,137,22:40-22:50,0.0378959139361541
2025-04-03,142,143,23:30-23:50,38.06417005421292
2025-04-04,3,3,00:20-00:30,3.1500342150281995
2025-04-04,10,10,01:30-01:40,5.757875497480768
2025-04-04,22,24,03:30-04:00,37.48575548474406
2025-04-04,28,28,04:30-04:40,11.87232440429193
2025-04-04,40,42,06:30-07:00,48.90453386521145
2025-04-04,111,112,18:20-18:40,36.38307872928954
2025-04-04,120,120,19:50-20:00,9.09283056804935
2025-04-04,125,126,20:40-21:00,14.415654812956973
2025-04-04,132,132,21:50-22:00,3.6517691090698463
2025-04-04,138,138,22:50-23:00,11.241020725089584
2025-04-05,3,4,00:20-00:40,22.64988147124609
2025-04-05,7,10,01:00-01:40,59.169881796324546
2025-04-05,14,15,02:10-02:30,12.276799888143103
2025-04-05,24,24,03:50-04:00,17.531394920384116
2025-04-05,87,87,14:20-14:30,6.994187242850103
2025-04-05,90,90,14:50-15:00,11.811738160657455
2025-04-05,92,95,15:10-15:50,265.0836708664694
2025-04-05,104,107,17:10-17:50,81.64283997435595
2025-04-05,113,113,18:40-18:50,5.490417819554352
2025-04-05,118,119,19:30-19:50,36.17442268278944
2025-04-05,124,125,20:30-20:50,17.529900508936862
2025-04-05,131,132,21:40-22:00,7.520728663957186
2025-04-05,140,140,23:10-23:20,14.336364867557677
2025-04-06,12,12,01:50-02:00,2.6044856062181907
2025-04-06,27,27,04:20-04:30,39.11257402289755
2025-04-06,30,30,04:50-05:00,20.34098039215712
2025-04-06,45,46,07:20-07:40,16.377779948489263
2025-04-06,93,94,15:20-15:40,27.42367535174941
2025-04-06,114,114,18:50-19:00,36.152075911530915
2025-04-06,122,122,20:10-20:20,4.349414438929784
2025-04-06,126,126,20:50-21:00,4.243854454533448
2025-04-06,129,131,21:20-21:50,23.509149138044336
2025-04-07,7,8,01:00-01:20,37.3767455905853
2025-04-07,17,18,02:40-03:00,10.5130193972891
2025-04-07,25,27,04:00-04:30,51.32385363487663
2025-04-07,76,76,12:30-12:40,8.94066790863144
2025-04-07,111,111,18:20-18:30,0.05412027898410088
2025-04-07,122,122,20:10-20:20,4.262106532814414
2025-04-07,127,127,21:00-21:10,19.818897368074364
2025-04-07,131,131,21:40-21:50,21.82583374128194
2025-04-07,134,135,22:10-22:30,16.005888235294037
2025-04-07,138,138,22:50-23:00,2.3119252533228973
2025-04-07,140,140,23:10-23:20,3.800899901302728
2025-04-08,1,1,00:00-00:10,0.987900164495386
2025-04-08,21,21,03:20-03:30,5.689276220555371
2025-04-08,27,27,04:20-04:30,3.523103874100002
2025-04-08,38,40,06:10-06:40,157.42655791063873
2025-04-08,44,46,07:10-07:40,58.56365255417148
2025-04-08,50,53,08:10-08:50,77.10984032022088
2025-04-08,57,58,09:20-09:40,14.829899609852326
2025-04-08,101,106,16:40-17:40,138.2999574410842
2025-04-08,108,108,17:50-18:00,3.0318159109282306
2025-04-08,111,114,18:20-19:00,38.150383829270254
2025-04-08,119,120,19:40-20:00,25.934919480711983
2025-04-08,123,124,20:20-20:40,19.387831437333716
2025-04-08,128,128,21:10-21:20,8.406687524674112
2025-04-08,135,135,22:20-22:30,11.913241873930701
2025-04-08,138,138,22:50-23:00,11.456604816422896
2025-04-08,143,144,23:40-24:00,20.64691807474651
2025-04-09,3,3,00:20-00:30,8.864034083431989
2025-04-09,8,9,01:10-01:30,6.417345597635062
2025-04-09,24,24,03:50-04:00,11.359661797604645
2025-04-09,38,42,06:10-07:00,64.78050759517379
2025-04-09,55,58,09:00-09:40,53.61266406473924
2025-04-09,63,63,10:20-10:30,81.30858950983887
2025-04-09,66,72,10:50-12:00,612.8336928638688
2025-04-09,75,80,12:20-13:20,262.7489691800237
2025-04-09,84,84,13:50-14:00,64.47868522183501
2025-04-09,86,96,14:10-16:00,469.100499707123
2025-04-09,103,103,17:00-17:10,3.4831745078906806
2025-04-09,109,110,18:00-18:20,35.89574947646838
2025-04-09,125,125,20:40-20:50,17.515109659165773
2025-04-09,132,132,21:50-22:00,31.739984327413822
2025-04-09,135,136,22:20-22:40,70.45627575092135
2025-04-09,142,142,23:30-23:40,7.141372915139186
2025-04-10,4,6,00:30-01:00,33.513185438873734
2025-04-10,10,11,01:30-01:50,11.925867760090568
2025-04-10,19,20,03:00-03:20,4.221754208260336
2025-04-10,22,22,03:30-03:40,4.71720372887421
2025-04-10,37,37,06:00-06:10,1.2725002091777924
2025-04-10,40,40,06:30-06:40,13.283052664417255
2025-04-10,43,44,07:00-07:20,14.53724614854309
2025-04-10,56,59,09:10-09:50,248.38316790452524
2025-04-10,96,99,15:50-16:30,176.8122908884862
2025-04-10,102,104,16:50-17:20,23.058697946229927
2025-04-10,108,109,17:50-18:10,14.4305805727995
2025-04-10,112,112,18:30-18:40,1.9952289445978977
2025-04-10,115,116,19:00-19:20,47.59158022907138
2025-04-10,125,125,20:40-20:50,1.3089697657584338
2025-04-10,131,132,21:40-22:00,6.153778447058244
2025-04-10,141,141,23:20-23:30,2.9852803000394488
2025-04-11,8,9,01:10-01:30,52.482072252222906
2025-04-11,20,21,03:10-03:30,25.157403050213418
2025-04-11,24,24,03:50-04:00,5.655412554283544
2025-04-11,31,31,05:00-05:10,8.469479128832745
2025-04-11,35,38,05:40-06:20,61.42464223224334
2025-04-11,105,105,17:20-17:30,2.554276136402598
2025-04-11,112,114,18:30-19:00,87.13263446105901
2025-04-11,117,118,19:20-19:40,27.232623082572275
2025-04-11,129,129,21:20-21:30,0.18697394393996092
2025-04-11,132,132,21:50-22:00,7.175035530990954
2025-04-11,134,136,22:10-22:40,61.25697768468149
2025-04-11,139,140,23:00-23:20,48.09893873521264
2025-04-12,4,5,00:30-00:50,25.266780332938595
2025-04-12,22,22,03:30-03:40,13.45464073339059
2025-04-12,100,101,16:30-16:50,26.86989572688134
2025-04-12,107,108,17:40-18:00,76.57614316467141
2025-04-12,136,137,22:30-22:50,19.97371336360044
2025-04-13,15,16,02:20-02:40,28.126765544103478
2025-04-13,31,31,05:00-05:10,6.8434916428019505
2025-04-13,36,36,05:50-06:00,10.637990879027598
2025-04-13,41,42,06:40-07:00,43.08712945193395
2025-04-13,54,54,08:50-09:00,1.1241811008696345
2025-04-13,58,58,09:30-09:40,9.266251333528317
2025-04-13,98,98,16:10-16:20,0.1530395320392245
2025-04-13,100,104,16:30-17:20,101.46753318159506
2025-04-13,106,106,17:30-17:40,1.3963707218960053
2025-04-13,116,117,19:10-19:30,35.82958926385993
2025-04-13,124,128,20:30-21:20,55.43728991843941
2025-04-13,132,132,21:50-22:00,0.8845501867904204
2025-04-13,137,138,22:40-23:00,4.958506406740526
2025-04-14,4,5,00:30-00:50,57.40614572970139
2025-04-14,7,8,01:00-01:20,18.178695582595083
2025-04-14,13,14,02:00-02:20,7.9996612349127645
2025-04-14,17,18,02:40-03:00,20.38326906953216
2025-04-14,23,23,03:40-03:50,2.84181415229682
2025-04-14,29,30,04:40-05:00,15.953976093295296
2025-04-14,35,36,05:40-06:00,22.029697546316925
2025-04-14,41,42,06:40-07:00,11.871432848536472
2025-04-14,112,113,18:30-18:50,71.79049253139203
2025-04-14,115,116,19:00-19:20,12.811057875319648
2025-04-14,118,119,19:30-19:50,19.62925898479341
2025-04-14,124,124,20:30-20:40,14.899480066074148
2025-04-14,129,129,21:20-21:30,0.867181203466771
2025-04-15,82,84,13:30-14:00,40.39964252257124
2025-04-15,94,95,15:30-15:50,29.159972969184423
2025-04-15,115,116,19:00-19:20,2.3579807798960246
2025-04-15,118,119,19:30-19:50,12.048076575453933
2025-04-15,127,127,21:00-21:10,0.6408542909782682
2025-04-15,131,131,21:40-21:50,9.41402326621926
2025-04-16,5,6,00:40-01:00,35.54585438215577
2025-04-16,10,12,01:30-02:00,61.74108245492812
2025-04-16,24,24,03:50-04:00,13.787238069094883
2025-04-16,43,43,07:00-07:10,23.691974222575084
2025-04-16,46,46,07:30-07:40,3.597144154943919
2025-04-16,52,53,08:30-08:50,24.1237728953748
2025-04-16,62,62,10:10-10:20,42.277089379828226
2025-04-16,67,67,11:00-11:10,30.877960651777585
2025-04-16,71,72,11:40-12:00,132.14981718835224
2025-04-16,75,77,12:20-12:50,48.993701464773665
2025-04-16,88,92,14:30-15:20,82.02383442803544
2025-04-16,97,98,16:00-16:20,13.85204674035715
2025-04-16,112,113,18:30-18:50,26.903189288920316
2025-04-16,127,128,21:00-21:20,28.4836911435714
2025-04-16,137,138,22:40-23:00,17.29333692784985
2025-04-16,142,144,23:30-24:00,10.217075259550143
2025-04-17,6,6,00:50-01:00,4.78221015923134
2025-04-17,18,18,02:50-03:00,14.590079756734667
2025-04-17,34,34,05:30-05:40,3.916109546369171
2025-04-17,44,44,07:10-07:20,7.1390499522290725
2025-04-17,49,51,08:00-08:30,56.99938866515623
2025-04-17,66,66,10:50-11:00,25.92028729624721
2025-04-17,86,88,14:10-14:40,33.60513993955351
2025-04-17,99,99,16:20-16:30,23.5686843850375
2025-04-17,104,104,17:10-17:20,9.572178659400038
2025-04-17,108,109,17:50-18:10,6.735134162020358
2025-04-17,117,117,19:20-19:30,3.883555772140994
2025-04-17,120,120,19:50-20:00,4.105848472044045
2025-04-17,123,123,20:20-20:30,4.678514366317131
2025-04-17,129,129,21:20-21:30,12.83590845482479
2025-04-18,1,2,00:00-00:20,23.26903603105677
2025-04-18,12,13,01:50-02:10,18.434656352809384
2025-04-18,15,18,02:20-03:00,69.07420487517169
2025-04-18,21,21,03:20-03:30,4.345271534788537
2025-04-18,26,26,04:10-04:20,7.210496970466181
2025-04-18,91,92,15:00-15:20,15.165705629768695
2025-04-18,110,112,18:10-18:40,34.84560935323361
2025-04-18,139,139,23:00-23:10,10.833693780196711
2025-04-19,1,2,00:00-00:20,46.933981819976395
2025-04-19,13,14,02:00-02:20,81.67314828642867
2025-04-19,25,25,04:00-04:10,1.8068099054386835
2025-04-19,34,34,05:30-05:40,2.958282491704722
2025-04-19,45,45,07:20-07:30,26.935416666666697
2025-04-19,114,115,18:50-19:10,25.328554916252415
2025-04-19,133,134,22:00-22:20,54.30484045269117
2025-04-20,4,4,00:30-00:40,9.476869430188344
2025-04-20,14,14,02:10-02:20,13.053609948677604
2025-04-20,29,30,04:40-05:00,38.82957758257669
2025-04-20,33,34,05:20-05:40,20.685042718966656
2025-04-20,39,39,06:20-06:30,6.80561849026526
2025-04-20,47,47,07:40-07:50,31.37012959967751
2025-04-20,51,53,08:20-08:50,108.09022985375802
2025-04-20,86,87,14:10-14:30,51.499142920102514
2025-04-20,99,100,16:20-16:40,59.0055963329994
2025-04-20,103,103,17:00-17:10,3.367267233470784
2025-04-20,107,107,17:40-17:50,11.809021707743454
2025-04-20,129,129,21:20-21:30,0.6830635609948104
2025-04-20,133,133,22:00-22:10,1.6113991643635472
2025-04-20,140,140,23:10-23:20,15.003440268456302
2025-04-20,144,144,23:50-24:00,33.232195025661326
2025-04-21,3,3,00:20-00:30,3.7427306224501535
2025-04-21,6,6,00:50-01:00,0.7010896170548904
2025-04-21,9,10,01:20-01:40,21.73645808583001
2025-04-21,16,16,02:30-02:40,3.581496854849206
2025-04-21,19,21,03:00-03:30,57.80634773372435
2025-04-21,25,26,04:00-04:20,21.32985427358858
2025-04-21,32,34,05:10-05:40,39.42800442144335
2025-04-21,38,39,06:10-06:30,16.26910347683554
2025-04-21,109,109,18:00-18:10,13.93983184253591
2025-04-21,121,124,20:00-20:40,54.037142206780686
2025-04-21,128,129,21:10-21:30,19.685972411313287
2025-04-21,133,133,22:00-22:10,2.071504283458353
2025-04-21,136,137,22:30-22:50,74.713117285169
2025-04-22,4,4,00:30-00:40,9.993829359126039
2025-04-22,13,13,02:00-02:10,3.7815052001171807
2025-04-22,17,17,02:40-02:50,6.069869166995545
2025-04-22,22,23,03:30-03:50,45.274992922177375
2025-04-22,26,27,04:10-04:30,26.387368876779078
2025-04-22,30,30,04:50-05:00,26.63745891068254
2025-04-22,47,47,07:40-07:50,1.1194746983735797
2025-04-22,72,72,11:50-12:00,31.925600689939984
2025-04-22,75,78,12:20-13:00,220.64458324358725
2025-04-22,82,82,13:30-13:40,17.77826386959191
2025-04-22,87,90,14:20-15:00,51.00279430381267
2025-04-22,92,93,15:10-15:30,69.4419823832549
2025-04-22,111,111,18:20-18:30,26.300606000789685
2025-04-22,129,130,21:20-21:40,45.39862473694384
2025-04-22,140,140,23:10-23:20,15.514464012652184
2025-04-22,143,144,23:40-24:00,38.393269035399385
2025-04-23,1,3,00:00-00:30,66.15447944466405
2025-04-23,6,6,00:50-01:00,23.964970390840904
2025-04-23,11,12,01:40-02:00,8.888792666122526
2025-04-23,14,14,02:10-02:20,1.5806746550298385
2025-04-23,26,26,04:10-04:20,5.76268088423285
2025-04-23,34,35,05:30-05:50,43.38228268804153
2025-04-23,44,45,07:10-07:30,52.236793927764154
2025-04-23,69,70,11:20-11:40,52.79466589125187
2025-04-23,77,78,12:40-13:00,16.314953399205024
2025-04-23,81,81,13:20-13:30,9.268062245032297
2025-04-23,111,111,18:20-18:30,18.553839320963334
2025-04-23,120,120,19:50-20:00,17.89482916646091
2025-04-23,130,130,21:30-21:40,4.414145680705019
2025-04-23,144,144,23:50-24:00,2.1742814844058103
2025-04-24,1,1,00:00-00:10,9.584726885116197
2025-04-24,7,8,01:00-01:20,8.949037646871034
2025-04-24,12,12,01:50-02:00,3.4048532701671093
2025-04-24,34,34,05:30-05:40,5.99617683098154
2025-04-24,37,39,06:00-06:30,8.586588487911968
2025-04-24,106,107,17:30-17:50,28.315815458951988
2025-04-24,110,111,18:10-18:30,22.89613736957881
2025-04-24,123,123,20:20-20:30,7.5786806945931176
2025-04-24,128,130,21:10-21:40,10.516627238856382
2025-04-24,141,141,23:20-23:30,1.4988622106907314
2025-04-24,144,144,23:50-24:00,12.834775628372142
2025-04-25,4,5,00:30-00:50,13.101475628372043
2025-04-25,25,26,04:00-04:20,40.85806198465963
2025-04-25,78,78,12:50-13:00,15.88199196183325
2025-04-25,122,123,20:10-20:30,32.743026898276014
2025-04-25,126,126,20:50-21:00,8.803694565074238
2025-04-25,130,130,21:30-21:40,3.150518118455466
2025-04-25,133,133,22:00-22:10,7.744426694301637
2025-04-25,137,138,22:40-23:00,16.046470942428755
2025-04-25,142,143,23:30-23:50,40.66803289883063
2025-04-26,6,7,00:50-01:10,8.300165949467043
2025-04-26,16,17,02:30-02:50,14.565585636268054
2025-04-26,20,20,03:10-03:20,5.866305459364753
2025-04-26,27,27,04:20-04:30,40.41531793422075
2025-04-26,31,31,05:00-05:10,15.108568305980214
2025-04-26,35,36,05:40-06:00,24.550005596148537
2025-04-26,90,90,14:50-15:00,26.476918546309207
2025-04-26,93,94,15:20-15:40,27.116143107574374
2025-04-26,99,99,16:20-16:30,23.37933311243973
2025-04-26,101,106,16:40-17:40,86.04885147869076
2025-04-26,112,114,18:30-19:00,44.12514443878757
2025-04-26,126,126,20:50-21:00,21.04453840774977
2025-04-26,132,132,21:50-22:00,2.1339729851672473
2025-04-26,135,136,22:20-22:40,56.58226328464252
2025-04-26,141,142,23:20-23:40,19.722803029181478
2025-04-27,3,4,00:20-00:40,73.12853919594681
2025-04-27,22,23,03:30-03:50,53.47249910702544
2025-04-27,39,39,06:20-06:30,5.819993255481677
2025-04-27,44,46,07:10-07:40,66.217358829463
2025-04-27,49,50,08:00-08:20,90.72168719286339
2025-04-27,90,106,14:50-17:40,594.5981627187102
2025-04-27,108,109,17:50-18:10,46.367762846745336
2025-04-27,113,113,18:40-18:50,14.0205232669324
2025-04-27,118,119,19:30-19:50,27.340512881276595
2025-04-27,122,122,20:10-20:20,10.98452918711098
2025-04-27,135,135,22:20-22:30,1.6542795104619472
2025-04-27,139,140,23:00-23:20,30.752751836426615
2025-04-27,144,144,23:50-24:00,14.565285074810049
2025-04-28,7,7,01:00-01:10,5.915015098791287
2025-04-28,11,12,01:40-02:00,68.41884654559817
2025-04-28,18,18,02:50-03:00,3.3603612141165513
2025-04-28,27,28,04:20-04:40,22.81480311333121
2025-04-28,51,60,08:20-10:00,897.0548248814085
2025-04-28,62,84,10:10-14:00,3516.2906863232333
2025-04-28,86,102,14:10-17:00,863.9585787148444
2025-04-28,105,108,17:20-18:00,73.16810384615042
2025-04-28,115,115,19:00-19:10,3.2398413813847355
2025-04-28,125,126,20:40-21:00,52.296539261745124
2025-04-28,132,132,21:50-22:00,11.211684160451114
2025-04-28,141,141,23:20-23:30,3.471444268982623
2025-04-29,24,24,03:50-04:00,4.414889459139431
2025-04-29,28,28,04:30-04:40,4.580999782866115
2025-04-29,90,90,14:50-15:00,34.08362575931707
2025-04-29,93,102,15:20-17:00,479.7992523824887
2025-04-29,116,116,19:10-19:20,18.85368748002577
2025-04-29,122,123,20:10-20:30,31.86014556261989
2025-04-29,135,136,22:20-22:40,3.4041956704832046
2025-04-30,8,10,01:10-01:40,17.41462735310563
2025-04-30,14,17,02:10-02:50,60.422563156806405
2025-04-30,37,37,06:00-06:10,14.236755148099405
2025-04-30,41,42,06:40-07:00,47.429006123913325
2025-04-30,62,65,10:10-10:50,230.91946206392478
2025-04-30,68,71,11:10-11:50,79.75914775963287
2025-04-30,73,78,12:00-13:00,233.83048804014868
2025-04-30,115,117,19:00-19:30,46.31111470682242
2025-04-30,119,119,19:40-19:50,4.997206545739118
2025-04-30,125,127,20:40-21:10,63.444912126595156
2025-04-30,134,134,22:10-22:20,7.99420378339255
2025-04-30,143,144,23:40-24:00,33.45178736675871
2025-05-01,1,1,00:00-00:10,3.5198634754574414
2025-05-01,3,3,00:20-00:30,8.675834320305512
2025-05-01,14,15,02:10-02:30,3.028763711860279
2025-05-01,19,21,03:00-03:30,57.10674396795582
2025-05-01,23,24,03:40-04:00,33.14769396913107
2025-05-01,27,28,04:20-04:40,38.65331207853933
2025-05-01,32,32,05:10-05:20,17.04248494256774
2025-05-01,40,42,06:30-07:00,137.00129022084081
2025-05-01,44,44,07:10-07:20,5.453155611775003
2025-05-01,46,48,07:30-08:00,106.95567565087222
2025-05-01,90,90,14:50-15:00,3.9737149624953645
2025-05-01,96,96,15:50-16:00,15.835848289408943
2025-05-01,101,120,16:40-20:00,1015.243564853571
2025-05-01,122,138,20:10-23:00,996.3374323778542
2025-05-01,141,143,23:20-23:50,104.41034791137952
2025-05-02,2,2,00:10-00:20,1.641480997499798
2025-05-02,9,11,01:20-01:50,46.22194184555531
2025-05-02,18,18,02:50-03:00,12.806154201298796
2025-05-02,27,29,04:20-04:50,29.42296600633523
2025-05-02,32,33,05:10-05:30,20.829635247824
2025-05-02,37,45,06:00-07:30,185.72806100741911
2025-05-02,76,78,12:30-13:00,322.5202999137347
2025-05-02,82,82,13:30-13:40,34.274237139180286
2025-05-02,86,96,14:10-16:00,507.20762089541165
2025-05-02,98,110,16:10-18:20,777.3614543830336
2025-05-02,112,112,18:30-18:40,10.572761149090411
2025-05-02,115,120,19:00-20:00,310.8564072481339
2025-05-02,122,136,20:10-22:40,829.8123678570383
2025-05-02,138,139,22:50-23:10,36.09440879424329
2025-05-02,142,144,23:30-24:00,82.21872283277423
2025-05-03,8,11,01:10-01:50,149.37691898869446
2025-05-03,24,24,03:50-04:00,12.503099730139638
2025-05-03,35,35,05:40-05:50,2.2971579337860817
2025-05-03,43,44,07:00-07:20,5.97951251763773
2025-05-03,98,98,16:10-16:20,4.151525032999913
2025-05-03,105,106,17:20-17:40,6.325002800958885
2025-05-03,110,132,18:10-22:00,1088.2465018918251
2025-05-03,135,135,22:20-22:30,24.500759968416787
2025-05-03,139,141,23:00-23:30,78.48775010010723
2025-05-04,1,4,00:00-00:40,63.26281934465055
2025-05-04,6,8,00:50-01:20,8.41075214313912
2025-05-04,12,12,01:50-02:00,10.90956060360395
2025-05-04,18,20,02:50-03:20,54.65126565322839
2025-05-04,25,26,04:00-04:20,38.445700498185715
2025-05-04,32,32,05:10-05:20,9.498202796420514
2025-05-04,34,35,05:30-05:50,2.5696095306578854
2025-05-04,78,78,12:50-13:00,50.081611132576796
2025-05-04,106,109,17:30-18:10,70.49994838802922
2025-05-04,112,114,18:30-19:00,229.23512277767577
2025-05-04,116,116,19:10-19:20,26.967426136897757
2025-05-04,119,122,19:40-20:20,90.35235177170762
2025-05-04,124,134,20:30-22:20,419.7689213133352
2025-05-04,136,137,22:30-22:50,27.143566363995433
2025-05-04,139,143,23:00-23:50,56.94442897185729
2025-05-05,1,3,00:00-00:30,86.89081382418772
2025-05-05,6,6,00:50-01:00,7.538305698118165
2025-05-05,10,10,01:30-01:40,0.1780278981725587
2025-05-05,13,14,02:00-02:20,118.23494226260993
2025-05-05,29,30,04:40-05:00,22.587100264949527
2025-05-05,33,33,05:20-05:30,10.438027865508843
2025-05-05,38,38,06:10-06:20,0.3339151271918581
2025-05-05,40,41,06:30-06:50,68.55106574780109
2025-05-05,43,48,07:00-08:00,376.69966283961685
2025-05-05,56,57,09:10-09:30,43.71594624494113
2025-05-05,82,82,13:30-13:40,50.87322935283737
2025-05-05,100,107,16:30-17:50,286.0464347625724
2025-05-05,110,114,18:10-19:00,211.78394664366772
2025-05-05,117,117,19:20-19:30,26.607960116932873
2025-05-05,121,122,20:00-20:20,97.8695776333351
2025-05-05,127,129,21:00-21:30,45.69085488289943
2025-05-05,133,134,22:00-22:20,18.988200355309687
2025-05-05,136,136,22:30-22:40,1.1798470986550456
2025-05-05,140,143,23:10-23:50,87.88951541156803
2025-05-06,4,6,00:30-01:00,82.98341100720313
2025-05-06,14,16,02:10-02:40,55.50334864021113
2025-05-06,19,21,03:00-03:30,57.890284375089664
2025-05-06,25,29,04:00-04:50,125.67538020792188
2025-05-06,45,45,07:20-07:30,17.691935915095655
2025-05-06,48,48,07:50-08:00,19.903247527592157
2025-05-06,50,51,08:10-08:30,87.59231350896079
2025-05-06,56,59,09:10-09:50,221.25255261268848
2025-05-06,106,107,17:30-17:50,44.073168212922496
2025-05-06,112,113,18:30-18:50,86.29807284511128
2025-05-06,116,117,19:10-19:30,62.087951179196466
2025-05-06,120,120,19:50-20:00,26.675869967324047
2025-05-06,129,129,21:20-21:30,56.49380267962886
2025-05-06,131,132,21:40-22:00,102.32788989937
2025-05-06,135,138,22:20-23:00,164.41908205438256
2025-05-07,4,5,00:30-00:50,61.35041926569306
2025-05-07,15,19,02:20-03:10,25.352914774294845
2025-05-07,25,26,04:00-04:20,15.279092587840296
2025-05-07,31,33,05:00-05:30,26.44851263206624
2025-05-07,40,41,06:30-06:50,9.835540137433043
2025-05-07,54,54,08:50-09:00,15.815786131986329
2025-05-07,66,66,10:50-11:00,42.68199777357472
2025-05-07,88,90,14:30-15:00,66.5893381555322
2025-05-07,94,94,15:30-15:40,3.23848040764949
2025-05-07,99,100,16:20-16:40,54.416572679057026
2025-05-07,103,109,17:00-18:10,214.32571675019062
2025-05-07,114,114,18:50-19:00,40.250062723933866
2025-05-07,117,118,19:20-19:40,58.33770668403281
2025-05-07,122,124,20:10-20:40,156.5833398169167
2025-05-07,128,128,21:10-21:20,5.879630096065284
2025-05-07,132,132,21:50-22:00,15.122143645104643
2025-05-07,138,139,22:50-23:10,43.03099061216335
2025-05-08,2,3,00:10-00:30,63.65355830372414
2025-05-08,16,17,02:30-02:50,26.982356168281058
2025-05-08,19,19,03:00-03:10,2.0522337262419796
2025-05-08,30,31,04:50-05:10,53.59468972233185
2025-05-08,66,66,10:50-11:00,82.05746465447032
2025-05-08,69,69,11:20-11:30,5.852868394211214
2025-05-08,73,74,12:00-12:20,13.61258152281141
2025-05-08,87,89,14:20-14:50,137.98113346566376
2025-05-08,107,107,17:40-17:50,0.1833060548337926
2025-05-08,121,122,20:00-20:20,159.7783047211836
2025-05-08,131,131,21:40-21:50,28.037180023687142
2025-05-08,143,143,23:40-23:50,30.873472891169854
2025-05-09,5,6,00:40-01:00,53.54009038689304
2025-05-09,11,11,01:40-01:50,3.1508268653770983
2025-05-09,16,17,02:30-02:50,19.04956864719037
2025-05-09,34,34,05:30-05:40,4.947550177890093
2025-05-09,102,102,16:50-17:00,25.42085520155743
2025-05-09,120,120,19:50-20:00,11.478670215359557
2025-05-10,15,15,02:20-02:30,8.886954040005094
2025-05-10,19,19,03:00-03:10,5.16465630628079
2025-05-10,25,26,04:00-04:20,26.047338542665557
2025-05-10,29,29,04:40-04:50,4.517517468640108
2025-05-10,33,34,05:20-05:40,39.24471494193307
2025-05-10,46,46,07:30-07:40,16.92681167995304
2025-05-10,81,83,13:20-13:50,61.10978809501751
2025-05-10,97,98,16:00-16:20,49.335323421960474
2025-05-10,126,126,20:50-21:00,6.404675615212454
2025-05-10,138,140,22:50-23:20,18.68346276577722
2025-05-11,6,6,00:50-01:00,12.975372417423387
2025-05-11,9,10,01:20-01:40,52.88096798145432
2025-05-11,12,14,01:50-02:20,42.62670332239418
2025-05-11,16,17,02:30-02:50,22.88100188370663
2025-05-11,21,21,03:20-03:30,4.92069371204866
2025-05-11,24,24,03:50-04:00,4.691135782962533
2025-05-11,28,30,04:30-05:00,34.42767583217494
2025-05-11,68,68,11:10-11:20,21.437328396358794
2025-05-11,86,87,14:10-14:30,44.837987097322845
2025-05-11,111,113,18:20-18:50,22.778094873385157
2025-05-11,116,117,19:10-19:30,79.47459771492436
2025-05-11,141,143,23:20-23:50,16.161166423801205
2025-05-12,10,11,01:30-01:50,34.11301310293425
2025-05-12,18,19,02:50-03:10,19.05717450128543
2025-05-12,36,36,05:50-06:00,6.726466165220245
2025-05-12,74,77,12:10-12:50,288.7342561610866
2025-05-12,102,103,16:50-17:10,19.668396289287557
2025-05-12,111,111,18:20-18:30,8.95884560074012
2025-05-12,115,117,19:00-19:30,29.93971888946851
2025-05-13,6,6,00:50-01:00,4.69248388239339
2025-05-13,12,12,01:50-02:00,2.0314570562916288
2025-05-13,26,26,04:10-04:20,12.75150275882163
2025-05-13,35,36,05:40-06:00,37.149635630569264
2025-05-13,71,72,11:40-12:00,36.20279955821309
2025-05-14,21,24,03:20-04:00,61.45214577646493
2025-05-14,29,30,04:40-05:00,42.83922080346565
2025-05-14,36,36,05:50-06:00,12.118959221901832
2025-05-14,39,40,06:20-06:40,52.77495651243282
2025-05-14,104,104,17:10-17:20,4.787563565906703
2025-05-14,136,136,22:30-22:40,3.9569948545863554
2025-05-15,12,12,01:50-02:00,36.15257533886029
2025-05-15,17,18,02:40-03:00,26.21180072577681
2025-05-15,27,29,04:20-04:50,15.771577164250175
2025-05-15,36,36,05:50-06:00,10.754514356917184
2025-05-15,42,42,06:50-07:00,26.47481311279745
2025-05-15,45,46,07:20-07:40,20.693902107869008
2025-05-15,96,100,15:50-16:40,193.51120522762722
2025-05-16,3,3,00:20-00:30,20.57435649427555
2025-05-16,9,9,01:20-01:30,7.869142202960916
2025-05-16,13,13,02:00-02:10,1.5894973351757358
2025-05-16,127,128,21:00-21:20,31.54598157370333
2025-05-16,142,143,23:30-23:50,49.88612071383915
2025-05-17,13,14,02:00-02:20,7.83903535333593
2025-05-17,21,23,03:20-03:50,104.1332611537232
2025-05-17,71,71,11:40-11:50,7.420447167716134
2025-05-17,84,84,13:50-14:00,35.210902091279195
2025-05-17,89,90,14:40-15:00,142.91952678598784
2025-05-17,101,102,16:40-17:00,88.41654153025436
2025-05-17,110,110,18:10-18:20,3.570472988793483
2025-05-17,118,118,19:30-19:40,15.01471405800578
2025-05-17,123,123,20:20-20:30,9.166327048436528
2025-05-17,137,137,22:40-22:50,26.58720710619815
2025-05-18,9,11,01:20-01:50,52.101382725875624
2025-05-18,14,15,02:10-02:30,23.933478707724817
2025-05-18,18,18,02:50-03:00,15.693328727464177
2025-05-18,22,24,03:30-04:00,54.894372965168714
2025-05-18,27,27,04:20-04:30,6.083665810700722
2025-05-18,33,33,05:20-05:30,4.564069115062239
2025-05-18,35,35,05:40-05:50,13.398224618077165
2025-05-18,42,42,06:50-07:00,38.14690596239018
2025-05-18,47,48,07:40-08:00,54.04444390252007
2025-05-18,51,52,08:20-08:40,75.92659808306686
2025-05-18,72,78,11:50-13:00,353.68456412802703
2025-05-18,134,134,22:10-22:20,4.395221546068228
2025-05-19,12,12,01:50-02:00,5.8295913936042325
2025-05-19,35,35,05:40-05:50,3.2760326791119496
2025-05-19,38,39,06:10-06:30,9.717720239992275
2025-05-19,64,64,10:30-10:40,5.0065456760260645
2025-05-19,96,96,15:50-16:00,4.234741883330344
2025-05-19,108,108,17:50-18:00,18.065051440039042
2025-05-19,123,124,20:20-20:40,91.16724967089192
2025-05-19,129,129,21:20-21:30,14.049797999736938
2025-05-19,140,140,23:10-23:20,0.033624760306906865
2025-05-19,144,144,23:50-24:00,4.406584055497092
2025-05-20,1,2,00:00-00:20,19.878798105013402
2025-05-20,70,70,11:30-11:40,4.794637608126436
2025-05-20,74,78,12:10-13:00,161.47298168465983
2025-05-20,80,85,13:10-14:10,238.80218355715732
2025-05-20,90,90,14:50-15:00,3.3608060192929514
2025-05-20,92,95,15:10-15:50,188.4439691185263
2025-05-20,109,109,18:00-18:10,16.359022598838237
2025-05-20,114,114,18:50-19:00,22.331495889279722
2025-05-20,121,121,20:00-20:10,1.531052647904744
2025-05-20,130,130,21:30-21:40,6.795290051322468
2025-05-20,133,133,22:00-22:10,15.570400697460173
2025-05-20,142,142,23:30-23:40,8.706132764649283
2025-05-21,5,5,00:40-00:50,9.041995255954589
2025-05-21,8,8,01:10-01:20,7.379857488767357
2025-05-21,17,18,02:40-03:00,61.172999301805476
2025-05-21,28,29,04:30-04:50,15.50866348802947
2025-05-21,58,60,09:30-10:00,105.11392832434447
2025-05-21,64,64,10:30-10:40,27.328456414373804
2025-05-21,90,90,14:50-15:00,5.1363372409050925
2025-05-21,92,98,15:10-16:20,315.4571986443661
2025-05-21,111,111,18:20-18:30,34.00132719530768
2025-05-21,141,142,23:20-23:40,62.62733329914215
2025-05-22,7,8,01:00-01:20,30.4472893848814
2025-05-22,25,25,04:00-04:10,20.644963686951314
2025-05-22,34,35,05:30-05:50,46.39338325496317
2025-05-22,41,41,06:40-06:50,16.174149877446894
2025-05-22,98,99,16:10-16:30,20.143821322499093
2025-05-22,109,110,18:00-18:20,42.46676644295303
2025-05-23,3,3,00:20-00:30,3.0496499539411275
2025-05-23,7,8,01:00-01:20,16.42722495159137
2025-05-23,12,12,01:50-02:00,1.673474799315784
2025-05-23,15,15,02:20-02:30,7.855494801947714
2025-05-23,19,21,03:00-03:30,73.50738226928348
2025-05-23,38,38,06:10-06:20,5.3774578654113725
2025-05-23,90,90,14:50-15:00,2.2155273541856104
2025-05-23,108,108,17:50-18:00,4.096907323331948
2025-05-23,134,134,22:10-22:20,7.667128978906874
2025-05-24,1,2,00:00-00:20,15.802167377286594
2025-05-24,5,6,00:40-01:00,21.94203442558222
2025-05-24,11,11,01:40-01:50,1.5408294389650905
2025-05-24,13,16,02:00-02:40,37.543512489660316
2025-05-24,24,24,03:50-04:00,24.583419998872046
2025-05-24,28,29,04:30-04:50,23.991656443634497
2025-05-24,37,37,06:00-06:10,11.142153586568838
2025-05-24,116,116,19:10-19:20,20.873197138251385
2025-05-25,2,2,00:10-00:20,6.816154421634337
2025-05-25,8,8,01:10-01:20,11.7082577773391
2025-05-25,25,25,04:00-04:10,3.023471553588024
2025-05-25,35,35,05:40-05:50,4.873056764400303
2025-05-25,37,37,06:00-06:10,17.646230720341805
2025-05-25,40,41,06:30-06:50,35.09049688207489
2025-05-25,54,54,08:50-09:00,11.666050206182447
2025-05-25,106,106,17:30-17:40,3.444348510679106
2025-05-25,125,126,20:40-21:00,56.849639972364685
2025-05-25,130,131,21:30-21:50,3.8032308381155646
2025-05-25,136,137,22:30-22:50,4.434482571367312
2025-05-26,9,9,01:20-01:30,32.42078258064976
2025-05-26,13,13,02:00-02:10,4.091701502077399
2025-05-26,27,28,04:20-04:40,1.2709479085593784
2025-05-26,30,32,04:50-05:20,69.45125534233796
2025-05-26,40,46,06:30-07:40,343.30138755172544
2025-05-26,50,51,08:10-08:30,119.48547201194162
2025-05-26,54,54,08:50-09:00,17.098859935386187
2025-05-26,58,59,09:30-09:50,46.59773272563042
2025-05-26,61,71,10:00-11:50,1335.9138476924866
2025-05-26,74,75,12:10-12:30,135.6693085290667
2025-05-26,77,78,12:40-13:00,17.728922616885882
2025-05-26,82,83,13:30-13:50,48.52820452511992
2025-05-26,104,104,17:10-17:20,12.105602696347091
2025-05-26,113,113,18:40-18:50,3.7266490308876428
2025-05-26,131,131,21:40-21:50,4.621207883144962
2025-05-26,137,138,22:40-23:00,30.236669219633995
2025-05-27,1,2,00:00-00:20,11.859518278720998
2025-05-27,10,10,01:30-01:40,5.970122680615873
2025-05-27,17,18,02:40-03:00,22.61039832872757
2025-05-27,21,21,03:20-03:30,9.032318297285315
2025-05-27,24,24,03:50-04:00,8.71643376992165
2025-05-27,28,28,04:30-04:40,10.927396444550936
2025-05-27,57,57,09:20-09:30,22.631476465166408
2025-05-27,63,63,10:20-10:30,13.741807140012156
2025-05-27,108,108,17:50-18:00,0.3730236826274904
2025-05-27,135,135,22:20-22:30,29.497724042636946
2025-05-28,2,4,00:10-00:40,45.06666213317544
2025-05-28,6,9,00:50-01:30,33.385198777209666
2025-05-28,13,13,02:00-02:10,2.2317444221984033
2025-05-28,19,19,03:00-03:10,6.062364478408767
2025-05-28,22,22,03:30-03:40,9.123437393547988
2025-05-28,33,33,05:20-05:30,0.6309092361777857
2025-05-28,36,36,05:50-06:00,12.054504567976778
2025-05-28,42,45,06:50-07:30,129.84591649745235
2025-05-28,47,48,07:40-08:00,19.90886988403045
2025-05-28,55,56,09:00-09:20,27.000036889654858
2025-05-28,58,60,09:30-10:00,143.99262951084413
2025-05-28,62,62,10:10-10:20,12.447518488385484
2025-05-28,65,72,10:40-12:00,848.982693774281
2025-05-28,75,75,12:20-12:30,17.275681927133405
2025-05-28,102,102,16:50-17:00,56.119664852517985
2025-05-28,105,106,17:20-17:40,21.925757643229304
2025-05-28,121,121,20:00-20:10,19.38694923862147
2025-05-28,140,140,23:10-23:20,9.134441703795574
2025-05-29,1,2,00:00-00:20,9.184730786945465
2025-05-29,4,6,00:30-01:00,14.075753428082749
2025-05-29,9,9,01:20-01:30,6.464838236468836
2025-05-29,17,18,02:40-03:00,15.50775248429045
2025-05-29,26,27,04:10-04:30,35.26050078440767
2025-05-29,30,31,04:50-05:10,26.086986553153224
2025-05-29,33,34,05:20-05:40,8.881063395089768
2025-05-29,38,39,06:10-06:30,42.14357161399806
2025-05-29,43,44,07:00-07:20,19.58191727548376
2025-05-29,47,48,07:40-08:00,104.56810926306653
2025-05-29,50,51,08:10-08:30,41.09872366171311
2025-05-29,55,56,09:00-09:20,35.72350173915166
2025-05-29,65,66,10:40-11:00,175.23228494329294
2025-05-29,69,71,11:20-11:50,316.29616759612406
2025-05-29,86,86,14:10-14:20,15.785667115604895
2025-05-29,100,101,16:30-16:50,25.404105447818267
2025-05-29,104,107,17:10-17:50,71.02266904544956
2025-05-29,111,112,18:20-18:40,25.67503167428049
2025-05-29,115,116,19:00-19:20,67.17107425930112
2025-05-29,120,120,19:50-20:00,22.313621595974837
2025-05-30,21,23,03:20-03:50,91.28406907205829
2025-05-30,30,30,04:50-05:00,0.4358463622446038
2025-05-30,35,36,05:40-06:00,22.857497802988803
2025-05-30,92,93,15:10-15:30,23.87963973546593
2025-05-30,98,102,16:10-17:00,214.63984063599156
2025-05-30,104,107,17:10-17:50,121.2045718814035
2025-05-30,120,120,19:50-20:00,10.737695443215046
2025-05-30,132,132,21:50-22:00,12.059770364521682
2025-05-30,136,136,22:30-22:40,11.89028885379662
2025-05-31,5,6,00:40-01:00,53.4285969140675
2025-05-31,16,17,02:30-02:50,49.69734023961087
2025-05-31,20,20,03:10-03:20,14.217883616265283
2025-05-31,25,26,04:00-04:20,8.95356605756416
2025-05-31,31,32,05:00-05:20,47.64063941731041
2025-05-31,38,40,06:10-06:40,58.26064435375656
2025-05-31,80,80,13:10-13:20,7.109923895229372
2025-05-31,87,88,14:20-14:40,90.66431974312775
2025-05-31,90,90,14:50-15:00,30.746240410935002
2025-05-31,108,108,17:50-18:00,10.049332313462173
2025-05-31,114,114,18:50-19:00,15.31053264539355
2025-05-31,120,121,19:50-20:10,7.51716483489372
2025-05-31,139,139,23:00-23:10,24.73766783599342
2025-05-31,143,144,23:40-24:00,113.91497160152653
2025-06-01,1,20,00:00-03:20,871.2229423976264
2025-06-01,27,27,04:20-04:30,13.941566835626759
2025-06-01,33,33,05:20-05:30,9.914955821254694
2025-06-01,36,36,05:50-06:00,8.615977625110304
2025-06-01,52,74,08:30-12:20,3456.9514092760687
2025-06-01,76,108,12:30-18:00,4570.390546926067
2025-06-01,110,144,18:10-24:00,2458.70784620248
2025-06-02,1,17,00:00-02:50,890.7058858384498
2025-06-02,19,23,03:00-03:50,83.93352463335111
2025-06-02,26,29,04:10-04:50,119.55618140092429
2025-06-02,32,33,05:10-05:30,39.70368631351869
2025-06-02,35,36,05:40-06:00,62.48519346677449
2025-06-02,40,42,06:30-07:00,37.71588760922771
2025-06-02,47,49,07:40-08:10,104.94845032758172
2025-06-02,51,56,08:20-09:20,275.53203559468983
2025-06-02,74,144,12:10-24:00,6622.16133208397
2025-06-03,1,12,00:00-02:00,672.9470717460771
2025-06-03,14,20,02:10-03:20,126.37172681292532
2025-06-03,22,23,03:30-03:50,20.762749820817703
2025-06-03,25,26,04:00-04:20,28.46107023010586
2025-06-03,29,29,04:40-04:50,7.029188947793955
2025-06-03,31,36,05:00-06:00,224.497955360133
2025-06-03,40,42,06:30-07:00,31.204446339369724
2025-06-03,45,46,07:20-07:40,26.905157954247215
2025-06-03,49,49,08:00-08:10,6.115334125395293
2025-06-03,51,54,08:20-09:00,238.34930198709247
2025-06-03,57,60,09:20-10:00,226.9923396577933
2025-06-03,69,69,11:20-11:30,25.340483498768208
2025-06-03,86,86,14:10-14:20,38.571318060076685
2025-06-03,89,89,14:40-14:50,95.63128049724537
2025-06-03,93,97,15:20-16:10,246.2336123764045
2025-06-03,99,115,16:20-19:10,1038.0656902785963
2025-06-03,117,120,19:20-20:00,194.9448788194053
2025-06-03,122,124,20:10-20:40,167.69037599031708
2025-06-03,127,134,21:00-22:20,445.0283642284932
2025-06-03,138,140,22:50-23:20,227.0404469854766
2025-06-03,143,144,23:40-24:00,81.77536231083025
2025-06-04,1,15,00:00-02:30,641.7875037900951
2025-06-04,19,22,03:00-03:40,65.51858809723569
2025-06-04,25,27,04:00-04:30,94.03897516449558
2025-06-04,29,33,04:40-05:30,145.13961171794256
2025-06-04,45,45,07:20-07:30,0.1690976726262079
2025-06-04,71,84,11:40-14:00,1255.0238048406989
2025-06-04,87,88,14:20-14:40,115.97072609033938
2025-06-04,90,90,14:50-15:00,32.884302706689596
2025-06-04,92,93,15:10-15:30,61.17558661016437
2025-06-04,96,96,15:50-16:00,62.264887605340846
2025-06-04,99,99,16:20-16:30,4.349522141281227
2025-06-04,102,103,16:50-17:10,69.7806699215181
2025-06-04,106,107,17:30-17:50,61.87074100445534
2025-06-04,109,110,18:00-18:20,68.851811015816
2025-06-04,113,116,18:40-19:20,163.39349184970536
2025-06-04,118,125,19:30-20:50,251.07623176215475
2025-06-04,128,130,21:10-21:40,62.08975084221595
2025-06-04,135,141,22:20-23:30,332.6174546171204
2025-06-05,3,4,00:20-00:40,20.26356337676043
2025-06-05,8,12,01:10-02:00,140.8031927318915
2025-06-05,14,16,02:10-02:40,44.25715866702387
2025-06-05,18,20,02:50-03:20,89.69284211979232
2025-06-05,23,26,03:40-04:20,32.94120695472425
2025-06-05,30,35,04:50-05:50,122.19364214619975
2025-06-05,38,42,06:10-07:00,166.12031135346626
2025-06-05,44,45,07:10-07:30,26.581426048700052
2025-06-05,53,53,08:40-08:50,5.839005201652981
2025-06-05,55,55,09:00-09:10,20.01127306325253
2025-06-05,86,86,14:10-14:20,37.90271615320603
2025-06-05,89,95,14:40-15:50,620.5215244043902
2025-06-05,99,100,16:20-16:40,41.61983306959587
2025-06-05,113,115,18:40-19:10,153.57279794333817
2025-06-05,117,122,19:20-20:20,161.31561455595647
2025-06-05,124,125,20:30-20:50,97.92683942530061
2025-06-05,129,132,21:20-22:00,60.9950203342363
2025-06-05,135,138,22:20-23:00,181.67080348612626
2025-06-05,141,144,23:20-24:00,155.68037660641437
2025-06-06,2,7,00:10-01:10,108.16430742578905
2025-06-06,11,12,01:40-02:00,42.16999574811899
2025-06-06,18,18,02:50-03:00,28.038927359010017
2025-06-06,25,26,04:00-04:20,31.798168116105614
2025-06-06,33,35,05:20-05:50,69.37553675701054
2025-06-06,38,40,06:10-06:40,43.589075861661684
2025-06-06,71,72,11:40-12:00,92.47601475700151
2025-06-06,74,77,12:10-12:50,136.87662518113734
2025-06-06,82,102,13:30-17:00,1811.9391110904046
2025-06-06,104,114,17:10-19:00,272.9218467485396
2025-06-06,117,118,19:20-19:40,59.31532580567443
2025-06-06,120,123,19:50-20:30,129.48555872183783
2025-06-06,127,128,21:00-21:20,28.611976480927844
2025-06-06,134,135,22:10-22:30,7.5782336024004735
2025-06-06,138,138,22:50-23:00,34.384919822480015
2025-06-06,141,142,23:20-23:40,66.85415232255673
2025-06-07,2,3,00:10-00:30,47.241457303592654
2025-06-07,6,6,00:50-01:00,24.254509803921508
2025-06-07,12,12,01:50-02:00,7.242249438365775
2025-06-07,22,23,03:30-03:50,48.026481138554345
2025-06-07,34,35,05:30-05:50,107.7235917309963
2025-06-07,45,46,07:20-07:40,46.15813453977209
2025-06-07,54,54,08:50-09:00,20.199229518071036
2025-06-07,56,56,09:10-09:20,19.072250112393732
2025-06-07,59,60,09:40-10:00,108.1954817856506
2025-06-07,72,74,11:50-12:20,148.04927812452087
2025-06-07,97,98,16:00-16:20,121.64892695610135
2025-06-07,103,107,17:00-17:50,50.07045030602794
2025-06-07,111,113,18:20-18:50,95.38265515666399
2025-06-07,119,122,19:40-20:20,67.50400998056375
2025-06-07,124,125,20:30-20:50,23.97944621061481
2025-06-07,132,132,21:50-22:00,13.567379918410325
2025-06-07,137,137,22:40-22:50,9.090158283984579
2025-06-07,141,141,23:20-23:30,11.65637626191392
2025-06-08,26,26,04:10-04:20,4.9128812935912265
2025-06-08,39,39,06:20-06:30,13.311363130613017
2025-06-08,135,135,22:20-22:30,0.40429396842660026
2025-06-09,5,5,00:40-00:50,1.4630519739441752
2025-06-09,21,21,03:20-03:30,20.158363600473876
2025-06-09,23,24,03:40-04:00,131.6906053981785
2025-06-09,28,28,04:30-04:40,15.464605177607837
2025-06-09,34,34,05:30-05:40,4.2089156430356525
2025-06-09,38,38,06:10-06:20,4.131822744383044
2025-06-09,40,40,06:30-06:40,21.980912676912226
2025-06-09,105,106,17:20-17:40,20.521656594668116
2025-06-09,142,143,23:30-23:50,27.43093643078032
2025-06-10,16,16,02:30-02:40,17.219468232662052
2025-06-10,19,19,03:00-03:10,1.5824508873349714
2025-06-10,29,30,04:40-05:00,49.86345103764245
2025-06-10,126,126,20:50-21:00,16.43654757204888
2025-06-11,37,39,06:00-06:30,16.748429018033562
2025-06-11,56,58,09:10-09:40,254.13846938709665
2025-06-11,60,60,09:50-10:00,48.39336504350584
2025-06-11,63,63,10:20-10:30,52.32583647244806
2025-06-11,103,104,17:00-17:20,49.700131342837835
2025-06-11,135,135,22:20-22:30,9.416903886554337
2025-06-12,4,4,00:30-00:40,26.27879026187702
2025-06-12,21,23,03:20-03:50,44.740712226702954
2025-06-12,36,36,05:50-06:00,3.0345821976544585
2025-06-12,89,89,14:40-14:50,18.730483203965093
2025-06-12,135,135,22:20-22:30,8.168043163574339
2025-06-13,27,27,04:20-04:30,4.269701828718155
2025-06-13,49,50,08:00-08:20,15.108548947666495
2025-06-13,54,54,08:50-09:00,30.49157718912872
2025-06-13,125,126,20:40-21:00,49.1504084049476
2025-06-14,14,14,02:10-02:20,12.186658069670784
2025-06-14,136,137,22:30-22:50,35.020429207790585
2025-06-16,26,26,04:10-04:20,11.562195062790124
2025-06-16,34,36,05:30-06:00,75.44713602166564
2025-06-17,6,6,00:50-01:00,10.703170153967562
2025-06-17,31,31,05:00-05:10,33.54936623636024
2025-06-17,37,38,06:00-06:20,25.94719322712308
2025-06-17,78,83,12:50-13:50,368.14060451509255
2025-06-17,117,117,19:20-19:30,19.394769091571106
2025-06-18,16,17,02:30-02:50,19.976504763784646
2025-06-18,37,38,06:00-06:20,30.341180892793886
2025-06-19,27,27,04:20-04:30,2.1526319252533312
2025-06-19,29,30,04:40-05:00,33.38535126239117
2025-06-19,37,38,06:00-06:20,52.094268819239346
2025-06-19,51,51,08:20-08:30,17.21697493112174
2025-06-19,117,117,19:20-19:30,25.554437425976857
2025-06-19,139,139,23:00-23:10,3.393415423081933
2025-06-19,144,144,23:50-24:00,17.98292735886298
2025-06-20,8,9,01:10-01:30,42.610437597052396
2025-06-20,14,14,02:10-02:20,3.966383635534555
2025-06-20,24,24,03:50-04:00,6.405576634701788
2025-06-21,3,3,00:20-00:30,1.063534017633856
2025-06-21,9,9,01:20-01:30,20.87876050420175
2025-06-21,18,18,02:50-03:00,13.026155384343554
2025-06-21,21,21,03:20-03:30,8.42186732746785
2025-06-21,37,37,06:00-06:10,4.236727090265617
2025-06-22,7,7,01:00-01:10,7.9346892946441585
2025-06-22,17,17,02:40-02:50,37.70300068430072
2025-06-22,74,74,12:10-12:20,22.482260345346276
2025-06-22,85,86,14:00-14:20,42.29834542788552
2025-06-23,15,15,02:20-02:30,20.202951046190265
2025-06-23,20,20,03:10-03:20,0.3877078055384118
2025-06-23,24,24,03:50-04:00,5.620301690306974
2025-06-23,27,27,04:20-04:30,6.213530480984446
2025-06-23,30,30,04:50-05:00,14.704179266715073
2025-06-23,33,33,05:20-05:30,7.338940485800208
2025-06-23,84,84,13:50-14:00,54.48524657304219
2025-06-24,11,12,01:40-02:00,47.16272002895141
2025-06-24,21,21,03:20-03:30,6.232370089814253
2025-06-24,32,32,05:10-05:20,13.01429022343964
2025-06-24,35,36,05:40-06:00,12.63847683495203
2025-06-24,40,42,06:30-07:00,93.11056529641337
2025-06-24,44,76,07:10-12:40,3202.9166655323197
2025-06-24,79,83,13:00-13:50,168.87375262426335
2025-06-24,87,87,14:20-14:30,9.365935108942807
2025-06-24,89,92,14:40-15:20,26.33622182838951
2025-06-24,94,95,15:30-15:50,13.96618602771241
2025-06-24,99,99,16:20-16:30,0.11836841909587292
2025-06-25,17,17,02:40-02:50,2.526147006185056
2025-06-25,26,26,04:10-04:20,6.41907762064568
2025-06-25,40,41,06:30-06:50,73.8869071821095
2025-06-25,61,61,10:00-10:10,17.83443066521923
2025-06-25,64,69,10:30-11:30,688.6748826028478
2025-06-25,87,89,14:20-14:50,139.90563718167596
2025-06-25,131,132,21:40-22:00,38.87773385313858
2025-06-26,10,11,01:30-01:50,21.39068108766537
2025-06-26,25,26,04:00-04:20,13.62875222397679
2025-06-26,33,33,05:20-05:30,4.816685331640997
2025-06-26,40,44,06:30-07:20,101.94748155692696
2025-06-26,51,51,08:20-08:30,4.824142444309871
2025-06-26,54,54,08:50-09:00,26.500831882931436
2025-06-26,58,58,09:30-09:40,1.877286664804359
2025-06-26,119,119,19:40-19:50,8.85969009644134
2025-06-27,1,2,00:00-00:20,19.99613237926053
2025-06-27,15,15,02:20-02:30,1.5078790794840984
2025-06-27,28,29,04:30-04:50,12.824395990837672
2025-06-27,43,44,07:00-07:20,2.5784198996379644
2025-06-27,119,119,19:40-19:50,4.2510691805515535
2025-06-27,129,129,21:20-21:30,3.0022656764045905
2025-06-27,139,139,23:00-23:10,0.1661105060816226
2025-06-28,28,30,04:30-05:00,92.78554077002025
2025-06-28,45,47,07:20-07:50,117.11791001891142
2025-06-28,90,92,14:50-15:20,71.16101926414527
2025-06-28,95,95,15:40-15:50,1.050125070968079
2025-06-28,99,100,16:20-16:40,77.4687516730603
2025-06-28,120,120,19:50-20:00,0.1189657614565931
2025-06-28,127,127,21:00-21:10,13.589417877352389
2025-06-28,141,141,23:20-23:30,0.6937531254111491
2025-06-28,144,144,23:50-24:00,12.416417291748871
2025-06-29,12,12,01:50-02:00,47.329720357941824
2025-06-29,27,29,04:20-04:50,62.774439507135185
2025-06-29,42,47,06:50-07:50,162.37451830670437
2025-06-29,50,51,08:10-08:30,43.94203604821951
2025-06-29,57,58,09:20-09:40,59.62080943342929
2025-06-29,68,68,11:10-11:20,28.03306743744497
2025-06-29,70,78,11:30-13:00,575.7419931804599
2025-06-29,99,99,16:20-16:30,13.71771802680803
2025-06-29,110,111,18:10-18:30,16.941938836877057
2025-06-30,28,29,04:30-04:50,29.76641731994812
2025-06-30,37,38,06:00-06:20,14.446270535613621
2025-06-30,41,46,06:40-07:40,324.2517471316376
2025-06-30,62,64,10:10-10:40,162.65443311935354
2025-06-30,94,95,15:30-15:50,74.98984497462828
2025-06-30,114,114,18:50-19:00,27.97753875039939
2025-06-30,118,118,19:30-19:40,19.343575312541134
2025-06-30,143,144,23:40-24:00,111.4217170153969
2025-07-01,1,37,00:00-06:10,2470.462135963675
2025-07-01,41,41,06:40-06:50,13.878465011373748
2025-07-01,45,45,07:20-07:30,12.353908315003764
2025-07-01,67,67,11:00-11:10,35.3030208204093
2025-07-01,71,71,11:40-11:50,32.05451093564966
2025-07-01,84,84,13:50-14:00,22.048780508874245
2025-07-01,90,93,14:50-15:30,303.77499977135164
2025-07-01,97,97,16:00-16:10,19.546616657602726
2025-07-01,100,101,16:30-16:50,106.89240422973205
2025-07-01,103,108,17:00-18:00,250.73774299268462
2025-07-01,111,144,18:20-24:00,2092.45144687624
2025-07-02,1,36,00:00-06:00,2566.6317642290574
2025-07-02,96,98,15:50-16:20,122.43438138145939
2025-07-02,100,105,16:30-17:30,249.63642161090127
2025-07-02,108,138,17:50-23:00,1875.3626024027276
2025-07-02,140,144,23:10-24:00,188.59627330734293
2025-07-03,1,36,00:00-06:00,2375.8280087834614
2025-07-03,44,48,07:10-08:00,341.0376782799465
2025-07-03,56,57,09:10-09:30,59.47599390677408
2025-07-03,63,63,10:20-10:30,6.935833333333221
2025-07-03,65,72,10:40-12:00,641.4658320136111
2025-07-03,82,109,13:30-18:10,1362.3048520497023
2025-07-03,111,114,18:20-19:00,391.657213125207
2025-07-03,116,125,19:10-20:50,605.6351865208858
2025-07-03,127,143,21:00-23:50,957.9355931390763
2025-07-04,4,9,00:30-01:30,331.34088217340604
2025-07-04,11,23,01:40-03:50,458.7103279811255
2025-07-04,25,25,04:00-04:10,27.55755587107342
2025-07-04,27,30,04:20-05:00,121.23075794650498
2025-07-04,32,34,05:10-05:40,164.91881868784532
2025-07-04,36,41,05:50-06:50,146.1359188294245
2025-07-04,89,90,14:40-15:00,63.87456275108319
2025-07-04,93,96,15:20-16:00,132.50333889120387
2025-07-04,101,101,16:40-16:50,14.242837512656308
2025-07-04,104,110,17:10-18:20,192.5152787726164
2025-07-04,112,114,18:30-19:00,305.1714205816137
2025-07-04,116,116,19:10-19:20,10.63929075640317
2025-07-04,118,144,19:30-24:00,1132.5540571387278
2025-07-05,1,6,00:00-01:00,138.83460420450058
2025-07-05,8,9,01:10-01:30,41.59918731318032
2025-07-05,15,15,02:20-02:30,14.070188840637002
2025-07-05,18,18,02:50-03:00,67.08683576786427
2025-07-05,25,33,04:00-05:30,295.1064723859554
2025-07-05,35,35,05:40-05:50,15.782965498858857
2025-07-05,37,40,06:00-06:40,209.14178672265464
2025-07-05,44,44,07:10-07:20,12.318661484963087
2025-07-05,90,90,14:50-15:00,4.950990872859393
2025-07-05,92,92,15:10-15:20,1.1818082395073155
2025-07-05,96,96,15:50-16:00,49.29179314505508
2025-07-05,98,111,16:10-18:30,733.889325783649
2025-07-05,113,114,18:40-19:00,29.52737405433129
2025-07-05,116,120,19:10-20:00,180.05911306575808
2025-07-05,122,122,20:10-20:20,13.637066166573959
2025-07-05,124,125,20:30-20:50,41.33919259806271
2025-07-05,128,131,21:10-21:50,142.3677656231052
2025-07-05,135,135,22:20-22:30,10.967797078562853
2025-07-05,139,143,23:00-23:50,158.42720803042675
2025-07-06,5,6,00:40-01:00,20.080558948546013
2025-07-06,8,8,01:10-01:20,1.0671296373583345
2025-07-06,13,14,02:00-02:20,24.909849525313234
2025-07-06,16,18,02:30-03:00,70.36341861993378
2025-07-06,23,24,03:40-04:00,80.78238871562075
2025-07-06,27,29,04:20-04:50,106.7084492354494
2025-07-06,31,39,05:00-06:30,310.9380797471781
2025-07-06,49,50,08:00-08:20,28.28863514853748
2025-07-06,56,57,09:10-09:30,38.024308698638336
2025-07-06,60,60,09:50-10:00,96.56738291575529
2025-07-06,75,90,12:20-15:00,1873.1602773293398
2025-07-06,92,119,15:10-19:50,1706.8549752822632
2025-07-06,121,126,20:00-21:00,370.01774818229785
2025-07-06,129,129,21:20-21:30,19.88589748651134
2025-07-06,132,133,21:50-22:10,117.01293503594798
2025-07-06,135,137,22:20-22:50,57.2401549907878
2025-07-06,141,141,23:20-23:30,23.570547322955917
2025-07-06,144,144,23:50-24:00,16.58105606000788
2025-07-07,3,7,00:20-01:10,166.90224359596198
2025-07-07,11,14,01:40-02:20,139.35400485872185
2025-07-07,16,18,02:30-03:00,83.76004102190348
2025-07-07,20,22,03:10-03:40,115.6435550341447
2025-07-07,26,26,04:10-04:20,35.05721033547661
2025-07-07,29,31,04:40-05:10,62.3972051239665
2025-07-07,33,34,05:20-05:40,3.7424145715750683
2025-07-07,39,39,06:20-06:30,1.3595862052872576
2025-07-07,50,50,08:10-08:20,5.992722007074519
2025-07-07,65,65,10:40-10:50,39.012537098524305
2025-07-07,77,78,12:40-13:00,86.8892590255517
2025-07-07,99,100,16:20-16:40,16.989725771792223
2025-07-07,102,104,16:50-17:20,28.421678771206302
2025-07-07,111,111,18:20-18:30,39.04604036245394
2025-07-07,115,116,19:00-19:20,77.25598657993373
2025-07-07,118,119,19:30-19:50,42.39381339002853
2025-07-07,130,132,21:30-22:00,47.95786549026059
2025-07-07,134,136,22:10-22:40,136.79733622751087
2025-07-07,140,140,23:10-23:20,20.028521954486564
2025-07-08,4,4,00:30-00:40,0.08119801947623273
2025-07-08,18,18,02:50-03:00,39.85629753914998
2025-07-08,30,30,04:50-05:00,11.245108655773606
2025-07-08,33,35,05:20-05:50,31.4983941216816
2025-07-08,39,46,06:20-07:40,175.97702404856875
2025-07-08,50,53,08:10-08:50,99.22755505935316
2025-07-08,62,63,10:10-10:30,15.316779400367302
2025-07-08,85,87,14:00-14:30,112.74347600089762
2025-07-08,95,98,15:40-16:20,164.06882187368421
2025-07-08,103,104,17:00-17:20,61.82824926165097
2025-07-08,106,107,17:30-17:50,84.06813915808391
2025-07-08,110,110,18:10-18:20,8.008894848946397
2025-07-08,114,114,18:50-19:00,22.560722925354185
2025-07-09,18,18,02:50-03:00,10.67768653770247
2025-07-09,38,42,06:10-07:00,97.5027446267901
2025-07-09,47,48,07:40-08:00,34.17058212362571
2025-07-09,66,66,10:50-11:00,30.020083634124376
2025-07-09,70,72,11:30-12:00,102.86718749177408
2025-07-09,76,77,12:30-12:50,97.65548653488236
2025-07-09,80,82,13:10-13:40,88.67467140422464
2025-07-09,85,86,14:00-14:20,101.52511004425195
2025-07-09,106,107,17:30-17:50,50.34089173481493
2025-07-09,110,110,18:10-18:20,10.111937222002894
2025-07-09,117,117,19:20-19:30,26.52015528358993
2025-07-10,21,21,03:20-03:30,1.392788753709624
2025-07-10,28,28,04:30-04:40,9.29465488880112
2025-07-10,44,44,07:10-07:20,6.042959236328727
2025-07-10,54,54,08:50-09:00,8.394205101792522
2025-07-10,59,59,09:40-09:50,11.323799495465316
2025-07-10,75,76,12:20-12:40,13.915288677081435
2025-07-10,94,95,15:30-15:50,80.39612741056158
2025-07-10,126,126,20:50-21:00,9.46655415186217
2025-07-10,132,132,21:50-22:00,31.976994273065884
2025-07-10,137,137,22:40-22:50,6.054392854322941
2025-07-11,20,21,03:10-03:30,47.45108412855063
2025-07-11,31,32,05:00-05:20,42.012004620908556
2025-07-11,39,41,06:20-06:50,64.27942582742628
2025-07-11,44,46,07:10-07:40,69.91483337304737
2025-07-11,65,66,10:40-11:00,128.82443293743495
2025-07-11,68,72,11:10-12:00,490.9331941666718
2025-07-11,74,78,12:10-13:00,255.450462417422
2025-07-11,80,81,13:10-13:30,58.152102491734695
2025-07-12,12,12,01:50-02:00,2.0088156336358907
2025-07-12,42,42,06:50-07:00,2.4126983382226967
2025-07-12,46,46,07:30-07:40,16.069418572374303
2025-07-12,66,66,10:50-11:00,9.92880153073213
2025-07-12,94,94,15:30-15:40,38.752042617961706
2025-07-12,98,98,16:10-16:20,35.80007707759293
2025-07-12,132,132,21:50-22:00,32.39846461822981
2025-07-13,47,47,07:40-07:50,7.634035984563695
2025-07-13,116,117,19:10-19:30,41.245330763446304
2025-07-13,142,142,23:30-23:40,8.434294550269783
2025-07-14,55,56,09:00-09:20,33.997458570273864
2025-07-14,80,84,13:10-14:00,157.69022590686598
2025-07-14,108,108,17:50-18:00,18.151240459271094
2025-07-15,37,37,06:00-06:10,3.1982166504859606
2025-07-15,43,43,07:00-07:10,9.055105345527636
2025-07-15,70,77,11:30-12:50,795.3733818100068
2025-07-15,80,80,13:10-13:20,8.838547297660298
2025-07-15,82,83,13:30-13:50,84.99569782046846
2025-07-16,36,36,05:50-06:00,72.67037943417722
2025-07-16,73,73,12:00-12:10,28.47838986087754
2025-07-16,90,90,14:50-15:00,94.05983526600608
2025-07-16,92,94,15:10-15:40,78.96938739089165
2025-07-17,52,57,08:30-09:30,295.53884510839345
2025-07-17,98,101,16:10-16:50,151.17897423481088
2025-07-17,142,142,23:30-23:40,5.172472333647875
2025-07-18,59,59,09:40-09:50,9.851191382475804
2025-07-18,72,72,11:50-12:00,40.66335143041539
2025-07-18,96,96,15:50-16:00,32.59616317248374
2025-07-19,15,15,02:20-02:30,1.6454507171995374
2025-07-19,143,143,23:40-23:50,0.7954165067536678
2025-07-20,39,40,06:20-06:40,36.16773494283632
2025-07-20,44,45,07:10-07:30,34.81697331339427
2025-07-20,69,69,11:20-11:30,73.23308426390668
2025-07-21,39,39,06:20-06:30,31.444278017414945
2025-07-21,47,48,07:40-08:00,57.032122710579586
2025-07-21,57,57,09:20-09:30,3.656704266647864
2025-07-21,74,74,12:10-12:20,14.126340368093452
2025-07-21,76,77,12:30-12:50,21.994042411595046
2025-07-21,96,96,15:50-16:00,34.42378463801617
2025-07-21,105,105,17:20-17:30,37.79158674543669
2025-07-21,108,108,17:50-18:00,10.386749031827435
2025-07-22,81,84,13:20-14:00,384.1472354047913
2025-07-22,99,99,16:20-16:30,2.166151608294399
2025-07-23,19,19,03:00-03:10,4.449730372417548
2025-07-23,33,33,05:20-05:30,4.2659771551236645
2025-07-23,43,44,07:00-07:20,74.60432482759876
2025-07-23,48,48,07:50-08:00,8.30774841362279
2025-07-23,87,89,14:20-14:50,57.85161832176874
2025-07-23,95,95,15:40-15:50,4.730152310454514
2025-07-24,75,75,12:20-12:30,14.096761486473497
2025-07-24,78,79,12:50-13:10,108.4103079530241
2025-07-24,81,84,13:20-14:00,200.36563092251595
2025-07-24,96,96,15:50-16:00,59.19522858999392
2025-07-24,102,102,16:50-17:00,23.608216259658434
2025-07-25,25,25,04:00-04:10,0.29623861692323317
2025-07-25,29,29,04:40-04:50,11.44565261424168
2025-07-25,46,47,07:30-07:50,34.53115183260378
2025-07-26,6,6,00:50-01:00,8.21515857349641
2025-07-26,17,17,02:40-02:50,29.11364409414773
2025-07-26,24,24,03:50-04:00,28.50621397552311
2025-07-26,34,35,05:30-05:50,25.425447508013292
2025-07-26,38,38,06:10-06:20,6.833944144268457
2025-07-26,68,68,11:10-11:20,31.729209800161698
2025-07-26,136,136,22:30-22:40,6.076714541386991
2025-07-27,9,10,01:20-01:40,111.81410494612385
2025-07-27,30,30,04:50-05:00,14.332883821773635
2025-07-27,33,34,05:20-05:40,29.730072097597258
2025-07-27,38,40,06:10-06:40,63.798133322288436
2025-07-27,43,46,07:00-07:40,97.80411001174798
2025-07-27,49,56,08:00-09:20,342.30970026310547
2025-07-27,138,138,22:50-23:00,0.35429464403182465
2025-07-28,1,1,00:00-00:10,9.283305513883079
2025-07-28,38,38,06:10-06:20,23.992462161441836
2025-07-28,40,41,06:30-06:50,5.559527093345707
2025-07-28,50,51,08:10-08:30,107.80297908655979
2025-07-28,57,60,09:20-10:00,143.9181972076332
2025-07-28,62,64,10:10-10:40,55.75731557673812
2025-07-28,72,78,11:50-13:00,473.17952106145617
2025-07-28,98,101,16:10-16:50,93.78102046133927
2025-07-28,103,104,17:00-17:20,43.210550319439676
2025-07-28,106,106,17:30-17:40,9.763771399432471
2025-07-28,110,110,18:10-18:20,6.66282459534159
2025-07-28,129,129,21:20-21:30,7.489020876807217
2025-07-28,133,133,22:00-22:10,8.656465455981106
2025-07-28,140,141,23:10-23:30,108.19193005376655
2025-07-29,3,3,00:20-00:30,3.5663580734305924
2025-07-29,59,60,09:40-10:00,162.1371588185337
2025-07-29,65,68,10:40-11:20,247.87494408216435
2025-07-29,72,72,11:50-12:00,27.755539427180338
2025-07-29,100,101,16:30-16:50,36.341407340575
2025-07-29,114,114,18:50-19:00,20.575102645084826
2025-07-30,5,5,00:40-00:50,5.100063712330666
2025-07-30,37,38,06:00-06:20,25.94694554539967
2025-07-30,40,41,06:30-06:50,24.838086535226694
2025-07-30,45,45,07:20-07:30,18.105527846625307
2025-07-30,92,92,15:10-15:20,12.472306730357843
2025-07-30,113,113,18:40-18:50,14.45264791419936
2025-07-30,126,126,20:50-21:00,14.521150151335405
2025-07-31,14,15,02:10-02:30,47.33837948555254
2025-07-31,49,50,08:00-08:20,16.4753215163243
2025-07-31,59,59,09:40-09:50,20.926099097316992
2025-07-31,84,84,13:50-14:00,5.217980416054644
2025-07-31,94,94,15:30-15:40,12.783629317276677
2025-07-31,105,105,17:20-17:30,28.853288789916586
2025-08-01,12,12,01:50-02:00,20.97534346624559
2025-08-01,24,24,03:50-04:00,24.578137912883335
2025-08-01,28,28,04:30-04:40,4.865726654823106
2025-08-01,30,31,04:50-05:10,30.87880676216787
2025-08-02,9,9,01:20-01:30,3.2013007761829613
2025-08-02,21,21,03:20-03:30,1.787975632367079
2025-08-02,24,24,03:50-04:00,4.81440321094874
2025-08-02,111,111,18:20-18:30,15.349668078041395
2025-08-02,114,114,18:50-19:00,5.743722850166819
2025-08-02,144,144,23:50-24:00,4.329142650348672
2025-08-03,21,21,03:20-03:30,14.66231208733509
2025-08-03,35,35,05:40-05:50,15.908597917959241
2025-08-03,118,120,19:30-20:00,90.66147852537028
2025-08-03,130,131,21:30-21:50,28.156610402684123
2025-08-03,133,134,22:00-22:20,73.38897580884736
2025-08-03,136,136,22:30-22:40,20.156533234871404
2025-08-04,26,27,04:10-04:30,55.13427275769334
2025-08-04,104,104,17:10-17:20,10.221978818641787
2025-08-04,113,113,18:40-18:50,8.504123516252207
2025-08-04,121,121,20:00-20:10,0.32158409095188745
2025-08-04,133,134,22:00-22:20,15.724558931626348
2025-08-04,144,144,23:50-24:00,0.643435320436879
2025-08-05,13,14,02:00-02:20,36.699185270618045
2025-08-05,28,28,04:30-04:40,10.160306548489643
2025-08-05,35,35,05:40-05:50,2.114109146880196
2025-08-05,127,127,21:00-21:10,40.03264506514029
2025-08-05,134,135,22:10-22:30,20.61403438610364
2025-08-05,142,142,23:30-23:40,8.414878945538248
2025-08-06,4,4,00:30-00:40,4.859397118041898
2025-08-06,21,22,03:20-03:40,37.941246584489704
2025-08-06,35,35,05:40-05:50,4.801834559058534
2025-08-06,79,80,13:00-13:20,65.93299595870243
2025-08-06,82,84,13:30-14:00,158.70327225223048
2025-08-06,86,98,14:10-16:20,845.7104283003362
2025-08-06,107,107,17:40-17:50,19.638849760649123
2025-08-06,131,131,21:40-21:50,8.691406010658056
2025-08-06,136,136,22:30-22:40,15.242875171309834
2025-08-06,140,140,23:10-23:20,18.037465795076876
2025-08-06,144,144,23:50-24:00,32.56433921932887
2025-08-07,1,1,00:00-00:10,30.208217956310136
2025-08-07,5,5,00:40-00:50,9.317933399131334
2025-08-07,10,10,01:30-01:40,4.165718196412627
2025-08-07,25,26,04:00-04:20,44.510143026807896
2025-08-07,31,31,05:00-05:10,16.719868632933867
2025-08-07,42,42,06:50-07:00,45.639101103213875
2025-08-07,45,45,07:20-07:30,87.58278357567872
2025-08-07,47,47,07:40-07:50,5.525315659443066
2025-08-07,121,122,20:00-20:20,34.75627096234501
2025-08-07,132,133,21:50-22:10,26.384893155114696
2025-08-08,3,3,00:20-00:30,1.3958547177259106
2025-08-08,7,7,01:00-01:10,8.278105133194117
2025-08-08,15,15,02:20-02:30,0.15022115221938748
2025-08-08,40,41,06:30-06:50,59.40056894152616
2025-08-08,102,103,16:50-17:10,39.837058807616756
2025-08-08,108,108,17:50-18:00,0.8922470061850163
2025-08-08,121,122,20:00-20:20,14.561891765348491
2025-08-08,126,126,20:50-21:00,1.128276088959069
2025-08-08,131,132,21:40-22:00,39.17032606951341
2025-08-09,4,5,00:30-00:50,14.998514107119377
2025-08-09,12,12,01:50-02:00,2.7449868403738265
2025-08-09,33,33,05:20-05:30,32.216717730716425
2025-08-09,37,37,06:00-06:10,16.00408593722716
2025-08-09,42,44,06:50-07:20,122.6895226082813
2025-08-09,76,76,12:30-12:40,28.055299769374642
2025-08-09,78,78,12:50-13:00,14.101011698119692
2025-08-09,101,102,16:40-17:00,25.851394558494746
2025-08-09,104,105,17:10-17:30,3.096513267689488
2025-08-09,115,115,19:00-19:10,10.240725045588874
2025-08-09,127,129,21:00-21:30,20.50731467956325
2025-08-09,135,135,22:20-22:30,12.637171925817256
2025-08-09,138,138,22:50-23:00,1.5704553965042578
2025-08-10,2,2,00:10-00:20,2.5558967298331936
2025-08-10,17,17,02:40-02:50,19.922781971312133
2025-08-10,24,24,03:50-04:00,11.517163221517649
2025-08-10,58,58,09:30-09:40,14.06473880470817
2025-08-10,71,71,11:40-11:50,12.863395296373938
2025-08-10,73,78,12:00-13:00,639.0720129401645
2025-08-10,81,84,13:20-14:00,467.75054235458026
2025-08-10,96,96,15:50-16:00,46.39914990065307
2025-08-10,100,101,16:30-16:50,39.76293195067103
2025-08-10,104,105,17:10-17:30,61.37427068530417
2025-08-10,122,122,20:10-20:20,2.0862310238188684
2025-08-10,124,124,20:30-20:40,4.903236447465019
2025-08-10,134,134,22:10-22:20,6.009021592596696
2025-08-10,138,138,22:50-23:00,33.55610672456896
2025-08-11,3,4,00:20-00:40,59.3649592446377
2025-08-11,6,8,00:50-01:20,57.363595242794986
2025-08-11,10,10,01:30-01:40,1.8892190781681393
2025-08-11,33,33,05:20-05:30,6.153142665623363
2025-08-11,44,47,07:10-07:50,133.17025092809635
2025-08-11,53,54,08:40-09:00,77.88311459664416
2025-08-11,56,57,09:10-09:30,128.29902262676063
2025-08-11,68,68,11:10-11:20,10.858119247296372
2025-08-11,92,92,15:10-15:20,15.726979160791984
2025-08-11,110,111,18:10-18:30,36.71480127648351
2025-08-11,114,114,18:50-19:00,0.579351888406336
2025-08-11,116,118,19:10-19:40,90.78962205083383
2025-08-11,121,122,20:00-20:20,28.95384920326353
2025-08-11,133,134,22:00-22:20,39.07557221532909
2025-08-11,137,138,22:40-23:00,30.947107425847662
2025-08-11,142,142,23:30-23:40,2.4306816910825546
2025-08-12,1,2,00:00-00:20,45.321377200947154
2025-08-12,18,18,02:50-03:00,34.0746078431373
2025-08-12,29,33,04:40-05:30,74.11018970785051
2025-08-12,57,58,09:20-09:40,28.94757119678365
2025-08-12,61,66,10:00-11:00,715.3314453417922
2025-08-12,69,70,11:20-11:40,26.52772972835953
2025-08-12,76,76,12:30-12:40,30.477073806704084
2025-08-12,81,82,13:20-13:40,45.294544021626734
2025-08-12,86,100,14:10-16:40,938.3594493139684
2025-08-12,105,107,17:20-17:50,147.0389415233202
2025-08-12,111,112,18:20-18:40,22.61706475353958
2025-08-12,115,116,19:00-19:20,36.5715402040388
2025-08-12,118,119,19:30-19:50,5.739167631725763
2025-08-12,123,123,20:20-20:30,5.172537803665477
2025-08-12,126,126,20:50-21:00,5.006343597841806
2025-08-13,6,6,00:50-01:00,50.729466377154836
2025-08-13,9,10,01:20-01:40,27.27477157273961
2025-08-13,16,18,02:30-03:00,62.24312696242919
2025-08-13,28,30,04:30-05:00,49.26677790022893
2025-08-13,33,33,05:20-05:30,13.339254536546377
2025-08-13,36,36,05:50-06:00,23.831896957923504
2025-08-13,43,43,07:00-07:10,17.185957629998143
2025-08-13,62,72,10:10-12:00,908.3971885659063
2025-08-13,82,86,13:30-14:20,237.04069116402673
2025-08-13,106,107,17:30-17:50,49.940201940104885
2025-08-13,116,117,19:10-19:30,44.32820277010126
2025-08-13,124,125,20:30-20:50,49.653029059215896
2025-08-13,137,137,22:40-22:50,8.367013041189466
2025-08-14,4,4,00:30-00:40,0.7143584287405247
2025-08-14,11,11,01:40-01:50,25.28432541781831
2025-08-14,16,17,02:30-02:50,19.362504257138994
2025-08-14,22,23,03:30-03:50,71.47343733103992
2025-08-14,36,36,05:50-06:00,10.659248307754638
2025-08-14,39,42,06:20-07:00,53.13331733323372
2025-08-14,46,50,07:30-08:20,326.6417094572337
2025-08-14,52,53,08:30-08:50,225.31284033965272
2025-08-14,60,60,09:50-10:00,12.812564310907092
2025-08-14,69,69,11:20-11:30,15.148246489352744
2025-08-14,72,74,11:50-12:20,94.91299878892869
2025-08-14,97,98,16:00-16:20,81.19921320192498
2025-08-14,102,102,16:50-17:00,45.590218167804096
2025-08-14,107,108,17:40-18:00,45.785712178294034
2025-08-14,114,115,18:50-19:10,47.58411430687943
2025-08-14,123,127,20:20-21:10,110.68574323183952
2025-08-14,130,130,21:30-21:40,9.112402197657389
2025-08-14,137,137,22:40-22:50,20.538488137702075
2025-08-14,143,143,23:40-23:50,7.771993064876938
2025-08-15,4,5,00:30-00:50,25.996337768127432
2025-08-15,9,10,01:20-01:40,0.9592505732659902
2025-08-15,15,15,02:20-02:30,39.855451375180905
2025-08-15,25,25,04:00-04:10,52.00461414753829
2025-08-15,33,34,05:20-05:40,25.01822793494921
2025-08-15,40,41,06:30-06:50,53.36744425123254
2025-08-15,44,44,07:10-07:20,1.0927577927142025
2025-08-15,98,101,16:10-16:50,60.58475458246858
2025-08-15,120,120,19:50-20:00,34.23330391216916
2025-08-15,124,125,20:30-20:50,43.16877787913813
2025-08-15,130,130,21:30-21:40,25.426562804824265
2025-08-15,139,141,23:00-23:30,60.69663374786148
2025-08-15,144,144,23:50-24:00,11.932672062113397
2025-08-16,1,1,00:00-00:10,17.33691711409392
2025-08-16,7,8,01:00-01:20,42.68286000272599
2025-08-16,11,11,01:40-01:50,29.08549323595207
2025-08-16,19,19,03:00-03:10,12.021336533942417
2025-08-16,23,23,03:40-03:50,16.266615354522628
2025-08-16,28,30,04:30-05:00,73.19704685382123
2025-08-16,36,36,05:50-06:00,0.3801877523239341
2025-08-16,43,44,07:00-07:20,13.289817951178335
2025-08-16,97,97,16:00-16:10,6.728360893350441
2025-08-16,101,101,16:40-16:50,17.356230258680796
2025-08-16,109,109,18:00-18:10,0.7142614617660001
2025-08-16,112,113,18:30-18:50,38.42335689668482
2025-08-16,122,123,20:10-20:30,92.24885035671946
2025-08-17,3,3,00:20-00:30,13.610734965126994
2025-08-17,13,15,02:00-02:30,67.88953727359225
2025-08-17,19,20,03:00-03:20,49.684063515876346
2025-08-17,37,38,06:00-06:20,26.063641252071307
2025-08-17,43,45,07:00-07:30,124.68330820731782
2025-08-17,51,51,08:20-08:30,25.351562431180838
2025-08-17,97,98,16:00-16:20,41.113606749948985
2025-08-17,110,112,18:10-18:40,84.65313256255581
2025-08-17,115,118,19:00-19:40,70.88929185607128
2025-08-17,123,123,20:20-20:30,10.074613764969058
2025-08-17,143,143,23:40-23:50,3.686858369522497
2025-08-18,1,1,00:00-00:10,19.588340788261803
2025-08-18,9,11,01:20-01:50,93.83331698672782
2025-08-18,13,14,02:00-02:20,68.52127637939941
2025-08-18,18,18,02:50-03:00,10.462906303460954
2025-08-18,24,24,03:50-04:00,27.63711114740454
2025-08-18,28,29,04:30-04:50,12.731498824681125
2025-08-18,32,32,05:10-05:20,6.428748782264506
2025-08-18,34,34,05:30-05:40,4.890248818453756
2025-08-18,36,37,05:50-06:10,29.61208142778503
2025-08-18,51,52,08:20-08:40,120.43517019970793
2025-08-18,99,99,16:20-16:30,2.545072319629867
2025-08-18,102,102,16:50-17:00,7.3889802229616635
2025-08-18,105,106,17:20-17:40,115.85693314783157
2025-08-18,115,116,19:00-19:20,35.641405442445375
2025-08-18,120,120,19:50-20:00,40.60817410185564
2025-08-18,123,124,20:20-20:40,71.4233724099031
2025-08-18,130,131,21:30-21:50,25.59680387550975
2025-08-18,138,138,22:50-23:00,17.04986582835727
2025-08-19,5,6,00:40-01:00,15.698324128175045
2025-08-19,11,12,01:40-02:00,89.72195993915989
2025-08-19,15,18,02:20-03:00,64.50635348257163
2025-08-19,26,29,04:10-04:50,56.02199335111379
2025-08-19,51,51,08:20-08:30,11.870141854560757
2025-08-19,66,66,10:50-11:00,3.1599753437092772
2025-08-19,69,71,11:20-11:50,163.41924847831467
2025-08-19,89,90,14:40-15:00,107.62241160544887
2025-08-19,94,96,15:30-16:00,51.317069661860444
2025-08-19,110,111,18:10-18:30,15.623892946440264
2025-08-19,117,121,19:20-20:10,113.15607067095289
2025-08-19,129,130,21:20-21:40,116.19206794973059
2025-08-20,2,3,00:10-00:30,34.7885539807869
2025-08-20,12,12,01:50-02:00,24.973601789709278
2025-08-20,19,19,03:00-03:10,1.0864346041770432
2025-08-20,24,24,03:50-04:00,10.333553408989246
2025-08-20,28,28,04:30-04:40,2.220694980660028
2025-08-20,33,34,05:20-05:40,27.299055933816362
2025-08-20,38,38,06:10-06:20,3.1601071349346057
2025-08-20,41,58,06:40-09:40,914.0154916978327
2025-08-20,62,63,10:10-10:30,69.83854012651267
2025-08-20,65,76,10:40-12:40,1256.162504628135
2025-08-20,81,83,13:20-13:50,91.80632182416828
2025-08-20,88,90,14:30-15:00,170.28662288764147
2025-08-20,93,94,15:20-15:40,24.207522620495922
2025-08-20,99,100,16:20-16:40,13.907810446864005
2025-08-20,103,104,17:00-17:20,32.82639828451465
2025-08-20,108,108,17:50-18:00,56.14990635515949
2025-08-20,118,121,19:30-20:10,74.7022535257521
2025-08-20,126,126,20:50-21:00,26.64757797078562
2025-08-20,139,141,23:00-23:30,72.42989664288552
2025-08-21,2,2,00:10-00:20,9.479094341360678
2025-08-21,17,18,02:40-03:00,53.97002220028958
2025-08-21,23,24,03:40-04:00,32.68785049900839
2025-08-21,29,30,04:40-05:00,40.42597361447929
2025-08-21,70,71,11:30-11:50,80.05749353969759
2025-08-21,74,76,12:10-12:40,152.92668649405243
2025-08-21,80,83,13:10-13:50,158.12714076333435
2025-08-21,91,93,15:00-15:30,131.22482941476147
2025-08-21,109,110,18:00-18:20,150.2871235707704
2025-08-21,113,113,18:40-18:50,3.3708777564718275
2025-08-21,119,119,19:40-19:50,1.8184931833136488
2025-08-21,123,123,20:20-20:30,10.310810632978018
2025-08-21,140,140,23:10-23:20,1.792816870640877
2025-08-21,144,144,23:50-24:00,0.28040201645649176
2025-08-22,10,11,01:30-01:50,87.43888774180834
2025-08-22,16,18,02:30-03:00,36.63233096460033
2025-08-22,23,24,03:40-04:00,101.10210684300557
2025-08-22,33,34,05:20-05:40,41.53183421855323
2025-08-22,90,101,14:50-16:50,423.90125441416717
2025-08-22,104,104,17:10-17:20,14.507306354253046
2025-08-22,109,110,18:00-18:20,80.48738220173959
2025-08-22,114,114,18:50-19:00,62.58254484281122
2025-08-22,120,120,19:50-20:00,10.161143291733651
2025-08-22,123,124,20:20-20:40,82.85910512081682
2025-08-22,127,129,21:00-21:30,47.50618816949559
2025-08-22,133,136,22:00-22:40,96.5037753059612
2025-08-23,2,3,00:10-00:30,12.689277622055215
2025-08-23,19,20,03:00-03:20,46.14186190758198
2025-08-23,22,22,03:30-03:40,3.0894588009700783
2025-08-23,25,26,04:00-04:20,75.42671383703708
2025-08-23,31,31,05:00-05:10,1.8132640761002676
2025-08-23,34,34,05:30-05:40,1.00518108772593
2025-08-23,96,96,15:50-16:00,3.4130753341603395
2025-08-23,109,109,18:00-18:10,4.382844662227171
2025-08-23,118,118,19:30-19:40,3.760061052088531
2025-08-23,130,131,21:30-21:50,113.4487198831986
2025-08-23,137,138,22:40-23:00,6.318262948426309
2025-08-23,142,143,23:30-23:50,21.797447527870077
2025-08-24,2,2,00:10-00:20,0.7438023621527918
2025-08-24,7,8,01:00-01:20,29.749865753952463
2025-08-24,12,14,01:50-02:20,57.90095455722553
2025-08-24,21,22,03:20-03:40,21.797685919669902
2025-08-24,33,33,05:20-05:30,0.9410700656436348
2025-08-24,37,38,06:00-06:20,41.09485232042459
2025-08-24,92,92,15:10-15:20,27.563534644438505
2025-08-24,99,99,16:20-16:30,18.584675485966045
2025-08-24,102,102,16:50-17:00,0.011061676348617766
2025-08-24,108,110,17:50-18:20,72.81905735643215
2025-08-24,113,113,18:40-18:50,6.141818830485249
2025-08-24,129,129,21:20-21:30,32.060836952230716
2025-08-24,139,140,23:00-23:20,109.84027733076864
2025-08-25,24,26,03:50-04:20,60.382577448111036
2025-08-25,33,33,05:20-05:30,1.8677433062149476
2025-08-25,38,41,06:10-06:50,100.19655252166751
2025-08-25,44,44,07:10-07:20,21.39624585619481
2025-08-25,71,72,11:40-12:00,135.26769414208638
2025-08-25,75,81,12:20-13:30,579.7927064032723
2025-08-25,89,97,14:40-16:10,542.385782394423
2025-08-25,100,103,16:30-17:10,126.35962847273163
2025-08-25,107,107,17:40-17:50,2.80053683970209
2025-08-25,117,118,19:20-19:40,7.89772867788065
2025-08-25,132,132,21:50-22:00,9.181172522700308
2025-08-25,139,139,23:00-23:10,8.433656322260504
2025-08-26,7,8,01:00-01:20,55.10117504041875
2025-08-26,16,18,02:30-03:00,11.448555623978109
2025-08-26,26,27,04:10-04:30,39.6265222266087
2025-08-26,37,37,06:00-06:10,9.158986708911698
2025-08-26,47,47,07:40-07:50,0.10724147988901223
2025-08-26,97,98,16:00-16:20,83.79814972270765
2025-08-26,101,104,16:40-17:20,150.9505145903329
2025-08-26,128,129,21:10-21:30,6.26840668509044
2025-08-26,133,133,22:00-22:10,2.5546573552912832
2025-08-27,7,8,01:00-01:20,46.97023722012307
2025-08-27,14,14,02:10-02:20,8.847983011392671
2025-08-27,32,32,05:10-05:20,15.42377395007884
2025-08-27,48,48,07:50-08:00,33.15986115728799
2025-08-27,54,54,08:50-09:00,83.98842816523134
2025-08-27,57,57,09:20-09:30,34.978648554639705
2025-08-27,87,87,14:20-14:30,26.981860941524047
2025-08-27,94,94,15:30-15:40,9.166579486311946
2025-08-27,100,100,16:30-16:40,16.896915760532465
2025-08-27,104,105,17:10-17:30,10.417740442378431
2025-08-27,111,111,18:20-18:30,34.239434794051704
2025-08-27,114,114,18:50-19:00,19.68480984340033
2025-08-27,119,119,19:40-19:50,1.0268374851953013
2025-08-27,131,131,21:40-21:50,5.0866157718121485
2025-08-27,134,134,22:10-22:20,7.831573075404776
2025-08-28,7,8,01:00-01:20,29.193840215818
2025-08-28,10,10,01:30-01:40,4.240883489721455
2025-08-28,13,14,02:00-02:20,12.685434888048917
2025-08-28,20,20,03:10-03:20,7.232854089823945
2025-08-28,27,28,04:20-04:40,19.875594943766032
2025-08-28,36,36,05:50-06:00,5.822793320138317
2025-08-28,47,47,07:40-07:50,18.552087499374807
2025-08-28,55,68,09:00-11:20,1870.4875319619741
2025-08-28,71,74,11:40-12:20,190.34289387889316
2025-08-28,76,77,12:30-12:50,46.01895889538497
2025-08-28,103,104,17:00-17:20,120.68055537664713
2025-08-28,114,114,18:50-19:00,17.340077641795006
2025-08-28,120,121,19:50-20:10,24.591315001973726
2025-08-28,129,131,21:20-21:50,54.33180463652609
2025-08-28,138,138,22:50-23:00,64.52889599694731
2025-08-28,141,141,23:20-23:30,0.7595499172825839
2025-08-29,5,6,00:40-01:00,26.84713073451269
2025-08-29,38,39,06:10-06:30,16.69355038461663
2025-08-29,42,46,06:50-07:40,112.23517780974991
2025-08-29,102,102,16:50-17:00,18.209138091478223
2025-08-29,106,106,17:30-17:40,1.1413450386614272
2025-08-29,121,122,20:00-20:20,55.38998754432407
2025-08-29,125,125,20:40-20:50,11.569611250422895
2025-08-29,132,132,21:50-22:00,19.905875842157457
2025-08-29,136,137,22:30-22:50,13.31304228258432
2025-08-29,142,142,23:30-23:40,13.034872898337198
2025-08-30,5,6,00:40-01:00,79.17065004605854
2025-08-30,9,12,01:20-02:00,41.37492476806153
2025-08-30,25,28,04:00-04:40,60.390396357016186
2025-08-30,32,33,05:10-05:30,59.94906950538592
2025-08-30,106,107,17:30-17:50,44.79057011178236
2025-08-30,115,116,19:00-19:20,9.737434221608055
2025-08-30,125,125,20:40-20:50,37.002441005395326
2025-08-30,131,131,21:40-21:50,8.351030879063273
2025-08-30,136,137,22:30-22:50,42.79489794233939
2025-08-30,140,142,23:10-23:40,87.14067414563795
2025-08-31,11,12,01:40-02:00,12.926594973022702
2025-08-31,27,27,04:20-04:30,17.551189765335607
2025-08-31,35,36,05:40-06:00,26.40692693381891
2025-08-31,46,46,07:30-07:40,25.53895809317021
2025-08-31,59,59,09:40-09:50,14.952592403747879
2025-08-31,77,78,12:40-13:00,50.75060202772829
2025-08-31,121,122,20:00-20:20,11.633282318162856
2025-08-31,125,125,20:40-20:50,7.074064337412665
2025-08-31,138,138,22:50-23:00,1.4722956968025755
2025-09-04,48,48,07:50-08:00,4.334461612481675
2025-09-06,46,46,07:30-07:40,2.593849999999975
2025-09-07,33,33,05:20-05:30,0.3365765232267677
2025-09-07,50,50,08:10-08:20,23.984372768604032
2025-09-07,75,76,12:20-12:40,52.18102999542077
2025-09-07,80,81,13:10-13:30,107.15025033504958
2025-09-08,28,29,04:30-04:50,36.17506103904657
2025-09-08,31,32,05:00-05:20,21.154972407776473
2025-09-08,34,35,05:30-05:50,12.064797759338603
2025-09-08,60,60,09:50-10:00,31.797675059799474
2025-09-08,64,65,10:30-10:50,39.031448664034315
2025-09-08,68,68,11:10-11:20,9.337720559448542
2025-09-08,80,94,13:10-15:40,1043.5945922205062
2025-09-08,101,101,16:40-16:50,13.477430068290005
2025-09-08,144,144,23:50-24:00,6.85408737991861
2025-09-09,12,12,01:50-02:00,0.6829168612706553
2025-09-09,19,20,03:00-03:20,11.991934144530205
2025-09-09,30,30,04:50-05:00,2.197082510856717
2025-09-09,89,89,14:40-14:50,11.811545368879948
2025-09-09,94,94,15:30-15:40,6.6815688646557305
2025-09-09,98,98,16:10-16:20,31.014903443121966
2025-09-09,100,100,16:30-16:40,6.335305546782365
2025-09-10,5,6,00:40-01:00,17.826361251306025
2025-09-10,22,22,03:30-03:40,10.116271899263097
2025-09-10,38,45,06:10-07:30,225.1452360114219
2025-09-10,47,47,07:40-07:50,10.379714049396853
2025-09-10,50,53,08:10-08:50,182.66918289832125
2025-09-10,56,58,09:10-09:40,111.37786285474982
2025-09-10,62,63,10:10-10:30,118.10146691275548
2025-09-10,65,66,10:40-11:00,83.97470418086095
2025-09-10,73,73,12:00-12:10,8.235616875340725
2025-09-10,76,87,12:30-14:30,1270.0963620897066
2025-09-10,90,90,14:50-15:00,0.692818285110576
2025-09-10,123,123,20:20-20:30,2.1783350664090904
2025-09-11,12,12,01:50-02:00,12.10328755810201
2025-09-11,34,34,05:30-05:40,10.958834669035468
2025-09-11,51,53,08:20-08:50,78.36973746591448
2025-09-11,105,105,17:20-17:30,5.777549337058645
2025-09-11,128,128,21:10-21:20,12.462483945255826
2025-09-11,136,136,22:30-22:40,32.33570181602818
2025-09-12,3,3,00:20-00:30,41.245681010659325
2025-09-12,15,17,02:20-02:50,49.858293314909474
2025-09-12,30,31,04:50-05:10,25.214694975842747
2025-09-12,41,41,06:40-06:50,6.890315156020478
2025-09-12,45,46,07:20-07:40,68.63689654306326
2025-09-12,74,74,12:10-12:20,9.115533617272376
2025-09-12,104,104,17:10-17:20,9.563828360874481
2025-09-12,108,108,17:50-18:00,16.166067762675652
2025-09-12,112,112,18:30-18:40,0.14542648509063838
2025-09-12,127,128,21:00-21:20,63.975182746563384
2025-09-13,21,21,03:20-03:30,11.047383866298048
2025-09-13,25,26,04:00-04:20,16.88203056605198
2025-09-13,40,41,06:30-06:50,27.836902687329
2025-09-13,97,98,16:00-16:20,25.506875738643682
2025-09-13,101,104,16:40-17:20,129.4484895330258
2025-09-13,112,112,18:30-18:40,8.131420453240025
2025-09-13,116,116,19:10-19:20,1.8686158286806744
2025-09-13,121,121,20:00-20:10,2.8518217961011487
2025-09-13,125,126,20:40-21:00,39.07134153351353
2025-09-13,132,132,21:50-22:00,20.705925975046057
2025-09-13,137,137,22:40-22:50,8.437036656138957
2025-09-14,1,1,00:00-00:10,19.71876992367379
2025-09-14,11,11,01:40-01:50,6.388785103890541
2025-09-14,17,18,02:40-03:00,20.421343466245503
2025-09-14,21,21,03:20-03:30,4.510503808066915
2025-09-14,24,26,03:50-04:20,30.76024268693029
2025-09-14,28,29,04:30-04:50,89.36142998814444
2025-09-14,32,33,05:10-05:30,54.49377056520575
2025-09-14,53,56,08:40-09:20,190.465798723589
2025-09-14,59,60,09:40-10:00,45.804694773827535
2025-09-14,63,63,10:20-10:30,5.535463780310465
2025-09-14,66,66,10:50-11:00,44.15617289543741
2025-09-14,68,78,11:10-13:00,622.4430170057698
2025-09-14,83,83,13:40-13:50,59.55218158113914
2025-09-14,103,104,17:00-17:20,49.4714871895568
2025-09-14,106,106,17:30-17:40,1.7869574166624034
2025-09-14,111,111,18:20-18:30,26.39674522304722
2025-09-14,115,116,19:00-19:20,57.62215554067279
2025-09-14,120,120,19:50-20:00,49.40554913754522
2025-09-14,125,126,20:40-21:00,70.05396941044887
2025-09-14,132,132,21:50-22:00,13.324327167842739
2025-09-14,134,135,22:10-22:30,89.4028033338501
2025-09-14,139,142,23:00-23:40,91.90673728545084
2025-09-14,144,144,23:50-24:00,6.631893670219824
2025-09-15,1,2,00:00-00:20,49.45015348730067
2025-09-15,4,6,00:30-01:00,186.68418504408487
2025-09-15,9,14,01:20-02:20,244.40164969637823
2025-09-15,16,18,02:30-03:00,58.88018522502978
2025-09-15,20,24,03:10-04:00,105.19925195502674
2025-09-15,27,30,04:20-05:00,19.279414247645377
2025-09-15,33,36,05:20-06:00,87.95830670471207
2025-09-15,40,41,06:30-06:50,30.649816911296966
2025-09-15,43,45,07:00-07:30,66.56412129469203
2025-09-15,47,48,07:40-08:00,12.35795977220937
2025-09-15,90,90,14:50-15:00,25.674981505081206
2025-09-15,92,92,15:10-15:20,16.59227763998254
2025-09-15,95,96,15:40-16:00,11.395760353231253
2025-09-15,105,108,17:20-18:00,151.38962839659325
2025-09-15,112,128,18:30-21:20,692.8814095486015
2025-09-15,130,130,21:30-21:40,20.188594117646858
2025-09-15,134,137,22:10-22:50,179.13939272877735
2025-09-15,140,143,23:10-23:50,156.91250142535193
2025-09-16,1,8,00:00-01:20,294.7538799870284
2025-09-16,10,13,01:30-02:10,95.99334536998481
2025-09-16,15,20,02:20-03:20,244.4444089014886
2025-09-16,22,29,03:30-04:50,176.29598749829609
2025-09-16,32,35,05:10-05:50,19.023500772070406
2025-09-16,42,42,06:50-07:00,5.368381752973789
2025-09-16,64,72,10:30-12:00,1066.852379706592
2025-09-16,75,76,12:20-12:40,45.5682597345733
2025-09-16,82,82,13:30-13:40,6.229830848295705
2025-09-16,88,88,14:30-14:40,9.2306251905041
2025-09-16,92,94,15:10-15:40,117.92307564524955
2025-09-16,102,102,16:50-17:00,1.6277286250069665
2025-09-16,105,108,17:20-18:00,110.10987320614902
2025-09-16,112,113,18:30-18:50,128.4124214136324
2025-09-16,115,117,19:00-19:30,145.8285889729383
2025-09-16,119,120,19:40-20:00,52.60156849971213
2025-09-16,123,128,20:20-21:20,246.10967181278545
2025-09-16,130,132,21:30-22:00,126.53574447204642
2025-09-16,134,136,22:10-22:40,47.39129898341878
2025-09-16,138,138,22:50-23:00,21.00598004260405
2025-09-16,140,144,23:10-24:00,278.6896396351492
2025-09-17,1,1,00:00-00:10,17.055856290301108
2025-09-17,3,3,00:20-00:30,28.512715488880076
2025-09-17,6,6,00:50-01:00,36.8835919199895
2025-09-17,8,8,01:10-01:20,12.004468855864502
2025-09-17,10,10,01:30-01:40,1.999128524665025
2025-09-17,13,13,02:00-02:10,10.294271612806028
2025-09-17,16,18,02:30-03:00,101.4268308432853
2025-09-17,20,22,03:10-03:40,73.0686856313331
2025-09-17,24,24,03:50-04:00,20.15389436961857
2025-09-17,27,28,04:20-04:40,27.000200303493784
2025-09-17,30,30,04:50-05:00,21.646084080758897
2025-09-17,33,33,05:20-05:30,27.989247492621303
2025-09-17,35,36,05:40-06:00,37.01672241043218
2025-09-17,54,54,08:50-09:00,12.26303644349943
2025-09-17,56,60,09:10-10:00,162.71743661791527
2025-09-17,62,63,10:10-10:30,63.28977002556965
2025-09-17,65,66,10:40-11:00,106.24706930533677
2025-09-17,68,71,11:10-11:50,385.8860703868794
2025-09-17,81,82,13:20-13:40,64.22861613645037
2025-09-17,96,96,15:50-16:00,32.046469060779145
2025-09-17,99,100,16:20-16:40,19.871321689627848
2025-09-17,105,106,17:20-17:40,51.20388284076898
2025-09-17,110,110,18:10-18:20,26.925946124489997
2025-09-17,114,117,18:50-19:30,80.15383377985518
2025-09-17,121,124,20:00-20:40,88.95128903922102
2025-09-17,127,131,21:00-21:50,122.23072767992274
2025-09-17,136,138,22:30-23:00,151.47583082771723
2025-09-17,141,144,23:20-24:00,138.3673290459975
2025-09-18,4,6,00:30-01:00,75.01337068035298
2025-09-18,8,11,01:10-01:50,43.756204980773305
2025-09-18,13,14,02:00-02:20,30.198604887861052
2025-09-18,17,18,02:40-03:00,8.806315011966717
2025-09-18,21,24,03:20-04:00,75.06175208643901
2025-09-18,29,30,04:40-05:00,17.613175130744366
2025-09-18,32,33,05:10-05:30,60.33286689743011
2025-09-18,37,37,06:00-06:10,2.5380717485317064
2025-09-18,54,54,08:50-09:00,3.0300338279447487
2025-09-18,57,57,09:20-09:30,54.67393554078201
2025-09-18,60,60,09:50-10:00,30.615976669611193
2025-09-18,77,78,12:40-13:00,136.6628703700365
2025-09-18,98,98,16:10-16:20,4.038227046953011
2025-09-18,102,102,16:50-17:00,19.853221969996184
2025-09-18,106,106,17:30-17:40,9.507568264810175
2025-09-18,110,111,18:10-18:30,40.7108953040356
2025-09-18,114,119,18:50-19:50,191.6380621126151
2025-09-18,121,131,20:00-21:50,321.7479864602765
2025-09-18,134,135,22:10-22:30,48.52714134683902
2025-09-18,139,139,23:00-23:10,0.3667657539525635
2025-09-18,142,143,23:30-23:50,45.040479584720174
2025-09-19,2,3,00:10-00:30,14.440781879194674
2025-09-19,6,12,00:50-02:00,234.74964997368068
2025-09-19,16,21,02:30-03:30,61.439139595464894
2025-09-19,27,30,04:20-05:00,104.063500771718
2025-09-19,34,34,05:30-05:40,4.789589647133994
2025-09-19,47,47,07:40-07:50,10.14563543236924
2025-09-19,74,74,12:10-12:20,19.4553004439357
2025-09-19,96,99,15:50-16:30,126.5880655151829
2025-09-19,101,102,16:40-17:00,63.68150054559476
2025-09-19,106,107,17:30-17:50,47.71798613391428
2025-09-19,109,110,18:00-18:20,51.970820459257425
2025-09-19,112,113,18:30-18:50,62.98124129958171
2025-09-19,116,116,19:10-19:20,16.76167482281494
2025-09-19,119,119,19:40-19:50,15.620845615259555
2025-09-19,121,121,20:00-20:10,0.8018851709742876
2025-09-19,129,129,21:20-21:30,39.384556902241
2025-09-19,135,138,22:20-23:00,85.35248837485062
2025-09-20,1,2,00:00-00:20,25.115778681405516
2025-09-20,6,8,00:50-01:20,29.627578210478646
2025-09-20,11,11,01:40-01:50,2.7503329098753966
2025-09-20,14,14,02:10-02:20,1.44512336303643
2025-09-20,16,16,02:30-02:40,16.256287543943756
2025-09-20,19,24,03:00-04:00,136.50898847216735
2025-09-20,30,30,04:50-05:00,1.0377293064877335
2025-09-20,42,43,06:50-07:10,35.205045443778374
2025-09-20,46,47,07:30-07:50,26.054736298921494
2025-09-20,94,95,15:30-15:50,84.28820101993179
2025-09-20,99,101,16:20-16:50,69.15312184719718
2025-09-20,104,104,17:10-17:20,15.762527677178298
2025-09-20,107,109,17:40-18:10,29.061894265538598
2025-09-20,113,115,18:40-19:10,45.83202912394131
2025-09-20,119,120,19:40-20:00,66.0412828812357
2025-09-20,123,126,20:20-21:00,104.89681498094194
2025-09-20,132,135,21:50-22:30,44.48790993889628
2025-09-20,143,143,23:40-23:50,0.6965094006142749
2025-09-21,4,5,00:30-00:50,28.022676398210706
2025-09-21,9,9,01:20-01:30,22.5255600184704
2025-09-21,14,16,02:10-02:40,43.446750782997924
2025-09-21,18,20,02:50-03:20,72.05407905504467
2025-09-21,24,24,03:50-04:00,2.568898717418506
2025-09-21,27,28,04:20-04:40,34.08954374142297
2025-09-21,34,35,05:30-05:50,33.490117944090684
2025-09-21,37,38,06:00-06:20,13.40947445951565
2025-09-21,71,71,11:40-11:50,7.482855266670413
2025-09-21,101,104,16:40-17:20,72.08148831152039
2025-09-21,112,113,18:30-18:50,30.331149175643418
2025-09-21,117,118,19:20-19:40,62.61138806782435
2025-09-21,124,124,20:30-20:40,27.347308835161698
2025-09-21,127,128,21:00-21:20,36.04018228714335
2025-09-21,130,132,21:30-22:00,40.00698160416425
2025-09-21,137,138,22:40-23:00,20.627263246103894
2025-09-22,1,5,00:00-00:50,205.30711445584893
2025-09-22,8,18,01:10-03:00,294.7241002662174
2025-09-22,21,23,03:20-03:50,61.488299489653286
2025-09-22,25,26,04:00-04:20,33.809646135299886
2025-09-22,31,33,05:00-05:30,59.47757152367819
2025-09-22,37,38,06:00-06:20,8.046309523339346
2025-09-22,42,42,06:50-07:00,3.104068901365167
2025-09-22,74,75,12:10-12:30,54.92065246545394
2025-09-22,94,100,15:30-16:40,336.84178532302076
2025-09-22,102,108,16:50-18:00,190.30376563645314
2025-09-22,110,111,18:10-18:30,48.61287779524582
2025-09-22,114,114,18:50-19:00,2.5719605985224234
2025-09-22,117,122,19:20-20:20,249.42393879850977
2025-09-22,124,124,20:30-20:40,43.43974295877763
2025-09-22,127,132,21:00-22:00,252.26518456358238
2025-09-22,137,138,22:40-23:00,70.17171033471277
2025-09-22,140,142,23:10-23:40,88.0765834764444
2025-09-23,4,8,00:30-01:20,95.99041776843623
2025-09-23,11,11,01:40-01:50,10.533456791130789
2025-09-23,13,15,02:00-02:30,97.59712940528743
2025-09-23,20,20,03:10-03:20,0.10330759310431858
2025-09-23,23,24,03:40-04:00,25.98399641317917
2025-09-23,27,27,04:20-04:30,6.579394228328965
2025-09-23,30,32,04:50-05:20,59.646690606347306
2025-09-23,35,35,05:40-05:50,13.299964797353482
2025-09-23,38,39,06:10-06:30,11.843613971763375
2025-09-23,42,42,06:50-07:00,19.11594361863888
2025-09-23,58,59,09:30-09:50,25.021712041977604
2025-09-23,61,61,10:00-10:10,3.388966666666647
2025-09-23,65,66,10:40-11:00,33.491549138014335
2025-09-23,86,92,14:10-15:20,411.6831167089024
2025-09-23,96,101,15:50-16:50,280.50770570756515
2025-09-23,103,107,17:00-17:50,86.60642458533778
2025-09-23,109,113,18:00-18:50,128.90430117355686
2025-09-23,116,117,19:10-19:30,48.74695169547681
2025-09-23,120,123,19:50-20:30,177.3829206861393
2025-09-23,125,132,20:40-22:00,238.25733834612242
2025-09-23,135,135,22:20-22:30,50.77587089114172
2025-09-23,142,142,23:30-23:40,21.04485208650567
2025-09-24,2,2,00:10-00:20,21.405932754310015
2025-09-24,8,10,01:10-01:40,48.68470937059385
2025-09-24,13,15,02:00-02:30,87.98720646137633
2025-09-24,18,23,02:50-03:50,120.09668799298913
2025-09-24,26,33,04:10-05:30,145.19956101245327
2025-09-24,37,42,06:00-07:00,86.68478140248124
2025-09-24,75,76,12:20-12:40,37.90133045824109
2025-09-24,107,107,17:40-17:50,13.625009264412597
2025-09-24,110,112,18:10-18:40,105.55419637428781
2025-09-24,115,115,19:00-19:10,28.599795486248127
2025-09-24,119,120,19:40-20:00,85.91011672298919
2025-09-24,123,124,20:20-20:40,40.31663571475565
2025-09-24,128,128,21:10-21:20,6.290542275299458
2025-09-24,133,133,22:00-22:10,1.6052471218017672
2025-09-24,139,140,23:00-23:20,41.25022522606355
2025-09-24,142,144,23:30-24:00,67.62753876109127
2025-09-25,3,4,00:20-00:40,161.60767021976585
2025-09-25,6,9,00:50-01:30,71.62357347124328
2025-09-25,13,14,02:00-02:20,65.40277357547063
2025-09-25,18,19,02:50-03:10,22.704682397119882
2025-09-25,28,29,04:30-04:50,23.962888063206833
2025-09-25,31,31,05:00-05:10,8.446501105408515
2025-09-25,44,44,07:10-07:20,0.6677384552313015
2025-09-25,86,86,14:10-14:20,0.37421886218226064
2025-09-25,88,88,14:30-14:40,8.946071880225873
2025-09-25,94,96,15:30-16:00,86.19400451375202
2025-09-25,99,100,16:20-16:40,106.26006706239605
2025-09-25,107,108,17:40-18:00,74.8771004822064
2025-09-25,112,114,18:30-19:00,198.58309044461328
2025-09-25,122,123,20:10-20:30,14.031453040187102
2025-09-25,126,129,20:50-21:30,158.49905777075935
2025-09-25,132,132,21:50-22:00,7.336581347199171
2025-09-25,136,140,22:30-23:20,166.2101448863691
2025-09-25,143,144,23:40-24:00,21.9003929530204
2025-09-26,3,3,00:20-00:30,26.701941702855663
2025-09-26,12,12,01:50-02:00,25.53488797848155
2025-09-26,15,17,02:20-02:50,14.052163853796628
2025-09-26,21,21,03:20-03:30,3.5168507251893857
2025-09-26,25,25,04:00-04:10,10.694792662568261
2025-09-26,32,32,05:10-05:20,8.048515916568135
2025-09-26,34,34,05:30-05:40,14.5779412662381
2025-09-26,101,101,16:40-16:50,5.061767436504738
2025-09-26,105,105,17:20-17:30,5.595055246930826
2025-09-26,109,110,18:00-18:20,9.77704119574014
2025-09-26,116,117,19:10-19:30,52.39464357669226
2025-09-26,120,120,19:50-20:00,26.064159641834635
2025-09-26,131,132,21:40-22:00,46.13015456944527
2025-09-26,138,138,22:50-23:00,6.167045317288057
2025-09-26,142,143,23:30-23:50,53.18731990234835
2025-09-27,3,4,00:20-00:40,35.5791007669967
2025-09-27,7,8,01:00-01:20,85.10442830635623
2025-09-27,15,15,02:20-02:30,3.661517304908557
2025-09-27,19,19,03:00-03:10,5.25180423269984
2025-09-27,23,24,03:40-04:00,30.422725843420324
2025-09-27,27,28,04:20-04:40,52.116288971058225
2025-09-27,31,32,05:00-05:20,18.340906006429407
2025-09-27,34,35,05:30-05:50,47.950998737850796
2025-09-27,37,38,06:00-06:20,3.728416335602674
2025-09-27,40,42,06:30-07:00,61.32556862151773
2025-09-27,76,77,12:30-12:50,35.72118737524272
2025-09-27,80,84,13:10-14:00,98.5554931625635
2025-09-27,86,86,14:10-14:20,11.582149625420584
2025-09-27,88,101,14:30-16:50,540.4643600712033
2025-09-27,106,107,17:30-17:50,57.00051729174885
2025-09-27,110,114,18:10-19:00,95.70595409561088
2025-09-27,116,118,19:10-19:40,84.06246662624784
2025-09-27,127,128,21:00-21:20,44.77305771930507
2025-09-27,130,130,21:30-21:40,4.256329506349516
2025-09-27,137,137,22:40-22:50,3.4382081852875785
2025-09-27,139,143,23:00-23:50,143.52323117245413
2025-09-28,1,3,00:00-00:30,24.73829801289685
2025-09-28,6,6,00:50-01:00,13.760494801947516
2025-09-28,13,17,02:00-02:50,82.69668731478373
2025-09-28,21,22,03:20-03:40,9.78982891569376
2025-09-28,24,24,03:50-04:00,2.6372011832208955
2025-09-28,30,30,04:50-05:00,10.078401105408716
2025-09-28,39,39,06:20-06:30,2.040101493617499
2025-09-28,43,44,07:00-07:20,16.838828575356388
2025-09-28,52,53,08:30-08:50,17.04512799414016
2025-09-28,58,58,09:30-09:40,11.739231409275199
2025-09-28,63,63,10:20-10:30,54.14483913699688
2025-09-28,77,78,12:40-13:00,27.960077979801525
2025-09-28,80,83,13:10-13:50,51.447178476006954
2025-09-28,86,87,14:10-14:30,10.497087948812162
2025-09-28,105,107,17:20-17:50,129.1522797839947
2025-09-28,117,118,19:20-19:40,65.7045531953222
2025-09-28,133,135,22:00-22:30,67.44510801303682
2025-09-28,139,140,23:00-23:20,39.903689346342844
2025-09-28,143,144,23:40-24:00,74.77034307427675
2025-09-29,3,3,00:20-00:30,51.54102118699848
2025-09-29,6,6,00:50-01:00,0.7245703382022839
2025-09-29,8,9,01:10-01:30,36.29406569872913
2025-09-29,14,20,02:10-03:20,113.84235540131246
2025-09-29,24,26,03:50-04:20,59.25043767407146
2025-09-29,29,29,04:40-04:50,6.32582149354721
2025-09-29,36,37,05:50-06:10,42.12828490417576
2025-09-29,50,50,08:10-08:20,2.015706681581662
2025-09-29,58,58,09:30-09:40,9.468137889878633
2025-09-29,81,81,13:20-13:30,12.461856265366464
2025-09-29,102,104,16:50-17:20,33.136704862028296
2025-09-29,109,109,18:00-18:10,2.9418655161392735
2025-09-29,111,114,18:20-19:00,136.63418411439204
2025-09-29,116,118,19:10-19:40,69.0402276011414
2025-09-29,121,125,20:00-20:50,187.14351806640627
2025-09-29,130,131,21:30-21:50,24.489882563495144
2025-09-29,134,138,22:10-23:00,107.48641342939845
2025-09-29,142,144,23:30-24:00,91.6942088212968
2025-09-30,1,1,00:00-00:10,38.191221397552454
2025-09-30,3,3,00:20-00:30,5.951301487037654
2025-09-30,5,9,00:40-01:30,75.6088394278853
2025-09-30,15,15,02:20-02:30,15.705516797323071
2025-09-30,18,18,02:50-03:00,15.082147604008128
2025-09-30,21,23,03:20-03:50,66.18577722491705
2025-09-30,25,25,04:00-04:10,0.4487703297426151
2025-09-30,28,30,04:30-05:00,82.42771795343117
2025-09-30,41,43,06:40-07:10,51.74508991280209
2025-09-30,46,47,07:30-07:50,30.612561249062992
2025-09-30,55,56,09:00-09:20,46.44429103375967
2025-09-30,61,61,10:00-10:10,16.61844999999994
2025-09-30,81,95,13:20-15:50,536.2246175628504
2025-09-30,101,101,16:40-16:50,6.537295450483157
2025-09-30,107,108,17:40-18:00,51.23084372430503
2025-09-30,114,114,18:50-19:00,26.686796755300406
2025-09-30,121,122,20:00-20:20,118.88270519946218
2025-09-30,124,125,20:30-20:50,114.48833582391023
2025-09-30,133,133,22:00-22:10,30.582007532006173
2025-09-30,139,143,23:00-23:50,63.758299734927846
2025-10-01,11,12,01:40-02:00,30.881220397420634
2025-10-01,16,17,02:30-02:50,9.184967766552973
2025-10-01,24,24,03:50-04:00,18.39850769838131
2025-10-01,26,27,04:10-04:30,58.914204204265616
2025-10-01,31,31,05:00-05:10,11.130598780747505
2025-10-02,1,2,00:00-00:20,23.452882405579658
2025-10-02,6,6,00:50-01:00,0.40909461771286715
2025-10-02,9,11,01:20-01:50,51.3660316949597
2025-10-02,13,16,02:00-02:40,51.350614234956424
2025-10-02,23,23,03:40-03:50,10.476513468877442
2025-10-02,27,28,04:20-04:40,13.616923489580358
2025-10-02,35,36,05:40-06:00,60.80069633759979
2025-10-02,133,133,22:00-22:10,0.6592259836818357
2025-10-03,5,5,00:40-00:50,10.757341044874238
2025-10-03,9,10,01:20-01:40,27.854118949861913
2025-10-03,16,17,02:30-02:50,15.383034848041632
2025-10-03,20,21,03:10-03:30,8.017731345524851
2025-10-03,27,27,04:20-04:30,2.1376803397534445
2025-10-03,35,35,05:40-05:50,7.431195645513014
2025-10-04,10,10,01:30-01:40,0.3049405119093649
2025-10-04,16,17,02:30-02:50,23.832621526328467
2025-10-04,26,27,04:10-04:30,10.43228658473231
2025-10-04,30,30,04:50-05:00,12.129470983023964
2025-10-04,33,33,05:20-05:30,5.180163206912425
2025-10-04,36,37,05:50-06:10,46.52199044481853
2025-10-04,43,45,07:00-07:30,54.236285351926
2025-10-04,134,134,22:10-22:20,1.2706279247268526
2025-10-05,2,3,00:10-00:30,20.258138584023982
2025-10-05,6,8,00:50-01:20,82.93319361429155
2025-10-05,16,18,02:30-03:00,92.67286916411717
2025-10-05,21,21,03:20-03:30,4.825702776916046
2025-10-05,25,25,04:00-04:10,3.43217001203152
2025-10-05,29,30,04:40-05:00,22.33773566296884
2025-10-05,136,136,22:30-22:40,18.31743973549146
2025-10-06,12,12,01:50-02:00,5.647008158968447
2025-10-06,15,15,02:20-02:30,13.651065929727565
2025-10-06,31,32,05:00-05:20,15.103633806139783
2025-10-06,39,39,06:20-06:30,12.926771649935063
2025-10-06,43,43,07:00-07:10,0.9637585091754772
2025-10-06,69,74,11:20-12:20,277.66232247813616
2025-10-06,76,77,12:30-12:50,57.08929520956599
2025-10-06,133,134,22:00-22:20,21.31293330701419
2025-10-07,9,10,01:20-01:40,33.19671265298052
2025-10-07,17,17,02:40-02:50,27.645827778678495
2025-10-07,32,34,05:10-05:40,23.49758909842501
2025-10-07,49,54,08:00-09:00,166.6152187202284
2025-10-07,57,58,09:20-09:40,20.37769036453907
2025-10-07,65,71,10:40-11:50,161.10374557045918
2025-10-07,93,94,15:20-15:40,1.7197052253117135
2025-10-07,144,144,23:50-24:00,4.5887695749438535
2025-10-08,1,1,00:00-00:10,2.460643630740833
2025-10-08,6,6,00:50-01:00,22.417442426635148
2025-10-08,16,17,02:30-02:50,20.516069491638973
2025-10-08,39,50,06:20-08:20,199.70413537628556
2025-10-08,70,78,11:30-13:00,409.57400973661964
2025-10-08,108,108,17:50-18:00,33.556341623897765
2025-10-08,134,135,22:10-22:30,30.70619917188344
2025-10-09,13,13,02:00-02:10,1.8138983071080474
2025-10-09,22,22,03:30-03:40,8.86471343550852
2025-10-09,26,26,04:10-04:20,1.4769309829301847
2025-10-09,33,34,05:20-05:40,46.649529676837005
2025-10-09,37,38,06:00-06:20,33.52438063514023
2025-10-09,46,48,07:30-08:00,97.5431833095725
2025-10-09,65,65,10:40-10:50,1.0037231653465994
2025-10-09,91,92,15:00-15:20,19.78161341176076
2025-10-09,99,99,16:20-16:30,8.290116113979366
2025-10-09,104,105,17:10-17:30,6.205932501666894
2025-10-09,108,108,17:50-18:00,3.806816028424805
2025-10-09,124,125,20:30-20:50,25.70284904240225
2025-10-10,1,2,00:00-00:20,81.99009978286614
2025-10-10,5,7,00:40-01:10,22.011631629161798
2025-10-10,11,11,01:40-01:50,0.29763328069481076
2025-10-10,20,20,03:10-03:20,10.257802028462436
2025-10-10,22,23,03:30-03:50,32.772045319931124
2025-10-10,31,32,05:00-05:20,15.411973490872754
2025-10-10,43,44,07:00-07:20,37.50502528647377
2025-10-10,96,96,15:50-16:00,26.758054231759843
2025-10-10,99,101,16:20-16:50,46.888148813285966
2025-10-10,103,107,17:00-17:50,111.57984791178654
2025-10-10,121,122,20:00-20:20,14.131448401575199
2025-10-10,126,126,20:50-21:00,21.137442426635005
2025-10-10,129,129,21:20-21:30,15.376754836162377
2025-10-10,134,135,22:10-22:30,26.851243714524287
2025-10-10,138,138,22:50-23:00,11.312504276878371
2025-10-10,144,144,23:50-24:00,34.11958283984751
2025-10-11,1,1,00:00-00:10,3.1136263455717312
2025-10-11,10,10,01:30-01:40,9.129722693775477
2025-10-11,22,22,03:30-03:40,12.992459744703126
2025-10-11,25,25,04:00-04:10,8.804481188314355
2025-10-11,32,32,05:10-05:20,7.305199533303266
2025-10-11,42,42,06:50-07:00,0.9950498685211073
2025-10-11,99,99,16:20-16:30,0.4049757533047966
2025-10-11,105,105,17:20-17:30,26.977626313794133
2025-10-11,116,116,19:10-19:20,2.29581571776356
2025-10-11,120,120,19:50-20:00,6.429082137364276
2025-10-11,123,123,20:20-20:30,9.354193614526366
2025-10-11,129,129,21:20-21:30,6.418643900513359
2025-10-11,135,135,22:20-22:30,9.449510461902946
2025-10-11,138,138,22:50-23:00,0.7937739788658291
2025-10-12,11,12,01:40-02:00,57.92291816028444
2025-10-12,16,16,02:30-02:40,7.289254489312498
2025-10-12,31,32,05:00-05:20,18.51507424426154
2025-10-12,37,38,06:00-06:20,56.134264314853795
2025-10-12,67,68,11:00-11:20,45.45572320864528
2025-10-12,71,72,11:40-12:00,20.447136493524113
2025-10-12,75,81,12:20-13:30,214.36815711279093
2025-10-12,83,84,13:40-14:00,137.71796282696667
2025-10-12,86,89,14:10-14:50,59.48016035227859
2025-10-12,98,98,16:10-16:20,2.6951947746213136
2025-10-12,101,102,16:40-17:00,20.300767679475598
2025-10-12,109,110,18:00-18:20,39.44434071024352
2025-10-12,113,113,18:40-18:50,16.0047664535864
2025-10-12,119,120,19:40-20:00,29.815167627818937
2025-10-12,127,127,21:00-21:10,2.758337682589854
2025-10-12,132,132,21:50-22:00,5.37352606090667
2025-10-12,136,137,22:30-22:50,46.254938728779734
2025-10-12,140,142,23:10-23:40,7.82247325928688
2025-10-13,9,9,01:20-01:30,3.791841507576123
2025-10-13,12,12,01:50-02:00,18.76552441110664
2025-10-13,28,30,04:30-05:00,33.96929060902009
2025-10-13,35,35,05:40-05:50,4.709087869005202
2025-10-13,75,75,12:20-12:30,4.069427861748636
2025-10-13,88,89,14:30-14:50,92.06100355613876
2025-10-13,100,101,16:30-16:50,57.05713863645735
2025-10-13,117,119,19:20-19:50,34.388093340583396
2025-10-13,126,127,20:50-21:10,5.968345078299467
2025-10-13,130,132,21:30-22:00,43.66037345853226
2025-10-13,139,139,23:00-23:10,5.71030616340488
2025-10-14,10,10,01:30-01:40,4.208776207395886
2025-10-14,13,14,02:00-02:20,43.58255180051856
2025-10-14,19,21,03:00-03:30,53.40719428707712
2025-10-14,33,34,05:20-05:40,23.68304443477041
2025-10-14,37,39,06:00-06:30,29.491526812033726
2025-10-14,44,46,07:10-07:40,60.60322866304682
2025-10-14,48,48,07:50-08:00,5.995845274534759
2025-10-14,51,54,08:20-09:00,59.129472468959875
2025-10-14,57,58,09:20-09:40,88.4377418492312
2025-10-14,63,64,10:20-10:40,57.412989409052074
2025-10-14,78,78,12:50-13:00,17.495418529434687
2025-10-14,80,84,13:10-14:00,244.48363176824506
2025-10-14,89,96,14:40-16:00,166.78370224995672
2025-10-14,99,102,16:20-17:00,57.203325110808464
2025-10-14,113,115,18:40-19:10,29.15941255766245
2025-10-14,119,120,19:40-20:00,9.984874267261489
2025-10-14,123,123,20:20-20:30,5.695104760024719
2025-10-14,130,131,21:30-21:50,48.23819455285479
2025-10-14,133,134,22:00-22:20,38.2234706606132
2025-10-14,141,142,23:20-23:40,15.627405058466593
2025-10-14,144,144,23:50-24:00,0.8348539281485046
2025-10-15,1,1,00:00-00:10,7.102300842216209
2025-10-15,4,5,00:30-00:50,49.376050598763186
2025-10-15,7,8,01:00-01:20,14.29814012229076
2025-10-15,11,12,01:40-02:00,12.637028646773388
2025-10-15,15,15,02:20-02:30,2.6204230819846543
2025-10-15,18,19,02:50-03:10,10.835744024883411
2025-10-15,25,26,04:00-04:20,38.57986625448825
2025-10-15,28,29,04:30-04:50,12.734277743661096
2025-10-15,34,34,05:30-05:40,2.890061672588672
2025-10-15,40,41,06:30-06:50,13.975186640629317
2025-10-15,54,54,08:50-09:00,4.3355941822249235
2025-10-15,61,62,10:00-10:20,55.540414262231266
2025-10-15,65,66,10:40-11:00,70.74080683495808
2025-10-15,72,72,11:50-12:00,3.324380134603871
2025-10-15,75,90,12:20-15:00,1377.9576675513767
2025-10-15,99,104,16:20-17:20,45.738921489750396
2025-10-15,106,107,17:30-17:50,55.61633237038734
2025-10-15,109,110,18:00-18:20,22.83021716203268
2025-10-15,112,114,18:30-19:00,113.01120717032222
2025-10-15,117,132,19:20-22:00,323.5908997424729
2025-10-15,134,134,22:10-22:20,3.03836283204555
2025-10-15,139,140,23:00-23:20,37.58892136935299
2025-10-16,2,3,00:10-00:30,10.907603993946623
2025-10-16,6,7,00:50-01:10,24.766208719192605
2025-10-16,11,12,01:40-02:00,7.768710244651288
2025-10-16,15,16,02:20-02:40,32.695721515988794
2025-10-16,31,32,05:00-05:20,50.03417787490855
2025-10-16,42,42,06:50-07:00,19.05874156373943
2025-10-16,50,51,08:10-08:30,10.228755866273161
2025-10-16,53,54,08:40-09:00,33.584254224345045
2025-10-16,58,58,09:30-09:40,0.5083312657864933
2025-10-16,74,74,12:10-12:20,3.436901680269557
2025-10-16,77,78,12:40-13:00,39.85175036457528
2025-10-16,82,82,13:30-13:40,8.607875859823764
2025-10-16,84,102,13:50-17:00,1584.965855059965
2025-10-16,105,106,17:20-17:40,29.2459567665029
2025-10-16,109,114,18:00-19:00,160.46216821243843
2025-10-16,116,122,19:10-20:20,185.98011689881025
2025-10-16,124,125,20:30-20:50,26.6799136567779
2025-10-16,127,128,21:00-21:20,19.214442089202954
2025-10-16,130,132,21:30-22:00,67.7920875816601
2025-10-16,136,137,22:30-22:50,33.84077568759085
2025-10-16,144,144,23:50-24:00,33.334615738913044
2025-10-17,1,1,00:00-00:10,3.6673911435715922
2025-10-17,4,4,00:30-00:40,1.9684467495722515
2025-10-17,8,8,01:10-01:20,0.2681531329309905
2025-10-17,10,11,01:30-01:50,3.4442526108935567
2025-10-17,14,15,02:10-02:30,28.20277925901894
2025-10-17,20,21,03:10-03:30,26.4164780365835
2025-10-17,40,41,06:30-06:50,10.473627607074832
2025-10-17,97,97,16:00-16:10,11.441194341528671
2025-10-17,106,107,17:30-17:50,7.403802683844162
2025-10-17,112,113,18:30-18:50,76.79593185569536
2025-10-17,115,116,19:00-19:20,35.99288390859698
2025-10-17,119,120,19:40-20:00,45.42669602884763
2025-10-17,124,132,20:30-22:00,201.37904126492123
2025-10-17,137,140,22:40-23:20,87.17538955460526
2025-10-17,142,143,23:30-23:50,30.154995476613465
2025-10-18,2,6,00:10-01:00,78.86158956063957
2025-10-18,18,18,02:50-03:00,38.91944137386497
2025-10-18,21,21,03:20-03:30,11.15314722449375
2025-10-18,24,24,03:50-04:00,5.781395344106613
2025-10-18,29,30,04:40-05:00,13.328941823524417
2025-10-18,33,33,05:20-05:30,6.075505458894838
2025-10-18,95,95,15:40-15:50,9.97264999999993
2025-10-18,99,102,16:20-17:00,87.29170978228956
2025-10-18,106,106,17:30-17:40,10.52547762844631
2025-10-18,119,119,19:40-19:50,8.554159233886594
2025-10-18,126,127,20:50-21:10,16.30521148177379
2025-10-18,130,132,21:30-22:00,62.52534356150596
2025-10-18,135,137,22:20-22:50,13.26666123832075
2025-10-18,140,141,23:10-23:30,17.05593037523738
2025-10-19,3,4,00:20-00:40,12.690607533886123
2025-10-19,7,9,01:00-01:30,53.63737901533102
2025-10-19,19,20,03:00-03:20,11.792889440809745
2025-10-19,23,24,03:40-04:00,15.259460948809192
2025-10-19,27,27,04:20-04:30,25.503602447690582
2025-10-19,35,36,05:40-06:00,30.9291402444577
2025-10-19,39,39,06:20-06:30,7.171285765984294
2025-10-19,45,46,07:20-07:40,1.9726235597381674
2025-10-19,49,49,08:00-08:10,9.60608131621791
2025-10-19,57,58,09:20-09:40,24.162988501503563
2025-10-19,62,62,10:10-10:20,1.472762459749248
2025-10-19,88,96,14:30-16:00,665.5779479578565
2025-10-19,98,101,16:10-16:50,70.72532660042168
2025-10-19,103,104,17:00-17:20,19.48354670928768
2025-10-19,109,116,18:00-19:20,175.78412846265644
2025-10-19,119,125,19:40-20:50,88.05248946824668
2025-10-19,128,129,21:10-21:30,33.05050257111725
2025-10-19,139,141,23:00-23:30,28.958985168396453
2025-10-19,144,144,23:50-24:00,3.9933826819318483
2025-10-20,7,8,01:00-01:20,28.767308902486775
2025-10-20,16,16,02:30-02:40,13.406882964864053
2025-10-20,21,21,03:20-03:30,2.902401631793623
2025-10-20,34,35,05:30-05:50,8.758324603918481
2025-10-20,45,45,07:20-07:30,8.705365247818804
2025-10-20,48,48,07:50-08:00,18.72632917483793
2025-10-20,52,65,08:30-10:50,786.9963449999541
2025-10-20,81,81,13:20-13:30,36.45691835249204
2025-10-20,112,112,18:30-18:40,0.6637369193315408
2025-10-20,114,116,18:50-19:20,11.442149884677065
2025-10-20,121,122,20:00-20:20,18.61505013535634
2025-10-20,127,129,21:00-21:30,45.32406673679761
2025-10-20,132,132,21:50-22:00,27.548440526273453
2025-10-20,136,137,22:30-22:50,17.035701692598195
2025-10-20,143,144,23:40-24:00,32.31047512172654
2025-10-21,11,11,01:40-01:50,8.093569300589479
2025-10-21,18,18,02:50-03:00,3.862415449401283
2025-10-21,22,23,03:30-03:50,11.54443066586532
2025-10-21,25,26,04:00-04:20,4.844086932960977
2025-10-21,28,28,04:30-04:40,2.8621040370678656
2025-10-21,33,36,05:20-06:00,108.92120867166489
2025-10-21,39,39,06:20-06:30,26.00040375048536
2025-10-21,42,42,06:50-07:00,12.610359069802485
2025-10-21,56,60,09:10-10:00,160.2822698052107
2025-10-21,62,66,10:10-11:00,114.31254351627004
2025-10-21,68,68,11:10-11:20,3.460506538185541
2025-10-21,70,76,11:30-12:40,187.54813384353804
2025-10-21,87,87,14:20-14:30,11.178234096281187
2025-10-21,105,106,17:20-17:40,12.674743864751576
2025-10-21,108,108,17:50-18:00,8.357528622187147
2025-10-21,137,137,22:40-22:50,17.002063149823925
2025-10-21,139,141,23:00-23:30,59.13471300359083
2025-10-22,9,11,01:20-01:50,57.053716992800446
2025-10-22,14,14,02:10-02:20,3.723396098170838
2025-10-22,35,36,05:40-06:00,13.398214946603503
2025-10-22,44,45,07:10-07:30,37.32087175766276
2025-10-22,49,50,08:00-08:20,12.638751819872255
2025-10-22,52,63,08:30-10:30,842.450475615804
2025-10-22,72,72,11:50-12:00,18.361047835241607
2025-10-22,101,102,16:40-17:00,9.458198951986446
2025-10-22,108,114,17:50-19:00,201.1796383945608
2025-10-22,116,119,19:10-19:50,75.09164997215339
2025-10-22,124,126,20:30-21:00,79.35665561199335
2025-10-22,129,132,21:20-22:00,54.070700940916254
2025-10-22,138,140,22:50-23:20,56.53911766941246
2025-10-23,2,2,00:10-00:20,8.395351250164367
2025-10-23,10,11,01:30-01:50,7.061614415900522
2025-10-23,13,13,02:00-02:10,1.340124582181943
2025-10-23,17,17,02:40-02:50,1.1237756415318927
2025-10-23,22,22,03:30-03:40,7.936827446356119
2025-10-23,26,26,04:10-04:20,10.977255112984835
2025-10-23,40,41,06:30-06:50,16.30032401361575
2025-10-23,73,74,12:00-12:20,86.69276374898982
2025-10-23,102,104,16:50-17:20,40.64334245961743
2025-10-23,106,108,17:30-18:00,33.50037962767078
2025-10-23,115,116,19:00-19:20,29.332482752112583
2025-10-23,118,119,19:30-19:50,43.179287154853114
2025-10-23,121,123,20:00-20:30,86.43275054283447
2025-10-23,127,127,21:00-21:10,21.203616127121926
2025-10-23,133,134,22:00-22:20,64.9774359323593
2025-10-23,139,139,23:00-23:10,7.5045309580209505
2025-10-24,17,19,02:40-03:10,16.12260270994318
2025-10-24,23,23,03:40-03:50,3.0172816640583164
2025-10-24,25,25,04:00-04:10,0.7656731421428162
2025-10-24,34,36,05:30-06:00,64.695647241149
2025-10-24,45,47,07:20-07:50,69.89939251405269
2025-10-24,94,95,15:30-15:50,3.8773023922321954
2025-10-24,98,98,16:10-16:20,5.008817448724471
2025-10-24,100,102,16:30-17:00,68.78429534704844
2025-10-24,104,105,17:10-17:30,11.93940808452578
2025-10-24,108,108,17:50-18:00,12.147860969183114
2025-10-24,110,112,18:10-18:40,82.118133977215
2025-10-24,114,114,18:50-19:00,10.322808781230606
2025-10-24,118,119,19:30-19:50,64.8558443148064
2025-10-24,121,123,20:00-20:30,100.43391110034929
2025-10-24,126,129,20:50-21:30,136.22373713098222
2025-10-24,134,134,22:10-22:20,1.075028655086271
2025-10-24,138,138,22:50-23:00,47.752208709616525
2025-10-25,3,4,00:20-00:40,15.316078747203562
2025-10-25,9,11,01:20-01:50,77.66641893571875
2025-10-25,25,26,04:00-04:20,7.227158074370493
2025-10-25,34,35,05:30-05:50,26.39316673441226
2025-10-25,98,98,16:10-16:20,2.5150300603461915
2025-10-25,103,104,17:00-17:20,58.82643995450525
2025-10-25,107,107,17:40-17:50,18.69169036880902
2025-10-25,110,110,18:10-18:20,1.9221468162898532
2025-10-25,114,114,18:50-19:00,13.531277235726463
2025-10-25,116,117,19:10-19:30,5.11651161783476
2025-10-25,122,125,20:10-20:50,106.19410615418161
2025-10-25,127,128,21:00-21:20,81.51468130675015
2025-10-25,131,131,21:40-21:50,17.50018387287804
2025-10-25,133,134,22:00-22:20,9.858068021168208
2025-10-25,138,138,22:50-23:00,19.502244192874286
2025-10-26,1,2,00:00-00:20,39.23784478878815
2025-10-26,5,5,00:40-00:50,6.756928885379693
2025-10-26,9,10,01:20-01:40,34.55031492466105
2025-10-26,15,15,02:20-02:30,5.084111184742369
2025-10-26,21,21,03:20-03:30,2.940542100229436
2025-10-26,33,33,05:20-05:30,30.036347419729623
2025-10-26,74,75,12:10-12:30,60.52413492846813
2025-10-26,104,108,17:10-18:00,86.66266884267509
2025-10-26,111,111,18:20-18:30,9.138129799738635
2025-10-26,121,122,20:00-20:20,22.35471768402931
2025-10-26,137,137,22:40-22:50,8.386493544444875
2025-10-26,143,143,23:40-23:50,6.800422641137061
2025-10-27,2,3,00:10-00:30,22.94251589682858
2025-10-27,12,12,01:50-02:00,1.7560981708119243
2025-10-27,19,20,03:00-03:20,17.916569624292947
2025-10-27,23,23,03:40-03:50,9.51510551388344
2025-10-27,25,26,04:00-04:20,10.352242358486478
2025-10-27,37,38,06:00-06:20,24.558516826931736
2025-10-27,91,100,15:00-16:40,215.05990090465463
2025-10-27,102,104,16:50-17:20,34.03207320770582
2025-10-27,106,106,17:30-17:40,3.4971091889149193
2025-10-27,109,109,18:00-18:10,7.972408769950903
2025-10-27,113,114,18:40-19:00,16.816988933253697
2025-10-27,119,120,19:40-20:00,27.3375417340161
2025-10-27,128,128,21:10-21:20,2.1436533688644204
2025-10-27,133,137,22:00-22:50,32.64185890577744
2025-10-27,139,140,23:00-23:20,10.105920020021472
2025-10-28,1,2,00:00-00:20,27.67361126463993
2025-10-28,8,9,01:10-01:30,9.088479227529774
2025-10-28,17,18,02:40-03:00,10.421309284116433
2025-10-28,23,24,03:40-04:00,1.2903164151946385
2025-10-28,27,27,04:20-04:30,8.622548467373349
2025-10-28,42,42,06:50-07:00,0.45873253999582175
2025-10-28,48,49,07:50-08:10,51.84505102051435
2025-10-28,77,77,12:40-12:50,24.882881647021577
2025-10-28,79,80,13:00-13:20,59.4080971863747
2025-10-28,98,98,16:10-16:20,6.938460010715744
2025-10-28,113,113,18:40-18:50,7.588231242245115
2025-10-28,117,117,19:20-19:30,3.456549857359164
2025-10-28,123,125,20:20-20:50,7.927079890534969
2025-10-28,134,137,22:10-22:50,37.160730564171786
2025-10-29,16,16,02:30-02:40,13.508552223976949
2025-10-29,26,28,04:10-04:40,70.11606415881772
2025-10-29,32,32,05:10-05:20,22.141093709698566
2025-10-29,37,39,06:00-06:30,28.43680229799952
2025-10-29,52,52,08:30-08:40,3.099167436718517
2025-10-29,55,60,09:00-10:00,143.1267441457972
2025-10-29,62,73,10:10-12:10,895.9056381570902
2025-10-29,81,83,13:20-13:50,74.36604828548849
2025-10-29,100,100,16:30-16:40,5.000399720534119
2025-10-29,104,106,17:10-17:40,28.563317546697135
2025-10-29,108,109,17:50-18:10,12.174429066794687
2025-10-29,112,114,18:30-19:00,66.61740205293108
2025-10-29,120,126,19:50-21:00,111.49848593744161
2025-10-29,128,129,21:10-21:30,20.324549575131755
2025-10-29,133,134,22:00-22:20,26.016606685560305
2025-10-29,136,136,22:30-22:40,1.8522146324469304
2025-10-29,143,143,23:40-23:50,1.8039364059299032
2025-10-30,5,6,00:40-01:00,31.174452756941946
2025-10-30,19,21,03:00-03:30,23.197353655033385
2025-10-30,24,25,03:50-04:10,30.974973844743545
2025-10-30,29,29,04:40-04:50,8.372975170370069
2025-10-30,37,37,06:00-06:10,16.05388767037016
2025-10-30,41,41,06:40-06:50,7.034980433750661
2025-10-30,43,43,07:00-07:10,2.45262126155842
2025-10-30,49,50,08:00-08:20,24.633958446348288
2025-10-30,105,107,17:20-17:50,18.772220859429808
2025-10-30,111,112,18:20-18:40,64.96036760934226
2025-10-30,121,122,20:00-20:20,15.69220822801924
2025-10-30,125,126,20:40-21:00,30.804248782734703
2025-10-30,129,130,21:20-21:40,45.98838515594139
2025-10-30,132,132,21:50-22:00,9.895088400817713
2025-10-30,137,137,22:40-22:50,3.8621631201472155
2025-10-30,140,142,23:10-23:40,38.9850191586537
2025-10-31,2,3,00:10-00:30,15.60776563813647
2025-10-31,6,6,00:50-01:00,9.564036057376086
2025-10-31,24,24,03:50-04:00,8.14215554678242
2025-10-31,28,28,04:30-04:40,15.432453863055343
2025-10-31,32,33,05:10-05:30,51.9435517657397
2025-10-31,74,76,12:10-12:40,37.8697877529994
2025-10-31,88,88,14:30-14:40,9.34822007067524
2025-10-31,93,94,15:20-15:40,11.67490022538696
2025-10-31,98,99,16:10-16:30,60.95769352004254
2025-10-31,105,105,17:20-17:30,14.713018818265368
2025-10-31,108,110,17:50-18:20,53.90191147769809
2025-10-31,113,114,18:40-19:00,1.8934959234238704
2025-10-31,117,118,19:20-19:40,58.48464173516743
2025-10-31,129,129,21:20-21:30,2.6693459665746104
2025-10-31,132,134,21:50-22:20,28.31311788736889
2025-10-31,136,136,22:30-22:40,1.4083308330043565
2025-11-01,12,13,01:50-02:10,23.08565186675753
2025-11-01,16,18,02:30-03:00,27.08817220416705
2025-11-01,20,22,03:10-03:40,102.97748834715088
2025-11-01,28,28,04:30-04:40,3.563224213947251
2025-11-01,31,32,05:00-05:20,35.421299138044674
2025-11-01,97,98,16:00-16:20,10.98604573064108
2025-11-01,102,102,16:50-17:00,20.95162380388382
2025-11-01,105,105,17:20-17:30,15.959151693814931
2025-11-01,118,118,19:30-19:40,3.3109444997460287
2025-11-01,125,125,20:40-20:50,27.088446644001635
2025-11-01,132,133,21:50-22:10,23.962230567932238
2025-11-02,4,6,00:30-01:00,15.451529233414249
2025-11-02,13,14,02:00-02:20,31.643985287537816
2025-11-02,17,18,02:40-03:00,15.305777983945063
2025-11-02,29,31,04:40-05:10,56.25677006828323
2025-11-02,43,45,07:00-07:30,16.76542080385832
2025-11-02,76,76,12:30-12:40,6.391190944297136
2025-11-02,80,83,13:10-13:50,155.90380090953238
2025-11-02,112,114,18:30-19:00,29.48186183423445
2025-11-02,116,119,19:10-19:50,115.2800746774717
2025-11-02,122,124,20:10-20:40,44.90849187200308
2025-11-02,131,132,21:40-22:00,19.24490977642722
2025-11-02,138,138,22:50-23:00,6.388542160887255
2025-11-03,2,3,00:10-00:30,3.3033060534282868
2025-11-03,6,6,00:50-01:00,15.14165087511526
2025-11-03,14,15,02:10-02:30,17.49596057187989
2025-11-03,18,18,02:50-03:00,7.585555606470848
2025-11-03,24,24,03:50-04:00,14.215365837610193
2025-11-03,31,32,05:00-05:20,81.67994698926566
2025-11-03,41,41,06:40-06:50,14.155482903648135
2025-11-03,64,66,10:30-11:00,91.9924913603797
2025-11-03,68,68,11:10-11:20,17.307880630910176
2025-11-03,75,77,12:20-12:50,138.75549482732652
2025-11-03,93,93,15:20-15:30,1.1052281785198375
2025-11-03,107,109,17:40-18:10,40.72033825221342
2025-11-03,142,143,23:30-23:50,63.59728368464812
2025-11-04,1,1,00:00-00:10,18.997726095539065
2025-11-04,4,5,00:30-00:50,50.255033116199684
2025-11-04,14,14,02:10-02:20,6.137911336078105
2025-11-04,21,24,03:20-04:00,23.252250921173868
2025-11-04,31,31,05:00-05:10,1.7584986135393592
2025-11-04,36,38,05:50-06:20,43.14174733282562
2025-11-04,40,40,06:30-06:40,0.021667805914376004
2025-11-04,104,106,17:10-17:40,66.629811222341
2025-11-04,110,111,18:10-18:30,7.3450726975355565
2025-11-04,113,117,18:40-19:30,40.54132807471808
2025-11-04,120,123,19:50-20:30,42.818056742281556
2025-11-04,127,128,21:00-21:20,46.21178347808907
2025-11-04,134,134,22:10-22:20,5.464870678942816
2025-11-04,142,143,23:30-23:50,10.932703397357045
2025-11-05,3,4,00:20-00:40,53.87491513357031
2025-11-05,8,9,01:10-01:30,22.027469167465483
2025-11-05,19,20,03:00-03:20,5.7494569924614325
2025-11-05,30,31,04:50-05:10,33.34070382381151
2025-11-05,40,42,06:30-07:00,79.57445234517468
2025-11-05,47,48,07:40-08:00,27.53100293559055
2025-11-05,71,71,11:40-11:50,2.6961091844793827
2025-11-05,89,89,14:40-14:50,7.4395170973824065
2025-11-05,95,96,15:40-16:00,24.96334433935499
2025-11-05,100,101,16:30-16:50,32.762902228902476
2025-11-05,109,109,18:00-18:10,1.2782599966160433
2025-11-05,126,126,20:50-21:00,2.4506415317803203
2025-11-05,132,132,21:50-22:00,17.609280237472376
2025-11-05,135,138,22:20-23:00,72.25605560047848
2025-11-05,141,141,23:20-23:30,2.1700257023949234
2025-11-06,4,4,00:30-00:40,13.900919811817175
2025-11-06,7,7,01:00-01:10,5.278059535089255
2025-11-06,10,11,01:30-01:50,27.299354665248302
2025-11-06,16,18,02:30-03:00,9.1638290827741
2025-11-06,23,23,03:40-03:50,4.180109836820634
2025-11-06,33,35,05:20-05:50,65.41650910334806
2025-11-06,45,54,07:20-09:00,435.6788704789786
2025-11-06,56,60,09:10-10:00,213.37462146187494
2025-11-06,62,67,10:10-11:10,307.9677087994085
2025-11-06,73,73,12:00-12:10,3.090408440959777
2025-11-06,78,79,12:50-13:10,13.624083052916937
2025-11-06,106,106,17:30-17:40,3.7339554638549544
2025-11-06,110,110,18:10-18:20,7.827749935141924
2025-11-06,113,114,18:40-19:00,4.680723384303633
2025-11-06,123,123,20:20-20:30,21.257214512510927
2025-11-06,125,126,20:40-21:00,14.681473983419096
2025-11-06,129,130,21:20-21:40,39.172775859135754
2025-11-06,134,135,22:10-22:30,25.2169939578514
2025-11-06,138,142,22:50-23:40,48.004347652549086
2025-11-07,7,8,01:00-01:20,15.635053315285973
2025-11-07,11,12,01:40-02:00,20.701122101592205
2025-11-07,14,16,02:10-02:40,18.94003234788869
2025-11-07,22,22,03:30-03:40,4.781193099420932
2025-11-07,38,39,06:10-06:30,25.415770642518737
2025-11-07,42,43,06:50-07:10,26.581567050171543
2025-11-07,46,47,07:30-07:50,21.984380518621208
2025-11-07,50,51,08:10-08:30,83.44624385163505
2025-11-07,54,54,08:50-09:00,20.13499999999999
2025-11-07,103,107,17:00-17:50,67.37081794738447
2025-11-07,119,120,19:40-20:00,9.690518010475785
2025-11-07,123,124,20:20-20:40,42.46909814050167
2025-11-07,137,137,22:40-22:50,11.071322338465677
2025-11-07,144,144,23:50-24:00,18.782670911380535
2025-11-08,1,2,00:00-00:20,69.91734811351012
2025-11-08,7,8,01:00-01:20,42.49851268493978
2025-11-08,14,15,02:10-02:30,22.244509005414386
2025-11-08,19,19,03:00-03:10,4.617675544714473
2025-11-08,27,27,04:20-04:30,8.62693236774578
2025-11-08,99,99,16:20-16:30,12.01733698512976
2025-11-08,113,114,18:40-19:00,34.0165539636028
2025-11-08,118,118,19:30-19:40,2.7558801333116776
2025-11-08,125,125,20:40-20:50,7.861556944875133
2025-11-08,129,130,21:20-21:40,6.6653546190289035
2025-11-08,134,134,22:10-22:20,0.25472939860509314
2025-11-09,3,3,00:20-00:30,13.017439794709844
2025-11-09,9,9,01:20-01:30,14.9444670351362
2025-11-09,13,13,02:00-02:10,5.106528572368461
2025-11-09,21,21,03:20-03:30,7.589429530201301
2025-11-09,25,26,04:00-04:20,10.209627633805326
2025-11-09,35,35,05:40-05:50,0.5889804861541279
2025-11-09,42,43,06:50-07:10,20.058580506665635
2025-11-09,85,94,14:00-15:40,490.40793430018084
2025-11-09,112,113,18:30-18:50,11.42264134966058
2025-11-09,120,120,19:50-20:00,5.39785395722879
2025-11-09,126,127,20:50-21:10,44.08369949993439
2025-11-09,135,135,22:20-22:30,0.24238123437294234
2025-11-09,144,144,23:50-24:00,9.131780497433851
2025-11-10,3,4,00:20-00:40,21.349676779839683
2025-11-10,8,9,01:10-01:30,22.364679757910153
2025-11-10,24,26,03:50-04:20,27.82310532212898
2025-11-10,30,30,04:50-05:00,0.29300500065812685
2025-11-10,35,35,05:40-05:50,0.7091432791909256
2025-11-10,42,42,06:50-07:00,2.9509095416689206
2025-11-10,46,47,07:30-07:50,25.212279812193856
2025-11-10,50,53,08:10-08:50,40.254551599498996
2025-11-10,72,77,11:50-12:50,196.3953920115025
2025-11-10,83,83,13:40-13:50,9.728382953218912
2025-11-10,86,89,14:10-14:50,125.28831397295139
2025-11-10,94,99,15:30-16:30,155.45511492781065
2025-11-10,103,104,17:00-17:20,14.058016319832973
2025-11-10,106,106,17:30-17:40,10.407731511274505
2025-11-10,109,110,18:00-18:20,57.91991334151112
2025-11-10,112,113,18:30-18:50,16.61613099854833
2025-11-10,117,117,19:20-19:30,0.04615854059738922
2025-11-10,120,121,19:50-20:10,17.323632915061694
2025-11-10,126,126,20:50-21:00,19.308349124884785
2025-11-10,129,131,21:20-21:50,59.7214125935476
2025-11-10,141,141,23:20-23:30,3.185872718214796
2025-11-11,2,2,00:10-00:20,6.616485899460486
2025-11-11,6,6,00:50-01:00,8.076619949993301
2025-11-11,11,12,01:40-02:00,24.3498887491362
2025-11-11,39,39,06:20-06:30,8.06666995657315
2025-11-11,42,42,06:50-07:00,8.937093414547235
2025-11-11,45,45,07:20-07:30,3.186402463670106
2025-11-11,81,81,13:20-13:30,0.11802193297648955
2025-11-11,93,96,15:20-16:00,24.08167870704858
2025-11-11,100,100,16:30-16:40,7.489027877329818
2025-11-11,104,104,17:10-17:20,16.78880642189779
2025-11-11,108,108,17:50-18:00,5.469462747006446
2025-11-11,111,111,18:20-18:30,1.9570310884420223
2025-11-11,116,116,19:10-19:20,13.898959841990745
2025-11-11,119,120,19:40-20:00,14.108226270462183
2025-11-11,130,131,21:30-21:50,24.032232512208317
2025-11-11,134,134,22:10-22:20,0.9160406021469498
2025-11-11,139,141,23:00-23:30,45.74113614479336
2025-11-11,144,144,23:50-24:00,10.068169495986126
2025-11-12,29,30,04:40-05:00,3.8739426038494003
2025-11-12,33,33,05:20-05:30,0.9586345911216085
2025-11-12,38,39,06:10-06:30,40.212012815595926
2025-11-12,42,42,06:50-07:00,6.505721079958789
2025-11-12,80,80,13:10-13:20,1.6743184614953535
2025-11-12,82,84,13:30-14:00,74.6981421553549
2025-11-12,97,97,16:00-16:10,11.857010526861814
2025-11-12,102,102,16:50-17:00,23.162523898821178
2025-11-12,111,111,18:20-18:30,6.47704237399671
2025-11-12,116,116,19:10-19:20,3.19932718214784
2025-11-12,120,122,19:50-20:20,40.71464531200024
2025-11-12,128,128,21:10-21:20,4.265403858590275
2025-11-12,131,131,21:40-21:50,7.7870589143542475
2025-11-12,136,137,22:30-22:50,16.370796885281038
2025-11-13,7,7,01:00-01:10,7.242034592897539
2025-11-13,12,12,01:50-02:00,3.2666732464797406
2025-11-13,25,26,04:00-04:20,5.5633815586635365
2025-11-13,29,31,04:40-05:10,28.317541623037187
2025-11-13,36,36,05:50-06:00,1.4197729156678633
2025-11-13,42,42,06:50-07:00,22.692218360498487
2025-11-13,74,78,12:10-13:00,225.86433419844602
2025-11-13,81,81,13:20-13:30,4.3243174939858875
2025-11-13,83,87,13:40-14:30,118.95244966665632
2025-11-13,89,92,14:40-15:20,79.62833531801772
2025-11-13,101,101,16:40-16:50,13.121643946687414
2025-11-13,103,105,17:00-17:30,27.598872409440105
2025-11-13,114,114,18:50-19:00,24.990450439613596
2025-11-13,118,120,19:30-20:00,6.5168274314464725
2025-11-13,122,123,20:10-20:30,16.58807109488089
2025-11-13,133,133,22:00-22:10,0.5625186133511306
2025-11-13,139,139,23:00-23:10,2.890017703457147
2025-11-14,2,2,00:10-00:20,10.46732845111228
2025-11-14,12,12,01:50-02:00,17.360896828530144
2025-11-14,27,27,04:20-04:30,21.424356341529915
2025-11-14,44,44,07:10-07:20,3.304544194171058
2025-11-14,94,95,15:30-15:50,27.6927373006082
2025-11-14,98,99,16:10-16:30,32.581360050840885
2025-11-14,113,114,18:40-19:00,3.247860892998176
2025-11-14,120,120,19:50-20:00,1.0891918124212339
2025-11-14,128,128,21:10-21:20,12.089412995131056
2025-11-14,143,143,23:40-23:50,2.82862210955808
2025-11-15,6,6,00:50-01:00,1.2101723911039812
2025-11-15,21,22,03:20-03:40,3.315596605286487
2025-11-15,24,26,03:50-04:20,51.05674199671455
2025-11-15,33,33,05:20-05:30,0.17670351949504948
2025-11-15,43,44,07:00-07:20,50.62029767605043
2025-11-15,80,81,13:10-13:30,29.591404628772125
2025-11-15,96,96,15:50-16:00,23.494075150819526
2025-11-15,110,110,18:10-18:20,5.0742185973717255
2025-11-15,120,120,19:50-20:00,24.054357104523945
2025-11-15,122,123,20:10-20:30,22.97414557131566
2025-11-15,138,138,22:50-23:00,6.646328464271846
2025-11-16,1,2,00:00-00:20,15.32951279773647
2025-11-16,5,6,00:40-01:00,26.86151633767588
2025-11-16,12,12,01:50-02:00,17.574969334839693
2025-11-16,16,16,02:30-02:40,0.8689544876675654
2025-11-16,20,21,03:10-03:30,12.393730392627049
2025-11-16,28,28,04:30-04:40,2.95095829820184
2025-11-16,32,34,05:10-05:40,45.65971966048164
2025-11-16,36,36,05:50-06:00,17.367127526765557
2025-11-16,40,41,06:30-06:50,30.889721272065913
2025-11-16,54,54,08:50-09:00,3.3460400349051156
2025-11-16,60,60,09:50-10:00,37.920696231958686
2025-11-16,62,66,10:10-11:00,239.96810296913918
2025-11-16,68,70,11:10-11:40,94.27091401813198
2025-11-16,100,102,16:30-17:00,69.21172619319327
2025-11-16,107,108,17:40-18:00,44.72637261590046
2025-11-16,124,125,20:30-20:50,33.51951751052752
2025-11-16,129,129,21:20-21:30,4.752953296251462
2025-11-16,139,140,23:00-23:20,15.692626405260285
2025-11-16,144,144,23:50-24:00,20.555920515857338
2025-11-17,6,7,00:50-01:10,55.85748224672443
2025-11-17,12,12,01:50-02:00,17.84630099208323
2025-11-17,18,18,02:50-03:00,7.198834355260601
2025-11-17,28,28,04:30-04:40,4.789628852715737
2025-11-17,31,32,05:00-05:20,31.504313739119993
2025-11-17,57,58,09:20-09:40,68.46627092997147
2025-11-17,100,102,16:30-17:00,25.566746141409112
2025-11-17,117,117,19:20-19:30,0.25366542590165864
2025-11-17,124,124,20:30-20:40,5.839965522484135
2025-11-17,132,133,21:50-22:10,2.775124938431645
2025-11-17,139,139,23:00-23:10,7.201740046622604
2025-11-18,2,2,00:10-00:20,1.2914058231347099
2025-11-18,7,8,01:00-01:20,4.650465791551483
2025-11-18,13,13,02:00-02:10,0.6896754319176353
2025-11-18,20,20,03:10-03:20,21.853012316000104
2025-11-18,25,26,04:00-04:20,32.38961658770904
2025-11-18,28,29,04:30-04:50,16.499131082391045
2025-11-18,70,76,11:30-12:40,220.1575698960122
2025-11-18,78,78,12:50-13:00,14.379331002954688
2025-11-18,85,86,14:00-14:20,23.44687906514409
2025-11-18,89,89,14:40-14:50,28.177599573254327
2025-11-18,91,92,15:00-15:20,17.686068699526913
2025-11-18,97,98,16:00-16:20,26.925062359474964
2025-11-18,125,126,20:40-21:00,24.55784305133534
2025-11-18,132,132,21:50-22:00,6.808084793376111
2025-11-18,135,135,22:20-22:30,20.851145216475743
2025-11-18,138,138,22:50-23:00,28.06888747697053
2025-11-18,142,143,23:30-23:50,12.550521662154779
2025-11-19,5,6,00:40-01:00,39.79138666271865
2025-11-19,10,11,01:30-01:50,9.866457729400281
2025-11-19,15,15,02:20-02:30,9.05644429835695
2025-11-19,19,21,03:00-03:30,71.78019763126713
2025-11-19,24,24,03:50-04:00,15.797778085227378
2025-11-19,30,30,04:50-05:00,12.757312146335039
2025-11-19,35,36,05:40-06:00,78.29046678677742
2025-11-19,44,44,07:10-07:20,3.861224209012562
2025-11-19,56,59,09:10-09:50,82.43855105937692
2025-11-19,63,63,10:20-10:30,11.658715149440724
2025-11-19,68,69,11:10-11:30,22.915677581637055
2025-11-19,99,99,16:20-16:30,9.671123268099109
2025-11-19,115,115,19:00-19:10,13.444597635966943
2025-11-19,122,122,20:10-20:20,0.8373601277399985
2025-11-19,125,127,20:40-21:10,69.65280222397678
2025-11-19,137,138,22:40-23:00,7.389207283853352
2025-11-19,143,144,23:40-24:00,27.52223689301229
2025-11-20,1,1,00:00-00:10,6.552140380313176
2025-11-20,6,6,00:50-01:00,4.195623766285166
2025-11-20,10,10,01:30-01:40,3.2076940123703253
2025-11-20,13,13,02:00-02:10,7.818610000375884
2025-11-20,16,17,02:30-02:50,15.081189140782271
2025-11-20,22,23,03:30-03:50,17.343613296979697
2025-11-20,28,29,04:30-04:50,23.03886742969007
2025-11-20,34,34,05:30-05:40,10.010444216696897
2025-11-20,79,80,13:00-13:20,45.79250545476665
2025-11-20,83,83,13:40-13:50,0.3651043573684376
2025-11-20,93,93,15:20-15:30,1.7781191635629057
2025-11-20,102,102,16:50-17:00,27.30291476322077
2025-11-20,108,110,17:50-18:20,33.72345639358957
2025-11-20,114,114,18:50-19:00,1.1227071376468984
2025-11-20,116,116,19:10-19:20,5.882886420675732
2025-11-20,125,125,20:40-20:50,3.1430137752922978
2025-11-20,128,128,21:10-21:20,17.054480529862985
2025-11-20,136,136,22:30-22:40,5.232889669693122
2025-11-20,141,143,23:20-23:50,54.97084995458761
2025-11-21,10,11,01:30-01:50,15.103948999868635
2025-11-21,13,14,02:00-02:20,15.764192370236572
2025-11-21,16,18,02:30-03:00,51.22327091146849
2025-11-21,21,24,03:20-04:00,96.87771986165569
2025-11-21,28,29,04:30-04:50,11.413296869183853
2025-11-21,34,35,05:30-05:50,14.397546450602022
2025-11-21,44,46,07:10-07:40,23.798958080429998
2025-11-21,71,71,11:40-11:50,2.0104329922936586
2025-11-21,96,96,15:50-16:00,12.671484476340765
2025-11-21,107,108,17:40-18:00,14.283317845644603
2025-11-21,127,128,21:00-21:20,8.437728460377855
2025-11-21,130,131,21:30-21:50,29.447017601000027
2025-11-21,136,137,22:30-22:50,19.138668046429984
2025-11-21,142,142,23:30-23:40,15.290608130798546
2025-11-22,2,2,00:10-00:20,12.659129951309069
2025-11-22,4,5,00:30-00:50,11.07355357941816
2025-11-22,14,15,02:10-02:30,29.022394413738652
2025-11-22,18,18,02:50-03:00,19.13760653128702
2025-11-22,23,24,03:40-04:00,23.556776088959055
2025-11-22,30,30,04:50-05:00,9.229453543581997
2025-11-22,32,32,05:10-05:20,3.460043529223867
2025-11-22,36,36,05:50-06:00,1.3713438409130276
2025-11-22,41,41,06:40-06:50,3.199377320852875
2025-11-22,58,59,09:30-09:50,14.717675786482687
2025-11-22,98,98,16:10-16:20,6.775774549282801
2025-11-22,100,101,16:30-16:50,7.868347694245358
2025-11-22,106,106,17:30-17:40,3.1073645733461603
2025-11-22,112,113,18:30-18:50,15.399251952324619
2025-11-22,117,117,19:20-19:30,0.5677454270295925
2025-11-22,135,135,22:20-22:30,18.77569230796348
2025-11-22,139,139,23:00-23:10,3.995429202150717
2025-11-23,1,1,00:00-00:10,2.1356823924202217
2025-11-23,4,5,00:30-00:50,46.259899493354396
2025-11-23,18,18,02:50-03:00,8.82368601131725
2025-11-23,22,22,03:30-03:40,1.013238071621231
2025-11-23,26,27,04:10-04:30,14.840733512633278
2025-11-23,30,30,04:50-05:00,30.484962495065133
2025-11-23,33,35,05:20-05:50,52.0139755771437
2025-11-23,45,50,07:20-08:20,83.15683641180976
2025-11-23,58,66,09:30-11:00,299.1669989627766
2025-11-23,68,68,11:10-11:20,2.701245250314514
2025-11-23,109,111,18:00-18:30,34.90324798657741
2025-11-23,114,114,18:50-19:00,12.542055230334768
2025-11-23,127,128,21:00-21:20,48.43328870904001
2025-11-24,1,2,00:00-00:20,43.57316664692689
2025-11-24,9,9,01:20-01:30,5.952803843553625
2025-11-24,20,20,03:10-03:20,7.496849671009272
2025-11-24,33,33,05:20-05:30,20.746897618107823
2025-11-24,36,38,05:50-06:20,26.79668065014539
2025-11-24,80,81,13:10-13:30,22.087527107982893
2025-11-24,95,95,15:40-15:50,16.430249980260783
2025-11-24,105,106,17:20-17:40,7.316952476141182
2025-11-24,114,114,18:50-19:00,18.642132182571004
2025-11-24,119,123,19:40-20:30,41.95721917380661
2025-11-24,138,140,22:50-23:20,47.367487613355024
2025-11-24,143,144,23:40-24:00,13.989324496644144
2025-11-25,14,16,02:10-02:40,48.86353938018169
2025-11-25,23,26,03:40-04:20,25.524378375532365
2025-11-25,29,30,04:40-05:00,30.283105623243273
2025-11-25,38,38,06:10-06:20,2.9139517154511623
2025-11-25,46,47,07:30-07:50,33.434994400879305
2025-11-25,51,55,08:20-09:10,46.82053264414566
2025-11-25,67,69,11:00-11:30,51.93207713770448
2025-11-25,80,81,13:10-13:30,43.27092228736335
2025-11-25,105,106,17:20-17:40,14.813547156950449
2025-11-25,117,117,19:20-19:30,3.5280978053975787
2025-11-25,123,123,20:20-20:30,3.4894022885998766
2025-11-25,129,132,21:20-22:00,62.698164146598174
2025-11-25,141,142,23:20-23:40,28.584468807573558
2025-11-26,14,17,02:10-02:50,44.630072773673305
2025-11-26,37,38,06:00-06:20,60.19023864230246
2025-11-26,43,44,07:00-07:20,42.55561988973443
2025-11-26,51,51,08:20-08:30,22.24721689619639
2025-11-26,64,64,10:30-10:40,21.668740747956363
2025-11-26,68,68,11:10-11:20,4.767517696877576
2025-11-26,71,72,11:40-12:00,46.022563549714505
2025-11-26,79,80,13:00-13:20,17.223926610039634
2025-11-26,96,96,15:50-16:00,23.83661173125938
2025-11-26,122,122,20:10-20:20,0.6634960304926381
2025-11-26,139,141,23:00-23:30,36.258260052426635
2025-11-27,4,4,00:30-00:40,7.020896611395983
2025-11-27,10,10,01:30-01:40,7.060215488880203
2025-11-27,35,35,05:40-05:50,11.944686203408537
2025-11-27,39,39,06:20-06:30,19.863055065986146
2025-11-27,89,89,14:40-14:50,3.976401735991942
2025-11-27,92,95,15:10-15:50,152.2129290149553
2025-11-27,97,99,16:00-16:30,45.675551838553815
2025-11-27,107,107,17:40-17:50,0.9298583695222078
2025-11-27,111,111,18:20-18:30,15.81635017765484
2025-11-27,123,123,20:20-20:30,19.26292484520377
2025-11-27,133,133,22:00-22:10,7.435045407290318
2025-11-28,3,4,00:20-00:40,17.71466762731933
2025-11-28,8,8,01:10-01:20,5.285919537345194
2025-11-28,19,19,03:00-03:10,4.802533375632095
2025-11-28,25,27,04:00-04:30,46.28581655809961
2025-11-28,30,30,04:50-05:00,16.1400937549937
2025-11-28,36,36,05:50-06:00,2.5719865704251106
2025-11-28,47,48,07:40-08:00,31.508406368705124
2025-11-28,72,72,11:50-12:00,35.90674887105621
2025-11-28,91,92,15:00-15:20,12.374726234817949
2025-11-28,104,104,17:10-17:20,3.082021706803289
2025-11-28,111,111,18:20-18:30,27.091282399704767
2025-11-28,114,114,18:50-19:00,17.20964296215567
2025-11-28,117,119,19:20-19:50,73.99722762616801
2025-11-28,144,144,23:50-24:00,3.431760100013264
2025-11-29,12,12,01:50-02:00,13.103387598432846
2025-11-29,23,23,03:40-03:50,5.758452593562652
2025-11-29,27,27,04:20-04:30,50.59399855244101
2025-11-29,38,40,06:10-06:40,45.36349699337785
2025-11-29,44,45,07:10-07:30,16.200088636788678
2025-11-29,48,48,07:50-08:00,3.27889198414789
2025-11-29,65,66,10:40-11:00,68.76066519598345
2025-11-29,69,95,11:20-15:50,1672.8103753965072
2025-11-29,103,103,17:00-17:10,5.443557677534045
2025-11-29,106,106,17:30-17:40,2.1975764280335284
2025-11-29,120,120,19:50-20:00,10.814224708549546
2025-11-29,129,129,21:20-21:30,4.372382550335601
2025-11-29,133,133,22:00-22:10,7.42009318989335
2025-11-29,137,137,22:40-22:50,18.433508790630242
2025-11-29,142,143,23:30-23:50,69.33083429504364
2025-11-30,8,11,01:10-01:50,28.68564089306824
2025-11-30,23,24,03:40-04:00,33.95100518489255
2025-11-30,27,27,04:20-04:30,4.8420500817777565
2025-11-30,34,34,05:30-05:40,12.142710961968533
2025-11-30,37,38,06:00-06:20,49.100758675953784
2025-11-30,41,42,06:40-07:00,45.795044723871
2025-11-30,49,50,08:00-08:20,64.62449233148084
2025-11-30,55,56,09:00-09:20,48.31616420606815
2025-11-30,70,71,11:30-11:50,44.3004993523582
2025-11-30,73,74,12:00-12:20,98.47655496970651
2025-11-30,76,80,12:30-13:20,189.59534896972156
2025-11-30,83,84,13:40-14:00,35.99286567328684
2025-11-30,87,90,14:20-15:00,180.0828969186204
2025-11-30,93,94,15:20-15:40,36.55308725292639
2025-11-30,113,114,18:40-19:00,11.303190460428596
2025-11-30,116,117,19:10-19:30,9.417939046491142
2025-11-30,123,123,20:20-20:30,5.185076037965587
2025-11-30,129,130,21:20-21:40,15.5458062271161
2025-11-30,133,133,22:00-22:10,3.0285799973678422
2025-11-30,137,137,22:40-22:50,1.2870370772470778
2025-11-30,140,140,23:10-23:20,4.061425931983763
2025-12-01,1,5,00:00-00:50,138.39295361889685
2025-12-01,9,65,01:20-10:50,3889.019427226342
2025-12-01,78,84,12:50-14:00,489.69160941157145
2025-12-01,87,95,14:20-15:50,192.42175367659348
2025-12-01,99,99,16:20-16:30,0.716809455358316
2025-12-01,107,108,17:40-18:00,20.477373776624745
2025-12-01,122,123,20:10-20:30,16.56029825141468
2025-12-01,128,128,21:10-21:20,8.154084478220852
2025-12-01,133,134,22:00-22:20,13.9101495854718
2025-12-01,137,137,22:40-22:50,9.587492422581363
2025-12-01,143,144,23:40-24:00,71.88411535892897
2025-12-02,1,1,00:00-00:10,25.734115337544154
2025-12-02,3,4,00:20-00:40,57.0541921437034
2025-12-02,6,19,00:50-03:10,416.6484978344774
2025-12-02,21,71,03:20-11:50,3929.367067688919
2025-12-02,74,78,12:10-13:00,64.34337232866014
2025-12-02,82,83,13:30-13:50,83.21392856607918
2025-12-02,85,90,14:00-15:00,149.76040830958658
2025-12-02,92,98,15:10-16:20,68.53532073889335
2025-12-02,102,105,16:50-17:30,64.70681822080337
2025-12-02,109,110,18:00-18:20,23.314472635760012
2025-12-02,112,114,18:30-19:00,115.32540271041296
2025-12-02,117,120,19:20-20:00,69.52367791430038
2025-12-02,128,129,21:10-21:30,30.702386590340893
2025-12-02,131,132,21:40-22:00,8.160753866315986
2025-12-02,136,136,22:30-22:40,4.392032109370575
2025-12-02,139,140,23:00-23:20,19.691316520007604
2025-12-03,2,4,00:10-00:40,68.0388402816161
2025-12-03,7,16,01:00-02:40,294.13010193164473
2025-12-03,18,18,02:50-03:00,22.820605342808335
2025-12-03,20,36,03:10-06:00,683.7272483686812
2025-12-03,38,49,06:10-08:10,565.2308851947156
2025-12-03,51,51,08:20-08:30,1.0914783142702618
2025-12-03,53,55,08:40-09:10,82.15413989053309
2025-12-03,57,59,09:20-09:50,79.70825677531235
2025-12-03,69,78,11:20-13:00,632.831552677884
2025-12-03,81,83,13:20-13:50,170.80560045142573
2025-12-03,87,89,14:20-14:50,125.56387917890078
2025-12-03,99,100,16:20-16:40,67.87685444361057
2025-12-03,106,108,17:30-18:00,17.654596555298895
2025-12-03,111,111,18:20-18:30,0.17424108317811715
2025-12-03,116,116,19:10-19:20,10.15147546622677
2025-12-03,126,126,20:50-21:00,7.545132912225313
2025-12-03,130,132,21:30-22:00,36.55129217560352
2025-12-03,137,137,22:40-22:50,1.4696068215035893
2025-12-03,142,143,23:30-23:50,36.74665569118588
2025-12-04,1,1,00:00-00:10,17.009624575602174
2025-12-04,5,6,00:40-01:00,66.2836572838529
2025-12-04,9,10,01:20-01:40,41.84717900381645
2025-12-04,12,18,01:50-03:00,122.86851366368694
2025-12-04,20,29,03:10-04:50,397.5641324441915
2025-12-04,31,36,05:00-06:00,178.59978856365524
2025-12-04,38,44,06:10-07:20,299.31166914161633
2025-12-04,49,54,08:00-09:00,401.4961656560055
2025-12-04,57,62,09:20-10:20,259.1132350368537
2025-12-04,64,64,10:30-10:40,6.639670587630974
2025-12-04,67,68,11:00-11:20,13.901105512943104
2025-12-04,95,97,15:40-16:10,37.44041823182147
2025-12-04,100,101,16:30-16:50,43.25260310845442
2025-12-04,103,104,17:00-17:20,54.4058672814092
2025-12-04,107,108,17:40-18:00,52.05415015603569
2025-12-04,120,120,19:50-20:00,29.199849737136674
2025-12-04,124,125,20:30-20:50,55.88069277583543
2025-12-04,132,134,21:50-22:20,11.257483128889135
2025-12-04,138,138,22:50-23:00,37.62750659817175
2025-12-04,141,141,23:20-23:30,16.609826216560577
2025-12-05,3,3,00:20-00:30,20.091091590998985
2025-12-05,6,8,00:50-01:20,73.11043699875916
2025-12-05,11,12,01:40-02:00,26.910379687441036
2025-12-05,16,18,02:30-03:00,54.97127380973376
2025-12-05,23,23,03:40-03:50,0.39791233239100166
2025-12-05,26,27,04:10-04:30,63.3720191995983
2025-12-05,30,34,04:50-05:40,92.91646079465363
2025-12-05,38,38,06:10-06:20,1.9917521793281594
2025-12-05,41,42,06:40-07:00,89.76958350784514
2025-12-05,46,48,07:30-08:00,90.87130620341264
2025-12-05,51,53,08:20-08:50,59.74826814903395
2025-12-05,56,57,09:10-09:30,40.041494789325235
2025-12-05,81,81,13:20-13:30,9.817336393240083
2025-12-05,84,84,13:50-14:00,27.55055300336865
2025-12-05,86,88,14:10-14:40,76.7212820677772
2025-12-05,95,95,15:40-15:50,8.033233346627128
2025-12-05,103,106,17:00-17:40,68.57625378136146
2025-12-05,108,108,17:50-18:00,2.425108341496184
2025-12-05,112,113,18:30-18:50,32.92957402419023
2025-12-05,118,119,19:30-19:50,19.480799783582768
2025-12-05,130,132,21:30-22:00,43.103010198197936
2025-12-05,135,136,22:20-22:40,50.790617449664296
2025-12-05,141,142,23:20-23:40,60.27266321860952
2025-12-05,144,144,23:50-24:00,26.73080931701554
2025-12-06,1,3,00:00-00:30,39.33437527306205
2025-12-06,6,8,00:50-01:20,44.91865429379811
2025-12-06,10,10,01:30-01:40,13.43196695923325
2025-12-06,12,13,01:50-02:10,55.41634959399033
2025-12-06,17,17,02:40-02:50,11.043845305068317
2025-12-06,20,24,03:10-04:00,123.58465365476314
2025-12-06,28,30,04:30-05:00,94.71396143448169
2025-12-06,42,42,06:50-07:00,29.816998516164062
2025-12-06,46,46,07:30-07:40,11.532555157494869
2025-12-06,50,51,08:10-08:30,20.220646350160735
2025-12-06,54,54,08:50-09:00,4.966589145384148
2025-12-06,57,59,09:20-09:50,142.5729466322623
2025-12-06,64,72,10:30-12:00,674.2526200766561
2025-12-06,92,92,15:10-15:20,28.492259891590834
2025-12-06,97,98,16:00-16:20,49.27335270456018
2025-12-06,100,101,16:30-16:50,57.62440883480889
2025-12-06,108,108,17:50-18:00,40.89094158720536
2025-12-06,111,111,18:20-18:30,7.42853469911455
2025-12-06,115,117,19:00-19:30,58.342601740360635
2025-12-06,122,122,20:10-20:20,5.970015454571069
2025-12-06,127,128,21:00-21:20,62.0176070009212
2025-12-06,132,133,21:50-22:10,27.63791924777479
2025-12-06,136,136,22:30-22:40,0.615363159626213
2025-12-06,142,143,23:30-23:50,9.907598816514792
2025-12-07,3,6,00:20-01:00,69.77957123963677
2025-12-07,8,10,01:10-01:40,41.167789158818096
2025-12-07,13,16,02:00-02:40,42.478615871711895
2025-12-07,19,20,03:00-03:20,66.11821134547779
2025-12-07,28,29,04:30-04:50,11.66391270509007
2025-12-07,31,32,05:00-05:20,27.947144578861185
2025-12-07,36,36,05:50-06:00,14.519748651138002
2025-12-07,47,47,07:40-07:50,11.363475352959881
2025-12-07,65,65,10:40-10:50,17.5116991417666
2025-12-07,78,78,12:50-13:00,6.192714903442408
2025-12-07,89,89,14:40-14:50,6.512735336703486
2025-12-07,94,95,15:30-15:50,35.197864117595486
2025-12-07,100,101,16:30-16:50,8.709706843566778
2025-12-07,105,106,17:20-17:40,20.81575157579787
2025-12-07,109,110,18:00-18:20,12.744564386291472
2025-12-07,112,113,18:30-18:50,74.59354201492704
2025-12-07,116,117,19:10-19:30,29.89412882193176
2025-12-07,122,123,20:10-20:30,29.801761061135835
2025-12-07,126,126,20:50-21:00,13.805151993683353
2025-12-07,134,135,22:10-22:30,20.242536452164586
2025-12-07,139,142,23:00-23:40,33.30132507320047
2025-12-08,13,14,02:00-02:20,11.319394029806745
2025-12-08,34,34,05:30-05:40,7.089991037354594
2025-12-08,40,40,06:30-06:40,9.807639405560849
2025-12-08,67,68,11:00-11:20,17.793484315438036
2025-12-08,80,80,13:10-13:20,21.512461046801747
2025-12-08,82,83,13:30-13:50,29.44582069430504
2025-12-08,102,102,16:50-17:00,11.226460389525073
2025-12-08,124,125,20:30-20:50,53.08147767421474
2025-12-08,134,135,22:10-22:30,35.8677092801214
2025-12-09,3,3,00:20-00:30,0.4886886432425399
2025-12-09,5,6,00:40-01:00,11.221138419529098
2025-12-09,19,20,03:00-03:20,19.070727103660488
2025-12-09,33,33,05:20-05:30,11.191239636794307
2025-12-09,49,49,08:00-08:10,1.3437392034662707
2025-12-09,89,90,14:40-15:00,4.4615500840541245
2025-12-09,106,107,17:30-17:50,55.02441796565563
2025-12-09,110,111,18:10-18:30,13.65363976181095
2025-12-09,118,119,19:30-19:50,45.052903870574596
2025-12-09,122,123,20:10-20:30,19.69529940114137
2025-12-09,126,127,20:50-21:10,20.54024274246574
2025-12-09,136,137,22:30-22:50,19.49401718647175
2025-12-10,3,3,00:20-00:30,0.6693505724435909
2025-12-10,8,8,01:10-01:20,5.507127047261861
2025-12-10,38,38,06:10-06:20,13.388410764574132
2025-12-10,76,78,12:30-13:00,46.84299785968142
2025-12-10,95,96,15:40-16:00,24.02222020750378
2025-12-10,99,99,16:20-16:30,3.6812054819829427
2025-12-10,101,102,16:40-17:00,11.359534636952958
2025-12-10,105,106,17:20-17:40,10.650957911939486
2025-12-10,109,109,18:00-18:10,2.5834565271746897
2025-12-10,113,113,18:40-18:50,1.1738282897304089
2025-12-10,116,116,19:10-19:20,4.733925303611272
2025-12-10,132,132,21:50-22:00,7.773953350740385
2025-12-10,134,138,22:10-23:00,33.70843524415227
2025-12-11,1,1,00:00-00:10,16.958238985392654
2025-12-11,5,5,00:40-00:50,0.3873464140019678
2025-12-11,105,105,17:20-17:30,6.8960554020266045
2025-12-11,116,117,19:10-19:30,47.4688651556595
2025-12-11,121,121,20:00-20:10,6.514050581843435
2025-12-11,131,132,21:40-22:00,16.92302957626009
2025-12-11,134,135,22:10-22:30,55.3109847945218
2025-12-11,138,138,22:50-23:00,8.459525188640782
2025-12-12,9,10,01:20-01:40,11.360293115047966
2025-12-12,59,59,09:40-09:50,20.565220183704405
2025-12-12,67,68,11:00-11:20,8.45668451776669
2025-12-12,70,71,11:30-11:50,26.103155525162833
2025-12-12,73,76,12:00-12:40,132.2199002484383
2025-12-12,78,78,12:50-13:00,50.73036983970931
2025-12-12,102,102,16:50-17:00,10.13245953414912
2025-12-12,109,110,18:00-18:20,35.293386548511876
2025-12-12,121,122,20:00-20:20,51.10728573637505
2025-12-12,125,127,20:40-21:10,28.84385743668373
2025-12-12,133,134,22:00-22:20,55.01601444080961
2025-12-12,138,138,22:50-23:00,3.463010241009215
2025-12-13,4,5,00:30-00:50,23.263131300170926
2025-12-13,8,8,01:10-01:20,1.0682345924275296
2025-12-13,37,37,06:00-06:10,6.5971553785273045
2025-12-13,102,102,16:50-17:00,9.351117910251048
2025-12-13,109,110,18:00-18:20,67.52755344077218
2025-12-13,126,126,20:50-21:00,2.565091810423894
2025-12-13,130,130,21:30-21:40,11.53307706277144
2025-12-14,62,63,10:10-10:30,43.391435613003864
2025-12-14,66,66,10:50-11:00,69.09521295095237
2025-12-14,95,95,15:40-15:50,11.948491829752015
2025-12-14,104,105,17:10-17:30,12.465266992366969
2025-12-14,120,121,19:50-20:10,38.93192618515934
2025-12-14,131,131,21:40-21:50,2.77701125806027
2025-12-15,67,68,11:00-11:20,71.84259082962035
2025-12-15,105,106,17:20-17:40,40.235219268512765
2025-12-15,136,136,22:30-22:40,9.581602112119981
2025-12-16,109,109,18:00-18:10,0.3077287143044032
2025-12-16,115,115,19:00-19:10,0.69217171244361
2025-12-16,133,133,22:00-22:10,2.1245655086195256
2025-12-16,139,140,23:00-23:20,17.09755856691629
2025-12-16,144,144,23:50-24:00,19.770565863929505
2025-12-17,34,34,05:30-05:40,0.5205962530458237
2025-12-17,41,41,06:40-06:50,5.580185855333843
2025-12-17,102,102,16:50-17:00,1.7514554546648924
2025-12-17,111,112,18:20-18:40,30.753286439005137
2025-12-17,128,129,21:10-21:30,50.27757780300044
2025-12-18,4,4,00:30-00:40,12.589322864851056
2025-12-18,11,12,01:40-02:00,49.16418233978163
2025-12-18,18,19,02:50-03:10,16.622908322523813
2025-12-18,27,27,04:20-04:30,2.267957026770432
2025-12-18,118,118,19:30-19:40,4.39720478822403
2025-12-18,126,127,20:50-21:10,9.531260048314607
2025-12-18,133,133,22:00-22:10,6.575618252401682
2025-12-18,137,137,22:40-22:50,7.469707632592872
2025-12-19,5,5,00:40-00:50,8.191534254506905
2025-12-19,12,12,01:50-02:00,0.6707968153704087
2025-12-19,90,90,14:50-15:00,68.9554460995021
2025-12-19,93,93,15:20-15:30,6.709765425465292
2025-12-19,101,101,16:40-16:50,0.7883357152256849
2025-12-19,108,108,17:50-18:00,1.4618461163828442
2025-12-19,112,113,18:30-18:50,27.716241335193104
2025-12-19,123,124,20:20-20:40,42.44464315346937
2025-12-19,128,129,21:10-21:30,33.56924051190941
2025-12-19,136,136,22:30-22:40,0.48994821687074364
2025-12-19,139,139,23:00-23:10,7.114792076672961
2025-12-19,143,143,23:40-23:50,12.66992802183779
2025-12-20,11,11,01:40-01:50,9.659370936965558
2025-12-20,54,54,08:50-09:00,9.14046011808648
2025-12-20,104,105,17:10-17:30,14.086712640203984
2025-12-20,115,115,19:00-19:10,4.2992957203017
2025-12-20,119,119,19:40-19:50,8.64471198042969
2025-12-20,131,131,21:40-21:50,7.57179586993351
2025-12-20,137,137,22:40-22:50,2.803684274246507
2025-12-21,7,8,01:00-01:20,24.421075242983193
2025-12-21,19,19,03:00-03:10,4.882301296222977
2025-12-21,22,23,03:30-03:50,77.8823043755757
2025-12-21,63,70,10:20-11:40,162.0444744970764
2025-12-21,92,93,15:10-15:30,12.499971394732484
2025-12-21,113,114,18:40-19:00,17.16768458274015
2025-12-21,119,120,19:40-20:00,54.482201930704946
2025-12-22,1,2,00:00-00:20,26.301737985261298
2025-12-22,7,8,01:00-01:20,12.317652525708468
2025-12-22,15,15,02:20-02:30,16.43164317908372
2025-12-22,21,21,03:20-03:30,2.8436151902035363
2025-12-22,103,104,17:00-17:20,9.26809476810854
2025-12-22,108,108,17:50-18:00,29.24596394262403
2025-12-22,115,120,19:00-20:00,40.696135057861625
2025-12-22,126,129,20:50-21:30,33.194948871257566
2025-12-22,143,143,23:40-23:50,1.45970114488739
2025-12-23,7,7,01:00-01:10,4.086066583009142
2025-12-23,107,107,17:40-17:50,9.149580472994558
2025-12-23,122,122,20:10-20:20,10.47341437689181
2025-12-23,130,131,21:30-21:50,10.932467707040814
2025-12-23,135,135,22:20-22:30,3.938611001447498
2025-12-23,141,141,23:20-23:30,5.302659090481939
2025-12-24,1,2,00:00-00:20,23.318459251217746
2025-12-24,24,24,03:50-04:00,8.513995262534536
2025-12-24,60,60,09:50-10:00,0.44172798880453
2025-12-24,80,80,13:10-13:20,9.228420617475479
2025-12-24,82,83,13:30-13:50,16.0969107250952
2025-12-24,97,98,16:00-16:20,14.4462224926217
2025-12-24,102,103,16:50-17:10,24.770409895098965
2025-12-24,108,108,17:50-18:00,23.6897598368206
2025-12-24,113,114,18:40-19:00,37.815545329683914
2025-12-24,118,123,19:30-20:30,46.04181584295611
2025-12-24,137,137,22:40-22:50,4.758811001447498
2025-12-25,7,8,01:00-01:20,61.09052941928451
2025-12-25,13,13,02:00-02:10,16.066180106404886
2025-12-25,16,16,02:30-02:40,1.0090657953113578
2025-12-25,24,24,03:50-04:00,5.651116446683432
2025-12-25,29,30,04:40-05:00,39.81873636868352
2025-12-25,37,37,06:00-06:10,10.285534371504127
2025-12-25,73,74,12:00-12:20,67.83746211711195
2025-12-25,107,108,17:40-18:00,20.38891239072791
2025-12-25,115,115,19:00-19:10,9.067389038031592
2025-12-25,118,120,19:30-20:00,53.37750272877213
2025-12-25,141,143,23:20-23:50,39.16429957207856
2025-12-26,2,2,00:10-00:20,17.023484399262998
2025-12-26,14,14,02:10-02:20,10.335324364108203
2025-12-26,21,21,03:20-03:30,25.25251348861707
2025-12-26,50,50,08:10-08:20,0.48094724878194484
2025-12-26,75,77,12:20-12:50,59.51900769392614
2025-12-26,87,90,14:20-15:00,91.57210324533472
2025-12-26,97,98,16:00-16:20,43.15251205841406
2025-12-26,109,110,18:00-18:20,13.310260515951256
2025-12-26,136,136,22:30-22:40,3.489767162737735
2025-12-26,140,140,23:10-23:20,1.4196980716448024
2025-12-27,7,7,01:00-01:10,3.5200425234523323
2025-12-27,21,22,03:20-03:40,41.36742684563751
2025-12-27,74,74,12:10-12:20,9.817293724738192
2025-12-27,83,84,13:40-14:00,20.752258581606085
2025-12-27,92,92,15:10-15:20,5.3737459990538525
2025-12-27,102,102,16:50-17:00,8.187593104355756
2025-12-27,105,105,17:20-17:30,10.420501440509042
2025-12-27,108,108,17:50-18:00,33.76427164184122
2025-12-27,112,113,18:30-18:50,47.46301821374516
2025-12-27,123,124,20:20-20:40,7.8082325945143225
2025-12-27,135,136,22:20-22:40,40.12550652059463
2025-12-28,1,4,00:00-00:40,31.834484215027942
2025-12-28,18,18,02:50-03:00,1.5165844190025837
2025-12-28,25,25,04:00-04:10,8.10282769161347
2025-12-28,29,30,04:40-05:00,7.9697387048696555
2025-12-28,45,45,07:20-07:30,0.09072743989499976
2025-12-28,48,48,07:50-08:00,8.881659757862963
2025-12-28,70,70,11:30-11:40,8.927767220311353
2025-12-28,98,98,16:10-16:20,0.6708355582502463
2025-12-28,106,108,17:30-18:00,43.992611180454105
2025-12-28,111,111,18:20-18:30,21.510605137189145
2025-12-28,123,123,20:20-20:30,19.07136499398416
2025-12-29,18,18,02:50-03:00,16.211542308198432
2025-12-29,30,30,04:50-05:00,6.717368244382442
2025-12-29,74,74,12:10-12:20,1.7556399178462243
2025-12-29,78,78,12:50-13:00,11.082391762074053
2025-12-29,87,87,14:20-14:30,3.801865301909288
2025-12-29,98,99,16:10-16:30,47.62991678092976
2025-12-29,102,102,16:50-17:00,12.288853138570857
2025-12-29,117,117,19:20-19:30,7.2784102583988215
2025-12-29,120,121,19:50-20:10,7.788591315293161
2025-12-29,126,126,20:50-21:00,1.581360705356019
2025-12-29,129,129,21:20-21:30,13.395779707856263
2025-12-29,136,136,22:30-22:40,10.493748855112472
2025-12-29,144,144,23:50-24:00,18.130202658244457
2025-12-30,55,56,09:00-09:20,36.59300852591025
2025-12-30,96,96,15:50-16:00,7.056958175887985
2025-12-30,100,100,16:30-16:40,3.1837194314557564
2025-12-30,120,120,19:50-20:00,3.4382329346377674
2025-12-30,130,130,21:30-21:40,2.0371873996579097
2025-12-30,134,134,22:10-22:20,8.591494162765798
2025-12-31,10,11,01:30-01:50,34.84102977365467
2025-12-31,18,18,02:50-03:00,13.667511514673038
2025-12-31,30,30,04:50-05:00,10.868107645742839
2025-12-31,53,53,08:40-08:50,7.40514733660666
2025-12-31,59,66,09:40-11:00,290.6536395391297
2025-12-31,69,69,11:20-11:30,28.74061095914908
2025-12-31,82,82,13:30-13:40,2.9167541769433
2025-12-31,89,89,14:40-14:50,20.05000332452363
2025-12-31,95,95,15:40-15:50,1.480298161451742
2025-12-31,97,97,16:00-16:10,5.809241024738481
2025-12-31,110,111,18:10-18:30,13.985025313480833
2025-12-31,116,118,19:10-19:40,29.219356171042705
2025-12-31,121,121,20:00-20:10,11.19015200026331
2025-12-31,125,125,20:40-20:50,2.093324772996425
2025-12-31,127,128,21:00-21:20,24.39014552572712
2025-12-31,132,133,21:50-22:10,25.467200528265266
2025-12-31,143,144,23:40-24:00,55.22353435929872
