date,start_slot,end_slot,interval_label,emergency_kwh
2025-02-01,36,43,05:50-07:10,1697.3178621428574
2025-02-01,47,55,07:40-09:10,1247.600946190476
2025-02-01,108,111,17:50-18:30,213.77538115079375
2025-02-01,113,124,18:40-20:40,2040.0038531746034
2025-02-02,37,37,06:00-06:10,232.12969571428584
2025-02-02,48,57,07:50-09:30,3342.538963714641
2025-02-02,60,61,09:50-10:10,433.1224500000002
2025-02-02,64,64,10:30-10:40,126.60865000000001
2025-02-02,84,89,13:50-14:50,1233.7237484126988
2025-02-02,105,105,17:20-17:30,45.957301511905825
2025-02-02,110,124,18:10-20:40,1947.3406993253973
2025-02-03,37,37,06:00-06:10,63.18829535714315
2025-02-03,48,57,07:50-09:30,1142.891353928574
2025-02-03,60,61,09:50-10:10,252.31956468253972
2025-02-03,64,64,10:30-10:40,157.83169321428574
2025-02-03,84,89,13:50-14:50,921.7622661507937
2025-02-03,104,105,17:10-17:30,102.6094878888888
2025-02-03,108,111,17:50-18:30,97.2294334749902
2025-02-03,114,124,18:50-20:40,716.4987730753974
2025-02-03,143,143,23:40-23:50,8.953214523809493
2025-02-04,3,3,00:20-00:30,10.245972222222235
2025-02-04,37,37,06:00-06:10,86.146345
2025-02-04,48,57,07:50-09:30,911.5154601785725
2025-02-04,60,61,09:50-10:10,225.67988444444535
2025-02-04,64,64,10:30-10:40,106.63849734126954
2025-02-04,79,79,13:00-13:10,12.042340476190248
2025-02-04,84,89,13:50-14:50,737.8833266666663
2025-02-04,104,105,17:10-17:30,31.708286299749023
2025-02-04,108,109,17:50-18:10,56.25480863095239
2025-02-04,111,111,18:20-18:30,7.127500000000055
2025-02-04,114,120,18:50-20:00,385.4913306944443
2025-02-04,123,124,20:20-20:40,109.11206138888895
2025-02-05,37,37,06:00-06:10,91.3473866666667
2025-02-05,43,43,07:00-07:10,0.36374456349197715
2025-02-05,48,57,07:50-09:30,899.5240000595253
2025-02-05,60,61,09:50-10:10,228.24188182539746
2025-02-05,64,64,10:30-10:40,50.91608996031748
2025-02-05,84,89,13:50-14:50,753.6428433333333
2025-02-05,105,105,17:20-17:30,60.313729297619034
2025-02-05,108,110,17:50-18:20,73.9604861787192
2025-02-05,113,124,18:40-20:40,474.8072312500003
2025-02-06,6,6,00:50-01:00,13.141714285714215
2025-02-06,37,37,06:00-06:10,46.27184999999986
2025-02-06,48,57,07:50-09:30,807.9237319642867
2025-02-06,60,62,09:50-10:20,334.0363975396853
2025-02-06,64,64,10:30-10:40,37.693977103174504
2025-02-06,84,89,13:50-14:50,754.7665154761899
2025-02-06,104,105,17:10-17:30,58.17638742857168
2025-02-06,108,109,17:50-18:10,30.608304886906694
2025-02-06,114,124,18:50-20:40,546.7120117499994
2025-02-07,35,57,05:40-09:30,1593.6121790793663
2025-02-07,99,99,16:20-16:30,16.18863095238069
2025-02-07,108,125,17:50-20:50,842.325528285714
2025-02-08,35,52,05:40-08:40,1105.064507162699
2025-02-08,97,98,16:00-16:20,19.449724642857063
2025-02-08,101,102,16:40-17:00,38.438257569077265
2025-02-08,105,105,17:20-17:30,1.545950715755339
2025-02-08,108,124,17:50-20:40,834.0962326507931
2025-02-09,25,25,04:00-04:10,12.35662083333284
2025-02-09,28,29,04:30-04:50,19.276168015872713
2025-02-09,37,37,06:00-06:10,55.33398440476185
2025-02-09,48,66,07:50-11:00,1915.8086565396814
2025-02-09,78,80,12:50-13:20,242.8447687301591
2025-02-09,83,89,13:40-14:50,961.7453068214288
2025-02-09,108,125,17:50-20:50,615.9183145714281
2025-02-09,130,130,21:30-21:40,2.747166666666658
2025-02-10,15,15,02:20-02:30,0.9633060317459012
2025-02-10,35,37,05:40-06:10,42.95642908730122
2025-02-10,48,57,07:50-09:30,738.7365991031754
2025-02-10,59,64,09:40-10:40,449.5589744642835
2025-02-10,83,89,13:40-14:50,802.6256290476185
2025-02-10,108,108,17:50-18:00,17.402833333333433
2025-02-10,112,114,18:30-19:00,106.14682904761938
2025-02-10,116,125,19:10-20:50,402.72147561111103
2025-02-10,129,130,21:20-21:40,16.688541111110908
2025-02-11,37,37,06:00-06:10,98.53533400000015
2025-02-11,48,64,07:50-10:40,1435.1129764087304
2025-02-11,83,89,13:40-14:50,626.721833849206
2025-02-11,108,126,17:50-21:00,478.88728277396444
2025-02-11,129,130,21:20-21:40,23.465332043090257
2025-02-12,4,4,00:30-00:40,5.158195000000205
2025-02-12,14,14,02:10-02:20,8.739035555555574
2025-02-12,16,16,02:30-02:40,0.0797266666664882
2025-02-12,25,25,04:00-04:10,0.5907708333331811
2025-02-12,29,29,04:40-04:50,20.726428333333274
2025-02-12,37,39,06:00-06:30,116.00022765079416
2025-02-12,42,42,06:50-07:00,13.285928571428613
2025-02-12,48,64,07:50-10:40,1455.4549746825414
2025-02-12,81,89,13:20-14:50,804.7971078531746
2025-02-12,94,95,15:30-15:50,23.852216746031615
2025-02-12,98,98,16:10-16:20,13.4186865079364
2025-02-12,108,125,17:50-20:50,563.639750753967
2025-02-12,129,130,21:20-21:40,43.75331333333361
2025-02-12,136,136,22:30-22:40,7.842249166666534
2025-02-12,139,139,23:00-23:10,10.001522619047591
2025-02-13,1,2,00:00-00:20,25.68289833333324
2025-02-13,4,4,00:30-00:40,10.005552500000249
2025-02-13,10,10,01:30-01:40,3.5799816666668676
2025-02-13,14,16,02:10-02:40,30.083310555555613
2025-02-13,19,20,03:00-03:20,70.37276250000002
2025-02-13,22,23,03:30-03:50,38.33928055555555
2025-02-13,30,30,04:50-05:00,20.99977777777758
2025-02-13,35,39,05:40-06:30,66.81937709523822
2025-02-13,48,60,07:50-10:00,1031.4713645357149
2025-02-13,63,63,10:20-10:30,9.030909047618707
2025-02-13,83,89,13:40-14:50,522.5777518253973
2025-02-13,107,124,17:40-20:40,462.6795290119053
2025-02-13,129,130,21:20-21:40,18.42175072222244
2025-02-13,140,140,23:10-23:20,0.9538965555557297
2025-02-14,1,1,00:00-00:10,19.868425000000002
2025-02-14,4,5,00:30-00:50,18.475749166666674
2025-02-14,9,9,01:20-01:30,11.79616666666658
2025-02-14,12,23,01:50-03:50,339.438015055555
2025-02-14,27,27,04:20-04:30,17.989777777777817
2025-02-14,32,51,05:10-08:30,1049.1062113492067
2025-02-14,54,54,08:50-09:00,35.59109666666677
2025-02-14,58,58,09:30-09:40,6.358829523809732
2025-02-14,61,61,10:00-10:10,3.18430375000014
2025-02-14,64,64,10:30-10:40,21.932978531745675
2025-02-14,68,68,11:10-11:20,7.7040310119043625
2025-02-14,75,75,12:20-12:30,4.641530793650645
2025-02-14,96,98,15:50-16:20,58.11572975674653
2025-02-14,101,130,16:40-21:40,787.0152309496025
2025-02-14,133,133,22:00-22:10,4.350095833333398
2025-02-14,136,136,22:30-22:40,18.333809722221986
2025-02-14,139,140,23:00-23:20,20.842043999999987
2025-02-15,1,1,00:00-00:10,18.239445555555506
2025-02-15,4,5,00:30-00:50,36.84953999999988
2025-02-15,7,7,01:00-01:10,9.025634444444393
2025-02-15,9,9,01:20-01:30,26.573166666666566
2025-02-15,12,18,01:50-03:00,245.1187879999997
2025-02-15,22,24,03:30-04:00,73.53731749999969
2025-02-15,29,30,04:40-05:00,99.58862534920638
2025-02-15,32,32,05:10-05:20,64.3055348095238
2025-02-15,35,50,05:40-08:20,980.311049666667
2025-02-15,52,52,08:30-08:40,0.7624273333332212
2025-02-15,56,56,09:10-09:20,7.039762698412687
2025-02-15,61,61,10:00-10:10,37.24445470238129
2025-02-15,67,68,11:00-11:20,15.410842738095425
2025-02-15,93,93,15:20-15:30,34.05000000000007
2025-02-15,95,97,15:40-16:10,119.1618957419767
2025-02-15,100,119,16:30-19:50,618.5218407540586
2025-02-15,121,125,20:00-20:50,149.39494150000002
2025-02-15,127,130,21:00-21:40,102.18565708333324
2025-02-15,134,135,22:10-22:30,9.798004722222174
2025-02-15,139,139,23:00-23:10,17.321874166666703
2025-02-16,4,5,00:30-00:50,40.64335953522561
2025-02-16,9,10,01:20-01:40,20.936334999999985
2025-02-16,15,17,02:20-02:50,23.62137074255179
2025-02-16,22,23,03:30-03:50,36.10828527777767
2025-02-16,29,30,04:40-05:00,75.03141777777785
2025-02-16,35,37,05:40-06:10,123.81168011904765
2025-02-16,39,43,06:20-07:10,121.18852563888635
2025-02-16,46,65,07:30-10:50,2094.5460594325405
2025-02-16,83,89,13:40-14:50,685.1451118571431
2025-02-16,101,103,16:40-17:10,44.85377297619079
2025-02-16,106,108,17:30-18:00,53.1236951793055
2025-02-16,110,124,18:10-20:40,491.1332948055561
2025-02-16,127,127,21:00-21:10,22.461884333333387
2025-02-16,129,131,21:20-21:50,36.551716203944125
2025-02-16,137,137,22:40-22:50,2.3067201388887497
2025-02-16,141,142,23:20-23:40,47.01715722222207
2025-02-17,2,2,00:10-00:20,5.102425000000039
2025-02-17,4,5,00:30-00:50,11.347089722221881
2025-02-17,10,11,01:30-01:50,31.47470902777752
2025-02-17,13,14,02:00-02:20,85.35503111111097
2025-02-17,19,22,03:00-03:40,21.930686388888716
2025-02-17,26,26,04:10-04:20,1.3707262499999615
2025-02-17,35,37,05:40-06:10,112.17510249999998
2025-02-17,39,41,06:20-06:50,68.33016379364985
2025-02-17,48,64,07:50-10:40,1536.774312619048
2025-02-17,85,89,14:00-14:50,436.62422395238127
2025-02-17,102,103,16:50-17:10,20.34645555555541
2025-02-17,110,125,18:10-20:50,503.37273448809566
2025-02-17,129,130,21:20-21:40,33.038126161111336
2025-02-17,134,134,22:10-22:20,0.39657583333337243
2025-02-17,138,139,22:50-23:10,13.908828888889275
2025-02-18,5,5,00:40-00:50,4.691961249999963
2025-02-18,8,9,01:10-01:30,10.466603055555879
2025-02-18,12,12,01:50-02:00,2.922410000000127
2025-02-18,14,16,02:10-02:40,22.945119305555295
2025-02-18,19,20,03:00-03:20,44.56723875000023
2025-02-18,23,25,03:40-04:10,62.97137800000007
2025-02-18,29,30,04:40-05:00,71.9366344444444
2025-02-18,35,37,05:40-06:10,121.9383567857144
2025-02-18,39,39,06:20-06:30,44.91553333333343
2025-02-18,48,60,07:50-10:00,1302.0611224642846
2025-02-18,62,64,10:10-10:40,160.73692523809518
2025-02-18,78,78,12:50-13:00,27.367083333333312
2025-02-18,81,89,13:20-14:50,768.5158773452383
2025-02-18,101,102,16:40-17:00,12.842293333333515
2025-02-18,105,125,17:20-20:50,593.3406650602572
2025-02-18,127,127,21:00-21:10,15.956985666666696
2025-02-18,130,130,21:30-21:40,7.982676666666862
2025-02-18,133,133,22:00-22:10,11.844191666666802
2025-02-18,137,138,22:40-23:00,16.33215458333325
2025-02-18,141,141,23:20-23:30,13.058954444444453
2025-02-18,144,144,23:50-24:00,7.698660000000018
2025-02-19,4,5,00:30-00:50,12.8084720833333
2025-02-19,8,9,01:10-01:30,34.9920291666665
2025-02-19,11,19,01:40-03:10,180.71639649999986
2025-02-19,21,22,03:20-03:40,41.10989305555563
2025-02-19,29,31,04:40-05:10,99.96077682539706
2025-02-19,36,39,05:50-06:30,281.1286895447797
2025-02-19,42,43,06:50-07:10,72.96702380952381
2025-02-19,46,64,07:30-10:40,1833.059760932538
2025-02-19,81,89,13:20-14:50,683.9269754404766
2025-02-19,92,93,15:10-15:30,31.18436678571436
2025-02-19,97,97,16:00-16:10,29.001807976190378
2025-02-19,101,101,16:40-16:50,0.1982667857141962
2025-02-19,108,131,17:50-21:50,677.8284771579953
2025-02-19,135,135,22:20-22:30,2.664411111110894
2025-02-19,141,142,23:20-23:40,67.48737611111096
2025-02-20,1,3,00:00-00:30,63.48419333333334
2025-02-20,5,5,00:40-00:50,3.8361941666667008
2025-02-20,7,7,01:00-01:10,6.346444166666515
2025-02-20,14,16,02:10-02:40,35.369408611111
2025-02-20,22,23,03:30-03:50,84.35781150000014
2025-02-20,25,25,04:00-04:10,25.58699333333334
2025-02-20,29,30,04:40-05:00,54.382557777777606
2025-02-20,35,38,05:40-06:20,194.66912065476197
2025-02-20,40,41,06:30-06:50,40.330854107142734
2025-02-20,43,45,07:00-07:30,42.42665629761893
2025-02-20,47,64,07:40-10:40,2030.0357577341265
2025-02-20,72,72,11:50-12:00,14.679746825396478
2025-02-20,87,89,14:20-14:50,264.3813706666669
2025-02-20,103,104,17:00-17:20,51.978654047619166
2025-02-20,107,128,17:40-21:20,594.4796665339429
2025-02-20,137,138,22:40-23:00,41.739507583333534
2025-02-20,144,144,23:50-24:00,23.932110000000193
2025-02-21,1,2,00:00-00:20,33.51818555555553
2025-02-21,4,9,00:30-01:30,149.66169361111088
2025-02-21,12,18,01:50-03:00,226.63838788888887
2025-02-21,20,21,03:10-03:30,38.33551222222235
2025-02-21,23,27,03:40-04:30,111.02853344444412
2025-02-21,29,30,04:40-05:00,78.16345661904751
2025-02-21,32,51,05:10-08:30,1158.9610482658738
2025-02-21,54,54,08:50-09:00,14.140719523809707
2025-02-21,59,59,09:40-09:50,3.688624845238337
2025-02-21,64,64,10:30-10:40,7.059945357143079
2025-02-21,96,96,15:50-16:00,3.6471706349206556
2025-02-21,101,103,16:40-17:10,43.44721719986556
2025-02-21,106,111,17:30-18:30,218.57460663492085
2025-02-21,113,114,18:40-19:00,104.29329311111104
2025-02-21,116,118,19:10-19:40,158.6555091666669
2025-02-21,120,128,19:50-21:20,282.4253135216049
2025-02-21,131,132,21:40-22:00,29.844880833333207
2025-02-21,136,136,22:30-22:40,13.378983888888797
2025-02-21,139,139,23:00-23:10,3.6227366666664693
2025-02-21,142,143,23:30-23:50,38.60316550000016
2025-02-22,3,9,00:20-01:30,146.8680902777777
2025-02-22,11,27,01:40-04:30,533.674293861111
2025-02-22,29,33,04:40-05:30,235.39534192460292
2025-02-22,35,50,05:40-08:20,1113.5858929285719
2025-02-22,53,56,08:40-09:20,61.438457523809234
2025-02-22,61,61,10:00-10:10,11.027165178571522
2025-02-22,69,69,11:20-11:30,77.81642261904767
2025-02-22,94,97,15:30-16:10,164.8390389819702
2025-02-22,99,101,16:20-16:50,37.205027738094884
2025-02-22,103,108,17:00-18:00,233.49039625996107
2025-02-22,111,125,18:20-20:50,571.9378069246035
2025-02-22,128,131,21:10-21:50,100.91645463888864
2025-02-22,137,138,22:40-23:00,49.832838333333484
2025-02-22,141,142,23:20-23:40,8.350057444444474
2025-02-23,1,4,00:00-00:40,100.25616333333369
2025-02-23,7,11,01:00-01:50,95.40516505555547
2025-02-23,13,13,02:00-02:10,6.89277222222222
2025-02-23,15,16,02:20-02:40,9.19108266916021
2025-02-23,19,20,03:00-03:20,39.48686666666674
2025-02-23,24,24,03:50-04:00,9.714555555555535
2025-02-23,28,29,04:30-04:50,82.1832736190479
2025-02-23,31,33,05:00-05:30,128.37785249559366
2025-02-23,36,41,05:50-06:50,270.04752108333327
2025-02-23,45,64,07:20-10:40,2065.4260715476175
2025-02-23,67,67,11:00-11:10,5.338572095238078
2025-02-23,73,73,12:00-12:10,18.03366259523864
2025-02-23,83,89,13:40-14:50,520.7720688095237
2025-02-23,93,94,15:20-15:40,30.69146821428535
2025-02-23,102,102,16:50-17:00,2.1520717225161263
2025-02-23,108,125,17:50-20:50,537.2614625476198
2025-02-23,127,131,21:00-21:50,138.2219205833337
2025-02-23,134,134,22:10-22:20,10.317598000000203
2025-02-23,138,138,22:50-23:00,33.07234333333372
2025-02-23,141,141,23:20-23:30,20.384124444444296
2025-02-24,1,5,00:00-00:50,99.13908047222219
2025-02-24,7,9,01:00-01:30,60.58345094444417
2025-02-24,13,13,02:00-02:10,16.618792222222282
2025-02-24,16,20,02:30-03:20,66.3434328611113
2025-02-24,22,25,03:30-04:10,19.846105999999963
2025-02-24,29,31,04:40-05:10,64.18449607142892
2025-02-24,35,38,05:40-06:20,204.62405905952386
2025-02-24,40,41,06:30-06:50,90.34822918650788
2025-02-24,45,61,07:20-10:10,1353.4046928571418
2025-02-24,66,66,10:50-11:00,8.393726428571654
2025-02-24,85,89,14:00-14:50,416.77778971428563
2025-02-24,94,96,15:30-16:00,102.3003259925531
2025-02-24,98,126,16:10-21:00,746.5266711286675
2025-02-24,129,131,21:20-21:50,73.16432624999959
2025-02-24,133,133,22:00-22:10,1.2490809999999328
2025-02-24,137,137,22:40-22:50,7.578445000000102
2025-02-24,140,141,23:10-23:30,8.693244222221892
2025-02-24,144,144,23:50-24:00,5.112473333333583
2025-02-25,1,2,00:00-00:20,75.8342155555556
2025-02-25,4,8,00:30-01:20,127.73948383333322
2025-02-25,10,10,01:30-01:40,8.738563333333445
2025-02-25,13,21,02:00-03:30,239.3604200833331
2025-02-25,25,25,04:00-04:10,24.048503166666706
2025-02-25,29,32,04:40-05:20,74.92218902380965
2025-02-25,35,40,05:40-06:40,291.0773821547619
2025-02-25,42,43,06:50-07:10,57.52474345238119
2025-02-25,47,59,07:40-09:50,1103.7478265595234
2025-02-25,86,89,14:10-14:50,316.2600672857144
2025-02-25,102,102,16:50-17:00,5.013226190476445
2025-02-25,107,114,17:40-19:00,262.38641375000014
2025-02-25,117,125,19:20-20:50,310.38383003968204
2025-02-25,127,130,21:00-21:40,105.78817783641932
2025-02-25,132,133,21:50-22:10,15.434137333333183
2025-02-25,136,136,22:30-22:40,5.651159166666275
2025-02-25,139,141,23:00-23:30,41.61089933333278
2025-02-26,1,2,00:00-00:20,47.91581777777776
2025-02-26,4,5,00:30-00:50,11.518058250000195
2025-02-26,7,11,01:00-01:50,112.4618324999999
2025-02-26,13,16,02:00-02:40,102.88739363888862
2025-02-26,19,21,03:00-03:30,104.27874833333328
2025-02-26,25,32,04:00-05:20,129.83819320238143
2025-02-26,35,42,05:40-07:00,378.73966548809517
2025-02-26,45,60,07:20-10:00,1263.6174944484123
2025-02-26,66,66,10:50-11:00,35.09715595238117
2025-02-26,83,89,13:40-14:50,592.8928387142862
2025-02-26,92,93,15:10-15:30,67.69555476190465
2025-02-26,96,99,15:50-16:30,177.73630909697016
2025-02-26,102,103,16:50-17:10,20.47289698412733
2025-02-26,107,111,17:40-18:30,127.66806469047633
2025-02-26,113,115,18:40-19:10,137.7963896904763
2025-02-26,117,125,19:20-20:50,317.46772289682553
2025-02-26,129,130,21:20-21:40,15.88154083333336
2025-02-26,134,135,22:10-22:30,38.401201222222085
2025-02-26,139,141,23:00-23:30,12.555241888889213
2025-02-26,144,144,23:50-24:00,8.453496666666524
2025-02-27,1,1,00:00-00:10,3.667435833333343
2025-02-27,4,5,00:30-00:50,47.266074916666525
2025-02-27,7,8,01:00-01:20,74.28176916666644
2025-02-27,11,11,01:40-01:50,4.461627500000077
2025-02-27,14,15,02:10-02:30,50.59333888888875
2025-02-27,20,22,03:10-03:40,53.224591916666554
2025-02-27,25,26,04:00-04:20,47.1357743333333
2025-02-27,29,30,04:40-05:00,32.94065395238099
2025-02-27,32,33,05:10-05:30,25.431753571428438
2025-02-27,35,41,05:40-06:50,390.4401526309524
2025-02-27,43,62,07:00-10:20,1973.3708765833326
2025-02-27,85,89,14:00-14:50,357.9432696666669
2025-02-27,93,93,15:20-15:30,23.264976190476204
2025-02-27,99,99,16:20-16:30,9.797263056663667
2025-02-27,105,125,17:20-20:50,587.8295900776009
2025-02-27,127,130,21:00-21:40,70.93128598333294
2025-02-27,133,133,22:00-22:10,2.9513173333334635
2025-02-27,136,137,22:30-22:50,2.784353166666733
2025-02-27,142,142,23:30-23:40,4.710088333333033
2025-02-28,1,12,00:00-02:00,398.88139916666614
2025-02-28,14,16,02:10-02:40,69.98304766666666
2025-02-28,19,50,03:00-08:20,1567.7966616666668
2025-02-28,52,53,08:30-08:50,39.61544595238104
2025-02-28,55,55,09:00-09:10,22.422038714285577
2025-02-28,63,63,10:20-10:30,56.24388309523806
2025-02-28,66,66,10:50-11:00,11.27491833333329
2025-02-28,68,69,11:10-11:30,78.45694791666597
2025-02-28,95,96,15:40-16:00,6.1642809523809206
2025-02-28,98,102,16:10-17:00,132.82408852871367
2025-02-28,104,105,17:10-17:30,30.59252376190518
2025-02-28,107,108,17:40-18:00,105.74037223809535
2025-02-28,110,117,18:10-19:30,313.34204411904767
2025-02-28,119,123,19:40-20:30,201.2689921666671
2025-02-28,125,128,20:40-21:20,98.73328574999965
2025-02-28,130,131,21:30-21:50,79.91942658333352
2025-02-28,137,139,22:40-23:10,42.31679391666671
2025-02-28,144,144,23:50-24:00,23.334826666666686
2025-03-01,1,6,00:00-01:00,194.07031199999983
2025-03-01,8,18,01:10-03:00,278.7192724999998
2025-03-01,20,21,03:10-03:30,51.2925544166668
2025-03-01,23,26,03:40-04:20,127.07130383333327
2025-03-01,28,30,04:30-05:00,198.04977771428565
2025-03-01,32,54,05:10-09:00,1346.1907469761907
2025-03-01,57,57,09:20-09:30,25.949203571428598
2025-03-01,60,60,09:50-10:00,26.670836904762155
2025-03-01,64,64,10:30-10:40,14.04133821428536
2025-03-01,95,107,15:40-17:50,492.7299223253976
2025-03-01,109,123,18:00-20:30,502.5118103571433
2025-03-01,125,129,20:40-21:30,130.1848789999998
2025-03-01,131,132,21:40-22:00,16.450846666666735
2025-03-01,135,135,22:20-22:30,1.3216899999999896
2025-03-01,139,140,23:00-23:20,17.569049916666927
2025-03-02,2,10,00:10-01:40,118.20019501486115
2025-03-02,12,17,01:50-02:50,122.59323266666593
2025-03-02,19,19,03:00-03:10,5.156584999999723
2025-03-02,23,25,03:40-04:10,49.17766083333299
2025-03-02,29,30,04:40-05:00,13.073018333333556
2025-03-02,32,33,05:10-05:30,45.10043533333348
2025-03-02,36,44,05:50-07:20,387.59526405952374
2025-03-02,47,64,07:40-10:40,1949.8132025833315
2025-03-02,67,67,11:00-11:10,24.053829440476193
2025-03-02,71,72,11:40-12:00,47.261818857142885
2025-03-02,75,90,12:20-15:00,1504.2075760593457
2025-03-02,92,95,15:10-15:50,46.46909197023774
2025-03-02,97,97,16:00-16:10,3.1603465714281924
2025-03-02,99,101,16:20-16:50,64.48536611904794
2025-03-02,103,114,17:00-19:00,687.969571472744
2025-03-02,116,130,19:10-21:40,461.2598803690473
2025-03-02,133,134,22:00-22:20,22.11744433333297
2025-03-02,139,139,23:00-23:10,24.125339666666378
2025-03-02,142,142,23:30-23:40,18.657821666666678
2025-03-03,1,2,00:00-00:20,11.427053333333106
2025-03-03,4,5,00:30-00:50,54.40098066666667
2025-03-03,7,8,01:00-01:20,58.85526733333347
2025-03-03,10,13,01:30-02:10,118.22397933333309
2025-03-03,16,17,02:30-02:50,59.89952399999993
2025-03-03,19,22,03:00-03:40,80.5522730833328
2025-03-03,25,25,04:00-04:10,0.9652503333336426
2025-03-03,28,30,04:30-05:00,68.09643295238108
2025-03-03,32,33,05:10-05:30,39.088095523809415
2025-03-03,36,45,05:50-07:30,500.28017794047616
2025-03-03,47,64,07:40-10:40,2343.0070857499995
2025-03-03,75,75,12:20-12:30,3.0862366666672187
2025-03-03,82,89,13:30-14:50,741.7540831428582
2025-03-03,91,104,15:00-17:20,625.347173078679
2025-03-03,106,108,17:30-18:00,33.58664890476216
2025-03-03,110,115,18:10-19:10,209.07433257142858
2025-03-03,117,119,19:20-19:50,74.1106198333332
2025-03-03,121,131,20:00-21:50,370.2746015000005
2025-03-03,134,134,22:10-22:20,9.722048000000086
2025-03-03,141,143,23:20-23:50,27.826548666666895
2025-03-04,1,7,00:00-01:10,76.4396994106055
2025-03-04,10,13,01:30-02:10,148.03754666666623
2025-03-04,16,18,02:30-03:00,59.35017733333302
2025-03-04,20,21,03:10-03:30,43.57179108333332
2025-03-04,24,26,03:50-04:20,88.935822857143
2025-03-04,28,29,04:30-04:50,37.78543890476202
2025-03-04,32,33,05:10-05:30,29.838242190476322
2025-03-04,35,60,05:40-10:00,2168.7977297142847
2025-03-04,63,63,10:20-10:30,35.31499999999983
2025-03-04,66,66,10:50-11:00,2.2393326190481275
2025-03-04,73,73,12:00-12:10,20.615529095238116
2025-03-04,83,89,13:40-14:50,522.76850252381
2025-03-04,94,99,15:30-16:30,112.32347788571468
2025-03-04,103,105,17:00-17:30,38.082589419046734
2025-03-04,108,119,17:50-19:50,269.91271004761904
2025-03-04,121,126,20:00-21:00,212.98461008333322
2025-03-04,128,131,21:10-21:50,65.64334641666676
2025-03-04,134,135,22:10-22:30,34.85067599999991
2025-03-04,138,139,22:50-23:10,49.754646333333085
2025-03-04,142,143,23:30-23:50,13.474831999999878
2025-03-05,1,2,00:00-00:20,37.877599999999916
2025-03-05,4,7,00:30-01:10,104.89951100000019
2025-03-05,9,9,01:20-01:30,16.802239999999756
2025-03-05,12,13,01:50-02:10,42.614763333333144
2025-03-05,16,21,02:30-03:30,122.67968599999983
2025-03-05,23,26,03:40-04:20,45.164218142857
2025-03-05,30,32,04:50-05:20,76.02909509523778
2025-03-05,35,45,05:40-07:30,360.8025191547612
2025-03-05,47,61,07:40-10:10,1353.2390075119042
2025-03-05,81,89,13:20-14:50,719.956153333334
2025-03-05,106,107,17:30-17:50,18.233562639622363
2025-03-05,109,125,18:00-20:50,467.18779451190454
2025-03-05,127,129,21:00-21:30,27.877332666666803
2025-03-05,133,134,22:00-22:20,20.94662900000003
2025-03-05,136,136,22:30-22:40,12.115069166666899
2025-03-05,139,139,23:00-23:10,0.5016393333332871
2025-03-05,143,144,23:40-24:00,30.645033666666677
2025-03-06,1,3,00:00-00:30,47.87722333333306
2025-03-06,6,8,00:50-01:20,21.578713334525446
2025-03-06,11,14,01:40-02:20,99.54382033333343
2025-03-06,16,17,02:30-02:50,116.80981733333329
2025-03-06,19,22,03:00-03:40,40.89732933333346
2025-03-06,25,26,04:00-04:20,56.14677285714284
2025-03-06,28,30,04:30-05:00,47.502232238095424
2025-03-06,32,33,05:10-05:30,38.177148857142804
2025-03-06,35,39,05:40-06:30,262.7842133095236
2025-03-06,41,42,06:40-07:00,102.57802161904735
2025-03-06,47,60,07:40-10:00,1485.1948583333337
2025-03-06,64,64,10:30-10:40,21.822766619048025
2025-03-06,82,89,13:30-14:50,570.8484513809526
2025-03-06,94,102,15:30-17:00,122.87418836190511
2025-03-06,105,114,17:20-19:00,243.14403904409053
2025-03-06,116,126,19:10-21:00,359.61165361904773
2025-03-06,132,134,21:50-22:20,18.401441666666642
2025-03-06,137,138,22:40-23:00,4.968545333332713
2025-03-06,144,144,23:50-24:00,10.62272999999982
2025-03-07,1,13,00:00-02:10,423.85731194235797
2025-03-07,16,32,02:30-05:20,526.0974753809518
2025-03-07,35,51,05:40-08:30,1140.739725380952
2025-03-07,57,57,09:20-09:30,39.3763011904764
2025-03-07,67,67,11:00-11:10,9.433421904761644
2025-03-07,95,99,15:40-16:30,193.3721171428569
2025-03-07,102,104,16:50-17:20,83.59954648571642
2025-03-07,106,127,17:30-21:10,589.1198300412412
2025-03-07,130,131,21:30-21:50,73.77498326666648
2025-03-07,134,135,22:10-22:30,23.089843333333306
2025-03-07,140,141,23:10-23:30,16.203665666666666
2025-03-07,144,144,23:50-24:00,6.7453166666666675
2025-03-08,1,49,00:00-08:10,2377.488003380951
2025-03-08,52,52,08:30-08:40,14.228938380952059
2025-03-08,56,57,09:10-09:30,21.24444257142852
2025-03-08,97,101,16:00-16:50,146.39773904761915
2025-03-08,104,104,17:10-17:20,0.96558911428572
2025-03-08,107,125,17:40-20:50,559.8463736190474
2025-03-08,128,131,21:10-21:50,76.03843155144045
2025-03-08,133,134,22:00-22:20,29.809010666666836
2025-03-08,136,136,22:30-22:40,25.401416333333145
2025-03-08,139,139,23:00-23:10,2.4409706666665443
2025-03-09,3,15,00:20-02:30,310.5494223333337
2025-03-09,17,24,02:40-04:00,239.07467233333307
2025-03-09,27,33,04:20-05:30,133.51975699999971
2025-03-09,35,44,05:40-07:20,490.14570066666636
2025-03-09,46,61,07:30-10:10,1628.1667248571443
2025-03-09,84,89,13:50-14:50,430.1431544285715
2025-03-09,99,99,16:20-16:30,1.8982261904762368
2025-03-09,102,102,16:50-17:00,2.769702380952282
2025-03-09,108,113,17:50-18:50,173.2839412857142
2025-03-09,115,123,19:00-20:30,236.09704266666643
2025-03-09,125,127,20:40-21:10,69.39364312619523
2025-03-09,129,131,21:20-21:50,64.52102500000001
2025-03-10,1,17,00:00-02:50,454.6623456859977
2025-03-10,20,22,03:10-03:40,81.66546066666717
2025-03-10,24,33,03:50-05:30,196.33130614285696
2025-03-10,36,42,05:50-07:00,457.41880776190527
2025-03-10,44,45,07:10-07:30,135.9908729047616
2025-03-10,47,62,07:40-10:20,1866.6938112380963
2025-03-10,65,66,10:40-11:00,78.84055128571458
2025-03-10,72,72,11:50-12:00,53.60924357142926
2025-03-10,85,89,14:00-14:50,350.604599952381
2025-03-10,102,105,16:50-17:30,81.42338633188744
2025-03-10,107,119,17:40-19:50,359.6906648095237
2025-03-10,123,125,20:20-20:50,131.15438933333337
2025-03-10,127,129,21:00-21:30,33.09271329999933
2025-03-10,132,132,21:50-22:00,22.109346666666852
2025-03-10,135,135,22:20-22:30,29.517419999999902
2025-03-10,144,144,23:50-24:00,27.167626666666592
2025-03-11,1,5,00:00-00:50,125.53178999999977
2025-03-11,7,15,01:00-02:30,190.7104923333335
2025-03-11,17,19,02:40-03:10,65.85740566666664
2025-03-11,22,23,03:30-03:50,36.19067333333339
2025-03-11,25,26,04:00-04:20,78.38340776190466
2025-03-11,29,33,04:40-05:30,141.64458390186235
2025-03-11,35,45,05:40-07:30,581.9770818571428
2025-03-11,47,57,07:40-09:30,1067.9879537142863
2025-03-11,60,62,09:50-10:20,199.21824314285618
2025-03-11,85,89,14:00-14:50,482.2391796666666
2025-03-11,92,102,15:10-17:00,399.53398939109576
2025-03-11,105,111,17:20-18:30,146.0644565279234
2025-03-11,113,117,18:40-19:30,177.03666957142855
2025-03-11,120,125,19:50-20:50,120.57339900000011
2025-03-11,127,129,21:00-21:30,46.44285999999988
2025-03-11,132,133,21:50-22:10,10.091520000000173
2025-03-11,136,136,22:30-22:40,26.08491799999979
2025-03-11,139,139,23:00-23:10,10.170700666666562
2025-03-11,143,144,23:40-24:00,15.516610333332892
2025-03-12,1,5,00:00-00:50,141.57137299999988
2025-03-12,8,14,01:10-02:20,256.14164766666704
2025-03-12,16,20,02:30-03:20,170.33642966666673
2025-03-12,22,24,03:30-04:00,98.21868333333327
2025-03-12,26,29,04:10-04:50,82.57321490476181
2025-03-12,31,32,05:00-05:20,57.95499052380956
2025-03-12,35,45,05:40-07:30,612.1507686666665
2025-03-12,47,56,07:40-09:20,1231.5325099047625
2025-03-12,85,89,14:00-14:50,369.85280566666677
2025-03-12,98,102,16:10-17:00,178.92109777414362
2025-03-12,104,105,17:10-17:30,47.56528476190513
2025-03-12,107,108,17:40-18:00,71.0978233333333
2025-03-12,110,127,18:10-21:10,369.44245052380955
2025-03-12,130,131,21:30-21:50,20.603179666666392
2025-03-12,134,134,22:10-22:20,1.1142833333333328
2025-03-12,136,137,22:30-22:50,7.605719666666573
2025-03-12,144,144,23:50-24:00,35.860313333333124
2025-03-13,1,4,00:00-00:40,134.13412166666672
2025-03-13,8,9,01:10-01:30,10.351283666666745
2025-03-13,11,21,01:40-03:30,295.7819039999996
2025-03-13,25,33,04:00-05:30,159.8295471904761
2025-03-13,35,40,05:40-06:40,406.2058351428569
2025-03-13,42,45,06:50-07:30,146.57411476190447
2025-03-13,47,65,07:40-10:50,2619.256959190478
2025-03-13,79,82,13:00-13:40,140.2864833333333
2025-03-13,85,89,14:00-14:50,300.4556972857144
2025-03-13,99,104,16:20-17:20,152.58970880952373
2025-03-13,107,121,17:40-20:10,351.11495328571357
2025-03-13,124,126,20:30-21:00,128.72624433333328
2025-03-13,129,130,21:20-21:40,15.4121379999998
2025-03-13,132,134,21:50-22:20,24.035837666666794
2025-03-13,139,139,23:00-23:10,12.712750666666807
2025-03-14,1,7,00:00-01:10,230.7825429999998
2025-03-14,9,13,01:20-02:10,211.4210979999997
2025-03-14,16,20,02:30-03:20,245.15750600000007
2025-03-14,23,48,03:40-08:00,1644.565853333334
2025-03-14,51,52,08:20-08:40,39.45229904761936
2025-03-14,95,100,15:40-16:40,227.29827238095214
2025-03-14,104,111,17:10-18:30,266.95139776190484
2025-03-14,114,125,18:50-20:50,320.6736466190474
2025-03-14,129,130,21:20-21:40,22.325298000000146
2025-03-14,141,141,23:20-23:30,13.945053333333362
2025-03-15,1,20,00:00-03:20,775.9568296666665
2025-03-15,22,33,03:30-05:30,614.6881985714284
2025-03-15,35,49,05:40-08:10,1170.3950265238104
2025-03-15,52,53,08:30-08:50,14.849006428571897
2025-03-15,55,58,09:00-09:40,26.130982428570974
2025-03-15,96,98,15:50-16:20,45.089480476185145
2025-03-15,102,102,16:50-17:00,3.9435714285714596
2025-03-15,104,105,17:10-17:30,40.312541904762114
2025-03-15,107,112,17:40-18:40,212.02960257142843
2025-03-15,114,117,18:50-19:30,98.70690890476232
2025-03-15,119,131,19:40-21:50,360.2683018095243
2025-03-15,133,133,22:00-22:10,1.3880069999997886
2025-03-15,136,136,22:30-22:40,10.34368133333328
2025-03-15,142,142,23:30-23:40,13.650984999999991
2025-03-16,1,20,00:00-03:20,513.2382509351963
2025-03-16,22,28,03:30-04:40,182.8066636190481
2025-03-16,31,33,05:00-05:30,83.33893300000015
2025-03-16,35,56,05:40-09:20,1783.8374117142857
2025-03-16,58,58,09:30-09:40,13.217532619047915
2025-03-16,64,64,10:30-10:40,22.87398885714242
2025-03-16,80,81,13:10-13:30,28.464733333333243
2025-03-16,83,90,13:40-15:00,401.69071942857204
2025-03-16,94,94,15:30-15:40,11.719126967350348
2025-03-16,100,102,16:30-17:00,107.12081285714305
2025-03-16,105,105,17:20-17:30,26.783682057143565
2025-03-16,107,114,17:40-19:00,180.80947780952337
2025-03-16,116,120,19:10-20:00,143.83520771428562
2025-03-16,122,126,20:10-21:00,125.09918608641999
2025-03-16,129,131,21:20-21:50,52.246484666666674
2025-03-16,143,144,23:40-24:00,0.39349133333303143
2025-03-17,1,3,00:00-00:30,80.2640633333333
2025-03-17,6,25,00:50-04:10,455.79525293232797
2025-03-17,28,30,04:30-05:00,99.76713671428558
2025-03-17,32,33,05:10-05:30,85.03006819047619
2025-03-17,36,45,05:50-07:30,627.6656254761901
2025-03-17,47,56,07:40-09:20,868.0058634285717
2025-03-17,89,89,14:40-14:50,38.98131666666666
2025-03-17,97,100,16:00-16:40,41.80490809523809
2025-03-17,107,113,17:40-18:50,143.63750633333285
2025-03-17,115,120,19:00-20:00,242.562757428571
2025-03-17,122,125,20:10-20:50,93.42660699999988
2025-03-17,127,127,21:00-21:10,4.703480000000127
2025-03-17,130,131,21:30-21:50,25.440598666666574
2025-03-17,140,140,23:10-23:20,1.8001859999999397
2025-03-18,2,4,00:10-00:40,65.72438366666688
2025-03-18,7,7,01:00-01:10,8.641623333333428
2025-03-18,9,11,01:20-01:50,72.05864333333318
2025-03-18,13,15,02:00-02:30,65.90163966666626
2025-03-18,17,21,02:40-03:30,91.28863833333321
2025-03-18,23,29,03:40-04:50,207.2366298571429
2025-03-18,31,33,05:00-05:30,83.18050719047598
2025-03-18,36,44,05:50-07:20,661.752261619047
2025-03-18,46,60,07:30-10:00,1682.5431691428576
2025-03-18,86,89,14:10-14:50,223.9994788095244
2025-03-18,101,101,16:40-16:50,3.058295770428174
2025-03-18,104,125,17:10-20:50,428.8399797102298
2025-03-18,130,131,21:30-21:50,58.10594999999989
2025-03-18,138,138,22:50-23:00,10.106029999999919
2025-03-18,142,143,23:30-23:50,32.68961899999999
2025-03-19,1,2,00:00-00:20,46.06783900000016
2025-03-19,4,6,00:30-01:00,54.12742466666657
2025-03-19,9,30,01:20-05:00,446.75591861881736
2025-03-19,32,33,05:10-05:30,45.9819391428573
2025-03-19,35,58,05:40-09:40,2189.734902095238
2025-03-19,67,67,11:00-11:10,3.2221586666664734
2025-03-19,87,89,14:20-14:50,230.06643642857148
2025-03-19,105,109,17:20-18:10,63.224289871290694
2025-03-19,112,114,18:30-19:00,95.78390157142886
2025-03-19,117,125,19:20-20:50,215.44964139033993
2025-03-19,130,131,21:30-21:50,64.63804666666658
2025-03-19,144,144,23:50-24:00,1.0314499999999498
2025-03-20,2,3,00:10-00:30,100.48308999999995
2025-03-20,6,12,00:50-02:00,186.24154933333296
2025-03-20,15,32,02:20-05:20,517.1929738095238
2025-03-20,35,42,05:40-07:00,573.3195659523809
2025-03-20,44,45,07:10-07:30,65.58510266666616
2025-03-20,47,60,07:40-10:00,1540.3889854761908
2025-03-20,86,89,14:10-14:50,236.7021173809526
2025-03-20,92,105,15:10-17:30,459.6209248587303
2025-03-20,108,110,17:50-18:20,62.48751123456761
2025-03-20,112,115,18:30-19:10,128.95650223809605
2025-03-20,117,121,19:20-20:10,172.24902542857137
2025-03-20,124,124,20:30-20:40,38.12793100000022
2025-03-20,128,131,21:10-21:50,64.62516133333361
2025-03-20,142,142,23:30-23:40,35.26201433333313
2025-03-21,1,46,00:00-07:40,2411.085152319214
2025-03-21,48,51,07:50-08:30,82.41381523809514
2025-03-21,56,57,09:10-09:30,35.6072133809522
2025-03-21,101,102,16:40-17:00,25.530726190476344
2025-03-21,105,105,17:20-17:30,10.356642857142887
2025-03-21,107,120,17:40-20:00,416.04372233333333
2025-03-21,122,124,20:10-20:40,95.0558956666668
2025-03-21,129,131,21:20-21:50,51.93357133333353
2025-03-21,133,134,22:00-22:20,31.890600333333225
2025-03-21,141,141,23:20-23:30,25.561969999999974
2025-03-22,1,7,00:00-01:10,159.43528361905106
2025-03-22,9,12,01:20-02:00,158.53834966666636
2025-03-22,14,22,02:10-03:40,394.62342200000035
2025-03-22,24,50,03:50-08:20,1744.186637952381
2025-03-22,52,53,08:30-08:50,72.91384090476163
2025-03-22,57,57,09:20-09:30,7.269074285714282
2025-03-22,66,66,10:50-11:00,3.2365873809524146
2025-03-22,96,99,15:50-16:30,172.95863180952398
2025-03-22,102,105,16:50-17:30,54.79287388236453
2025-03-22,108,111,17:50-18:30,152.83436876190467
2025-03-22,113,125,18:40-20:50,324.8162326666668
2025-03-22,130,130,21:30-21:40,19.3869013333333
2025-03-22,140,140,23:10-23:20,1.1065793333332294
2025-03-22,144,144,23:50-24:00,1.9223333333334267
2025-03-23,1,60,00:00-10:00,3369.798531285716
2025-03-23,65,65,10:40-10:50,28.747627428570695
2025-03-23,89,89,14:40-14:50,3.888566666666634
2025-03-23,105,105,17:20-17:30,29.3747889063969
2025-03-23,107,108,17:40-18:00,54.108808095237876
2025-03-23,111,120,18:20-20:00,259.5476228571428
2025-03-23,122,123,20:10-20:30,116.4103653333334
2025-03-23,125,126,20:40-21:00,52.89607326492796
2025-03-23,129,132,21:20-22:00,45.44427666666684
2025-03-23,142,142,23:30-23:40,1.946091000000024
2025-03-24,1,2,00:00-00:20,58.23325466666677
2025-03-24,5,6,00:40-01:00,31.128980666666735
2025-03-24,8,12,01:10-02:00,89.91808333333336
2025-03-24,14,15,02:10-02:30,55.58321599999988
2025-03-24,18,58,02:50-09:40,2727.7299744523903
2025-03-24,87,93,14:20-15:30,361.73392246737336
2025-03-24,99,99,16:20-16:30,21.8487549999997
2025-03-24,103,111,17:00-18:30,161.91611538095296
2025-03-24,113,125,18:40-20:50,328.3133433809521
2025-03-24,132,132,21:50-22:00,1.8869633333333695
2025-03-24,138,138,22:50-23:00,27.541986666666617
2025-03-24,142,143,23:30-23:50,65.5069003333333
2025-03-25,1,3,00:00-00:30,64.82734666666659
2025-03-25,5,6,00:40-01:00,71.36614333333341
2025-03-25,9,14,01:20-02:20,255.15613240952393
2025-03-25,16,20,02:30-03:20,199.65566300000023
2025-03-25,22,26,03:30-04:20,230.45095052380964
2025-03-25,28,29,04:30-04:50,49.6710836666668
2025-03-25,31,64,05:00-10:40,2772.4270518095254
2025-03-25,88,89,14:30-14:50,134.8665230952386
2025-03-25,92,92,15:10-15:20,26.174586666667096
2025-03-25,97,101,16:00-16:50,134.7091647619049
2025-03-25,108,109,17:50-18:10,40.137860609523976
2025-03-25,111,117,18:20-19:30,198.9959665714287
2025-03-25,120,123,19:50-20:30,119.09753242857141
2025-03-25,125,125,20:40-20:50,17.36550433333332
2025-03-25,127,128,21:00-21:20,5.514296666666382
2025-03-25,130,130,21:30-21:40,8.114448333333257
2025-03-25,136,136,22:30-22:40,12.331135666666796
2025-03-25,140,140,23:10-23:20,2.008526999999958
2025-03-26,2,8,00:10-01:20,150.40069726566685
2025-03-26,10,12,01:30-02:00,58.54888333333304
2025-03-26,14,15,02:10-02:30,48.13017000000025
2025-03-26,18,57,02:50-09:30,2300.9635874761907
2025-03-26,107,108,17:40-18:00,54.597063809523604
2025-03-26,111,114,18:20-19:00,95.08866823809538
2025-03-26,116,125,19:10-20:50,214.64508752380902
2025-03-26,130,130,21:30-21:40,30.737693333333482
2025-03-26,133,134,22:00-22:20,76.52129933333322
2025-03-26,140,141,23:10-23:30,19.156703666666772
2025-03-27,4,32,00:30-05:20,945.1413572093464
2025-03-27,34,58,05:30-09:40,2151.001262571429
2025-03-27,87,89,14:20-14:50,51.33310000000006
2025-03-27,95,102,15:40-17:00,293.5538914761903
2025-03-27,108,109,17:50-18:10,5.6985347619048685
2025-03-27,113,120,18:40-20:00,241.8019704761898
2025-03-27,122,125,20:10-20:50,108.61486100000036
2025-03-27,129,131,21:20-21:50,93.4824246666667
2025-03-28,1,1,00:00-00:10,0.023610000000019227
2025-03-28,3,8,00:20-01:20,194.15413100000023
2025-03-28,10,48,01:30-08:00,2222.779950619048
2025-03-28,51,52,08:20-08:40,19.835046047619016
2025-03-28,98,102,16:10-17:00,93.56639410346935
2025-03-28,105,124,17:20-20:40,476.37526409523787
2025-03-28,127,130,21:00-21:40,127.50451833333307
2025-03-28,133,133,22:00-22:10,6.251485999999886
2025-03-29,1,47,00:00-07:50,2267.2323313884945
2025-03-29,51,52,08:20-08:40,20.64418761904767
2025-03-29,97,110,16:00-18:20,530.5798315567271
2025-03-29,112,114,18:30-19:00,76.23593052380937
2025-03-29,116,117,19:10-19:30,82.67225314285719
2025-03-29,119,121,19:40-20:10,131.88120790476188
2025-03-29,123,125,20:20-20:50,75.92347200000023
2025-03-29,127,128,21:00-21:20,17.429387052384357
2025-03-29,130,130,21:30-21:40,11.770335000000046
2025-03-30,1,5,00:00-00:50,82.18173600000011
2025-03-30,7,8,01:00-01:20,29.661643333333245
2025-03-30,10,15,01:30-02:30,193.03854266666656
2025-03-30,17,19,02:40-03:10,72.0453060000001
2025-03-30,21,44,03:20-07:20,1374.6363536190486
2025-03-30,47,57,07:40-09:30,1286.6711618095237
2025-03-30,86,89,14:10-14:50,220.01217257142898
2025-03-30,96,96,15:50-16:00,6.954522733332283
2025-03-30,106,106,17:30-17:40,4.2496099999999615
2025-03-30,109,110,18:00-18:20,64.85219952380993
2025-03-30,112,116,18:30-19:20,124.93509314285649
2025-03-30,118,125,19:30-20:50,209.8690862857144
2025-03-30,127,127,21:00-21:10,0.18554666666636876
2025-03-30,130,130,21:30-21:40,16.978866666666704
2025-03-30,133,133,22:00-22:10,26.624586000000136
2025-03-31,1,6,00:00-01:00,142.39079933333335
2025-03-31,8,26,01:10-04:20,373.443448571429
2025-03-31,28,45,04:30-07:30,1038.8036526666672
2025-03-31,47,55,07:40-09:10,859.0834172857144
2025-03-31,85,92,14:00-15:20,428.7052639353312
2025-03-31,94,96,15:30-16:00,47.05744430476125
2025-03-31,99,102,16:20-17:00,159.55035619047618
2025-03-31,105,106,17:20-17:40,18.542981904762
2025-03-31,108,111,17:50-18:30,43.47141714285676
2025-03-31,113,123,18:40-20:30,287.6858870952369
2025-03-31,125,126,20:40-21:00,29.39576182797282
2025-03-31,129,130,21:20-21:40,11.98089500000026
2025-03-31,132,132,21:50-22:00,0.4946500000000924
2025-03-31,141,141,23:20-23:30,2.7194099999999253
2025-04-01,1,2,00:00-00:20,41.80383333333316
2025-04-01,4,9,00:30-01:30,187.3668100000001
2025-04-01,12,33,01:50-05:30,882.2644282380958
2025-04-01,35,45,05:40-07:30,786.5565856666672
2025-04-01,47,60,07:40-10:00,1274.3981989047625
2025-04-01,64,64,10:30-10:40,7.027687809524423
2025-04-01,68,68,11:10-11:20,0.22426495238164534
2025-04-01,88,89,14:30-14:50,189.24166666666702
2025-04-01,92,92,15:10-15:20,60.58759285714302
2025-04-01,96,99,15:50-16:30,71.69440653809033
2025-04-01,102,109,16:50-18:10,175.23052854761895
2025-04-01,113,125,18:40-20:50,1710.6038236299996
2025-04-01,130,131,21:30-21:50,90.13470675466633
2025-04-01,138,138,22:50-23:00,2.6026300000003175
2025-04-01,144,144,23:50-24:00,9.184009999999944
2025-04-02,1,5,00:00-00:50,43.08742349714214
2025-04-02,7,9,01:00-01:30,56.66071333333309
2025-04-02,13,14,02:00-02:20,55.60418348618555
2025-04-02,16,17,02:30-02:50,36.05047366666645
2025-04-02,19,33,03:00-05:30,434.75017809523763
2025-04-02,35,62,05:40-10:20,3191.8864482835043
2025-04-02,104,105,17:10-17:30,45.110830190476236
2025-04-02,108,118,17:50-19:40,1502.616733071421
2025-04-02,121,125,20:00-20:50,812.9533081428576
2025-04-02,128,128,21:10-21:20,1.5094166666666524
2025-04-02,130,131,21:30-21:50,36.774999999999864
2025-04-02,138,139,22:50-23:10,20.160626999999977
2025-04-02,142,142,23:30-23:40,13.711585999999897
2025-04-03,2,2,00:10-00:20,9.757902999999942
2025-04-03,9,9,01:20-01:30,25.181056666666564
2025-04-03,13,14,02:00-02:20,60.410733333333155
2025-04-03,19,20,03:00-03:20,39.78758099999993
2025-04-03,23,27,03:40-04:30,95.23628619047595
2025-04-03,30,33,04:50-05:30,122.44132904761919
2025-04-03,36,57,05:50-09:30,2358.105318000001
2025-04-03,88,89,14:30-14:50,92.86480000000006
2025-04-03,91,92,15:00-15:20,19.361754285714483
2025-04-03,98,99,16:10-16:30,43.722472380952354
2025-04-03,108,120,17:50-20:00,271.2593688765426
2025-04-03,122,124,20:10-20:40,113.58580014285678
2025-04-03,127,128,21:00-21:20,16.08599441595004
2025-04-03,130,131,21:30-21:50,17.13064651768798
2025-04-03,137,137,22:40-22:50,2.2400586666665276
2025-04-03,142,142,23:30-23:40,29.85851600000001
2025-04-04,2,6,00:10-01:00,80.83014889726672
2025-04-04,8,11,01:10-01:50,123.27901799999978
2025-04-04,14,17,02:10-02:50,139.47822466666656
2025-04-04,19,33,03:00-05:30,716.0457937142854
2025-04-04,35,45,05:40-07:30,914.1510188095237
2025-04-04,48,48,07:50-08:00,41.652546666666126
2025-04-04,55,55,09:00-09:10,2.4191977619043428
2025-04-04,103,104,17:00-17:20,8.862839047619076
2025-04-04,106,107,17:30-17:50,43.56816899999987
2025-04-04,109,121,18:00-20:10,403.01129266666646
2025-04-04,123,125,20:20-20:50,72.12384966666662
2025-04-04,129,130,21:20-21:40,21.447515000000067
2025-04-05,3,4,00:20-00:40,41.74670666666668
2025-04-05,6,15,00:50-02:30,266.69310166666685
2025-04-05,18,30,02:50-05:00,665.9244971904761
2025-04-05,32,44,05:10-07:20,860.4639394285715
2025-04-05,46,46,07:30-07:40,33.637265190476114
2025-04-05,50,52,08:10-08:40,55.322387857142985
2025-04-05,98,100,16:10-16:40,47.98496865714338
2025-04-05,103,126,17:00-21:00,614.7516402266534
2025-04-05,130,131,21:30-21:50,36.43254424694106
2025-04-06,5,5,00:40-00:50,3.8859866666663265
2025-04-06,7,8,01:00-01:20,74.38575000000003
2025-04-06,10,13,01:30-02:10,90.51107266666668
2025-04-06,15,27,02:20-04:30,244.81116142857113
2025-04-06,29,33,04:40-05:30,166.9202995714283
2025-04-06,35,56,05:40-09:20,2004.6387278571422
2025-04-06,89,89,14:40-14:50,62.87781666666672
2025-04-06,92,93,15:10-15:30,13.148001904762054
2025-04-06,105,105,17:20-17:30,16.113976190475825
2025-04-06,113,114,18:40-19:00,138.09508166666672
2025-04-06,117,126,19:20-21:00,214.99761318812477
2025-04-06,129,131,21:20-21:50,46.801372999999785
2025-04-07,6,8,00:50-01:20,117.35320099999979
2025-04-07,11,12,01:40-02:00,35.92761666666672
2025-04-07,15,33,02:20-05:30,585.7972114761906
2025-04-07,35,55,05:40-09:10,1756.1925859047617
2025-04-07,71,71,11:40-11:50,3.2496580476185954
2025-04-07,88,89,14:30-14:50,119.08228333333341
2025-04-07,108,114,17:50-19:00,175.81811328571393
2025-04-07,116,122,19:10-20:20,218.7359329523805
2025-04-07,126,127,20:50-21:10,43.56976666666674
2025-04-07,130,131,21:30-21:50,53.23382933333312
2025-04-07,144,144,23:50-24:00,7.919163333333245
2025-04-08,1,1,00:00-00:10,24.78828999999996
2025-04-08,5,12,00:40-02:00,130.84392499999979
2025-04-08,15,16,02:20-02:40,50.83901999999978
2025-04-08,18,22,02:50-03:40,100.85499333333325
2025-04-08,24,32,03:50-05:20,270.80430628571406
2025-04-08,35,58,05:40-09:40,1989.8646194761902
2025-04-08,89,89,14:40-14:50,0.4184499999998934
2025-04-08,96,97,15:50-16:10,21.138980476190454
2025-04-08,100,114,16:30-19:00,458.67842423333366
2025-04-08,116,120,19:10-20:00,180.038140285714
2025-04-08,122,125,20:10-20:50,82.7860111904763
2025-04-08,127,128,21:00-21:20,40.94118999999978
2025-04-08,130,130,21:30-21:40,4.7573033333333115
2025-04-08,133,133,22:00-22:10,1.4020493333332524
2025-04-09,1,4,00:00-00:40,48.98793666666654
2025-04-09,7,9,01:00-01:30,120.78997666666669
2025-04-09,11,12,01:40-02:00,25.02024000000017
2025-04-09,15,19,02:20-03:10,73.9024499999997
2025-04-09,21,30,03:20-05:00,256.90279714285697
2025-04-09,33,33,05:20-05:30,19.028465714285517
2025-04-09,36,58,05:50-09:40,2025.7869222857144
2025-04-09,63,63,10:20-10:30,3.5987495238096017
2025-04-09,86,99,14:10-16:30,742.4835176073482
2025-04-09,102,103,16:50-17:10,44.0057566666668
2025-04-09,105,105,17:20-17:30,0.22151190476196803
2025-04-09,108,125,17:50-20:50,2170.508768183795
2025-04-09,131,132,21:40-22:00,31.223596666666708
2025-04-09,135,135,22:20-22:30,23.36176666666688
2025-04-10,4,6,00:30-01:00,48.26337931000489
2025-04-10,9,11,01:20-01:50,33.19085166666662
2025-04-10,18,23,02:50-03:50,69.5711132204541
2025-04-10,26,26,04:10-04:20,13.159905666666596
2025-04-10,29,32,04:40-05:20,50.11148238095219
2025-04-10,36,45,05:50-07:30,782.9513740000007
2025-04-10,47,59,07:40-09:50,1417.185203857143
2025-04-10,86,89,14:10-14:50,70.50984376190445
2025-04-10,96,99,15:50-16:30,205.47115342857091
2025-04-10,102,105,16:50-17:30,77.014234285714
2025-04-10,108,110,17:50-18:20,84.53710180952379
2025-04-10,112,113,18:30-18:50,45.89228547619039
2025-04-10,115,116,19:00-19:20,142.51358695238082
2025-04-10,118,125,19:30-20:50,175.2905831428568
2025-04-10,128,128,21:10-21:20,4.941305209947473
2025-04-10,130,131,21:30-21:50,87.36662633333287
2025-04-10,140,140,23:10-23:20,11.002077666666992
2025-04-10,144,144,23:50-24:00,2.4392366666668295
2025-04-11,1,5,00:00-00:50,100.48105333333325
2025-04-11,7,9,01:00-01:30,151.58397333333323
2025-04-11,13,16,02:00-02:40,98.41248999999993
2025-04-11,18,44,02:50-07:20,1307.1628515238094
2025-04-11,47,48,07:40-08:00,29.550548952380836
2025-04-11,99,101,16:20-16:50,80.79293509847486
2025-04-11,104,114,17:10-19:00,320.0789890476193
2025-04-11,116,118,19:10-19:40,89.17515599999984
2025-04-11,120,125,19:50-20:50,119.44283633333322
2025-04-11,128,129,21:10-21:30,42.9743366666666
2025-04-11,132,132,21:50-22:00,26.900513333333265
2025-04-11,135,135,22:20-22:30,3.6908766666667816
2025-04-11,139,139,23:00-23:10,24.40206000000012
2025-04-12,1,5,00:00-00:50,101.23929099999987
2025-04-12,7,8,01:00-01:20,44.087763333333385
2025-04-12,10,11,01:30-01:50,57.445162666666704
2025-04-12,13,23,02:00-03:50,320.51523747619024
2025-04-12,25,44,04:00-07:20,959.5842643333335
2025-04-12,54,55,08:50-09:10,10.863658952380433
2025-04-12,98,101,16:10-16:50,131.97650990476168
2025-04-12,104,104,17:10-17:20,4.8666991428572715
2025-04-12,106,108,17:30-18:00,139.350083238095
2025-04-12,111,113,18:20-18:50,116.93768709523823
2025-04-12,115,124,19:00-20:40,264.2525820952376
2025-04-12,128,128,21:10-21:20,7.932804362139848
2025-04-12,130,131,21:30-21:50,20.74419000000023
2025-04-12,136,136,22:30-22:40,6.426776333333464
2025-04-13,1,1,00:00-00:10,10.404216666666684
2025-04-13,5,7,00:40-01:10,38.58316333333346
2025-04-13,9,12,01:20-02:00,55.98372733333326
2025-04-13,14,16,02:10-02:40,97.76681633333294
2025-04-13,19,22,03:00-03:40,73.09717299999966
2025-04-13,26,32,04:10-05:20,205.3080156190478
2025-04-13,35,59,05:40-09:50,2013.9280512857147
2025-04-13,94,94,15:30-15:40,35.07551461904768
2025-04-13,98,108,16:10-18:00,269.3227907142859
2025-04-13,111,117,18:20-19:30,284.44179432226235
2025-04-13,119,121,19:40-20:10,112.30177285714217
2025-04-13,123,128,20:20-21:20,140.40345899999988
2025-04-13,131,131,21:40-21:50,11.577896666666788
2025-04-14,3,5,00:20-00:50,43.23363099999972
2025-04-14,7,8,01:00-01:20,37.55010099999993
2025-04-14,10,10,01:30-01:40,2.826906666666673
2025-04-14,13,14,02:00-02:20,46.76134999999999
2025-04-14,17,19,02:40-03:10,67.9384329999998
2025-04-14,22,26,03:30-04:20,135.34496280674472
2025-04-14,28,31,04:30-05:10,107.2969199523811
2025-04-14,34,57,05:30-09:30,1897.7415957619046
2025-04-14,110,113,18:10-18:50,101.08145544091795
2025-04-14,115,119,19:00-19:50,163.651401238095
2025-04-14,121,125,20:00-20:50,99.8920263333332
2025-04-14,129,131,21:20-21:50,61.71323906666646
2025-04-14,133,133,22:00-22:10,4.154049666666651
2025-04-14,139,139,23:00-23:10,6.5629509999998845
2025-04-15,7,9,01:00-01:30,48.893870000000106
2025-04-15,11,12,01:40-02:00,36.011663333333445
2025-04-15,15,15,02:20-02:30,48.52433333333329
2025-04-15,18,21,02:50-03:30,78.04472333333331
2025-04-15,24,25,03:50-04:10,44.111386190476225
2025-04-15,28,29,04:30-04:50,35.92427661904766
2025-04-15,31,33,05:00-05:30,52.100024285714184
2025-04-15,35,53,05:40-08:50,1371.320552619048
2025-04-15,61,61,10:00-10:10,25.677395095237898
2025-04-15,88,95,14:30-15:50,196.50537644436793
2025-04-15,98,98,16:10-16:20,0.6327826095365481
2025-04-15,102,102,16:50-17:00,1.370333333333349
2025-04-15,108,108,17:50-18:00,7.006511904762078
2025-04-15,110,119,18:10-19:50,262.3566260952379
2025-04-15,122,125,20:10-20:50,128.4031258571432
2025-04-15,127,127,21:00-21:10,4.303230000000099
2025-04-15,130,131,21:30-21:50,81.9000543333334
2025-04-15,137,137,22:40-22:50,8.224611333333314
2025-04-15,141,141,23:20-23:30,6.9077800000000025
2025-04-16,1,1,00:00-00:10,0.17921333333356415
2025-04-16,4,12,00:30-02:00,209.0686636666669
2025-04-16,15,18,02:20-03:00,79.71870666666655
2025-04-16,20,21,03:10-03:30,25.9605333333335
2025-04-16,23,25,03:40-04:10,91.0560480476192
2025-04-16,29,33,04:40-05:30,112.12687461904733
2025-04-16,35,59,05:40-09:50,1897.698448428571
2025-04-16,67,67,11:00-11:10,14.2373006190478
2025-04-16,88,95,14:30-15:50,313.56829138028513
2025-04-16,97,98,16:00-16:20,46.23043947760186
2025-04-16,102,102,16:50-17:00,1.528492142857715
2025-04-16,108,120,17:50-20:00,876.7981961638171
2025-04-16,122,125,20:10-20:50,590.07166023398
2025-04-16,127,131,21:00-21:50,90.02428771289298
2025-04-16,133,133,22:00-22:10,1.624133000000029
2025-04-16,137,137,22:40-22:50,4.132368999999699
2025-04-17,5,8,00:40-01:20,69.26334866666696
2025-04-17,10,11,01:30-01:50,19.171043333333387
2025-04-17,14,14,02:10-02:20,26.05187666666677
2025-04-17,18,19,02:50-03:10,44.196826666666766
2025-04-17,21,22,03:20-03:40,24.07071666666679
2025-04-17,24,25,03:50-04:10,60.40268280952379
2025-04-17,29,29,04:40-04:50,8.049210000000016
2025-04-17,33,33,05:20-05:30,3.6096219047619797
2025-04-17,35,55,05:40-09:10,1609.6652216666666
2025-04-17,87,90,14:20-15:00,77.43793333333304
2025-04-17,97,101,16:00-16:50,122.88296048015633
2025-04-17,103,105,17:00-17:30,44.99466238095229
2025-04-17,108,124,17:50-20:40,497.60709456269893
2025-04-17,128,130,21:10-21:40,35.61206571193361
2025-04-17,136,137,22:30-22:50,10.660814999999957
2025-04-18,1,8,00:00-01:20,195.9968920000003
2025-04-18,11,18,01:40-03:00,276.4380509999999
2025-04-18,20,33,03:10-05:30,457.95371504761897
2025-04-18,35,43,05:40-07:10,495.19331809523845
2025-04-18,45,46,07:20-07:40,14.584691095237758
2025-04-18,49,50,08:00-08:20,63.74238371428555
2025-04-18,53,53,08:40-08:50,4.781940571428436
2025-04-18,99,99,16:20-16:30,2.9980833333335113
2025-04-18,102,103,16:50-17:10,25.822181645142052
2025-04-18,107,125,17:40-20:50,571.1415603809526
2025-04-18,130,131,21:30-21:50,43.4444033333333
2025-04-18,139,139,23:00-23:10,17.8716863333334
2025-04-19,1,2,00:00-00:20,61.94660899999985
2025-04-19,5,7,00:40-01:10,43.19164999999981
2025-04-19,10,14,01:30-02:20,181.74081499999988
2025-04-19,17,26,02:40-04:20,267.5938191904761
2025-04-19,28,45,04:30-07:30,865.6398252857144
2025-04-19,51,52,08:20-08:40,11.280020619047491
2025-04-19,100,101,16:30-16:50,51.143654699526905
2025-04-19,105,116,17:20-19:20,362.35422139523837
2025-04-19,118,125,19:30-20:50,170.02802152380906
2025-04-19,129,130,21:20-21:40,13.300446666666744
2025-04-19,132,134,21:50-22:20,30.25597733333325
2025-04-19,138,138,22:50-23:00,1.8455333333333783
2025-04-19,142,142,23:30-23:40,1.40897166666673
2025-04-20,1,1,00:00-00:10,7.420032666666657
2025-04-20,4,5,00:30-00:50,24.08136033333335
2025-04-20,7,11,01:00-01:50,46.72289766666643
2025-04-20,13,15,02:00-02:30,83.37741333333338
2025-04-20,18,19,02:50-03:10,29.159753333333242
2025-04-20,21,26,03:20-04:20,110.04356885714303
2025-04-20,29,30,04:40-05:00,91.66434333333336
2025-04-20,32,33,05:10-05:30,42.02915661904785
2025-04-20,35,57,05:40-09:30,1829.834401190477
2025-04-20,87,87,14:20-14:30,2.0062500000001364
2025-04-20,94,95,15:30-15:50,15.756454095238269
2025-04-20,98,101,16:10-16:50,95.0320838095239
2025-04-20,103,104,17:00-17:20,57.715009047619105
2025-04-20,106,116,17:30-19:20,217.44551423809625
2025-04-20,118,125,19:30-20:50,173.65326419047597
2025-04-20,129,130,21:20-21:40,25.408532666666588
2025-04-20,133,133,22:00-22:10,2.508167333333404
2025-04-20,143,144,23:40-24:00,16.40867533333335
2025-04-21,1,1,00:00-00:10,6.102369999999837
2025-04-21,3,9,00:20-01:30,138.58059733333312
2025-04-21,13,14,02:00-02:20,15.892393333333416
2025-04-21,16,20,02:30-03:20,116.98095100000012
2025-04-21,22,22,03:30-03:40,24.151111428571337
2025-04-21,25,33,04:00-05:30,278.24448838095276
2025-04-21,35,54,05:40-09:00,1334.226049142857
2025-04-21,108,110,17:50-18:20,98.83264542857142
2025-04-21,112,116,18:30-19:20,113.65462171428561
2025-04-21,118,125,19:30-20:50,217.81121585714243
2025-04-21,127,130,21:00-21:40,70.88144366666688
2025-04-21,133,133,22:00-22:10,0.11653066666644918
2025-04-21,136,136,22:30-22:40,24.710536000000047
2025-04-22,3,5,00:20-00:50,48.07896866666681
2025-04-22,7,8,01:00-01:20,35.734963333333326
2025-04-22,10,14,01:30-02:20,109.81919366666648
2025-04-22,16,18,02:30-03:00,70.74036333333322
2025-04-22,21,27,03:20-04:30,165.31618195238119
2025-04-22,30,31,04:50-05:10,74.68475538095277
2025-04-22,35,56,05:40-09:20,1473.7856244285715
2025-04-22,87,90,14:20-15:00,186.07264285714268
2025-04-22,92,93,15:10-15:30,164.3914583380921
2025-04-22,99,99,16:20-16:30,30.15360309523828
2025-04-22,104,105,17:10-17:30,19.55240338095217
2025-04-22,108,115,17:50-19:10,334.3516566886577
2025-04-22,118,119,19:30-19:50,109.0204894761905
2025-04-22,121,122,20:00-20:20,132.21342896185752
2025-04-22,124,125,20:30-20:50,62.03287301162504
2025-04-22,128,131,21:10-21:50,118.59090668999838
2025-04-22,139,139,23:00-23:10,1.8783776666666654
2025-04-22,143,144,23:40-24:00,16.54508533333319
2025-04-23,1,1,00:00-00:10,24.45564333333334
2025-04-23,3,3,00:20-00:30,13.090000000000032
2025-04-23,6,7,00:50-01:10,51.57244000000014
2025-04-23,10,12,01:30-02:00,21.703657000000362
2025-04-23,14,14,02:10-02:20,8.525681443669896
2025-04-23,18,22,02:50-03:40,42.30299099252716
2025-04-23,25,26,04:00-04:20,23.30469952380971
2025-04-23,30,30,04:50-05:00,1.1068333333334976
2025-04-23,32,32,05:10-05:20,15.361566666666818
2025-04-23,34,54,05:30-09:00,1424.3538120952383
2025-04-23,89,90,14:40-15:00,9.229414725274864
2025-04-23,103,105,17:00-17:30,14.150077619047408
2025-04-23,108,108,17:50-18:00,0.03257142857152928
2025-04-23,110,116,18:10-19:20,362.8834384223412
2025-04-23,118,125,19:30-20:50,207.17436071378825
2025-04-23,127,131,21:00-21:50,105.7626443333337
2025-04-23,144,144,23:50-24:00,6.298566666666602
2025-04-24,1,1,00:00-00:10,17.325353333333396
2025-04-24,4,4,00:30-00:40,29.908307333333482
2025-04-24,7,8,01:00-01:20,21.44043000000022
2025-04-24,12,15,01:50-02:30,44.66938281964394
2025-04-24,21,22,03:20-03:40,9.984126666666464
2025-04-24,25,25,04:00-04:10,4.862734285714267
2025-04-24,33,33,05:20-05:30,14.999892857142958
2025-04-24,35,54,05:40-09:00,1361.8226237619049
2025-04-24,57,57,09:20-09:30,19.835781190476382
2025-04-24,103,111,17:00-18:30,232.46498633333343
2025-04-24,113,114,18:40-19:00,46.84781895238109
2025-04-24,116,118,19:10-19:40,132.4482114761904
2025-04-24,120,124,19:50-20:40,127.062843428571
2025-04-24,127,130,21:00-21:40,86.80777128806562
2025-04-24,144,144,23:50-24:00,11.540746666666564
2025-04-25,1,1,00:00-00:10,31.33538266666659
2025-04-25,4,5,00:30-00:50,75.1994453333333
2025-04-25,8,9,01:10-01:30,36.864370000000406
2025-04-25,11,21,01:40-03:30,222.17555833333302
2025-04-25,24,26,03:50-04:20,143.28449123809543
2025-04-25,28,30,04:30-05:00,112.65290228571428
2025-04-25,32,42,05:10-07:00,444.0439920952386
2025-04-25,44,45,07:10-07:30,42.15942180952379
2025-04-25,54,54,08:50-09:00,6.476863333333085
2025-04-25,103,113,17:00-18:50,380.3531274761915
2025-04-25,115,123,19:00-20:30,248.981243666667
2025-04-25,125,126,20:40-21:00,39.54413499999998
2025-04-25,130,131,21:30-21:50,51.04958999999997
2025-04-25,133,133,22:00-22:10,7.806969666666646
2025-04-25,136,137,22:30-22:50,48.026609000000235
2025-04-25,142,142,23:30-23:40,36.3885416666667
2025-04-26,1,8,00:00-01:20,185.28137933333323
2025-04-26,11,17,01:40-02:50,205.19810599999994
2025-04-26,19,21,03:00-03:30,70.67610699999977
2025-04-26,23,27,03:40-04:30,189.6953581904761
2025-04-26,29,31,04:40-05:10,93.8423418571428
2025-04-26,34,43,05:30-07:10,386.7371616666667
2025-04-26,45,45,07:20-07:30,1.2266952380952034
2025-04-26,99,107,16:20-17:50,381.3662952857123
2025-04-26,109,122,18:00-20:20,436.2610021428577
2025-04-26,124,126,20:30-21:00,93.68629499999997
2025-04-26,130,131,21:30-21:50,30.934836666666627
2025-04-26,135,135,22:20-22:30,43.75603333333356
2025-04-27,2,4,00:10-00:40,115.70577433333324
2025-04-27,7,8,01:00-01:20,57.39894000000015
2025-04-27,13,24,02:00-04:00,249.82143799999938
2025-04-27,26,28,04:10-04:40,22.714985571428528
2025-04-27,30,32,04:50-05:20,36.443841095237886
2025-04-27,35,55,05:40-09:10,1598.3156355238102
2025-04-27,64,64,10:30-10:40,46.01770442857105
2025-04-27,90,105,14:50-17:30,821.4323074999998
2025-04-27,108,109,17:50-18:10,111.92727143809562
2025-04-27,112,113,18:30-18:50,65.8873256666669
2025-04-27,115,122,19:00-20:20,239.24431623809517
2025-04-27,124,124,20:30-20:40,20.60401333333334
2025-04-27,127,130,21:00-21:40,75.71506766666676
2025-04-27,134,134,22:10-22:20,3.774445000000128
2025-04-27,139,139,23:00-23:10,1.7079130000001896
2025-04-27,143,144,23:40-24:00,46.0357406666667
2025-04-28,1,8,00:00-01:20,193.1539793333336
2025-04-28,10,12,01:30-02:00,107.98396000000025
2025-04-28,14,18,02:10-03:00,136.69642499999998
2025-04-28,20,21,03:10-03:30,40.96649999999977
2025-04-28,24,28,03:50-04:40,125.65738128571412
2025-04-28,31,32,05:00-05:20,46.16708428571428
2025-04-28,35,59,05:40-09:50,2247.853295619048
2025-04-28,87,99,14:20-16:30,826.258897880952
2025-04-28,101,102,16:40-17:00,57.59854809523779
2025-04-28,105,127,17:20-21:10,4973.407601746666
2025-04-28,129,131,21:20-21:50,47.9137300000001
2025-04-28,141,141,23:20-23:30,2.2114400000000387
2025-04-28,144,144,23:50-24:00,16.642370000000028
2025-04-29,1,1,00:00-00:10,6.734810000000039
2025-04-29,4,4,00:30-00:40,11.657133333333377
2025-04-29,7,8,01:00-01:20,13.70700799999986
2025-04-29,11,12,01:40-02:00,11.466926666666495
2025-04-29,14,14,02:10-02:20,7.122151314047414
2025-04-29,16,18,02:30-03:00,68.33680266666647
2025-04-29,24,24,03:50-04:00,11.639666666666585
2025-04-29,26,27,04:10-04:30,30.361515714285694
2025-04-29,29,32,04:40-05:20,45.547008428571566
2025-04-29,35,53,05:40-08:50,1272.2601609523815
2025-04-29,89,90,14:40-15:00,38.341145238095464
2025-04-29,93,104,15:20-17:20,547.875262761904
2025-04-29,108,113,17:50-18:50,148.6372570571428
2025-04-29,115,116,19:00-19:20,96.48374066666656
2025-04-29,118,123,19:30-20:30,197.3464755238092
2025-04-29,131,131,21:40-21:50,5.832183899999677
2025-04-29,135,135,22:20-22:30,10.552449999999908
2025-04-29,141,142,23:20-23:40,14.634306000000151
2025-04-30,1,2,00:00-00:20,54.22364266666659
2025-04-30,4,5,00:30-00:50,7.992855333333409
2025-04-30,7,11,01:00-01:50,83.55758100000025
2025-04-30,13,16,02:00-02:40,156.43624666666665
2025-04-30,22,24,03:30-04:00,48.53936142857142
2025-04-30,27,33,04:20-05:30,107.04142666666682
2025-04-30,35,52,05:40-08:40,1167.5817213333335
2025-04-30,62,62,10:10-10:20,19.710105571427903
2025-04-30,105,105,17:20-17:30,16.43345904761901
2025-04-30,108,108,17:50-18:00,13.31901190476188
2025-04-30,111,129,18:20-21:30,687.8349080982299
2025-04-30,133,133,22:00-22:10,6.78059200000007
2025-04-30,143,144,23:40-24:00,19.852614000000358
2025-05-01,1,1,00:00-00:10,56.09318766666672
2025-05-01,3,7,00:20-01:10,41.04646199999979
2025-05-01,10,11,01:30-01:50,29.547230333333232
2025-05-01,13,17,02:00-02:50,82.08191666666664
2025-05-01,19,28,03:00-04:40,217.47611733333298
2025-05-01,31,32,05:00-05:20,86.93544842857153
2025-05-01,35,55,05:40-09:10,1551.4753633809528
2025-05-01,96,97,15:50-16:10,33.35854428571429
2025-05-01,99,113,16:20-18:50,1123.9343250895172
2025-05-01,115,116,19:00-19:20,121.05230876190456
2025-05-01,118,119,19:30-19:50,90.87054357142847
2025-05-01,122,132,20:10-22:00,1135.4660722999965
2025-05-01,134,134,22:10-22:20,18.298084333333236
2025-05-01,141,141,23:20-23:30,40.32767999999987
2025-05-02,1,3,00:00-00:30,64.57079600000014
2025-05-02,8,14,01:10-02:20,145.67679766666686
2025-05-02,16,18,02:30-03:00,96.77217333333346
2025-05-02,21,33,03:20-05:30,313.6511067619049
2025-05-02,35,45,05:40-07:30,559.514795
2025-05-02,98,101,16:10-16:50,304.6328733809521
2025-05-02,103,109,17:00-18:10,446.68472590476324
2025-05-02,111,119,18:20-19:50,256.340327
2025-05-02,121,131,20:00-21:50,1328.9332760723123
2025-05-02,134,134,22:10-22:20,44.5523
2025-05-02,142,143,23:30-23:50,29.473283333333256
2025-05-03,1,2,00:00-00:20,30.35499933333341
2025-05-03,4,4,00:30-00:40,31.264909999999986
2025-05-03,7,9,01:00-01:30,123.11172799999997
2025-05-03,11,13,01:40-02:10,29.361677999999756
2025-05-03,15,21,02:20-03:30,133.52475566666664
2025-05-03,23,27,03:40-04:30,126.18430480952401
2025-05-03,29,44,04:40-07:20,670.0057185238096
2025-05-03,98,111,16:10-18:30,656.1651582857145
2025-05-03,113,115,18:40-19:10,135.70219447619053
2025-05-03,117,120,19:20-20:00,149.84870214285718
2025-05-03,122,123,20:10-20:30,31.414170904762216
2025-05-03,125,131,20:40-21:50,667.2206676666669
2025-05-03,134,134,22:10-22:20,2.633158000000037
2025-05-04,1,1,00:00-00:10,10.960120000000074
2025-05-04,3,4,00:20-00:40,34.76472333333322
2025-05-04,6,8,00:50-01:20,50.651816666666605
2025-05-04,16,21,02:30-03:30,69.15082438095465
2025-05-04,25,26,04:00-04:20,48.577246428571414
2025-05-04,31,32,05:00-05:20,49.627309380952376
2025-05-04,34,35,05:30-05:50,68.65431538095287
2025-05-04,37,42,06:00-07:00,310.7194512380949
2025-05-04,44,53,07:10-08:50,830.3439130476193
2025-05-04,100,109,16:30-18:10,292.5570800904752
2025-05-04,111,113,18:20-18:50,163.97407690476206
2025-05-04,115,116,19:00-19:20,32.98448152380945
2025-05-04,118,132,19:30-22:00,1055.9520918679943
2025-05-05,1,2,00:00-00:20,28.639288999999962
2025-05-05,6,6,00:50-01:00,14.377783333333355
2025-05-05,9,9,01:20-01:30,9.075709999999958
2025-05-05,13,14,02:00-02:20,104.00867733333314
2025-05-05,29,33,04:40-05:30,63.01032561904745
2025-05-05,35,57,05:40-09:30,1566.6542191428573
2025-05-05,99,125,16:20-20:50,3916.9380667912674
2025-05-05,127,128,21:00-21:20,44.16809106995868
2025-05-05,130,130,21:30-21:40,8.946782100000064
2025-05-05,134,134,22:10-22:20,16.83874999999989
2025-05-06,4,5,00:30-00:50,54.49321533333318
2025-05-06,7,8,01:00-01:20,10.132046666666724
2025-05-06,14,16,02:10-02:40,37.28515666666635
2025-05-06,19,20,03:00-03:20,65.33367999999996
2025-05-06,22,22,03:30-03:40,1.2393816666668727
2025-05-06,25,27,04:00-04:30,94.69918690476192
2025-05-06,31,32,05:00-05:20,18.298255238095138
2025-05-06,35,59,05:40-09:50,1624.0345062380964
2025-05-06,94,95,15:30-15:50,32.12358714285722
2025-05-06,100,113,16:30-18:50,697.0664946045841
2025-05-06,115,117,19:00-19:30,383.14220563185876
2025-05-06,119,120,19:40-20:00,266.97659771428596
2025-05-06,122,125,20:10-20:50,380.4239930952382
2025-05-06,128,132,21:10-22:00,170.57266876666642
2025-05-07,3,4,00:20-00:40,13.375936666666576
2025-05-07,15,15,02:20-02:30,2.0947366666667904
2025-05-07,18,18,02:50-03:00,5.797666666666487
2025-05-07,22,22,03:30-03:40,8.344193333333351
2025-05-07,25,25,04:00-04:10,7.146365666666611
2025-05-07,31,32,05:00-05:20,34.89330243160671
2025-05-07,35,56,05:40-09:20,1597.0348619523813
2025-05-07,88,95,14:30-15:50,451.8164216637283
2025-05-07,97,125,16:00-20:50,2630.8604825807092
2025-05-07,128,131,21:10-21:50,109.05618543333321
2025-05-08,16,16,02:30-02:40,8.204186666666715
2025-05-08,19,19,03:00-03:10,5.62338566666665
2025-05-08,29,31,04:40-05:10,70.293526904762
2025-05-08,35,57,05:40-09:30,1501.2905147142858
2025-05-08,87,92,14:20-15:20,429.79011523809527
2025-05-08,94,95,15:30-15:50,100.41439190476228
2025-05-08,106,109,17:30-18:10,286.75392283333406
2025-05-08,112,125,18:30-20:50,1853.74684332708
2025-05-08,128,128,21:10-21:20,4.705259999999953
2025-05-08,130,131,21:30-21:50,103.40694579999982
2025-05-08,142,142,23:30-23:40,1.5069846666667672
2025-05-09,1,1,00:00-00:10,51.2822323333333
2025-05-09,4,7,00:30-01:10,113.15447899999987
2025-05-09,9,12,01:20-02:00,62.62972666666673
2025-05-09,15,19,02:20-03:10,145.29413566666653
2025-05-09,24,30,03:50-05:00,184.7904258571429
2025-05-09,32,45,05:10-07:30,599.8329540476187
2025-05-09,99,99,16:20-16:30,4.632916666666688
2025-05-09,101,110,16:40-18:20,333.5894068845291
2025-05-09,112,117,18:30-19:30,188.036040333333
2025-05-09,119,125,19:40-20:50,205.82922747619068
2025-05-09,128,131,21:10-21:50,53.28004500000014
2025-05-10,1,2,00:00-00:20,12.652042333333327
2025-05-10,4,5,00:30-00:50,37.26920633333344
2025-05-10,7,9,01:00-01:30,70.77020700000003
2025-05-10,11,12,01:40-02:00,43.30338333333344
2025-05-10,15,20,02:20-03:20,196.62742271428556
2025-05-10,24,26,03:50-04:20,156.2298497619048
2025-05-10,28,44,04:30-07:20,633.3912745714284
2025-05-10,46,47,07:30-07:50,25.894133333333343
2025-05-10,98,102,16:10-17:00,182.63177628571384
2025-05-10,107,113,17:40-18:50,245.22374966666658
2025-05-10,116,125,19:10-20:50,276.9666653333336
2025-05-10,128,129,21:10-21:30,53.92420436214002
2025-05-10,144,144,23:50-24:00,3.3790966666667828
2025-05-11,6,6,00:50-01:00,5.172333333333086
2025-05-11,9,10,01:20-01:40,7.212513333333504
2025-05-11,13,14,02:00-02:20,43.150832198707235
2025-05-11,16,17,02:30-02:50,27.100483333333386
2025-05-11,20,21,03:10-03:30,21.10268476190482
2025-05-11,24,25,03:50-04:10,10.105377142857265
2025-05-11,28,29,04:30-04:50,43.601842857142984
2025-05-11,32,32,05:10-05:20,3.2524442857143416
2025-05-11,36,59,05:50-09:50,1378.2470840000003
2025-05-11,86,89,14:10-14:50,191.71713333333355
2025-05-11,93,95,15:20-15:50,95.28141333333292
2025-05-11,106,107,17:30-17:50,62.05061509523824
2025-05-11,109,113,18:00-18:50,232.6915422857143
2025-05-11,115,117,19:00-19:30,223.34835928158157
2025-05-11,119,125,19:40-20:50,688.395093333333
2025-05-11,130,130,21:30-21:40,13.801293333333206
2025-05-12,10,11,01:30-01:50,35.1591659999998
2025-05-12,14,15,02:10-02:30,17.94477100000006
2025-05-12,18,19,02:50-03:10,68.99885333333339
2025-05-12,26,26,04:10-04:20,5.231137142857139
2025-05-12,35,45,05:40-07:30,396.1139229047615
2025-05-12,47,54,07:40-09:00,492.1554817619044
2025-05-12,95,95,15:40-15:50,8.97845714285711
2025-05-12,97,98,16:00-16:20,47.43899666666675
2025-05-12,100,111,16:30-18:30,421.97574480952414
2025-05-12,114,117,18:50-19:30,159.93865566666636
2025-05-12,120,125,19:50-20:50,140.03699514285745
2025-05-13,6,6,00:50-01:00,5.6730000000001155
2025-05-13,13,14,02:00-02:20,9.727914905958414
2025-05-13,22,22,03:30-03:40,6.3939600000001064
2025-05-13,25,27,04:00-04:30,52.890440096440294
2025-05-13,35,36,05:40-06:00,82.41951166666686
2025-05-13,38,56,06:10-09:20,1338.2574499047619
2025-05-13,97,98,16:00-16:20,16.321785055849773
2025-05-13,107,111,17:40-18:30,101.72917309523783
2025-05-13,113,115,18:40-19:10,137.0518788095235
2025-05-13,118,120,19:30-20:00,86.12321295238121
2025-05-13,122,124,20:10-20:40,72.57486435222052
2025-05-13,128,128,21:10-21:20,1.7278066666667655
2025-05-13,130,130,21:30-21:40,4.246059999999829
2025-05-14,13,14,02:00-02:20,42.057426666666856
2025-05-14,21,24,03:20-04:00,101.66951431822028
2025-05-14,28,30,04:30-05:00,63.79650952380955
2025-05-14,35,54,05:40-09:00,1165.3464848571432
2025-05-14,94,94,15:30-15:40,7.4152706190476465
2025-05-14,103,104,17:00-17:20,74.4789381246311
2025-05-14,106,115,17:30-19:10,236.49424119047578
2025-05-14,118,120,19:30-20:00,142.84783847619076
2025-05-14,122,124,20:10-20:40,71.38431466666668
2025-05-14,128,129,21:10-21:30,25.469346666666638
2025-05-15,12,12,01:50-02:00,25.735999999999876
2025-05-15,16,18,02:30-03:00,40.61483033333309
2025-05-15,27,29,04:20-04:50,70.40688176190507
2025-05-15,35,53,05:40-08:50,1185.7043684285718
2025-05-15,87,89,14:20-14:50,55.5490833333331
2025-05-15,92,93,15:10-15:30,19.029888571428387
2025-05-15,95,100,15:40-16:40,331.5748225796599
2025-05-15,105,105,17:20-17:30,23.47849999999977
2025-05-15,108,111,17:50-18:30,57.657338647620854
2025-05-15,113,114,18:40-19:00,88.58309761904748
2025-05-15,117,122,19:20-20:20,156.82928871428624
2025-05-15,128,128,21:10-21:20,17.98155966666684
2025-05-16,1,3,00:00-00:30,88.89928999999995
2025-05-16,6,6,00:50-01:00,19.393333333333317
2025-05-16,8,17,01:10-02:50,203.2547813333336
2025-05-16,19,20,03:00-03:20,75.77268357142833
2025-05-16,23,24,03:40-04:00,46.81712095238089
2025-05-16,26,33,04:10-05:30,230.2315850000003
2025-05-16,35,37,05:40-06:10,130.57802676190465
2025-05-16,39,43,06:20-07:10,132.17684380952372
2025-05-16,106,107,17:30-17:50,20.998369380952084
2025-05-16,109,113,18:00-18:50,203.00715476190473
2025-05-16,115,118,19:00-19:40,63.58554147619026
2025-05-16,121,122,20:00-20:20,133.76896000000028
2025-05-16,127,128,21:00-21:20,63.261029666666786
2025-05-16,131,131,21:40-21:50,17.510217333333117
2025-05-16,142,142,23:30-23:40,0.15616933333330962
2025-05-17,1,3,00:00-00:30,62.78858066666646
2025-05-17,7,10,01:00-01:40,107.97544166666694
2025-05-17,12,14,01:50-02:20,69.61399666666648
2025-05-17,16,18,02:30-03:00,86.4809766666666
2025-05-17,20,42,03:10-07:00,599.3716440000003
2025-05-17,99,102,16:20-17:00,220.74891436666917
2025-05-17,104,105,17:10-17:30,22.119011809523528
2025-05-17,108,112,17:50-18:40,208.46107357142844
2025-05-17,115,118,19:00-19:40,176.00413957142842
2025-05-17,121,123,20:00-20:30,101.8736810476189
2025-05-18,4,5,00:30-00:50,7.552994666666791
2025-05-18,9,11,01:20-01:50,49.215312000000154
2025-05-18,13,15,02:00-02:30,91.24070866666682
2025-05-18,17,18,02:40-03:00,43.09446999999989
2025-05-18,21,30,03:20-05:00,143.68898747701854
2025-05-18,33,33,05:20-05:30,19.585594523809505
2025-05-18,35,54,05:40-09:00,1336.750868142857
2025-05-18,107,116,17:40-19:20,1469.7390806835804
2025-05-18,118,120,19:30-20:00,150.58341714285655
2025-05-18,122,124,20:10-20:40,285.7256524761908
2025-05-18,128,128,21:10-21:20,27.26811333333319
2025-05-18,130,130,21:30-21:40,26.07212436666657
2025-05-19,11,12,01:40-02:00,8.319559999999683
2025-05-19,14,14,02:10-02:20,9.797726666666563
2025-05-19,22,22,03:30-03:40,2.226153333333371
2025-05-19,28,28,04:30-04:40,13.78157571428564
2025-05-19,33,33,05:20-05:30,1.3625788095240026
2025-05-19,35,53,05:40-08:50,1174.082229333334
2025-05-19,55,55,09:00-09:10,7.785750000000007
2025-05-19,97,97,16:00-16:10,2.6950047619048974
2025-05-19,99,99,16:20-16:30,0.642958927478162
2025-05-19,108,109,17:50-18:10,78.5921660476194
2025-05-19,113,119,18:40-19:50,131.7491394285716
2025-05-19,121,123,20:00-20:30,185.61027438095246
2025-05-19,129,129,21:20-21:30,54.51800000000014
2025-05-20,6,7,00:50-01:10,6.55896000000007
2025-05-20,14,15,02:10-02:30,32.060703333333436
2025-05-20,17,17,02:40-02:50,8.683346666666694
2025-05-20,21,22,03:20-03:40,19.327559523809338
2025-05-20,34,35,05:30-05:50,43.56431761904753
2025-05-20,37,54,06:00-09:00,1284.1193470476196
2025-05-20,85,85,14:00-14:10,14.661533333333182
2025-05-20,89,89,14:40-14:50,56.34191666666652
2025-05-20,93,95,15:20-15:50,255.82973502785387
2025-05-20,108,114,17:50-19:00,798.4467189736262
2025-05-20,116,125,19:10-20:50,1402.1846239047634
2025-05-20,129,131,21:20-21:50,51.38509516666636
2025-05-21,8,8,01:10-01:20,0.12650899999982812
2025-05-21,12,12,01:50-02:00,7.161253333333434
2025-05-21,17,18,02:40-03:00,91.82794666666655
2025-05-21,21,21,03:20-03:30,0.31484333333298764
2025-05-21,28,29,04:30-04:50,62.66906190476165
2025-05-21,33,33,05:20-05:30,7.240918333333283
2025-05-21,35,55,05:40-09:10,1257.6830487142865
2025-05-21,89,90,14:40-15:00,66.99073512639598
2025-05-21,92,98,15:10-16:20,366.82645985714277
2025-05-21,101,101,16:40-16:50,5.057371428571344
2025-05-21,108,111,17:50-18:30,160.55292552380996
2025-05-21,114,114,18:50-19:00,26.408500952380905
2025-05-21,116,118,19:10-19:40,115.01158752380945
2025-05-21,121,121,20:00-20:10,3.347438000000011
2025-05-21,123,125,20:20-20:50,86.49322390476152
2025-05-21,130,130,21:30-21:40,23.795006666666495
2025-05-22,7,8,01:00-01:20,18.95657666666682
2025-05-22,10,11,01:30-01:50,13.042835666666633
2025-05-22,19,19,03:00-03:10,10.091239666666638
2025-05-22,25,25,04:00-04:10,20.967983633452363
2025-05-22,28,29,04:30-04:50,38.79660285714286
2025-05-22,33,35,05:20-05:50,56.49974880952358
2025-05-22,37,54,06:00-09:00,1320.8031201904764
2025-05-22,95,95,15:40-15:50,21.742419047619023
2025-05-22,97,99,16:00-16:30,100.8804019047625
2025-05-22,102,102,16:50-17:00,10.8291785714286
2025-05-22,108,111,17:50-18:30,148.06085566666627
2025-05-22,114,117,18:50-19:30,116.20273385714245
2025-05-22,119,120,19:40-20:00,35.845432380952275
2025-05-22,122,123,20:10-20:30,86.93418747619083
2025-05-23,2,3,00:10-00:30,45.86108999999988
2025-05-23,5,7,00:40-01:10,84.99507766666665
2025-05-23,11,22,01:40-03:40,254.70422976190483
2025-05-23,24,42,03:50-07:00,594.3601189523813
2025-05-23,99,100,16:20-16:40,46.51369195238113
2025-05-23,103,103,17:00-17:10,3.514473333333399
2025-05-23,108,112,17:50-18:40,130.07206342857154
2025-05-23,115,116,19:00-19:20,63.36455980952371
2025-05-23,118,119,19:30-19:50,59.48804633333344
2025-05-23,122,125,20:10-20:50,74.71031100000005
2025-05-23,144,144,23:50-24:00,2.6018233333334138
2025-05-24,1,7,00:00-01:10,152.81885933333314
2025-05-24,10,20,01:30-03:20,209.08371733333337
2025-05-24,23,25,03:40-04:10,124.29835533333352
2025-05-24,27,30,04:20-05:00,121.16599085714302
2025-05-24,32,33,05:10-05:30,37.75458442857153
2025-05-24,35,41,05:40-06:50,250.81371495238102
2025-05-24,108,109,17:50-18:10,75.40703704761881
2025-05-24,111,113,18:20-18:50,54.338917952380655
2025-05-24,115,116,19:00-19:20,103.54070404761904
2025-05-24,119,120,19:40-20:00,8.264461523809757
2025-05-24,122,124,20:10-20:40,59.881305428571125
2025-05-24,128,130,21:10-21:40,14.858952333333377
2025-05-25,8,9,01:10-01:30,25.743813333333378
2025-05-25,11,11,01:40-01:50,4.956443333333368
2025-05-25,16,17,02:30-02:50,27.03859033333333
2025-05-25,25,25,04:00-04:10,20.060820952381157
2025-05-25,28,29,04:30-04:50,38.6440799999998
2025-05-25,34,54,05:30-09:00,1289.048278714286
2025-05-25,97,99,16:00-16:30,40.35125285714287
2025-05-25,102,102,16:50-17:00,23.48694047619034
2025-05-25,110,111,18:10-18:30,57.06040095238126
2025-05-25,114,114,18:50-19:00,25.132346190476255
2025-05-25,117,118,19:20-19:40,90.04778842857161
2025-05-25,121,121,20:00-20:10,26.594881999999984
2025-05-25,124,125,20:30-20:50,73.78658733333316
2025-05-25,130,130,21:30-21:40,35.122313333333295
2025-05-26,2,2,00:10-00:20,5.213220999999976
2025-05-26,8,9,01:10-01:30,51.08270633333336
2025-05-26,12,12,01:50-02:00,29.928666666666572
2025-05-26,16,18,02:30-03:00,34.02488299999993
2025-05-26,26,29,04:10-04:50,52.15314914285757
2025-05-26,31,32,05:00-05:20,28.467523476190443
2025-05-26,35,55,05:40-09:10,1471.4539913333338
2025-05-26,99,99,16:20-16:30,2.277369047619004
2025-05-26,103,103,17:00-17:10,4.4651271428567725
2025-05-26,108,109,17:50-18:10,46.77784476190476
2025-05-26,111,114,18:20-19:00,892.8760933333331
2025-05-26,116,124,19:10-20:40,2636.4160202764047
2025-05-26,130,131,21:30-21:50,39.5586711333332
2025-05-27,1,1,00:00-00:10,9.983266333333177
2025-05-27,10,10,01:30-01:40,5.724463333333347
2025-05-27,13,15,02:00-02:30,25.74135933333355
2025-05-27,17,18,02:40-03:00,40.62161000000003
2025-05-27,20,24,03:10-04:00,101.77356580952444
2025-05-27,27,29,04:20-04:50,58.77639166666674
2025-05-27,33,33,05:20-05:30,2.5345595238094774
2025-05-27,35,39,05:40-06:30,169.9728953333335
2025-05-27,41,53,06:40-08:50,1030.9595537142854
2025-05-27,95,95,15:40-15:50,1.5221633333335376
2025-05-27,97,97,16:00-16:10,28.560090000000173
2025-05-27,108,109,17:50-18:10,42.49055941087215
2025-05-27,113,116,18:40-19:20,46.38413023809505
2025-05-27,118,118,19:30-19:40,18.6461827142856
2025-05-27,121,123,20:00-20:30,36.780357619047436
2025-05-28,5,5,00:40-00:50,1.4652366666666694
2025-05-28,7,8,01:00-01:20,20.46430333333319
2025-05-28,12,12,01:50-02:00,18.883699999999862
2025-05-28,17,20,02:40-03:20,42.46119066666688
2025-05-28,22,23,03:30-03:50,26.807480523809602
2025-05-28,28,29,04:30-04:50,18.7701760217522
2025-05-28,33,33,05:20-05:30,14.016428571428563
2025-05-28,35,56,05:40-09:20,1397.731368571429
2025-05-28,58,59,09:30-09:50,9.004733333333661
2025-05-28,101,102,16:40-17:00,58.46864433333354
2025-05-28,108,108,17:50-18:00,30.966130952381036
2025-05-28,111,111,18:20-18:30,15.663928571428485
2025-05-28,113,114,18:40-19:00,577.3557907170577
2025-05-28,116,118,19:10-19:40,788.9155127142858
2025-05-28,121,124,20:00-20:40,299.1993855714343
2025-05-29,5,5,00:40-00:50,8.383746666666639
2025-05-29,16,18,02:30-03:00,62.833133333333194
2025-05-29,21,21,03:20-03:30,4.220000000000141
2025-05-29,25,27,04:00-04:30,58.06786428571437
2025-05-29,29,30,04:40-05:00,25.896699523809502
2025-05-29,33,33,05:20-05:30,6.325143333333429
2025-05-29,35,39,05:40-06:30,179.86448995238135
2025-05-29,41,51,06:40-08:30,1032.317144952381
2025-05-29,53,56,08:40-09:20,200.70474423809532
2025-05-29,95,97,15:40-16:10,37.3817247619055
2025-05-29,101,102,16:40-17:00,11.591465366665943
2025-05-29,106,106,17:30-17:40,10.293207123810078
2025-05-29,110,112,18:10-18:40,110.13256807760226
2025-05-29,114,116,18:50-19:20,1559.7974027619052
2025-05-29,119,120,19:40-20:00,777.4564275181457
2025-05-29,122,123,20:10-20:30,283.8257633033477
2025-05-30,3,5,00:20-00:50,22.285629000000085
2025-05-30,7,8,01:00-01:20,34.158719333333465
2025-05-30,10,18,01:30-03:00,225.17205666666655
2025-05-30,20,22,03:10-03:40,155.62027300000005
2025-05-30,26,31,04:10-05:10,198.07313771428585
2025-05-30,34,43,05:30-07:10,403.10579657142864
2025-05-30,98,102,16:10-17:00,235.10195043386378
2025-05-30,105,106,17:20-17:40,62.80640633333357
2025-05-30,110,111,18:10-18:30,50.35963190476156
2025-05-30,113,114,18:40-19:00,55.05661828571414
2025-05-30,117,117,19:20-19:30,6.370572857142861
2025-05-30,119,120,19:40-20:00,4.573989000000211
2025-05-30,124,124,20:30-20:40,10.905702666666798
2025-05-31,1,1,00:00-00:10,30.331496666666624
2025-05-31,4,6,00:30-01:00,100.97273466666678
2025-05-31,8,32,01:10-05:20,581.4390956666664
2025-05-31,35,44,05:40-07:20,460.8919984761907
2025-05-31,108,108,17:50-18:00,68.87569047619058
2025-05-31,111,111,18:20-18:30,20.840479047618885
2025-05-31,113,114,18:40-19:00,86.15098809523806
2025-05-31,120,120,19:50-20:00,35.64458047619064
2025-05-31,124,125,20:30-20:50,82.6403790952381
2025-05-31,143,144,23:40-24:00,33.666008666666585
2025-06-01,1,1,00:00-00:10,114.6812133333334
2025-06-01,4,6,00:30-01:00,108.54592633333357
2025-06-01,8,9,01:10-01:30,51.755337666666605
2025-06-01,11,12,01:40-02:00,106.0120456666665
2025-06-01,14,18,02:10-03:00,114.38189733333331
2025-06-01,21,29,03:20-04:50,161.69364989006775
2025-06-01,33,33,05:20-05:30,25.92601190476178
2025-06-01,35,70,05:40-11:40,2983.5748727619043
2025-06-01,76,79,12:30-13:10,88.13410752380878
2025-06-01,81,131,13:20-21:50,10177.326562735172
2025-06-02,1,1,00:00-00:10,74.08353466666676
2025-06-02,4,14,00:30-02:20,238.47336533333373
2025-06-02,16,17,02:30-02:50,47.22994599999981
2025-06-02,19,22,03:00-03:40,90.0744174691393
2025-06-02,26,29,04:10-04:50,78.44639909523838
2025-06-02,32,33,05:10-05:30,28.61033666666654
2025-06-02,35,37,05:40-06:10,125.64857500000008
2025-06-02,39,56,06:20-09:20,1393.001905666667
2025-06-02,79,117,13:00-19:30,6926.33302274182
2025-06-02,119,120,19:40-20:00,1529.4262061904765
2025-06-02,122,131,20:10-21:50,1039.6918687830666
2025-06-02,139,139,23:00-23:10,3.604702666666526
2025-06-03,1,1,00:00-00:10,69.52877033333334
2025-06-03,5,10,00:40-01:40,150.9437366666666
2025-06-03,12,12,01:50-02:00,18.365303333333486
2025-06-03,15,15,02:20-02:30,34.87800000000004
2025-06-03,17,18,02:40-03:00,65.95797666666647
2025-06-03,22,22,03:30-03:40,0.05406380952389809
2025-06-03,25,25,04:00-04:10,4.6970144761903265
2025-06-03,28,29,04:30-04:50,38.82571547619047
2025-06-03,32,33,05:10-05:30,70.96899857142856
2025-06-03,35,36,05:40-06:00,116.45867166666658
2025-06-03,39,62,06:20-10:20,1869.5404249523806
2025-06-03,84,89,13:50-14:50,531.672766666667
2025-06-03,92,120,15:10-20:00,6197.678429398883
2025-06-03,122,131,20:10-21:50,1204.284210922201
2025-06-04,1,1,00:00-00:10,49.570466333333115
2025-06-04,4,4,00:30-00:40,9.603205666666781
2025-06-04,6,8,00:50-01:20,140.30728799999963
2025-06-04,11,15,01:40-02:30,211.08730852376817
2025-06-04,19,23,03:00-03:50,111.10241809523836
2025-06-04,25,33,04:00-05:30,277.76729666666654
2025-06-04,36,45,05:50-07:30,557.0803458095234
2025-06-04,47,60,07:40-10:00,795.8980784285712
2025-06-04,78,89,12:50-14:50,1254.3035166666666
2025-06-04,92,125,15:10-20:50,5204.208045318704
2025-06-04,127,130,21:00-21:40,146.77411588477344
2025-06-05,4,4,00:30-00:40,27.3493523333334
2025-06-05,7,9,01:00-01:30,154.2300383333337
2025-06-05,12,15,01:50-02:30,57.407004999999685
2025-06-05,17,26,02:40-04:20,316.3570305238097
2025-06-05,29,33,04:40-05:30,156.2397619047621
2025-06-05,35,45,05:40-07:30,552.0764255238093
2025-06-05,47,56,07:40-09:20,810.6257517619042
2025-06-05,58,60,09:30-10:00,104.85636666666642
2025-06-05,83,90,13:40-15:00,1156.7310452380952
2025-06-05,92,117,15:10-19:30,3739.3758239685753
2025-06-05,119,125,19:40-20:50,1791.5843457142857
2025-06-05,130,131,21:30-21:50,32.22827333333328
2025-06-05,143,143,23:40-23:50,27.576863333333336
2025-06-06,1,3,00:00-00:30,147.60737533333315
2025-06-06,5,7,00:40-01:10,102.14945366666649
2025-06-06,10,12,01:30-02:00,104.63670066666663
2025-06-06,16,18,02:30-03:00,106.28457933333323
2025-06-06,21,26,03:20-04:20,158.23564628571398
2025-06-06,28,46,04:30-07:40,1014.2190206666679
2025-06-06,92,114,15:10-19:00,4141.469437579912
2025-06-06,116,117,19:10-19:30,218.72866357523782
2025-06-06,119,125,19:40-20:50,1069.9411095238097
2025-06-06,128,128,21:10-21:20,1.1649766666669166
2025-06-07,2,3,00:10-00:30,44.75013666666672
2025-06-07,5,6,00:40-01:00,84.59762666666677
2025-06-07,10,13,01:30-02:10,76.82845966666656
2025-06-07,16,17,02:30-02:50,24.76778433333334
2025-06-07,20,20,03:10-03:20,6.824253333333331
2025-06-07,22,23,03:30-03:50,67.72133242857129
2025-06-07,25,35,04:00-05:50,301.79841123809535
2025-06-07,37,46,06:00-07:40,512.908459190476
2025-06-07,93,116,15:20-19:20,3275.857791038096
2025-06-07,119,125,19:40-20:50,1937.5531358295254
2025-06-08,15,15,02:20-02:30,1.4907416541321936
2025-06-08,25,26,04:00-04:20,15.463918095238407
2025-06-08,33,33,05:20-05:30,10.935403809523791
2025-06-08,36,43,05:50-07:10,381.3160510476187
2025-06-08,47,48,07:40-08:00,87.53328200000013
2025-06-08,50,54,08:10-09:00,207.06206109523788
2025-06-08,83,83,13:40-13:50,54.52475000000004
2025-06-08,85,89,14:00-14:50,539.3403548571426
2025-06-08,105,105,17:20-17:30,47.95430147142753
2025-06-08,107,107,17:40-17:50,21.872692666666666
2025-06-08,110,111,18:10-18:30,37.230076904761845
2025-06-08,114,116,18:50-19:20,88.47150476190473
2025-06-08,120,121,19:50-20:10,38.707636761905064
2025-06-08,125,126,20:40-21:00,28.559104761904656
2025-06-08,130,131,21:30-21:50,60.30600933333301
2025-06-09,8,8,01:10-01:20,4.116329999999948
2025-06-09,21,21,03:20-03:30,33.96899999999994
2025-06-09,23,24,03:40-04:00,84.35575666666671
2025-06-09,28,28,04:30-04:40,25.787427142860686
2025-06-09,35,43,05:40-07:10,287.8145910952384
2025-06-09,47,53,07:40-08:50,547.1068990952374
2025-06-09,55,58,09:00-09:40,179.0162499999999
2025-06-09,80,89,13:10-14:50,697.3649473333331
2025-06-09,98,106,16:10-17:40,244.27165228571715
2025-06-09,110,114,18:10-19:00,70.73273385714299
2025-06-09,116,117,19:10-19:30,20.142793714285887
2025-06-09,119,120,19:40-20:00,13.58909233333327
2025-06-09,123,123,20:20-20:30,44.408234285714
2025-06-09,143,143,23:40-23:50,1.5719133333332138
2025-06-10,1,1,00:00-00:10,9.074091666666845
2025-06-10,11,11,01:40-01:50,8.957146666666631
2025-06-10,15,15,02:20-02:30,4.335408320796432
2025-06-10,24,24,03:50-04:00,3.8244833333334327
2025-06-10,27,30,04:20-05:00,52.387441190476025
2025-06-10,36,42,05:50-07:00,207.63029623809462
2025-06-10,47,48,07:40-08:00,306.2000219999999
2025-06-10,50,59,08:10-09:50,950.8291570952381
2025-06-10,83,89,13:40-14:50,697.026981285714
2025-06-10,97,97,16:00-16:10,26.67787095238066
2025-06-10,100,101,16:30-16:50,70.31584047619077
2025-06-10,103,106,17:00-17:40,91.71490100000005
2025-06-10,110,111,18:10-18:30,63.02387595238086
2025-06-10,114,115,18:50-19:10,35.572693476190125
2025-06-10,119,119,19:40-19:50,11.580749476190363
2025-06-10,122,123,20:10-20:30,26.15890895238077
2025-06-10,126,126,20:50-21:00,28.35816142857118
2025-06-10,130,131,21:30-21:50,34.43337333333329
2025-06-11,13,13,02:00-02:10,10.157463333333226
2025-06-11,30,30,04:50-05:00,5.701792857143232
2025-06-11,36,45,05:50-07:30,454.6877780952381
2025-06-11,47,65,07:40-10:50,1784.118144904761
2025-06-11,78,86,12:50-14:20,691.0850250952385
2025-06-11,88,89,14:30-14:50,275.260039857143
2025-06-11,100,101,16:30-16:50,30.73910571428553
2025-06-11,103,104,17:00-17:20,74.87801447619069
2025-06-11,107,108,17:40-18:00,27.229659571428954
2025-06-11,110,115,18:10-19:10,69.38290019047574
2025-06-11,121,121,20:00-20:10,7.925335333333237
2025-06-11,124,124,20:30-20:40,28.618233666666924
2025-06-12,15,15,02:20-02:30,1.4096666666666806
2025-06-12,21,22,03:20-03:40,53.29308809523819
2025-06-12,35,36,05:40-06:00,69.8764629999998
2025-06-12,39,41,06:20-06:50,150.78430647619052
2025-06-12,47,58,07:40-09:40,851.5870249523819
2025-06-12,60,60,09:50-10:00,13.670833333333348
2025-06-12,63,63,10:20-10:30,0.32708333333357587
2025-06-12,78,78,12:50-13:00,4.455047619047491
2025-06-12,80,81,13:10-13:30,74.29633142857188
2025-06-12,83,89,13:40-14:50,752.9172822857146
2025-06-12,104,105,17:10-17:30,73.52455095238057
2025-06-12,109,110,18:00-18:20,42.622889476190736
2025-06-12,113,114,18:40-19:00,29.50727161904787
2025-06-12,116,117,19:10-19:30,10.983357047619222
2025-06-12,120,120,19:50-20:00,9.834190952381164
2025-06-12,124,125,20:30-20:50,56.78122242857123
2025-06-12,129,129,21:20-21:30,2.3716666666666697
2025-06-13,9,11,01:20-01:50,51.08310466666677
2025-06-13,15,19,02:20-03:10,86.04451861904755
2025-06-13,23,25,03:40-04:10,50.157782333333614
2025-06-13,27,32,04:20-05:20,86.02910799999977
2025-06-13,34,36,05:30-06:00,56.86293776190483
2025-06-13,38,46,06:10-07:40,418.92353023809557
2025-06-13,49,49,08:00-08:10,13.859816666666802
2025-06-13,97,97,16:00-16:10,7.9113542857141965
2025-06-13,100,101,16:30-16:50,41.53127952380959
2025-06-13,103,107,17:00-17:50,257.0717247585683
2025-06-13,110,114,18:10-19:00,184.72376702381152
2025-06-13,116,117,19:10-19:30,13.108733714285904
2025-06-13,119,119,19:40-19:50,0.746708523809275
2025-06-13,122,126,20:10-21:00,914.4087208571436
2025-06-14,1,3,00:00-00:30,33.073013333333165
2025-06-14,5,7,00:40-01:10,57.93100966666657
2025-06-14,14,14,02:10-02:20,34.876944333333086
2025-06-14,16,18,02:30-03:00,31.01974099999984
2025-06-14,22,23,03:30-03:50,53.86759185714291
2025-06-14,27,27,04:20-04:30,40.61466666666661
2025-06-14,30,30,04:50-05:00,3.0490357142855826
2025-06-14,32,33,05:10-05:30,46.50349790476169
2025-06-14,35,45,05:40-07:30,380.93611695238127
2025-06-14,94,95,15:30-15:50,31.574134344501772
2025-06-14,97,97,16:00-16:10,25.786981904762
2025-06-14,101,101,16:40-16:50,4.456289523809801
2025-06-14,103,104,17:00-17:20,58.21904414285706
2025-06-14,107,108,17:40-18:00,21.012922904761865
2025-06-14,110,110,18:10-18:20,3.79202109523834
2025-06-14,112,115,18:30-19:10,84.65097123809534
2025-06-14,120,121,19:50-20:10,33.45843961904757
2025-06-14,124,125,20:30-20:50,18.841803380952584
2025-06-15,36,36,05:50-06:00,29.149307142857083
2025-06-15,38,40,06:10-06:40,115.42034538095226
2025-06-15,47,56,07:40-09:20,796.5376399523813
2025-06-15,58,65,09:30-10:50,488.5798657142857
2025-06-15,79,81,13:00-13:30,82.63890904761865
2025-06-15,83,87,13:40-14:30,491.5903015238099
2025-06-15,89,89,14:40-14:50,90.65261676190464
2025-06-15,108,108,17:50-18:00,9.46312142857144
2025-06-15,111,112,18:20-18:40,55.948153761905296
2025-06-15,117,118,19:20-19:40,71.76985923809548
2025-06-15,121,122,20:00-20:20,18.40978999999991
2025-06-16,22,22,03:30-03:40,19.183278047619073
2025-06-16,25,26,04:00-04:20,14.938320952381035
2025-06-16,31,31,05:00-05:10,1.9550238095238122
2025-06-16,34,36,05:30-06:00,63.827479333333144
2025-06-16,38,42,06:10-07:00,189.1209273809522
2025-06-16,47,54,07:40-09:00,541.038921571428
2025-06-16,56,62,09:10-10:20,481.5733082380955
2025-06-16,83,89,13:40-14:50,752.631946952381
2025-06-16,108,108,17:50-18:00,29.128117142857292
2025-06-16,111,112,18:20-18:40,37.456919952380936
2025-06-16,115,116,19:00-19:20,51.20399680952414
2025-06-16,120,120,19:50-20:00,46.424966666666705
2025-06-16,124,125,20:30-20:50,55.20950804761933
2025-06-17,30,32,04:50-05:20,62.51180542856856
2025-06-17,36,42,05:50-07:00,195.69643204761866
2025-06-17,47,48,07:40-08:00,123.83771023809533
2025-06-17,50,56,08:10-09:20,313.07262719047594
2025-06-17,58,65,09:30-10:50,392.9472666666668
2025-06-17,78,83,12:50-13:50,721.1384230476194
2025-06-17,85,89,14:00-14:50,353.5808574285715
2025-06-17,108,108,17:50-18:00,9.926693571428501
2025-06-17,110,111,18:10-18:30,80.31181766666629
2025-06-17,116,117,19:10-19:30,110.49035038095269
2025-06-17,120,120,19:50-20:00,34.96930333333296
2025-06-17,123,123,20:20-20:30,34.46507809523837
2025-06-18,16,16,02:30-02:40,3.101033333333362
2025-06-18,37,42,06:00-07:00,282.3882849047623
2025-06-18,47,64,07:40-10:40,845.0320808571432
2025-06-18,84,89,13:50-14:50,471.5689715714284
2025-06-18,101,101,16:40-16:50,6.909399404761814
2025-06-18,107,107,17:40-17:50,44.736184285714444
2025-06-18,110,110,18:10-18:20,8.46122623809515
2025-06-18,112,112,18:30-18:40,9.296815666666909
2025-06-18,115,116,19:00-19:20,31.474856809524113
2025-06-18,120,120,19:50-20:00,36.22673428571443
2025-06-18,123,123,20:20-20:30,27.421176190476217
2025-06-19,29,30,04:40-05:00,49.595201904761964
2025-06-19,35,39,05:40-06:30,144.84731214285716
2025-06-19,47,54,07:40-09:00,641.051333809524
2025-06-19,56,60,09:10-10:00,255.61725952380925
2025-06-19,84,89,13:50-14:50,439.1692247142862
2025-06-19,107,107,17:40-17:50,9.837916666666757
2025-06-19,109,110,18:00-18:20,89.19514161904758
2025-06-19,115,117,19:00-19:30,109.10988966666667
2025-06-19,120,120,19:50-20:00,19.255952380952067
2025-06-19,123,126,20:20-21:00,59.64085976190493
2025-06-19,130,130,21:30-21:40,3.4980143333333444
2025-06-20,1,1,00:00-00:10,3.439579999999978
2025-06-20,7,8,01:00-01:20,46.62922000000003
2025-06-20,10,10,01:30-01:40,13.58011666666664
2025-06-20,16,17,02:30-02:50,7.83979933333319
2025-06-20,22,28,03:30-04:40,128.93041166666674
2025-06-20,30,30,04:50-05:00,4.911923333333277
2025-06-20,32,32,05:10-05:20,45.59417209523804
2025-06-20,35,42,05:40-07:00,288.1276547142859
2025-06-20,101,101,16:40-16:50,18.49447904761911
2025-06-20,108,109,17:50-18:10,50.664813571428795
2025-06-20,113,114,18:40-19:00,15.922969238095334
2025-06-20,116,117,19:10-19:30,64.9541337142856
2025-06-20,120,120,19:50-20:00,56.190010952381044
2025-06-20,124,125,20:30-20:50,42.60063690476172
2025-06-21,3,3,00:20-00:30,49.6869999999999
2025-06-21,9,9,01:20-01:30,38.96936666666659
2025-06-21,14,14,02:10-02:20,10.639884666666546
2025-06-21,17,21,02:40-03:30,89.7447583333335
2025-06-21,24,32,03:50-05:20,209.98280095238084
2025-06-21,34,38,05:30-06:20,144.6360075714284
2025-06-21,40,44,06:30-07:20,210.84064171428585
2025-06-21,107,107,17:40-17:50,12.58016980952371
2025-06-21,113,115,18:40-19:10,98.84383819047568
2025-06-21,118,118,19:30-19:40,18.695000666666715
2025-06-21,122,123,20:10-20:30,96.22935561904785
2025-06-22,16,17,02:30-02:50,32.43429666666657
2025-06-22,25,25,04:00-04:10,5.832126190476046
2025-06-22,36,40,05:50-06:40,167.72025595238063
2025-06-22,47,59,07:40-09:50,844.9223787142853
2025-06-22,80,80,13:10-13:20,44.13020952380987
2025-06-22,83,86,13:40-14:20,370.66800176190486
2025-06-22,88,89,14:30-14:50,191.91072076190494
2025-06-22,109,109,18:00-18:10,10.712147619047386
2025-06-22,116,117,19:10-19:30,35.90374038095257
2025-06-22,123,124,20:20-20:40,42.14329719047646
2025-06-23,15,15,02:20-02:30,21.43995333333328
2025-06-23,21,21,03:20-03:30,6.68333333333328
2025-06-23,24,24,03:50-04:00,20.80533333333335
2025-06-23,27,27,04:20-04:30,0.2906666666666524
2025-06-23,30,30,04:50-05:00,25.742804761901517
2025-06-23,33,33,05:20-05:30,21.299827142856955
2025-06-23,36,38,05:50-06:20,114.88271785714278
2025-06-23,40,42,06:30-07:00,187.964376047619
2025-06-23,47,58,07:40-09:40,925.9246807142858
2025-06-23,83,89,13:40-14:50,522.6730789523816
2025-06-23,109,111,18:00-18:30,42.53719152380947
2025-06-23,116,117,19:10-19:30,56.213537047619184
2025-06-23,120,120,19:50-20:00,14.167203333333191
2025-06-23,123,125,20:20-20:50,56.20699519047616
2025-06-24,21,21,03:20-03:30,0.11199999999996635
2025-06-24,27,27,04:20-04:30,0.9550466666665898
2025-06-24,31,31,05:00-05:10,1.4847695238095433
2025-06-24,35,36,05:40-06:00,55.84795666666673
2025-06-24,38,43,06:10-07:10,273.43666514285667
2025-06-24,45,65,07:20-10:50,1872.3054451428568
2025-06-24,80,82,13:10-13:40,143.2981376190478
2025-06-24,85,89,14:00-14:50,479.0705927142862
2025-06-24,108,109,17:50-18:10,135.61152527924807
2025-06-24,114,116,18:50-19:20,501.2285978921633
2025-06-24,119,119,19:40-19:50,78.31428561904818
2025-06-24,121,122,20:00-20:20,49.83011790476218
2025-06-24,124,125,20:30-20:50,91.06543733333353
2025-06-25,36,42,05:50-07:00,292.20303700000017
2025-06-25,47,65,07:40-10:50,1644.9517545238086
2025-06-25,78,78,12:50-13:00,6.73586904761919
2025-06-25,84,89,13:50-14:50,632.823475571428
2025-06-25,108,110,17:50-18:20,40.1194965020576
2025-06-25,112,113,18:30-18:50,47.780165571428604
2025-06-25,120,120,19:50-20:00,39.74119999999982
2025-06-25,131,131,21:40-21:50,6.295979999999872
2025-06-26,36,44,05:50-07:20,380.3647184761904
2025-06-26,47,63,07:40-10:30,1250.9743023333326
2025-06-26,79,79,13:00-13:10,0.45184238095203
2025-06-26,84,86,13:50-14:20,185.89306876190508
2025-06-26,88,89,14:30-14:50,212.22883457142868
2025-06-26,108,108,17:50-18:00,2.098934597295738
2025-06-26,112,112,18:30-18:40,6.581016407995399
2025-06-26,115,115,19:00-19:10,30.150507952380963
2025-06-26,118,118,19:30-19:40,38.78356400000007
2025-06-26,122,122,20:10-20:20,7.8684304761905715
2025-06-26,124,124,20:30-20:40,9.475047666666683
2025-06-27,1,1,00:00-00:10,1.7211966666666285
2025-06-27,15,16,02:20-02:40,28.135349000000076
2025-06-27,19,19,03:00-03:10,23.49939719047603
2025-06-27,23,24,03:40-04:00,50.3347633333334
2025-06-27,26,32,04:10-05:20,166.45196890476166
2025-06-27,34,44,05:30-07:20,387.07497752381363
2025-06-27,108,108,17:50-18:00,3.2025511904764414
2025-06-27,111,111,18:20-18:30,40.48327380952365
2025-06-27,114,114,18:50-19:00,45.043042619047355
2025-06-27,118,120,19:30-20:00,20.29205195238103
2025-06-27,124,124,20:30-20:40,3.754820999999879
2025-06-27,129,129,21:20-21:30,7.718666666666422
2025-06-28,6,6,00:50-01:00,8.477666666666778
2025-06-28,15,15,02:20-02:30,5.744000000000085
2025-06-28,19,19,03:00-03:10,48.08541433333329
2025-06-28,22,30,03:30-05:00,246.18067057142844
2025-06-28,32,33,05:10-05:30,15.992732761904676
2025-06-28,35,36,05:40-06:00,105.66177923809505
2025-06-28,39,47,06:20-07:50,383.36810771428594
2025-06-28,95,95,15:40-15:50,15.268607619047657
2025-06-28,99,99,16:20-16:30,28.403350229276782
2025-06-28,109,109,18:00-18:10,17.46196320952228
2025-06-28,114,114,18:50-19:00,15.875511666666625
2025-06-28,119,120,19:40-20:00,42.326024619047416
2025-06-28,124,124,20:30-20:40,8.83315099999993
2025-06-29,27,28,04:20-04:40,19.584048571428536
2025-06-29,36,44,05:50-07:20,294.6155530476193
2025-06-29,47,58,07:40-09:40,902.9764379047613
2025-06-29,60,61,09:50-10:10,43.07866666666655
2025-06-29,84,89,13:50-14:50,280.8645364285718
2025-06-29,109,111,18:00-18:30,67.40339388006961
2025-06-29,115,115,19:00-19:10,1.8139779523808102
2025-06-29,118,119,19:30-19:50,41.26002061904762
2025-06-29,123,123,20:20-20:30,6.708932380952547
2025-06-30,24,24,03:50-04:00,2.4163333333332275
2025-06-30,28,28,04:30-04:40,12.512753619047578
2025-06-30,36,45,05:50-07:30,526.8981702380951
2025-06-30,47,56,07:40-09:20,623.8151570952377
2025-06-30,58,64,09:30-10:40,642.3304213809527
2025-06-30,84,89,13:50-14:50,437.04899166666604
2025-06-30,109,109,18:00-18:10,41.57216470299929
2025-06-30,114,114,18:50-19:00,37.088395476190726
2025-06-30,117,118,19:20-19:40,82.63926209523845
2025-06-30,123,124,20:20-20:40,30.91622528571463
2025-06-30,144,144,23:50-24:00,37.44266666666681
2025-07-01,1,1,00:00-00:10,45.39630099999988
2025-07-01,10,10,01:30-01:40,26.473432666666668
2025-07-01,12,13,01:50-02:10,56.06121733333339
2025-07-01,16,17,02:30-02:50,71.2359316666666
2025-07-01,19,20,03:00-03:20,111.87992980952379
2025-07-01,23,26,03:40-04:20,152.35719280952395
2025-07-01,28,31,04:30-05:10,75.1375514761905
2025-07-01,35,35,05:40-05:50,8.046757571428941
2025-07-01,37,38,06:00-06:20,69.67206747619036
2025-07-01,40,42,06:30-07:00,195.76674928571424
2025-07-01,45,45,07:20-07:30,12.914976190476068
2025-07-01,48,61,07:50-10:10,1134.886309238095
2025-07-01,83,84,13:40-14:00,157.0253333333335
2025-07-01,86,89,14:10-14:50,358.2807210952375
2025-07-01,101,101,16:40-16:50,12.276763690476173
2025-07-01,107,107,17:40-17:50,28.247294285714702
2025-07-01,110,112,18:10-18:40,109.12755652380926
2025-07-01,115,116,19:00-19:20,19.683385761904844
2025-07-01,118,120,19:30-20:00,18.80527847619055
2025-07-01,126,127,20:50-21:10,60.442425333333404
2025-07-01,130,131,21:30-21:50,86.66565990475956
2025-07-01,134,134,22:10-22:20,27.954243333333352
2025-07-02,1,1,00:00-00:10,33.04423766666696
2025-07-02,6,6,00:50-01:00,23.447513333333404
2025-07-02,10,11,01:30-01:50,46.52248633333318
2025-07-02,14,15,02:10-02:30,20.083692666666593
2025-07-02,17,23,02:40-03:50,185.02944795238102
2025-07-02,25,27,04:00-04:30,80.66505028571419
2025-07-02,30,35,04:50-05:50,202.01875551714366
2025-07-02,37,37,06:00-06:10,9.942823714285737
2025-07-02,40,40,06:30-06:40,71.93077395238072
2025-07-02,47,59,07:40-09:50,823.445108523809
2025-07-02,86,89,14:10-14:50,118.97172038095273
2025-07-02,97,97,16:00-16:10,13.053662380952119
2025-07-02,100,101,16:30-16:50,46.4251407142861
2025-07-02,104,104,17:10-17:20,16.301385238095293
2025-07-02,108,110,17:50-18:20,106.87285338095225
2025-07-02,113,115,18:40-19:10,72.40149852380895
2025-07-02,119,121,19:40-20:10,113.18600847619064
2025-07-02,123,124,20:20-20:40,22.73864285714319
2025-07-02,126,126,20:50-21:00,27.47022809523753
2025-07-02,130,131,21:30-21:50,63.434466000001315
2025-07-02,134,134,22:10-22:20,3.3126190000000406
2025-07-03,1,1,00:00-00:10,40.45972966666659
2025-07-03,6,8,00:50-01:20,37.77223533333313
2025-07-03,10,10,01:30-01:40,44.58423266666671
2025-07-03,13,15,02:00-02:30,106.3114893333335
2025-07-03,19,26,03:00-04:20,173.2334505714283
2025-07-03,28,33,04:30-05:30,338.568803381908
2025-07-03,35,36,05:40-06:00,37.8012980476191
2025-07-03,38,40,06:10-06:40,70.54648509523827
2025-07-03,42,42,06:50-07:00,5.301333333333332
2025-07-03,44,45,07:10-07:30,28.051849999999718
2025-07-03,47,48,07:40-08:00,219.54333614285713
2025-07-03,50,63,08:10-10:30,1061.2006901904758
2025-07-03,83,89,13:40-14:50,580.4756740952378
2025-07-03,98,114,16:10-19:00,1886.598267879043
2025-07-03,116,116,19:10-19:20,266.831143853763
2025-07-03,118,120,19:30-20:00,372.978964800001
2025-07-03,122,125,20:10-20:50,645.825313152381
2025-07-03,127,131,21:00-21:50,413.75927020576205
2025-07-04,1,1,00:00-00:10,37.86557333333326
2025-07-04,4,6,00:30-01:00,90.70641866666665
2025-07-04,10,10,01:30-01:40,22.231879333333268
2025-07-04,13,17,02:00-02:50,115.967311666667
2025-07-04,19,20,03:00-03:20,6.931459809523602
2025-07-04,22,44,03:30-07:20,2237.6384981666683
2025-07-04,94,96,15:30-16:00,55.6573870893579
2025-07-04,101,101,16:40-16:50,14.00353095238114
2025-07-04,104,105,17:10-17:30,49.77483523809559
2025-07-04,107,108,17:40-18:00,70.82275714285748
2025-07-04,111,113,18:20-18:50,111.79077376190502
2025-07-04,118,120,19:30-20:00,64.82794514285729
2025-07-04,123,131,20:20-21:50,451.03057233333016
2025-07-04,134,134,22:10-22:20,32.09767999999997
2025-07-05,1,3,00:00-00:30,61.48239400000023
2025-07-05,6,6,00:50-01:00,27.265686666666625
2025-07-05,8,9,01:10-01:30,45.22964200000001
2025-07-05,12,15,01:50-02:30,86.41637266666692
2025-07-05,17,19,02:40-03:10,127.55402723809502
2025-07-05,22,45,03:30-07:30,2162.005800509522
2025-07-05,73,73,12:00-12:10,3.9906750476186517
2025-07-05,95,96,15:40-16:00,58.17909438859571
2025-07-05,99,99,16:20-16:30,97.93566666666698
2025-07-05,102,104,16:50-17:20,108.56049842857121
2025-07-05,107,108,17:40-18:00,87.97076333333365
2025-07-05,112,112,18:30-18:40,1.3635260952380008
2025-07-05,117,119,19:20-19:50,35.46873038095225
2025-07-05,122,131,20:10-21:50,791.6259445825912
2025-07-05,134,134,22:10-22:20,10.268676666666579
2025-07-05,139,139,23:00-23:10,5.165586666666627
2025-07-06,7,7,01:00-01:10,13.595000000000027
2025-07-06,16,17,02:30-02:50,45.516736666666816
2025-07-06,23,24,03:40-04:00,100.46545333333336
2025-07-06,28,29,04:30-04:50,78.58624333333368
2025-07-06,32,32,05:10-05:20,63.1330019047619
2025-07-06,35,39,05:40-06:30,203.9809139047617
2025-07-06,41,44,06:40-07:20,173.74778942782328
2025-07-06,47,57,07:40-09:30,1072.1914539999996
2025-07-06,60,61,09:50-10:10,199.7153085238094
2025-07-06,78,89,12:50-14:50,2106.7835259962876
2025-07-06,92,98,15:10-16:20,569.8648983476191
2025-07-06,100,104,16:30-17:20,282.0015673897695
2025-07-06,106,114,17:30-19:00,1619.6578371604949
2025-07-06,116,116,19:10-19:20,112.88489457378076
2025-07-06,118,126,19:30-21:00,1827.8965135783835
2025-07-06,129,130,21:20-21:40,15.896669999999745
2025-07-07,4,4,00:30-00:40,6.560372666666467
2025-07-07,6,6,00:50-01:00,9.580846666666844
2025-07-07,11,11,01:40-01:50,6.152963333333332
2025-07-07,13,13,02:00-02:10,12.073413333333178
2025-07-07,16,17,02:30-02:50,29.468443333333425
2025-07-07,21,22,03:20-03:40,32.842109380952394
2025-07-07,29,30,04:40-05:00,29.974949999999808
2025-07-07,35,35,05:40-05:50,37.04528333333312
2025-07-07,37,44,06:00-07:20,299.41956557142885
2025-07-07,47,56,07:40-09:20,757.2646005714281
2025-07-07,59,59,09:40-09:50,12.889850000000024
2025-07-07,87,89,14:20-14:50,182.6261147619046
2025-07-07,103,104,17:00-17:20,10.398438571428642
2025-07-07,108,116,17:50-19:20,1163.7651446934635
2025-07-07,118,120,19:30-20:00,478.416845575946
2025-07-07,122,125,20:10-20:50,523.185106961905
2025-07-07,128,128,21:10-21:20,16.754849400000353
2025-07-07,130,131,21:30-21:50,139.42982333333316
2025-07-07,134,134,22:10-22:20,27.092623333333336
2025-07-08,18,18,02:50-03:00,17.009999999999877
2025-07-08,30,30,04:50-05:00,19.249000000000024
2025-07-08,35,35,05:40-05:50,74.51935904761896
2025-07-08,37,62,06:00-10:20,2383.241688575367
2025-07-08,85,89,14:00-14:50,387.13900726982604
2025-07-08,94,104,15:30-17:20,493.6500837736025
2025-07-08,106,114,17:30-19:00,1492.26829643739
2025-07-08,116,117,19:10-19:30,212.84405620045345
2025-07-08,119,120,19:40-20:00,311.9307895619039
2025-07-08,122,125,20:10-20:50,485.4795745809523
2025-07-08,129,130,21:20-21:40,68.69197666666639
2025-07-09,18,18,02:50-03:00,6.238999999999919
2025-07-09,22,22,03:30-03:40,0.37204190476205584
2025-07-09,35,35,05:40-05:50,55.043020952381
2025-07-09,37,45,06:00-07:30,868.7870460600036
2025-07-09,47,56,07:40-09:20,608.7693748095238
2025-07-09,58,58,09:30-09:40,3.809078952380787
2025-07-09,82,82,13:30-13:40,6.195766666666714
2025-07-09,84,89,13:50-14:50,794.3138166666668
2025-07-09,99,99,16:20-16:30,0.2630476190477111
2025-07-09,106,114,17:30-19:00,1460.6069468312758
2025-07-09,116,117,19:10-19:30,394.1961338143489
2025-07-09,119,120,19:40-20:00,795.7560014671386
2025-07-09,122,127,20:10-21:10,410.56489043633155
2025-07-09,130,130,21:30-21:40,19.1330499999998
2025-07-10,21,22,03:20-03:40,17.976747952380922
2025-07-10,27,28,04:20-04:40,30.398622857142893
2025-07-10,31,32,05:00-05:20,26.278973333333415
2025-07-10,35,35,05:40-05:50,34.091579000000166
2025-07-10,37,45,06:00-07:30,422.867978740391
2025-07-10,47,59,07:40-09:50,833.2613338095239
2025-07-10,85,89,14:00-14:50,398.48945942857057
2025-07-10,94,95,15:30-15:50,122.18889099353362
2025-07-10,97,97,16:00-16:10,8.812648497029022
2025-07-10,103,105,17:00-17:30,70.58639666666636
2025-07-10,108,108,17:50-18:00,33.03209952380962
2025-07-10,111,114,18:20-19:00,158.23618904285595
2025-07-10,116,117,19:10-19:30,178.50040594849992
2025-07-10,119,120,19:40-20:00,349.74498843245306
2025-07-10,122,126,20:10-21:00,474.78381791428563
2025-07-10,130,130,21:30-21:40,29.89034826666716
2025-07-11,2,2,00:10-00:20,7.357283333333271
2025-07-11,6,8,00:50-01:20,24.36364333333347
2025-07-11,10,10,01:30-01:40,1.6499366666666901
2025-07-11,12,12,01:50-02:00,15.453179999999975
2025-07-11,15,15,02:20-02:30,7.768629999999916
2025-07-11,17,18,02:40-03:00,10.987027666666677
2025-07-11,20,21,03:10-03:30,84.95980666666662
2025-07-11,24,26,03:50-04:20,126.31416647619037
2025-07-11,28,31,04:30-05:10,97.74181999999986
2025-07-11,35,46,05:40-07:40,498.6234060476189
2025-07-11,99,100,16:20-16:40,15.496426700000711
2025-07-11,107,108,17:40-18:00,66.80337619047637
2025-07-11,111,113,18:20-18:50,28.52604852380999
2025-07-11,115,115,19:00-19:10,18.07147466666629
2025-07-11,118,119,19:30-19:50,38.88459799999998
2025-07-11,123,126,20:20-21:00,46.8065686190479
2025-07-12,1,1,00:00-00:10,34.90784666666673
2025-07-12,3,4,00:20-00:40,21.34837600000003
2025-07-12,9,9,01:20-01:30,43.84185333333335
2025-07-12,12,12,01:50-02:00,37.58000000000004
2025-07-12,15,17,02:20-02:50,73.12004233333334
2025-07-12,19,20,03:00-03:20,35.88399238095237
2025-07-12,25,26,04:00-04:20,87.52232704761911
2025-07-12,28,29,04:30-04:50,22.147333333333584
2025-07-12,32,33,05:10-05:30,79.44692014285697
2025-07-12,35,42,05:40-07:00,346.1949621904759
2025-07-12,44,46,07:10-07:40,106.65759414285716
2025-07-12,94,95,15:30-15:50,52.90913266666672
2025-07-12,97,98,16:00-16:20,59.362715667337966
2025-07-12,103,103,17:00-17:10,49.68434190476199
2025-07-12,106,107,17:30-17:50,43.321168571428785
2025-07-12,109,110,18:00-18:20,14.957236714285699
2025-07-12,112,112,18:30-18:40,7.490089428571707
2025-07-12,115,116,19:00-19:20,5.61103433333335
2025-07-12,122,122,20:10-20:20,0.8347139523812359
2025-07-12,131,131,21:40-21:50,3.643782000000215
2025-07-13,12,12,01:50-02:00,6.226000000000113
2025-07-13,21,22,03:20-03:40,17.981849047619168
2025-07-13,29,30,04:40-05:00,22.854636666666693
2025-07-13,36,37,05:50-06:10,93.1728684761905
2025-07-13,39,42,06:20-07:00,248.91543547619034
2025-07-13,45,57,07:20-09:30,753.1605800952378
2025-07-13,87,89,14:20-14:50,260.9480290476186
2025-07-13,108,110,17:50-18:20,104.31779052381009
2025-07-13,115,116,19:00-19:20,61.08503338095255
2025-07-13,119,120,19:40-20:00,38.377958476190315
2025-07-13,123,125,20:20-20:50,62.734530238095154
2025-07-14,21,22,03:20-03:40,40.37838952380938
2025-07-14,31,32,05:00-05:20,44.315808095238005
2025-07-14,35,36,05:40-06:00,67.53563619047614
2025-07-14,39,45,06:20-07:30,321.5562331428572
2025-07-14,47,50,07:40-08:20,212.37270619047578
2025-07-14,52,58,08:30-09:40,651.0835763333334
2025-07-14,84,85,13:50-14:10,18.12321666666662
2025-07-14,88,89,14:30-14:50,85.2062166666667
2025-07-14,107,108,17:40-18:00,119.89097142857145
2025-07-14,110,114,18:10-19:00,277.0623319729083
2025-07-14,116,120,19:10-20:00,575.8038529523815
2025-07-14,122,125,20:10-20:50,408.401593628572
2025-07-14,127,128,21:00-21:20,7.489846666666608
2025-07-14,130,130,21:30-21:40,26.218631180952798
2025-07-15,20,21,03:10-03:30,25.081283333333204
2025-07-15,36,38,05:50-06:20,133.58583619047624
2025-07-15,40,44,06:30-07:20,234.46650923809506
2025-07-15,47,53,07:40-08:50,489.86711504761945
2025-07-15,57,57,09:20-09:30,13.021080952380771
2025-07-15,70,70,11:30-11:40,27.019143190476598
2025-07-15,82,84,13:30-14:00,126.40814999999998
2025-07-15,86,89,14:10-14:50,293.37956633333334
2025-07-15,105,105,17:20-17:30,27.69669047619044
2025-07-15,108,114,17:50-19:00,1017.3954172315533
2025-07-15,116,116,19:10-19:20,141.92723339047674
2025-07-15,118,120,19:30-20:00,221.6768452761902
2025-07-15,122,124,20:10-20:40,115.20099743809467
2025-07-15,129,130,21:20-21:40,43.71699190108609
2025-07-16,25,26,04:00-04:20,35.5237808095238
2025-07-16,32,32,05:10-05:20,4.972823809523781
2025-07-16,35,36,05:40-06:00,151.8884933333333
2025-07-16,40,47,06:30-07:50,321.86023604761846
2025-07-16,49,52,08:00-08:40,329.5342358571431
2025-07-16,54,55,08:50-09:10,32.72778523809531
2025-07-16,63,63,10:20-10:30,10.901666190476135
2025-07-16,86,87,14:10-14:30,115.55636666666669
2025-07-16,89,90,14:40-15:00,188.78038380952373
2025-07-16,92,95,15:10-15:50,128.2198141476191
2025-07-16,97,99,16:00-16:30,68.09400285714264
2025-07-16,106,114,17:30-19:00,481.7865818973369
2025-07-16,116,124,19:10-20:40,656.0619482952392
2025-07-17,29,30,04:40-05:00,48.79300333333333
2025-07-17,35,37,05:40-06:10,76.45829309523796
2025-07-17,40,42,06:30-07:00,220.20008523809486
2025-07-17,44,45,07:10-07:30,87.94586099999964
2025-07-17,47,58,07:40-09:40,1020.9936063333332
2025-07-17,85,89,14:00-14:50,365.4567337142847
2025-07-17,98,102,16:10-17:00,323.08697952380993
2025-07-17,107,116,17:40-19:20,571.0214838485617
2025-07-17,118,124,19:30-20:40,546.4158780952372
2025-07-17,130,130,21:30-21:40,2.2277343142864083
2025-07-18,15,15,02:20-02:30,37.55367999999987
2025-07-18,18,18,02:50-03:00,17.357333333333372
2025-07-18,21,22,03:20-03:40,37.17188176190472
2025-07-18,27,27,04:20-04:30,6.317666666666582
2025-07-18,32,33,05:10-05:30,16.994068904762003
2025-07-18,35,38,05:40-06:20,60.37544138095262
2025-07-18,41,46,06:40-07:40,297.0663843333331
2025-07-18,95,96,15:40-16:00,112.23132409523836
2025-07-18,103,103,17:00-17:10,15.954391904761962
2025-07-18,107,108,17:40-18:00,45.77393523809471
2025-07-18,115,116,19:00-19:20,39.3260713809525
2025-07-18,120,122,19:50-20:20,53.228249333334034
2025-07-19,4,4,00:30-00:40,2.0575033333333295
2025-07-19,8,8,01:10-01:20,17.52161333333322
2025-07-19,15,15,02:20-02:30,84.18666666666661
2025-07-19,18,18,02:50-03:00,41.476
2025-07-19,21,22,03:20-03:40,71.4040027142855
2025-07-19,25,26,04:00-04:20,63.03892557142848
2025-07-19,29,32,04:40-05:20,115.19453342857145
2025-07-19,36,37,05:50-06:10,54.20301619047612
2025-07-19,40,41,06:30-06:50,155.40546447619028
2025-07-19,43,43,07:00-07:10,18.473216666666758
2025-07-19,98,99,16:10-16:30,29.83486476190501
2025-07-19,102,102,16:50-17:00,38.62719350970025
2025-07-19,105,105,17:20-17:30,3.39947619047598
2025-07-19,107,109,17:40-18:10,41.78150033333367
2025-07-19,112,113,18:30-18:50,56.356762571428774
2025-07-19,116,117,19:10-19:30,93.86826733333373
2025-07-20,28,28,04:30-04:40,11.833748904761961
2025-07-20,36,36,05:50-06:00,61.75255238095258
2025-07-20,38,40,06:10-06:40,179.3180479999997
2025-07-20,42,45,06:50-07:30,204.66090633333295
2025-07-20,47,55,07:40-09:10,470.62549742857084
2025-07-20,57,57,09:20-09:30,3.470416666666779
2025-07-20,60,60,09:50-10:00,14.134583333333467
2025-07-20,86,89,14:10-14:50,342.34081666666657
2025-07-20,107,110,17:40-18:20,203.50290958784655
2025-07-20,114,116,18:50-19:20,922.7817410761907
2025-07-20,119,125,19:40-20:50,732.6385035522115
2025-07-20,130,130,21:30-21:40,13.688613333333365
2025-07-21,12,12,01:50-02:00,10.503000000000156
2025-07-21,28,28,04:30-04:40,3.9765480952378907
2025-07-21,32,32,05:10-05:20,18.868114761904682
2025-07-21,35,35,05:40-05:50,23.912941428571543
2025-07-21,38,39,06:10-06:30,207.739973047619
2025-07-21,42,43,06:50-07:10,104.38286638095207
2025-07-21,45,45,07:20-07:30,10.124392857142766
2025-07-21,47,48,07:40-08:00,112.56839890476203
2025-07-21,50,58,08:10-09:40,785.6465385238098
2025-07-21,86,89,14:10-14:50,399.74221738095224
2025-07-21,95,97,15:40-16:10,179.24031333333323
2025-07-21,104,109,17:10-18:10,287.60580061681304
2025-07-21,111,114,18:20-19:00,876.1063728571428
2025-07-21,116,116,19:10-19:20,187.95217993333378
2025-07-21,119,120,19:40-20:00,258.2360946202873
2025-07-21,122,125,20:10-20:50,268.8047098190483
2025-07-21,130,130,21:30-21:40,0.17845666666664783
2025-07-22,36,37,05:50-06:10,57.373082666667074
2025-07-22,39,45,06:20-07:30,217.7856409523809
2025-07-22,47,49,07:40-08:10,80.5871146666666
2025-07-22,51,59,08:20-09:50,775.6218753333337
2025-07-22,80,84,13:10-14:00,296.54731138095207
2025-07-22,86,89,14:10-14:50,284.32957795238167
2025-07-22,109,109,18:00-18:10,20.339838857142894
2025-07-22,112,112,18:30-18:40,7.504827428571421
2025-07-22,116,117,19:10-19:30,24.957610666666994
2025-07-22,119,120,19:40-20:00,17.27630319047637
2025-07-22,124,124,20:30-20:40,11.324731999999926
2025-07-23,36,39,05:50-06:30,143.017259904762
2025-07-23,41,43,06:40-07:10,181.09122252380928
2025-07-23,47,56,07:40-09:20,580.7836352380948
2025-07-23,81,81,13:20-13:30,16.847916666666606
2025-07-23,85,89,14:00-14:50,579.3590466666669
2025-07-23,94,95,15:30-15:50,58.39771385067672
2025-07-23,108,116,17:50-19:20,764.4144135376094
2025-07-23,118,120,19:30-20:00,187.65837480000016
2025-07-23,122,124,20:10-20:40,107.323351914286
2025-07-24,31,32,05:00-05:20,21.590095238095277
2025-07-24,35,36,05:40-06:00,29.911632619047396
2025-07-24,39,42,06:20-07:00,87.62770747619061
2025-07-24,47,56,07:40-09:20,537.8247986666656
2025-07-24,78,84,12:50-14:00,358.04087399999963
2025-07-24,86,89,14:10-14:50,306.22733271428615
2025-07-24,96,96,15:50-16:00,45.16033333333303
2025-07-24,102,102,16:50-17:00,21.689501904761755
2025-07-24,108,108,17:50-18:00,73.36058238095245
2025-07-24,114,114,18:50-19:00,35.570705238095115
2025-07-24,117,117,19:20-19:30,19.32016761904788
2025-07-24,120,120,19:50-20:00,4.850963809524046
2025-07-24,124,124,20:30-20:40,9.229402000000277
2025-07-25,3,3,00:20-00:30,15.20566666666673
2025-07-25,22,22,03:30-03:40,38.539035714285625
2025-07-25,25,25,04:00-04:10,25.687963740204744
2025-07-25,29,29,04:40-04:50,20.970492380952464
2025-07-25,35,35,05:40-05:50,37.983075761904786
2025-07-25,38,42,06:10-07:00,126.35042752380932
2025-07-25,46,47,07:30-07:50,92.85376666666662
2025-07-25,108,108,17:50-18:00,46.47980857142866
2025-07-25,111,111,18:20-18:30,26.78892904761878
2025-07-25,115,117,19:00-19:30,31.74064319047625
2025-07-25,121,122,20:00-20:20,36.5678099047618
2025-07-26,16,17,02:30-02:50,45.15188966666676
2025-07-26,24,24,03:50-04:00,47.01666666666665
2025-07-26,28,30,04:30-05:00,33.74858171428545
2025-07-26,35,35,05:40-05:50,26.703520523809686
2025-07-26,38,39,06:10-06:30,119.81925623809519
2025-07-26,42,42,06:50-07:00,10.380649285714085
2025-07-26,108,108,17:50-18:00,17.521261904761758
2025-07-26,111,112,18:20-18:40,49.06366152380929
2025-07-26,116,117,19:10-19:30,40.83096252380949
2025-07-26,120,120,19:50-20:00,0.056365714285675494
2025-07-26,122,123,20:10-20:30,43.590715476190326
2025-07-27,9,9,01:20-01:30,13.975666666666712
2025-07-27,36,39,05:50-06:30,110.68565433333299
2025-07-27,42,57,06:50-09:30,1411.5998052742837
2025-07-27,84,89,13:50-14:50,298.042988393212
2025-07-27,108,109,17:50-18:10,58.52223399523727
2025-07-27,113,114,18:40-19:00,431.1387282669015
2025-07-27,116,117,19:10-19:30,54.97255405714333
2025-07-27,119,120,19:40-20:00,115.99417879999976
2025-07-27,122,124,20:10-20:40,144.9733027238094
2025-07-28,37,39,06:00-06:30,149.42152790476212
2025-07-28,42,42,06:50-07:00,33.52948642857132
2025-07-28,47,63,07:40-10:30,1122.432541571429
2025-07-28,80,81,13:10-13:30,7.800583333333634
2025-07-28,84,89,13:50-14:50,770.4933333333333
2025-07-28,97,98,16:00-16:20,27.227131540270534
2025-07-28,103,103,17:00-17:10,9.07883734861781
2025-07-28,106,107,17:30-17:50,19.1464580952383
2025-07-28,109,110,18:00-18:20,35.38849126396231
2025-07-28,114,116,18:50-19:20,1040.945493197943
2025-07-28,119,120,19:40-20:00,594.5677462294983
2025-07-28,122,124,20:10-20:40,154.17425581904752
2025-07-29,38,44,06:10-07:20,238.88631704761883
2025-07-29,47,65,07:40-10:50,1334.5973982380965
2025-07-29,83,88,13:40-14:40,289.3287502857153
2025-07-29,109,109,18:00-18:10,39.9371376190478
2025-07-29,113,114,18:40-19:00,39.14055380952368
2025-07-29,120,120,19:50-20:00,7.559913809523891
2025-07-29,123,124,20:20-20:40,38.44215409523815
2025-07-30,37,38,06:00-06:20,144.09494438095248
2025-07-30,40,41,06:30-06:50,92.62519914285718
2025-07-30,44,45,07:10-07:30,104.4956819047618
2025-07-30,47,60,07:40-10:00,808.7821682857153
2025-07-30,88,89,14:30-14:50,168.25296590476216
2025-07-30,92,92,15:10-15:20,0.7067238095236235
2025-07-30,109,109,18:00-18:10,9.952932619047985
2025-07-30,113,113,18:40-18:50,27.908579428571443
2025-07-30,118,118,19:30-19:40,25.56122447619066
2025-07-30,122,123,20:10-20:30,21.57178952380923
2025-07-31,37,38,06:00-06:20,32.46618199999989
2025-07-31,40,40,06:30-06:40,43.11451661904766
2025-07-31,47,60,07:40-10:00,1095.3665706190482
2025-07-31,83,88,13:40-14:40,253.8943811904763
2025-07-31,105,105,17:20-17:30,0.5098333333332334
2025-07-31,115,116,19:00-19:20,35.77523266666708
2025-07-31,124,124,20:30-20:40,7.864560333333088
2025-08-01,24,24,03:50-04:00,6.820333333333338
2025-08-01,30,31,04:50-05:10,40.024170476190534
2025-08-01,35,36,05:40-06:00,37.43595099999993
2025-08-01,38,44,06:10-07:20,141.633842190476
2025-08-01,112,112,18:30-18:40,7.370772857142576
2025-08-01,115,116,19:00-19:20,6.395061000000169
2025-08-01,121,123,20:00-20:30,98.19292861904773
2025-08-02,24,24,03:50-04:00,9.613333333333344
2025-08-02,28,28,04:30-04:40,2.567429999999945
2025-08-02,32,32,05:10-05:20,0.20606085714291567
2025-08-02,35,37,05:40-06:10,109.23227695238097
2025-08-02,40,44,06:30-07:20,180.42797109523744
2025-08-02,95,95,15:40-15:50,9.83004857142862
2025-08-02,110,111,18:10-18:30,24.069827619047892
2025-08-02,114,114,18:50-19:00,49.345422380952186
2025-08-02,119,120,19:40-20:00,28.331266571428614
2025-08-02,122,123,20:10-20:30,33.52591642857158
2025-08-03,35,36,05:40-06:00,30.58747357142842
2025-08-03,39,41,06:20-06:50,182.995774285714
2025-08-03,47,47,07:40-07:50,23.1496696190475
2025-08-03,49,53,08:00-08:50,263.1094858095239
2025-08-03,108,108,17:50-18:00,7.5910833333331595
2025-08-03,113,114,18:40-19:00,21.62406809523793
2025-08-03,116,117,19:10-19:30,34.86203209523785
2025-08-03,123,125,20:20-20:50,35.935243190476285
2025-08-03,130,130,21:30-21:40,12.236029866666286
2025-08-04,27,27,04:20-04:30,24.091333333333296
2025-08-04,36,36,05:50-06:00,56.2841754761904
2025-08-04,39,41,06:20-06:50,133.65979523809483
2025-08-04,43,44,07:00-07:20,72.87548033333374
2025-08-04,47,47,07:40-07:50,39.96736566666709
2025-08-04,49,54,08:00-09:00,478.0650118095243
2025-08-04,89,89,14:40-14:50,6.044383333333371
2025-08-04,109,109,18:00-18:10,21.380930666667098
2025-08-04,112,113,18:30-18:50,15.971541095237905
2025-08-04,117,117,19:20-19:30,19.517073333333087
2025-08-04,119,121,19:40-20:10,40.26197685714271
2025-08-05,36,36,05:50-06:00,23.612808333333646
2025-08-05,38,40,06:10-06:40,151.65526566666676
2025-08-05,42,43,06:50-07:10,14.293384142857121
2025-08-05,47,55,07:40-09:10,760.4716213809528
2025-08-05,89,89,14:40-14:50,35.85796666666647
2025-08-05,108,108,17:50-18:00,8.463690476190294
2025-08-05,114,115,18:50-19:10,32.94288495238084
2025-08-05,118,119,19:30-19:50,88.61615028571453
2025-08-05,121,122,20:00-20:20,27.840276666667023
2025-08-06,20,20,03:10-03:20,4.3124304761905705
2025-08-06,36,36,05:50-06:00,12.208051190476112
2025-08-06,38,39,06:10-06:30,115.5724097619048
2025-08-06,41,42,06:40-07:00,156.3096683333335
2025-08-06,47,53,07:40-08:50,692.3579352857151
2025-08-06,86,90,14:10-15:00,442.99842576190474
2025-08-06,92,93,15:10-15:30,72.64590242857128
2025-08-06,95,96,15:40-16:00,110.49735761904799
2025-08-06,115,116,19:00-19:20,73.09412642857137
2025-08-06,118,119,19:30-19:50,83.62547023809543
2025-08-06,121,121,20:00-20:10,21.793593619047783
2025-08-06,124,124,20:30-20:40,25.406696238095492
2025-08-07,31,31,05:00-05:10,12.891993333333403
2025-08-07,36,42,05:50-07:00,349.00390347619077
2025-08-07,44,45,07:10-07:30,240.28770285714296
2025-08-07,47,53,07:40-08:50,585.5722109523812
2025-08-07,89,89,14:40-14:50,19.996149999999943
2025-08-07,116,118,19:10-19:40,143.88267742857113
2025-08-07,120,122,19:50-20:20,64.29889933333322
2025-08-08,19,19,03:00-03:10,16.380623000000128
2025-08-08,24,24,03:50-04:00,55.86633333333327
2025-08-08,26,26,04:10-04:20,20.187336190476117
2025-08-08,29,30,04:40-05:00,19.28995361904782
2025-08-08,32,32,05:10-05:20,23.64232119047631
2025-08-08,35,45,05:40-07:30,355.18944047619016
2025-08-08,108,109,17:50-18:10,45.54786066666681
2025-08-08,114,114,18:50-19:00,13.936206666666521
2025-08-08,116,118,19:10-19:40,139.31738757142818
2025-08-08,121,122,20:00-20:20,114.6027393333336
2025-08-08,124,124,20:30-20:40,10.66021257142836
2025-08-09,19,19,03:00-03:10,2.0505863333332854
2025-08-09,24,24,03:50-04:00,51.930727142856995
2025-08-09,26,26,04:10-04:20,12.680663666666533
2025-08-09,28,30,04:30-05:00,45.507447619047696
2025-08-09,32,33,05:10-05:30,60.53828338095238
2025-08-09,35,37,05:40-06:10,150.2806583809524
2025-08-09,40,44,06:30-07:20,353.0005548571427
2025-08-09,101,101,16:40-16:50,5.798580000000129
2025-08-09,108,108,17:50-18:00,9.004523809523874
2025-08-09,114,116,18:50-19:20,132.2739071904765
2025-08-09,119,120,19:40-20:00,87.43231928571447
2025-08-09,123,124,20:20-20:40,70.29299023809551
2025-08-10,34,35,05:30-05:50,5.457414857143078
2025-08-10,37,45,06:00-07:30,427.51879747619
2025-08-10,47,53,07:40-08:50,695.7569852380956
2025-08-10,89,89,14:40-14:50,10.377250000000004
2025-08-10,101,101,16:40-16:50,20.10669190476193
2025-08-10,104,105,17:10-17:30,15.69631030476205
2025-08-10,114,124,18:50-20:40,356.34724042857135
2025-08-11,36,41,05:50-06:50,342.7618531428571
2025-08-11,43,57,07:00-09:30,1479.4195580952392
2025-08-11,89,89,14:40-14:50,78.15789999999993
2025-08-11,108,108,17:50-18:00,7.849440476190438
2025-08-11,110,111,18:10-18:30,51.981325238095415
2025-08-11,114,117,18:50-19:30,290.7476371904761
2025-08-11,120,122,19:50-20:20,135.3697339047618
2025-08-11,124,124,20:30-20:40,47.24091914285691
2025-08-12,36,45,05:50-07:30,512.4383649523804
2025-08-12,47,55,07:40-09:10,690.7542140952388
2025-08-12,58,58,09:30-09:40,16.692633333333333
2025-08-12,86,89,14:10-14:50,232.16830861904785
2025-08-12,92,93,15:10-15:30,28.787208095237702
2025-08-12,98,100,16:10-16:40,106.29809523809564
2025-08-12,107,108,17:40-18:00,11.623483145207445
2025-08-12,111,112,18:20-18:40,36.77230214285751
2025-08-12,114,120,18:50-20:00,273.2654882380957
2025-08-12,123,124,20:20-20:40,92.02047676190489
2025-08-13,9,9,01:20-01:30,14.331333333333419
2025-08-13,36,37,05:50-06:10,93.427464952381
2025-08-13,39,54,06:20-09:00,1238.9969055238103
2025-08-13,85,86,14:00-14:20,68.37796666666691
2025-08-13,89,89,14:40-14:50,11.995133333333342
2025-08-13,107,107,17:40-17:50,8.887117142857193
2025-08-13,112,113,18:30-18:50,44.09305836155299
2025-08-13,115,117,19:00-19:30,165.4963638571429
2025-08-13,119,125,19:40-20:50,287.1817354761904
2025-08-14,10,10,01:30-01:40,21.09764699999971
2025-08-14,36,55,05:50-09:10,1482.97825638095
2025-08-14,107,108,17:40-18:00,34.460016904762
2025-08-14,111,111,18:20-18:30,19.100158466667196
2025-08-14,113,121,18:40-20:10,292.99740128571375
2025-08-14,123,125,20:20-20:50,192.22223509523792
2025-08-15,5,5,00:40-00:50,4.231806666666557
2025-08-15,9,10,01:20-01:40,23.6096666666665
2025-08-15,12,12,01:50-02:00,10.930999999999926
2025-08-15,24,26,03:50-04:20,158.51251638095272
2025-08-15,28,30,04:30-05:00,165.9293771904762
2025-08-15,32,32,05:10-05:20,53.77790533333325
2025-08-15,35,35,05:40-05:50,5.366803285714241
2025-08-15,37,44,06:00-07:20,513.3539677142854
2025-08-15,98,100,16:10-16:40,94.48265836228325
2025-08-15,114,124,18:50-20:40,496.1235125714279
2025-08-16,7,7,01:00-01:10,14.139773333333437
2025-08-16,10,12,01:30-02:00,50.45814299999995
2025-08-16,19,20,03:00-03:20,108.64189133333372
2025-08-16,24,24,03:50-04:00,9.28296523809513
2025-08-16,26,26,04:10-04:20,44.18967761904764
2025-08-16,28,30,04:30-05:00,174.76868528571418
2025-08-16,35,36,05:40-06:00,132.9025078095238
2025-08-16,38,44,06:10-07:20,470.67270942857135
2025-08-16,100,101,16:30-16:50,49.04822047619041
2025-08-16,108,118,17:50-19:40,303.48857688066084
2025-08-16,120,123,19:50-20:30,247.36618404761884
2025-08-16,126,126,20:50-21:00,5.617036666666877
2025-08-17,14,15,02:10-02:30,7.381220000000326
2025-08-17,19,19,03:00-03:10,0.7351971859992545
2025-08-17,30,30,04:50-05:00,0.06799714285739356
2025-08-17,36,54,05:50-09:00,1389.7054308571421
2025-08-17,98,98,16:10-16:20,40.68255000000022
2025-08-17,110,112,18:10-18:40,73.76727009523843
2025-08-17,115,119,19:00-19:50,282.1413528095238
2025-08-17,121,123,20:00-20:30,195.78327371428554
2025-08-17,137,137,22:40-22:50,2.312925333333169
2025-08-18,1,1,00:00-00:10,3.7552766666667594
2025-08-18,9,10,01:20-01:40,78.25330999999994
2025-08-18,13,13,02:00-02:10,7.86187933333315
2025-08-18,24,24,03:50-04:00,16.655333333333374
2025-08-18,35,38,05:40-06:20,158.2339847619043
2025-08-18,40,45,06:30-07:30,499.44586728571437
2025-08-18,47,55,07:40-09:10,1064.4754939523816
2025-08-18,87,87,14:20-14:30,8.03125
2025-08-18,89,89,14:40-14:50,42.51174999999989
2025-08-18,99,100,16:20-16:40,40.49870379920151
2025-08-18,105,105,17:20-17:30,82.82676190476192
2025-08-18,109,109,18:00-18:10,10.585151719045726
2025-08-18,114,116,18:50-19:20,198.21589142857147
2025-08-18,118,120,19:30-20:00,213.80971638095252
2025-08-18,122,124,20:10-20:40,181.17989919047614
2025-08-19,11,12,01:40-02:00,41.623642666666456
2025-08-19,22,22,03:30-03:40,1.2758333333334515
2025-08-19,28,28,04:30-04:40,4.605923333333377
2025-08-19,36,55,05:50-09:10,1474.0384479047616
2025-08-19,89,89,14:40-14:50,90.17738333333341
2025-08-19,96,96,15:50-16:00,38.74316666666675
2025-08-19,111,111,18:20-18:30,40.870047619047725
2025-08-19,114,122,18:50-20:20,468.57619290476157
2025-08-19,124,125,20:30-20:50,63.35196676190469
2025-08-19,129,130,21:20-21:40,73.72420111111148
2025-08-20,2,4,00:10-00:40,67.7055383333335
2025-08-20,12,12,01:50-02:00,26.422999999999888
2025-08-20,18,19,02:50-03:10,19.392586666666602
2025-08-20,28,28,04:30-04:40,30.52553523809492
2025-08-20,32,33,05:10-05:30,25.04596195238139
2025-08-20,35,57,05:40-09:30,2143.2948157619057
2025-08-20,70,70,11:30-11:40,4.080320238095055
2025-08-20,86,89,14:10-14:50,319.953766666667
2025-08-20,98,100,16:10-16:40,69.91060228571428
2025-08-20,103,105,17:00-17:30,36.7058090476188
2025-08-20,108,109,17:50-18:10,122.27623674761969
2025-08-20,113,126,18:40-21:00,2520.3722002814234
2025-08-20,129,129,21:20-21:30,4.790926666666564
2025-08-21,17,18,02:40-03:00,24.354213333333405
2025-08-21,30,30,04:50-05:00,8.890507142857246
2025-08-21,36,45,05:50-07:30,593.6663891904757
2025-08-21,47,55,07:40-09:10,662.3200837142865
2025-08-21,85,89,14:00-14:50,193.3658499999999
2025-08-21,92,93,15:10-15:30,63.71142190476212
2025-08-21,97,97,16:00-16:10,16.673818571428455
2025-08-21,106,106,17:30-17:40,5.762377904762076
2025-08-21,108,110,17:50-18:20,130.87252641839973
2025-08-21,112,113,18:30-18:50,61.023743333333265
2025-08-21,115,124,19:00-20:40,561.24481352381
2025-08-21,129,129,21:20-21:30,1.4431833333331952
2025-08-22,3,3,00:20-00:30,32.07833333333349
2025-08-22,10,12,01:30-02:00,66.57223633333365
2025-08-22,15,15,02:20-02:30,19.84491333333324
2025-08-22,17,20,02:40-03:20,120.38127300000014
2025-08-22,22,30,03:30-05:00,349.1807921904763
2025-08-22,32,44,05:10-07:20,541.9679977142856
2025-08-22,96,104,15:50-17:20,410.6723269994109
2025-08-22,108,110,17:50-18:20,117.58157419047619
2025-08-22,113,120,18:40-20:00,472.01310171428565
2025-08-22,122,125,20:10-20:50,279.51256766666665
2025-08-22,130,130,21:30-21:40,0.2819133333333639
2025-08-22,134,134,22:10-22:20,1.7155400000000327
2025-08-23,2,4,00:10-00:40,85.04012999999998
2025-08-23,10,11,01:30-01:50,47.95609166666691
2025-08-23,15,15,02:20-02:30,32.56417666666664
2025-08-23,18,20,02:50-03:20,155.79210300000005
2025-08-23,22,23,03:30-03:50,100.42687714285718
2025-08-23,25,32,04:00-05:20,399.20231961904767
2025-08-23,34,35,05:30-05:50,51.740648999999834
2025-08-23,37,44,06:00-07:20,433.00743247619044
2025-08-23,96,102,15:50-17:00,248.9797560846556
2025-08-23,105,105,17:20-17:30,8.212261904761874
2025-08-23,108,109,17:50-18:10,50.94710571428565
2025-08-23,111,124,18:20-20:40,649.046239238095
2025-08-23,130,131,21:30-21:50,76.62617966666642
2025-08-23,135,135,22:20-22:30,11.42973000000029
2025-08-23,142,142,23:30-23:40,10.839374000000134
2025-08-24,2,5,00:10-00:50,61.36290000000042
2025-08-24,7,8,01:00-01:20,57.26393666666661
2025-08-24,12,15,01:50-02:30,55.427893333333486
2025-08-24,18,19,02:50-03:10,54.368540000000166
2025-08-24,21,23,03:20-03:50,46.84622380952374
2025-08-24,33,33,05:20-05:30,25.180793333333327
2025-08-24,36,55,05:50-09:10,1541.8206274333365
2025-08-24,67,67,11:00-11:10,23.18448109523797
2025-08-24,86,89,14:10-14:50,242.5158485714283
2025-08-24,92,94,15:10-15:40,126.08942523809446
2025-08-24,97,100,16:00-16:40,199.98640226666646
2025-08-24,102,105,16:50-17:30,49.102809523809725
2025-08-24,108,124,17:50-20:40,726.4745325238097
2025-08-24,139,139,23:00-23:10,49.03887133333342
2025-08-25,5,7,00:40-01:10,79.92298666666647
2025-08-25,16,19,02:30-03:10,86.51503999999943
2025-08-25,24,25,03:50-04:10,87.64983666666647
2025-08-25,30,30,04:50-05:00,40.620000000000005
2025-08-25,33,33,05:20-05:30,3.4689999999999372
2025-08-25,36,56,05:50-09:20,1445.3656031904766
2025-08-25,85,90,14:00-15:00,592.4716000000004
2025-08-25,92,103,15:10-17:10,930.9055517790957
2025-08-25,107,111,17:40-18:30,74.02793049523706
2025-08-25,114,124,18:50-20:40,1107.4891751681564
2025-08-25,131,132,21:40-22:00,23.34144333333313
2025-08-25,136,137,22:30-22:50,13.281927333333215
2025-08-26,7,8,01:00-01:20,54.388852666666594
2025-08-26,14,18,02:10-03:00,139.6591254614192
2025-08-26,21,23,03:20-03:50,38.16894238095251
2025-08-26,26,27,04:10-04:30,25.994130000000155
2025-08-26,36,56,05:50-09:20,1631.806011523809
2025-08-26,88,89,14:30-14:50,98.77498333333347
2025-08-26,97,98,16:00-16:20,121.85375092856737
2025-08-26,101,104,16:40-17:20,173.82243080952344
2025-08-26,106,107,17:30-17:50,29.48261619047605
2025-08-26,110,111,18:10-18:30,41.48442714285733
2025-08-26,114,125,18:50-20:50,656.3365701428571
2025-08-26,128,130,21:10-21:40,46.74136499999986
2025-08-26,137,137,22:40-22:50,43.310704333333206
2025-08-26,141,141,23:20-23:30,19.149646666666513
2025-08-27,1,3,00:00-00:30,89.38305400000002
2025-08-27,7,11,01:00-01:50,109.16516688094919
2025-08-27,13,15,02:00-02:30,66.24285999999995
2025-08-27,21,24,03:20-04:00,107.56673666666677
2025-08-27,32,33,05:10-05:30,40.30164666666644
2025-08-27,35,57,05:40-09:30,1948.2633008975772
2025-08-27,86,89,14:10-14:50,339.63941990476195
2025-08-27,96,101,15:50-16:50,190.90820629599682
2025-08-27,103,108,17:00-18:00,165.19932261904745
2025-08-27,111,124,18:20-20:40,668.1891843333334
2025-08-27,130,131,21:30-21:50,74.52448318633344
2025-08-27,139,139,23:00-23:10,11.238218666666853
2025-08-28,4,4,00:30-00:40,6.935754333333534
2025-08-28,6,8,00:50-01:20,126.7381683333333
2025-08-28,10,11,01:30-01:50,66.04300866666654
2025-08-28,13,14,02:00-02:20,84.47333633333312
2025-08-28,16,21,02:30-03:30,225.66813000000002
2025-08-28,24,24,03:50-04:00,27.674666666666667
2025-08-28,27,28,04:20-04:40,104.29109771428529
2025-08-28,31,32,05:00-05:20,11.190316089949881
2025-08-28,36,67,05:50-11:10,2552.7629855714295
2025-08-28,87,90,14:20-15:00,192.53446190476143
2025-08-28,103,105,17:00-17:30,241.11959571428625
2025-08-28,110,121,18:10-20:10,984.39799784953
2025-08-28,123,124,20:20-20:40,115.48994066666683
2025-08-28,128,131,21:10-21:50,160.49246133333315
2025-08-28,137,138,22:40-23:00,105.9649433333334
2025-08-28,141,141,23:20-23:30,31.44062000000008
2025-08-29,1,2,00:00-00:20,65.56879233333348
2025-08-29,4,7,00:30-01:10,114.84458166666661
2025-08-29,9,10,01:20-01:40,15.43026999999995
2025-08-29,13,14,02:00-02:20,73.34800999999993
2025-08-29,17,17,02:40-02:50,18.626206666666462
2025-08-29,19,19,03:00-03:10,20.762821333333477
2025-08-29,21,33,03:20-05:30,555.8185866390878
2025-08-29,35,46,05:40-07:40,767.3381709523809
2025-08-29,67,67,11:00-11:10,3.7002040476193088
2025-08-29,95,96,15:40-16:00,39.53425000000004
2025-08-29,99,99,16:20-16:30,21.04335714285719
2025-08-29,102,103,16:50-17:10,80.32102457142861
2025-08-29,105,106,17:20-17:40,19.372819523809767
2025-08-29,109,125,18:00-20:50,735.4963742857141
2025-08-29,132,132,21:50-22:00,34.52390333333324
2025-08-29,136,136,22:30-22:40,22.703553333333275
2025-08-29,141,141,23:20-23:30,4.200526666666747
2025-08-30,1,17,00:00-02:50,648.7740171553701
2025-08-30,19,22,03:00-03:40,110.50381871428561
2025-08-30,24,38,03:50-06:20,749.0607400952372
2025-08-30,40,44,06:30-07:20,345.02080909523823
2025-08-30,55,55,09:00-09:10,16.561995571428497
2025-08-30,96,96,15:50-16:00,27.403220533334093
2025-08-30,98,101,16:10-16:50,87.13483116666555
2025-08-30,104,110,17:10-18:20,208.02503709935428
2025-08-30,113,125,18:40-20:50,780.7288299999998
2025-08-30,128,131,21:10-21:50,133.3408245285741
2025-08-30,135,136,22:20-22:40,17.08309333333341
2025-08-30,140,141,23:10-23:30,61.17926533333298
2025-08-31,3,4,00:20-00:40,12.474860000000149
2025-08-31,7,15,01:00-02:30,198.52829833004762
2025-08-31,18,19,02:50-03:10,32.79823333333343
2025-08-31,22,22,03:30-03:40,10.642930952380766
2025-08-31,24,28,03:50-04:40,172.52461104761923
2025-08-31,30,31,04:50-05:10,51.2092080952381
2025-08-31,35,54,05:40-09:00,1387.1858113333349
2025-08-31,88,89,14:30-14:50,215.24084999999968
2025-08-31,95,95,15:40-15:50,23.252972380952087
2025-08-31,101,101,16:40-16:50,17.044631428571222
2025-08-31,105,105,17:20-17:30,13.879396190475603
2025-08-31,108,110,17:50-18:20,86.36887833333343
2025-08-31,113,125,18:40-20:50,657.4216490476189
2025-08-31,129,130,21:20-21:40,50.54587000000038
2025-08-31,137,138,22:40-23:00,40.26498466666635
2025-08-31,141,141,23:20-23:30,4.135863333333418
2025-09-01,2,2,00:10-00:20,13.379851666666582
2025-09-01,7,7,01:00-01:10,16.082162931550442
2025-09-01,36,45,05:50-07:30,530.2097703333327
2025-09-01,47,53,07:40-08:50,713.7388577619041
2025-09-01,70,70,11:30-11:40,12.246417571428083
2025-09-01,114,124,18:50-20:40,566.302519047619
2025-09-02,27,28,04:20-04:40,30.269894285714372
2025-09-02,30,30,04:50-05:00,5.618666666666627
2025-09-02,36,56,05:50-09:20,1772.8672416190477
2025-09-02,114,124,18:50-20:40,622.5296332380955
2025-09-02,131,131,21:40-21:50,0.30145633333336264
2025-09-02,142,142,23:30-23:40,28.441133333333255
2025-09-03,2,2,00:10-00:20,36.09726166666667
2025-09-03,30,31,04:50-05:10,63.12121571428588
2025-09-03,36,52,05:50-08:40,1079.8107598571437
2025-09-03,55,55,09:00-09:10,12.98033333333342
2025-09-03,88,89,14:30-14:50,58.474833333333436
2025-09-03,95,95,15:40-15:50,0.4545876190478566
2025-09-03,114,125,18:50-20:50,736.873505666666
2025-09-03,137,138,22:40-23:00,32.344202666667115
2025-09-04,28,28,04:30-04:40,10.583857619047649
2025-09-04,36,53,05:50-08:50,1409.5693355238097
2025-09-04,88,89,14:30-14:50,33.88353333333339
2025-09-04,114,125,18:50-20:50,908.5593412857136
2025-09-04,130,130,21:30-21:40,19.245856666666896
2025-09-04,137,139,22:40-23:10,50.23142700000028
2025-09-05,15,15,02:20-02:30,84.13428000000005
2025-09-05,19,21,03:00-03:30,183.50155599999982
2025-09-05,24,26,03:50-04:20,284.1033220952383
2025-09-05,28,32,04:30-05:20,313.4703326666667
2025-09-05,34,39,05:30-06:30,287.89377285714284
2025-09-05,41,43,06:40-07:10,218.3210067142858
2025-09-05,109,109,18:00-18:10,32.10165397142868
2025-09-05,111,111,18:20-18:30,5.755666666666627
2025-09-05,113,124,18:40-20:40,1472.6050969523808
2025-09-05,132,132,21:50-22:00,14.556550000000016
2025-09-05,135,135,22:20-22:30,2.384156666666513
2025-09-05,139,140,23:00-23:20,37.15667899999994
2025-09-06,15,15,02:20-02:30,144.55735000000004
2025-09-06,19,22,03:00-03:40,223.52307000000025
2025-09-06,24,32,03:50-05:20,639.9333402380955
2025-09-06,34,46,05:30-07:40,652.0853496666668
2025-09-06,108,109,17:50-18:10,101.8797491190488
2025-09-06,111,111,18:20-18:30,17.44433333333336
2025-09-06,113,124,18:40-20:40,1444.8262909047626
2025-09-06,126,127,20:50-21:10,22.009544666666443
2025-09-06,136,137,22:30-22:50,12.787807333333603
2025-09-06,139,139,23:00-23:10,30.69111433333353
2025-09-07,30,33,04:50-05:30,53.991011904761905
2025-09-07,36,55,05:50-09:10,1620.7196947619047
2025-09-07,109,109,18:00-18:10,86.11686514285718
2025-09-07,113,124,18:40-20:40,1238.758061619048
2025-09-07,126,127,20:50-21:10,68.99329800000021
2025-09-07,132,132,21:50-22:00,2.2816633333334266
2025-09-07,136,136,22:30-22:40,33.51086800000007
2025-09-07,139,140,23:00-23:20,38.527144666666686
2025-09-08,22,22,03:30-03:40,2.9880499999998165
2025-09-08,28,32,04:30-05:20,195.93977142857136
2025-09-08,35,45,05:40-07:30,555.1345445238096
2025-09-08,47,56,07:40-09:20,881.6890686190479
2025-09-08,86,90,14:10-15:00,473.8279845714293
2025-09-08,92,93,15:10-15:30,40.30830689366189
2025-09-08,101,101,16:40-16:50,3.563562857142756
2025-09-08,108,109,17:50-18:10,97.50877204285784
2025-09-08,111,124,18:20-20:40,1502.8218548095242
2025-09-08,126,126,20:50-21:00,25.959576666666976
2025-09-08,133,133,22:00-22:10,14.913425000000188
2025-09-08,137,138,22:40-23:00,48.0976826666672
2025-09-08,141,141,23:20-23:30,0.11493666666660829
2025-09-08,143,144,23:40-24:00,53.55247666666662
2025-09-09,3,3,00:20-00:30,6.563044518850802
2025-09-09,12,12,01:50-02:00,3.372333333333131
2025-09-09,25,30,04:00-05:00,100.44911904761923
2025-09-09,33,33,05:20-05:30,16.060333333333233
2025-09-09,36,53,05:50-08:50,1235.5229472380956
2025-09-09,88,89,14:30-14:50,168.31241666666688
2025-09-09,108,124,17:50-20:40,1692.658359900001
2025-09-09,126,126,20:50-21:00,12.614966666666533
2025-09-09,132,132,21:50-22:00,57.12360666666655
2025-09-09,136,138,22:30-23:00,22.333274000000642
2025-09-10,22,22,03:30-03:40,4.969546666666588
2025-09-10,25,25,04:00-04:10,2.1398466666665854
2025-09-10,28,28,04:30-04:40,14.598610000000008
2025-09-10,30,30,04:50-05:00,1.7849999999998545
2025-09-10,35,58,05:40-09:40,2210.178347952383
2025-09-10,76,76,12:30-12:40,81.77994361904734
2025-09-10,79,79,13:00-13:10,33.92627238095224
2025-09-10,84,89,13:50-14:50,350.6654333333332
2025-09-10,104,104,17:10-17:20,9.576491904762321
2025-09-10,108,109,17:50-18:10,76.53721680476292
2025-09-10,112,124,18:30-20:40,1487.8169748571431
2025-09-10,126,126,20:50-21:00,27.542426666666643
2025-09-10,129,130,21:20-21:40,23.644173333333924
2025-09-10,133,133,22:00-22:10,9.253298333333305
2025-09-10,137,138,22:40-23:00,57.44878266666717
2025-09-10,142,143,23:30-23:50,14.455430666666643
2025-09-11,7,8,01:00-01:20,48.70518666666692
2025-09-11,11,12,01:40-02:00,43.9189889999999
2025-09-11,15,15,02:20-02:30,40.07208333333324
2025-09-11,28,30,04:30-05:00,82.06683886947732
2025-09-11,36,44,05:50-07:20,500.093632666667
2025-09-11,47,56,07:40-09:20,994.5565872857143
2025-09-11,109,112,18:00-18:40,174.2387873431418
2025-09-11,114,124,18:50-20:40,1510.8174388571422
2025-09-11,127,128,21:00-21:20,20.73160199999961
2025-09-11,134,136,22:10-22:40,31.755298666666704
2025-09-11,139,140,23:00-23:20,63.06177799999989
2025-09-12,3,3,00:20-00:30,6.714666666666687
2025-09-12,15,17,02:20-02:50,127.29981966666668
2025-09-12,19,32,03:00-05:20,819.1589853809528
2025-09-12,35,46,05:40-07:40,774.215705809524
2025-09-12,108,124,17:50-20:40,1993.6817200809521
2025-09-12,127,128,21:00-21:20,76.72552533333328
2025-09-12,132,132,21:50-22:00,0.030366666666623132
2025-09-12,136,136,22:30-22:40,28.93867466666643
2025-09-12,139,140,23:00-23:20,13.55766466666671
2025-09-13,15,15,02:20-02:30,100.51494333333324
2025-09-13,19,22,03:00-03:40,245.74223399999994
2025-09-13,24,32,03:50-05:20,683.3071020000004
2025-09-13,35,45,05:40-07:30,566.6632324761906
2025-09-13,103,103,17:00-17:10,9.191841428571337
2025-09-13,108,109,17:50-18:10,101.89310627142814
2025-09-13,111,126,18:20-21:00,1843.8526536190482
2025-09-13,130,131,21:30-21:50,9.570973999999865
2025-09-13,136,137,22:30-22:50,88.03795633333357
2025-09-14,22,22,03:30-03:40,6.238809999999944
2025-09-14,25,26,04:00-04:20,73.83462238095237
2025-09-14,28,33,04:30-05:30,123.64436333333275
2025-09-14,36,42,05:50-07:00,416.2403552380954
2025-09-14,44,45,07:10-07:30,32.59518809523706
2025-09-14,47,56,07:40-09:20,1173.2446449047623
2025-09-14,89,89,14:40-14:50,7.00573333333341
2025-09-14,96,96,15:50-16:00,4.6496597619046725
2025-09-14,107,112,17:40-18:40,213.12894538659577
2025-09-14,114,126,18:50-21:00,1638.2706983809524
2025-09-14,129,129,21:20-21:30,8.366729999999961
2025-09-14,132,132,21:50-22:00,8.949346666666543
2025-09-14,134,134,22:10-22:20,6.584368666666819
2025-09-14,138,140,22:50-23:20,38.93182800000011
2025-09-15,4,5,00:30-00:50,16.06296999999995
2025-09-15,12,12,01:50-02:00,20.119333333333202
2025-09-15,21,22,03:20-03:40,33.182809999999904
2025-09-15,25,25,04:00-04:10,11.952106666666623
2025-09-15,30,31,04:50-05:10,33.55907428571402
2025-09-15,35,56,05:40-09:20,1492.0913507619043
2025-09-15,67,67,11:00-11:10,12.942489333333015
2025-09-15,88,89,14:30-14:50,118.02539999999999
2025-09-15,108,127,17:50-21:10,1922.7930398363326
2025-09-15,134,136,22:10-22:40,62.406490000000076
2025-09-15,140,141,23:10-23:30,53.72115366666662
2025-09-15,144,144,23:50-24:00,42.41683666666677
2025-09-16,2,2,00:10-00:20,13.869139000000246
2025-09-16,12,12,01:50-02:00,25.60666666666657
2025-09-16,16,16,02:30-02:40,10.781646666666688
2025-09-16,25,26,04:00-04:20,104.26445285714283
2025-09-16,28,31,04:30-05:10,54.621380952381045
2025-09-16,36,44,05:50-07:20,430.7913363333338
2025-09-16,47,56,07:40-09:20,742.8134982380959
2025-09-16,64,64,10:30-10:40,14.840353047618919
2025-09-16,87,89,14:20-14:50,177.2832576190474
2025-09-16,92,92,15:10-15:20,13.379910634013413
2025-09-16,97,97,16:00-16:10,12.170106857142969
2025-09-16,101,101,16:40-16:50,20.50589695238091
2025-09-16,105,105,17:20-17:30,5.480689285714078
2025-09-16,108,124,17:50-20:40,1897.8580810284304
2025-09-16,127,127,21:00-21:10,45.839750999999865
2025-09-16,130,131,21:30-21:50,27.28691399999991
2025-09-16,134,135,22:10-22:30,30.10459200000014
2025-09-16,138,138,22:50-23:00,12.936726666666345
2025-09-16,141,141,23:20-23:30,8.8443033333333
2025-09-16,143,144,23:40-24:00,87.63114033333318
2025-09-17,3,3,00:20-00:30,6.821279999999888
2025-09-17,5,7,00:40-01:10,65.24612633333356
2025-09-17,12,13,01:50-02:10,19.45967500000006
2025-09-17,16,16,02:30-02:40,21.322765333333336
2025-09-17,20,22,03:10-03:40,79.82337425990067
2025-09-17,25,25,04:00-04:10,11.828606666666701
2025-09-17,30,31,04:50-05:10,73.57377888924175
2025-09-17,33,33,05:20-05:30,6.857999999999834
2025-09-17,35,44,05:40-07:20,452.80276538095234
2025-09-17,47,58,07:40-09:40,1191.9915153809523
2025-09-17,60,60,09:50-10:00,6.29416666666657
2025-09-17,89,89,14:40-14:50,3.8884833333333972
2025-09-17,96,96,15:50-16:00,33.47306642857143
2025-09-17,105,105,17:20-17:30,14.907253095238076
2025-09-17,109,124,18:00-20:40,1733.08857238081
2025-09-17,127,128,21:00-21:20,111.10051966666629
2025-09-17,130,130,21:30-21:40,1.8350495999998202
2025-09-17,135,137,22:20-22:50,103.19444366666687
2025-09-17,140,144,23:10-24:00,78.32173733333332
2025-09-18,4,5,00:30-00:50,51.647139666667044
2025-09-18,7,10,01:00-01:40,56.238786666666556
2025-09-18,13,13,02:00-02:10,16.937124333333372
2025-09-18,16,17,02:30-02:50,2.7449636666665356
2025-09-18,21,22,03:20-03:40,16.56095276471217
2025-09-18,25,25,04:00-04:10,25.938963333333213
2025-09-18,29,33,04:40-05:30,147.79739714285688
2025-09-18,36,44,05:50-07:20,424.1353159047623
2025-09-18,47,57,07:40-09:30,1232.3039444285712
2025-09-18,77,77,12:40-12:50,21.508988142857106
2025-09-18,88,89,14:30-14:50,65.76301666666654
2025-09-18,101,102,16:40-17:00,31.064233380952032
2025-09-18,108,112,17:50-18:40,249.76323330938004
2025-09-18,114,124,18:50-20:40,1594.8537963809524
2025-09-18,127,130,21:00-21:40,89.87049342857097
2025-09-18,133,134,22:00-22:20,97.09225866666668
2025-09-18,139,139,23:00-23:10,8.492780999999923
2025-09-18,142,143,23:30-23:50,37.25140699999997
2025-09-19,2,3,00:10-00:30,35.07699233333341
2025-09-19,5,8,00:40-01:20,122.2505260000002
2025-09-19,10,12,01:30-02:00,135.11892866666636
2025-09-19,15,33,02:20-05:30,901.1010241548448
2025-09-19,35,47,05:40-07:50,606.0780058095238
2025-09-19,96,98,15:50-16:20,75.21234275132218
2025-09-19,102,105,16:50-17:30,48.45620188095299
2025-09-19,107,129,17:40-21:30,2248.9093265506763
2025-09-19,132,132,21:50-22:00,23.30986666666672
2025-09-19,134,136,22:10-22:40,110.93008433333341
2025-09-20,2,2,00:10-00:20,5.7392899999996985
2025-09-20,6,6,00:50-01:00,28.70999999999998
2025-09-20,9,9,01:20-01:30,10.503999999999849
2025-09-20,12,12,01:50-02:00,4.075333333333106
2025-09-20,15,17,02:20-02:50,146.12588533333349
2025-09-20,19,22,03:00-03:40,377.3551473333333
2025-09-20,24,26,03:50-04:20,271.18608395238067
2025-09-20,28,32,04:30-05:20,340.5559009523812
2025-09-20,35,47,05:40-07:50,779.8850431904766
2025-09-20,95,95,15:40-15:50,12.984249999999975
2025-09-20,101,101,16:40-16:50,13.793237619047716
2025-09-20,103,104,17:00-17:20,62.98339164285761
2025-09-20,107,126,17:40-21:00,2223.278736563197
2025-09-20,129,129,21:20-21:30,55.61676666666665
2025-09-20,131,132,21:40-22:00,103.5150526666664
2025-09-20,135,135,22:20-22:30,13.328520000000026
2025-09-20,139,139,23:00-23:10,23.551963
2025-09-21,5,6,00:40-01:00,15.346746933332497
2025-09-21,9,9,01:20-01:30,8.193999999999846
2025-09-21,15,15,02:20-02:30,7.5379999999997835
2025-09-21,19,21,03:00-03:30,125.70035666666638
2025-09-21,24,25,03:50-04:10,40.630183333333335
2025-09-21,27,33,04:20-05:30,118.32521050476102
2025-09-21,35,42,05:40-07:00,318.5682675238099
2025-09-21,47,53,07:40-08:50,441.74905866666757
2025-09-21,75,75,12:20-12:30,10.342349999999215
2025-09-21,89,89,14:40-14:50,2.837550000000192
2025-09-21,108,124,17:50-20:40,1891.9184865661382
2025-09-21,127,127,21:00-21:10,57.592400999999995
2025-09-21,130,131,21:30-21:50,49.00155933333326
2025-09-21,136,137,22:30-22:50,28.738854999999944
2025-09-21,142,144,23:30-24:00,91.9505770000003
2025-09-22,1,13,00:00-02:10,450.86731
2025-09-22,15,23,02:20-03:50,346.85320416376385
2025-09-22,25,26,04:00-04:20,74.98580047619058
2025-09-22,30,33,04:50-05:30,84.9137585714288
2025-09-22,36,44,05:50-07:20,383.5138550952389
2025-09-22,47,56,07:40-09:20,785.0192148571426
2025-09-22,88,89,14:30-14:50,74.84696666666662
2025-09-22,99,99,16:20-16:30,21.768345238095378
2025-09-22,102,104,16:50-17:20,57.38459347619087
2025-09-22,107,124,17:40-20:40,2069.059119028429
2025-09-22,126,128,20:50-21:20,147.01569900000015
2025-09-22,130,131,21:30-21:50,31.877233133332766
2025-09-22,134,138,22:10-23:00,140.27115666666703
2025-09-22,140,141,23:10-23:30,48.32465633333334
2025-09-22,144,144,23:50-24:00,20.886056666666832
2025-09-23,2,5,00:10-00:50,156.37600300000042
2025-09-23,7,7,01:00-01:10,18.71746266666696
2025-09-23,10,13,01:30-02:10,97.14530166666634
2025-09-23,16,21,02:30-03:30,108.30804033333345
2025-09-23,23,24,03:40-04:00,71.19939499999987
2025-09-23,27,33,04:20-05:30,226.8236057319691
2025-09-23,35,44,05:40-07:20,396.4537691428572
2025-09-23,47,59,07:40-09:50,912.6647558095241
2025-09-23,61,61,10:00-10:10,3.388966666666647
2025-09-23,87,89,14:20-14:50,359.24049957142824
2025-09-23,92,92,15:10-15:20,1.8130971428571456
2025-09-23,96,97,15:50-16:10,105.28260314285762
2025-09-23,100,101,16:30-16:50,31.498992380952075
2025-09-23,104,104,17:10-17:20,3.6891733333330023
2025-09-23,106,124,17:30-20:40,2129.6112293862434
2025-09-23,126,126,20:50-21:00,101.34378000000015
2025-09-23,129,129,21:20-21:30,27.78020666666646
2025-09-23,131,132,21:40-22:00,34.897799666666515
2025-09-23,134,135,22:10-22:30,166.48903799999982
2025-09-23,138,138,22:50-23:00,48.7348666666669
2025-09-23,140,142,23:10-23:40,49.03541033333363
2025-09-24,2,10,00:10-01:40,251.26748933333283
2025-09-24,12,23,01:50-03:50,324.98253138399025
2025-09-24,25,33,04:00-05:30,282.56623523809526
2025-09-24,36,45,05:50-07:30,498.8451710000006
2025-09-24,47,58,07:40-09:40,1104.7015073333341
2025-09-24,84,85,13:50-14:10,51.13411580952379
2025-09-24,91,92,15:00-15:20,5.881509380952593
2025-09-24,96,96,15:50-16:00,15.80897333333371
2025-09-24,101,102,16:40-17:00,49.36024633333386
2025-09-24,106,124,17:30-20:40,2065.7268206243384
2025-09-24,126,129,20:50-21:30,158.40558833333284
2025-09-24,132,136,21:50-22:40,140.35241833333293
2025-09-24,139,140,23:00-23:20,42.70264933333351
2025-09-24,142,143,23:30-23:50,131.54499966666674
2025-09-25,2,10,00:10-01:40,419.5489983333323
2025-09-25,12,14,01:50-02:20,87.71487933333344
2025-09-25,16,32,02:30-05:20,478.494154
2025-09-25,36,45,05:50-07:30,393.1739339047625
2025-09-25,47,55,07:40-09:10,739.3089705714287
2025-09-25,81,81,13:20-13:30,39.70749857142823
2025-09-25,88,89,14:30-14:50,102.41011666666668
2025-09-25,95,96,15:40-16:00,54.8115825867128
2025-09-25,99,100,16:20-16:40,49.354233333333696
2025-09-25,107,108,17:40-18:00,127.04123285714289
2025-09-25,111,129,18:20-21:30,2039.9368134428576
2025-09-25,131,132,21:40-22:00,44.93585500000006
2025-09-25,134,138,22:10-23:00,234.93566533333308
2025-09-25,142,144,23:30-24:00,59.22268333333335
2025-09-26,1,13,00:00-02:10,397.91085433333313
2025-09-26,15,22,02:20-03:40,361.5652609695229
2025-09-26,24,26,03:50-04:20,315.9894806190473
2025-09-26,28,46,04:30-07:40,1090.2563064285716
2025-09-26,97,102,16:00-17:00,172.66463428571396
2025-09-26,105,105,17:20-17:30,13.025380180953462
2025-09-26,108,127,17:50-21:10,2426.8464727619053
2025-09-26,129,131,21:20-21:50,138.9607129999997
2025-09-26,134,138,22:10-23:00,133.25743366666643
2025-09-26,140,144,23:10-24:00,96.43968769018414
2025-09-27,3,5,00:20-00:50,127.20535333333345
2025-09-27,7,9,01:00-01:30,124.32677333333305
2025-09-27,11,12,01:40-02:00,22.955616666666515
2025-09-27,15,46,02:20-07:40,1857.2480125238092
2025-09-27,95,103,15:40-17:10,614.5526845333328
2025-09-27,106,124,17:30-20:40,2493.9556540952385
2025-09-27,126,128,20:50-21:20,187.54079799999977
2025-09-27,130,131,21:30-21:50,25.377033666666534
2025-09-27,133,137,22:00-22:50,190.27093566666673
2025-09-27,139,140,23:00-23:20,141.6964816666666
2025-09-27,142,144,23:30-24:00,78.30304433333333
2025-09-28,1,3,00:00-00:30,126.48521999999991
2025-09-28,5,17,00:40-02:50,469.1785636666666
2025-09-28,19,33,03:00-05:30,376.45034611428173
2025-09-28,35,44,05:40-07:20,404.42261300000047
2025-09-28,47,59,07:40-09:50,1293.2576264285715
2025-09-28,63,63,10:20-10:30,17.22370952380993
2025-09-28,82,82,13:30-13:40,9.973554095238342
2025-09-28,86,89,14:10-14:50,243.1154499999999
2025-09-28,97,98,16:00-16:20,29.620694142856507
2025-09-28,100,128,16:30-21:20,2304.043656538096
2025-09-28,130,135,21:30-22:30,295.03128633333347
2025-09-28,138,140,22:50-23:20,130.96390166666708
2025-09-28,142,144,23:30-24:00,175.76994100000002
2025-09-29,1,20,00:00-03:20,991.539599666667
2025-09-29,22,33,03:30-05:30,431.41330329584605
2025-09-29,35,43,05:40-07:10,327.7272996666669
2025-09-29,47,59,07:40-09:50,1166.0964745238098
2025-09-29,87,89,14:20-14:50,162.20555000000013
2025-09-29,96,98,15:50-16:20,83.79598285714286
2025-09-29,102,105,16:50-17:30,207.576722510288
2025-09-29,107,125,17:40-20:50,2439.227969502095
2025-09-29,127,131,21:00-21:50,220.83639933333347
2025-09-29,133,138,22:00-23:00,289.4946610000003
2025-09-29,140,144,23:10-24:00,281.1276116666663
2025-09-30,1,44,00:00-07:20,1818.149415053489
2025-09-30,47,58,07:40-09:40,1207.690494285714
2025-09-30,61,61,10:00-10:10,16.61844999999994
2025-09-30,77,77,12:40-12:50,7.687255666666488
2025-09-30,81,81,13:20-13:30,5.678011666667317
2025-09-30,84,101,13:50-16:50,922.3748969888293
2025-09-30,103,128,17:00-21:20,2730.5972641478083
2025-09-30,130,144,21:30-24:00,590.6670183333334
2025-10-01,1,18,00:00-03:00,631.959994333333
2025-10-01,20,28,03:10-04:40,217.21643157142876
2025-10-01,30,32,04:50-05:20,38.36552185714248
2025-10-01,34,39,05:30-06:30,199.2118418095236
2025-10-01,41,41,06:40-06:50,25.578204714285306
2025-10-01,47,54,07:40-09:00,450.9723184761898
2025-10-01,88,89,14:30-14:50,63.08369999999968
2025-10-01,107,108,17:40-18:00,56.156327142857265
2025-10-01,111,112,18:20-18:40,84.5298766666665
2025-10-01,114,126,18:50-21:00,1666.0361294285713
2025-10-01,128,135,21:10-22:30,390.01297066666746
2025-10-01,137,140,22:40-23:20,190.09675833333336
2025-10-02,1,29,00:00-04:50,1209.5595974953553
2025-10-02,35,36,05:40-06:00,101.04613999999995
2025-10-02,38,42,06:10-07:00,172.97482999999994
2025-10-02,47,56,07:40-09:20,817.2523214285703
2025-10-02,104,104,17:10-17:20,10.371772857142759
2025-10-02,107,109,17:40-18:10,66.91781666666701
2025-10-02,111,140,18:20-23:20,2260.148927095238
2025-10-03,1,12,00:00-02:00,435.30675666666656
2025-10-03,15,42,02:20-07:00,1530.066946047619
2025-10-03,44,46,07:10-07:40,153.88136552380936
2025-10-03,104,105,17:10-17:30,67.09632063947494
2025-10-03,107,126,17:40-21:00,2527.2116554761906
2025-10-03,128,140,21:10-23:20,484.7926496219862
2025-10-04,1,11,00:00-01:50,345.2827866666664
2025-10-04,14,33,02:10-05:30,1152.469679952381
2025-10-04,35,46,05:40-07:40,600.5973670952382
2025-10-04,98,98,16:10-16:20,17.9138263609633
2025-10-04,100,101,16:30-16:50,14.242861428571473
2025-10-04,104,105,17:10-17:30,22.556376623809456
2025-10-04,108,140,17:50-23:20,3002.9434334761904
2025-10-05,1,13,00:00-02:10,666.3862033333335
2025-10-05,15,33,02:20-05:30,633.3482193095206
2025-10-05,36,42,05:50-07:00,253.86855600000027
2025-10-05,47,56,07:40-09:20,622.4271605714275
2025-10-05,80,80,13:10-13:20,3.762981523809003
2025-10-05,92,92,15:10-15:20,19.94923476190445
2025-10-05,100,100,16:30-16:40,1.665341904761874
2025-10-05,104,104,17:10-17:20,11.027308095237856
2025-10-05,106,111,17:30-18:30,85.6647798857142
2025-10-05,114,129,18:50-21:30,1715.1361879047618
2025-10-05,131,141,21:40-23:30,496.58475733333285
2025-10-06,1,33,00:00-05:30,1524.074053809524
2025-10-06,35,40,05:40-06:40,232.334231809524
2025-10-06,42,44,06:50-07:20,68.17971761904738
2025-10-06,47,57,07:40-09:30,846.5220082857139
2025-10-06,89,89,14:40-14:50,53.5086
2025-10-06,92,92,15:10-15:20,4.77405380952348
2025-10-06,94,95,15:30-15:50,62.38110333333327
2025-10-06,97,105,16:00-17:30,331.94892460019
2025-10-06,107,144,17:40-24:00,2653.227733333333
2025-10-07,2,21,00:10-03:30,619.13893
2025-10-07,23,24,03:40-04:00,30.17089499999986
2025-10-07,27,27,04:20-04:30,15.128481428571263
2025-10-07,30,33,04:50-05:30,59.63882704761883
2025-10-07,35,45,05:40-07:30,320.2054696666666
2025-10-07,47,58,07:40-09:40,957.5278769999996
2025-10-07,89,89,14:40-14:50,45.41046666666659
2025-10-07,93,96,15:20-16:00,97.23664819223757
2025-10-07,99,140,16:20-23:20,3109.3565114884823
2025-10-07,142,144,23:30-24:00,158.8330943333333
2025-10-08,1,3,00:00-00:30,39.16278066666666
2025-10-08,5,7,00:40-01:10,110.1328023333333
2025-10-08,9,11,01:20-01:50,106.51182599999981
2025-10-08,13,25,02:00-04:10,319.6461823333334
2025-10-08,27,30,04:20-05:00,35.28429285714259
2025-10-08,34,56,05:30-09:20,1092.9444254761897
2025-10-08,92,95,15:10-15:50,80.44992748636503
2025-10-08,97,97,16:00-16:10,3.5996390952381034
2025-10-08,100,104,16:30-17:20,154.63655919047602
2025-10-08,106,135,17:30-22:30,2426.982119428456
2025-10-08,138,144,22:50-24:00,258.40278333333333
2025-10-09,1,3,00:00-00:30,86.97016799999972
2025-10-09,5,14,00:40-02:20,273.5872650388894
2025-10-09,17,17,02:40-02:50,4.283019999999965
2025-10-09,19,20,03:00-03:20,18.75549666666666
2025-10-09,22,23,03:30-03:50,50.242956666666714
2025-10-09,25,30,04:00-05:00,66.95598319047635
2025-10-09,33,38,05:20-06:20,218.6461589047619
2025-10-09,40,56,06:30-09:20,825.4163085476202
2025-10-09,87,89,14:20-14:50,57.28534633333231
2025-10-09,91,92,15:00-15:20,46.02392457142844
2025-10-09,94,95,15:30-15:50,64.90092535238034
2025-10-09,98,101,16:10-16:50,163.84500443268638
2025-10-09,103,126,17:00-21:00,2001.110739998714
2025-10-09,128,144,21:10-24:00,623.5049326666663
2025-10-10,1,17,00:00-02:50,824.045536666667
2025-10-10,19,26,03:00-04:20,461.2288010476191
2025-10-10,28,44,04:30-07:20,752.2223984761907
2025-10-10,96,126,15:50-21:00,3135.7674639479137
2025-10-10,128,130,21:10-21:40,145.70171366666665
2025-10-10,132,141,21:50-23:30,419.8161626984081
2025-10-11,1,2,00:00-00:20,57.41491666666684
2025-10-11,4,5,00:30-00:50,45.61330666666686
2025-10-11,7,47,01:00-07:50,1665.8377035571436
2025-10-11,96,135,15:50-22:30,3053.042672700003
2025-10-11,137,141,22:40-23:30,140.1702953333329
2025-10-11,143,143,23:40-23:50,11.033903333333342
2025-10-12,1,1,00:00-00:10,11.760616666666806
2025-10-12,3,5,00:20-00:50,25.23053773333379
2025-10-12,7,8,01:00-01:20,35.68097333333333
2025-10-12,10,12,01:30-02:00,126.36526976860512
2025-10-12,15,19,02:20-03:10,135.62642000000028
2025-10-12,22,26,03:30-04:20,63.67473761904762
2025-10-12,31,32,05:00-05:20,50.6019490952382
2025-10-12,35,38,05:40-06:20,173.0537760000001
2025-10-12,40,41,06:30-06:50,59.07584295238087
2025-10-12,43,43,07:00-07:10,21.800145714285662
2025-10-12,47,56,07:40-09:20,608.5874656666666
2025-10-12,84,84,13:50-14:00,32.39635214285704
2025-10-12,88,89,14:30-14:50,54.05881666666676
2025-10-12,94,94,15:30-15:40,4.382873904762278
2025-10-12,97,98,16:00-16:20,54.74615576190473
2025-10-12,100,105,16:30-17:30,132.3152457714333
2025-10-12,107,137,17:40-22:50,2327.761860078023
2025-10-12,139,143,23:00-23:50,138.0819086666662
2025-10-13,2,6,00:10-01:00,68.3928599999997
2025-10-13,8,9,01:10-01:30,42.92789500000015
2025-10-13,12,13,01:50-02:10,67.68389000000036
2025-10-13,16,17,02:30-02:50,29.702733333333185
2025-10-13,26,30,04:10-05:00,131.03170652380976
2025-10-13,34,40,05:30-06:40,187.40340338095254
2025-10-13,42,42,06:50-07:00,10.407017857142932
2025-10-13,47,57,07:40-09:30,786.3592851904766
2025-10-13,88,89,14:30-14:50,142.68746666666652
2025-10-13,94,97,15:30-16:10,71.65500785714283
2025-10-13,100,135,16:30-22:30,2173.4901411487353
2025-10-13,138,143,22:50-23:50,155.60053133333372
2025-10-14,2,14,00:10-02:20,380.49671
2025-10-14,19,24,03:00-04:00,175.29047799999978
2025-10-14,27,33,04:20-05:30,149.77651238095254
2025-10-14,35,39,05:40-06:30,179.46464938095232
2025-10-14,42,45,06:50-07:30,162.64941928571466
2025-10-14,47,58,07:40-09:40,857.3191781904753
2025-10-14,89,89,14:40-14:50,65.15466666666657
2025-10-14,92,102,15:10-17:00,426.91252642055133
2025-10-14,106,134,17:30-22:20,2668.21086194302
2025-10-14,137,142,22:40-23:40,185.24295166666707
2025-10-14,144,144,23:50-24:00,5.319910000000164
2025-10-15,1,1,00:00-00:10,22.39399766666679
2025-10-15,4,5,00:30-00:50,87.51570299999992
2025-10-15,7,9,01:00-01:30,41.85054755144358
2025-10-15,11,12,01:40-02:00,56.24313866666682
2025-10-15,15,16,02:20-02:40,38.71563000000003
2025-10-15,18,20,02:50-03:20,34.70715333333317
2025-10-15,24,29,03:50-04:50,132.82235828571433
2025-10-15,33,33,05:20-05:30,4.391720952381206
2025-10-15,35,41,05:40-06:50,191.8247614285712
2025-10-15,47,57,07:40-09:30,767.4952664761902
2025-10-15,85,90,14:00-15:00,374.6986999999997
2025-10-15,94,94,15:30-15:40,19.28722285714298
2025-10-15,97,104,16:00-17:20,151.64633690476262
2025-10-15,106,135,17:30-22:30,3532.514126130716
2025-10-15,138,141,22:50-23:30,179.5413413333331
2025-10-15,144,144,23:50-24:00,24.176536666666607
2025-10-16,2,8,00:10-01:20,116.7727110000003
2025-10-16,10,11,01:30-01:50,18.53761666666685
2025-10-16,15,16,02:20-02:40,38.93156666666653
2025-10-16,19,20,03:00-03:20,9.451423666666642
2025-10-16,22,23,03:30-03:50,14.874254000000178
2025-10-16,26,28,04:10-04:40,28.89882714285727
2025-10-16,31,32,05:00-05:20,39.985217523809474
2025-10-16,35,39,05:40-06:30,142.33595009523802
2025-10-16,41,45,06:40-07:30,123.64014761904778
2025-10-16,47,58,07:40-09:40,720.8833367619039
2025-10-16,85,102,14:00-17:00,1882.9162478791882
2025-10-16,105,132,17:20-22:00,2766.9758160446645
2025-10-16,134,141,22:10-23:30,256.3125486666662
2025-10-16,143,144,23:40-24:00,74.79989799999987
2025-10-17,1,11,00:00-01:50,386.3008566666666
2025-10-17,13,16,02:00-02:40,89.19134999999994
2025-10-17,18,22,02:50-03:40,120.30039000000005
2025-10-17,24,27,03:50-04:30,92.60400347619054
2025-10-17,29,41,04:40-06:50,384.15257133333347
2025-10-17,43,47,07:00-07:50,207.20611114285703
2025-10-17,96,98,15:50-16:20,153.507532
2025-10-17,100,101,16:30-16:50,138.9469466190478
2025-10-17,103,126,17:00-21:00,2313.582166342936
2025-10-17,128,141,21:10-23:30,454.21454333333264
2025-10-18,1,10,00:00-01:40,359.84947333333304
2025-10-18,12,15,01:50-02:30,67.93121333333346
2025-10-18,17,18,02:40-03:00,131.69795666666658
2025-10-18,20,22,03:10-03:40,73.70722943332919
2025-10-18,24,26,03:50-04:20,113.23200647619052
2025-10-18,28,39,04:30-06:30,440.08657028571486
2025-10-18,42,48,06:50-08:00,263.93647161904755
2025-10-18,95,96,15:40-16:00,63.76054133333122
2025-10-18,98,102,16:10-17:00,291.0190181809539
2025-10-18,104,135,17:10-22:30,2555.1363950476166
2025-10-18,138,141,22:50-23:30,107.92839533333336
2025-10-19,1,9,00:00-01:30,297.76882650205505
2025-10-19,12,12,01:50-02:00,6.228999999999928
2025-10-19,15,24,02:20-04:00,216.11386000000027
2025-10-19,26,32,04:10-05:20,126.48651476190474
2025-10-19,35,40,05:40-06:40,176.51118204761883
2025-10-19,42,45,06:50-07:30,49.411388809524226
2025-10-19,47,58,07:40-09:40,720.7990010476186
2025-10-19,85,90,14:00-15:00,652.512309952381
2025-10-19,92,104,15:10-17:20,778.5701522714284
2025-10-19,106,130,17:30-21:40,1920.73117704762
2025-10-19,132,141,21:50-23:30,243.13475266666626
2025-10-19,143,144,23:40-24:00,35.70391833333349
2025-10-20,5,7,00:40-01:10,46.20431033333307
2025-10-20,11,12,01:40-02:00,14.810248333333561
2025-10-20,15,17,02:20-02:50,27.222286284537972
2025-10-20,20,20,03:10-03:20,6.0551833333331615
2025-10-20,22,22,03:30-03:40,3.922673333333364
2025-10-20,24,24,03:50-04:00,3.9610000000001264
2025-10-20,27,29,04:20-04:50,27.41764333333345
2025-10-20,33,35,05:20-05:50,64.67996261904764
2025-10-20,37,45,06:00-07:30,186.0511448095235
2025-10-20,47,48,07:40-08:00,134.71938438095293
2025-10-20,50,61,08:10-10:10,1087.5178913333323
2025-10-20,87,89,14:20-14:50,224.60090366666674
2025-10-20,97,97,16:00-16:10,1.0721728571429594
2025-10-20,100,101,16:30-16:50,44.08616395238076
2025-10-20,104,144,17:10-24:00,2058.132294666667
2025-10-21,2,4,00:10-00:40,31.56043633333354
2025-10-21,9,12,01:20-02:00,50.05037966666657
2025-10-21,18,18,02:50-03:00,11.56366666666679
2025-10-21,22,22,03:30-03:40,22.04435033333334
2025-10-21,25,26,04:00-04:20,10.501056333333281
2025-10-21,28,29,04:30-04:50,18.07065261904755
2025-10-21,32,33,05:10-05:30,60.478397761904944
2025-10-21,35,36,05:40-06:00,68.8964787619052
2025-10-21,38,39,06:10-06:30,108.93266228571451
2025-10-21,41,45,06:40-07:30,115.98330704761895
2025-10-21,47,61,07:40-10:10,1165.8713587619043
2025-10-21,84,89,13:50-14:50,571.8897344761908
2025-10-21,95,95,15:40-15:50,11.787728800000991
2025-10-21,102,102,16:50-17:00,25.201154285714125
2025-10-21,104,134,17:10-22:20,1878.731106285714
2025-10-21,136,137,22:30-22:50,104.2125043333333
2025-10-21,139,140,23:00-23:20,90.32819733333304
2025-10-22,2,2,00:10-00:20,0.45813766666651645
2025-10-22,4,5,00:30-00:50,35.278519666666966
2025-10-22,9,11,01:20-01:50,58.576923333333184
2025-10-22,13,13,02:00-02:10,13.252947333333395
2025-10-22,21,22,03:20-03:40,31.933427666666603
2025-10-22,25,26,04:00-04:20,36.88200333333327
2025-10-22,30,30,04:50-05:00,6.696000000000026
2025-10-22,35,38,05:40-06:20,93.07023952380939
2025-10-22,40,41,06:30-06:50,56.55422338095214
2025-10-22,43,45,07:00-07:30,89.36919904761953
2025-10-22,47,62,07:40-10:20,1133.7232654285722
2025-10-22,88,89,14:30-14:50,117.9681999999998
2025-10-22,94,97,15:30-16:10,46.86258689523868
2025-10-22,99,102,16:20-17:00,75.61951476190518
2025-10-22,104,126,17:10-21:00,2035.4502208761926
2025-10-22,128,135,21:10-22:30,254.83718240000053
2025-10-22,137,140,22:40-23:20,115.5586726666661
2025-10-22,143,143,23:40-23:50,0.12360966666653894
2025-10-23,2,2,00:10-00:20,20.49142433333327
2025-10-23,8,13,01:10-02:10,77.55653599999982
2025-10-23,20,22,03:10-03:40,23.24832000000015
2025-10-23,25,27,04:00-04:30,55.270482912301986
2025-10-23,33,33,05:20-05:30,2.047599999999875
2025-10-23,36,42,05:50-07:00,164.72635233333318
2025-10-23,47,58,07:40-09:40,736.0858460476192
2025-10-23,73,73,12:00-12:10,25.486369714286184
2025-10-23,86,89,14:10-14:50,320.3304740000002
2025-10-23,94,95,15:30-15:50,17.277056666666454
2025-10-23,102,104,16:50-17:20,70.86989571428546
2025-10-23,106,134,17:30-22:20,1894.0337114285712
2025-10-23,136,140,22:30-23:20,77.33477499999958
2025-10-23,143,144,23:40-24:00,60.669249666666474
2025-10-24,1,5,00:00-00:50,173.4276666666667
2025-10-24,7,9,01:00-01:30,68.78423666666657
2025-10-24,11,23,01:40-03:50,273.0456393333336
2025-10-24,25,26,04:00-04:20,73.37323366666669
2025-10-24,28,36,04:30-06:00,285.6078641904764
2025-10-24,38,49,06:10-08:10,308.9664029999997
2025-10-24,94,135,15:30-22:30,3099.918539650384
2025-10-24,137,138,22:40-23:00,122.0337606666667
2025-10-24,141,143,23:20-23:50,20.444946999999956
2025-10-25,1,5,00:00-00:50,157.43187699999993
2025-10-25,7,18,01:00-03:00,353.95701999999994
2025-10-25,22,23,03:30-03:50,28.77327100000008
2025-10-25,25,35,04:00-05:50,301.7110391904761
2025-10-25,37,41,06:00-06:50,149.6347808571427
2025-10-25,43,48,07:00-08:00,167.30409509523798
2025-10-25,95,128,15:40-21:20,2655.4452195177732
2025-10-25,130,131,21:30-21:50,111.1825673333334
2025-10-25,133,135,22:00-22:30,67.52350600000034
2025-10-25,137,139,22:40-23:10,86.04118399999982
2025-10-25,144,144,23:50-24:00,13.555126666666638
2025-10-26,1,6,00:00-01:00,107.25876866666704
2025-10-26,8,12,01:10-02:00,81.02343366666662
2025-10-26,14,18,02:10-03:00,93.15497666666658
2025-10-26,20,22,03:10-03:40,67.37069999999983
2025-10-26,24,29,03:50-04:50,64.2918762857145
2025-10-26,32,33,05:10-05:30,58.240346047618914
2025-10-26,36,39,05:50-06:30,164.0095066666663
2025-10-26,42,42,06:50-07:00,1.3796071428569263
2025-10-26,47,48,07:40-08:00,57.43014857142822
2025-10-26,50,56,08:10-09:20,430.61959499999966
2025-10-26,58,59,09:30-09:50,81.63478333333353
2025-10-26,84,89,13:50-14:50,356.0366905238103
2025-10-26,99,99,16:20-16:30,4.055083333333471
2025-10-26,102,137,16:50-22:50,2049.2308960718583
2025-10-26,139,140,23:00-23:20,13.820222333333277
2025-10-26,142,143,23:30-23:50,28.25621366666701
2025-10-27,1,3,00:00-00:30,88.68274699999984
2025-10-27,6,6,00:50-01:00,24.475436666666496
2025-10-27,9,16,01:20-02:40,133.90915299999972
2025-10-27,19,20,03:00-03:20,73.62843399999997
2025-10-27,22,30,03:30-05:00,108.16681728571409
2025-10-27,33,33,05:20-05:30,12.47908666666649
2025-10-27,35,38,05:40-06:20,98.53218523809517
2025-10-27,40,40,06:30-06:40,10.481794952380938
2025-10-27,47,48,07:40-08:00,49.08586876190458
2025-10-27,50,58,08:10-09:40,397.75335166666656
2025-10-27,84,90,13:50-15:00,478.72876619047673
2025-10-27,92,130,15:10-21:40,2177.393941241643
2025-10-27,132,136,21:50-22:40,153.28693433333376
2025-10-27,139,139,23:00-23:10,47.93370499999992
2025-10-27,142,143,23:30-23:50,35.74003333333326
2025-10-28,1,3,00:00-00:30,107.64450774182421
2025-10-28,6,6,00:50-01:00,13.83495999999991
2025-10-28,8,12,01:10-02:00,75.96815666666669
2025-10-28,15,19,02:20-03:10,101.47579666666672
2025-10-28,21,23,03:20-03:50,50.18563390064514
2025-10-28,27,27,04:20-04:30,18.95033333333322
2025-10-28,32,33,05:10-05:30,14.993503333333138
2025-10-28,36,43,05:50-07:10,182.99409176190437
2025-10-28,47,58,07:40-09:40,506.7205894761893
2025-10-28,60,60,09:50-10:00,0.3483333333333576
2025-10-28,83,83,13:40-13:50,2.201616666666723
2025-10-28,86,89,14:10-14:50,385.84349609523815
2025-10-28,93,94,15:20-15:40,16.753177142856998
2025-10-28,97,98,16:00-16:20,40.66684904761894
2025-10-28,101,103,16:40-17:10,26.52094857142847
2025-10-28,105,106,17:20-17:40,13.245551380952406
2025-10-28,108,134,17:50-22:20,1804.6220552134032
2025-10-28,136,137,22:30-22:50,43.70253666666645
2025-10-28,143,144,23:40-24:00,59.53133100000002
2025-10-29,3,3,00:20-00:30,7.984386666666637
2025-10-29,9,9,01:20-01:30,3.80041333333304
2025-10-29,12,12,01:50-02:00,17.058975315454404
2025-10-29,15,17,02:20-02:50,27.853944924551797
2025-10-29,20,20,03:10-03:20,5.489421999999877
2025-10-29,25,27,04:00-04:30,98.94352999999967
2025-10-29,31,33,05:00-05:30,48.32293779983384
2025-10-29,37,39,06:00-06:30,114.75522604761863
2025-10-29,42,42,06:50-07:00,6.638785714285632
2025-10-29,47,63,07:40-10:30,1034.9772427619039
2025-10-29,83,89,13:40-14:50,863.8585333333335
2025-10-29,96,97,15:50-16:10,21.211610476190344
2025-10-29,100,101,16:30-16:50,31.57197138095242
2025-10-29,104,134,17:10-22:20,3050.114483086975
2025-10-29,138,138,22:50-23:00,12.187659999999596
2025-10-29,141,143,23:20-23:50,9.450059999999894
2025-10-30,1,1,00:00-00:10,3.726521000000048
2025-10-30,4,6,00:30-01:00,33.01285499999983
2025-10-30,15,15,02:20-02:30,11.091379999999958
2025-10-30,18,21,02:50-03:30,69.69133666666698
2025-10-30,24,25,03:50-04:10,53.135959666666395
2025-10-30,28,29,04:30-04:50,25.356764999999882
2025-10-30,33,33,05:20-05:30,3.830443333333278
2025-10-30,36,38,05:50-06:20,110.41641509523788
2025-10-30,40,41,06:30-06:50,74.04444895238086
2025-10-30,44,44,07:10-07:20,3.2611109523811592
2025-10-30,47,47,07:40-07:50,18.20884699999982
2025-10-30,49,54,08:00-09:00,334.657401523809
2025-10-30,56,58,09:10-09:40,165.33280480952325
2025-10-30,85,89,14:00-14:50,376.75672752380956
2025-10-30,95,99,15:40-16:30,103.49974928571294
2025-10-30,101,103,16:40-17:10,56.38204428571406
2025-10-30,105,126,17:20-21:00,1791.629476619048
2025-10-30,128,133,21:10-22:10,224.84424792300013
2025-10-30,136,137,22:30-22:50,39.94217666666691
2025-10-30,139,140,23:00-23:20,29.652617666666742
2025-10-31,1,11,00:00-01:50,398.91383533333334
2025-10-31,14,29,02:10-04:50,254.72817233333342
2025-10-31,31,34,05:00-05:40,142.61639142857138
2025-10-31,36,50,05:50-08:20,332.42008199999947
2025-10-31,93,134,15:20-22:20,2874.265999523809
2025-10-31,136,136,22:30-22:40,23.0654536666666
2025-10-31,139,139,23:00-23:10,16.255660666666813
2025-10-31,142,143,23:30-23:50,62.11525666666648
2025-11-01,1,5,00:00-00:50,136.086294
2025-11-01,7,14,01:00-02:20,212.15971133333295
2025-11-01,16,21,02:30-03:30,207.0196710000002
2025-11-01,25,47,04:00-07:50,525.6160485238092
2025-11-01,49,49,08:00-08:10,10.148952619047666
2025-11-01,93,95,15:20-15:50,78.15077380952425
2025-11-01,97,98,16:00-16:20,89.39002476190461
2025-11-01,101,126,16:40-21:00,2140.499809109525
2025-11-01,128,133,21:10-22:10,155.77608933333346
2025-11-01,136,138,22:30-23:00,63.91143133333321
2025-11-01,144,144,23:50-24:00,14.405943333333425
2025-11-02,1,2,00:00-00:20,14.013609999999971
2025-11-02,4,6,00:30-01:00,30.446233666666785
2025-11-02,9,9,01:20-01:30,1.0069999999999482
2025-11-02,12,15,01:50-02:30,56.12414333333356
2025-11-02,17,20,02:40-03:20,59.70485499999984
2025-11-02,29,32,04:40-05:20,79.31091452380927
2025-11-02,36,45,05:50-07:30,191.4119571428574
2025-11-02,48,48,07:50-08:00,27.73537928571409
2025-11-02,50,61,08:10-10:10,628.4118881428573
2025-11-02,81,89,13:20-14:50,408.63589128571476
2025-11-02,99,99,16:20-16:30,12.47118428571406
2025-11-02,102,105,16:50-17:30,57.61786809524149
2025-11-02,108,126,17:50-21:00,1542.9432705220456
2025-11-02,129,133,21:20-22:10,96.20777566666663
2025-11-02,136,138,22:30-23:00,62.96196466666697
2025-11-02,142,142,23:30-23:40,35.06052566666676
2025-11-03,2,2,00:10-00:20,22.694898333333413
2025-11-03,5,6,00:40-01:00,13.094996333333256
2025-11-03,11,11,01:40-01:50,8.933863333333193
2025-11-03,14,15,02:10-02:30,22.809413666666842
2025-11-03,20,21,03:10-03:30,34.6591066666665
2025-11-03,24,25,03:50-04:10,30.549143333333063
2025-11-03,31,32,05:00-05:20,47.03597309523808
2025-11-03,36,36,05:50-06:00,51.01669000000004
2025-11-03,39,41,06:20-06:50,109.01049619047593
2025-11-03,48,62,07:50-10:20,741.3320491904758
2025-11-03,84,89,13:50-14:50,355.71909061904836
2025-11-03,98,99,16:10-16:30,19.261899047618755
2025-11-03,101,125,16:40-20:50,1398.7600754006376
2025-11-03,127,129,21:00-21:30,56.97740999999962
2025-11-03,131,132,21:40-22:00,67.52412066666682
2025-11-03,136,137,22:30-22:50,10.553954666666414
2025-11-03,141,143,23:20-23:50,93.52734899999962
2025-11-04,1,1,00:00-00:10,14.078526666666676
2025-11-04,4,5,00:30-00:50,58.33222533333367
2025-11-04,8,8,01:10-01:20,3.154597333333413
2025-11-04,21,24,03:20-04:00,78.3800953333332
2025-11-04,27,27,04:20-04:30,3.2713333333333594
2025-11-04,30,30,04:50-05:00,0.6366766666668582
2025-11-04,36,41,05:50-06:50,140.6653503809526
2025-11-04,47,48,07:40-08:00,54.38794761904768
2025-11-04,51,53,08:20-08:50,145.3193489523806
2025-11-04,55,62,09:00-10:20,510.459543571429
2025-11-04,84,86,13:50-14:20,87.25254433333313
2025-11-04,88,89,14:30-14:50,185.99893214285703
2025-11-04,99,99,16:20-16:30,10.890917230121403
2025-11-04,103,128,17:00-21:20,1554.6281236552254
2025-11-04,130,134,21:30-22:20,75.12432033333357
2025-11-04,136,137,22:30-22:50,3.827824666667084
2025-11-04,142,143,23:30-23:50,15.504934666666713
2025-11-05,2,4,00:10-00:40,38.017120333332855
2025-11-05,8,9,01:10-01:30,50.52725999999984
2025-11-05,19,20,03:00-03:20,15.944556333333367
2025-11-05,23,24,03:40-04:00,6.674053666666509
2025-11-05,29,30,04:40-05:00,27.30482038095238
2025-11-05,36,41,05:50-06:50,205.67119933333362
2025-11-05,47,48,07:40-08:00,55.397669523809554
2025-11-05,50,61,08:10-10:10,589.0781812380949
2025-11-05,85,89,14:00-14:50,309.8528425714288
2025-11-05,95,101,15:40-16:50,159.75318612861025
2025-11-05,104,105,17:10-17:30,39.71829216019139
2025-11-05,108,127,17:50-21:10,1290.9255966190474
2025-11-05,129,132,21:20-22:00,112.23150919999944
2025-11-05,135,137,22:20-22:50,33.242404666666516
2025-11-05,141,141,23:20-23:30,20.156319999999823
2025-11-06,2,4,00:10-00:40,35.85165233333316
2025-11-06,10,11,01:30-01:50,30.99946666666642
2025-11-06,15,15,02:20-02:30,8.195666666666739
2025-11-06,17,19,02:40-03:10,18.08576000000005
2025-11-06,22,23,03:30-03:50,10.625681666666765
2025-11-06,25,25,04:00-04:10,6.976149999999848
2025-11-06,32,33,05:10-05:30,4.670711523809556
2025-11-06,37,41,06:00-06:50,140.93625290476228
2025-11-06,47,63,07:40-10:30,771.7151702857141
2025-11-06,83,89,13:40-14:50,496.4745999999998
2025-11-06,97,97,16:00-16:10,0.3271391428569359
2025-11-06,101,102,16:40-17:00,28.559661428571687
2025-11-06,106,131,17:30-21:50,2131.3992639980042
2025-11-06,134,135,22:10-22:30,17.76919599999985
2025-11-06,137,139,22:40-23:10,34.30000033333363
2025-11-07,1,18,00:00-03:00,405.4002509999998
2025-11-07,21,23,03:20-03:50,55.59805333333344
2025-11-07,25,28,04:00-04:40,62.05674666666664
2025-11-07,32,33,05:10-05:30,46.44336190476214
2025-11-07,36,39,05:50-06:30,148.42370099999994
2025-11-07,41,43,06:40-07:10,77.04573471428574
2025-11-07,45,51,07:20-08:30,261.6733053809523
2025-11-07,54,54,08:50-09:00,20.13499999999999
2025-11-07,94,94,15:30-15:40,29.713898571428558
2025-11-07,96,96,15:50-16:00,13.945928853617318
2025-11-07,102,125,16:50-20:50,1438.276789380953
2025-11-07,127,127,21:00-21:10,2.9812148148147912
2025-11-07,130,131,21:30-21:50,35.86955633333338
2025-11-07,133,133,22:00-22:10,4.91997166666647
2025-11-07,136,137,22:30-22:50,20.77831533333324
2025-11-07,143,144,23:40-24:00,33.71273500000012
2025-11-08,1,2,00:00-00:20,99.60100266666655
2025-11-08,4,8,00:30-01:20,99.68281066666657
2025-11-08,10,11,01:30-01:50,32.49675633333317
2025-11-08,13,20,02:00-03:20,207.73531633333346
2025-11-08,25,30,04:00-05:00,118.49056561904769
2025-11-08,32,33,05:10-05:30,30.45213452380966
2025-11-08,35,41,05:40-06:50,148.58072861904793
2025-11-08,43,48,07:00-08:00,97.85219699999985
2025-11-08,94,96,15:30-16:00,74.08679227748596
2025-11-08,98,99,16:10-16:30,85.04925904761924
2025-11-08,101,125,16:40-20:50,1423.630864142858
2025-11-08,128,134,21:10-22:20,141.72578266666665
2025-11-08,141,141,23:20-23:30,12.506180000000086
2025-11-08,144,144,23:50-24:00,11.273603333333199
2025-11-09,3,4,00:20-00:40,52.6313366666667
2025-11-09,6,6,00:50-01:00,1.8353333333334376
2025-11-09,8,9,01:10-01:30,74.47712999999987
2025-11-09,12,14,01:50-02:20,84.60127466666654
2025-11-09,16,17,02:30-02:50,14.943396666666672
2025-11-09,19,22,03:00-03:40,89.84821333333355
2025-11-09,24,28,03:50-04:40,74.75698628571422
2025-11-09,31,32,05:00-05:20,59.92204271428555
2025-11-09,35,36,05:40-06:00,22.20885333333333
2025-11-09,39,44,06:20-07:20,142.28495447618985
2025-11-09,48,62,07:50-10:20,569.1551971904755
2025-11-09,84,89,13:50-14:50,396.7203394761907
2025-11-09,92,94,15:10-15:40,75.99868528571437
2025-11-09,98,100,16:10-16:40,41.722031969623686
2025-11-09,102,105,16:50-17:30,93.63210641975441
2025-11-09,108,128,17:50-21:20,1180.1075154353439
2025-11-09,130,131,21:30-21:50,77.95270999999968
2025-11-09,133,133,22:00-22:10,1.2666373333336196
2025-11-09,141,143,23:20-23:50,30.985375333333423
2025-11-10,2,4,00:10-00:40,32.37715333333301
2025-11-10,8,9,01:10-01:30,68.6678599999999
2025-11-10,12,12,01:50-02:00,3.944333333333134
2025-11-10,17,17,02:40-02:50,1.972524999999905
2025-11-10,21,21,03:20-03:30,17.573000000000093
2025-11-10,24,27,03:50-04:30,71.05941833333361
2025-11-10,29,29,04:40-04:50,2.450923333333246
2025-11-10,35,42,05:40-07:00,152.98115224688047
2025-11-10,47,47,07:40-07:50,9.787251047619122
2025-11-10,49,65,08:00-10:50,586.1765341904756
2025-11-10,83,83,13:40-13:50,29.0713833333333
2025-11-10,85,89,14:00-14:50,547.7577333391365
2025-11-10,92,92,15:10-15:20,16.095552380952654
2025-11-10,94,100,15:30-16:40,342.6281200574405
2025-11-10,102,104,16:50-17:20,86.33779759553323
2025-11-10,106,126,17:30-21:00,1567.720605694425
2025-11-10,129,131,21:20-21:50,164.83566033333307
2025-11-10,135,135,22:20-22:30,15.206706666666832
2025-11-10,137,137,22:40-22:50,0.985703666666268
2025-11-10,141,142,23:20-23:40,14.823716999999988
2025-11-11,2,2,00:10-00:20,5.225018999999975
2025-11-11,6,7,00:50-01:10,14.75503666666657
2025-11-11,15,15,02:20-02:30,1.3806666666665706
2025-11-11,21,22,03:20-03:40,31.69245656190469
2025-11-11,31,32,05:00-05:20,23.14505428571413
2025-11-11,36,42,05:50-07:00,163.85111909523766
2025-11-11,44,45,07:10-07:30,11.686712142857004
2025-11-11,48,51,07:50-08:30,144.2025094761902
2025-11-11,53,62,08:40-10:20,468.49373761904724
2025-11-11,85,89,14:00-14:50,298.3039997619049
2025-11-11,95,100,15:40-16:40,87.65496619047656
2025-11-11,103,105,17:00-17:30,87.48449037508145
2025-11-11,108,125,17:50-20:50,1012.1258693333341
2025-11-11,128,131,21:10-21:50,79.75334078189337
2025-11-11,133,134,22:00-22:20,18.676540666666597
2025-11-11,139,140,23:00-23:20,33.04460000000017
2025-11-11,143,144,23:40-24:00,19.598339000000124
2025-11-12,3,3,00:20-00:30,0.4775899999997364
2025-11-12,7,8,01:00-01:20,3.29114333333348
2025-11-12,12,16,01:50-02:40,22.39611536627592
2025-11-12,19,20,03:00-03:20,28.94231733333322
2025-11-12,23,24,03:40-04:00,5.273440333333042
2025-11-12,27,30,04:20-05:00,19.01480666666715
2025-11-12,32,33,05:10-05:30,42.797014285714226
2025-11-12,36,39,05:50-06:30,164.44866652380975
2025-11-12,41,42,06:40-07:00,54.507778571428595
2025-11-12,49,60,08:00-10:00,579.4289686666673
2025-11-12,62,64,10:10-10:40,39.96411952380925
2025-11-12,82,84,13:30-14:00,80.2347019999998
2025-11-12,86,87,14:10-14:30,118.61309652380942
2025-11-12,89,89,14:40-14:50,10.255369571428929
2025-11-12,97,98,16:00-16:20,23.549665238095542
2025-11-12,101,102,16:40-17:00,58.91508095238108
2025-11-12,105,105,17:20-17:30,30.30700000000013
2025-11-12,108,125,17:50-20:50,918.3114711809517
2025-11-12,127,128,21:00-21:20,37.19876099999988
2025-11-12,130,131,21:30-21:50,50.486823333333064
2025-11-12,136,136,22:30-22:40,22.952605333333395
2025-11-12,143,143,23:40-23:50,12.570332333333454
2025-11-13,1,2,00:00-00:20,19.0625133333333
2025-11-13,6,8,00:50-01:20,37.062853333333464
2025-11-13,12,15,01:50-02:30,46.254371394071086
2025-11-13,18,21,02:50-03:30,47.916657103803004
2025-11-13,24,25,03:50-04:10,48.353256666666766
2025-11-13,28,32,04:30-05:20,57.17954452380963
2025-11-13,35,42,05:40-07:00,193.96592833333355
2025-11-13,47,47,07:40-07:50,3.98387295238075
2025-11-13,50,55,08:10-09:10,184.75222200000053
2025-11-13,57,62,09:20-10:20,325.9318147619046
2025-11-13,81,89,13:20-14:50,371.90999790476144
2025-11-13,98,98,16:10-16:20,6.8524161904762195
2025-11-13,100,125,16:30-20:50,1008.0077090584
2025-11-13,127,128,21:00-21:20,37.66083766666645
2025-11-13,130,131,21:30-21:50,21.35445333333314
2025-11-13,136,136,22:30-22:40,26.02469800000017
2025-11-13,139,139,23:00-23:10,27.90445366666654
2025-11-13,143,143,23:40-23:50,9.421322333333364
2025-11-14,1,9,00:00-01:30,162.3737156666669
2025-11-14,11,15,01:40-02:30,138.56136633333318
2025-11-14,17,22,02:40-03:40,97.78423333333353
2025-11-14,24,24,03:50-04:00,5.529333333333284
2025-11-14,26,27,04:10-04:30,63.30494333333348
2025-11-14,30,33,04:50-05:30,85.32308985714286
2025-11-14,35,41,05:40-06:50,163.51942766666684
2025-11-14,43,46,07:00-07:40,83.46588104761906
2025-11-14,49,50,08:00-08:20,58.793030095238095
2025-11-14,93,95,15:20-15:50,102.03863995238109
2025-11-14,97,99,16:00-16:30,106.09886714285713
2025-11-14,102,125,16:50-20:50,1069.722867714286
2025-11-14,127,130,21:00-21:40,81.91916433333319
2025-11-14,132,132,21:50-22:00,0.3318933333332552
2025-11-14,136,137,22:30-22:50,4.904105999999956
2025-11-14,139,139,23:00-23:10,7.3682199999998375
2025-11-14,142,143,23:30-23:50,4.670886999999993
2025-11-15,1,14,00:00-02:20,273.7308693333335
2025-11-15,16,26,02:30-04:20,264.5995379999997
2025-11-15,28,44,04:30-07:20,377.1039874285709
2025-11-15,46,51,07:30-08:30,145.62296461904754
2025-11-15,54,55,08:50-09:10,29.45073333333346
2025-11-15,95,96,15:40-16:00,66.7255490476191
2025-11-15,100,100,16:30-16:40,9.117436666666464
2025-11-15,104,125,17:10-20:50,1046.4015569047626
2025-11-15,127,127,21:00-21:10,1.8311343333333525
2025-11-15,130,131,21:30-21:50,44.84545766666696
2025-11-15,137,138,22:40-23:00,13.987157333333244
2025-11-15,144,144,23:50-24:00,4.700869999999895
2025-11-16,1,2,00:00-00:20,45.71247666666659
2025-11-16,5,6,00:40-01:00,54.362350000000106
2025-11-16,11,12,01:40-02:00,41.34833666666657
2025-11-16,15,16,02:20-02:40,26.45027666666681
2025-11-16,20,21,03:10-03:30,80.03399999999999
2025-11-16,24,29,03:50-04:50,76.94980885714232
2025-11-16,32,33,05:10-05:30,51.85414647714158
2025-11-16,36,36,05:50-06:00,49.827593809524046
2025-11-16,39,41,06:20-06:50,115.36959899999991
2025-11-16,48,51,07:50-08:30,211.9191647142851
2025-11-16,54,65,08:50-10:50,792.6041239999996
2025-11-16,82,84,13:30-14:00,71.22321295238041
2025-11-16,86,89,14:10-14:50,177.76415642857143
2025-11-16,98,102,16:10-17:00,76.39412874285793
2025-11-16,105,105,17:20-17:30,7.321333333333314
2025-11-16,107,108,17:40-18:00,118.00433714285714
2025-11-16,110,125,18:10-20:50,785.6735321904754
2025-11-16,128,130,21:10-21:40,56.19431666666685
2025-11-16,132,132,21:50-22:00,7.028389999999945
2025-11-16,143,144,23:40-24:00,39.621608333333256
2025-11-17,3,3,00:20-00:30,16.35487999999998
2025-11-17,5,7,00:40-01:10,79.19080000000031
2025-11-17,11,13,01:40-02:10,41.19557049099194
2025-11-17,17,21,02:40-03:30,44.39992333333316
2025-11-17,28,29,04:30-04:50,20.09130736462339
2025-11-17,31,32,05:00-05:20,59.69330371428587
2025-11-17,36,37,05:50-06:10,56.270534904762485
2025-11-17,39,41,06:20-06:50,68.34275666666659
2025-11-17,47,50,07:40-08:20,103.68183714285709
2025-11-17,52,65,08:30-10:50,619.2676181904759
2025-11-17,83,89,13:40-14:50,235.77782790476152
2025-11-17,100,102,16:30-17:00,43.082630476190836
2025-11-17,105,105,17:20-17:30,3.2666666666666515
2025-11-17,108,125,17:50-20:50,798.9788080540857
2025-11-17,128,132,21:10-22:00,44.9732166666671
2025-11-17,139,139,23:00-23:10,18.500952999999754
2025-11-18,1,2,00:00-00:20,58.74034666666671
2025-11-18,5,9,00:40-01:30,105.90430333333359
2025-11-18,12,14,01:50-02:20,71.17881899999998
2025-11-18,16,17,02:30-02:50,24.971856666666554
2025-11-18,19,21,03:00-03:30,107.61185999999987
2025-11-18,25,26,04:00-04:20,50.7803866666668
2025-11-18,28,31,04:30-05:10,78.95327580952392
2025-11-18,36,37,05:50-06:10,49.50072190476203
2025-11-18,40,41,06:30-06:50,24.161270000000016
2025-11-18,48,65,07:50-10:50,784.0123202857145
2025-11-18,78,81,12:50-13:30,85.07626045714395
2025-11-18,83,89,13:40-14:50,400.6222425714285
2025-11-18,97,99,16:00-16:30,42.4444819047618
2025-11-18,101,104,16:40-17:20,49.32674190476181
2025-11-18,108,126,17:50-21:00,783.4514277038353
2025-11-18,129,130,21:20-21:40,11.689320288066028
2025-11-18,132,132,21:50-22:00,9.756403333333537
2025-11-18,135,135,22:20-22:30,31.05025333333333
2025-11-18,138,138,22:50-23:00,8.875706666666701
2025-11-18,141,142,23:20-23:40,67.31858333333321
2025-11-19,1,2,00:00-00:20,13.75136666666674
2025-11-19,4,6,00:30-01:00,48.38662333333332
2025-11-19,10,15,01:30-02:30,133.5475606666664
2025-11-19,19,21,03:00-03:30,128.71919333333324
2025-11-19,24,24,03:50-04:00,27.083999999999946
2025-11-19,27,31,04:20-05:10,128.35928680952395
2025-11-19,35,36,05:40-06:00,63.71561523809528
2025-11-19,39,44,06:20-07:20,115.89706857142846
2025-11-19,48,60,07:50-10:00,620.1959746190479
2025-11-19,62,65,10:10-10:50,186.4790970000002
2025-11-19,83,87,13:40-14:30,263.3308529999997
2025-11-19,89,89,14:40-14:50,34.249678571429
2025-11-19,98,99,16:10-16:30,32.441830000000124
2025-11-19,107,127,17:40-21:10,871.9247679153435
2025-11-19,130,130,21:30-21:40,14.430666666666639
2025-11-19,134,134,22:10-22:20,10.178660666666701
2025-11-19,142,143,23:30-23:50,17.158998000000338
2025-11-20,1,1,00:00-00:10,11.198066666666705
2025-11-20,6,7,00:50-01:10,39.23345333333339
2025-11-20,10,10,01:30-01:40,7.455839999999853
2025-11-20,13,13,02:00-02:10,16.657493333333605
2025-11-20,16,17,02:30-02:50,50.7656116666667
2025-11-20,20,23,03:10-03:50,41.749422666666646
2025-11-20,25,25,04:00-04:10,2.86563000000001
2025-11-20,28,29,04:30-04:50,43.47743666666656
2025-11-20,33,33,05:20-05:30,12.538333333333412
2025-11-20,36,37,05:50-06:10,26.368600476190522
2025-11-20,40,41,06:30-06:50,7.700839999999822
2025-11-20,48,50,07:50-08:20,106.95516895238097
2025-11-20,52,63,08:30-10:30,471.5293470476186
2025-11-20,78,80,12:50-13:20,114.501571575326
2025-11-20,82,89,13:30-14:50,328.87674928571437
2025-11-20,102,102,16:50-17:00,50.06808333333318
2025-11-20,105,105,17:20-17:30,17.212666666666678
2025-11-20,108,129,17:50-21:30,866.647152968255
2025-11-20,132,132,21:50-22:00,12.089110000000119
2025-11-20,139,142,23:00-23:40,40.06447500000013
2025-11-21,1,6,00:00-01:00,116.36128999999983
2025-11-21,9,18,01:20-03:00,266.338583666667
2025-11-21,20,24,03:10-04:00,156.96966166666658
2025-11-21,27,33,04:20-05:30,132.72331947619017
2025-11-21,35,46,05:40-07:40,252.45946799999996
2025-11-21,48,50,07:50-08:20,46.417140380951935
2025-11-21,54,54,08:50-09:00,30.1633333333333
2025-11-21,93,93,15:20-15:30,5.5964479549318185
2025-11-21,96,96,15:50-16:00,56.804309523809366
2025-11-21,102,108,16:50-18:00,157.9462606476207
2025-11-21,110,125,18:10-20:50,612.3638953333335
2025-11-21,127,131,21:00-21:50,107.09673654320983
2025-11-21,136,136,22:30-22:40,6.7282403333333605
2025-11-21,142,142,23:30-23:40,9.924686333333284
2025-11-22,1,2,00:00-00:20,88.07991066666665
2025-11-22,4,5,00:30-00:50,37.24843333333337
2025-11-22,7,9,01:00-01:30,49.529646666666565
2025-11-22,13,15,02:00-02:30,122.87876566666677
2025-11-22,17,19,02:40-03:10,108.28286966666661
2025-11-22,21,33,03:20-05:30,260.5278545714285
2025-11-22,35,42,05:40-07:00,244.70549290476185
2025-11-22,45,47,07:20-07:50,69.85655780952368
2025-11-22,49,51,08:00-08:30,116.02718609523798
2025-11-22,53,55,08:40-09:10,45.176418809523824
2025-11-22,97,98,16:00-16:20,56.35934437977912
2025-11-22,100,102,16:30-17:00,33.851371761904545
2025-11-22,105,113,17:20-18:50,303.6961708571431
2025-11-22,115,126,19:00-21:00,456.83450500000043
2025-11-22,129,130,21:20-21:40,26.326301923333347
2025-11-22,135,135,22:20-22:30,19.801369999999906
2025-11-22,138,138,22:50-23:00,5.351156666666611
2025-11-23,1,1,00:00-00:10,12.691093333333242
2025-11-23,4,5,00:30-00:50,30.06971766666652
2025-11-23,12,12,01:50-02:00,14.080873333333443
2025-11-23,17,18,02:40-03:00,21.350785333333306
2025-11-23,21,22,03:20-03:40,24.733135000000175
2025-11-23,25,27,04:00-04:30,39.40295366666646
2025-11-23,29,30,04:40-05:00,43.652649999999994
2025-11-23,35,35,05:40-05:50,1.9237039047617506
2025-11-23,37,38,06:00-06:20,23.074746666666897
2025-11-23,41,42,06:40-07:00,34.189342380952574
2025-11-23,45,45,07:20-07:30,17.173726190476117
2025-11-23,48,65,07:50-10:50,822.9029729523807
2025-11-23,81,81,13:20-13:30,26.436201904762356
2025-11-23,83,89,13:40-14:50,273.88494623809595
2025-11-23,103,104,17:00-17:20,17.774646276190357
2025-11-23,107,111,17:40-18:30,141.07076633333335
2025-11-23,113,125,18:40-20:50,540.713103142857
2025-11-23,127,128,21:00-21:20,62.12459799999988
2025-11-24,1,2,00:00-00:20,68.6216300000001
2025-11-24,6,9,00:50-01:30,63.71503666666649
2025-11-24,18,23,02:50-03:50,74.73336333333384
2025-11-24,28,30,04:30-05:00,72.14260090476193
2025-11-24,32,33,05:10-05:30,64.08364666666671
2025-11-24,36,38,05:50-06:20,114.13350904761882
2025-11-24,41,42,06:40-07:00,22.65825476190477
2025-11-24,48,55,07:50-09:10,204.84322523809533
2025-11-24,57,62,09:20-10:20,268.66572299999973
2025-11-24,80,81,13:10-13:30,76.70176117142807
2025-11-24,84,89,13:50-14:50,299.5820153333334
2025-11-24,95,97,15:40-16:10,16.623034376192038
2025-11-24,105,106,17:20-17:40,13.389053983525404
2025-11-24,109,115,18:00-19:10,214.96185942857073
2025-11-24,117,126,19:20-21:00,413.624633333333
2025-11-24,129,130,21:20-21:40,26.5969321810702
2025-11-24,132,132,21:50-22:00,0.288970000000063
2025-11-24,139,139,23:00-23:10,11.418639666666877
2025-11-24,143,143,23:40-23:50,1.564663333333101
2025-11-25,6,6,00:50-01:00,9.6334333333333
2025-11-25,14,16,02:10-02:40,69.55313933333332
2025-11-25,18,18,02:50-03:00,0.3262495829127374
2025-11-25,20,26,03:10-04:20,113.6167280000002
2025-11-25,28,31,04:30-05:10,58.17144166666674
2025-11-25,37,38,06:00-06:20,94.38808519047657
2025-11-25,41,41,06:40-06:50,11.544673333333298
2025-11-25,46,47,07:30-07:50,28.23595385714256
2025-11-25,49,64,08:00-10:40,731.556823095238
2025-11-25,80,81,13:10-13:30,106.69254879047628
2025-11-25,83,84,13:40-14:00,113.99920323809522
2025-11-25,86,89,14:10-14:50,99.10993600000006
2025-11-25,100,101,16:30-16:50,10.560195952380717
2025-11-25,105,105,17:20-17:30,12.241666666666788
2025-11-25,108,117,17:50-19:30,331.6365199047621
2025-11-25,119,125,19:40-20:50,274.1839080000003
2025-11-25,128,131,21:10-21:50,110.02659673347716
2025-11-25,141,141,23:20-23:30,16.273913333332985
2025-11-26,6,6,00:50-01:00,15.150333333333265
2025-11-26,14,16,02:10-02:40,91.27290933333359
2025-11-26,22,22,03:30-03:40,8.20326666666665
2025-11-26,25,26,04:00-04:20,15.407629999999813
2025-11-26,32,32,05:10-05:20,2.0044166666667373
2025-11-26,36,38,05:50-06:20,110.87935828571472
2025-11-26,43,44,07:00-07:20,23.205112047618975
2025-11-26,48,51,07:50-08:30,198.80624742857094
2025-11-26,54,64,08:50-10:40,651.2702462857146
2025-11-26,79,81,13:00-13:30,135.7042305238096
2025-11-26,83,86,13:40-14:20,197.9813113809524
2025-11-26,89,89,14:40-14:50,61.22520242857155
2025-11-26,96,97,15:50-16:10,38.39412285238251
2025-11-26,109,124,18:00-20:40,486.98334709523874
2025-11-26,127,128,21:00-21:20,20.367336333333583
2025-11-26,139,139,23:00-23:10,17.111933666666573
2025-11-27,3,3,00:20-00:30,4.956726666666668
2025-11-27,16,16,02:30-02:40,9.32574666666676
2025-11-27,19,20,03:00-03:20,12.92295966666677
2025-11-27,25,25,04:00-04:10,10.060500000000047
2025-11-27,29,30,04:40-05:00,52.24492666666663
2025-11-27,35,36,05:40-06:00,37.00441999999992
2025-11-27,39,39,06:20-06:30,32.242666666666764
2025-11-27,42,42,06:50-07:00,13.780761904761972
2025-11-27,47,47,07:40-07:50,4.06909433333351
2025-11-27,49,60,08:00-10:00,349.1259952380959
2025-11-27,62,64,10:10-10:40,184.65862190476193
2025-11-27,79,79,13:00-13:10,35.768283333333216
2025-11-27,83,89,13:40-14:50,344.7777882380949
2025-11-27,97,99,16:00-16:30,62.19604461904771
2025-11-27,106,124,17:30-20:40,508.16253942857145
2025-11-27,129,130,21:20-21:40,35.905216666667
2025-11-27,136,136,22:30-22:40,16.08902400000011
2025-11-28,1,9,00:00-01:30,198.8048653333331
2025-11-28,13,16,02:00-02:40,81.99671333333328
2025-11-28,18,26,02:50-04:20,204.53179333333355
2025-11-28,29,30,04:40-05:00,92.25368999999995
2025-11-28,33,33,05:20-05:30,24.75199999999984
2025-11-28,35,42,05:40-07:00,219.62184833333345
2025-11-28,44,48,07:10-08:00,115.25442057142851
2025-11-28,51,53,08:20-08:50,76.31831695238101
2025-11-28,91,93,15:00-15:30,74.76759523809534
2025-11-28,97,99,16:00-16:30,29.002308571428387
2025-11-28,103,105,17:00-17:30,51.42079506190564
2025-11-28,107,108,17:40-18:00,102.64877322270661
2025-11-28,110,111,18:10-18:30,107.59136528571435
2025-11-28,113,125,18:40-20:50,411.1450045714287
2025-11-28,130,130,21:30-21:40,13.851613333333148
2025-11-28,136,136,22:30-22:40,20.116230666666752
2025-11-28,143,143,23:40-23:50,6.516599333333261
2025-11-29,1,1,00:00-00:10,28.07983999999999
2025-11-29,7,8,01:00-01:20,22.38730333333325
2025-11-29,11,12,01:40-02:00,91.50161999999995
2025-11-29,14,17,02:10-02:50,84.40914666666663
2025-11-29,20,24,03:10-04:00,116.52293866666673
2025-11-29,26,27,04:10-04:30,105.3620433333333
2025-11-29,30,40,04:50-06:40,253.19939428571433
2025-11-29,43,45,07:00-07:30,91.61257528571406
2025-11-29,47,48,07:40-08:00,65.51832766666683
2025-11-29,51,53,08:20-08:50,102.94243290476234
2025-11-29,90,96,14:50-16:00,299.2260627523817
2025-11-29,106,126,17:30-21:00,2724.6487962215183
2025-11-29,129,129,21:20-21:30,35.470666666666546
2025-11-29,132,132,21:50-22:00,16.061956666666674
2025-11-29,136,137,22:30-22:50,24.82926733333329
2025-11-29,141,142,23:20-23:40,22.09017066666661
2025-11-30,22,23,03:30-03:50,55.7982433333334
2025-11-30,27,27,04:20-04:30,11.225360000000023
2025-11-30,30,30,04:50-05:00,6.72533333333331
2025-11-30,34,35,05:30-05:50,24.17609133333341
2025-11-30,37,38,06:00-06:20,99.03309423809537
2025-11-30,40,42,06:30-07:00,62.093170714285776
2025-11-30,47,56,07:40-09:20,306.78287661904795
2025-11-30,59,64,09:40-10:40,277.87821757142865
2025-11-30,78,89,12:50-14:50,1693.7899981774829
2025-11-30,96,97,15:50-16:10,34.31578429159285
2025-11-30,108,109,17:50-18:10,16.866046666666648
2025-11-30,111,117,18:20-19:30,505.43523211137716
2025-11-30,119,125,19:40-20:50,310.1984749999981
2025-11-30,128,130,21:10-21:40,75.77253752333336
2025-12-01,1,1,00:00-00:10,60.48787333333337
2025-12-01,5,7,00:40-01:10,10.683630999999991
2025-12-01,9,33,01:20-05:30,1391.8465649112568
2025-12-01,35,39,05:40-06:30,266.6196733419341
2025-12-01,41,45,06:40-07:30,375.413387428571
2025-12-01,47,65,07:40-10:50,2517.161284666664
2025-12-01,78,89,12:50-14:50,2473.171159976274
2025-12-01,94,94,15:30-15:40,28.95803190476198
2025-12-01,99,99,16:20-16:30,6.148392857142852
2025-12-01,101,101,16:40-16:50,9.521153333333253
2025-12-01,107,111,17:40-18:30,161.8061510666655
2025-12-01,113,114,18:40-19:00,448.3382315928446
2025-12-01,116,124,19:10-20:40,352.32212063518796
2025-12-01,127,131,21:00-21:50,78.52276880658462
2025-12-01,136,137,22:30-22:50,11.474427333333097
2025-12-01,143,144,23:40-24:00,20.714885000000095
2025-12-02,1,1,00:00-00:10,25.124423333333425
2025-12-02,3,4,00:20-00:40,21.795282333330874
2025-12-02,7,12,01:00-02:00,197.20855066666684
2025-12-02,14,32,02:10-05:20,1054.0013990000002
2025-12-02,35,41,05:40-06:50,220.87591599999982
2025-12-02,43,45,07:00-07:30,171.48622666666654
2025-12-02,47,65,07:40-10:50,3222.3962597012646
2025-12-02,78,89,12:50-14:50,2619.1310384497847
2025-12-02,97,98,16:00-16:20,60.79905761904749
2025-12-02,101,105,16:40-17:30,91.39669920000225
2025-12-02,108,114,17:50-19:00,689.1213613908654
2025-12-02,116,126,19:10-21:00,1026.8740483433612
2025-12-02,128,131,21:10-21:50,103.81353833333347
2025-12-02,135,135,22:20-22:30,5.101869999999735
2025-12-02,139,139,23:00-23:10,5.194850333333534
2025-12-03,1,1,00:00-00:10,22.940493333333393
2025-12-03,4,5,00:30-00:50,25.754187
2025-12-03,7,8,01:00-01:20,94.32949833333316
2025-12-03,10,15,01:30-02:30,188.42606266666587
2025-12-03,17,33,02:40-05:30,887.2567827257462
2025-12-03,35,36,05:40-06:00,64.4866621904763
2025-12-03,38,40,06:10-06:40,91.0256638571428
2025-12-03,43,45,07:00-07:30,198.03100704761908
2025-12-03,47,51,07:40-08:30,243.0738250476187
2025-12-03,53,55,08:40-09:10,132.489029190476
2025-12-03,57,64,09:20-10:40,1162.5902661435402
2025-12-03,78,89,12:50-14:50,2873.8623004952374
2025-12-03,98,100,16:10-16:40,96.946518095238
2025-12-03,106,111,17:30-18:30,167.26835895612078
2025-12-03,113,117,18:40-19:30,453.68109219191444
2025-12-03,119,127,19:40-21:10,430.8559471827268
2025-12-03,129,131,21:20-21:50,67.52146666666681
2025-12-03,136,136,22:30-22:40,13.901890666666532
2025-12-04,1,1,00:00-00:10,41.39984333333314
2025-12-04,5,6,00:40-01:00,88.48881666666693
2025-12-04,8,10,01:10-01:40,31.66898733333005
2025-12-04,12,22,01:50-03:40,361.574307666667
2025-12-04,24,33,03:50-05:30,840.8299371428573
2025-12-04,35,40,05:40-06:40,230.75853009523757
2025-12-04,42,44,06:50-07:20,287.3307454303387
2025-12-04,47,51,07:40-08:30,265.604255190476
2025-12-04,53,65,08:40-10:50,2125.7553494582708
2025-12-04,83,89,13:40-14:50,1686.565381282532
2025-12-04,95,98,15:40-16:20,48.18518335655514
2025-12-04,100,101,16:30-16:50,49.24640238095264
2025-12-04,103,104,17:00-17:20,59.37043897119097
2025-12-04,107,121,17:40-20:10,667.4193503630263
2025-12-04,123,125,20:20-20:50,128.0925413333332
2025-12-04,137,137,22:40-22:50,10.094179666666605
2025-12-04,141,141,23:20-23:30,4.221250000000055
2025-12-05,1,1,00:00-00:10,4.735123333333377
2025-12-05,3,3,00:20-00:30,9.371333333333212
2025-12-05,6,8,00:50-01:20,96.80207266666662
2025-12-05,10,12,01:30-02:00,94.73977000000002
2025-12-05,14,18,02:10-03:00,166.6527283333333
2025-12-05,21,27,03:20-04:30,214.76102933333357
2025-12-05,29,30,04:40-05:00,119.46071433333327
2025-12-05,33,33,05:20-05:30,46.82934999999992
2025-12-05,35,38,05:40-06:20,112.05199271428614
2025-12-05,40,42,06:30-07:00,120.82285976190445
2025-12-05,45,48,07:20-08:00,554.3355884671494
2025-12-05,50,57,08:10-09:30,999.9968541428575
2025-12-05,88,89,14:30-14:50,72.83278333333328
2025-12-05,92,92,15:10-15:20,15.899830000000065
2025-12-05,95,96,15:40-16:00,24.12682333333305
2025-12-05,102,120,16:50-20:00,3095.095217934739
2025-12-05,122,125,20:10-20:50,746.0716147138132
2025-12-05,129,131,21:20-21:50,102.05694233333355
2025-12-05,134,135,22:10-22:30,37.145144333333235
2025-12-05,141,141,23:20-23:30,27.68705666666665
2025-12-05,144,144,23:50-24:00,5.125070000000051
2025-12-06,1,1,00:00-00:10,38.668340000000114
2025-12-06,3,3,00:20-00:30,21.40014666666673
2025-12-06,5,8,00:40-01:20,93.78573366666643
2025-12-06,10,13,01:30-02:10,145.86823233333325
2025-12-06,16,17,02:30-02:50,90.01564266666668
2025-12-06,19,30,03:00-05:00,345.9704419999998
2025-12-06,33,33,05:20-05:30,47.6715833333335
2025-12-06,35,39,05:40-06:30,154.98926842857145
2025-12-06,41,42,06:40-07:00,63.07096471428588
2025-12-06,44,47,07:10-07:50,531.4800536157107
2025-12-06,49,59,08:00-09:50,997.592567142857
2025-12-06,91,92,15:00-15:20,33.180906190476605
2025-12-06,95,101,15:40-16:50,224.5442780952385
2025-12-06,103,104,17:00-17:20,21.004422616696008
2025-12-06,107,117,17:40-19:30,3577.4470421271385
2025-12-06,119,123,19:40-20:30,556.940079666668
2025-12-06,125,129,20:40-21:30,531.3245007646092
2025-12-06,132,132,21:50-22:00,27.86015333333353
2025-12-06,136,136,22:30-22:40,12.417860333333465
2025-12-07,1,1,00:00-00:10,10.30559333333349
2025-12-07,3,6,00:20-01:00,75.5440900000001
2025-12-07,8,10,01:10-01:40,106.24738400000012
2025-12-07,13,20,02:00-03:20,206.02835900000048
2025-12-07,23,24,03:40-04:00,33.98316333333332
2025-12-07,27,32,04:20-05:20,139.0693519523811
2025-12-07,35,36,05:40-06:00,96.75002333333327
2025-12-07,39,44,06:20-07:20,66.13897138095238
2025-12-07,47,48,07:40-08:00,59.19328114285716
2025-12-07,50,52,08:10-08:40,42.23630642857154
2025-12-07,54,57,08:50-09:30,89.07088428571444
2025-12-07,59,65,09:40-10:50,297.37239519047705
2025-12-07,78,79,12:50-13:10,143.58772380952382
2025-12-07,83,89,13:40-14:50,858.0631194723696
2025-12-07,94,95,15:30-15:50,27.591432877481395
2025-12-07,100,101,16:30-16:50,43.27417333333293
2025-12-07,105,113,17:20-18:50,373.282426034889
2025-12-07,115,117,19:00-19:30,123.5946879999999
2025-12-07,119,126,19:40-21:00,525.6102542860199
2025-12-07,129,130,21:20-21:40,40.18007002000006
2025-12-07,134,134,22:10-22:20,6.609456666666688
2025-12-07,139,139,23:00-23:10,0.4345696666669028
2025-12-08,13,14,02:00-02:20,26.404163333333372
2025-12-08,22,23,03:30-03:50,32.82328666666672
2025-12-08,29,30,04:40-05:00,7.9280566666666346
2025-12-08,33,33,05:20-05:30,6.864000000000033
2025-12-08,35,36,05:40-06:00,54.45374266666681
2025-12-08,39,40,06:20-06:40,72.41336885714276
2025-12-08,49,52,08:00-08:40,101.5664218095236
2025-12-08,55,62,09:00-10:20,238.5918731904756
2025-12-08,64,64,10:30-10:40,70.17086923809538
2025-12-08,79,83,13:00-13:50,156.42946628571386
2025-12-08,86,89,14:10-14:50,628.9341111734207
2025-12-08,102,105,16:50-17:30,26.324829528380512
2025-12-08,108,110,17:50-18:20,53.277587142856646
2025-12-08,112,114,18:30-19:00,184.05751291058533
2025-12-08,116,120,19:10-20:00,131.12385300000005
2025-12-08,122,125,20:10-20:50,269.76335208733235
2025-12-08,127,127,21:00-21:10,5.998271000000159
2025-12-08,130,130,21:30-21:40,31.501293333333365
2025-12-08,133,134,22:00-22:20,8.318079333333117
2025-12-09,3,3,00:20-00:30,5.290333333333365
2025-12-09,6,6,00:50-01:00,21.169666666666558
2025-12-09,19,20,03:00-03:20,44.64754666666681
2025-12-09,33,33,05:20-05:30,4.363333333333458
2025-12-09,36,39,05:50-06:30,117.5345314761903
2025-12-09,48,53,07:50-08:50,186.16310376190506
2025-12-09,55,55,09:00-09:10,50.45073214285651
2025-12-09,59,60,09:40-10:00,81.0113454761904
2025-12-09,64,64,10:30-10:40,32.60141019047623
2025-12-09,79,80,13:00-13:20,110.17602595238156
2025-12-09,83,84,13:40-14:00,113.29263109523782
2025-12-09,87,89,14:20-14:50,220.60730858563812
2025-12-09,99,99,16:20-16:30,8.075892857142932
2025-12-09,102,114,16:50-19:00,475.0292956452678
2025-12-09,116,118,19:10-19:40,144.33830999999998
2025-12-09,121,128,20:00-21:20,350.3851668695746
2025-12-09,130,130,21:30-21:40,11.449340000000007
2025-12-09,132,132,21:50-22:00,3.6946433333330333
2025-12-09,136,136,22:30-22:40,38.78618699999993
2025-12-10,8,8,01:10-01:20,5.116870000000176
2025-12-10,13,13,02:00-02:10,12.112936666666656
2025-12-10,21,21,03:20-03:30,33.246360000000095
2025-12-10,30,30,04:50-05:00,3.6183333333333394
2025-12-10,35,38,05:40-06:20,115.92492533333291
2025-12-10,50,57,08:10-09:30,234.8737471904759
2025-12-10,59,60,09:40-10:00,38.069599047618965
2025-12-10,62,65,10:10-10:50,157.3587337619048
2025-12-10,78,78,12:50-13:00,10.489989523809584
2025-12-10,80,83,13:10-13:50,178.82891740152854
2025-12-10,86,89,14:10-14:50,552.2806084748588
2025-12-10,95,96,15:40-16:00,37.36372904761899
2025-12-10,99,102,16:20-17:00,74.02351095238151
2025-12-10,105,106,17:20-17:40,26.366960399999357
2025-12-10,109,110,18:00-18:20,72.02822809523829
2025-12-10,113,120,18:40-20:00,382.31242772719656
2025-12-10,122,125,20:10-20:50,190.10038093832122
2025-12-10,128,130,21:10-21:40,18.92376999999999
2025-12-11,1,1,00:00-00:10,40.06643333333329
2025-12-11,22,22,03:30-03:40,1.3613166666667667
2025-12-11,35,37,05:40-06:10,73.45170414285724
2025-12-11,49,53,08:00-08:50,160.96933066666634
2025-12-11,55,56,09:00-09:20,30.442093571428586
2025-12-11,58,59,09:30-09:50,39.43456966666679
2025-12-11,62,64,10:10-10:40,86.4137150952381
2025-12-11,84,84,13:50-14:00,36.07397333333381
2025-12-11,86,89,14:10-14:50,117.40132342857163
2025-12-11,96,96,15:50-16:00,5.765726190476073
2025-12-11,104,105,17:10-17:30,38.34684603786142
2025-12-11,108,113,17:50-18:50,136.69032861904785
2025-12-11,115,117,19:00-19:30,169.36690433333376
2025-12-11,120,121,19:50-20:10,104.77837133333287
2025-12-11,124,125,20:30-20:50,94.29157333333342
2025-12-11,130,131,21:30-21:50,21.914819999999963
2025-12-11,134,135,22:10-22:30,4.223986666666633
2025-12-11,138,138,22:50-23:00,13.692363333332878
2025-12-11,141,141,23:20-23:30,16.70733333333328
2025-12-12,9,10,01:20-01:40,13.87349000000006
2025-12-12,20,20,03:10-03:20,20.846730000000093
2025-12-12,28,28,04:30-04:40,11.144802666666692
2025-12-12,32,32,05:10-05:20,15.710765714285571
2025-12-12,35,40,05:40-06:40,109.96780419047593
2025-12-12,42,44,06:50-07:20,77.08334880952418
2025-12-12,47,48,07:40-08:00,71.72818638095265
2025-12-12,50,52,08:10-08:40,137.47480904761898
2025-12-12,54,56,08:50-09:20,62.24472976190445
2025-12-12,58,59,09:30-09:50,92.1702499999999
2025-12-12,100,103,16:30-17:10,79.35545267107334
2025-12-12,108,122,17:50-20:20,2984.761219285714
2025-12-12,124,128,20:30-21:20,448.5077602851516
2025-12-12,130,130,21:30-21:40,0.9156633333333843
2025-12-12,132,132,21:50-22:00,23.430020000000013
2025-12-12,134,134,22:10-22:20,16.51060333333345
2025-12-12,138,138,22:50-23:00,7.229843333333292
2025-12-13,3,11,00:20-01:50,98.83418633333326
2025-12-13,13,14,02:00-02:20,15.028226999999845
2025-12-13,21,21,03:20-03:30,6.843999999999994
2025-12-13,32,32,05:10-05:20,7.873829999999884
2025-12-13,35,37,05:40-06:10,98.16459366666663
2025-12-13,41,42,06:40-07:00,58.69290142857176
2025-12-13,44,45,07:10-07:30,43.97712247619063
2025-12-13,47,48,07:40-08:00,30.012512904761877
2025-12-13,50,52,08:10-08:40,121.11436476190454
2025-12-13,55,59,09:00-09:50,103.43728809523812
2025-12-13,87,89,14:20-14:50,73.84221666666679
2025-12-13,100,103,16:30-17:10,57.73093700710989
2025-12-13,108,113,17:50-18:50,2006.104162194283
2025-12-13,115,117,19:00-19:30,93.08030100000002
2025-12-13,119,126,19:40-21:00,324.79422361904983
2025-12-13,129,131,21:20-21:50,85.52398810699594
2025-12-13,141,141,23:20-23:30,15.749313333333475
2025-12-14,20,21,03:10-03:30,21.555423333333238
2025-12-14,28,29,04:30-04:50,52.94919033333315
2025-12-14,37,38,06:00-06:20,57.96150223809559
2025-12-14,49,53,08:00-08:50,135.92100876190557
2025-12-14,56,57,09:10-09:30,42.530166523809044
2025-12-14,60,63,09:50-10:30,222.65664166666653
2025-12-14,65,65,10:40-10:50,35.72247390476218
2025-12-14,84,89,13:50-14:50,706.2081106735029
2025-12-14,95,95,15:40-15:50,19.902647142857234
2025-12-14,100,100,16:30-16:40,23.19131761904761
2025-12-14,103,106,17:00-17:40,60.554060000000376
2025-12-14,108,110,17:50-18:20,78.48776380952393
2025-12-14,113,117,18:40-19:30,302.7175781476201
2025-12-14,119,125,19:40-20:50,204.16450353584332
2025-12-14,129,131,21:20-21:50,41.441657333333296
2025-12-15,6,6,00:50-01:00,17.829333333333466
2025-12-15,13,13,02:00-02:10,1.0598333333334722
2025-12-15,22,23,03:30-03:50,12.497166666666885
2025-12-15,37,39,06:00-06:30,63.19363890476188
2025-12-15,51,53,08:20-08:50,82.44725066666695
2025-12-15,55,58,09:00-09:40,80.58017942857111
2025-12-15,60,62,09:50-10:20,98.96512119047605
2025-12-15,64,64,10:30-10:40,20.358400333333407
2025-12-15,84,89,13:50-14:50,833.055170292963
2025-12-15,104,106,17:10-17:40,92.71860029047531
2025-12-15,109,110,18:00-18:20,30.853670952381204
2025-12-15,112,114,18:30-19:00,229.8706542127938
2025-12-15,116,125,19:10-20:50,331.7745987414422
2025-12-15,130,130,21:30-21:40,28.14765666666665
2025-12-15,134,134,22:10-22:20,1.6381320000000414
2025-12-16,13,13,02:00-02:10,2.306906666666805
2025-12-16,20,20,03:10-03:20,21.89537466666684
2025-12-16,36,36,05:50-06:00,21.42066666666676
2025-12-16,39,39,06:20-06:30,29.625000000000114
2025-12-16,48,48,07:50-08:00,4.169456190476012
2025-12-16,51,53,08:20-08:50,45.16984838095266
2025-12-16,55,56,09:00-09:20,51.203878999999915
2025-12-16,59,61,09:40-10:10,49.179621428571124
2025-12-16,64,65,10:30-10:50,137.84245080952383
2025-12-16,83,84,13:40-14:00,350.1265461904759
2025-12-16,86,87,14:10-14:30,107.26908869944253
2025-12-16,89,89,14:40-14:50,284.13577102813935
2025-12-16,103,125,17:00-20:50,610.5630311128582
2025-12-16,130,131,21:30-21:50,45.617470000000026
2025-12-16,133,133,22:00-22:10,3.858991999999944
2025-12-16,136,136,22:30-22:40,9.751584000000094
2025-12-16,139,139,23:00-23:10,9.696446666666588
2025-12-17,20,20,03:10-03:20,2.0185333333332665
2025-12-17,32,32,05:10-05:20,20.653189523809715
2025-12-17,35,35,05:40-05:50,20.194494714285497
2025-12-17,37,37,06:00-06:10,20.005779857142898
2025-12-17,41,41,06:40-06:50,18.418469999999957
2025-12-17,49,49,08:00-08:10,22.961729857142814
2025-12-17,52,52,08:30-08:40,16.258075142857138
2025-12-17,55,56,09:00-09:20,101.72540042857122
2025-12-17,61,61,10:00-10:10,31.072929761904845
2025-12-17,64,64,10:30-10:40,9.04589604761918
2025-12-17,84,86,13:50-14:20,111.85431966666664
2025-12-17,88,89,14:30-14:50,120.82677114285747
2025-12-17,101,102,16:40-17:00,18.643102380952644
2025-12-17,106,107,17:30-17:50,23.395865984713893
2025-12-17,109,112,18:00-18:40,86.23924133333331
2025-12-17,114,125,18:50-20:50,323.711266047619
2025-12-17,128,129,21:10-21:30,65.5054607000003
2025-12-18,3,5,00:20-00:50,36.72493066666675
2025-12-18,11,12,01:40-02:00,71.65854666666678
2025-12-18,18,19,02:50-03:10,38.65357099999983
2025-12-18,27,27,04:20-04:30,21.755333333333283
2025-12-18,32,32,05:10-05:20,2.136043333333191
2025-12-18,35,35,05:40-05:50,10.359784714285638
2025-12-18,37,37,06:00-06:10,5.093227333333061
2025-12-18,48,52,07:50-08:40,54.46967042857136
2025-12-18,56,57,09:10-09:30,78.29398366666635
2025-12-18,60,62,09:50-10:20,155.8192604761906
2025-12-18,84,87,13:50-14:30,152.36404419047665
2025-12-18,89,89,14:40-14:50,26.606714714285545
2025-12-18,101,101,16:40-16:50,5.580289047619534
2025-12-18,104,105,17:10-17:30,16.969826857139573
2025-12-18,108,110,17:50-18:20,61.436768619047555
2025-12-18,112,126,18:30-21:00,334.93043699999987
2025-12-18,130,130,21:30-21:40,24.137803333333295
2025-12-18,133,134,22:00-22:20,5.430294666666782
2025-12-19,4,6,00:30-01:00,43.83028666666678
2025-12-19,12,12,01:50-02:00,23.204000000000065
2025-12-19,19,20,03:00-03:20,20.801510000000007
2025-12-19,36,36,05:50-06:00,25.807519999999954
2025-12-19,39,43,06:20-07:10,60.26389500000016
2025-12-19,47,47,07:40-07:50,38.93323690476217
2025-12-19,51,52,08:20-08:40,19.93560061904745
2025-12-19,55,55,09:00-09:10,1.6460343809524147
2025-12-19,87,87,14:20-14:30,1.8596461904763721
2025-12-19,89,90,14:40-15:00,30.333738095237948
2025-12-19,100,102,16:30-17:00,62.496655490476215
2025-12-19,104,105,17:10-17:30,19.537704285714028
2025-12-19,108,108,17:50-18:00,106.17586187240414
2025-12-19,110,113,18:10-18:50,139.07260180952403
2025-12-19,116,117,19:10-19:30,86.3921183333332
2025-12-19,119,123,19:40-20:30,183.03857566666687
2025-12-19,125,125,20:40-20:50,148.49806795237703
2025-12-19,128,130,21:10-21:40,74.18525666666659
2025-12-19,135,135,22:20-22:30,0.4140466666667635
2025-12-20,4,6,00:30-01:00,39.064873333333594
2025-12-20,10,11,01:30-01:50,62.426866666666626
2025-12-20,14,14,02:10-02:20,13.984415333333288
2025-12-20,24,24,03:50-04:00,1.34699999999998
2025-12-20,32,32,05:10-05:20,8.01731228571407
2025-12-20,37,38,06:00-06:20,81.09678966666667
2025-12-20,40,41,06:30-06:50,68.59323866666637
2025-12-20,44,45,07:10-07:30,33.64860314285736
2025-12-20,48,48,07:50-08:00,36.35877785714314
2025-12-20,51,53,08:20-08:50,41.50840504761865
2025-12-20,56,57,09:10-09:30,44.68747280952398
2025-12-20,87,89,14:20-14:50,66.52669999999989
2025-12-20,99,99,16:20-16:30,4.433928571428453
2025-12-20,102,106,16:50-17:40,71.00435701142898
2025-12-20,108,116,17:50-19:20,272.56267953401345
2025-12-20,118,125,19:30-20:50,241.90724321633928
2025-12-20,128,128,21:10-21:20,0.49838666666670406
2025-12-20,130,131,21:30-21:50,53.351736666666795
2025-12-21,7,8,01:00-01:20,31.992191666666486
2025-12-21,10,10,01:30-01:40,7.199049999999829
2025-12-21,14,14,02:10-02:20,1.6267133333331003
2025-12-21,19,19,03:00-03:10,32.03895333333321
2025-12-21,22,23,03:30-03:50,49.40380899999991
2025-12-21,35,36,05:40-06:00,10.879576859878057
2025-12-21,38,39,06:10-06:30,41.97925394285676
2025-12-21,48,48,07:50-08:00,22.756145000000515
2025-12-21,51,51,08:20-08:30,27.394006666666996
2025-12-21,61,61,10:00-10:10,24.528312857142964
2025-12-21,63,65,10:20-10:50,147.74393242857184
2025-12-21,78,79,12:50-13:10,45.1696728571427
2025-12-21,84,84,13:50-14:00,50.64759976190538
2025-12-21,86,89,14:10-14:50,359.3766900922657
2025-12-21,105,105,17:20-17:30,32.17300000000023
2025-12-21,108,114,17:50-19:00,326.05214390030665
2025-12-21,116,117,19:10-19:30,58.78305833333343
2025-12-21,119,120,19:40-20:00,131.8619960000002
2025-12-21,122,125,20:10-20:50,203.89450605974093
2025-12-21,130,131,21:30-21:50,30.41275400000029
2025-12-22,8,8,01:10-01:20,2.137203333333332
2025-12-22,15,15,02:20-02:30,16.80833333333328
2025-12-22,20,21,03:10-03:30,33.820470000000114
2025-12-22,49,50,08:00-08:20,23.143256571428992
2025-12-22,80,80,13:10-13:20,7.716502380952647
2025-12-22,83,89,13:40-14:50,176.3504858571436
2025-12-22,103,105,17:00-17:30,66.34356142857096
2025-12-22,108,109,17:50-18:10,86.34954900000014
2025-12-22,111,125,18:20-20:50,303.43877596296306
2025-12-22,127,129,21:00-21:30,42.205223333333265
2025-12-23,20,20,03:10-03:20,18.258743333333314
2025-12-23,28,28,04:30-04:40,9.35891303601386
2025-12-23,51,52,08:20-08:40,38.47277571428606
2025-12-23,55,56,09:00-09:20,53.76822552380929
2025-12-23,60,61,09:50-10:10,72.82984276190518
2025-12-23,64,64,10:30-10:40,58.93198200000003
2025-12-23,83,89,13:40-14:50,178.44531404761915
2025-12-23,102,102,16:50-17:00,6.29099999999994
2025-12-23,105,107,17:20-17:50,64.32581840740494
2025-12-23,109,112,18:00-18:40,65.39725595238085
2025-12-23,114,119,18:50-19:50,170.42004538095182
2025-12-23,121,123,20:00-20:30,113.30554266666627
2025-12-23,130,131,21:30-21:50,70.8122699999999
2025-12-24,1,2,00:00-00:20,39.165873333333366
2025-12-24,51,51,08:20-08:30,3.5998195238097423
2025-12-24,53,54,08:40-09:00,36.16426000000047
2025-12-24,59,60,09:40-10:00,33.15503314285729
2025-12-24,64,64,10:30-10:40,31.05945819047608
2025-12-24,79,79,13:00-13:10,10.447259523809976
2025-12-24,82,83,13:30-13:50,35.29219814285682
2025-12-24,85,86,14:00-14:20,45.758777000000464
2025-12-24,89,89,14:40-14:50,38.76002480952434
2025-12-24,101,104,16:40-17:20,65.30295741034733
2025-12-24,108,109,17:50-18:10,44.87168667142737
2025-12-24,111,114,18:20-19:00,104.4514742380955
2025-12-24,116,123,19:10-20:30,186.38064133333285
2025-12-24,130,130,21:30-21:40,29.158403666666572
2025-12-24,135,135,22:20-22:30,0.6220799999996416
2025-12-25,4,4,00:30-00:40,29.835623333333388
2025-12-25,7,8,01:00-01:20,65.19512766666674
2025-12-25,13,13,02:00-02:10,5.453133333333312
2025-12-25,20,20,03:10-03:20,6.540273333333289
2025-12-25,24,24,03:50-04:00,6.748666666666622
2025-12-25,30,30,04:50-05:00,2.719666666666626
2025-12-25,37,37,06:00-06:10,9.522385095238405
2025-12-25,51,51,08:20-08:30,66.58844095238112
2025-12-25,56,56,09:10-09:20,12.97862461904731
2025-12-25,61,61,10:00-10:10,21.059885238095262
2025-12-25,64,64,10:30-10:40,35.2657875301004
2025-12-25,84,84,13:50-14:00,10.079171190476131
2025-12-25,86,87,14:10-14:30,98.24776547619041
2025-12-25,89,89,14:40-14:50,10.064762904761892
2025-12-25,103,104,17:00-17:20,4.515459523809538
2025-12-25,107,116,17:40-19:20,162.57446309523772
2025-12-25,118,120,19:30-20:00,107.72511766666685
2025-12-25,122,125,20:10-20:50,114.65293733333306
2025-12-25,129,130,21:20-21:40,15.161007000000268
2025-12-25,141,141,23:20-23:30,2.11525000000006
2025-12-26,2,4,00:10-00:40,9.378212999999903
2025-12-26,7,7,01:00-01:10,5.270856666666646
2025-12-26,20,21,03:10-03:30,23.31253333333342
2025-12-26,37,38,06:00-06:20,11.661816428571456
2025-12-26,41,42,06:40-07:00,9.70374204761913
2025-12-26,49,50,08:00-08:20,27.15744352380989
2025-12-26,53,54,08:40-09:00,24.50799204761904
2025-12-26,57,57,09:20-09:30,14.89078499999993
2025-12-26,87,89,14:20-14:50,196.30129999999997
2025-12-26,100,100,16:30-16:40,9.098106790123396
2025-12-26,106,110,17:30-18:20,373.6625113454208
2025-12-26,112,125,18:30-20:50,321.9317405714283
2025-12-26,128,130,21:10-21:40,14.4317603333335
2025-12-27,3,4,00:20-00:40,30.583787333333362
2025-12-27,7,8,01:00-01:20,5.563869038091184
2025-12-27,20,21,03:10-03:30,28.013393333333113
2025-12-27,39,39,06:20-06:30,0.9048166666665338
2025-12-27,41,42,06:40-07:00,10.659695571428529
2025-12-27,50,51,08:10-08:30,51.13570557142853
2025-12-27,54,58,08:50-09:40,108.1790861904759
2025-12-27,89,89,14:40-14:50,35.74008333333336
2025-12-27,101,105,16:40-17:30,112.93089449800095
2025-12-27,107,108,17:40-18:00,342.1216327666226
2025-12-27,111,113,18:20-18:50,132.31181447619053
2025-12-27,115,125,19:00-20:50,337.3335409047592
2025-12-27,130,130,21:30-21:40,15.281885999999986
2025-12-27,135,135,22:20-22:30,7.391226666666398
2025-12-28,21,21,03:20-03:30,5.727666666666778
2025-12-28,48,48,07:50-08:00,14.86225166666668
2025-12-28,60,61,09:50-10:10,11.603458904761908
2025-12-28,64,64,10:30-10:40,27.725260095238212
2025-12-28,85,86,14:00-14:20,70.79426033333328
2025-12-28,88,89,14:30-14:50,50.99415914285737
2025-12-28,106,107,17:30-17:50,66.83394809523827
2025-12-28,110,112,18:10-18:40,69.28707214285691
2025-12-28,115,123,19:00-20:30,279.5782543333331
2025-12-28,125,125,20:40-20:50,9.449078000000213
2025-12-28,129,130,21:20-21:40,23.592139333333307
2025-12-28,136,136,22:30-22:40,24.358971666666775
2025-12-29,10,11,01:30-01:50,6.151063333333468
2025-12-29,37,37,06:00-06:10,23.067078904761843
2025-12-29,49,50,08:00-08:20,29.62958342857121
2025-12-29,55,56,09:00-09:20,23.86094223809505
2025-12-29,61,61,10:00-10:10,5.70452461904722
2025-12-29,84,88,13:50-14:40,190.79770019047578
2025-12-29,99,99,16:20-16:30,32.69397619047622
2025-12-29,102,102,16:50-17:00,30.390666666666675
2025-12-29,108,112,17:50-18:40,70.70813338095225
2025-12-29,114,125,18:50-20:50,269.1576021428572
2025-12-29,129,129,21:20-21:30,38.12733333333324
2025-12-29,144,144,23:50-24:00,7.350153333333537
2025-12-30,4,4,00:30-00:40,24.59807666666677
2025-12-30,8,8,01:10-01:20,11.769013333333419
2025-12-30,48,49,07:50-08:10,29.990163952380726
2025-12-30,52,56,08:30-09:20,77.06395223809477
2025-12-30,61,61,10:00-10:10,29.499090857142846
2025-12-30,64,64,10:30-10:40,16.743513072954784
2025-12-30,84,89,13:50-14:50,264.69008047619025
2025-12-30,108,113,17:50-18:50,101.43039042857139
2025-12-30,115,120,19:00-20:00,174.83994266666684
2025-12-30,122,123,20:10-20:30,55.78094799999974
2025-12-30,130,130,21:30-21:40,28.219867666667028
2025-12-31,4,4,00:30-00:40,9.62408333333326
2025-12-31,10,11,01:30-01:50,33.989702666666744
2025-12-31,49,49,08:00-08:10,16.529568000000268
2025-12-31,52,53,08:30-08:50,55.51587119047588
2025-12-31,59,60,09:40-10:00,60.09953593009652
2025-12-31,62,64,10:10-10:40,30.02718047619061
2025-12-31,82,82,13:30-13:40,0.06550047619077759
2025-12-31,84,86,13:50-14:20,80.76466280952434
2025-12-31,88,89,14:30-14:50,148.19637319047592
2025-12-31,104,105,17:10-17:30,20.833886676190474
2025-12-31,108,121,17:50-20:10,313.6185265238094
2025-12-31,124,125,20:30-20:50,77.64540862963008
2025-12-31,127,129,21:00-21:30,42.66814666666653
2025-12-31,136,136,22:30-22:40,5.570777999999791
