date,issue_time,load_sources,pv_sources,residual_sources,latest_residual_day,scenario_count
2025-01-02,2025-01-02T00:00,"[""2025-01-01""]","[""2025-01-01""]",[],,1
2025-01-03,2025-01-03T00:00,"[""2025-01-01"", ""2025-01-02""]","[""2025-01-01"", ""2025-01-02""]","[""2025-01-02""]",2025-01-02,1
2025-01-04,2025-01-04T00:00,"[""2025-01-01"", ""2025-01-02"", ""2025-01-03""]","[""2025-01-01"", ""2025-01-02"", ""2025-01-03""]","[""2025-01-02"", ""2025-01-03""]",2025-01-03,2
2025-01-05,2025-01-05T00:00,"[""2025-01-01"", ""2025-01-02"", ""2025-01-03"", ""2025-01-04""]","[""2025-01-01"", ""2025-01-02"", ""2025-01-03"", ""2025-01-04""]","[""2025-01-02"", ""2025-01-03"", ""2025-01-04""]",2025-01-04,3
2025-01-06,2025-01-06T00:00,"[""2025-01-01"", ""2025-01-02"", ""2025-01-03"", ""2025-01-04"", ""2025-01-05""]","[""2025-01-01"", ""2025-01-02"", ""2025-01-03"", ""2025-01-04"", ""2025-01-05""]","[""2025-01-02"", ""2025-01-03"", ""2025-01-04"", ""2025-01-05""]",2025-01-05,4
2025-01-07,2025-01-07T00:00,"[""2025-01-01"", ""2025-01-02"", ""2025-01-03"", ""2025-01-04"", ""2025-01-05"", ""2025-01-06""]","[""2025-01-01"", ""2025-01-02"", ""2025-01-03"", ""2025-01-04"", ""2025-01-05"", ""2025-01-06""]","[""2025-01-02"", ""2025-01-03"", ""2025-01-04"", ""2025-01-05"", ""2025-01-06""]",2025-01-06,5
2025-01-08,2025-01-08T00:00,"[""2025-01-01"", ""2025-01-02"", ""2025-01-03"", ""2025-01-04"", ""2025-01-05"", ""2025-01-06"", ""2025-01-07""]","[""2025-01-01"", ""2025-01-02"", ""2025-01-03"", ""2025-01-04"", ""2025-01-05"", ""2025-01-06"", ""2025-01-07""]","[""2025-01-02"", ""2025-01-03"", ""2025-01-04"", ""2025-01-05"", ""2025-01-06"", ""2025-01-07""]",2025-01-07,6
2025-01-09,2025-01-09T00:00,"[""2025-01-02"", ""2025-01-03"", ""2025-01-04"", ""2025-01-05"", ""2025-01-06"", ""2025-01-07"", ""2025-01-08""]","[""2025-01-02"", ""2025-01-03"", ""2025-01-04"", ""2025-01-05"", ""2025-01-06"", ""2025-01-07"", ""2025-01-08""]","[""2025-01-02"", ""2025-01-03"", ""2025-01-04"", ""2025-01-05"", ""2025-01-06"", ""2025-01-07"", ""2025-01-08""]",2025-01-08,7
2025-01-10,2025-01-10T00:00,"[""2025-01-03"", ""2025-01-04"", ""2025-01-05"", ""2025-01-06"", ""2025-01-07"", ""2025-01-08"", ""2025-01-09""]","[""2025-01-03"", ""2025-01-04"", ""2025-01-05"", ""2025-01-06"", ""2025-01-07"", ""2025-01-08"", ""2025-01-09""]","[""2025-01-02"", ""2025-01-03"", ""2025-01-04"", ""2025-01-05"", ""2025-01-06"", ""2025-01-07"", ""2025-01-08"", ""2025-01-09""]",2025-01-09,8
2025-01-11,2025-01-11T00:00,"[""2025-01-04"", ""2025-01-05"", ""2025-01-06"", ""2025-01-07"", ""2025-01-08"", ""2025-01-09"", ""2025-01-10""]","[""2025-01-04"", ""2025-01-05"", ""2025-01-06"", ""2025-01-07"", ""2025-01-08"", ""2025-01-09"", ""2025-01-10""]","[""2025-01-02"", ""2025-01-03"", ""2025-01-04"", ""2025-01-05"", ""2025-01-06"", ""2025-01-07"", ""2025-01-08"", ""2025-01-09"", ""2025-01-10""]",2025-01-10,9
2025-01-12,2025-01-12T00:00,"[""2025-01-05"", ""2025-01-06"", ""2025-01-07"", ""2025-01-08"", ""2025-01-09"", ""2025-01-10"", ""2025-01-11""]","[""2025-01-05"", ""2025-01-06"", ""2025-01-07"", ""2025-01-08"", ""2025-01-09"", ""2025-01-10"", ""2025-01-11""]","[""2025-01-02"", ""2025-01-03"", ""2025-01-04"", ""2025-01-05"", ""2025-01-06"", ""2025-01-07"", ""2025-01-08"", ""2025-01-09"", ""2025-01-10"", ""2025-01-11""]",2025-01-11,10
2025-01-13,2025-01-13T00:00,"[""2025-01-06"", ""2025-01-07"", ""2025-01-08"", ""2025-01-09"", ""2025-01-10"", ""2025-01-11"", ""2025-01-12""]","[""2025-01-06"", ""2025-01-07"", ""2025-01-08"", ""2025-01-09"", ""2025-01-10"", ""2025-01-11"", ""2025-01-12""]","[""2025-01-02"", ""2025-01-03"", ""2025-01-04"", ""2025-01-05"", ""2025-01-06"", ""2025-01-07"", ""2025-01-08"", ""2025-01-09"", ""2025-01-10"", ""2025-01-11"", ""2025-01-12""]",2025-01-12,11
2025-01-14,2025-01-14T00:00,"[""2025-01-07"", ""2025-01-08"", ""2025-01-09"", ""2025-01-10"", ""2025-01-11"", ""2025-01-12"", ""2025-01-13""]","[""2025-01-07"", ""2025-01-08"", ""2025-01-09"", ""2025-01-10"", ""2025-01-11"", ""2025-01-12"", ""2025-01-13""]","[""2025-01-02"", ""2025-01-03"", ""2025-01-04"", ""2025-01-05"", ""2025-01-06"", ""2025-01-07"", ""2025-01-08"", ""2025-01-09"", ""2025-01-10"", ""2025-01-11"", ""2025-01-12"", ""2025-01-13""]",2025-01-13,12
2025-01-15,2025-01-15T00:00,"[""2025-01-01"", ""2025-01-08""]","[""2025-01-08"", ""2025-01-09"", ""2025-01-10"", ""2025-01-11"", ""2025-01-12"", ""2025-01-13"", ""2025-01-14""]","[""2025-01-02"", ""2025-01-03"", ""2025-01-04"", ""2025-01-05"", ""2025-01-06"", ""2025-01-07"", ""2025-01-08"", ""2025-01-09"", ""2025-01-10"", ""2025-01-11"", ""2025-01-12"", ""2025-01-13"", ""2025-01-14""]",2025-01-14,13
2025-01-16,2025-01-16T00:00,"[""2025-01-02"", ""2025-01-09""]","[""2025-01-09"", ""2025-01-10"", ""2025-01-11"", ""2025-01-12"", ""2025-01-13"", ""2025-01-14"", ""2025-01-15""]","[""2025-01-02"", ""2025-01-03"", ""2025-01-04"", ""2025-01-05"", ""2025-01-06"", ""2025-01-07"", ""2025-01-08"", ""2025-01-09"", ""2025-01-10"", ""2025-01-11"", ""2025-01-12"", ""2025-01-13"", ""2025-01-14"", ""2025-01-15""]",2025-01-15,14
2025-01-17,2025-01-17T00:00,"[""2025-01-03"", ""2025-01-10""]","[""2025-01-10"", ""2025-01-11"", ""2025-01-12"", ""2025-01-13"", ""2025-01-14"", ""2025-01-15"", ""2025-01-16""]","[""2025-01-02"", ""2025-01-03"", ""2025-01-04"", ""2025-01-05"", ""2025-01-06"", ""2025-01-07"", ""2025-01-08"", ""2025-01-09"", ""2025-01-10"", ""2025-01-11"", ""2025-01-12"", ""2025-01-13"", ""2025-01-14"", ""2025-01-15"", ""2025-01-16""]",2025-01-16,15
2025-01-18,2025-01-18T00:00,"[""2025-01-04"", ""2025-01-11""]","[""2025-01-11"", ""2025-01-12"", ""2025-01-13"", ""2025-01-14"", ""2025-01-15"", ""2025-01-16"", ""2025-01-17""]","[""2025-01-02"", ""2025-01-03"", ""2025-01-04"", ""2025-01-05"", ""2025-01-06"", ""2025-01-07"", ""2025-01-08"", ""2025-01-09"", ""2025-01-10"", ""2025-01-11"", ""2025-01-12"", ""2025-01-13"", ""2025-01-14"", ""2025-01-15"", ""2025-01-16"", ""2025-01-17""]",2025-01-17,16
2025-01-19,2025-01-19T00:00,"[""2025-01-05"", ""2025-01-12""]","[""2025-01-12"", ""2025-01-13"", ""2025-01-14"", ""2025-01-15"", ""2025-01-16"", ""2025-01-17"", ""2025-01-18""]","[""2025-01-02"", ""2025-01-03"", ""2025-01-04"", ""2025-01-05"", ""2025-01-06"", ""2025-01-07"", ""2025-01-08"", ""2025-01-09"", ""2025-01-10"", ""2025-01-11"", ""2025-01-12"", ""2025-01-13"", ""2025-01-14"", ""2025-01-15"", ""2025-01-16"", ""2025-01-17"", ""2025-01-18""]",2025-01-18,17
2025-01-20,2025-01-20T00:00,"[""2025-01-06"", ""2025-01-13""]","[""2025-01-13"", ""2025-01-14"", ""2025-01-15"", ""2025-01-16"", ""2025-01-17"", ""2025-01-18"", ""2025-01-19""]","[""2025-01-02"", ""2025-01-03"", ""2025-01-04"", ""2025-01-05"", ""2025-01-06"", ""2025-01-07"", ""2025-01-08"", ""2025-01-09"", ""2025-01-10"", ""2025-01-11"", ""2025-01-12"", ""2025-01-13"", ""2025-01-14"", ""2025-01-15"", ""2025-01-16"", ""2025-01-17"", ""2025-01-18"", ""2025-01-19""]",2025-01-19,18
2025-01-21,2025-01-21T00:00,"[""2025-01-07"", ""2025-01-14""]","[""2025-01-14"", ""2025-01-15"", ""2025-01-16"", ""2025-01-17"", ""2025-01-18"", ""2025-01-19"", ""2025-01-20""]","[""2025-01-02"", ""2025-01-03"", ""2025-01-04"", ""2025-01-05"", ""2025-01-06"", ""2025-01-07"", ""2025-01-08"", ""2025-01-09"", ""2025-01-10"", ""2025-01-11"", ""2025-01-12"", ""2025-01-13"", ""2025-01-14"", ""2025-01-15"", ""2025-01-16"", ""2025-01-17"", ""2025-01-18"", ""2025-01-19"", ""2025-01-20""]",2025-01-20,19
2025-01-22,2025-01-22T00:00,"[""2025-01-01"", ""2025-01-08"", ""2025-01-15""]","[""2025-01-15"", ""2025-01-16"", ""2025-01-17"", ""2025-01-18"", ""2025-01-19"", ""2025-01-20"", ""2025-01-21""]","[""2025-01-02"", ""2025-01-03"", ""2025-01-04"", ""2025-01-05"", ""2025-01-06"", ""2025-01-07"", ""2025-01-08"", ""2025-01-09"", ""2025-01-10"", ""2025-01-11"", ""2025-01-12"", ""2025-01-13"", ""2025-01-14"", ""2025-01-15"", ""2025-01-16"", ""2025-01-17"", ""2025-01-18"", ""2025-01-19"", ""2025-01-20"", ""2025-01-21""]",2025-01-21,20
2025-01-23,2025-01-23T00:00,"[""2025-01-02"", ""2025-01-09"", ""2025-01-16""]","[""2025-01-16"", ""2025-01-17"", ""2025-01-18"", ""2025-01-19"", ""2025-01-20"", ""2025-01-21"", ""2025-01-22""]","[""2025-01-02"", ""2025-01-03"", ""2025-01-04"", ""2025-01-05"", ""2025-01-06"", ""2025-01-07"", ""2025-01-08"", ""2025-01-09"", ""2025-01-10"", ""2025-01-11"", ""2025-01-12"", ""2025-01-13"", ""2025-01-14"", ""2025-01-15"", ""2025-01-16"", ""2025-01-17"", ""2025-01-18"", ""2025-01-19"", ""2025-01-20"", ""2025-01-21"", ""2025-01-22""]",2025-01-22,21
2025-01-24,2025-01-24T00:00,"[""2025-01-03"", ""2025-01-10"", ""2025-01-17""]","[""2025-01-17"", ""2025-01-18"", ""2025-01-19"", ""2025-01-20"", ""2025-01-21"", ""2025-01-22"", ""2025-01-23""]","[""2025-01-02"", ""2025-01-03"", ""2025-01-04"", ""2025-01-05"", ""2025-01-06"", ""2025-01-07"", ""2025-01-08"", ""2025-01-09"", ""2025-01-10"", ""2025-01-11"", ""2025-01-12"", ""2025-01-13"", ""2025-01-14"", ""2025-01-15"", ""2025-01-16"", ""2025-01-17"", ""2025-01-18"", ""2025-01-19"", ""2025-01-20"", ""2025-01-21"", ""2025-01-22"", ""2025-01-23""]",2025-01-23,22
2025-01-25,2025-01-25T00:00,"[""2025-01-04"", ""2025-01-11"", ""2025-01-18""]","[""2025-01-18"", ""2025-01-19"", ""2025-01-20"", ""2025-01-21"", ""2025-01-22"", ""2025-01-23"", ""2025-01-24""]","[""2025-01-02"", ""2025-01-03"", ""2025-01-04"", ""2025-01-05"", ""2025-01-06"", ""2025-01-07"", ""2025-01-08"", ""2025-01-09"", ""2025-01-10"", ""2025-01-11"", ""2025-01-12"", ""2025-01-13"", ""2025-01-14"", ""2025-01-15"", ""2025-01-16"", ""2025-01-17"", ""2025-01-18"", ""2025-01-19"", ""2025-01-20"", ""2025-01-21"", ""2025-01-22"", ""2025-01-23"", ""2025-01-24""]",2025-01-24,23
2025-01-26,2025-01-26T00:00,"[""2025-01-05"", ""2025-01-12"", ""2025-01-19""]","[""2025-01-19"", ""2025-01-20"", ""2025-01-21"", ""2025-01-22"", ""2025-01-23"", ""2025-01-24"", ""2025-01-25""]","[""2025-01-02"", ""2025-01-03"", ""2025-01-04"", ""2025-01-05"", ""2025-01-06"", ""2025-01-07"", ""2025-01-08"", ""2025-01-09"", ""2025-01-10"", ""2025-01-11"", ""2025-01-12"", ""2025-01-13"", ""2025-01-14"", ""2025-01-15"", ""2025-01-16"", ""2025-01-17"", ""2025-01-18"", ""2025-01-19"", ""2025-01-20"", ""2025-01-21"", ""2025-01-22"", ""2025-01-23"", ""2025-01-24"", ""2025-01-25""]",2025-01-25,24
2025-01-27,2025-01-27T00:00,"[""2025-01-06"", ""2025-01-13"", ""2025-01-20""]","[""2025-01-20"", ""2025-01-21"", ""2025-01-22"", ""2025-01-23"", ""2025-01-24"", ""2025-01-25"", ""2025-01-26""]","[""2025-01-02"", ""2025-01-03"", ""2025-01-04"", ""2025-01-05"", ""2025-01-06"", ""2025-01-07"", ""2025-01-08"", ""2025-01-09"", ""2025-01-10"", ""2025-01-11"", ""2025-01-12"", ""2025-01-13"", ""2025-01-14"", ""2025-01-15"", ""2025-01-16"", ""2025-01-17"", ""2025-01-18"", ""2025-01-19"", ""2025-01-20"", ""2025-01-21"", ""2025-01-22"", ""2025-01-23"", ""2025-01-24"", ""2025-01-25"", ""2025-01-26""]",2025-01-26,25
2025-01-28,2025-01-28T00:00,"[""2025-01-07"", ""2025-01-14"", ""2025-01-21""]","[""2025-01-21"", ""2025-01-22"", ""2025-01-23"", ""2025-01-24"", ""2025-01-25"", ""2025-01-26"", ""2025-01-27""]","[""2025-01-02"", ""2025-01-03"", ""2025-01-04"", ""2025-01-05"", ""2025-01-06"", ""2025-01-07"", ""2025-01-08"", ""2025-01-09"", ""2025-01-10"", ""2025-01-11"", ""2025-01-12"", ""2025-01-13"", ""2025-01-14"", ""2025-01-15"", ""2025-01-16"", ""2025-01-17"", ""2025-01-18"", ""2025-01-19"", ""2025-01-20"", ""2025-01-21"", ""2025-01-22"", ""2025-01-23"", ""2025-01-24"", ""2025-01-25"", ""2025-01-26"", ""2025-01-27""]",2025-01-27,26
2025-01-29,2025-01-29T00:00,"[""2025-01-01"", ""2025-01-08"", ""2025-01-15"", ""2025-01-22""]","[""2025-01-22"", ""2025-01-23"", ""2025-01-24"", ""2025-01-25"", ""2025-01-26"", ""2025-01-27"", ""2025-01-28""]","[""2025-01-02"", ""2025-01-03"", ""2025-01-04"", ""2025-01-05"", ""2025-01-06"", ""2025-01-07"", ""2025-01-08"", ""2025-01-09"", ""2025-01-10"", ""2025-01-11"", ""2025-01-12"", ""2025-01-13"", ""2025-01-14"", ""2025-01-15"", ""2025-01-16"", ""2025-01-17"", ""2025-01-18"", ""2025-01-19"", ""2025-01-20"", ""2025-01-21"", ""2025-01-22"", ""2025-01-23"", ""2025-01-24"", ""2025-01-25"", ""2025-01-26"", ""2025-01-27"", ""2025-01-28""]",2025-01-28,27
2025-01-30,2025-01-30T00:00,"[""2025-01-02"", ""2025-01-09"", ""2025-01-16"", ""2025-01-23""]","[""2025-01-23"", ""2025-01-24"", ""2025-01-25"", ""2025-01-26"", ""2025-01-27"", ""2025-01-28"", ""2025-01-29""]","[""2025-01-02"", ""2025-01-03"", ""2025-01-04"", ""2025-01-05"", ""2025-01-06"", ""2025-01-07"", ""2025-01-08"", ""2025-01-09"", ""2025-01-10"", ""2025-01-11"", ""2025-01-12"", ""2025-01-13"", ""2025-01-14"", ""2025-01-15"", ""2025-01-16"", ""2025-01-17"", ""2025-01-18"", ""2025-01-19"", ""2025-01-20"", ""2025-01-21"", ""2025-01-22"", ""2025-01-23"", ""2025-01-24"", ""2025-01-25"", ""2025-01-26"", ""2025-01-27"", ""2025-01-28"", ""2025-01-29""]",2025-01-29,28
2025-01-31,2025-01-31T00:00,"[""2025-01-03"", ""2025-01-10"", ""2025-01-17"", ""2025-01-24""]","[""2025-01-24"", ""2025-01-25"", ""2025-01-26"", ""2025-01-27"", ""2025-01-28"", ""2025-01-29"", ""2025-01-30""]","[""2025-01-02"", ""2025-01-03"", ""2025-01-04"", ""2025-01-05"", ""2025-01-06"", ""2025-01-07"", ""2025-01-08"", ""2025-01-09"", ""2025-01-10"", ""2025-01-11"", ""2025-01-12"", ""2025-01-13"", ""2025-01-14"", ""2025-01-15"", ""2025-01-16"", ""2025-01-17"", ""2025-01-18"", ""2025-01-19"", ""2025-01-20"", ""2025-01-21"", ""2025-01-22"", ""2025-01-23"", ""2025-01-24"", ""2025-01-25"", ""2025-01-26"", ""2025-01-27"", ""2025-01-28"", ""2025-01-29"", ""2025-01-30""]",2025-01-30,29
2025-02-01,2025-02-01T00:00,"[""2025-01-04"", ""2025-01-11"", ""2025-01-18"", ""2025-01-25""]","[""2025-01-25"", ""2025-01-26"", ""2025-01-27"", ""2025-01-28"", ""2025-01-29"", ""2025-01-30"", ""2025-01-31""]","[""2025-01-02"", ""2025-01-03"", ""2025-01-04"", ""2025-01-05"", ""2025-01-06"", ""2025-01-07"", ""2025-01-08"", ""2025-01-09"", ""2025-01-10"", ""2025-01-11"", ""2025-01-12"", ""2025-01-13"", ""2025-01-14"", ""2025-01-15"", ""2025-01-16"", ""2025-01-17"", ""2025-01-18"", ""2025-01-19"", ""2025-01-20"", ""2025-01-21"", ""2025-01-22"", ""2025-01-23"", ""2025-01-24"", ""2025-01-25"", ""2025-01-26"", ""2025-01-27"", ""2025-01-28"", ""2025-01-29"", ""2025-01-30"", ""2025-01-31""]",2025-01-31,30
2025-02-02,2025-02-02T00:00,"[""2025-01-05"", ""2025-01-12"", ""2025-01-19"", ""2025-01-26""]","[""2025-01-26"", ""2025-01-27"", ""2025-01-28"", ""2025-01-29"", ""2025-01-30"", ""2025-01-31"", ""2025-02-01""]","[""2025-01-03"", ""2025-01-04"", ""2025-01-05"", ""2025-01-06"", ""2025-01-07"", ""2025-01-08"", ""2025-01-09"", ""2025-01-10"", ""2025-01-11"", ""2025-01-12"", ""2025-01-13"", ""2025-01-14"", ""2025-01-15"", ""2025-01-16"", ""2025-01-17"", ""2025-01-18"", ""2025-01-19"", ""2025-01-20"", ""2025-01-21"", ""2025-01-22"", ""2025-01-23"", ""2025-01-24"", ""2025-01-25"", ""2025-01-26"", ""2025-01-27"", ""2025-01-28"", ""2025-01-29"", ""2025-01-30"", ""2025-01-31"", ""2025-02-01""]",2025-02-01,30
2025-02-03,2025-02-03T00:00,"[""2025-01-06"", ""2025-01-13"", ""2025-01-20"", ""2025-01-27""]","[""2025-01-27"", ""2025-01-28"", ""2025-01-29"", ""2025-01-30"", ""2025-01-31"", ""2025-02-01"", ""2025-02-02""]","[""2025-01-04"", ""2025-01-05"", ""2025-01-06"", ""2025-01-07"", ""2025-01-08"", ""2025-01-09"", ""2025-01-10"", ""2025-01-11"", ""2025-01-12"", ""2025-01-13"", ""2025-01-14"", ""2025-01-15"", ""2025-01-16"", ""2025-01-17"", ""2025-01-18"", ""2025-01-19"", ""2025-01-20"", ""2025-01-21"", ""2025-01-22"", ""2025-01-23"", ""2025-01-24"", ""2025-01-25"", ""2025-01-26"", ""2025-01-27"", ""2025-01-28"", ""2025-01-29"", ""2025-01-30"", ""2025-01-31"", ""2025-02-01"", ""2025-02-02""]",2025-02-02,30
2025-02-04,2025-02-04T00:00,"[""2025-01-07"", ""2025-01-14"", ""2025-01-21"", ""2025-01-28""]","[""2025-01-28"", ""2025-01-29"", ""2025-01-30"", ""2025-01-31"", ""2025-02-01"", ""2025-02-02"", ""2025-02-03""]","[""2025-01-05"", ""2025-01-06"", ""2025-01-07"", ""2025-01-08"", ""2025-01-09"", ""2025-01-10"", ""2025-01-11"", ""2025-01-12"", ""2025-01-13"", ""2025-01-14"", ""2025-01-15"", ""2025-01-16"", ""2025-01-17"", ""2025-01-18"", ""2025-01-19"", ""2025-01-20"", ""2025-01-21"", ""2025-01-22"", ""2025-01-23"", ""2025-01-24"", ""2025-01-25"", ""2025-01-26"", ""2025-01-27"", ""2025-01-28"", ""2025-01-29"", ""2025-01-30"", ""2025-01-31"", ""2025-02-01"", ""2025-02-02"", ""2025-02-03""]",2025-02-03,30
2025-02-05,2025-02-05T00:00,"[""2025-01-01"", ""2025-01-08"", ""2025-01-15"", ""2025-01-22"", ""2025-01-29""]","[""2025-01-29"", ""2025-01-30"", ""2025-01-31"", ""2025-02-01"", ""2025-02-02"", ""2025-02-03"", ""2025-02-04""]","[""2025-01-06"", ""2025-01-07"", ""2025-01-08"", ""2025-01-09"", ""2025-01-10"", ""2025-01-11"", ""2025-01-12"", ""2025-01-13"", ""2025-01-14"", ""2025-01-15"", ""2025-01-16"", ""2025-01-17"", ""2025-01-18"", ""2025-01-19"", ""2025-01-20"", ""2025-01-21"", ""2025-01-22"", ""2025-01-23"", ""2025-01-24"", ""2025-01-25"", ""2025-01-26"", ""2025-01-27"", ""2025-01-28"", ""2025-01-29"", ""2025-01-30"", ""2025-01-31"", ""2025-02-01"", ""2025-02-02"", ""2025-02-03"", ""2025-02-04""]",2025-02-04,30
2025-02-06,2025-02-06T00:00,"[""2025-01-02"", ""2025-01-09"", ""2025-01-16"", ""2025-01-23"", ""2025-01-30""]","[""2025-01-30"", ""2025-01-31"", ""2025-02-01"", ""2025-02-02"", ""2025-02-03"", ""2025-02-04"", ""2025-02-05""]","[""2025-01-07"", ""2025-01-08"", ""2025-01-09"", ""2025-01-10"", ""2025-01-11"", ""2025-01-12"", ""2025-01-13"", ""2025-01-14"", ""2025-01-15"", ""2025-01-16"", ""2025-01-17"", ""2025-01-18"", ""2025-01-19"", ""2025-01-20"", ""2025-01-21"", ""2025-01-22"", ""2025-01-23"", ""2025-01-24"", ""2025-01-25"", ""2025-01-26"", ""2025-01-27"", ""2025-01-28"", ""2025-01-29"", ""2025-01-30"", ""2025-01-31"", ""2025-02-01"", ""2025-02-02"", ""2025-02-03"", ""2025-02-04"", ""2025-02-05""]",2025-02-05,30
2025-02-07,2025-02-07T00:00,"[""2025-01-03"", ""2025-01-10"", ""2025-01-17"", ""2025-01-24"", ""2025-01-31""]","[""2025-01-31"", ""2025-02-01"", ""2025-02-02"", ""2025-02-03"", ""2025-02-04"", ""2025-02-05"", ""2025-02-06""]","[""2025-01-08"", ""2025-01-09"", ""2025-01-10"", ""2025-01-11"", ""2025-01-12"", ""2025-01-13"", ""2025-01-14"", ""2025-01-15"", ""2025-01-16"", ""2025-01-17"", ""2025-01-18"", ""2025-01-19"", ""2025-01-20"", ""2025-01-21"", ""2025-01-22"", ""2025-01-23"", ""2025-01-24"", ""2025-01-25"", ""2025-01-26"", ""2025-01-27"", ""2025-01-28"", ""2025-01-29"", ""2025-01-30"", ""2025-01-31"", ""2025-02-01"", ""2025-02-02"", ""2025-02-03"", ""2025-02-04"", ""2025-02-05"", ""2025-02-06""]",2025-02-06,30
2025-02-08,2025-02-08T00:00,"[""2025-01-04"", ""2025-01-11"", ""2025-01-18"", ""2025-01-25"", ""2025-02-01""]","[""2025-02-01"", ""2025-02-02"", ""2025-02-03"", ""2025-02-04"", ""2025-02-05"", ""2025-02-06"", ""2025-02-07""]","[""2025-01-09"", ""2025-01-10"", ""2025-01-11"", ""2025-01-12"", ""2025-01-13"", ""2025-01-14"", ""2025-01-15"", ""2025-01-16"", ""2025-01-17"", ""2025-01-18"", ""2025-01-19"", ""2025-01-20"", ""2025-01-21"", ""2025-01-22"", ""2025-01-23"", ""2025-01-24"", ""2025-01-25"", ""2025-01-26"", ""2025-01-27"", ""2025-01-28"", ""2025-01-29"", ""2025-01-30"", ""2025-01-31"", ""2025-02-01"", ""2025-02-02"", ""2025-02-03"", ""2025-02-04"", ""2025-02-05"", ""2025-02-06"", ""2025-02-07""]",2025-02-07,30
2025-02-09,2025-02-09T00:00,"[""2025-01-05"", ""2025-01-12"", ""2025-01-19"", ""2025-01-26"", ""2025-02-02""]","[""2025-02-02"", ""2025-02-03"", ""2025-02-04"", ""2025-02-05"", ""2025-02-06"", ""2025-02-07"", ""2025-02-08""]","[""2025-01-10"", ""2025-01-11"", ""2025-01-12"", ""2025-01-13"", ""2025-01-14"", ""2025-01-15"", ""2025-01-16"", ""2025-01-17"", ""2025-01-18"", ""2025-01-19"", ""2025-01-20"", ""2025-01-21"", ""2025-01-22"", ""2025-01-23"", ""2025-01-24"", ""2025-01-25"", ""2025-01-26"", ""2025-01-27"", ""2025-01-28"", ""2025-01-29"", ""2025-01-30"", ""2025-01-31"", ""2025-02-01"", ""2025-02-02"", ""2025-02-03"", ""2025-02-04"", ""2025-02-05"", ""2025-02-06"", ""2025-02-07"", ""2025-02-08""]",2025-02-08,30
2025-02-10,2025-02-10T00:00,"[""2025-01-06"", ""2025-01-13"", ""2025-01-20"", ""2025-01-27"", ""2025-02-03""]","[""2025-02-03"", ""2025-02-04"", ""2025-02-05"", ""2025-02-06"", ""2025-02-07"", ""2025-02-08"", ""2025-02-09""]","[""2025-01-11"", ""2025-01-12"", ""2025-01-13"", ""2025-01-14"", ""2025-01-15"", ""2025-01-16"", ""2025-01-17"", ""2025-01-18"", ""2025-01-19"", ""2025-01-20"", ""2025-01-21"", ""2025-01-22"", ""2025-01-23"", ""2025-01-24"", ""2025-01-25"", ""2025-01-26"", ""2025-01-27"", ""2025-01-28"", ""2025-01-29"", ""2025-01-30"", ""2025-01-31"", ""2025-02-01"", ""2025-02-02"", ""2025-02-03"", ""2025-02-04"", ""2025-02-05"", ""2025-02-06"", ""2025-02-07"", ""2025-02-08"", ""2025-02-09""]",2025-02-09,30
2025-02-11,2025-02-11T00:00,"[""2025-01-07"", ""2025-01-14"", ""2025-01-21"", ""2025-01-28"", ""2025-02-04""]","[""2025-02-04"", ""2025-02-05"", ""2025-02-06"", ""2025-02-07"", ""2025-02-08"", ""2025-02-09"", ""2025-02-10""]","[""2025-01-12"", ""2025-01-13"", ""2025-01-14"", ""2025-01-15"", ""2025-01-16"", ""2025-01-17"", ""2025-01-18"", ""2025-01-19"", ""2025-01-20"", ""2025-01-21"", ""2025-01-22"", ""2025-01-23"", ""2025-01-24"", ""2025-01-25"", ""2025-01-26"", ""2025-01-27"", ""2025-01-28"", ""2025-01-29"", ""2025-01-30"", ""2025-01-31"", ""2025-02-01"", ""2025-02-02"", ""2025-02-03"", ""2025-02-04"", ""2025-02-05"", ""2025-02-06"", ""2025-02-07"", ""2025-02-08"", ""2025-02-09"", ""2025-02-10""]",2025-02-10,30
2025-02-12,2025-02-12T00:00,"[""2025-01-08"", ""2025-01-15"", ""2025-01-22"", ""2025-01-29"", ""2025-02-05""]","[""2025-02-05"", ""2025-02-06"", ""2025-02-07"", ""2025-02-08"", ""2025-02-09"", ""2025-02-10"", ""2025-02-11""]","[""2025-01-13"", ""2025-01-14"", ""2025-01-15"", ""2025-01-16"", ""2025-01-17"", ""2025-01-18"", ""2025-01-19"", ""2025-01-20"", ""2025-01-21"", ""2025-01-22"", ""2025-01-23"", ""2025-01-24"", ""2025-01-25"", ""2025-01-26"", ""2025-01-27"", ""2025-01-28"", ""2025-01-29"", ""2025-01-30"", ""2025-01-31"", ""2025-02-01"", ""2025-02-02"", ""2025-02-03"", ""2025-02-04"", ""2025-02-05"", ""2025-02-06"", ""2025-02-07"", ""2025-02-08"", ""2025-02-09"", ""2025-02-10"", ""2025-02-11""]",2025-02-11,30
2025-02-13,2025-02-13T00:00,"[""2025-01-09"", ""2025-01-16"", ""2025-01-23"", ""2025-01-30"", ""2025-02-06""]","[""2025-02-06"", ""2025-02-07"", ""2025-02-08"", ""2025-02-09"", ""2025-02-10"", ""2025-02-11"", ""2025-02-12""]","[""2025-01-14"", ""2025-01-15"", ""2025-01-16"", ""2025-01-17"", ""2025-01-18"", ""2025-01-19"", ""2025-01-20"", ""2025-01-21"", ""2025-01-22"", ""2025-01-23"", ""2025-01-24"", ""2025-01-25"", ""2025-01-26"", ""2025-01-27"", ""2025-01-28"", ""2025-01-29"", ""2025-01-30"", ""2025-01-31"", ""2025-02-01"", ""2025-02-02"", ""2025-02-03"", ""2025-02-04"", ""2025-02-05"", ""2025-02-06"", ""2025-02-07"", ""2025-02-08"", ""2025-02-09"", ""2025-02-10"", ""2025-02-11"", ""2025-02-12""]",2025-02-12,30
2025-02-14,2025-02-14T00:00,"[""2025-01-10"", ""2025-01-17"", ""2025-01-24"", ""2025-01-31"", ""2025-02-07""]","[""2025-02-07"", ""2025-02-08"", ""2025-02-09"", ""2025-02-10"", ""2025-02-11"", ""2025-02-12"", ""2025-02-13""]","[""2025-01-15"", ""2025-01-16"", ""2025-01-17"", ""2025-01-18"", ""2025-01-19"", ""2025-01-20"", ""2025-01-21"", ""2025-01-22"", ""2025-01-23"", ""2025-01-24"", ""2025-01-25"", ""2025-01-26"", ""2025-01-27"", ""2025-01-28"", ""2025-01-29"", ""2025-01-30"", ""2025-01-31"", ""2025-02-01"", ""2025-02-02"", ""2025-02-03"", ""2025-02-04"", ""2025-02-05"", ""2025-02-06"", ""2025-02-07"", ""2025-02-08"", ""2025-02-09"", ""2025-02-10"", ""2025-02-11"", ""2025-02-12"", ""2025-02-13""]",2025-02-13,30
2025-02-15,2025-02-15T00:00,"[""2025-01-11"", ""2025-01-18"", ""2025-01-25"", ""2025-02-01"", ""2025-02-08""]","[""2025-02-08"", ""2025-02-09"", ""2025-02-10"", ""2025-02-11"", ""2025-02-12"", ""2025-02-13"", ""2025-02-14""]","[""2025-01-16"", ""2025-01-17"", ""2025-01-18"", ""2025-01-19"", ""2025-01-20"", ""2025-01-21"", ""2025-01-22"", ""2025-01-23"", ""2025-01-24"", ""2025-01-25"", ""2025-01-26"", ""2025-01-27"", ""2025-01-28"", ""2025-01-29"", ""2025-01-30"", ""2025-01-31"", ""2025-02-01"", ""2025-02-02"", ""2025-02-03"", ""2025-02-04"", ""2025-02-05"", ""2025-02-06"", ""2025-02-07"", ""2025-02-08"", ""2025-02-09"", ""2025-02-10"", ""2025-02-11"", ""2025-02-12"", ""2025-02-13"", ""2025-02-14""]",2025-02-14,30
2025-02-16,2025-02-16T00:00,"[""2025-01-12"", ""2025-01-19"", ""2025-01-26"", ""2025-02-02"", ""2025-02-09""]","[""2025-02-09"", ""2025-02-10"", ""2025-02-11"", ""2025-02-12"", ""2025-02-13"", ""2025-02-14"", ""2025-02-15""]","[""2025-01-17"", ""2025-01-18"", ""2025-01-19"", ""2025-01-20"", ""2025-01-21"", ""2025-01-22"", ""2025-01-23"", ""2025-01-24"", ""2025-01-25"", ""2025-01-26"", ""2025-01-27"", ""2025-01-28"", ""2025-01-29"", ""2025-01-30"", ""2025-01-31"", ""2025-02-01"", ""2025-02-02"", ""2025-02-03"", ""2025-02-04"", ""2025-02-05"", ""2025-02-06"", ""2025-02-07"", ""2025-02-08"", ""2025-02-09"", ""2025-02-10"", ""2025-02-11"", ""2025-02-12"", ""2025-02-13"", ""2025-02-14"", ""2025-02-15""]",2025-02-15,30
2025-02-17,2025-02-17T00:00,"[""2025-01-13"", ""2025-01-20"", ""2025-01-27"", ""2025-02-03"", ""2025-02-10""]","[""2025-02-10"", ""2025-02-11"", ""2025-02-12"", ""2025-02-13"", ""2025-02-14"", ""2025-02-15"", ""2025-02-16""]","[""2025-01-18"", ""2025-01-19"", ""2025-01-20"", ""2025-01-21"", ""2025-01-22"", ""2025-01-23"", ""2025-01-24"", ""2025-01-25"", ""2025-01-26"", ""2025-01-27"", ""2025-01-28"", ""2025-01-29"", ""2025-01-30"", ""2025-01-31"", ""2025-02-01"", ""2025-02-02"", ""2025-02-03"", ""2025-02-04"", ""2025-02-05"", ""2025-02-06"", ""2025-02-07"", ""2025-02-08"", ""2025-02-09"", ""2025-02-10"", ""2025-02-11"", ""2025-02-12"", ""2025-02-13"", ""2025-02-14"", ""2025-02-15"", ""2025-02-16""]",2025-02-16,30
2025-02-18,2025-02-18T00:00,"[""2025-01-14"", ""2025-01-21"", ""2025-01-28"", ""2025-02-04"", ""2025-02-11""]","[""2025-02-11"", ""2025-02-12"", ""2025-02-13"", ""2025-02-14"", ""2025-02-15"", ""2025-02-16"", ""2025-02-17""]","[""2025-01-19"", ""2025-01-20"", ""2025-01-21"", ""2025-01-22"", ""2025-01-23"", ""2025-01-24"", ""2025-01-25"", ""2025-01-26"", ""2025-01-27"", ""2025-01-28"", ""2025-01-29"", ""2025-01-30"", ""2025-01-31"", ""2025-02-01"", ""2025-02-02"", ""2025-02-03"", ""2025-02-04"", ""2025-02-05"", ""2025-02-06"", ""2025-02-07"", ""2025-02-08"", ""2025-02-09"", ""2025-02-10"", ""2025-02-11"", ""2025-02-12"", ""2025-02-13"", ""2025-02-14"", ""2025-02-15"", ""2025-02-16"", ""2025-02-17""]",2025-02-17,30
2025-02-19,2025-02-19T00:00,"[""2025-01-15"", ""2025-01-22"", ""2025-01-29"", ""2025-02-05"", ""2025-02-12""]","[""2025-02-12"", ""2025-02-13"", ""2025-02-14"", ""2025-02-15"", ""2025-02-16"", ""2025-02-17"", ""2025-02-18""]","[""2025-01-20"", ""2025-01-21"", ""2025-01-22"", ""2025-01-23"", ""2025-01-24"", ""2025-01-25"", ""2025-01-26"", ""2025-01-27"", ""2025-01-28"", ""2025-01-29"", ""2025-01-30"", ""2025-01-31"", ""2025-02-01"", ""2025-02-02"", ""2025-02-03"", ""2025-02-04"", ""2025-02-05"", ""2025-02-06"", ""2025-02-07"", ""2025-02-08"", ""2025-02-09"", ""2025-02-10"", ""2025-02-11"", ""2025-02-12"", ""2025-02-13"", ""2025-02-14"", ""2025-02-15"", ""2025-02-16"", ""2025-02-17"", ""2025-02-18""]",2025-02-18,30
2025-02-20,2025-02-20T00:00,"[""2025-01-16"", ""2025-01-23"", ""2025-01-30"", ""2025-02-06"", ""2025-02-13""]","[""2025-02-13"", ""2025-02-14"", ""2025-02-15"", ""2025-02-16"", ""2025-02-17"", ""2025-02-18"", ""2025-02-19""]","[""2025-01-21"", ""2025-01-22"", ""2025-01-23"", ""2025-01-24"", ""2025-01-25"", ""2025-01-26"", ""2025-01-27"", ""2025-01-28"", ""2025-01-29"", ""2025-01-30"", ""2025-01-31"", ""2025-02-01"", ""2025-02-02"", ""2025-02-03"", ""2025-02-04"", ""2025-02-05"", ""2025-02-06"", ""2025-02-07"", ""2025-02-08"", ""2025-02-09"", ""2025-02-10"", ""2025-02-11"", ""2025-02-12"", ""2025-02-13"", ""2025-02-14"", ""2025-02-15"", ""2025-02-16"", ""2025-02-17"", ""2025-02-18"", ""2025-02-19""]",2025-02-19,30
2025-02-21,2025-02-21T00:00,"[""2025-01-17"", ""2025-01-24"", ""2025-01-31"", ""2025-02-07"", ""2025-02-14""]","[""2025-02-14"", ""2025-02-15"", ""2025-02-16"", ""2025-02-17"", ""2025-02-18"", ""2025-02-19"", ""2025-02-20""]","[""2025-01-22"", ""2025-01-23"", ""2025-01-24"", ""2025-01-25"", ""2025-01-26"", ""2025-01-27"", ""2025-01-28"", ""2025-01-29"", ""2025-01-30"", ""2025-01-31"", ""2025-02-01"", ""2025-02-02"", ""2025-02-03"", ""2025-02-04"", ""2025-02-05"", ""2025-02-06"", ""2025-02-07"", ""2025-02-08"", ""2025-02-09"", ""2025-02-10"", ""2025-02-11"", ""2025-02-12"", ""2025-02-13"", ""2025-02-14"", ""2025-02-15"", ""2025-02-16"", ""2025-02-17"", ""2025-02-18"", ""2025-02-19"", ""2025-02-20""]",2025-02-20,30
2025-02-22,2025-02-22T00:00,"[""2025-01-18"", ""2025-01-25"", ""2025-02-01"", ""2025-02-08"", ""2025-02-15""]","[""2025-02-15"", ""2025-02-16"", ""2025-02-17"", ""2025-02-18"", ""2025-02-19"", ""2025-02-20"", ""2025-02-21""]","[""2025-01-23"", ""2025-01-24"", ""2025-01-25"", ""2025-01-26"", ""2025-01-27"", ""2025-01-28"", ""2025-01-29"", ""2025-01-30"", ""2025-01-31"", ""2025-02-01"", ""2025-02-02"", ""2025-02-03"", ""2025-02-04"", ""2025-02-05"", ""2025-02-06"", ""2025-02-07"", ""2025-02-08"", ""2025-02-09"", ""2025-02-10"", ""2025-02-11"", ""2025-02-12"", ""2025-02-13"", ""2025-02-14"", ""2025-02-15"", ""2025-02-16"", ""2025-02-17"", ""2025-02-18"", ""2025-02-19"", ""2025-02-20"", ""2025-02-21""]",2025-02-21,30
2025-02-23,2025-02-23T00:00,"[""2025-01-19"", ""2025-01-26"", ""2025-02-02"", ""2025-02-09"", ""2025-02-16""]","[""2025-02-16"", ""2025-02-17"", ""2025-02-18"", ""2025-02-19"", ""2025-02-20"", ""2025-02-21"", ""2025-02-22""]","[""2025-01-24"", ""2025-01-25"", ""2025-01-26"", ""2025-01-27"", ""2025-01-28"", ""2025-01-29"", ""2025-01-30"", ""2025-01-31"", ""2025-02-01"", ""2025-02-02"", ""2025-02-03"", ""2025-02-04"", ""2025-02-05"", ""2025-02-06"", ""2025-02-07"", ""2025-02-08"", ""2025-02-09"", ""2025-02-10"", ""2025-02-11"", ""2025-02-12"", ""2025-02-13"", ""2025-02-14"", ""2025-02-15"", ""2025-02-16"", ""2025-02-17"", ""2025-02-18"", ""2025-02-19"", ""2025-02-20"", ""2025-02-21"", ""2025-02-22""]",2025-02-22,30
2025-02-24,2025-02-24T00:00,"[""2025-01-20"", ""2025-01-27"", ""2025-02-03"", ""2025-02-10"", ""2025-02-17""]","[""2025-02-17"", ""2025-02-18"", ""2025-02-19"", ""2025-02-20"", ""2025-02-21"", ""2025-02-22"", ""2025-02-23""]","[""2025-01-25"", ""2025-01-26"", ""2025-01-27"", ""2025-01-28"", ""2025-01-29"", ""2025-01-30"", ""2025-01-31"", ""2025-02-01"", ""2025-02-02"", ""2025-02-03"", ""2025-02-04"", ""2025-02-05"", ""2025-02-06"", ""2025-02-07"", ""2025-02-08"", ""2025-02-09"", ""2025-02-10"", ""2025-02-11"", ""2025-02-12"", ""2025-02-13"", ""2025-02-14"", ""2025-02-15"", ""2025-02-16"", ""2025-02-17"", ""2025-02-18"", ""2025-02-19"", ""2025-02-20"", ""2025-02-21"", ""2025-02-22"", ""2025-02-23""]",2025-02-23,30
2025-02-25,2025-02-25T00:00,"[""2025-01-21"", ""2025-01-28"", ""2025-02-04"", ""2025-02-11"", ""2025-02-18""]","[""2025-02-18"", ""2025-02-19"", ""2025-02-20"", ""2025-02-21"", ""2025-02-22"", ""2025-02-23"", ""2025-02-24""]","[""2025-01-26"", ""2025-01-27"", ""2025-01-28"", ""2025-01-29"", ""2025-01-30"", ""2025-01-31"", ""2025-02-01"", ""2025-02-02"", ""2025-02-03"", ""2025-02-04"", ""2025-02-05"", ""2025-02-06"", ""2025-02-07"", ""2025-02-08"", ""2025-02-09"", ""2025-02-10"", ""2025-02-11"", ""2025-02-12"", ""2025-02-13"", ""2025-02-14"", ""2025-02-15"", ""2025-02-16"", ""2025-02-17"", ""2025-02-18"", ""2025-02-19"", ""2025-02-20"", ""2025-02-21"", ""2025-02-22"", ""2025-02-23"", ""2025-02-24""]",2025-02-24,30
2025-02-26,2025-02-26T00:00,"[""2025-01-22"", ""2025-01-29"", ""2025-02-05"", ""2025-02-12"", ""2025-02-19""]","[""2025-02-19"", ""2025-02-20"", ""2025-02-21"", ""2025-02-22"", ""2025-02-23"", ""2025-02-24"", ""2025-02-25""]","[""2025-01-27"", ""2025-01-28"", ""2025-01-29"", ""2025-01-30"", ""2025-01-31"", ""2025-02-01"", ""2025-02-02"", ""2025-02-03"", ""2025-02-04"", ""2025-02-05"", ""2025-02-06"", ""2025-02-07"", ""2025-02-08"", ""2025-02-09"", ""2025-02-10"", ""2025-02-11"", ""2025-02-12"", ""2025-02-13"", ""2025-02-14"", ""2025-02-15"", ""2025-02-16"", ""2025-02-17"", ""2025-02-18"", ""2025-02-19"", ""2025-02-20"", ""2025-02-21"", ""2025-02-22"", ""2025-02-23"", ""2025-02-24"", ""2025-02-25""]",2025-02-25,30
2025-02-27,2025-02-27T00:00,"[""2025-01-23"", ""2025-01-30"", ""2025-02-06"", ""2025-02-13"", ""2025-02-20""]","[""2025-02-20"", ""2025-02-21"", ""2025-02-22"", ""2025-02-23"", ""2025-02-24"", ""2025-02-25"", ""2025-02-26""]","[""2025-01-28"", ""2025-01-29"", ""2025-01-30"", ""2025-01-31"", ""2025-02-01"", ""2025-02-02"", ""2025-02-03"", ""2025-02-04"", ""2025-02-05"", ""2025-02-06"", ""2025-02-07"", ""2025-02-08"", ""2025-02-09"", ""2025-02-10"", ""2025-02-11"", ""2025-02-12"", ""2025-02-13"", ""2025-02-14"", ""2025-02-15"", ""2025-02-16"", ""2025-02-17"", ""2025-02-18"", ""2025-02-19"", ""2025-02-20"", ""2025-02-21"", ""2025-02-22"", ""2025-02-23"", ""2025-02-24"", ""2025-02-25"", ""2025-02-26""]",2025-02-26,30
2025-02-28,2025-02-28T00:00,"[""2025-01-24"", ""2025-01-31"", ""2025-02-07"", ""2025-02-14"", ""2025-02-21""]","[""2025-02-21"", ""2025-02-22"", ""2025-02-23"", ""2025-02-24"", ""2025-02-25"", ""2025-02-26"", ""2025-02-27""]","[""2025-01-29"", ""2025-01-30"", ""2025-01-31"", ""2025-02-01"", ""2025-02-02"", ""2025-02-03"", ""2025-02-04"", ""2025-02-05"", ""2025-02-06"", ""2025-02-07"", ""2025-02-08"", ""2025-02-09"", ""2025-02-10"", ""2025-02-11"", ""2025-02-12"", ""2025-02-13"", ""2025-02-14"", ""2025-02-15"", ""2025-02-16"", ""2025-02-17"", ""2025-02-18"", ""2025-02-19"", ""2025-02-20"", ""2025-02-21"", ""2025-02-22"", ""2025-02-23"", ""2025-02-24"", ""2025-02-25"", ""2025-02-26"", ""2025-02-27""]",2025-02-27,30
2025-03-01,2025-03-01T00:00,"[""2025-01-25"", ""2025-02-01"", ""2025-02-08"", ""2025-02-15"", ""2025-02-22""]","[""2025-02-22"", ""2025-02-23"", ""2025-02-24"", ""2025-02-25"", ""2025-02-26"", ""2025-02-27"", ""2025-02-28""]","[""2025-01-30"", ""2025-01-31"", ""2025-02-01"", ""2025-02-02"", ""2025-02-03"", ""2025-02-04"", ""2025-02-05"", ""2025-02-06"", ""2025-02-07"", ""2025-02-08"", ""2025-02-09"", ""2025-02-10"", ""2025-02-11"", ""2025-02-12"", ""2025-02-13"", ""2025-02-14"", ""2025-02-15"", ""2025-02-16"", ""2025-02-17"", ""2025-02-18"", ""2025-02-19"", ""2025-02-20"", ""2025-02-21"", ""2025-02-22"", ""2025-02-23"", ""2025-02-24"", ""2025-02-25"", ""2025-02-26"", ""2025-02-27"", ""2025-02-28""]",2025-02-28,30
2025-03-02,2025-03-02T00:00,"[""2025-01-26"", ""2025-02-02"", ""2025-02-09"", ""2025-02-16"", ""2025-02-23""]","[""2025-02-23"", ""2025-02-24"", ""2025-02-25"", ""2025-02-26"", ""2025-02-27"", ""2025-02-28"", ""2025-03-01""]","[""2025-01-31"", ""2025-02-01"", ""2025-02-02"", ""2025-02-03"", ""2025-02-04"", ""2025-02-05"", ""2025-02-06"", ""2025-02-07"", ""2025-02-08"", ""2025-02-09"", ""2025-02-10"", ""2025-02-11"", ""2025-02-12"", ""2025-02-13"", ""2025-02-14"", ""2025-02-15"", ""2025-02-16"", ""2025-02-17"", ""2025-02-18"", ""2025-02-19"", ""2025-02-20"", ""2025-02-21"", ""2025-02-22"", ""2025-02-23"", ""2025-02-24"", ""2025-02-25"", ""2025-02-26"", ""2025-02-27"", ""2025-02-28"", ""2025-03-01""]",2025-03-01,30
2025-03-03,2025-03-03T00:00,"[""2025-01-27"", ""2025-02-03"", ""2025-02-10"", ""2025-02-17"", ""2025-02-24""]","[""2025-02-24"", ""2025-02-25"", ""2025-02-26"", ""2025-02-27"", ""2025-02-28"", ""2025-03-01"", ""2025-03-02""]","[""2025-02-01"", ""2025-02-02"", ""2025-02-03"", ""2025-02-04"", ""2025-02-05"", ""2025-02-06"", ""2025-02-07"", ""2025-02-08"", ""2025-02-09"", ""2025-02-10"", ""2025-02-11"", ""2025-02-12"", ""2025-02-13"", ""2025-02-14"", ""2025-02-15"", ""2025-02-16"", ""2025-02-17"", ""2025-02-18"", ""2025-02-19"", ""2025-02-20"", ""2025-02-21"", ""2025-02-22"", ""2025-02-23"", ""2025-02-24"", ""2025-02-25"", ""2025-02-26"", ""2025-02-27"", ""2025-02-28"", ""2025-03-01"", ""2025-03-02""]",2025-03-02,30
2025-03-04,2025-03-04T00:00,"[""2025-01-28"", ""2025-02-04"", ""2025-02-11"", ""2025-02-18"", ""2025-02-25""]","[""2025-02-25"", ""2025-02-26"", ""2025-02-27"", ""2025-02-28"", ""2025-03-01"", ""2025-03-02"", ""2025-03-03""]","[""2025-02-02"", ""2025-02-03"", ""2025-02-04"", ""2025-02-05"", ""2025-02-06"", ""2025-02-07"", ""2025-02-08"", ""2025-02-09"", ""2025-02-10"", ""2025-02-11"", ""2025-02-12"", ""2025-02-13"", ""2025-02-14"", ""2025-02-15"", ""2025-02-16"", ""2025-02-17"", ""2025-02-18"", ""2025-02-19"", ""2025-02-20"", ""2025-02-21"", ""2025-02-22"", ""2025-02-23"", ""2025-02-24"", ""2025-02-25"", ""2025-02-26"", ""2025-02-27"", ""2025-02-28"", ""2025-03-01"", ""2025-03-02"", ""2025-03-03""]",2025-03-03,30
2025-03-05,2025-03-05T00:00,"[""2025-01-29"", ""2025-02-05"", ""2025-02-12"", ""2025-02-19"", ""2025-02-26""]","[""2025-02-26"", ""2025-02-27"", ""2025-02-28"", ""2025-03-01"", ""2025-03-02"", ""2025-03-03"", ""2025-03-04""]","[""2025-02-03"", ""2025-02-04"", ""2025-02-05"", ""2025-02-06"", ""2025-02-07"", ""2025-02-08"", ""2025-02-09"", ""2025-02-10"", ""2025-02-11"", ""2025-02-12"", ""2025-02-13"", ""2025-02-14"", ""2025-02-15"", ""2025-02-16"", ""2025-02-17"", ""2025-02-18"", ""2025-02-19"", ""2025-02-20"", ""2025-02-21"", ""2025-02-22"", ""2025-02-23"", ""2025-02-24"", ""2025-02-25"", ""2025-02-26"", ""2025-02-27"", ""2025-02-28"", ""2025-03-01"", ""2025-03-02"", ""2025-03-03"", ""2025-03-04""]",2025-03-04,30
2025-03-06,2025-03-06T00:00,"[""2025-01-30"", ""2025-02-06"", ""2025-02-13"", ""2025-02-20"", ""2025-02-27""]","[""2025-02-27"", ""2025-02-28"", ""2025-03-01"", ""2025-03-02"", ""2025-03-03"", ""2025-03-04"", ""2025-03-05""]","[""2025-02-04"", ""2025-02-05"", ""2025-02-06"", ""2025-02-07"", ""2025-02-08"", ""2025-02-09"", ""2025-02-10"", ""2025-02-11"", ""2025-02-12"", ""2025-02-13"", ""2025-02-14"", ""2025-02-15"", ""2025-02-16"", ""2025-02-17"", ""2025-02-18"", ""2025-02-19"", ""2025-02-20"", ""2025-02-21"", ""2025-02-22"", ""2025-02-23"", ""2025-02-24"", ""2025-02-25"", ""2025-02-26"", ""2025-02-27"", ""2025-02-28"", ""2025-03-01"", ""2025-03-02"", ""2025-03-03"", ""2025-03-04"", ""2025-03-05""]",2025-03-05,30
2025-03-07,2025-03-07T00:00,"[""2025-01-31"", ""2025-02-07"", ""2025-02-14"", ""2025-02-21"", ""2025-02-28""]","[""2025-02-28"", ""2025-03-01"", ""2025-03-02"", ""2025-03-03"", ""2025-03-04"", ""2025-03-05"", ""2025-03-06""]","[""2025-02-05"", ""2025-02-06"", ""2025-02-07"", ""2025-02-08"", ""2025-02-09"", ""2025-02-10"", ""2025-02-11"", ""2025-02-12"", ""2025-02-13"", ""2025-02-14"", ""2025-02-15"", ""2025-02-16"", ""2025-02-17"", ""2025-02-18"", ""2025-02-19"", ""2025-02-20"", ""2025-02-21"", ""2025-02-22"", ""2025-02-23"", ""2025-02-24"", ""2025-02-25"", ""2025-02-26"", ""2025-02-27"", ""2025-02-28"", ""2025-03-01"", ""2025-03-02"", ""2025-03-03"", ""2025-03-04"", ""2025-03-05"", ""2025-03-06""]",2025-03-06,30
2025-03-08,2025-03-08T00:00,"[""2025-02-01"", ""2025-02-08"", ""2025-02-15"", ""2025-02-22"", ""2025-03-01""]","[""2025-03-01"", ""2025-03-02"", ""2025-03-03"", ""2025-03-04"", ""2025-03-05"", ""2025-03-06"", ""2025-03-07""]","[""2025-02-06"", ""2025-02-07"", ""2025-02-08"", ""2025-02-09"", ""2025-02-10"", ""2025-02-11"", ""2025-02-12"", ""2025-02-13"", ""2025-02-14"", ""2025-02-15"", ""2025-02-16"", ""2025-02-17"", ""2025-02-18"", ""2025-02-19"", ""2025-02-20"", ""2025-02-21"", ""2025-02-22"", ""2025-02-23"", ""2025-02-24"", ""2025-02-25"", ""2025-02-26"", ""2025-02-27"", ""2025-02-28"", ""2025-03-01"", ""2025-03-02"", ""2025-03-03"", ""2025-03-04"", ""2025-03-05"", ""2025-03-06"", ""2025-03-07""]",2025-03-07,30
2025-03-09,2025-03-09T00:00,"[""2025-02-02"", ""2025-02-09"", ""2025-02-16"", ""2025-02-23"", ""2025-03-02""]","[""2025-03-02"", ""2025-03-03"", ""2025-03-04"", ""2025-03-05"", ""2025-03-06"", ""2025-03-07"", ""2025-03-08""]","[""2025-02-07"", ""2025-02-08"", ""2025-02-09"", ""2025-02-10"", ""2025-02-11"", ""2025-02-12"", ""2025-02-13"", ""2025-02-14"", ""2025-02-15"", ""2025-02-16"", ""2025-02-17"", ""2025-02-18"", ""2025-02-19"", ""2025-02-20"", ""2025-02-21"", ""2025-02-22"", ""2025-02-23"", ""2025-02-24"", ""2025-02-25"", ""2025-02-26"", ""2025-02-27"", ""2025-02-28"", ""2025-03-01"", ""2025-03-02"", ""2025-03-03"", ""2025-03-04"", ""2025-03-05"", ""2025-03-06"", ""2025-03-07"", ""2025-03-08""]",2025-03-08,30
2025-03-10,2025-03-10T00:00,"[""2025-02-03"", ""2025-02-10"", ""2025-02-17"", ""2025-02-24"", ""2025-03-03""]","[""2025-03-03"", ""2025-03-04"", ""2025-03-05"", ""2025-03-06"", ""2025-03-07"", ""2025-03-08"", ""2025-03-09""]","[""2025-02-08"", ""2025-02-09"", ""2025-02-10"", ""2025-02-11"", ""2025-02-12"", ""2025-02-13"", ""2025-02-14"", ""2025-02-15"", ""2025-02-16"", ""2025-02-17"", ""2025-02-18"", ""2025-02-19"", ""2025-02-20"", ""2025-02-21"", ""2025-02-22"", ""2025-02-23"", ""2025-02-24"", ""2025-02-25"", ""2025-02-26"", ""2025-02-27"", ""2025-02-28"", ""2025-03-01"", ""2025-03-02"", ""2025-03-03"", ""2025-03-04"", ""2025-03-05"", ""2025-03-06"", ""2025-03-07"", ""2025-03-08"", ""2025-03-09""]",2025-03-09,30
2025-03-11,2025-03-11T00:00,"[""2025-02-04"", ""2025-02-11"", ""2025-02-18"", ""2025-02-25"", ""2025-03-04""]","[""2025-03-04"", ""2025-03-05"", ""2025-03-06"", ""2025-03-07"", ""2025-03-08"", ""2025-03-09"", ""2025-03-10""]","[""2025-02-09"", ""2025-02-10"", ""2025-02-11"", ""2025-02-12"", ""2025-02-13"", ""2025-02-14"", ""2025-02-15"", ""2025-02-16"", ""2025-02-17"", ""2025-02-18"", ""2025-02-19"", ""2025-02-20"", ""2025-02-21"", ""2025-02-22"", ""2025-02-23"", ""2025-02-24"", ""2025-02-25"", ""2025-02-26"", ""2025-02-27"", ""2025-02-28"", ""2025-03-01"", ""2025-03-02"", ""2025-03-03"", ""2025-03-04"", ""2025-03-05"", ""2025-03-06"", ""2025-03-07"", ""2025-03-08"", ""2025-03-09"", ""2025-03-10""]",2025-03-10,30
2025-03-12,2025-03-12T00:00,"[""2025-02-05"", ""2025-02-12"", ""2025-02-19"", ""2025-02-26"", ""2025-03-05""]","[""2025-03-05"", ""2025-03-06"", ""2025-03-07"", ""2025-03-08"", ""2025-03-09"", ""2025-03-10"", ""2025-03-11""]","[""2025-02-10"", ""2025-02-11"", ""2025-02-12"", ""2025-02-13"", ""2025-02-14"", ""2025-02-15"", ""2025-02-16"", ""2025-02-17"", ""2025-02-18"", ""2025-02-19"", ""2025-02-20"", ""2025-02-21"", ""2025-02-22"", ""2025-02-23"", ""2025-02-24"", ""2025-02-25"", ""2025-02-26"", ""2025-02-27"", ""2025-02-28"", ""2025-03-01"", ""2025-03-02"", ""2025-03-03"", ""2025-03-04"", ""2025-03-05"", ""2025-03-06"", ""2025-03-07"", ""2025-03-08"", ""2025-03-09"", ""2025-03-10"", ""2025-03-11""]",2025-03-11,30
2025-03-13,2025-03-13T00:00,"[""2025-02-06"", ""2025-02-13"", ""2025-02-20"", ""2025-02-27"", ""2025-03-06""]","[""2025-03-06"", ""2025-03-07"", ""2025-03-08"", ""2025-03-09"", ""2025-03-10"", ""2025-03-11"", ""2025-03-12""]","[""2025-02-11"", ""2025-02-12"", ""2025-02-13"", ""2025-02-14"", ""2025-02-15"", ""2025-02-16"", ""2025-02-17"", ""2025-02-18"", ""2025-02-19"", ""2025-02-20"", ""2025-02-21"", ""2025-02-22"", ""2025-02-23"", ""2025-02-24"", ""2025-02-25"", ""2025-02-26"", ""2025-02-27"", ""2025-02-28"", ""2025-03-01"", ""2025-03-02"", ""2025-03-03"", ""2025-03-04"", ""2025-03-05"", ""2025-03-06"", ""2025-03-07"", ""2025-03-08"", ""2025-03-09"", ""2025-03-10"", ""2025-03-11"", ""2025-03-12""]",2025-03-12,30
2025-03-14,2025-03-14T00:00,"[""2025-02-07"", ""2025-02-14"", ""2025-02-21"", ""2025-02-28"", ""2025-03-07""]","[""2025-03-07"", ""2025-03-08"", ""2025-03-09"", ""2025-03-10"", ""2025-03-11"", ""2025-03-12"", ""2025-03-13""]","[""2025-02-12"", ""2025-02-13"", ""2025-02-14"", ""2025-02-15"", ""2025-02-16"", ""2025-02-17"", ""2025-02-18"", ""2025-02-19"", ""2025-02-20"", ""2025-02-21"", ""2025-02-22"", ""2025-02-23"", ""2025-02-24"", ""2025-02-25"", ""2025-02-26"", ""2025-02-27"", ""2025-02-28"", ""2025-03-01"", ""2025-03-02"", ""2025-03-03"", ""2025-03-04"", ""2025-03-05"", ""2025-03-06"", ""2025-03-07"", ""2025-03-08"", ""2025-03-09"", ""2025-03-10"", ""2025-03-11"", ""2025-03-12"", ""2025-03-13""]",2025-03-13,30
2025-03-15,2025-03-15T00:00,"[""2025-02-08"", ""2025-02-15"", ""2025-02-22"", ""2025-03-01"", ""2025-03-08""]","[""2025-03-08"", ""2025-03-09"", ""2025-03-10"", ""2025-03-11"", ""2025-03-12"", ""2025-03-13"", ""2025-03-14""]","[""2025-02-13"", ""2025-02-14"", ""2025-02-15"", ""2025-02-16"", ""2025-02-17"", ""2025-02-18"", ""2025-02-19"", ""2025-02-20"", ""2025-02-21"", ""2025-02-22"", ""2025-02-23"", ""2025-02-24"", ""2025-02-25"", ""2025-02-26"", ""2025-02-27"", ""2025-02-28"", ""2025-03-01"", ""2025-03-02"", ""2025-03-03"", ""2025-03-04"", ""2025-03-05"", ""2025-03-06"", ""2025-03-07"", ""2025-03-08"", ""2025-03-09"", ""2025-03-10"", ""2025-03-11"", ""2025-03-12"", ""2025-03-13"", ""2025-03-14""]",2025-03-14,30
2025-03-16,2025-03-16T00:00,"[""2025-02-09"", ""2025-02-16"", ""2025-02-23"", ""2025-03-02"", ""2025-03-09""]","[""2025-03-09"", ""2025-03-10"", ""2025-03-11"", ""2025-03-12"", ""2025-03-13"", ""2025-03-14"", ""2025-03-15""]","[""2025-02-14"", ""2025-02-15"", ""2025-02-16"", ""2025-02-17"", ""2025-02-18"", ""2025-02-19"", ""2025-02-20"", ""2025-02-21"", ""2025-02-22"", ""2025-02-23"", ""2025-02-24"", ""2025-02-25"", ""2025-02-26"", ""2025-02-27"", ""2025-02-28"", ""2025-03-01"", ""2025-03-02"", ""2025-03-03"", ""2025-03-04"", ""2025-03-05"", ""2025-03-06"", ""2025-03-07"", ""2025-03-08"", ""2025-03-09"", ""2025-03-10"", ""2025-03-11"", ""2025-03-12"", ""2025-03-13"", ""2025-03-14"", ""2025-03-15""]",2025-03-15,30
2025-03-17,2025-03-17T00:00,"[""2025-02-10"", ""2025-02-17"", ""2025-02-24"", ""2025-03-03"", ""2025-03-10""]","[""2025-03-10"", ""2025-03-11"", ""2025-03-12"", ""2025-03-13"", ""2025-03-14"", ""2025-03-15"", ""2025-03-16""]","[""2025-02-15"", ""2025-02-16"", ""2025-02-17"", ""2025-02-18"", ""2025-02-19"", ""2025-02-20"", ""2025-02-21"", ""2025-02-22"", ""2025-02-23"", ""2025-02-24"", ""2025-02-25"", ""2025-02-26"", ""2025-02-27"", ""2025-02-28"", ""2025-03-01"", ""2025-03-02"", ""2025-03-03"", ""2025-03-04"", ""2025-03-05"", ""2025-03-06"", ""2025-03-07"", ""2025-03-08"", ""2025-03-09"", ""2025-03-10"", ""2025-03-11"", ""2025-03-12"", ""2025-03-13"", ""2025-03-14"", ""2025-03-15"", ""2025-03-16""]",2025-03-16,30
2025-03-18,2025-03-18T00:00,"[""2025-02-11"", ""2025-02-18"", ""2025-02-25"", ""2025-03-04"", ""2025-03-11""]","[""2025-03-11"", ""2025-03-12"", ""2025-03-13"", ""2025-03-14"", ""2025-03-15"", ""2025-03-16"", ""2025-03-17""]","[""2025-02-16"", ""2025-02-17"", ""2025-02-18"", ""2025-02-19"", ""2025-02-20"", ""2025-02-21"", ""2025-02-22"", ""2025-02-23"", ""2025-02-24"", ""2025-02-25"", ""2025-02-26"", ""2025-02-27"", ""2025-02-28"", ""2025-03-01"", ""2025-03-02"", ""2025-03-03"", ""2025-03-04"", ""2025-03-05"", ""2025-03-06"", ""2025-03-07"", ""2025-03-08"", ""2025-03-09"", ""2025-03-10"", ""2025-03-11"", ""2025-03-12"", ""2025-03-13"", ""2025-03-14"", ""2025-03-15"", ""2025-03-16"", ""2025-03-17""]",2025-03-17,30
2025-03-19,2025-03-19T00:00,"[""2025-02-12"", ""2025-02-19"", ""2025-02-26"", ""2025-03-05"", ""2025-03-12""]","[""2025-03-12"", ""2025-03-13"", ""2025-03-14"", ""2025-03-15"", ""2025-03-16"", ""2025-03-17"", ""2025-03-18""]","[""2025-02-17"", ""2025-02-18"", ""2025-02-19"", ""2025-02-20"", ""2025-02-21"", ""2025-02-22"", ""2025-02-23"", ""2025-02-24"", ""2025-02-25"", ""2025-02-26"", ""2025-02-27"", ""2025-02-28"", ""2025-03-01"", ""2025-03-02"", ""2025-03-03"", ""2025-03-04"", ""2025-03-05"", ""2025-03-06"", ""2025-03-07"", ""2025-03-08"", ""2025-03-09"", ""2025-03-10"", ""2025-03-11"", ""2025-03-12"", ""2025-03-13"", ""2025-03-14"", ""2025-03-15"", ""2025-03-16"", ""2025-03-17"", ""2025-03-18""]",2025-03-18,30
2025-03-20,2025-03-20T00:00,"[""2025-02-13"", ""2025-02-20"", ""2025-02-27"", ""2025-03-06"", ""2025-03-13""]","[""2025-03-13"", ""2025-03-14"", ""2025-03-15"", ""2025-03-16"", ""2025-03-17"", ""2025-03-18"", ""2025-03-19""]","[""2025-02-18"", ""2025-02-19"", ""2025-02-20"", ""2025-02-21"", ""2025-02-22"", ""2025-02-23"", ""2025-02-24"", ""2025-02-25"", ""2025-02-26"", ""2025-02-27"", ""2025-02-28"", ""2025-03-01"", ""2025-03-02"", ""2025-03-03"", ""2025-03-04"", ""2025-03-05"", ""2025-03-06"", ""2025-03-07"", ""2025-03-08"", ""2025-03-09"", ""2025-03-10"", ""2025-03-11"", ""2025-03-12"", ""2025-03-13"", ""2025-03-14"", ""2025-03-15"", ""2025-03-16"", ""2025-03-17"", ""2025-03-18"", ""2025-03-19""]",2025-03-19,30
2025-03-21,2025-03-21T00:00,"[""2025-02-14"", ""2025-02-21"", ""2025-02-28"", ""2025-03-07"", ""2025-03-14""]","[""2025-03-14"", ""2025-03-15"", ""2025-03-16"", ""2025-03-17"", ""2025-03-18"", ""2025-03-19"", ""2025-03-20""]","[""2025-02-19"", ""2025-02-20"", ""2025-02-21"", ""2025-02-22"", ""2025-02-23"", ""2025-02-24"", ""2025-02-25"", ""2025-02-26"", ""2025-02-27"", ""2025-02-28"", ""2025-03-01"", ""2025-03-02"", ""2025-03-03"", ""2025-03-04"", ""2025-03-05"", ""2025-03-06"", ""2025-03-07"", ""2025-03-08"", ""2025-03-09"", ""2025-03-10"", ""2025-03-11"", ""2025-03-12"", ""2025-03-13"", ""2025-03-14"", ""2025-03-15"", ""2025-03-16"", ""2025-03-17"", ""2025-03-18"", ""2025-03-19"", ""2025-03-20""]",2025-03-20,30
2025-03-22,2025-03-22T00:00,"[""2025-02-15"", ""2025-02-22"", ""2025-03-01"", ""2025-03-08"", ""2025-03-15""]","[""2025-03-15"", ""2025-03-16"", ""2025-03-17"", ""2025-03-18"", ""2025-03-19"", ""2025-03-20"", ""2025-03-21""]","[""2025-02-20"", ""2025-02-21"", ""2025-02-22"", ""2025-02-23"", ""2025-02-24"", ""2025-02-25"", ""2025-02-26"", ""2025-02-27"", ""2025-02-28"", ""2025-03-01"", ""2025-03-02"", ""2025-03-03"", ""2025-03-04"", ""2025-03-05"", ""2025-03-06"", ""2025-03-07"", ""2025-03-08"", ""2025-03-09"", ""2025-03-10"", ""2025-03-11"", ""2025-03-12"", ""2025-03-13"", ""2025-03-14"", ""2025-03-15"", ""2025-03-16"", ""2025-03-17"", ""2025-03-18"", ""2025-03-19"", ""2025-03-20"", ""2025-03-21""]",2025-03-21,30
2025-03-23,2025-03-23T00:00,"[""2025-02-16"", ""2025-02-23"", ""2025-03-02"", ""2025-03-09"", ""2025-03-16""]","[""2025-03-16"", ""2025-03-17"", ""2025-03-18"", ""2025-03-19"", ""2025-03-20"", ""2025-03-21"", ""2025-03-22""]","[""2025-02-21"", ""2025-02-22"", ""2025-02-23"", ""2025-02-24"", ""2025-02-25"", ""2025-02-26"", ""2025-02-27"", ""2025-02-28"", ""2025-03-01"", ""2025-03-02"", ""2025-03-03"", ""2025-03-04"", ""2025-03-05"", ""2025-03-06"", ""2025-03-07"", ""2025-03-08"", ""2025-03-09"", ""2025-03-10"", ""2025-03-11"", ""2025-03-12"", ""2025-03-13"", ""2025-03-14"", ""2025-03-15"", ""2025-03-16"", ""2025-03-17"", ""2025-03-18"", ""2025-03-19"", ""2025-03-20"", ""2025-03-21"", ""2025-03-22""]",2025-03-22,30
2025-03-24,2025-03-24T00:00,"[""2025-02-17"", ""2025-02-24"", ""2025-03-03"", ""2025-03-10"", ""2025-03-17""]","[""2025-03-17"", ""2025-03-18"", ""2025-03-19"", ""2025-03-20"", ""2025-03-21"", ""2025-03-22"", ""2025-03-23""]","[""2025-02-22"", ""2025-02-23"", ""2025-02-24"", ""2025-02-25"", ""2025-02-26"", ""2025-02-27"", ""2025-02-28"", ""2025-03-01"", ""2025-03-02"", ""2025-03-03"", ""2025-03-04"", ""2025-03-05"", ""2025-03-06"", ""2025-03-07"", ""2025-03-08"", ""2025-03-09"", ""2025-03-10"", ""2025-03-11"", ""2025-03-12"", ""2025-03-13"", ""2025-03-14"", ""2025-03-15"", ""2025-03-16"", ""2025-03-17"", ""2025-03-18"", ""2025-03-19"", ""2025-03-20"", ""2025-03-21"", ""2025-03-22"", ""2025-03-23""]",2025-03-23,30
2025-03-25,2025-03-25T00:00,"[""2025-02-18"", ""2025-02-25"", ""2025-03-04"", ""2025-03-11"", ""2025-03-18""]","[""2025-03-18"", ""2025-03-19"", ""2025-03-20"", ""2025-03-21"", ""2025-03-22"", ""2025-03-23"", ""2025-03-24""]","[""2025-02-23"", ""2025-02-24"", ""2025-02-25"", ""2025-02-26"", ""2025-02-27"", ""2025-02-28"", ""2025-03-01"", ""2025-03-02"", ""2025-03-03"", ""2025-03-04"", ""2025-03-05"", ""2025-03-06"", ""2025-03-07"", ""2025-03-08"", ""2025-03-09"", ""2025-03-10"", ""2025-03-11"", ""2025-03-12"", ""2025-03-13"", ""2025-03-14"", ""2025-03-15"", ""2025-03-16"", ""2025-03-17"", ""2025-03-18"", ""2025-03-19"", ""2025-03-20"", ""2025-03-21"", ""2025-03-22"", ""2025-03-23"", ""2025-03-24""]",2025-03-24,30
2025-03-26,2025-03-26T00:00,"[""2025-02-19"", ""2025-02-26"", ""2025-03-05"", ""2025-03-12"", ""2025-03-19""]","[""2025-03-19"", ""2025-03-20"", ""2025-03-21"", ""2025-03-22"", ""2025-03-23"", ""2025-03-24"", ""2025-03-25""]","[""2025-02-24"", ""2025-02-25"", ""2025-02-26"", ""2025-02-27"", ""2025-02-28"", ""2025-03-01"", ""2025-03-02"", ""2025-03-03"", ""2025-03-04"", ""2025-03-05"", ""2025-03-06"", ""2025-03-07"", ""2025-03-08"", ""2025-03-09"", ""2025-03-10"", ""2025-03-11"", ""2025-03-12"", ""2025-03-13"", ""2025-03-14"", ""2025-03-15"", ""2025-03-16"", ""2025-03-17"", ""2025-03-18"", ""2025-03-19"", ""2025-03-20"", ""2025-03-21"", ""2025-03-22"", ""2025-03-23"", ""2025-03-24"", ""2025-03-25""]",2025-03-25,30
2025-03-27,2025-03-27T00:00,"[""2025-02-20"", ""2025-02-27"", ""2025-03-06"", ""2025-03-13"", ""2025-03-20""]","[""2025-03-20"", ""2025-03-21"", ""2025-03-22"", ""2025-03-23"", ""2025-03-24"", ""2025-03-25"", ""2025-03-26""]","[""2025-02-25"", ""2025-02-26"", ""2025-02-27"", ""2025-02-28"", ""2025-03-01"", ""2025-03-02"", ""2025-03-03"", ""2025-03-04"", ""2025-03-05"", ""2025-03-06"", ""2025-03-07"", ""2025-03-08"", ""2025-03-09"", ""2025-03-10"", ""2025-03-11"", ""2025-03-12"", ""2025-03-13"", ""2025-03-14"", ""2025-03-15"", ""2025-03-16"", ""2025-03-17"", ""2025-03-18"", ""2025-03-19"", ""2025-03-20"", ""2025-03-21"", ""2025-03-22"", ""2025-03-23"", ""2025-03-24"", ""2025-03-25"", ""2025-03-26""]",2025-03-26,30
2025-03-28,2025-03-28T00:00,"[""2025-02-21"", ""2025-02-28"", ""2025-03-07"", ""2025-03-14"", ""2025-03-21""]","[""2025-03-21"", ""2025-03-22"", ""2025-03-23"", ""2025-03-24"", ""2025-03-25"", ""2025-03-26"", ""2025-03-27""]","[""2025-02-26"", ""2025-02-27"", ""2025-02-28"", ""2025-03-01"", ""2025-03-02"", ""2025-03-03"", ""2025-03-04"", ""2025-03-05"", ""2025-03-06"", ""2025-03-07"", ""2025-03-08"", ""2025-03-09"", ""2025-03-10"", ""2025-03-11"", ""2025-03-12"", ""2025-03-13"", ""2025-03-14"", ""2025-03-15"", ""2025-03-16"", ""2025-03-17"", ""2025-03-18"", ""2025-03-19"", ""2025-03-20"", ""2025-03-21"", ""2025-03-22"", ""2025-03-23"", ""2025-03-24"", ""2025-03-25"", ""2025-03-26"", ""2025-03-27""]",2025-03-27,30
2025-03-29,2025-03-29T00:00,"[""2025-02-22"", ""2025-03-01"", ""2025-03-08"", ""2025-03-15"", ""2025-03-22""]","[""2025-03-22"", ""2025-03-23"", ""2025-03-24"", ""2025-03-25"", ""2025-03-26"", ""2025-03-27"", ""2025-03-28""]","[""2025-02-27"", ""2025-02-28"", ""2025-03-01"", ""2025-03-02"", ""2025-03-03"", ""2025-03-04"", ""2025-03-05"", ""2025-03-06"", ""2025-03-07"", ""2025-03-08"", ""2025-03-09"", ""2025-03-10"", ""2025-03-11"", ""2025-03-12"", ""2025-03-13"", ""2025-03-14"", ""2025-03-15"", ""2025-03-16"", ""2025-03-17"", ""2025-03-18"", ""2025-03-19"", ""2025-03-20"", ""2025-03-21"", ""2025-03-22"", ""2025-03-23"", ""2025-03-24"", ""2025-03-25"", ""2025-03-26"", ""2025-03-27"", ""2025-03-28""]",2025-03-28,30
2025-03-30,2025-03-30T00:00,"[""2025-02-23"", ""2025-03-02"", ""2025-03-09"", ""2025-03-16"", ""2025-03-23""]","[""2025-03-23"", ""2025-03-24"", ""2025-03-25"", ""2025-03-26"", ""2025-03-27"", ""2025-03-28"", ""2025-03-29""]","[""2025-02-28"", ""2025-03-01"", ""2025-03-02"", ""2025-03-03"", ""2025-03-04"", ""2025-03-05"", ""2025-03-06"", ""2025-03-07"", ""2025-03-08"", ""2025-03-09"", ""2025-03-10"", ""2025-03-11"", ""2025-03-12"", ""2025-03-13"", ""2025-03-14"", ""2025-03-15"", ""2025-03-16"", ""2025-03-17"", ""2025-03-18"", ""2025-03-19"", ""2025-03-20"", ""2025-03-21"", ""2025-03-22"", ""2025-03-23"", ""2025-03-24"", ""2025-03-25"", ""2025-03-26"", ""2025-03-27"", ""2025-03-28"", ""2025-03-29""]",2025-03-29,30
2025-03-31,2025-03-31T00:00,"[""2025-02-24"", ""2025-03-03"", ""2025-03-10"", ""2025-03-17"", ""2025-03-24""]","[""2025-03-24"", ""2025-03-25"", ""2025-03-26"", ""2025-03-27"", ""2025-03-28"", ""2025-03-29"", ""2025-03-30""]","[""2025-03-01"", ""2025-03-02"", ""2025-03-03"", ""2025-03-04"", ""2025-03-05"", ""2025-03-06"", ""2025-03-07"", ""2025-03-08"", ""2025-03-09"", ""2025-03-10"", ""2025-03-11"", ""2025-03-12"", ""2025-03-13"", ""2025-03-14"", ""2025-03-15"", ""2025-03-16"", ""2025-03-17"", ""2025-03-18"", ""2025-03-19"", ""2025-03-20"", ""2025-03-21"", ""2025-03-22"", ""2025-03-23"", ""2025-03-24"", ""2025-03-25"", ""2025-03-26"", ""2025-03-27"", ""2025-03-28"", ""2025-03-29"", ""2025-03-30""]",2025-03-30,30
2025-04-01,2025-04-01T00:00,"[""2025-02-25"", ""2025-03-04"", ""2025-03-11"", ""2025-03-18"", ""2025-03-25""]","[""2025-03-25"", ""2025-03-26"", ""2025-03-27"", ""2025-03-28"", ""2025-03-29"", ""2025-03-30"", ""2025-03-31""]","[""2025-03-02"", ""2025-03-03"", ""2025-03-04"", ""2025-03-05"", ""2025-03-06"", ""2025-03-07"", ""2025-03-08"", ""2025-03-09"", ""2025-03-10"", ""2025-03-11"", ""2025-03-12"", ""2025-03-13"", ""2025-03-14"", ""2025-03-15"", ""2025-03-16"", ""2025-03-17"", ""2025-03-18"", ""2025-03-19"", ""2025-03-20"", ""2025-03-21"", ""2025-03-22"", ""2025-03-23"", ""2025-03-24"", ""2025-03-25"", ""2025-03-26"", ""2025-03-27"", ""2025-03-28"", ""2025-03-29"", ""2025-03-30"", ""2025-03-31""]",2025-03-31,30
2025-04-02,2025-04-02T00:00,"[""2025-02-26"", ""2025-03-05"", ""2025-03-12"", ""2025-03-19"", ""2025-03-26""]","[""2025-03-26"", ""2025-03-27"", ""2025-03-28"", ""2025-03-29"", ""2025-03-30"", ""2025-03-31"", ""2025-04-01""]","[""2025-03-03"", ""2025-03-04"", ""2025-03-05"", ""2025-03-06"", ""2025-03-07"", ""2025-03-08"", ""2025-03-09"", ""2025-03-10"", ""2025-03-11"", ""2025-03-12"", ""2025-03-13"", ""2025-03-14"", ""2025-03-15"", ""2025-03-16"", ""2025-03-17"", ""2025-03-18"", ""2025-03-19"", ""2025-03-20"", ""2025-03-21"", ""2025-03-22"", ""2025-03-23"", ""2025-03-24"", ""2025-03-25"", ""2025-03-26"", ""2025-03-27"", ""2025-03-28"", ""2025-03-29"", ""2025-03-30"", ""2025-03-31"", ""2025-04-01""]",2025-04-01,30
2025-04-03,2025-04-03T00:00,"[""2025-02-27"", ""2025-03-06"", ""2025-03-13"", ""2025-03-20"", ""2025-03-27""]","[""2025-03-27"", ""2025-03-28"", ""2025-03-29"", ""2025-03-30"", ""2025-03-31"", ""2025-04-01"", ""2025-04-02""]","[""2025-03-04"", ""2025-03-05"", ""2025-03-06"", ""2025-03-07"", ""2025-03-08"", ""2025-03-09"", ""2025-03-10"", ""2025-03-11"", ""2025-03-12"", ""2025-03-13"", ""2025-03-14"", ""2025-03-15"", ""2025-03-16"", ""2025-03-17"", ""2025-03-18"", ""2025-03-19"", ""2025-03-20"", ""2025-03-21"", ""2025-03-22"", ""2025-03-23"", ""2025-03-24"", ""2025-03-25"", ""2025-03-26"", ""2025-03-27"", ""2025-03-28"", ""2025-03-29"", ""2025-03-30"", ""2025-03-31"", ""2025-04-01"", ""2025-04-02""]",2025-04-02,30
2025-04-04,2025-04-04T00:00,"[""2025-02-28"", ""2025-03-07"", ""2025-03-14"", ""2025-03-21"", ""2025-03-28""]","[""2025-03-28"", ""2025-03-29"", ""2025-03-30"", ""2025-03-31"", ""2025-04-01"", ""2025-04-02"", ""2025-04-03""]","[""2025-03-05"", ""2025-03-06"", ""2025-03-07"", ""2025-03-08"", ""2025-03-09"", ""2025-03-10"", ""2025-03-11"", ""2025-03-12"", ""2025-03-13"", ""2025-03-14"", ""2025-03-15"", ""2025-03-16"", ""2025-03-17"", ""2025-03-18"", ""2025-03-19"", ""2025-03-20"", ""2025-03-21"", ""2025-03-22"", ""2025-03-23"", ""2025-03-24"", ""2025-03-25"", ""2025-03-26"", ""2025-03-27"", ""2025-03-28"", ""2025-03-29"", ""2025-03-30"", ""2025-03-31"", ""2025-04-01"", ""2025-04-02"", ""2025-04-03""]",2025-04-03,30
2025-04-05,2025-04-05T00:00,"[""2025-03-01"", ""2025-03-08"", ""2025-03-15"", ""2025-03-22"", ""2025-03-29""]","[""2025-03-29"", ""2025-03-30"", ""2025-03-31"", ""2025-04-01"", ""2025-04-02"", ""2025-04-03"", ""2025-04-04""]","[""2025-03-06"", ""2025-03-07"", ""2025-03-08"", ""2025-03-09"", ""2025-03-10"", ""2025-03-11"", ""2025-03-12"", ""2025-03-13"", ""2025-03-14"", ""2025-03-15"", ""2025-03-16"", ""2025-03-17"", ""2025-03-18"", ""2025-03-19"", ""2025-03-20"", ""2025-03-21"", ""2025-03-22"", ""2025-03-23"", ""2025-03-24"", ""2025-03-25"", ""2025-03-26"", ""2025-03-27"", ""2025-03-28"", ""2025-03-29"", ""2025-03-30"", ""2025-03-31"", ""2025-04-01"", ""2025-04-02"", ""2025-04-03"", ""2025-04-04""]",2025-04-04,30
2025-04-06,2025-04-06T00:00,"[""2025-03-02"", ""2025-03-09"", ""2025-03-16"", ""2025-03-23"", ""2025-03-30""]","[""2025-03-30"", ""2025-03-31"", ""2025-04-01"", ""2025-04-02"", ""2025-04-03"", ""2025-04-04"", ""2025-04-05""]","[""2025-03-07"", ""2025-03-08"", ""2025-03-09"", ""2025-03-10"", ""2025-03-11"", ""2025-03-12"", ""2025-03-13"", ""2025-03-14"", ""2025-03-15"", ""2025-03-16"", ""2025-03-17"", ""2025-03-18"", ""2025-03-19"", ""2025-03-20"", ""2025-03-21"", ""2025-03-22"", ""2025-03-23"", ""2025-03-24"", ""2025-03-25"", ""2025-03-26"", ""2025-03-27"", ""2025-03-28"", ""2025-03-29"", ""2025-03-30"", ""2025-03-31"", ""2025-04-01"", ""2025-04-02"", ""2025-04-03"", ""2025-04-04"", ""2025-04-05""]",2025-04-05,30
2025-04-07,2025-04-07T00:00,"[""2025-03-03"", ""2025-03-10"", ""2025-03-17"", ""2025-03-24"", ""2025-03-31""]","[""2025-03-31"", ""2025-04-01"", ""2025-04-02"", ""2025-04-03"", ""2025-04-04"", ""2025-04-05"", ""2025-04-06""]","[""2025-03-08"", ""2025-03-09"", ""2025-03-10"", ""2025-03-11"", ""2025-03-12"", ""2025-03-13"", ""2025-03-14"", ""2025-03-15"", ""2025-03-16"", ""2025-03-17"", ""2025-03-18"", ""2025-03-19"", ""2025-03-20"", ""2025-03-21"", ""2025-03-22"", ""2025-03-23"", ""2025-03-24"", ""2025-03-25"", ""2025-03-26"", ""2025-03-27"", ""2025-03-28"", ""2025-03-29"", ""2025-03-30"", ""2025-03-31"", ""2025-04-01"", ""2025-04-02"", ""2025-04-03"", ""2025-04-04"", ""2025-04-05"", ""2025-04-06""]",2025-04-06,30
2025-04-08,2025-04-08T00:00,"[""2025-03-04"", ""2025-03-11"", ""2025-03-18"", ""2025-03-25"", ""2025-04-01""]","[""2025-04-01"", ""2025-04-02"", ""2025-04-03"", ""2025-04-04"", ""2025-04-05"", ""2025-04-06"", ""2025-04-07""]","[""2025-03-09"", ""2025-03-10"", ""2025-03-11"", ""2025-03-12"", ""2025-03-13"", ""2025-03-14"", ""2025-03-15"", ""2025-03-16"", ""2025-03-17"", ""2025-03-18"", ""2025-03-19"", ""2025-03-20"", ""2025-03-21"", ""2025-03-22"", ""2025-03-23"", ""2025-03-24"", ""2025-03-25"", ""2025-03-26"", ""2025-03-27"", ""2025-03-28"", ""2025-03-29"", ""2025-03-30"", ""2025-03-31"", ""2025-04-01"", ""2025-04-02"", ""2025-04-03"", ""2025-04-04"", ""2025-04-05"", ""2025-04-06"", ""2025-04-07""]",2025-04-07,30
2025-04-09,2025-04-09T00:00,"[""2025-03-05"", ""2025-03-12"", ""2025-03-19"", ""2025-03-26"", ""2025-04-02""]","[""2025-04-02"", ""2025-04-03"", ""2025-04-04"", ""2025-04-05"", ""2025-04-06"", ""2025-04-07"", ""2025-04-08""]","[""2025-03-10"", ""2025-03-11"", ""2025-03-12"", ""2025-03-13"", ""2025-03-14"", ""2025-03-15"", ""2025-03-16"", ""2025-03-17"", ""2025-03-18"", ""2025-03-19"", ""2025-03-20"", ""2025-03-21"", ""2025-03-22"", ""2025-03-23"", ""2025-03-24"", ""2025-03-25"", ""2025-03-26"", ""2025-03-27"", ""2025-03-28"", ""2025-03-29"", ""2025-03-30"", ""2025-03-31"", ""2025-04-01"", ""2025-04-02"", ""2025-04-03"", ""2025-04-04"", ""2025-04-05"", ""2025-04-06"", ""2025-04-07"", ""2025-04-08""]",2025-04-08,30
2025-04-10,2025-04-10T00:00,"[""2025-03-06"", ""2025-03-13"", ""2025-03-20"", ""2025-03-27"", ""2025-04-03""]","[""2025-04-03"", ""2025-04-04"", ""2025-04-05"", ""2025-04-06"", ""2025-04-07"", ""2025-04-08"", ""2025-04-09""]","[""2025-03-11"", ""2025-03-12"", ""2025-03-13"", ""2025-03-14"", ""2025-03-15"", ""2025-03-16"", ""2025-03-17"", ""2025-03-18"", ""2025-03-19"", ""2025-03-20"", ""2025-03-21"", ""2025-03-22"", ""2025-03-23"", ""2025-03-24"", ""2025-03-25"", ""2025-03-26"", ""2025-03-27"", ""2025-03-28"", ""2025-03-29"", ""2025-03-30"", ""2025-03-31"", ""2025-04-01"", ""2025-04-02"", ""2025-04-03"", ""2025-04-04"", ""2025-04-05"", ""2025-04-06"", ""2025-04-07"", ""2025-04-08"", ""2025-04-09""]",2025-04-09,30
2025-04-11,2025-04-11T00:00,"[""2025-03-07"", ""2025-03-14"", ""2025-03-21"", ""2025-03-28"", ""2025-04-04""]","[""2025-04-04"", ""2025-04-05"", ""2025-04-06"", ""2025-04-07"", ""2025-04-08"", ""2025-04-09"", ""2025-04-10""]","[""2025-03-12"", ""2025-03-13"", ""2025-03-14"", ""2025-03-15"", ""2025-03-16"", ""2025-03-17"", ""2025-03-18"", ""2025-03-19"", ""2025-03-20"", ""2025-03-21"", ""2025-03-22"", ""2025-03-23"", ""2025-03-24"", ""2025-03-25"", ""2025-03-26"", ""2025-03-27"", ""2025-03-28"", ""2025-03-29"", ""2025-03-30"", ""2025-03-31"", ""2025-04-01"", ""2025-04-02"", ""2025-04-03"", ""2025-04-04"", ""2025-04-05"", ""2025-04-06"", ""2025-04-07"", ""2025-04-08"", ""2025-04-09"", ""2025-04-10""]",2025-04-10,30
2025-04-12,2025-04-12T00:00,"[""2025-03-08"", ""2025-03-15"", ""2025-03-22"", ""2025-03-29"", ""2025-04-05""]","[""2025-04-05"", ""2025-04-06"", ""2025-04-07"", ""2025-04-08"", ""2025-04-09"", ""2025-04-10"", ""2025-04-11""]","[""2025-03-13"", ""2025-03-14"", ""2025-03-15"", ""2025-03-16"", ""2025-03-17"", ""2025-03-18"", ""2025-03-19"", ""2025-03-20"", ""2025-03-21"", ""2025-03-22"", ""2025-03-23"", ""2025-03-24"", ""2025-03-25"", ""2025-03-26"", ""2025-03-27"", ""2025-03-28"", ""2025-03-29"", ""2025-03-30"", ""2025-03-31"", ""2025-04-01"", ""2025-04-02"", ""2025-04-03"", ""2025-04-04"", ""2025-04-05"", ""2025-04-06"", ""2025-04-07"", ""2025-04-08"", ""2025-04-09"", ""2025-04-10"", ""2025-04-11""]",2025-04-11,30
2025-04-13,2025-04-13T00:00,"[""2025-03-09"", ""2025-03-16"", ""2025-03-23"", ""2025-03-30"", ""2025-04-06""]","[""2025-04-06"", ""2025-04-07"", ""2025-04-08"", ""2025-04-09"", ""2025-04-10"", ""2025-04-11"", ""2025-04-12""]","[""2025-03-14"", ""2025-03-15"", ""2025-03-16"", ""2025-03-17"", ""2025-03-18"", ""2025-03-19"", ""2025-03-20"", ""2025-03-21"", ""2025-03-22"", ""2025-03-23"", ""2025-03-24"", ""2025-03-25"", ""2025-03-26"", ""2025-03-27"", ""2025-03-28"", ""2025-03-29"", ""2025-03-30"", ""2025-03-31"", ""2025-04-01"", ""2025-04-02"", ""2025-04-03"", ""2025-04-04"", ""2025-04-05"", ""2025-04-06"", ""2025-04-07"", ""2025-04-08"", ""2025-04-09"", ""2025-04-10"", ""2025-04-11"", ""2025-04-12""]",2025-04-12,30
2025-04-14,2025-04-14T00:00,"[""2025-03-10"", ""2025-03-17"", ""2025-03-24"", ""2025-03-31"", ""2025-04-07""]","[""2025-04-07"", ""2025-04-08"", ""2025-04-09"", ""2025-04-10"", ""2025-04-11"", ""2025-04-12"", ""2025-04-13""]","[""2025-03-15"", ""2025-03-16"", ""2025-03-17"", ""2025-03-18"", ""2025-03-19"", ""2025-03-20"", ""2025-03-21"", ""2025-03-22"", ""2025-03-23"", ""2025-03-24"", ""2025-03-25"", ""2025-03-26"", ""2025-03-27"", ""2025-03-28"", ""2025-03-29"", ""2025-03-30"", ""2025-03-31"", ""2025-04-01"", ""2025-04-02"", ""2025-04-03"", ""2025-04-04"", ""2025-04-05"", ""2025-04-06"", ""2025-04-07"", ""2025-04-08"", ""2025-04-09"", ""2025-04-10"", ""2025-04-11"", ""2025-04-12"", ""2025-04-13""]",2025-04-13,30
2025-04-15,2025-04-15T00:00,"[""2025-03-11"", ""2025-03-18"", ""2025-03-25"", ""2025-04-01"", ""2025-04-08""]","[""2025-04-08"", ""2025-04-09"", ""2025-04-10"", ""2025-04-11"", ""2025-04-12"", ""2025-04-13"", ""2025-04-14""]","[""2025-03-16"", ""2025-03-17"", ""2025-03-18"", ""2025-03-19"", ""2025-03-20"", ""2025-03-21"", ""2025-03-22"", ""2025-03-23"", ""2025-03-24"", ""2025-03-25"", ""2025-03-26"", ""2025-03-27"", ""2025-03-28"", ""2025-03-29"", ""2025-03-30"", ""2025-03-31"", ""2025-04-01"", ""2025-04-02"", ""2025-04-03"", ""2025-04-04"", ""2025-04-05"", ""2025-04-06"", ""2025-04-07"", ""2025-04-08"", ""2025-04-09"", ""2025-04-10"", ""2025-04-11"", ""2025-04-12"", ""2025-04-13"", ""2025-04-14""]",2025-04-14,30
2025-04-16,2025-04-16T00:00,"[""2025-03-12"", ""2025-03-19"", ""2025-03-26"", ""2025-04-02"", ""2025-04-09""]","[""2025-04-09"", ""2025-04-10"", ""2025-04-11"", ""2025-04-12"", ""2025-04-13"", ""2025-04-14"", ""2025-04-15""]","[""2025-03-17"", ""2025-03-18"", ""2025-03-19"", ""2025-03-20"", ""2025-03-21"", ""2025-03-22"", ""2025-03-23"", ""2025-03-24"", ""2025-03-25"", ""2025-03-26"", ""2025-03-27"", ""2025-03-28"", ""2025-03-29"", ""2025-03-30"", ""2025-03-31"", ""2025-04-01"", ""2025-04-02"", ""2025-04-03"", ""2025-04-04"", ""2025-04-05"", ""2025-04-06"", ""2025-04-07"", ""2025-04-08"", ""2025-04-09"", ""2025-04-10"", ""2025-04-11"", ""2025-04-12"", ""2025-04-13"", ""2025-04-14"", ""2025-04-15""]",2025-04-15,30
2025-04-17,2025-04-17T00:00,"[""2025-03-13"", ""2025-03-20"", ""2025-03-27"", ""2025-04-03"", ""2025-04-10""]","[""2025-04-10"", ""2025-04-11"", ""2025-04-12"", ""2025-04-13"", ""2025-04-14"", ""2025-04-15"", ""2025-04-16""]","[""2025-03-18"", ""2025-03-19"", ""2025-03-20"", ""2025-03-21"", ""2025-03-22"", ""2025-03-23"", ""2025-03-24"", ""2025-03-25"", ""2025-03-26"", ""2025-03-27"", ""2025-03-28"", ""2025-03-29"", ""2025-03-30"", ""2025-03-31"", ""2025-04-01"", ""2025-04-02"", ""2025-04-03"", ""2025-04-04"", ""2025-04-05"", ""2025-04-06"", ""2025-04-07"", ""2025-04-08"", ""2025-04-09"", ""2025-04-10"", ""2025-04-11"", ""2025-04-12"", ""2025-04-13"", ""2025-04-14"", ""2025-04-15"", ""2025-04-16""]",2025-04-16,30
2025-04-18,2025-04-18T00:00,"[""2025-03-14"", ""2025-03-21"", ""2025-03-28"", ""2025-04-04"", ""2025-04-11""]","[""2025-04-11"", ""2025-04-12"", ""2025-04-13"", ""2025-04-14"", ""2025-04-15"", ""2025-04-16"", ""2025-04-17""]","[""2025-03-19"", ""2025-03-20"", ""2025-03-21"", ""2025-03-22"", ""2025-03-23"", ""2025-03-24"", ""2025-03-25"", ""2025-03-26"", ""2025-03-27"", ""2025-03-28"", ""2025-03-29"", ""2025-03-30"", ""2025-03-31"", ""2025-04-01"", ""2025-04-02"", ""2025-04-03"", ""2025-04-04"", ""2025-04-05"", ""2025-04-06"", ""2025-04-07"", ""2025-04-08"", ""2025-04-09"", ""2025-04-10"", ""2025-04-11"", ""2025-04-12"", ""2025-04-13"", ""2025-04-14"", ""2025-04-15"", ""2025-04-16"", ""2025-04-17""]",2025-04-17,30
2025-04-19,2025-04-19T00:00,"[""2025-03-15"", ""2025-03-22"", ""2025-03-29"", ""2025-04-05"", ""2025-04-12""]","[""2025-04-12"", ""2025-04-13"", ""2025-04-14"", ""2025-04-15"", ""2025-04-16"", ""2025-04-17"", ""2025-04-18""]","[""2025-03-20"", ""2025-03-21"", ""2025-03-22"", ""2025-03-23"", ""2025-03-24"", ""2025-03-25"", ""2025-03-26"", ""2025-03-27"", ""2025-03-28"", ""2025-03-29"", ""2025-03-30"", ""2025-03-31"", ""2025-04-01"", ""2025-04-02"", ""2025-04-03"", ""2025-04-04"", ""2025-04-05"", ""2025-04-06"", ""2025-04-07"", ""2025-04-08"", ""2025-04-09"", ""2025-04-10"", ""2025-04-11"", ""2025-04-12"", ""2025-04-13"", ""2025-04-14"", ""2025-04-15"", ""2025-04-16"", ""2025-04-17"", ""2025-04-18""]",2025-04-18,30
2025-04-20,2025-04-20T00:00,"[""2025-03-16"", ""2025-03-23"", ""2025-03-30"", ""2025-04-06"", ""2025-04-13""]","[""2025-04-13"", ""2025-04-14"", ""2025-04-15"", ""2025-04-16"", ""2025-04-17"", ""2025-04-18"", ""2025-04-19""]","[""2025-03-21"", ""2025-03-22"", ""2025-03-23"", ""2025-03-24"", ""2025-03-25"", ""2025-03-26"", ""2025-03-27"", ""2025-03-28"", ""2025-03-29"", ""2025-03-30"", ""2025-03-31"", ""2025-04-01"", ""2025-04-02"", ""2025-04-03"", ""2025-04-04"", ""2025-04-05"", ""2025-04-06"", ""2025-04-07"", ""2025-04-08"", ""2025-04-09"", ""2025-04-10"", ""2025-04-11"", ""2025-04-12"", ""2025-04-13"", ""2025-04-14"", ""2025-04-15"", ""2025-04-16"", ""2025-04-17"", ""2025-04-18"", ""2025-04-19""]",2025-04-19,30
2025-04-21,2025-04-21T00:00,"[""2025-03-17"", ""2025-03-24"", ""2025-03-31"", ""2025-04-07"", ""2025-04-14""]","[""2025-04-14"", ""2025-04-15"", ""2025-04-16"", ""2025-04-17"", ""2025-04-18"", ""2025-04-19"", ""2025-04-20""]","[""2025-03-22"", ""2025-03-23"", ""2025-03-24"", ""2025-03-25"", ""2025-03-26"", ""2025-03-27"", ""2025-03-28"", ""2025-03-29"", ""2025-03-30"", ""2025-03-31"", ""2025-04-01"", ""2025-04-02"", ""2025-04-03"", ""2025-04-04"", ""2025-04-05"", ""2025-04-06"", ""2025-04-07"", ""2025-04-08"", ""2025-04-09"", ""2025-04-10"", ""2025-04-11"", ""2025-04-12"", ""2025-04-13"", ""2025-04-14"", ""2025-04-15"", ""2025-04-16"", ""2025-04-17"", ""2025-04-18"", ""2025-04-19"", ""2025-04-20""]",2025-04-20,30
2025-04-22,2025-04-22T00:00,"[""2025-03-18"", ""2025-03-25"", ""2025-04-01"", ""2025-04-08"", ""2025-04-15""]","[""2025-04-15"", ""2025-04-16"", ""2025-04-17"", ""2025-04-18"", ""2025-04-19"", ""2025-04-20"", ""2025-04-21""]","[""2025-03-23"", ""2025-03-24"", ""2025-03-25"", ""2025-03-26"", ""2025-03-27"", ""2025-03-28"", ""2025-03-29"", ""2025-03-30"", ""2025-03-31"", ""2025-04-01"", ""2025-04-02"", ""2025-04-03"", ""2025-04-04"", ""2025-04-05"", ""2025-04-06"", ""2025-04-07"", ""2025-04-08"", ""2025-04-09"", ""2025-04-10"", ""2025-04-11"", ""2025-04-12"", ""2025-04-13"", ""2025-04-14"", ""2025-04-15"", ""2025-04-16"", ""2025-04-17"", ""2025-04-18"", ""2025-04-19"", ""2025-04-20"", ""2025-04-21""]",2025-04-21,30
2025-04-23,2025-04-23T00:00,"[""2025-03-19"", ""2025-03-26"", ""2025-04-02"", ""2025-04-09"", ""2025-04-16""]","[""2025-04-16"", ""2025-04-17"", ""2025-04-18"", ""2025-04-19"", ""2025-04-20"", ""2025-04-21"", ""2025-04-22""]","[""2025-03-24"", ""2025-03-25"", ""2025-03-26"", ""2025-03-27"", ""2025-03-28"", ""2025-03-29"", ""2025-03-30"", ""2025-03-31"", ""2025-04-01"", ""2025-04-02"", ""2025-04-03"", ""2025-04-04"", ""2025-04-05"", ""2025-04-06"", ""2025-04-07"", ""2025-04-08"", ""2025-04-09"", ""2025-04-10"", ""2025-04-11"", ""2025-04-12"", ""2025-04-13"", ""2025-04-14"", ""2025-04-15"", ""2025-04-16"", ""2025-04-17"", ""2025-04-18"", ""2025-04-19"", ""2025-04-20"", ""2025-04-21"", ""2025-04-22""]",2025-04-22,30
2025-04-24,2025-04-24T00:00,"[""2025-03-20"", ""2025-03-27"", ""2025-04-03"", ""2025-04-10"", ""2025-04-17""]","[""2025-04-17"", ""2025-04-18"", ""2025-04-19"", ""2025-04-20"", ""2025-04-21"", ""2025-04-22"", ""2025-04-23""]","[""2025-03-25"", ""2025-03-26"", ""2025-03-27"", ""2025-03-28"", ""2025-03-29"", ""2025-03-30"", ""2025-03-31"", ""2025-04-01"", ""2025-04-02"", ""2025-04-03"", ""2025-04-04"", ""2025-04-05"", ""2025-04-06"", ""2025-04-07"", ""2025-04-08"", ""2025-04-09"", ""2025-04-10"", ""2025-04-11"", ""2025-04-12"", ""2025-04-13"", ""2025-04-14"", ""2025-04-15"", ""2025-04-16"", ""2025-04-17"", ""2025-04-18"", ""2025-04-19"", ""2025-04-20"", ""2025-04-21"", ""2025-04-22"", ""2025-04-23""]",2025-04-23,30
2025-04-25,2025-04-25T00:00,"[""2025-03-21"", ""2025-03-28"", ""2025-04-04"", ""2025-04-11"", ""2025-04-18""]","[""2025-04-18"", ""2025-04-19"", ""2025-04-20"", ""2025-04-21"", ""2025-04-22"", ""2025-04-23"", ""2025-04-24""]","[""2025-03-26"", ""2025-03-27"", ""2025-03-28"", ""2025-03-29"", ""2025-03-30"", ""2025-03-31"", ""2025-04-01"", ""2025-04-02"", ""2025-04-03"", ""2025-04-04"", ""2025-04-05"", ""2025-04-06"", ""2025-04-07"", ""2025-04-08"", ""2025-04-09"", ""2025-04-10"", ""2025-04-11"", ""2025-04-12"", ""2025-04-13"", ""2025-04-14"", ""2025-04-15"", ""2025-04-16"", ""2025-04-17"", ""2025-04-18"", ""2025-04-19"", ""2025-04-20"", ""2025-04-21"", ""2025-04-22"", ""2025-04-23"", ""2025-04-24""]",2025-04-24,30
2025-04-26,2025-04-26T00:00,"[""2025-03-22"", ""2025-03-29"", ""2025-04-05"", ""2025-04-12"", ""2025-04-19""]","[""2025-04-19"", ""2025-04-20"", ""2025-04-21"", ""2025-04-22"", ""2025-04-23"", ""2025-04-24"", ""2025-04-25""]","[""2025-03-27"", ""2025-03-28"", ""2025-03-29"", ""2025-03-30"", ""2025-03-31"", ""2025-04-01"", ""2025-04-02"", ""2025-04-03"", ""2025-04-04"", ""2025-04-05"", ""2025-04-06"", ""2025-04-07"", ""2025-04-08"", ""2025-04-09"", ""2025-04-10"", ""2025-04-11"", ""2025-04-12"", ""2025-04-13"", ""2025-04-14"", ""2025-04-15"", ""2025-04-16"", ""2025-04-17"", ""2025-04-18"", ""2025-04-19"", ""2025-04-20"", ""2025-04-21"", ""2025-04-22"", ""2025-04-23"", ""2025-04-24"", ""2025-04-25""]",2025-04-25,30
2025-04-27,2025-04-27T00:00,"[""2025-03-23"", ""2025-03-30"", ""2025-04-06"", ""2025-04-13"", ""2025-04-20""]","[""2025-04-20"", ""2025-04-21"", ""2025-04-22"", ""2025-04-23"", ""2025-04-24"", ""2025-04-25"", ""2025-04-26""]","[""2025-03-28"", ""2025-03-29"", ""2025-03-30"", ""2025-03-31"", ""2025-04-01"", ""2025-04-02"", ""2025-04-03"", ""2025-04-04"", ""2025-04-05"", ""2025-04-06"", ""2025-04-07"", ""2025-04-08"", ""2025-04-09"", ""2025-04-10"", ""2025-04-11"", ""2025-04-12"", ""2025-04-13"", ""2025-04-14"", ""2025-04-15"", ""2025-04-16"", ""2025-04-17"", ""2025-04-18"", ""2025-04-19"", ""2025-04-20"", ""2025-04-21"", ""2025-04-22"", ""2025-04-23"", ""2025-04-24"", ""2025-04-25"", ""2025-04-26""]",2025-04-26,30
2025-04-28,2025-04-28T00:00,"[""2025-03-24"", ""2025-03-31"", ""2025-04-07"", ""2025-04-14"", ""2025-04-21""]","[""2025-04-21"", ""2025-04-22"", ""2025-04-23"", ""2025-04-24"", ""2025-04-25"", ""2025-04-26"", ""2025-04-27""]","[""2025-03-29"", ""2025-03-30"", ""2025-03-31"", ""2025-04-01"", ""2025-04-02"", ""2025-04-03"", ""2025-04-04"", ""2025-04-05"", ""2025-04-06"", ""2025-04-07"", ""2025-04-08"", ""2025-04-09"", ""2025-04-10"", ""2025-04-11"", ""2025-04-12"", ""2025-04-13"", ""2025-04-14"", ""2025-04-15"", ""2025-04-16"", ""2025-04-17"", ""2025-04-18"", ""2025-04-19"", ""2025-04-20"", ""2025-04-21"", ""2025-04-22"", ""2025-04-23"", ""2025-04-24"", ""2025-04-25"", ""2025-04-26"", ""2025-04-27""]",2025-04-27,30
2025-04-29,2025-04-29T00:00,"[""2025-03-25"", ""2025-04-01"", ""2025-04-08"", ""2025-04-15"", ""2025-04-22""]","[""2025-04-22"", ""2025-04-23"", ""2025-04-24"", ""2025-04-25"", ""2025-04-26"", ""2025-04-27"", ""2025-04-28""]","[""2025-03-30"", ""2025-03-31"", ""2025-04-01"", ""2025-04-02"", ""2025-04-03"", ""2025-04-04"", ""2025-04-05"", ""2025-04-06"", ""2025-04-07"", ""2025-04-08"", ""2025-04-09"", ""2025-04-10"", ""2025-04-11"", ""2025-04-12"", ""2025-04-13"", ""2025-04-14"", ""2025-04-15"", ""2025-04-16"", ""2025-04-17"", ""2025-04-18"", ""2025-04-19"", ""2025-04-20"", ""2025-04-21"", ""2025-04-22"", ""2025-04-23"", ""2025-04-24"", ""2025-04-25"", ""2025-04-26"", ""2025-04-27"", ""2025-04-28""]",2025-04-28,30
2025-04-30,2025-04-30T00:00,"[""2025-03-26"", ""2025-04-02"", ""2025-04-09"", ""2025-04-16"", ""2025-04-23""]","[""2025-04-23"", ""2025-04-24"", ""2025-04-25"", ""2025-04-26"", ""2025-04-27"", ""2025-04-28"", ""2025-04-29""]","[""2025-03-31"", ""2025-04-01"", ""2025-04-02"", ""2025-04-03"", ""2025-04-04"", ""2025-04-05"", ""2025-04-06"", ""2025-04-07"", ""2025-04-08"", ""2025-04-09"", ""2025-04-10"", ""2025-04-11"", ""2025-04-12"", ""2025-04-13"", ""2025-04-14"", ""2025-04-15"", ""2025-04-16"", ""2025-04-17"", ""2025-04-18"", ""2025-04-19"", ""2025-04-20"", ""2025-04-21"", ""2025-04-22"", ""2025-04-23"", ""2025-04-24"", ""2025-04-25"", ""2025-04-26"", ""2025-04-27"", ""2025-04-28"", ""2025-04-29""]",2025-04-29,30
2025-05-01,2025-05-01T00:00,"[""2025-03-27"", ""2025-04-03"", ""2025-04-10"", ""2025-04-17"", ""2025-04-24""]","[""2025-04-24"", ""2025-04-25"", ""2025-04-26"", ""2025-04-27"", ""2025-04-28"", ""2025-04-29"", ""2025-04-30""]","[""2025-04-01"", ""2025-04-02"", ""2025-04-03"", ""2025-04-04"", ""2025-04-05"", ""2025-04-06"", ""2025-04-07"", ""2025-04-08"", ""2025-04-09"", ""2025-04-10"", ""2025-04-11"", ""2025-04-12"", ""2025-04-13"", ""2025-04-14"", ""2025-04-15"", ""2025-04-16"", ""2025-04-17"", ""2025-04-18"", ""2025-04-19"", ""2025-04-20"", ""2025-04-21"", ""2025-04-22"", ""2025-04-23"", ""2025-04-24"", ""2025-04-25"", ""2025-04-26"", ""2025-04-27"", ""2025-04-28"", ""2025-04-29"", ""2025-04-30""]",2025-04-30,30
2025-05-02,2025-05-02T00:00,"[""2025-03-28"", ""2025-04-04"", ""2025-04-11"", ""2025-04-18"", ""2025-04-25""]","[""2025-04-25"", ""2025-04-26"", ""2025-04-27"", ""2025-04-28"", ""2025-04-29"", ""2025-04-30"", ""2025-05-01""]","[""2025-04-02"", ""2025-04-03"", ""2025-04-04"", ""2025-04-05"", ""2025-04-06"", ""2025-04-07"", ""2025-04-08"", ""2025-04-09"", ""2025-04-10"", ""2025-04-11"", ""2025-04-12"", ""2025-04-13"", ""2025-04-14"", ""2025-04-15"", ""2025-04-16"", ""2025-04-17"", ""2025-04-18"", ""2025-04-19"", ""2025-04-20"", ""2025-04-21"", ""2025-04-22"", ""2025-04-23"", ""2025-04-24"", ""2025-04-25"", ""2025-04-26"", ""2025-04-27"", ""2025-04-28"", ""2025-04-29"", ""2025-04-30"", ""2025-05-01""]",2025-05-01,30
2025-05-03,2025-05-03T00:00,"[""2025-03-29"", ""2025-04-05"", ""2025-04-12"", ""2025-04-19"", ""2025-04-26""]","[""2025-04-26"", ""2025-04-27"", ""2025-04-28"", ""2025-04-29"", ""2025-04-30"", ""2025-05-01"", ""2025-05-02""]","[""2025-04-03"", ""2025-04-04"", ""2025-04-05"", ""2025-04-06"", ""2025-04-07"", ""2025-04-08"", ""2025-04-09"", ""2025-04-10"", ""2025-04-11"", ""2025-04-12"", ""2025-04-13"", ""2025-04-14"", ""2025-04-15"", ""2025-04-16"", ""2025-04-17"", ""2025-04-18"", ""2025-04-19"", ""2025-04-20"", ""2025-04-21"", ""2025-04-22"", ""2025-04-23"", ""2025-04-24"", ""2025-04-25"", ""2025-04-26"", ""2025-04-27"", ""2025-04-28"", ""2025-04-29"", ""2025-04-30"", ""2025-05-01"", ""2025-05-02""]",2025-05-02,30
2025-05-04,2025-05-04T00:00,"[""2025-03-30"", ""2025-04-06"", ""2025-04-13"", ""2025-04-20"", ""2025-04-27""]","[""2025-04-27"", ""2025-04-28"", ""2025-04-29"", ""2025-04-30"", ""2025-05-01"", ""2025-05-02"", ""2025-05-03""]","[""2025-04-04"", ""2025-04-05"", ""2025-04-06"", ""2025-04-07"", ""2025-04-08"", ""2025-04-09"", ""2025-04-10"", ""2025-04-11"", ""2025-04-12"", ""2025-04-13"", ""2025-04-14"", ""2025-04-15"", ""2025-04-16"", ""2025-04-17"", ""2025-04-18"", ""2025-04-19"", ""2025-04-20"", ""2025-04-21"", ""2025-04-22"", ""2025-04-23"", ""2025-04-24"", ""2025-04-25"", ""2025-04-26"", ""2025-04-27"", ""2025-04-28"", ""2025-04-29"", ""2025-04-30"", ""2025-05-01"", ""2025-05-02"", ""2025-05-03""]",2025-05-03,30
2025-05-05,2025-05-05T00:00,"[""2025-03-31"", ""2025-04-07"", ""2025-04-14"", ""2025-04-21"", ""2025-04-28""]","[""2025-04-28"", ""2025-04-29"", ""2025-04-30"", ""2025-05-01"", ""2025-05-02"", ""2025-05-03"", ""2025-05-04""]","[""2025-04-05"", ""2025-04-06"", ""2025-04-07"", ""2025-04-08"", ""2025-04-09"", ""2025-04-10"", ""2025-04-11"", ""2025-04-12"", ""2025-04-13"", ""2025-04-14"", ""2025-04-15"", ""2025-04-16"", ""2025-04-17"", ""2025-04-18"", ""2025-04-19"", ""2025-04-20"", ""2025-04-21"", ""2025-04-22"", ""2025-04-23"", ""2025-04-24"", ""2025-04-25"", ""2025-04-26"", ""2025-04-27"", ""2025-04-28"", ""2025-04-29"", ""2025-04-30"", ""2025-05-01"", ""2025-05-02"", ""2025-05-03"", ""2025-05-04""]",2025-05-04,30
2025-05-06,2025-05-06T00:00,"[""2025-04-01"", ""2025-04-08"", ""2025-04-15"", ""2025-04-22"", ""2025-04-29""]","[""2025-04-29"", ""2025-04-30"", ""2025-05-01"", ""2025-05-02"", ""2025-05-03"", ""2025-05-04"", ""2025-05-05""]","[""2025-04-06"", ""2025-04-07"", ""2025-04-08"", ""2025-04-09"", ""2025-04-10"", ""2025-04-11"", ""2025-04-12"", ""2025-04-13"", ""2025-04-14"", ""2025-04-15"", ""2025-04-16"", ""2025-04-17"", ""2025-04-18"", ""2025-04-19"", ""2025-04-20"", ""2025-04-21"", ""2025-04-22"", ""2025-04-23"", ""2025-04-24"", ""2025-04-25"", ""2025-04-26"", ""2025-04-27"", ""2025-04-28"", ""2025-04-29"", ""2025-04-30"", ""2025-05-01"", ""2025-05-02"", ""2025-05-03"", ""2025-05-04"", ""2025-05-05""]",2025-05-05,30
2025-05-07,2025-05-07T00:00,"[""2025-04-02"", ""2025-04-09"", ""2025-04-16"", ""2025-04-23"", ""2025-04-30""]","[""2025-04-30"", ""2025-05-01"", ""2025-05-02"", ""2025-05-03"", ""2025-05-04"", ""2025-05-05"", ""2025-05-06""]","[""2025-04-07"", ""2025-04-08"", ""2025-04-09"", ""2025-04-10"", ""2025-04-11"", ""2025-04-12"", ""2025-04-13"", ""2025-04-14"", ""2025-04-15"", ""2025-04-16"", ""2025-04-17"", ""2025-04-18"", ""2025-04-19"", ""2025-04-20"", ""2025-04-21"", ""2025-04-22"", ""2025-04-23"", ""2025-04-24"", ""2025-04-25"", ""2025-04-26"", ""2025-04-27"", ""2025-04-28"", ""2025-04-29"", ""2025-04-30"", ""2025-05-01"", ""2025-05-02"", ""2025-05-03"", ""2025-05-04"", ""2025-05-05"", ""2025-05-06""]",2025-05-06,30
2025-05-08,2025-05-08T00:00,"[""2025-04-03"", ""2025-04-10"", ""2025-04-17"", ""2025-04-24"", ""2025-05-01""]","[""2025-05-01"", ""2025-05-02"", ""2025-05-03"", ""2025-05-04"", ""2025-05-05"", ""2025-05-06"", ""2025-05-07""]","[""2025-04-08"", ""2025-04-09"", ""2025-04-10"", ""2025-04-11"", ""2025-04-12"", ""2025-04-13"", ""2025-04-14"", ""2025-04-15"", ""2025-04-16"", ""2025-04-17"", ""2025-04-18"", ""2025-04-19"", ""2025-04-20"", ""2025-04-21"", ""2025-04-22"", ""2025-04-23"", ""2025-04-24"", ""2025-04-25"", ""2025-04-26"", ""2025-04-27"", ""2025-04-28"", ""2025-04-29"", ""2025-04-30"", ""2025-05-01"", ""2025-05-02"", ""2025-05-03"", ""2025-05-04"", ""2025-05-05"", ""2025-05-06"", ""2025-05-07""]",2025-05-07,30
2025-05-09,2025-05-09T00:00,"[""2025-04-04"", ""2025-04-11"", ""2025-04-18"", ""2025-04-25"", ""2025-05-02""]","[""2025-05-02"", ""2025-05-03"", ""2025-05-04"", ""2025-05-05"", ""2025-05-06"", ""2025-05-07"", ""2025-05-08""]","[""2025-04-09"", ""2025-04-10"", ""2025-04-11"", ""2025-04-12"", ""2025-04-13"", ""2025-04-14"", ""2025-04-15"", ""2025-04-16"", ""2025-04-17"", ""2025-04-18"", ""2025-04-19"", ""2025-04-20"", ""2025-04-21"", ""2025-04-22"", ""2025-04-23"", ""2025-04-24"", ""2025-04-25"", ""2025-04-26"", ""2025-04-27"", ""2025-04-28"", ""2025-04-29"", ""2025-04-30"", ""2025-05-01"", ""2025-05-02"", ""2025-05-03"", ""2025-05-04"", ""2025-05-05"", ""2025-05-06"", ""2025-05-07"", ""2025-05-08""]",2025-05-08,30
2025-05-10,2025-05-10T00:00,"[""2025-04-05"", ""2025-04-12"", ""2025-04-19"", ""2025-04-26"", ""2025-05-03""]","[""2025-05-03"", ""2025-05-04"", ""2025-05-05"", ""2025-05-06"", ""2025-05-07"", ""2025-05-08"", ""2025-05-09""]","[""2025-04-10"", ""2025-04-11"", ""2025-04-12"", ""2025-04-13"", ""2025-04-14"", ""2025-04-15"", ""2025-04-16"", ""2025-04-17"", ""2025-04-18"", ""2025-04-19"", ""2025-04-20"", ""2025-04-21"", ""2025-04-22"", ""2025-04-23"", ""2025-04-24"", ""2025-04-25"", ""2025-04-26"", ""2025-04-27"", ""2025-04-28"", ""2025-04-29"", ""2025-04-30"", ""2025-05-01"", ""2025-05-02"", ""2025-05-03"", ""2025-05-04"", ""2025-05-05"", ""2025-05-06"", ""2025-05-07"", ""2025-05-08"", ""2025-05-09""]",2025-05-09,30
2025-05-11,2025-05-11T00:00,"[""2025-04-06"", ""2025-04-13"", ""2025-04-20"", ""2025-04-27"", ""2025-05-04""]","[""2025-05-04"", ""2025-05-05"", ""2025-05-06"", ""2025-05-07"", ""2025-05-08"", ""2025-05-09"", ""2025-05-10""]","[""2025-04-11"", ""2025-04-12"", ""2025-04-13"", ""2025-04-14"", ""2025-04-15"", ""2025-04-16"", ""2025-04-17"", ""2025-04-18"", ""2025-04-19"", ""2025-04-20"", ""2025-04-21"", ""2025-04-22"", ""2025-04-23"", ""2025-04-24"", ""2025-04-25"", ""2025-04-26"", ""2025-04-27"", ""2025-04-28"", ""2025-04-29"", ""2025-04-30"", ""2025-05-01"", ""2025-05-02"", ""2025-05-03"", ""2025-05-04"", ""2025-05-05"", ""2025-05-06"", ""2025-05-07"", ""2025-05-08"", ""2025-05-09"", ""2025-05-10""]",2025-05-10,30
2025-05-12,2025-05-12T00:00,"[""2025-04-07"", ""2025-04-14"", ""2025-04-21"", ""2025-04-28"", ""2025-05-05""]","[""2025-05-05"", ""2025-05-06"", ""2025-05-07"", ""2025-05-08"", ""2025-05-09"", ""2025-05-10"", ""2025-05-11""]","[""2025-04-12"", ""2025-04-13"", ""2025-04-14"", ""2025-04-15"", ""2025-04-16"", ""2025-04-17"", ""2025-04-18"", ""2025-04-19"", ""2025-04-20"", ""2025-04-21"", ""2025-04-22"", ""2025-04-23"", ""2025-04-24"", ""2025-04-25"", ""2025-04-26"", ""2025-04-27"", ""2025-04-28"", ""2025-04-29"", ""2025-04-30"", ""2025-05-01"", ""2025-05-02"", ""2025-05-03"", ""2025-05-04"", ""2025-05-05"", ""2025-05-06"", ""2025-05-07"", ""2025-05-08"", ""2025-05-09"", ""2025-05-10"", ""2025-05-11""]",2025-05-11,30
2025-05-13,2025-05-13T00:00,"[""2025-04-08"", ""2025-04-15"", ""2025-04-22"", ""2025-04-29"", ""2025-05-06""]","[""2025-05-06"", ""2025-05-07"", ""2025-05-08"", ""2025-05-09"", ""2025-05-10"", ""2025-05-11"", ""2025-05-12""]","[""2025-04-13"", ""2025-04-14"", ""2025-04-15"", ""2025-04-16"", ""2025-04-17"", ""2025-04-18"", ""2025-04-19"", ""2025-04-20"", ""2025-04-21"", ""2025-04-22"", ""2025-04-23"", ""2025-04-24"", ""2025-04-25"", ""2025-04-26"", ""2025-04-27"", ""2025-04-28"", ""2025-04-29"", ""2025-04-30"", ""2025-05-01"", ""2025-05-02"", ""2025-05-03"", ""2025-05-04"", ""2025-05-05"", ""2025-05-06"", ""2025-05-07"", ""2025-05-08"", ""2025-05-09"", ""2025-05-10"", ""2025-05-11"", ""2025-05-12""]",2025-05-12,30
2025-05-14,2025-05-14T00:00,"[""2025-04-09"", ""2025-04-16"", ""2025-04-23"", ""2025-04-30"", ""2025-05-07""]","[""2025-05-07"", ""2025-05-08"", ""2025-05-09"", ""2025-05-10"", ""2025-05-11"", ""2025-05-12"", ""2025-05-13""]","[""2025-04-14"", ""2025-04-15"", ""2025-04-16"", ""2025-04-17"", ""2025-04-18"", ""2025-04-19"", ""2025-04-20"", ""2025-04-21"", ""2025-04-22"", ""2025-04-23"", ""2025-04-24"", ""2025-04-25"", ""2025-04-26"", ""2025-04-27"", ""2025-04-28"", ""2025-04-29"", ""2025-04-30"", ""2025-05-01"", ""2025-05-02"", ""2025-05-03"", ""2025-05-04"", ""2025-05-05"", ""2025-05-06"", ""2025-05-07"", ""2025-05-08"", ""2025-05-09"", ""2025-05-10"", ""2025-05-11"", ""2025-05-12"", ""2025-05-13""]",2025-05-13,30
2025-05-15,2025-05-15T00:00,"[""2025-04-10"", ""2025-04-17"", ""2025-04-24"", ""2025-05-01"", ""2025-05-08""]","[""2025-05-08"", ""2025-05-09"", ""2025-05-10"", ""2025-05-11"", ""2025-05-12"", ""2025-05-13"", ""2025-05-14""]","[""2025-04-15"", ""2025-04-16"", ""2025-04-17"", ""2025-04-18"", ""2025-04-19"", ""2025-04-20"", ""2025-04-21"", ""2025-04-22"", ""2025-04-23"", ""2025-04-24"", ""2025-04-25"", ""2025-04-26"", ""2025-04-27"", ""2025-04-28"", ""2025-04-29"", ""2025-04-30"", ""2025-05-01"", ""2025-05-02"", ""2025-05-03"", ""2025-05-04"", ""2025-05-05"", ""2025-05-06"", ""2025-05-07"", ""2025-05-08"", ""2025-05-09"", ""2025-05-10"", ""2025-05-11"", ""2025-05-12"", ""2025-05-13"", ""2025-05-14""]",2025-05-14,30
2025-05-16,2025-05-16T00:00,"[""2025-04-11"", ""2025-04-18"", ""2025-04-25"", ""2025-05-02"", ""2025-05-09""]","[""2025-05-09"", ""2025-05-10"", ""2025-05-11"", ""2025-05-12"", ""2025-05-13"", ""2025-05-14"", ""2025-05-15""]","[""2025-04-16"", ""2025-04-17"", ""2025-04-18"", ""2025-04-19"", ""2025-04-20"", ""2025-04-21"", ""2025-04-22"", ""2025-04-23"", ""2025-04-24"", ""2025-04-25"", ""2025-04-26"", ""2025-04-27"", ""2025-04-28"", ""2025-04-29"", ""2025-04-30"", ""2025-05-01"", ""2025-05-02"", ""2025-05-03"", ""2025-05-04"", ""2025-05-05"", ""2025-05-06"", ""2025-05-07"", ""2025-05-08"", ""2025-05-09"", ""2025-05-10"", ""2025-05-11"", ""2025-05-12"", ""2025-05-13"", ""2025-05-14"", ""2025-05-15""]",2025-05-15,30
2025-05-17,2025-05-17T00:00,"[""2025-04-12"", ""2025-04-19"", ""2025-04-26"", ""2025-05-03"", ""2025-05-10""]","[""2025-05-10"", ""2025-05-11"", ""2025-05-12"", ""2025-05-13"", ""2025-05-14"", ""2025-05-15"", ""2025-05-16""]","[""2025-04-17"", ""2025-04-18"", ""2025-04-19"", ""2025-04-20"", ""2025-04-21"", ""2025-04-22"", ""2025-04-23"", ""2025-04-24"", ""2025-04-25"", ""2025-04-26"", ""2025-04-27"", ""2025-04-28"", ""2025-04-29"", ""2025-04-30"", ""2025-05-01"", ""2025-05-02"", ""2025-05-03"", ""2025-05-04"", ""2025-05-05"", ""2025-05-06"", ""2025-05-07"", ""2025-05-08"", ""2025-05-09"", ""2025-05-10"", ""2025-05-11"", ""2025-05-12"", ""2025-05-13"", ""2025-05-14"", ""2025-05-15"", ""2025-05-16""]",2025-05-16,30
2025-05-18,2025-05-18T00:00,"[""2025-04-13"", ""2025-04-20"", ""2025-04-27"", ""2025-05-04"", ""2025-05-11""]","[""2025-05-11"", ""2025-05-12"", ""2025-05-13"", ""2025-05-14"", ""2025-05-15"", ""2025-05-16"", ""2025-05-17""]","[""2025-04-18"", ""2025-04-19"", ""2025-04-20"", ""2025-04-21"", ""2025-04-22"", ""2025-04-23"", ""2025-04-24"", ""2025-04-25"", ""2025-04-26"", ""2025-04-27"", ""2025-04-28"", ""2025-04-29"", ""2025-04-30"", ""2025-05-01"", ""2025-05-02"", ""2025-05-03"", ""2025-05-04"", ""2025-05-05"", ""2025-05-06"", ""2025-05-07"", ""2025-05-08"", ""2025-05-09"", ""2025-05-10"", ""2025-05-11"", ""2025-05-12"", ""2025-05-13"", ""2025-05-14"", ""2025-05-15"", ""2025-05-16"", ""2025-05-17""]",2025-05-17,30
2025-05-19,2025-05-19T00:00,"[""2025-04-14"", ""2025-04-21"", ""2025-04-28"", ""2025-05-05"", ""2025-05-12""]","[""2025-05-12"", ""2025-05-13"", ""2025-05-14"", ""2025-05-15"", ""2025-05-16"", ""2025-05-17"", ""2025-05-18""]","[""2025-04-19"", ""2025-04-20"", ""2025-04-21"", ""2025-04-22"", ""2025-04-23"", ""2025-04-24"", ""2025-04-25"", ""2025-04-26"", ""2025-04-27"", ""2025-04-28"", ""2025-04-29"", ""2025-04-30"", ""2025-05-01"", ""2025-05-02"", ""2025-05-03"", ""2025-05-04"", ""2025-05-05"", ""2025-05-06"", ""2025-05-07"", ""2025-05-08"", ""2025-05-09"", ""2025-05-10"", ""2025-05-11"", ""2025-05-12"", ""2025-05-13"", ""2025-05-14"", ""2025-05-15"", ""2025-05-16"", ""2025-05-17"", ""2025-05-18""]",2025-05-18,30
2025-05-20,2025-05-20T00:00,"[""2025-04-15"", ""2025-04-22"", ""2025-04-29"", ""2025-05-06"", ""2025-05-13""]","[""2025-05-13"", ""2025-05-14"", ""2025-05-15"", ""2025-05-16"", ""2025-05-17"", ""2025-05-18"", ""2025-05-19""]","[""2025-04-20"", ""2025-04-21"", ""2025-04-22"", ""2025-04-23"", ""2025-04-24"", ""2025-04-25"", ""2025-04-26"", ""2025-04-27"", ""2025-04-28"", ""2025-04-29"", ""2025-04-30"", ""2025-05-01"", ""2025-05-02"", ""2025-05-03"", ""2025-05-04"", ""2025-05-05"", ""2025-05-06"", ""2025-05-07"", ""2025-05-08"", ""2025-05-09"", ""2025-05-10"", ""2025-05-11"", ""2025-05-12"", ""2025-05-13"", ""2025-05-14"", ""2025-05-15"", ""2025-05-16"", ""2025-05-17"", ""2025-05-18"", ""2025-05-19""]",2025-05-19,30
2025-05-21,2025-05-21T00:00,"[""2025-04-16"", ""2025-04-23"", ""2025-04-30"", ""2025-05-07"", ""2025-05-14""]","[""2025-05-14"", ""2025-05-15"", ""2025-05-16"", ""2025-05-17"", ""2025-05-18"", ""2025-05-19"", ""2025-05-20""]","[""2025-04-21"", ""2025-04-22"", ""2025-04-23"", ""2025-04-24"", ""2025-04-25"", ""2025-04-26"", ""2025-04-27"", ""2025-04-28"", ""2025-04-29"", ""2025-04-30"", ""2025-05-01"", ""2025-05-02"", ""2025-05-03"", ""2025-05-04"", ""2025-05-05"", ""2025-05-06"", ""2025-05-07"", ""2025-05-08"", ""2025-05-09"", ""2025-05-10"", ""2025-05-11"", ""2025-05-12"", ""2025-05-13"", ""2025-05-14"", ""2025-05-15"", ""2025-05-16"", ""2025-05-17"", ""2025-05-18"", ""2025-05-19"", ""2025-05-20""]",2025-05-20,30
2025-05-22,2025-05-22T00:00,"[""2025-04-17"", ""2025-04-24"", ""2025-05-01"", ""2025-05-08"", ""2025-05-15""]","[""2025-05-15"", ""2025-05-16"", ""2025-05-17"", ""2025-05-18"", ""2025-05-19"", ""2025-05-20"", ""2025-05-21""]","[""2025-04-22"", ""2025-04-23"", ""2025-04-24"", ""2025-04-25"", ""2025-04-26"", ""2025-04-27"", ""2025-04-28"", ""2025-04-29"", ""2025-04-30"", ""2025-05-01"", ""2025-05-02"", ""2025-05-03"", ""2025-05-04"", ""2025-05-05"", ""2025-05-06"", ""2025-05-07"", ""2025-05-08"", ""2025-05-09"", ""2025-05-10"", ""2025-05-11"", ""2025-05-12"", ""2025-05-13"", ""2025-05-14"", ""2025-05-15"", ""2025-05-16"", ""2025-05-17"", ""2025-05-18"", ""2025-05-19"", ""2025-05-20"", ""2025-05-21""]",2025-05-21,30
2025-05-23,2025-05-23T00:00,"[""2025-04-18"", ""2025-04-25"", ""2025-05-02"", ""2025-05-09"", ""2025-05-16""]","[""2025-05-16"", ""2025-05-17"", ""2025-05-18"", ""2025-05-19"", ""2025-05-20"", ""2025-05-21"", ""2025-05-22""]","[""2025-04-23"", ""2025-04-24"", ""2025-04-25"", ""2025-04-26"", ""2025-04-27"", ""2025-04-28"", ""2025-04-29"", ""2025-04-30"", ""2025-05-01"", ""2025-05-02"", ""2025-05-03"", ""2025-05-04"", ""2025-05-05"", ""2025-05-06"", ""2025-05-07"", ""2025-05-08"", ""2025-05-09"", ""2025-05-10"", ""2025-05-11"", ""2025-05-12"", ""2025-05-13"", ""2025-05-14"", ""2025-05-15"", ""2025-05-16"", ""2025-05-17"", ""2025-05-18"", ""2025-05-19"", ""2025-05-20"", ""2025-05-21"", ""2025-05-22""]",2025-05-22,30
2025-05-24,2025-05-24T00:00,"[""2025-04-19"", ""2025-04-26"", ""2025-05-03"", ""2025-05-10"", ""2025-05-17""]","[""2025-05-17"", ""2025-05-18"", ""2025-05-19"", ""2025-05-20"", ""2025-05-21"", ""2025-05-22"", ""2025-05-23""]","[""2025-04-24"", ""2025-04-25"", ""2025-04-26"", ""2025-04-27"", ""2025-04-28"", ""2025-04-29"", ""2025-04-30"", ""2025-05-01"", ""2025-05-02"", ""2025-05-03"", ""2025-05-04"", ""2025-05-05"", ""2025-05-06"", ""2025-05-07"", ""2025-05-08"", ""2025-05-09"", ""2025-05-10"", ""2025-05-11"", ""2025-05-12"", ""2025-05-13"", ""2025-05-14"", ""2025-05-15"", ""2025-05-16"", ""2025-05-17"", ""2025-05-18"", ""2025-05-19"", ""2025-05-20"", ""2025-05-21"", ""2025-05-22"", ""2025-05-23""]",2025-05-23,30
2025-05-25,2025-05-25T00:00,"[""2025-04-20"", ""2025-04-27"", ""2025-05-04"", ""2025-05-11"", ""2025-05-18""]","[""2025-05-18"", ""2025-05-19"", ""2025-05-20"", ""2025-05-21"", ""2025-05-22"", ""2025-05-23"", ""2025-05-24""]","[""2025-04-25"", ""2025-04-26"", ""2025-04-27"", ""2025-04-28"", ""2025-04-29"", ""2025-04-30"", ""2025-05-01"", ""2025-05-02"", ""2025-05-03"", ""2025-05-04"", ""2025-05-05"", ""2025-05-06"", ""2025-05-07"", ""2025-05-08"", ""2025-05-09"", ""2025-05-10"", ""2025-05-11"", ""2025-05-12"", ""2025-05-13"", ""2025-05-14"", ""2025-05-15"", ""2025-05-16"", ""2025-05-17"", ""2025-05-18"", ""2025-05-19"", ""2025-05-20"", ""2025-05-21"", ""2025-05-22"", ""2025-05-23"", ""2025-05-24""]",2025-05-24,30
2025-05-26,2025-05-26T00:00,"[""2025-04-21"", ""2025-04-28"", ""2025-05-05"", ""2025-05-12"", ""2025-05-19""]","[""2025-05-19"", ""2025-05-20"", ""2025-05-21"", ""2025-05-22"", ""2025-05-23"", ""2025-05-24"", ""2025-05-25""]","[""2025-04-26"", ""2025-04-27"", ""2025-04-28"", ""2025-04-29"", ""2025-04-30"", ""2025-05-01"", ""2025-05-02"", ""2025-05-03"", ""2025-05-04"", ""2025-05-05"", ""2025-05-06"", ""2025-05-07"", ""2025-05-08"", ""2025-05-09"", ""2025-05-10"", ""2025-05-11"", ""2025-05-12"", ""2025-05-13"", ""2025-05-14"", ""2025-05-15"", ""2025-05-16"", ""2025-05-17"", ""2025-05-18"", ""2025-05-19"", ""2025-05-20"", ""2025-05-21"", ""2025-05-22"", ""2025-05-23"", ""2025-05-24"", ""2025-05-25""]",2025-05-25,30
2025-05-27,2025-05-27T00:00,"[""2025-04-22"", ""2025-04-29"", ""2025-05-06"", ""2025-05-13"", ""2025-05-20""]","[""2025-05-20"", ""2025-05-21"", ""2025-05-22"", ""2025-05-23"", ""2025-05-24"", ""2025-05-25"", ""2025-05-26""]","[""2025-04-27"", ""2025-04-28"", ""2025-04-29"", ""2025-04-30"", ""2025-05-01"", ""2025-05-02"", ""2025-05-03"", ""2025-05-04"", ""2025-05-05"", ""2025-05-06"", ""2025-05-07"", ""2025-05-08"", ""2025-05-09"", ""2025-05-10"", ""2025-05-11"", ""2025-05-12"", ""2025-05-13"", ""2025-05-14"", ""2025-05-15"", ""2025-05-16"", ""2025-05-17"", ""2025-05-18"", ""2025-05-19"", ""2025-05-20"", ""2025-05-21"", ""2025-05-22"", ""2025-05-23"", ""2025-05-24"", ""2025-05-25"", ""2025-05-26""]",2025-05-26,30
2025-05-28,2025-05-28T00:00,"[""2025-04-23"", ""2025-04-30"", ""2025-05-07"", ""2025-05-14"", ""2025-05-21""]","[""2025-05-21"", ""2025-05-22"", ""2025-05-23"", ""2025-05-24"", ""2025-05-25"", ""2025-05-26"", ""2025-05-27""]","[""2025-04-28"", ""2025-04-29"", ""2025-04-30"", ""2025-05-01"", ""2025-05-02"", ""2025-05-03"", ""2025-05-04"", ""2025-05-05"", ""2025-05-06"", ""2025-05-07"", ""2025-05-08"", ""2025-05-09"", ""2025-05-10"", ""2025-05-11"", ""2025-05-12"", ""2025-05-13"", ""2025-05-14"", ""2025-05-15"", ""2025-05-16"", ""2025-05-17"", ""2025-05-18"", ""2025-05-19"", ""2025-05-20"", ""2025-05-21"", ""2025-05-22"", ""2025-05-23"", ""2025-05-24"", ""2025-05-25"", ""2025-05-26"", ""2025-05-27""]",2025-05-27,30
2025-05-29,2025-05-29T00:00,"[""2025-04-24"", ""2025-05-01"", ""2025-05-08"", ""2025-05-15"", ""2025-05-22""]","[""2025-05-22"", ""2025-05-23"", ""2025-05-24"", ""2025-05-25"", ""2025-05-26"", ""2025-05-27"", ""2025-05-28""]","[""2025-04-29"", ""2025-04-30"", ""2025-05-01"", ""2025-05-02"", ""2025-05-03"", ""2025-05-04"", ""2025-05-05"", ""2025-05-06"", ""2025-05-07"", ""2025-05-08"", ""2025-05-09"", ""2025-05-10"", ""2025-05-11"", ""2025-05-12"", ""2025-05-13"", ""2025-05-14"", ""2025-05-15"", ""2025-05-16"", ""2025-05-17"", ""2025-05-18"", ""2025-05-19"", ""2025-05-20"", ""2025-05-21"", ""2025-05-22"", ""2025-05-23"", ""2025-05-24"", ""2025-05-25"", ""2025-05-26"", ""2025-05-27"", ""2025-05-28""]",2025-05-28,30
2025-05-30,2025-05-30T00:00,"[""2025-04-25"", ""2025-05-02"", ""2025-05-09"", ""2025-05-16"", ""2025-05-23""]","[""2025-05-23"", ""2025-05-24"", ""2025-05-25"", ""2025-05-26"", ""2025-05-27"", ""2025-05-28"", ""2025-05-29""]","[""2025-04-30"", ""2025-05-01"", ""2025-05-02"", ""2025-05-03"", ""2025-05-04"", ""2025-05-05"", ""2025-05-06"", ""2025-05-07"", ""2025-05-08"", ""2025-05-09"", ""2025-05-10"", ""2025-05-11"", ""2025-05-12"", ""2025-05-13"", ""2025-05-14"", ""2025-05-15"", ""2025-05-16"", ""2025-05-17"", ""2025-05-18"", ""2025-05-19"", ""2025-05-20"", ""2025-05-21"", ""2025-05-22"", ""2025-05-23"", ""2025-05-24"", ""2025-05-25"", ""2025-05-26"", ""2025-05-27"", ""2025-05-28"", ""2025-05-29""]",2025-05-29,30
2025-05-31,2025-05-31T00:00,"[""2025-04-26"", ""2025-05-03"", ""2025-05-10"", ""2025-05-17"", ""2025-05-24""]","[""2025-05-24"", ""2025-05-25"", ""2025-05-26"", ""2025-05-27"", ""2025-05-28"", ""2025-05-29"", ""2025-05-30""]","[""2025-05-01"", ""2025-05-02"", ""2025-05-03"", ""2025-05-04"", ""2025-05-05"", ""2025-05-06"", ""2025-05-07"", ""2025-05-08"", ""2025-05-09"", ""2025-05-10"", ""2025-05-11"", ""2025-05-12"", ""2025-05-13"", ""2025-05-14"", ""2025-05-15"", ""2025-05-16"", ""2025-05-17"", ""2025-05-18"", ""2025-05-19"", ""2025-05-20"", ""2025-05-21"", ""2025-05-22"", ""2025-05-23"", ""2025-05-24"", ""2025-05-25"", ""2025-05-26"", ""2025-05-27"", ""2025-05-28"", ""2025-05-29"", ""2025-05-30""]",2025-05-30,30
2025-06-01,2025-06-01T00:00,"[""2025-04-27"", ""2025-05-04"", ""2025-05-11"", ""2025-05-18"", ""2025-05-25""]","[""2025-05-25"", ""2025-05-26"", ""2025-05-27"", ""2025-05-28"", ""2025-05-29"", ""2025-05-30"", ""2025-05-31""]","[""2025-05-02"", ""2025-05-03"", ""2025-05-04"", ""2025-05-05"", ""2025-05-06"", ""2025-05-07"", ""2025-05-08"", ""2025-05-09"", ""2025-05-10"", ""2025-05-11"", ""2025-05-12"", ""2025-05-13"", ""2025-05-14"", ""2025-05-15"", ""2025-05-16"", ""2025-05-17"", ""2025-05-18"", ""2025-05-19"", ""2025-05-20"", ""2025-05-21"", ""2025-05-22"", ""2025-05-23"", ""2025-05-24"", ""2025-05-25"", ""2025-05-26"", ""2025-05-27"", ""2025-05-28"", ""2025-05-29"", ""2025-05-30"", ""2025-05-31""]",2025-05-31,30
2025-06-02,2025-06-02T00:00,"[""2025-04-28"", ""2025-05-05"", ""2025-05-12"", ""2025-05-19"", ""2025-05-26""]","[""2025-05-26"", ""2025-05-27"", ""2025-05-28"", ""2025-05-29"", ""2025-05-30"", ""2025-05-31"", ""2025-06-01""]","[""2025-05-03"", ""2025-05-04"", ""2025-05-05"", ""2025-05-06"", ""2025-05-07"", ""2025-05-08"", ""2025-05-09"", ""2025-05-10"", ""2025-05-11"", ""2025-05-12"", ""2025-05-13"", ""2025-05-14"", ""2025-05-15"", ""2025-05-16"", ""2025-05-17"", ""2025-05-18"", ""2025-05-19"", ""2025-05-20"", ""2025-05-21"", ""2025-05-22"", ""2025-05-23"", ""2025-05-24"", ""2025-05-25"", ""2025-05-26"", ""2025-05-27"", ""2025-05-28"", ""2025-05-29"", ""2025-05-30"", ""2025-05-31"", ""2025-06-01""]",2025-06-01,30
2025-06-03,2025-06-03T00:00,"[""2025-04-29"", ""2025-05-06"", ""2025-05-13"", ""2025-05-20"", ""2025-05-27""]","[""2025-05-27"", ""2025-05-28"", ""2025-05-29"", ""2025-05-30"", ""2025-05-31"", ""2025-06-01"", ""2025-06-02""]","[""2025-05-04"", ""2025-05-05"", ""2025-05-06"", ""2025-05-07"", ""2025-05-08"", ""2025-05-09"", ""2025-05-10"", ""2025-05-11"", ""2025-05-12"", ""2025-05-13"", ""2025-05-14"", ""2025-05-15"", ""2025-05-16"", ""2025-05-17"", ""2025-05-18"", ""2025-05-19"", ""2025-05-20"", ""2025-05-21"", ""2025-05-22"", ""2025-05-23"", ""2025-05-24"", ""2025-05-25"", ""2025-05-26"", ""2025-05-27"", ""2025-05-28"", ""2025-05-29"", ""2025-05-30"", ""2025-05-31"", ""2025-06-01"", ""2025-06-02""]",2025-06-02,30
2025-06-04,2025-06-04T00:00,"[""2025-04-30"", ""2025-05-07"", ""2025-05-14"", ""2025-05-21"", ""2025-05-28""]","[""2025-05-28"", ""2025-05-29"", ""2025-05-30"", ""2025-05-31"", ""2025-06-01"", ""2025-06-02"", ""2025-06-03""]","[""2025-05-05"", ""2025-05-06"", ""2025-05-07"", ""2025-05-08"", ""2025-05-09"", ""2025-05-10"", ""2025-05-11"", ""2025-05-12"", ""2025-05-13"", ""2025-05-14"", ""2025-05-15"", ""2025-05-16"", ""2025-05-17"", ""2025-05-18"", ""2025-05-19"", ""2025-05-20"", ""2025-05-21"", ""2025-05-22"", ""2025-05-23"", ""2025-05-24"", ""2025-05-25"", ""2025-05-26"", ""2025-05-27"", ""2025-05-28"", ""2025-05-29"", ""2025-05-30"", ""2025-05-31"", ""2025-06-01"", ""2025-06-02"", ""2025-06-03""]",2025-06-03,30
2025-06-05,2025-06-05T00:00,"[""2025-05-01"", ""2025-05-08"", ""2025-05-15"", ""2025-05-22"", ""2025-05-29""]","[""2025-05-29"", ""2025-05-30"", ""2025-05-31"", ""2025-06-01"", ""2025-06-02"", ""2025-06-03"", ""2025-06-04""]","[""2025-05-06"", ""2025-05-07"", ""2025-05-08"", ""2025-05-09"", ""2025-05-10"", ""2025-05-11"", ""2025-05-12"", ""2025-05-13"", ""2025-05-14"", ""2025-05-15"", ""2025-05-16"", ""2025-05-17"", ""2025-05-18"", ""2025-05-19"", ""2025-05-20"", ""2025-05-21"", ""2025-05-22"", ""2025-05-23"", ""2025-05-24"", ""2025-05-25"", ""2025-05-26"", ""2025-05-27"", ""2025-05-28"", ""2025-05-29"", ""2025-05-30"", ""2025-05-31"", ""2025-06-01"", ""2025-06-02"", ""2025-06-03"", ""2025-06-04""]",2025-06-04,30
2025-06-06,2025-06-06T00:00,"[""2025-05-02"", ""2025-05-09"", ""2025-05-16"", ""2025-05-23"", ""2025-05-30""]","[""2025-05-30"", ""2025-05-31"", ""2025-06-01"", ""2025-06-02"", ""2025-06-03"", ""2025-06-04"", ""2025-06-05""]","[""2025-05-07"", ""2025-05-08"", ""2025-05-09"", ""2025-05-10"", ""2025-05-11"", ""2025-05-12"", ""2025-05-13"", ""2025-05-14"", ""2025-05-15"", ""2025-05-16"", ""2025-05-17"", ""2025-05-18"", ""2025-05-19"", ""2025-05-20"", ""2025-05-21"", ""2025-05-22"", ""2025-05-23"", ""2025-05-24"", ""2025-05-25"", ""2025-05-26"", ""2025-05-27"", ""2025-05-28"", ""2025-05-29"", ""2025-05-30"", ""2025-05-31"", ""2025-06-01"", ""2025-06-02"", ""2025-06-03"", ""2025-06-04"", ""2025-06-05""]",2025-06-05,30
2025-06-07,2025-06-07T00:00,"[""2025-05-03"", ""2025-05-10"", ""2025-05-17"", ""2025-05-24"", ""2025-05-31""]","[""2025-05-31"", ""2025-06-01"", ""2025-06-02"", ""2025-06-03"", ""2025-06-04"", ""2025-06-05"", ""2025-06-06""]","[""2025-05-08"", ""2025-05-09"", ""2025-05-10"", ""2025-05-11"", ""2025-05-12"", ""2025-05-13"", ""2025-05-14"", ""2025-05-15"", ""2025-05-16"", ""2025-05-17"", ""2025-05-18"", ""2025-05-19"", ""2025-05-20"", ""2025-05-21"", ""2025-05-22"", ""2025-05-23"", ""2025-05-24"", ""2025-05-25"", ""2025-05-26"", ""2025-05-27"", ""2025-05-28"", ""2025-05-29"", ""2025-05-30"", ""2025-05-31"", ""2025-06-01"", ""2025-06-02"", ""2025-06-03"", ""2025-06-04"", ""2025-06-05"", ""2025-06-06""]",2025-06-06,30
2025-06-08,2025-06-08T00:00,"[""2025-05-04"", ""2025-05-11"", ""2025-05-18"", ""2025-05-25"", ""2025-06-01""]","[""2025-06-01"", ""2025-06-02"", ""2025-06-03"", ""2025-06-04"", ""2025-06-05"", ""2025-06-06"", ""2025-06-07""]","[""2025-05-09"", ""2025-05-10"", ""2025-05-11"", ""2025-05-12"", ""2025-05-13"", ""2025-05-14"", ""2025-05-15"", ""2025-05-16"", ""2025-05-17"", ""2025-05-18"", ""2025-05-19"", ""2025-05-20"", ""2025-05-21"", ""2025-05-22"", ""2025-05-23"", ""2025-05-24"", ""2025-05-25"", ""2025-05-26"", ""2025-05-27"", ""2025-05-28"", ""2025-05-29"", ""2025-05-30"", ""2025-05-31"", ""2025-06-01"", ""2025-06-02"", ""2025-06-03"", ""2025-06-04"", ""2025-06-05"", ""2025-06-06"", ""2025-06-07""]",2025-06-07,30
2025-06-09,2025-06-09T00:00,"[""2025-05-05"", ""2025-05-12"", ""2025-05-19"", ""2025-05-26"", ""2025-06-02""]","[""2025-06-02"", ""2025-06-03"", ""2025-06-04"", ""2025-06-05"", ""2025-06-06"", ""2025-06-07"", ""2025-06-08""]","[""2025-05-10"", ""2025-05-11"", ""2025-05-12"", ""2025-05-13"", ""2025-05-14"", ""2025-05-15"", ""2025-05-16"", ""2025-05-17"", ""2025-05-18"", ""2025-05-19"", ""2025-05-20"", ""2025-05-21"", ""2025-05-22"", ""2025-05-23"", ""2025-05-24"", ""2025-05-25"", ""2025-05-26"", ""2025-05-27"", ""2025-05-28"", ""2025-05-29"", ""2025-05-30"", ""2025-05-31"", ""2025-06-01"", ""2025-06-02"", ""2025-06-03"", ""2025-06-04"", ""2025-06-05"", ""2025-06-06"", ""2025-06-07"", ""2025-06-08""]",2025-06-08,30
2025-06-10,2025-06-10T00:00,"[""2025-05-06"", ""2025-05-13"", ""2025-05-20"", ""2025-05-27"", ""2025-06-03""]","[""2025-06-03"", ""2025-06-04"", ""2025-06-05"", ""2025-06-06"", ""2025-06-07"", ""2025-06-08"", ""2025-06-09""]","[""2025-05-11"", ""2025-05-12"", ""2025-05-13"", ""2025-05-14"", ""2025-05-15"", ""2025-05-16"", ""2025-05-17"", ""2025-05-18"", ""2025-05-19"", ""2025-05-20"", ""2025-05-21"", ""2025-05-22"", ""2025-05-23"", ""2025-05-24"", ""2025-05-25"", ""2025-05-26"", ""2025-05-27"", ""2025-05-28"", ""2025-05-29"", ""2025-05-30"", ""2025-05-31"", ""2025-06-01"", ""2025-06-02"", ""2025-06-03"", ""2025-06-04"", ""2025-06-05"", ""2025-06-06"", ""2025-06-07"", ""2025-06-08"", ""2025-06-09""]",2025-06-09,30
2025-06-11,2025-06-11T00:00,"[""2025-05-07"", ""2025-05-14"", ""2025-05-21"", ""2025-05-28"", ""2025-06-04""]","[""2025-06-04"", ""2025-06-05"", ""2025-06-06"", ""2025-06-07"", ""2025-06-08"", ""2025-06-09"", ""2025-06-10""]","[""2025-05-12"", ""2025-05-13"", ""2025-05-14"", ""2025-05-15"", ""2025-05-16"", ""2025-05-17"", ""2025-05-18"", ""2025-05-19"", ""2025-05-20"", ""2025-05-21"", ""2025-05-22"", ""2025-05-23"", ""2025-05-24"", ""2025-05-25"", ""2025-05-26"", ""2025-05-27"", ""2025-05-28"", ""2025-05-29"", ""2025-05-30"", ""2025-05-31"", ""2025-06-01"", ""2025-06-02"", ""2025-06-03"", ""2025-06-04"", ""2025-06-05"", ""2025-06-06"", ""2025-06-07"", ""2025-06-08"", ""2025-06-09"", ""2025-06-10""]",2025-06-10,30
2025-06-12,2025-06-12T00:00,"[""2025-05-08"", ""2025-05-15"", ""2025-05-22"", ""2025-05-29"", ""2025-06-05""]","[""2025-06-05"", ""2025-06-06"", ""2025-06-07"", ""2025-06-08"", ""2025-06-09"", ""2025-06-10"", ""2025-06-11""]","[""2025-05-13"", ""2025-05-14"", ""2025-05-15"", ""2025-05-16"", ""2025-05-17"", ""2025-05-18"", ""2025-05-19"", ""2025-05-20"", ""2025-05-21"", ""2025-05-22"", ""2025-05-23"", ""2025-05-24"", ""2025-05-25"", ""2025-05-26"", ""2025-05-27"", ""2025-05-28"", ""2025-05-29"", ""2025-05-30"", ""2025-05-31"", ""2025-06-01"", ""2025-06-02"", ""2025-06-03"", ""2025-06-04"", ""2025-06-05"", ""2025-06-06"", ""2025-06-07"", ""2025-06-08"", ""2025-06-09"", ""2025-06-10"", ""2025-06-11""]",2025-06-11,30
2025-06-13,2025-06-13T00:00,"[""2025-05-09"", ""2025-05-16"", ""2025-05-23"", ""2025-05-30"", ""2025-06-06""]","[""2025-06-06"", ""2025-06-07"", ""2025-06-08"", ""2025-06-09"", ""2025-06-10"", ""2025-06-11"", ""2025-06-12""]","[""2025-05-14"", ""2025-05-15"", ""2025-05-16"", ""2025-05-17"", ""2025-05-18"", ""2025-05-19"", ""2025-05-20"", ""2025-05-21"", ""2025-05-22"", ""2025-05-23"", ""2025-05-24"", ""2025-05-25"", ""2025-05-26"", ""2025-05-27"", ""2025-05-28"", ""2025-05-29"", ""2025-05-30"", ""2025-05-31"", ""2025-06-01"", ""2025-06-02"", ""2025-06-03"", ""2025-06-04"", ""2025-06-05"", ""2025-06-06"", ""2025-06-07"", ""2025-06-08"", ""2025-06-09"", ""2025-06-10"", ""2025-06-11"", ""2025-06-12""]",2025-06-12,30
2025-06-14,2025-06-14T00:00,"[""2025-05-10"", ""2025-05-17"", ""2025-05-24"", ""2025-05-31"", ""2025-06-07""]","[""2025-06-07"", ""2025-06-08"", ""2025-06-09"", ""2025-06-10"", ""2025-06-11"", ""2025-06-12"", ""2025-06-13""]","[""2025-05-15"", ""2025-05-16"", ""2025-05-17"", ""2025-05-18"", ""2025-05-19"", ""2025-05-20"", ""2025-05-21"", ""2025-05-22"", ""2025-05-23"", ""2025-05-24"", ""2025-05-25"", ""2025-05-26"", ""2025-05-27"", ""2025-05-28"", ""2025-05-29"", ""2025-05-30"", ""2025-05-31"", ""2025-06-01"", ""2025-06-02"", ""2025-06-03"", ""2025-06-04"", ""2025-06-05"", ""2025-06-06"", ""2025-06-07"", ""2025-06-08"", ""2025-06-09"", ""2025-06-10"", ""2025-06-11"", ""2025-06-12"", ""2025-06-13""]",2025-06-13,30
2025-06-15,2025-06-15T00:00,"[""2025-05-11"", ""2025-05-18"", ""2025-05-25"", ""2025-06-01"", ""2025-06-08""]","[""2025-06-08"", ""2025-06-09"", ""2025-06-10"", ""2025-06-11"", ""2025-06-12"", ""2025-06-13"", ""2025-06-14""]","[""2025-05-16"", ""2025-05-17"", ""2025-05-18"", ""2025-05-19"", ""2025-05-20"", ""2025-05-21"", ""2025-05-22"", ""2025-05-23"", ""2025-05-24"", ""2025-05-25"", ""2025-05-26"", ""2025-05-27"", ""2025-05-28"", ""2025-05-29"", ""2025-05-30"", ""2025-05-31"", ""2025-06-01"", ""2025-06-02"", ""2025-06-03"", ""2025-06-04"", ""2025-06-05"", ""2025-06-06"", ""2025-06-07"", ""2025-06-08"", ""2025-06-09"", ""2025-06-10"", ""2025-06-11"", ""2025-06-12"", ""2025-06-13"", ""2025-06-14""]",2025-06-14,30
2025-06-16,2025-06-16T00:00,"[""2025-05-12"", ""2025-05-19"", ""2025-05-26"", ""2025-06-02"", ""2025-06-09""]","[""2025-06-09"", ""2025-06-10"", ""2025-06-11"", ""2025-06-12"", ""2025-06-13"", ""2025-06-14"", ""2025-06-15""]","[""2025-05-17"", ""2025-05-18"", ""2025-05-19"", ""2025-05-20"", ""2025-05-21"", ""2025-05-22"", ""2025-05-23"", ""2025-05-24"", ""2025-05-25"", ""2025-05-26"", ""2025-05-27"", ""2025-05-28"", ""2025-05-29"", ""2025-05-30"", ""2025-05-31"", ""2025-06-01"", ""2025-06-02"", ""2025-06-03"", ""2025-06-04"", ""2025-06-05"", ""2025-06-06"", ""2025-06-07"", ""2025-06-08"", ""2025-06-09"", ""2025-06-10"", ""2025-06-11"", ""2025-06-12"", ""2025-06-13"", ""2025-06-14"", ""2025-06-15""]",2025-06-15,30
2025-06-17,2025-06-17T00:00,"[""2025-05-13"", ""2025-05-20"", ""2025-05-27"", ""2025-06-03"", ""2025-06-10""]","[""2025-06-10"", ""2025-06-11"", ""2025-06-12"", ""2025-06-13"", ""2025-06-14"", ""2025-06-15"", ""2025-06-16""]","[""2025-05-18"", ""2025-05-19"", ""2025-05-20"", ""2025-05-21"", ""2025-05-22"", ""2025-05-23"", ""2025-05-24"", ""2025-05-25"", ""2025-05-26"", ""2025-05-27"", ""2025-05-28"", ""2025-05-29"", ""2025-05-30"", ""2025-05-31"", ""2025-06-01"", ""2025-06-02"", ""2025-06-03"", ""2025-06-04"", ""2025-06-05"", ""2025-06-06"", ""2025-06-07"", ""2025-06-08"", ""2025-06-09"", ""2025-06-10"", ""2025-06-11"", ""2025-06-12"", ""2025-06-13"", ""2025-06-14"", ""2025-06-15"", ""2025-06-16""]",2025-06-16,30
2025-06-18,2025-06-18T00:00,"[""2025-05-14"", ""2025-05-21"", ""2025-05-28"", ""2025-06-04"", ""2025-06-11""]","[""2025-06-11"", ""2025-06-12"", ""2025-06-13"", ""2025-06-14"", ""2025-06-15"", ""2025-06-16"", ""2025-06-17""]","[""2025-05-19"", ""2025-05-20"", ""2025-05-21"", ""2025-05-22"", ""2025-05-23"", ""2025-05-24"", ""2025-05-25"", ""2025-05-26"", ""2025-05-27"", ""2025-05-28"", ""2025-05-29"", ""2025-05-30"", ""2025-05-31"", ""2025-06-01"", ""2025-06-02"", ""2025-06-03"", ""2025-06-04"", ""2025-06-05"", ""2025-06-06"", ""2025-06-07"", ""2025-06-08"", ""2025-06-09"", ""2025-06-10"", ""2025-06-11"", ""2025-06-12"", ""2025-06-13"", ""2025-06-14"", ""2025-06-15"", ""2025-06-16"", ""2025-06-17""]",2025-06-17,30
2025-06-19,2025-06-19T00:00,"[""2025-05-15"", ""2025-05-22"", ""2025-05-29"", ""2025-06-05"", ""2025-06-12""]","[""2025-06-12"", ""2025-06-13"", ""2025-06-14"", ""2025-06-15"", ""2025-06-16"", ""2025-06-17"", ""2025-06-18""]","[""2025-05-20"", ""2025-05-21"", ""2025-05-22"", ""2025-05-23"", ""2025-05-24"", ""2025-05-25"", ""2025-05-26"", ""2025-05-27"", ""2025-05-28"", ""2025-05-29"", ""2025-05-30"", ""2025-05-31"", ""2025-06-01"", ""2025-06-02"", ""2025-06-03"", ""2025-06-04"", ""2025-06-05"", ""2025-06-06"", ""2025-06-07"", ""2025-06-08"", ""2025-06-09"", ""2025-06-10"", ""2025-06-11"", ""2025-06-12"", ""2025-06-13"", ""2025-06-14"", ""2025-06-15"", ""2025-06-16"", ""2025-06-17"", ""2025-06-18""]",2025-06-18,30
2025-06-20,2025-06-20T00:00,"[""2025-05-16"", ""2025-05-23"", ""2025-05-30"", ""2025-06-06"", ""2025-06-13""]","[""2025-06-13"", ""2025-06-14"", ""2025-06-15"", ""2025-06-16"", ""2025-06-17"", ""2025-06-18"", ""2025-06-19""]","[""2025-05-21"", ""2025-05-22"", ""2025-05-23"", ""2025-05-24"", ""2025-05-25"", ""2025-05-26"", ""2025-05-27"", ""2025-05-28"", ""2025-05-29"", ""2025-05-30"", ""2025-05-31"", ""2025-06-01"", ""2025-06-02"", ""2025-06-03"", ""2025-06-04"", ""2025-06-05"", ""2025-06-06"", ""2025-06-07"", ""2025-06-08"", ""2025-06-09"", ""2025-06-10"", ""2025-06-11"", ""2025-06-12"", ""2025-06-13"", ""2025-06-14"", ""2025-06-15"", ""2025-06-16"", ""2025-06-17"", ""2025-06-18"", ""2025-06-19""]",2025-06-19,30
2025-06-21,2025-06-21T00:00,"[""2025-05-17"", ""2025-05-24"", ""2025-05-31"", ""2025-06-07"", ""2025-06-14""]","[""2025-06-14"", ""2025-06-15"", ""2025-06-16"", ""2025-06-17"", ""2025-06-18"", ""2025-06-19"", ""2025-06-20""]","[""2025-05-22"", ""2025-05-23"", ""2025-05-24"", ""2025-05-25"", ""2025-05-26"", ""2025-05-27"", ""2025-05-28"", ""2025-05-29"", ""2025-05-30"", ""2025-05-31"", ""2025-06-01"", ""2025-06-02"", ""2025-06-03"", ""2025-06-04"", ""2025-06-05"", ""2025-06-06"", ""2025-06-07"", ""2025-06-08"", ""2025-06-09"", ""2025-06-10"", ""2025-06-11"", ""2025-06-12"", ""2025-06-13"", ""2025-06-14"", ""2025-06-15"", ""2025-06-16"", ""2025-06-17"", ""2025-06-18"", ""2025-06-19"", ""2025-06-20""]",2025-06-20,30
2025-06-22,2025-06-22T00:00,"[""2025-05-18"", ""2025-05-25"", ""2025-06-01"", ""2025-06-08"", ""2025-06-15""]","[""2025-06-15"", ""2025-06-16"", ""2025-06-17"", ""2025-06-18"", ""2025-06-19"", ""2025-06-20"", ""2025-06-21""]","[""2025-05-23"", ""2025-05-24"", ""2025-05-25"", ""2025-05-26"", ""2025-05-27"", ""2025-05-28"", ""2025-05-29"", ""2025-05-30"", ""2025-05-31"", ""2025-06-01"", ""2025-06-02"", ""2025-06-03"", ""2025-06-04"", ""2025-06-05"", ""2025-06-06"", ""2025-06-07"", ""2025-06-08"", ""2025-06-09"", ""2025-06-10"", ""2025-06-11"", ""2025-06-12"", ""2025-06-13"", ""2025-06-14"", ""2025-06-15"", ""2025-06-16"", ""2025-06-17"", ""2025-06-18"", ""2025-06-19"", ""2025-06-20"", ""2025-06-21""]",2025-06-21,30
2025-06-23,2025-06-23T00:00,"[""2025-05-19"", ""2025-05-26"", ""2025-06-02"", ""2025-06-09"", ""2025-06-16""]","[""2025-06-16"", ""2025-06-17"", ""2025-06-18"", ""2025-06-19"", ""2025-06-20"", ""2025-06-21"", ""2025-06-22""]","[""2025-05-24"", ""2025-05-25"", ""2025-05-26"", ""2025-05-27"", ""2025-05-28"", ""2025-05-29"", ""2025-05-30"", ""2025-05-31"", ""2025-06-01"", ""2025-06-02"", ""2025-06-03"", ""2025-06-04"", ""2025-06-05"", ""2025-06-06"", ""2025-06-07"", ""2025-06-08"", ""2025-06-09"", ""2025-06-10"", ""2025-06-11"", ""2025-06-12"", ""2025-06-13"", ""2025-06-14"", ""2025-06-15"", ""2025-06-16"", ""2025-06-17"", ""2025-06-18"", ""2025-06-19"", ""2025-06-20"", ""2025-06-21"", ""2025-06-22""]",2025-06-22,30
2025-06-24,2025-06-24T00:00,"[""2025-05-20"", ""2025-05-27"", ""2025-06-03"", ""2025-06-10"", ""2025-06-17""]","[""2025-06-17"", ""2025-06-18"", ""2025-06-19"", ""2025-06-20"", ""2025-06-21"", ""2025-06-22"", ""2025-06-23""]","[""2025-05-25"", ""2025-05-26"", ""2025-05-27"", ""2025-05-28"", ""2025-05-29"", ""2025-05-30"", ""2025-05-31"", ""2025-06-01"", ""2025-06-02"", ""2025-06-03"", ""2025-06-04"", ""2025-06-05"", ""2025-06-06"", ""2025-06-07"", ""2025-06-08"", ""2025-06-09"", ""2025-06-10"", ""2025-06-11"", ""2025-06-12"", ""2025-06-13"", ""2025-06-14"", ""2025-06-15"", ""2025-06-16"", ""2025-06-17"", ""2025-06-18"", ""2025-06-19"", ""2025-06-20"", ""2025-06-21"", ""2025-06-22"", ""2025-06-23""]",2025-06-23,30
2025-06-25,2025-06-25T00:00,"[""2025-05-21"", ""2025-05-28"", ""2025-06-04"", ""2025-06-11"", ""2025-06-18""]","[""2025-06-18"", ""2025-06-19"", ""2025-06-20"", ""2025-06-21"", ""2025-06-22"", ""2025-06-23"", ""2025-06-24""]","[""2025-05-26"", ""2025-05-27"", ""2025-05-28"", ""2025-05-29"", ""2025-05-30"", ""2025-05-31"", ""2025-06-01"", ""2025-06-02"", ""2025-06-03"", ""2025-06-04"", ""2025-06-05"", ""2025-06-06"", ""2025-06-07"", ""2025-06-08"", ""2025-06-09"", ""2025-06-10"", ""2025-06-11"", ""2025-06-12"", ""2025-06-13"", ""2025-06-14"", ""2025-06-15"", ""2025-06-16"", ""2025-06-17"", ""2025-06-18"", ""2025-06-19"", ""2025-06-20"", ""2025-06-21"", ""2025-06-22"", ""2025-06-23"", ""2025-06-24""]",2025-06-24,30
2025-06-26,2025-06-26T00:00,"[""2025-05-22"", ""2025-05-29"", ""2025-06-05"", ""2025-06-12"", ""2025-06-19""]","[""2025-06-19"", ""2025-06-20"", ""2025-06-21"", ""2025-06-22"", ""2025-06-23"", ""2025-06-24"", ""2025-06-25""]","[""2025-05-27"", ""2025-05-28"", ""2025-05-29"", ""2025-05-30"", ""2025-05-31"", ""2025-06-01"", ""2025-06-02"", ""2025-06-03"", ""2025-06-04"", ""2025-06-05"", ""2025-06-06"", ""2025-06-07"", ""2025-06-08"", ""2025-06-09"", ""2025-06-10"", ""2025-06-11"", ""2025-06-12"", ""2025-06-13"", ""2025-06-14"", ""2025-06-15"", ""2025-06-16"", ""2025-06-17"", ""2025-06-18"", ""2025-06-19"", ""2025-06-20"", ""2025-06-21"", ""2025-06-22"", ""2025-06-23"", ""2025-06-24"", ""2025-06-25""]",2025-06-25,30
2025-06-27,2025-06-27T00:00,"[""2025-05-23"", ""2025-05-30"", ""2025-06-06"", ""2025-06-13"", ""2025-06-20""]","[""2025-06-20"", ""2025-06-21"", ""2025-06-22"", ""2025-06-23"", ""2025-06-24"", ""2025-06-25"", ""2025-06-26""]","[""2025-05-28"", ""2025-05-29"", ""2025-05-30"", ""2025-05-31"", ""2025-06-01"", ""2025-06-02"", ""2025-06-03"", ""2025-06-04"", ""2025-06-05"", ""2025-06-06"", ""2025-06-07"", ""2025-06-08"", ""2025-06-09"", ""2025-06-10"", ""2025-06-11"", ""2025-06-12"", ""2025-06-13"", ""2025-06-14"", ""2025-06-15"", ""2025-06-16"", ""2025-06-17"", ""2025-06-18"", ""2025-06-19"", ""2025-06-20"", ""2025-06-21"", ""2025-06-22"", ""2025-06-23"", ""2025-06-24"", ""2025-06-25"", ""2025-06-26""]",2025-06-26,30
2025-06-28,2025-06-28T00:00,"[""2025-05-24"", ""2025-05-31"", ""2025-06-07"", ""2025-06-14"", ""2025-06-21""]","[""2025-06-21"", ""2025-06-22"", ""2025-06-23"", ""2025-06-24"", ""2025-06-25"", ""2025-06-26"", ""2025-06-27""]","[""2025-05-29"", ""2025-05-30"", ""2025-05-31"", ""2025-06-01"", ""2025-06-02"", ""2025-06-03"", ""2025-06-04"", ""2025-06-05"", ""2025-06-06"", ""2025-06-07"", ""2025-06-08"", ""2025-06-09"", ""2025-06-10"", ""2025-06-11"", ""2025-06-12"", ""2025-06-13"", ""2025-06-14"", ""2025-06-15"", ""2025-06-16"", ""2025-06-17"", ""2025-06-18"", ""2025-06-19"", ""2025-06-20"", ""2025-06-21"", ""2025-06-22"", ""2025-06-23"", ""2025-06-24"", ""2025-06-25"", ""2025-06-26"", ""2025-06-27""]",2025-06-27,30
2025-06-29,2025-06-29T00:00,"[""2025-05-25"", ""2025-06-01"", ""2025-06-08"", ""2025-06-15"", ""2025-06-22""]","[""2025-06-22"", ""2025-06-23"", ""2025-06-24"", ""2025-06-25"", ""2025-06-26"", ""2025-06-27"", ""2025-06-28""]","[""2025-05-30"", ""2025-05-31"", ""2025-06-01"", ""2025-06-02"", ""2025-06-03"", ""2025-06-04"", ""2025-06-05"", ""2025-06-06"", ""2025-06-07"", ""2025-06-08"", ""2025-06-09"", ""2025-06-10"", ""2025-06-11"", ""2025-06-12"", ""2025-06-13"", ""2025-06-14"", ""2025-06-15"", ""2025-06-16"", ""2025-06-17"", ""2025-06-18"", ""2025-06-19"", ""2025-06-20"", ""2025-06-21"", ""2025-06-22"", ""2025-06-23"", ""2025-06-24"", ""2025-06-25"", ""2025-06-26"", ""2025-06-27"", ""2025-06-28""]",2025-06-28,30
2025-06-30,2025-06-30T00:00,"[""2025-05-26"", ""2025-06-02"", ""2025-06-09"", ""2025-06-16"", ""2025-06-23""]","[""2025-06-23"", ""2025-06-24"", ""2025-06-25"", ""2025-06-26"", ""2025-06-27"", ""2025-06-28"", ""2025-06-29""]","[""2025-05-31"", ""2025-06-01"", ""2025-06-02"", ""2025-06-03"", ""2025-06-04"", ""2025-06-05"", ""2025-06-06"", ""2025-06-07"", ""2025-06-08"", ""2025-06-09"", ""2025-06-10"", ""2025-06-11"", ""2025-06-12"", ""2025-06-13"", ""2025-06-14"", ""2025-06-15"", ""2025-06-16"", ""2025-06-17"", ""2025-06-18"", ""2025-06-19"", ""2025-06-20"", ""2025-06-21"", ""2025-06-22"", ""2025-06-23"", ""2025-06-24"", ""2025-06-25"", ""2025-06-26"", ""2025-06-27"", ""2025-06-28"", ""2025-06-29""]",2025-06-29,30
2025-07-01,2025-07-01T00:00,"[""2025-05-27"", ""2025-06-03"", ""2025-06-10"", ""2025-06-17"", ""2025-06-24""]","[""2025-06-24"", ""2025-06-25"", ""2025-06-26"", ""2025-06-27"", ""2025-06-28"", ""2025-06-29"", ""2025-06-30""]","[""2025-06-01"", ""2025-06-02"", ""2025-06-03"", ""2025-06-04"", ""2025-06-05"", ""2025-06-06"", ""2025-06-07"", ""2025-06-08"", ""2025-06-09"", ""2025-06-10"", ""2025-06-11"", ""2025-06-12"", ""2025-06-13"", ""2025-06-14"", ""2025-06-15"", ""2025-06-16"", ""2025-06-17"", ""2025-06-18"", ""2025-06-19"", ""2025-06-20"", ""2025-06-21"", ""2025-06-22"", ""2025-06-23"", ""2025-06-24"", ""2025-06-25"", ""2025-06-26"", ""2025-06-27"", ""2025-06-28"", ""2025-06-29"", ""2025-06-30""]",2025-06-30,30
2025-07-02,2025-07-02T00:00,"[""2025-05-28"", ""2025-06-04"", ""2025-06-11"", ""2025-06-18"", ""2025-06-25""]","[""2025-06-25"", ""2025-06-26"", ""2025-06-27"", ""2025-06-28"", ""2025-06-29"", ""2025-06-30"", ""2025-07-01""]","[""2025-06-02"", ""2025-06-03"", ""2025-06-04"", ""2025-06-05"", ""2025-06-06"", ""2025-06-07"", ""2025-06-08"", ""2025-06-09"", ""2025-06-10"", ""2025-06-11"", ""2025-06-12"", ""2025-06-13"", ""2025-06-14"", ""2025-06-15"", ""2025-06-16"", ""2025-06-17"", ""2025-06-18"", ""2025-06-19"", ""2025-06-20"", ""2025-06-21"", ""2025-06-22"", ""2025-06-23"", ""2025-06-24"", ""2025-06-25"", ""2025-06-26"", ""2025-06-27"", ""2025-06-28"", ""2025-06-29"", ""2025-06-30"", ""2025-07-01""]",2025-07-01,30
2025-07-03,2025-07-03T00:00,"[""2025-05-29"", ""2025-06-05"", ""2025-06-12"", ""2025-06-19"", ""2025-06-26""]","[""2025-06-26"", ""2025-06-27"", ""2025-06-28"", ""2025-06-29"", ""2025-06-30"", ""2025-07-01"", ""2025-07-02""]","[""2025-06-03"", ""2025-06-04"", ""2025-06-05"", ""2025-06-06"", ""2025-06-07"", ""2025-06-08"", ""2025-06-09"", ""2025-06-10"", ""2025-06-11"", ""2025-06-12"", ""2025-06-13"", ""2025-06-14"", ""2025-06-15"", ""2025-06-16"", ""2025-06-17"", ""2025-06-18"", ""2025-06-19"", ""2025-06-20"", ""2025-06-21"", ""2025-06-22"", ""2025-06-23"", ""2025-06-24"", ""2025-06-25"", ""2025-06-26"", ""2025-06-27"", ""2025-06-28"", ""2025-06-29"", ""2025-06-30"", ""2025-07-01"", ""2025-07-02""]",2025-07-02,30
2025-07-04,2025-07-04T00:00,"[""2025-05-30"", ""2025-06-06"", ""2025-06-13"", ""2025-06-20"", ""2025-06-27""]","[""2025-06-27"", ""2025-06-28"", ""2025-06-29"", ""2025-06-30"", ""2025-07-01"", ""2025-07-02"", ""2025-07-03""]","[""2025-06-04"", ""2025-06-05"", ""2025-06-06"", ""2025-06-07"", ""2025-06-08"", ""2025-06-09"", ""2025-06-10"", ""2025-06-11"", ""2025-06-12"", ""2025-06-13"", ""2025-06-14"", ""2025-06-15"", ""2025-06-16"", ""2025-06-17"", ""2025-06-18"", ""2025-06-19"", ""2025-06-20"", ""2025-06-21"", ""2025-06-22"", ""2025-06-23"", ""2025-06-24"", ""2025-06-25"", ""2025-06-26"", ""2025-06-27"", ""2025-06-28"", ""2025-06-29"", ""2025-06-30"", ""2025-07-01"", ""2025-07-02"", ""2025-07-03""]",2025-07-03,30
2025-07-05,2025-07-05T00:00,"[""2025-05-31"", ""2025-06-07"", ""2025-06-14"", ""2025-06-21"", ""2025-06-28""]","[""2025-06-28"", ""2025-06-29"", ""2025-06-30"", ""2025-07-01"", ""2025-07-02"", ""2025-07-03"", ""2025-07-04""]","[""2025-06-05"", ""2025-06-06"", ""2025-06-07"", ""2025-06-08"", ""2025-06-09"", ""2025-06-10"", ""2025-06-11"", ""2025-06-12"", ""2025-06-13"", ""2025-06-14"", ""2025-06-15"", ""2025-06-16"", ""2025-06-17"", ""2025-06-18"", ""2025-06-19"", ""2025-06-20"", ""2025-06-21"", ""2025-06-22"", ""2025-06-23"", ""2025-06-24"", ""2025-06-25"", ""2025-06-26"", ""2025-06-27"", ""2025-06-28"", ""2025-06-29"", ""2025-06-30"", ""2025-07-01"", ""2025-07-02"", ""2025-07-03"", ""2025-07-04""]",2025-07-04,30
2025-07-06,2025-07-06T00:00,"[""2025-06-01"", ""2025-06-08"", ""2025-06-15"", ""2025-06-22"", ""2025-06-29""]","[""2025-06-29"", ""2025-06-30"", ""2025-07-01"", ""2025-07-02"", ""2025-07-03"", ""2025-07-04"", ""2025-07-05""]","[""2025-06-06"", ""2025-06-07"", ""2025-06-08"", ""2025-06-09"", ""2025-06-10"", ""2025-06-11"", ""2025-06-12"", ""2025-06-13"", ""2025-06-14"", ""2025-06-15"", ""2025-06-16"", ""2025-06-17"", ""2025-06-18"", ""2025-06-19"", ""2025-06-20"", ""2025-06-21"", ""2025-06-22"", ""2025-06-23"", ""2025-06-24"", ""2025-06-25"", ""2025-06-26"", ""2025-06-27"", ""2025-06-28"", ""2025-06-29"", ""2025-06-30"", ""2025-07-01"", ""2025-07-02"", ""2025-07-03"", ""2025-07-04"", ""2025-07-05""]",2025-07-05,30
2025-07-07,2025-07-07T00:00,"[""2025-06-02"", ""2025-06-09"", ""2025-06-16"", ""2025-06-23"", ""2025-06-30""]","[""2025-06-30"", ""2025-07-01"", ""2025-07-02"", ""2025-07-03"", ""2025-07-04"", ""2025-07-05"", ""2025-07-06""]","[""2025-06-07"", ""2025-06-08"", ""2025-06-09"", ""2025-06-10"", ""2025-06-11"", ""2025-06-12"", ""2025-06-13"", ""2025-06-14"", ""2025-06-15"", ""2025-06-16"", ""2025-06-17"", ""2025-06-18"", ""2025-06-19"", ""2025-06-20"", ""2025-06-21"", ""2025-06-22"", ""2025-06-23"", ""2025-06-24"", ""2025-06-25"", ""2025-06-26"", ""2025-06-27"", ""2025-06-28"", ""2025-06-29"", ""2025-06-30"", ""2025-07-01"", ""2025-07-02"", ""2025-07-03"", ""2025-07-04"", ""2025-07-05"", ""2025-07-06""]",2025-07-06,30
2025-07-08,2025-07-08T00:00,"[""2025-06-03"", ""2025-06-10"", ""2025-06-17"", ""2025-06-24"", ""2025-07-01""]","[""2025-07-01"", ""2025-07-02"", ""2025-07-03"", ""2025-07-04"", ""2025-07-05"", ""2025-07-06"", ""2025-07-07""]","[""2025-06-08"", ""2025-06-09"", ""2025-06-10"", ""2025-06-11"", ""2025-06-12"", ""2025-06-13"", ""2025-06-14"", ""2025-06-15"", ""2025-06-16"", ""2025-06-17"", ""2025-06-18"", ""2025-06-19"", ""2025-06-20"", ""2025-06-21"", ""2025-06-22"", ""2025-06-23"", ""2025-06-24"", ""2025-06-25"", ""2025-06-26"", ""2025-06-27"", ""2025-06-28"", ""2025-06-29"", ""2025-06-30"", ""2025-07-01"", ""2025-07-02"", ""2025-07-03"", ""2025-07-04"", ""2025-07-05"", ""2025-07-06"", ""2025-07-07""]",2025-07-07,30
2025-07-09,2025-07-09T00:00,"[""2025-06-04"", ""2025-06-11"", ""2025-06-18"", ""2025-06-25"", ""2025-07-02""]","[""2025-07-02"", ""2025-07-03"", ""2025-07-04"", ""2025-07-05"", ""2025-07-06"", ""2025-07-07"", ""2025-07-08""]","[""2025-06-09"", ""2025-06-10"", ""2025-06-11"", ""2025-06-12"", ""2025-06-13"", ""2025-06-14"", ""2025-06-15"", ""2025-06-16"", ""2025-06-17"", ""2025-06-18"", ""2025-06-19"", ""2025-06-20"", ""2025-06-21"", ""2025-06-22"", ""2025-06-23"", ""2025-06-24"", ""2025-06-25"", ""2025-06-26"", ""2025-06-27"", ""2025-06-28"", ""2025-06-29"", ""2025-06-30"", ""2025-07-01"", ""2025-07-02"", ""2025-07-03"", ""2025-07-04"", ""2025-07-05"", ""2025-07-06"", ""2025-07-07"", ""2025-07-08""]",2025-07-08,30
2025-07-10,2025-07-10T00:00,"[""2025-06-05"", ""2025-06-12"", ""2025-06-19"", ""2025-06-26"", ""2025-07-03""]","[""2025-07-03"", ""2025-07-04"", ""2025-07-05"", ""2025-07-06"", ""2025-07-07"", ""2025-07-08"", ""2025-07-09""]","[""2025-06-10"", ""2025-06-11"", ""2025-06-12"", ""2025-06-13"", ""2025-06-14"", ""2025-06-15"", ""2025-06-16"", ""2025-06-17"", ""2025-06-18"", ""2025-06-19"", ""2025-06-20"", ""2025-06-21"", ""2025-06-22"", ""2025-06-23"", ""2025-06-24"", ""2025-06-25"", ""2025-06-26"", ""2025-06-27"", ""2025-06-28"", ""2025-06-29"", ""2025-06-30"", ""2025-07-01"", ""2025-07-02"", ""2025-07-03"", ""2025-07-04"", ""2025-07-05"", ""2025-07-06"", ""2025-07-07"", ""2025-07-08"", ""2025-07-09""]",2025-07-09,30
2025-07-11,2025-07-11T00:00,"[""2025-06-06"", ""2025-06-13"", ""2025-06-20"", ""2025-06-27"", ""2025-07-04""]","[""2025-07-04"", ""2025-07-05"", ""2025-07-06"", ""2025-07-07"", ""2025-07-08"", ""2025-07-09"", ""2025-07-10""]","[""2025-06-11"", ""2025-06-12"", ""2025-06-13"", ""2025-06-14"", ""2025-06-15"", ""2025-06-16"", ""2025-06-17"", ""2025-06-18"", ""2025-06-19"", ""2025-06-20"", ""2025-06-21"", ""2025-06-22"", ""2025-06-23"", ""2025-06-24"", ""2025-06-25"", ""2025-06-26"", ""2025-06-27"", ""2025-06-28"", ""2025-06-29"", ""2025-06-30"", ""2025-07-01"", ""2025-07-02"", ""2025-07-03"", ""2025-07-04"", ""2025-07-05"", ""2025-07-06"", ""2025-07-07"", ""2025-07-08"", ""2025-07-09"", ""2025-07-10""]",2025-07-10,30
2025-07-12,2025-07-12T00:00,"[""2025-06-07"", ""2025-06-14"", ""2025-06-21"", ""2025-06-28"", ""2025-07-05""]","[""2025-07-05"", ""2025-07-06"", ""2025-07-07"", ""2025-07-08"", ""2025-07-09"", ""2025-07-10"", ""2025-07-11""]","[""2025-06-12"", ""2025-06-13"", ""2025-06-14"", ""2025-06-15"", ""2025-06-16"", ""2025-06-17"", ""2025-06-18"", ""2025-06-19"", ""2025-06-20"", ""2025-06-21"", ""2025-06-22"", ""2025-06-23"", ""2025-06-24"", ""2025-06-25"", ""2025-06-26"", ""2025-06-27"", ""2025-06-28"", ""2025-06-29"", ""2025-06-30"", ""2025-07-01"", ""2025-07-02"", ""2025-07-03"", ""2025-07-04"", ""2025-07-05"", ""2025-07-06"", ""2025-07-07"", ""2025-07-08"", ""2025-07-09"", ""2025-07-10"", ""2025-07-11""]",2025-07-11,30
2025-07-13,2025-07-13T00:00,"[""2025-06-08"", ""2025-06-15"", ""2025-06-22"", ""2025-06-29"", ""2025-07-06""]","[""2025-07-06"", ""2025-07-07"", ""2025-07-08"", ""2025-07-09"", ""2025-07-10"", ""2025-07-11"", ""2025-07-12""]","[""2025-06-13"", ""2025-06-14"", ""2025-06-15"", ""2025-06-16"", ""2025-06-17"", ""2025-06-18"", ""2025-06-19"", ""2025-06-20"", ""2025-06-21"", ""2025-06-22"", ""2025-06-23"", ""2025-06-24"", ""2025-06-25"", ""2025-06-26"", ""2025-06-27"", ""2025-06-28"", ""2025-06-29"", ""2025-06-30"", ""2025-07-01"", ""2025-07-02"", ""2025-07-03"", ""2025-07-04"", ""2025-07-05"", ""2025-07-06"", ""2025-07-07"", ""2025-07-08"", ""2025-07-09"", ""2025-07-10"", ""2025-07-11"", ""2025-07-12""]",2025-07-12,30
2025-07-14,2025-07-14T00:00,"[""2025-06-09"", ""2025-06-16"", ""2025-06-23"", ""2025-06-30"", ""2025-07-07""]","[""2025-07-07"", ""2025-07-08"", ""2025-07-09"", ""2025-07-10"", ""2025-07-11"", ""2025-07-12"", ""2025-07-13""]","[""2025-06-14"", ""2025-06-15"", ""2025-06-16"", ""2025-06-17"", ""2025-06-18"", ""2025-06-19"", ""2025-06-20"", ""2025-06-21"", ""2025-06-22"", ""2025-06-23"", ""2025-06-24"", ""2025-06-25"", ""2025-06-26"", ""2025-06-27"", ""2025-06-28"", ""2025-06-29"", ""2025-06-30"", ""2025-07-01"", ""2025-07-02"", ""2025-07-03"", ""2025-07-04"", ""2025-07-05"", ""2025-07-06"", ""2025-07-07"", ""2025-07-08"", ""2025-07-09"", ""2025-07-10"", ""2025-07-11"", ""2025-07-12"", ""2025-07-13""]",2025-07-13,30
2025-07-15,2025-07-15T00:00,"[""2025-06-10"", ""2025-06-17"", ""2025-06-24"", ""2025-07-01"", ""2025-07-08""]","[""2025-07-08"", ""2025-07-09"", ""2025-07-10"", ""2025-07-11"", ""2025-07-12"", ""2025-07-13"", ""2025-07-14""]","[""2025-06-15"", ""2025-06-16"", ""2025-06-17"", ""2025-06-18"", ""2025-06-19"", ""2025-06-20"", ""2025-06-21"", ""2025-06-22"", ""2025-06-23"", ""2025-06-24"", ""2025-06-25"", ""2025-06-26"", ""2025-06-27"", ""2025-06-28"", ""2025-06-29"", ""2025-06-30"", ""2025-07-01"", ""2025-07-02"", ""2025-07-03"", ""2025-07-04"", ""2025-07-05"", ""2025-07-06"", ""2025-07-07"", ""2025-07-08"", ""2025-07-09"", ""2025-07-10"", ""2025-07-11"", ""2025-07-12"", ""2025-07-13"", ""2025-07-14""]",2025-07-14,30
2025-07-16,2025-07-16T00:00,"[""2025-06-11"", ""2025-06-18"", ""2025-06-25"", ""2025-07-02"", ""2025-07-09""]","[""2025-07-09"", ""2025-07-10"", ""2025-07-11"", ""2025-07-12"", ""2025-07-13"", ""2025-07-14"", ""2025-07-15""]","[""2025-06-16"", ""2025-06-17"", ""2025-06-18"", ""2025-06-19"", ""2025-06-20"", ""2025-06-21"", ""2025-06-22"", ""2025-06-23"", ""2025-06-24"", ""2025-06-25"", ""2025-06-26"", ""2025-06-27"", ""2025-06-28"", ""2025-06-29"", ""2025-06-30"", ""2025-07-01"", ""2025-07-02"", ""2025-07-03"", ""2025-07-04"", ""2025-07-05"", ""2025-07-06"", ""2025-07-07"", ""2025-07-08"", ""2025-07-09"", ""2025-07-10"", ""2025-07-11"", ""2025-07-12"", ""2025-07-13"", ""2025-07-14"", ""2025-07-15""]",2025-07-15,30
2025-07-17,2025-07-17T00:00,"[""2025-06-12"", ""2025-06-19"", ""2025-06-26"", ""2025-07-03"", ""2025-07-10""]","[""2025-07-10"", ""2025-07-11"", ""2025-07-12"", ""2025-07-13"", ""2025-07-14"", ""2025-07-15"", ""2025-07-16""]","[""2025-06-17"", ""2025-06-18"", ""2025-06-19"", ""2025-06-20"", ""2025-06-21"", ""2025-06-22"", ""2025-06-23"", ""2025-06-24"", ""2025-06-25"", ""2025-06-26"", ""2025-06-27"", ""2025-06-28"", ""2025-06-29"", ""2025-06-30"", ""2025-07-01"", ""2025-07-02"", ""2025-07-03"", ""2025-07-04"", ""2025-07-05"", ""2025-07-06"", ""2025-07-07"", ""2025-07-08"", ""2025-07-09"", ""2025-07-10"", ""2025-07-11"", ""2025-07-12"", ""2025-07-13"", ""2025-07-14"", ""2025-07-15"", ""2025-07-16""]",2025-07-16,30
2025-07-18,2025-07-18T00:00,"[""2025-06-13"", ""2025-06-20"", ""2025-06-27"", ""2025-07-04"", ""2025-07-11""]","[""2025-07-11"", ""2025-07-12"", ""2025-07-13"", ""2025-07-14"", ""2025-07-15"", ""2025-07-16"", ""2025-07-17""]","[""2025-06-18"", ""2025-06-19"", ""2025-06-20"", ""2025-06-21"", ""2025-06-22"", ""2025-06-23"", ""2025-06-24"", ""2025-06-25"", ""2025-06-26"", ""2025-06-27"", ""2025-06-28"", ""2025-06-29"", ""2025-06-30"", ""2025-07-01"", ""2025-07-02"", ""2025-07-03"", ""2025-07-04"", ""2025-07-05"", ""2025-07-06"", ""2025-07-07"", ""2025-07-08"", ""2025-07-09"", ""2025-07-10"", ""2025-07-11"", ""2025-07-12"", ""2025-07-13"", ""2025-07-14"", ""2025-07-15"", ""2025-07-16"", ""2025-07-17""]",2025-07-17,30
2025-07-19,2025-07-19T00:00,"[""2025-06-14"", ""2025-06-21"", ""2025-06-28"", ""2025-07-05"", ""2025-07-12""]","[""2025-07-12"", ""2025-07-13"", ""2025-07-14"", ""2025-07-15"", ""2025-07-16"", ""2025-07-17"", ""2025-07-18""]","[""2025-06-19"", ""2025-06-20"", ""2025-06-21"", ""2025-06-22"", ""2025-06-23"", ""2025-06-24"", ""2025-06-25"", ""2025-06-26"", ""2025-06-27"", ""2025-06-28"", ""2025-06-29"", ""2025-06-30"", ""2025-07-01"", ""2025-07-02"", ""2025-07-03"", ""2025-07-04"", ""2025-07-05"", ""2025-07-06"", ""2025-07-07"", ""2025-07-08"", ""2025-07-09"", ""2025-07-10"", ""2025-07-11"", ""2025-07-12"", ""2025-07-13"", ""2025-07-14"", ""2025-07-15"", ""2025-07-16"", ""2025-07-17"", ""2025-07-18""]",2025-07-18,30
2025-07-20,2025-07-20T00:00,"[""2025-06-15"", ""2025-06-22"", ""2025-06-29"", ""2025-07-06"", ""2025-07-13""]","[""2025-07-13"", ""2025-07-14"", ""2025-07-15"", ""2025-07-16"", ""2025-07-17"", ""2025-07-18"", ""2025-07-19""]","[""2025-06-20"", ""2025-06-21"", ""2025-06-22"", ""2025-06-23"", ""2025-06-24"", ""2025-06-25"", ""2025-06-26"", ""2025-06-27"", ""2025-06-28"", ""2025-06-29"", ""2025-06-30"", ""2025-07-01"", ""2025-07-02"", ""2025-07-03"", ""2025-07-04"", ""2025-07-05"", ""2025-07-06"", ""2025-07-07"", ""2025-07-08"", ""2025-07-09"", ""2025-07-10"", ""2025-07-11"", ""2025-07-12"", ""2025-07-13"", ""2025-07-14"", ""2025-07-15"", ""2025-07-16"", ""2025-07-17"", ""2025-07-18"", ""2025-07-19""]",2025-07-19,30
2025-07-21,2025-07-21T00:00,"[""2025-06-16"", ""2025-06-23"", ""2025-06-30"", ""2025-07-07"", ""2025-07-14""]","[""2025-07-14"", ""2025-07-15"", ""2025-07-16"", ""2025-07-17"", ""2025-07-18"", ""2025-07-19"", ""2025-07-20""]","[""2025-06-21"", ""2025-06-22"", ""2025-06-23"", ""2025-06-24"", ""2025-06-25"", ""2025-06-26"", ""2025-06-27"", ""2025-06-28"", ""2025-06-29"", ""2025-06-30"", ""2025-07-01"", ""2025-07-02"", ""2025-07-03"", ""2025-07-04"", ""2025-07-05"", ""2025-07-06"", ""2025-07-07"", ""2025-07-08"", ""2025-07-09"", ""2025-07-10"", ""2025-07-11"", ""2025-07-12"", ""2025-07-13"", ""2025-07-14"", ""2025-07-15"", ""2025-07-16"", ""2025-07-17"", ""2025-07-18"", ""2025-07-19"", ""2025-07-20""]",2025-07-20,30
2025-07-22,2025-07-22T00:00,"[""2025-06-17"", ""2025-06-24"", ""2025-07-01"", ""2025-07-08"", ""2025-07-15""]","[""2025-07-15"", ""2025-07-16"", ""2025-07-17"", ""2025-07-18"", ""2025-07-19"", ""2025-07-20"", ""2025-07-21""]","[""2025-06-22"", ""2025-06-23"", ""2025-06-24"", ""2025-06-25"", ""2025-06-26"", ""2025-06-27"", ""2025-06-28"", ""2025-06-29"", ""2025-06-30"", ""2025-07-01"", ""2025-07-02"", ""2025-07-03"", ""2025-07-04"", ""2025-07-05"", ""2025-07-06"", ""2025-07-07"", ""2025-07-08"", ""2025-07-09"", ""2025-07-10"", ""2025-07-11"", ""2025-07-12"", ""2025-07-13"", ""2025-07-14"", ""2025-07-15"", ""2025-07-16"", ""2025-07-17"", ""2025-07-18"", ""2025-07-19"", ""2025-07-20"", ""2025-07-21""]",2025-07-21,30
2025-07-23,2025-07-23T00:00,"[""2025-06-18"", ""2025-06-25"", ""2025-07-02"", ""2025-07-09"", ""2025-07-16""]","[""2025-07-16"", ""2025-07-17"", ""2025-07-18"", ""2025-07-19"", ""2025-07-20"", ""2025-07-21"", ""2025-07-22""]","[""2025-06-23"", ""2025-06-24"", ""2025-06-25"", ""2025-06-26"", ""2025-06-27"", ""2025-06-28"", ""2025-06-29"", ""2025-06-30"", ""2025-07-01"", ""2025-07-02"", ""2025-07-03"", ""2025-07-04"", ""2025-07-05"", ""2025-07-06"", ""2025-07-07"", ""2025-07-08"", ""2025-07-09"", ""2025-07-10"", ""2025-07-11"", ""2025-07-12"", ""2025-07-13"", ""2025-07-14"", ""2025-07-15"", ""2025-07-16"", ""2025-07-17"", ""2025-07-18"", ""2025-07-19"", ""2025-07-20"", ""2025-07-21"", ""2025-07-22""]",2025-07-22,30
2025-07-24,2025-07-24T00:00,"[""2025-06-19"", ""2025-06-26"", ""2025-07-03"", ""2025-07-10"", ""2025-07-17""]","[""2025-07-17"", ""2025-07-18"", ""2025-07-19"", ""2025-07-20"", ""2025-07-21"", ""2025-07-22"", ""2025-07-23""]","[""2025-06-24"", ""2025-06-25"", ""2025-06-26"", ""2025-06-27"", ""2025-06-28"", ""2025-06-29"", ""2025-06-30"", ""2025-07-01"", ""2025-07-02"", ""2025-07-03"", ""2025-07-04"", ""2025-07-05"", ""2025-07-06"", ""2025-07-07"", ""2025-07-08"", ""2025-07-09"", ""2025-07-10"", ""2025-07-11"", ""2025-07-12"", ""2025-07-13"", ""2025-07-14"", ""2025-07-15"", ""2025-07-16"", ""2025-07-17"", ""2025-07-18"", ""2025-07-19"", ""2025-07-20"", ""2025-07-21"", ""2025-07-22"", ""2025-07-23""]",2025-07-23,30
2025-07-25,2025-07-25T00:00,"[""2025-06-20"", ""2025-06-27"", ""2025-07-04"", ""2025-07-11"", ""2025-07-18""]","[""2025-07-18"", ""2025-07-19"", ""2025-07-20"", ""2025-07-21"", ""2025-07-22"", ""2025-07-23"", ""2025-07-24""]","[""2025-06-25"", ""2025-06-26"", ""2025-06-27"", ""2025-06-28"", ""2025-06-29"", ""2025-06-30"", ""2025-07-01"", ""2025-07-02"", ""2025-07-03"", ""2025-07-04"", ""2025-07-05"", ""2025-07-06"", ""2025-07-07"", ""2025-07-08"", ""2025-07-09"", ""2025-07-10"", ""2025-07-11"", ""2025-07-12"", ""2025-07-13"", ""2025-07-14"", ""2025-07-15"", ""2025-07-16"", ""2025-07-17"", ""2025-07-18"", ""2025-07-19"", ""2025-07-20"", ""2025-07-21"", ""2025-07-22"", ""2025-07-23"", ""2025-07-24""]",2025-07-24,30
2025-07-26,2025-07-26T00:00,"[""2025-06-21"", ""2025-06-28"", ""2025-07-05"", ""2025-07-12"", ""2025-07-19""]","[""2025-07-19"", ""2025-07-20"", ""2025-07-21"", ""2025-07-22"", ""2025-07-23"", ""2025-07-24"", ""2025-07-25""]","[""2025-06-26"", ""2025-06-27"", ""2025-06-28"", ""2025-06-29"", ""2025-06-30"", ""2025-07-01"", ""2025-07-02"", ""2025-07-03"", ""2025-07-04"", ""2025-07-05"", ""2025-07-06"", ""2025-07-07"", ""2025-07-08"", ""2025-07-09"", ""2025-07-10"", ""2025-07-11"", ""2025-07-12"", ""2025-07-13"", ""2025-07-14"", ""2025-07-15"", ""2025-07-16"", ""2025-07-17"", ""2025-07-18"", ""2025-07-19"", ""2025-07-20"", ""2025-07-21"", ""2025-07-22"", ""2025-07-23"", ""2025-07-24"", ""2025-07-25""]",2025-07-25,30
2025-07-27,2025-07-27T00:00,"[""2025-06-22"", ""2025-06-29"", ""2025-07-06"", ""2025-07-13"", ""2025-07-20""]","[""2025-07-20"", ""2025-07-21"", ""2025-07-22"", ""2025-07-23"", ""2025-07-24"", ""2025-07-25"", ""2025-07-26""]","[""2025-06-27"", ""2025-06-28"", ""2025-06-29"", ""2025-06-30"", ""2025-07-01"", ""2025-07-02"", ""2025-07-03"", ""2025-07-04"", ""2025-07-05"", ""2025-07-06"", ""2025-07-07"", ""2025-07-08"", ""2025-07-09"", ""2025-07-10"", ""2025-07-11"", ""2025-07-12"", ""2025-07-13"", ""2025-07-14"", ""2025-07-15"", ""2025-07-16"", ""2025-07-17"", ""2025-07-18"", ""2025-07-19"", ""2025-07-20"", ""2025-07-21"", ""2025-07-22"", ""2025-07-23"", ""2025-07-24"", ""2025-07-25"", ""2025-07-26""]",2025-07-26,30
2025-07-28,2025-07-28T00:00,"[""2025-06-23"", ""2025-06-30"", ""2025-07-07"", ""2025-07-14"", ""2025-07-21""]","[""2025-07-21"", ""2025-07-22"", ""2025-07-23"", ""2025-07-24"", ""2025-07-25"", ""2025-07-26"", ""2025-07-27""]","[""2025-06-28"", ""2025-06-29"", ""2025-06-30"", ""2025-07-01"", ""2025-07-02"", ""2025-07-03"", ""2025-07-04"", ""2025-07-05"", ""2025-07-06"", ""2025-07-07"", ""2025-07-08"", ""2025-07-09"", ""2025-07-10"", ""2025-07-11"", ""2025-07-12"", ""2025-07-13"", ""2025-07-14"", ""2025-07-15"", ""2025-07-16"", ""2025-07-17"", ""2025-07-18"", ""2025-07-19"", ""2025-07-20"", ""2025-07-21"", ""2025-07-22"", ""2025-07-23"", ""2025-07-24"", ""2025-07-25"", ""2025-07-26"", ""2025-07-27""]",2025-07-27,30
2025-07-29,2025-07-29T00:00,"[""2025-06-24"", ""2025-07-01"", ""2025-07-08"", ""2025-07-15"", ""2025-07-22""]","[""2025-07-22"", ""2025-07-23"", ""2025-07-24"", ""2025-07-25"", ""2025-07-26"", ""2025-07-27"", ""2025-07-28""]","[""2025-06-29"", ""2025-06-30"", ""2025-07-01"", ""2025-07-02"", ""2025-07-03"", ""2025-07-04"", ""2025-07-05"", ""2025-07-06"", ""2025-07-07"", ""2025-07-08"", ""2025-07-09"", ""2025-07-10"", ""2025-07-11"", ""2025-07-12"", ""2025-07-13"", ""2025-07-14"", ""2025-07-15"", ""2025-07-16"", ""2025-07-17"", ""2025-07-18"", ""2025-07-19"", ""2025-07-20"", ""2025-07-21"", ""2025-07-22"", ""2025-07-23"", ""2025-07-24"", ""2025-07-25"", ""2025-07-26"", ""2025-07-27"", ""2025-07-28""]",2025-07-28,30
2025-07-30,2025-07-30T00:00,"[""2025-06-25"", ""2025-07-02"", ""2025-07-09"", ""2025-07-16"", ""2025-07-23""]","[""2025-07-23"", ""2025-07-24"", ""2025-07-25"", ""2025-07-26"", ""2025-07-27"", ""2025-07-28"", ""2025-07-29""]","[""2025-06-30"", ""2025-07-01"", ""2025-07-02"", ""2025-07-03"", ""2025-07-04"", ""2025-07-05"", ""2025-07-06"", ""2025-07-07"", ""2025-07-08"", ""2025-07-09"", ""2025-07-10"", ""2025-07-11"", ""2025-07-12"", ""2025-07-13"", ""2025-07-14"", ""2025-07-15"", ""2025-07-16"", ""2025-07-17"", ""2025-07-18"", ""2025-07-19"", ""2025-07-20"", ""2025-07-21"", ""2025-07-22"", ""2025-07-23"", ""2025-07-24"", ""2025-07-25"", ""2025-07-26"", ""2025-07-27"", ""2025-07-28"", ""2025-07-29""]",2025-07-29,30
2025-07-31,2025-07-31T00:00,"[""2025-06-26"", ""2025-07-03"", ""2025-07-10"", ""2025-07-17"", ""2025-07-24""]","[""2025-07-24"", ""2025-07-25"", ""2025-07-26"", ""2025-07-27"", ""2025-07-28"", ""2025-07-29"", ""2025-07-30""]","[""2025-07-01"", ""2025-07-02"", ""2025-07-03"", ""2025-07-04"", ""2025-07-05"", ""2025-07-06"", ""2025-07-07"", ""2025-07-08"", ""2025-07-09"", ""2025-07-10"", ""2025-07-11"", ""2025-07-12"", ""2025-07-13"", ""2025-07-14"", ""2025-07-15"", ""2025-07-16"", ""2025-07-17"", ""2025-07-18"", ""2025-07-19"", ""2025-07-20"", ""2025-07-21"", ""2025-07-22"", ""2025-07-23"", ""2025-07-24"", ""2025-07-25"", ""2025-07-26"", ""2025-07-27"", ""2025-07-28"", ""2025-07-29"", ""2025-07-30""]",2025-07-30,30
2025-08-01,2025-08-01T00:00,"[""2025-06-27"", ""2025-07-04"", ""2025-07-11"", ""2025-07-18"", ""2025-07-25""]","[""2025-07-25"", ""2025-07-26"", ""2025-07-27"", ""2025-07-28"", ""2025-07-29"", ""2025-07-30"", ""2025-07-31""]","[""2025-07-02"", ""2025-07-03"", ""2025-07-04"", ""2025-07-05"", ""2025-07-06"", ""2025-07-07"", ""2025-07-08"", ""2025-07-09"", ""2025-07-10"", ""2025-07-11"", ""2025-07-12"", ""2025-07-13"", ""2025-07-14"", ""2025-07-15"", ""2025-07-16"", ""2025-07-17"", ""2025-07-18"", ""2025-07-19"", ""2025-07-20"", ""2025-07-21"", ""2025-07-22"", ""2025-07-23"", ""2025-07-24"", ""2025-07-25"", ""2025-07-26"", ""2025-07-27"", ""2025-07-28"", ""2025-07-29"", ""2025-07-30"", ""2025-07-31""]",2025-07-31,30
2025-08-02,2025-08-02T00:00,"[""2025-06-28"", ""2025-07-05"", ""2025-07-12"", ""2025-07-19"", ""2025-07-26""]","[""2025-07-26"", ""2025-07-27"", ""2025-07-28"", ""2025-07-29"", ""2025-07-30"", ""2025-07-31"", ""2025-08-01""]","[""2025-07-03"", ""2025-07-04"", ""2025-07-05"", ""2025-07-06"", ""2025-07-07"", ""2025-07-08"", ""2025-07-09"", ""2025-07-10"", ""2025-07-11"", ""2025-07-12"", ""2025-07-13"", ""2025-07-14"", ""2025-07-15"", ""2025-07-16"", ""2025-07-17"", ""2025-07-18"", ""2025-07-19"", ""2025-07-20"", ""2025-07-21"", ""2025-07-22"", ""2025-07-23"", ""2025-07-24"", ""2025-07-25"", ""2025-07-26"", ""2025-07-27"", ""2025-07-28"", ""2025-07-29"", ""2025-07-30"", ""2025-07-31"", ""2025-08-01""]",2025-08-01,30
2025-08-03,2025-08-03T00:00,"[""2025-06-29"", ""2025-07-06"", ""2025-07-13"", ""2025-07-20"", ""2025-07-27""]","[""2025-07-27"", ""2025-07-28"", ""2025-07-29"", ""2025-07-30"", ""2025-07-31"", ""2025-08-01"", ""2025-08-02""]","[""2025-07-04"", ""2025-07-05"", ""2025-07-06"", ""2025-07-07"", ""2025-07-08"", ""2025-07-09"", ""2025-07-10"", ""2025-07-11"", ""2025-07-12"", ""2025-07-13"", ""2025-07-14"", ""2025-07-15"", ""2025-07-16"", ""2025-07-17"", ""2025-07-18"", ""2025-07-19"", ""2025-07-20"", ""2025-07-21"", ""2025-07-22"", ""2025-07-23"", ""2025-07-24"", ""2025-07-25"", ""2025-07-26"", ""2025-07-27"", ""2025-07-28"", ""2025-07-29"", ""2025-07-30"", ""2025-07-31"", ""2025-08-01"", ""2025-08-02""]",2025-08-02,30
2025-08-04,2025-08-04T00:00,"[""2025-06-30"", ""2025-07-07"", ""2025-07-14"", ""2025-07-21"", ""2025-07-28""]","[""2025-07-28"", ""2025-07-29"", ""2025-07-30"", ""2025-07-31"", ""2025-08-01"", ""2025-08-02"", ""2025-08-03""]","[""2025-07-05"", ""2025-07-06"", ""2025-07-07"", ""2025-07-08"", ""2025-07-09"", ""2025-07-10"", ""2025-07-11"", ""2025-07-12"", ""2025-07-13"", ""2025-07-14"", ""2025-07-15"", ""2025-07-16"", ""2025-07-17"", ""2025-07-18"", ""2025-07-19"", ""2025-07-20"", ""2025-07-21"", ""2025-07-22"", ""2025-07-23"", ""2025-07-24"", ""2025-07-25"", ""2025-07-26"", ""2025-07-27"", ""2025-07-28"", ""2025-07-29"", ""2025-07-30"", ""2025-07-31"", ""2025-08-01"", ""2025-08-02"", ""2025-08-03""]",2025-08-03,30
2025-08-05,2025-08-05T00:00,"[""2025-07-01"", ""2025-07-08"", ""2025-07-15"", ""2025-07-22"", ""2025-07-29""]","[""2025-07-29"", ""2025-07-30"", ""2025-07-31"", ""2025-08-01"", ""2025-08-02"", ""2025-08-03"", ""2025-08-04""]","[""2025-07-06"", ""2025-07-07"", ""2025-07-08"", ""2025-07-09"", ""2025-07-10"", ""2025-07-11"", ""2025-07-12"", ""2025-07-13"", ""2025-07-14"", ""2025-07-15"", ""2025-07-16"", ""2025-07-17"", ""2025-07-18"", ""2025-07-19"", ""2025-07-20"", ""2025-07-21"", ""2025-07-22"", ""2025-07-23"", ""2025-07-24"", ""2025-07-25"", ""2025-07-26"", ""2025-07-27"", ""2025-07-28"", ""2025-07-29"", ""2025-07-30"", ""2025-07-31"", ""2025-08-01"", ""2025-08-02"", ""2025-08-03"", ""2025-08-04""]",2025-08-04,30
2025-08-06,2025-08-06T00:00,"[""2025-07-02"", ""2025-07-09"", ""2025-07-16"", ""2025-07-23"", ""2025-07-30""]","[""2025-07-30"", ""2025-07-31"", ""2025-08-01"", ""2025-08-02"", ""2025-08-03"", ""2025-08-04"", ""2025-08-05""]","[""2025-07-07"", ""2025-07-08"", ""2025-07-09"", ""2025-07-10"", ""2025-07-11"", ""2025-07-12"", ""2025-07-13"", ""2025-07-14"", ""2025-07-15"", ""2025-07-16"", ""2025-07-17"", ""2025-07-18"", ""2025-07-19"", ""2025-07-20"", ""2025-07-21"", ""2025-07-22"", ""2025-07-23"", ""2025-07-24"", ""2025-07-25"", ""2025-07-26"", ""2025-07-27"", ""2025-07-28"", ""2025-07-29"", ""2025-07-30"", ""2025-07-31"", ""2025-08-01"", ""2025-08-02"", ""2025-08-03"", ""2025-08-04"", ""2025-08-05""]",2025-08-05,30
2025-08-07,2025-08-07T00:00,"[""2025-07-03"", ""2025-07-10"", ""2025-07-17"", ""2025-07-24"", ""2025-07-31""]","[""2025-07-31"", ""2025-08-01"", ""2025-08-02"", ""2025-08-03"", ""2025-08-04"", ""2025-08-05"", ""2025-08-06""]","[""2025-07-08"", ""2025-07-09"", ""2025-07-10"", ""2025-07-11"", ""2025-07-12"", ""2025-07-13"", ""2025-07-14"", ""2025-07-15"", ""2025-07-16"", ""2025-07-17"", ""2025-07-18"", ""2025-07-19"", ""2025-07-20"", ""2025-07-21"", ""2025-07-22"", ""2025-07-23"", ""2025-07-24"", ""2025-07-25"", ""2025-07-26"", ""2025-07-27"", ""2025-07-28"", ""2025-07-29"", ""2025-07-30"", ""2025-07-31"", ""2025-08-01"", ""2025-08-02"", ""2025-08-03"", ""2025-08-04"", ""2025-08-05"", ""2025-08-06""]",2025-08-06,30
2025-08-08,2025-08-08T00:00,"[""2025-07-04"", ""2025-07-11"", ""2025-07-18"", ""2025-07-25"", ""2025-08-01""]","[""2025-08-01"", ""2025-08-02"", ""2025-08-03"", ""2025-08-04"", ""2025-08-05"", ""2025-08-06"", ""2025-08-07""]","[""2025-07-09"", ""2025-07-10"", ""2025-07-11"", ""2025-07-12"", ""2025-07-13"", ""2025-07-14"", ""2025-07-15"", ""2025-07-16"", ""2025-07-17"", ""2025-07-18"", ""2025-07-19"", ""2025-07-20"", ""2025-07-21"", ""2025-07-22"", ""2025-07-23"", ""2025-07-24"", ""2025-07-25"", ""2025-07-26"", ""2025-07-27"", ""2025-07-28"", ""2025-07-29"", ""2025-07-30"", ""2025-07-31"", ""2025-08-01"", ""2025-08-02"", ""2025-08-03"", ""2025-08-04"", ""2025-08-05"", ""2025-08-06"", ""2025-08-07""]",2025-08-07,30
2025-08-09,2025-08-09T00:00,"[""2025-07-05"", ""2025-07-12"", ""2025-07-19"", ""2025-07-26"", ""2025-08-02""]","[""2025-08-02"", ""2025-08-03"", ""2025-08-04"", ""2025-08-05"", ""2025-08-06"", ""2025-08-07"", ""2025-08-08""]","[""2025-07-10"", ""2025-07-11"", ""2025-07-12"", ""2025-07-13"", ""2025-07-14"", ""2025-07-15"", ""2025-07-16"", ""2025-07-17"", ""2025-07-18"", ""2025-07-19"", ""2025-07-20"", ""2025-07-21"", ""2025-07-22"", ""2025-07-23"", ""2025-07-24"", ""2025-07-25"", ""2025-07-26"", ""2025-07-27"", ""2025-07-28"", ""2025-07-29"", ""2025-07-30"", ""2025-07-31"", ""2025-08-01"", ""2025-08-02"", ""2025-08-03"", ""2025-08-04"", ""2025-08-05"", ""2025-08-06"", ""2025-08-07"", ""2025-08-08""]",2025-08-08,30
2025-08-10,2025-08-10T00:00,"[""2025-07-06"", ""2025-07-13"", ""2025-07-20"", ""2025-07-27"", ""2025-08-03""]","[""2025-08-03"", ""2025-08-04"", ""2025-08-05"", ""2025-08-06"", ""2025-08-07"", ""2025-08-08"", ""2025-08-09""]","[""2025-07-11"", ""2025-07-12"", ""2025-07-13"", ""2025-07-14"", ""2025-07-15"", ""2025-07-16"", ""2025-07-17"", ""2025-07-18"", ""2025-07-19"", ""2025-07-20"", ""2025-07-21"", ""2025-07-22"", ""2025-07-23"", ""2025-07-24"", ""2025-07-25"", ""2025-07-26"", ""2025-07-27"", ""2025-07-28"", ""2025-07-29"", ""2025-07-30"", ""2025-07-31"", ""2025-08-01"", ""2025-08-02"", ""2025-08-03"", ""2025-08-04"", ""2025-08-05"", ""2025-08-06"", ""2025-08-07"", ""2025-08-08"", ""2025-08-09""]",2025-08-09,30
2025-08-11,2025-08-11T00:00,"[""2025-07-07"", ""2025-07-14"", ""2025-07-21"", ""2025-07-28"", ""2025-08-04""]","[""2025-08-04"", ""2025-08-05"", ""2025-08-06"", ""2025-08-07"", ""2025-08-08"", ""2025-08-09"", ""2025-08-10""]","[""2025-07-12"", ""2025-07-13"", ""2025-07-14"", ""2025-07-15"", ""2025-07-16"", ""2025-07-17"", ""2025-07-18"", ""2025-07-19"", ""2025-07-20"", ""2025-07-21"", ""2025-07-22"", ""2025-07-23"", ""2025-07-24"", ""2025-07-25"", ""2025-07-26"", ""2025-07-27"", ""2025-07-28"", ""2025-07-29"", ""2025-07-30"", ""2025-07-31"", ""2025-08-01"", ""2025-08-02"", ""2025-08-03"", ""2025-08-04"", ""2025-08-05"", ""2025-08-06"", ""2025-08-07"", ""2025-08-08"", ""2025-08-09"", ""2025-08-10""]",2025-08-10,30
2025-08-12,2025-08-12T00:00,"[""2025-07-08"", ""2025-07-15"", ""2025-07-22"", ""2025-07-29"", ""2025-08-05""]","[""2025-08-05"", ""2025-08-06"", ""2025-08-07"", ""2025-08-08"", ""2025-08-09"", ""2025-08-10"", ""2025-08-11""]","[""2025-07-13"", ""2025-07-14"", ""2025-07-15"", ""2025-07-16"", ""2025-07-17"", ""2025-07-18"", ""2025-07-19"", ""2025-07-20"", ""2025-07-21"", ""2025-07-22"", ""2025-07-23"", ""2025-07-24"", ""2025-07-25"", ""2025-07-26"", ""2025-07-27"", ""2025-07-28"", ""2025-07-29"", ""2025-07-30"", ""2025-07-31"", ""2025-08-01"", ""2025-08-02"", ""2025-08-03"", ""2025-08-04"", ""2025-08-05"", ""2025-08-06"", ""2025-08-07"", ""2025-08-08"", ""2025-08-09"", ""2025-08-10"", ""2025-08-11""]",2025-08-11,30
2025-08-13,2025-08-13T00:00,"[""2025-07-09"", ""2025-07-16"", ""2025-07-23"", ""2025-07-30"", ""2025-08-06""]","[""2025-08-06"", ""2025-08-07"", ""2025-08-08"", ""2025-08-09"", ""2025-08-10"", ""2025-08-11"", ""2025-08-12""]","[""2025-07-14"", ""2025-07-15"", ""2025-07-16"", ""2025-07-17"", ""2025-07-18"", ""2025-07-19"", ""2025-07-20"", ""2025-07-21"", ""2025-07-22"", ""2025-07-23"", ""2025-07-24"", ""2025-07-25"", ""2025-07-26"", ""2025-07-27"", ""2025-07-28"", ""2025-07-29"", ""2025-07-30"", ""2025-07-31"", ""2025-08-01"", ""2025-08-02"", ""2025-08-03"", ""2025-08-04"", ""2025-08-05"", ""2025-08-06"", ""2025-08-07"", ""2025-08-08"", ""2025-08-09"", ""2025-08-10"", ""2025-08-11"", ""2025-08-12""]",2025-08-12,30
2025-08-14,2025-08-14T00:00,"[""2025-07-10"", ""2025-07-17"", ""2025-07-24"", ""2025-07-31"", ""2025-08-07""]","[""2025-08-07"", ""2025-08-08"", ""2025-08-09"", ""2025-08-10"", ""2025-08-11"", ""2025-08-12"", ""2025-08-13""]","[""2025-07-15"", ""2025-07-16"", ""2025-07-17"", ""2025-07-18"", ""2025-07-19"", ""2025-07-20"", ""2025-07-21"", ""2025-07-22"", ""2025-07-23"", ""2025-07-24"", ""2025-07-25"", ""2025-07-26"", ""2025-07-27"", ""2025-07-28"", ""2025-07-29"", ""2025-07-30"", ""2025-07-31"", ""2025-08-01"", ""2025-08-02"", ""2025-08-03"", ""2025-08-04"", ""2025-08-05"", ""2025-08-06"", ""2025-08-07"", ""2025-08-08"", ""2025-08-09"", ""2025-08-10"", ""2025-08-11"", ""2025-08-12"", ""2025-08-13""]",2025-08-13,30
2025-08-15,2025-08-15T00:00,"[""2025-07-11"", ""2025-07-18"", ""2025-07-25"", ""2025-08-01"", ""2025-08-08""]","[""2025-08-08"", ""2025-08-09"", ""2025-08-10"", ""2025-08-11"", ""2025-08-12"", ""2025-08-13"", ""2025-08-14""]","[""2025-07-16"", ""2025-07-17"", ""2025-07-18"", ""2025-07-19"", ""2025-07-20"", ""2025-07-21"", ""2025-07-22"", ""2025-07-23"", ""2025-07-24"", ""2025-07-25"", ""2025-07-26"", ""2025-07-27"", ""2025-07-28"", ""2025-07-29"", ""2025-07-30"", ""2025-07-31"", ""2025-08-01"", ""2025-08-02"", ""2025-08-03"", ""2025-08-04"", ""2025-08-05"", ""2025-08-06"", ""2025-08-07"", ""2025-08-08"", ""2025-08-09"", ""2025-08-10"", ""2025-08-11"", ""2025-08-12"", ""2025-08-13"", ""2025-08-14""]",2025-08-14,30
2025-08-16,2025-08-16T00:00,"[""2025-07-12"", ""2025-07-19"", ""2025-07-26"", ""2025-08-02"", ""2025-08-09""]","[""2025-08-09"", ""2025-08-10"", ""2025-08-11"", ""2025-08-12"", ""2025-08-13"", ""2025-08-14"", ""2025-08-15""]","[""2025-07-17"", ""2025-07-18"", ""2025-07-19"", ""2025-07-20"", ""2025-07-21"", ""2025-07-22"", ""2025-07-23"", ""2025-07-24"", ""2025-07-25"", ""2025-07-26"", ""2025-07-27"", ""2025-07-28"", ""2025-07-29"", ""2025-07-30"", ""2025-07-31"", ""2025-08-01"", ""2025-08-02"", ""2025-08-03"", ""2025-08-04"", ""2025-08-05"", ""2025-08-06"", ""2025-08-07"", ""2025-08-08"", ""2025-08-09"", ""2025-08-10"", ""2025-08-11"", ""2025-08-12"", ""2025-08-13"", ""2025-08-14"", ""2025-08-15""]",2025-08-15,30
2025-08-17,2025-08-17T00:00,"[""2025-07-13"", ""2025-07-20"", ""2025-07-27"", ""2025-08-03"", ""2025-08-10""]","[""2025-08-10"", ""2025-08-11"", ""2025-08-12"", ""2025-08-13"", ""2025-08-14"", ""2025-08-15"", ""2025-08-16""]","[""2025-07-18"", ""2025-07-19"", ""2025-07-20"", ""2025-07-21"", ""2025-07-22"", ""2025-07-23"", ""2025-07-24"", ""2025-07-25"", ""2025-07-26"", ""2025-07-27"", ""2025-07-28"", ""2025-07-29"", ""2025-07-30"", ""2025-07-31"", ""2025-08-01"", ""2025-08-02"", ""2025-08-03"", ""2025-08-04"", ""2025-08-05"", ""2025-08-06"", ""2025-08-07"", ""2025-08-08"", ""2025-08-09"", ""2025-08-10"", ""2025-08-11"", ""2025-08-12"", ""2025-08-13"", ""2025-08-14"", ""2025-08-15"", ""2025-08-16""]",2025-08-16,30
2025-08-18,2025-08-18T00:00,"[""2025-07-14"", ""2025-07-21"", ""2025-07-28"", ""2025-08-04"", ""2025-08-11""]","[""2025-08-11"", ""2025-08-12"", ""2025-08-13"", ""2025-08-14"", ""2025-08-15"", ""2025-08-16"", ""2025-08-17""]","[""2025-07-19"", ""2025-07-20"", ""2025-07-21"", ""2025-07-22"", ""2025-07-23"", ""2025-07-24"", ""2025-07-25"", ""2025-07-26"", ""2025-07-27"", ""2025-07-28"", ""2025-07-29"", ""2025-07-30"", ""2025-07-31"", ""2025-08-01"", ""2025-08-02"", ""2025-08-03"", ""2025-08-04"", ""2025-08-05"", ""2025-08-06"", ""2025-08-07"", ""2025-08-08"", ""2025-08-09"", ""2025-08-10"", ""2025-08-11"", ""2025-08-12"", ""2025-08-13"", ""2025-08-14"", ""2025-08-15"", ""2025-08-16"", ""2025-08-17""]",2025-08-17,30
2025-08-19,2025-08-19T00:00,"[""2025-07-15"", ""2025-07-22"", ""2025-07-29"", ""2025-08-05"", ""2025-08-12""]","[""2025-08-12"", ""2025-08-13"", ""2025-08-14"", ""2025-08-15"", ""2025-08-16"", ""2025-08-17"", ""2025-08-18""]","[""2025-07-20"", ""2025-07-21"", ""2025-07-22"", ""2025-07-23"", ""2025-07-24"", ""2025-07-25"", ""2025-07-26"", ""2025-07-27"", ""2025-07-28"", ""2025-07-29"", ""2025-07-30"", ""2025-07-31"", ""2025-08-01"", ""2025-08-02"", ""2025-08-03"", ""2025-08-04"", ""2025-08-05"", ""2025-08-06"", ""2025-08-07"", ""2025-08-08"", ""2025-08-09"", ""2025-08-10"", ""2025-08-11"", ""2025-08-12"", ""2025-08-13"", ""2025-08-14"", ""2025-08-15"", ""2025-08-16"", ""2025-08-17"", ""2025-08-18""]",2025-08-18,30
2025-08-20,2025-08-20T00:00,"[""2025-07-16"", ""2025-07-23"", ""2025-07-30"", ""2025-08-06"", ""2025-08-13""]","[""2025-08-13"", ""2025-08-14"", ""2025-08-15"", ""2025-08-16"", ""2025-08-17"", ""2025-08-18"", ""2025-08-19""]","[""2025-07-21"", ""2025-07-22"", ""2025-07-23"", ""2025-07-24"", ""2025-07-25"", ""2025-07-26"", ""2025-07-27"", ""2025-07-28"", ""2025-07-29"", ""2025-07-30"", ""2025-07-31"", ""2025-08-01"", ""2025-08-02"", ""2025-08-03"", ""2025-08-04"", ""2025-08-05"", ""2025-08-06"", ""2025-08-07"", ""2025-08-08"", ""2025-08-09"", ""2025-08-10"", ""2025-08-11"", ""2025-08-12"", ""2025-08-13"", ""2025-08-14"", ""2025-08-15"", ""2025-08-16"", ""2025-08-17"", ""2025-08-18"", ""2025-08-19""]",2025-08-19,30
2025-08-21,2025-08-21T00:00,"[""2025-07-17"", ""2025-07-24"", ""2025-07-31"", ""2025-08-07"", ""2025-08-14""]","[""2025-08-14"", ""2025-08-15"", ""2025-08-16"", ""2025-08-17"", ""2025-08-18"", ""2025-08-19"", ""2025-08-20""]","[""2025-07-22"", ""2025-07-23"", ""2025-07-24"", ""2025-07-25"", ""2025-07-26"", ""2025-07-27"", ""2025-07-28"", ""2025-07-29"", ""2025-07-30"", ""2025-07-31"", ""2025-08-01"", ""2025-08-02"", ""2025-08-03"", ""2025-08-04"", ""2025-08-05"", ""2025-08-06"", ""2025-08-07"", ""2025-08-08"", ""2025-08-09"", ""2025-08-10"", ""2025-08-11"", ""2025-08-12"", ""2025-08-13"", ""2025-08-14"", ""2025-08-15"", ""2025-08-16"", ""2025-08-17"", ""2025-08-18"", ""2025-08-19"", ""2025-08-20""]",2025-08-20,30
2025-08-22,2025-08-22T00:00,"[""2025-07-18"", ""2025-07-25"", ""2025-08-01"", ""2025-08-08"", ""2025-08-15""]","[""2025-08-15"", ""2025-08-16"", ""2025-08-17"", ""2025-08-18"", ""2025-08-19"", ""2025-08-20"", ""2025-08-21""]","[""2025-07-23"", ""2025-07-24"", ""2025-07-25"", ""2025-07-26"", ""2025-07-27"", ""2025-07-28"", ""2025-07-29"", ""2025-07-30"", ""2025-07-31"", ""2025-08-01"", ""2025-08-02"", ""2025-08-03"", ""2025-08-04"", ""2025-08-05"", ""2025-08-06"", ""2025-08-07"", ""2025-08-08"", ""2025-08-09"", ""2025-08-10"", ""2025-08-11"", ""2025-08-12"", ""2025-08-13"", ""2025-08-14"", ""2025-08-15"", ""2025-08-16"", ""2025-08-17"", ""2025-08-18"", ""2025-08-19"", ""2025-08-20"", ""2025-08-21""]",2025-08-21,30
2025-08-23,2025-08-23T00:00,"[""2025-07-19"", ""2025-07-26"", ""2025-08-02"", ""2025-08-09"", ""2025-08-16""]","[""2025-08-16"", ""2025-08-17"", ""2025-08-18"", ""2025-08-19"", ""2025-08-20"", ""2025-08-21"", ""2025-08-22""]","[""2025-07-24"", ""2025-07-25"", ""2025-07-26"", ""2025-07-27"", ""2025-07-28"", ""2025-07-29"", ""2025-07-30"", ""2025-07-31"", ""2025-08-01"", ""2025-08-02"", ""2025-08-03"", ""2025-08-04"", ""2025-08-05"", ""2025-08-06"", ""2025-08-07"", ""2025-08-08"", ""2025-08-09"", ""2025-08-10"", ""2025-08-11"", ""2025-08-12"", ""2025-08-13"", ""2025-08-14"", ""2025-08-15"", ""2025-08-16"", ""2025-08-17"", ""2025-08-18"", ""2025-08-19"", ""2025-08-20"", ""2025-08-21"", ""2025-08-22""]",2025-08-22,30
2025-08-24,2025-08-24T00:00,"[""2025-07-20"", ""2025-07-27"", ""2025-08-03"", ""2025-08-10"", ""2025-08-17""]","[""2025-08-17"", ""2025-08-18"", ""2025-08-19"", ""2025-08-20"", ""2025-08-21"", ""2025-08-22"", ""2025-08-23""]","[""2025-07-25"", ""2025-07-26"", ""2025-07-27"", ""2025-07-28"", ""2025-07-29"", ""2025-07-30"", ""2025-07-31"", ""2025-08-01"", ""2025-08-02"", ""2025-08-03"", ""2025-08-04"", ""2025-08-05"", ""2025-08-06"", ""2025-08-07"", ""2025-08-08"", ""2025-08-09"", ""2025-08-10"", ""2025-08-11"", ""2025-08-12"", ""2025-08-13"", ""2025-08-14"", ""2025-08-15"", ""2025-08-16"", ""2025-08-17"", ""2025-08-18"", ""2025-08-19"", ""2025-08-20"", ""2025-08-21"", ""2025-08-22"", ""2025-08-23""]",2025-08-23,30
2025-08-25,2025-08-25T00:00,"[""2025-07-21"", ""2025-07-28"", ""2025-08-04"", ""2025-08-11"", ""2025-08-18""]","[""2025-08-18"", ""2025-08-19"", ""2025-08-20"", ""2025-08-21"", ""2025-08-22"", ""2025-08-23"", ""2025-08-24""]","[""2025-07-26"", ""2025-07-27"", ""2025-07-28"", ""2025-07-29"", ""2025-07-30"", ""2025-07-31"", ""2025-08-01"", ""2025-08-02"", ""2025-08-03"", ""2025-08-04"", ""2025-08-05"", ""2025-08-06"", ""2025-08-07"", ""2025-08-08"", ""2025-08-09"", ""2025-08-10"", ""2025-08-11"", ""2025-08-12"", ""2025-08-13"", ""2025-08-14"", ""2025-08-15"", ""2025-08-16"", ""2025-08-17"", ""2025-08-18"", ""2025-08-19"", ""2025-08-20"", ""2025-08-21"", ""2025-08-22"", ""2025-08-23"", ""2025-08-24""]",2025-08-24,30
2025-08-26,2025-08-26T00:00,"[""2025-07-22"", ""2025-07-29"", ""2025-08-05"", ""2025-08-12"", ""2025-08-19""]","[""2025-08-19"", ""2025-08-20"", ""2025-08-21"", ""2025-08-22"", ""2025-08-23"", ""2025-08-24"", ""2025-08-25""]","[""2025-07-27"", ""2025-07-28"", ""2025-07-29"", ""2025-07-30"", ""2025-07-31"", ""2025-08-01"", ""2025-08-02"", ""2025-08-03"", ""2025-08-04"", ""2025-08-05"", ""2025-08-06"", ""2025-08-07"", ""2025-08-08"", ""2025-08-09"", ""2025-08-10"", ""2025-08-11"", ""2025-08-12"", ""2025-08-13"", ""2025-08-14"", ""2025-08-15"", ""2025-08-16"", ""2025-08-17"", ""2025-08-18"", ""2025-08-19"", ""2025-08-20"", ""2025-08-21"", ""2025-08-22"", ""2025-08-23"", ""2025-08-24"", ""2025-08-25""]",2025-08-25,30
2025-08-27,2025-08-27T00:00,"[""2025-07-23"", ""2025-07-30"", ""2025-08-06"", ""2025-08-13"", ""2025-08-20""]","[""2025-08-20"", ""2025-08-21"", ""2025-08-22"", ""2025-08-23"", ""2025-08-24"", ""2025-08-25"", ""2025-08-26""]","[""2025-07-28"", ""2025-07-29"", ""2025-07-30"", ""2025-07-31"", ""2025-08-01"", ""2025-08-02"", ""2025-08-03"", ""2025-08-04"", ""2025-08-05"", ""2025-08-06"", ""2025-08-07"", ""2025-08-08"", ""2025-08-09"", ""2025-08-10"", ""2025-08-11"", ""2025-08-12"", ""2025-08-13"", ""2025-08-14"", ""2025-08-15"", ""2025-08-16"", ""2025-08-17"", ""2025-08-18"", ""2025-08-19"", ""2025-08-20"", ""2025-08-21"", ""2025-08-22"", ""2025-08-23"", ""2025-08-24"", ""2025-08-25"", ""2025-08-26""]",2025-08-26,30
2025-08-28,2025-08-28T00:00,"[""2025-07-24"", ""2025-07-31"", ""2025-08-07"", ""2025-08-14"", ""2025-08-21""]","[""2025-08-21"", ""2025-08-22"", ""2025-08-23"", ""2025-08-24"", ""2025-08-25"", ""2025-08-26"", ""2025-08-27""]","[""2025-07-29"", ""2025-07-30"", ""2025-07-31"", ""2025-08-01"", ""2025-08-02"", ""2025-08-03"", ""2025-08-04"", ""2025-08-05"", ""2025-08-06"", ""2025-08-07"", ""2025-08-08"", ""2025-08-09"", ""2025-08-10"", ""2025-08-11"", ""2025-08-12"", ""2025-08-13"", ""2025-08-14"", ""2025-08-15"", ""2025-08-16"", ""2025-08-17"", ""2025-08-18"", ""2025-08-19"", ""2025-08-20"", ""2025-08-21"", ""2025-08-22"", ""2025-08-23"", ""2025-08-24"", ""2025-08-25"", ""2025-08-26"", ""2025-08-27""]",2025-08-27,30
2025-08-29,2025-08-29T00:00,"[""2025-07-25"", ""2025-08-01"", ""2025-08-08"", ""2025-08-15"", ""2025-08-22""]","[""2025-08-22"", ""2025-08-23"", ""2025-08-24"", ""2025-08-25"", ""2025-08-26"", ""2025-08-27"", ""2025-08-28""]","[""2025-07-30"", ""2025-07-31"", ""2025-08-01"", ""2025-08-02"", ""2025-08-03"", ""2025-08-04"", ""2025-08-05"", ""2025-08-06"", ""2025-08-07"", ""2025-08-08"", ""2025-08-09"", ""2025-08-10"", ""2025-08-11"", ""2025-08-12"", ""2025-08-13"", ""2025-08-14"", ""2025-08-15"", ""2025-08-16"", ""2025-08-17"", ""2025-08-18"", ""2025-08-19"", ""2025-08-20"", ""2025-08-21"", ""2025-08-22"", ""2025-08-23"", ""2025-08-24"", ""2025-08-25"", ""2025-08-26"", ""2025-08-27"", ""2025-08-28""]",2025-08-28,30
2025-08-30,2025-08-30T00:00,"[""2025-07-26"", ""2025-08-02"", ""2025-08-09"", ""2025-08-16"", ""2025-08-23""]","[""2025-08-23"", ""2025-08-24"", ""2025-08-25"", ""2025-08-26"", ""2025-08-27"", ""2025-08-28"", ""2025-08-29""]","[""2025-07-31"", ""2025-08-01"", ""2025-08-02"", ""2025-08-03"", ""2025-08-04"", ""2025-08-05"", ""2025-08-06"", ""2025-08-07"", ""2025-08-08"", ""2025-08-09"", ""2025-08-10"", ""2025-08-11"", ""2025-08-12"", ""2025-08-13"", ""2025-08-14"", ""2025-08-15"", ""2025-08-16"", ""2025-08-17"", ""2025-08-18"", ""2025-08-19"", ""2025-08-20"", ""2025-08-21"", ""2025-08-22"", ""2025-08-23"", ""2025-08-24"", ""2025-08-25"", ""2025-08-26"", ""2025-08-27"", ""2025-08-28"", ""2025-08-29""]",2025-08-29,30
2025-08-31,2025-08-31T00:00,"[""2025-07-27"", ""2025-08-03"", ""2025-08-10"", ""2025-08-17"", ""2025-08-24""]","[""2025-08-24"", ""2025-08-25"", ""2025-08-26"", ""2025-08-27"", ""2025-08-28"", ""2025-08-29"", ""2025-08-30""]","[""2025-08-01"", ""2025-08-02"", ""2025-08-03"", ""2025-08-04"", ""2025-08-05"", ""2025-08-06"", ""2025-08-07"", ""2025-08-08"", ""2025-08-09"", ""2025-08-10"", ""2025-08-11"", ""2025-08-12"", ""2025-08-13"", ""2025-08-14"", ""2025-08-15"", ""2025-08-16"", ""2025-08-17"", ""2025-08-18"", ""2025-08-19"", ""2025-08-20"", ""2025-08-21"", ""2025-08-22"", ""2025-08-23"", ""2025-08-24"", ""2025-08-25"", ""2025-08-26"", ""2025-08-27"", ""2025-08-28"", ""2025-08-29"", ""2025-08-30""]",2025-08-30,30
2025-09-01,2025-09-01T00:00,"[""2025-07-28"", ""2025-08-04"", ""2025-08-11"", ""2025-08-18"", ""2025-08-25""]","[""2025-08-25"", ""2025-08-26"", ""2025-08-27"", ""2025-08-28"", ""2025-08-29"", ""2025-08-30"", ""2025-08-31""]","[""2025-08-02"", ""2025-08-03"", ""2025-08-04"", ""2025-08-05"", ""2025-08-06"", ""2025-08-07"", ""2025-08-08"", ""2025-08-09"", ""2025-08-10"", ""2025-08-11"", ""2025-08-12"", ""2025-08-13"", ""2025-08-14"", ""2025-08-15"", ""2025-08-16"", ""2025-08-17"", ""2025-08-18"", ""2025-08-19"", ""2025-08-20"", ""2025-08-21"", ""2025-08-22"", ""2025-08-23"", ""2025-08-24"", ""2025-08-25"", ""2025-08-26"", ""2025-08-27"", ""2025-08-28"", ""2025-08-29"", ""2025-08-30"", ""2025-08-31""]",2025-08-31,30
2025-09-02,2025-09-02T00:00,"[""2025-07-29"", ""2025-08-05"", ""2025-08-12"", ""2025-08-19"", ""2025-08-26""]","[""2025-08-26"", ""2025-08-27"", ""2025-08-28"", ""2025-08-29"", ""2025-08-30"", ""2025-08-31"", ""2025-09-01""]","[""2025-08-03"", ""2025-08-04"", ""2025-08-05"", ""2025-08-06"", ""2025-08-07"", ""2025-08-08"", ""2025-08-09"", ""2025-08-10"", ""2025-08-11"", ""2025-08-12"", ""2025-08-13"", ""2025-08-14"", ""2025-08-15"", ""2025-08-16"", ""2025-08-17"", ""2025-08-18"", ""2025-08-19"", ""2025-08-20"", ""2025-08-21"", ""2025-08-22"", ""2025-08-23"", ""2025-08-24"", ""2025-08-25"", ""2025-08-26"", ""2025-08-27"", ""2025-08-28"", ""2025-08-29"", ""2025-08-30"", ""2025-08-31"", ""2025-09-01""]",2025-09-01,30
2025-09-03,2025-09-03T00:00,"[""2025-07-30"", ""2025-08-06"", ""2025-08-13"", ""2025-08-20"", ""2025-08-27""]","[""2025-08-27"", ""2025-08-28"", ""2025-08-29"", ""2025-08-30"", ""2025-08-31"", ""2025-09-01"", ""2025-09-02""]","[""2025-08-04"", ""2025-08-05"", ""2025-08-06"", ""2025-08-07"", ""2025-08-08"", ""2025-08-09"", ""2025-08-10"", ""2025-08-11"", ""2025-08-12"", ""2025-08-13"", ""2025-08-14"", ""2025-08-15"", ""2025-08-16"", ""2025-08-17"", ""2025-08-18"", ""2025-08-19"", ""2025-08-20"", ""2025-08-21"", ""2025-08-22"", ""2025-08-23"", ""2025-08-24"", ""2025-08-25"", ""2025-08-26"", ""2025-08-27"", ""2025-08-28"", ""2025-08-29"", ""2025-08-30"", ""2025-08-31"", ""2025-09-01"", ""2025-09-02""]",2025-09-02,30
2025-09-04,2025-09-04T00:00,"[""2025-07-31"", ""2025-08-07"", ""2025-08-14"", ""2025-08-21"", ""2025-08-28""]","[""2025-08-28"", ""2025-08-29"", ""2025-08-30"", ""2025-08-31"", ""2025-09-01"", ""2025-09-02"", ""2025-09-03""]","[""2025-08-05"", ""2025-08-06"", ""2025-08-07"", ""2025-08-08"", ""2025-08-09"", ""2025-08-10"", ""2025-08-11"", ""2025-08-12"", ""2025-08-13"", ""2025-08-14"", ""2025-08-15"", ""2025-08-16"", ""2025-08-17"", ""2025-08-18"", ""2025-08-19"", ""2025-08-20"", ""2025-08-21"", ""2025-08-22"", ""2025-08-23"", ""2025-08-24"", ""2025-08-25"", ""2025-08-26"", ""2025-08-27"", ""2025-08-28"", ""2025-08-29"", ""2025-08-30"", ""2025-08-31"", ""2025-09-01"", ""2025-09-02"", ""2025-09-03""]",2025-09-03,30
2025-09-05,2025-09-05T00:00,"[""2025-08-01"", ""2025-08-08"", ""2025-08-15"", ""2025-08-22"", ""2025-08-29""]","[""2025-08-29"", ""2025-08-30"", ""2025-08-31"", ""2025-09-01"", ""2025-09-02"", ""2025-09-03"", ""2025-09-04""]","[""2025-08-06"", ""2025-08-07"", ""2025-08-08"", ""2025-08-09"", ""2025-08-10"", ""2025-08-11"", ""2025-08-12"", ""2025-08-13"", ""2025-08-14"", ""2025-08-15"", ""2025-08-16"", ""2025-08-17"", ""2025-08-18"", ""2025-08-19"", ""2025-08-20"", ""2025-08-21"", ""2025-08-22"", ""2025-08-23"", ""2025-08-24"", ""2025-08-25"", ""2025-08-26"", ""2025-08-27"", ""2025-08-28"", ""2025-08-29"", ""2025-08-30"", ""2025-08-31"", ""2025-09-01"", ""2025-09-02"", ""2025-09-03"", ""2025-09-04""]",2025-09-04,30
2025-09-06,2025-09-06T00:00,"[""2025-08-02"", ""2025-08-09"", ""2025-08-16"", ""2025-08-23"", ""2025-08-30""]","[""2025-08-30"", ""2025-08-31"", ""2025-09-01"", ""2025-09-02"", ""2025-09-03"", ""2025-09-04"", ""2025-09-05""]","[""2025-08-07"", ""2025-08-08"", ""2025-08-09"", ""2025-08-10"", ""2025-08-11"", ""2025-08-12"", ""2025-08-13"", ""2025-08-14"", ""2025-08-15"", ""2025-08-16"", ""2025-08-17"", ""2025-08-18"", ""2025-08-19"", ""2025-08-20"", ""2025-08-21"", ""2025-08-22"", ""2025-08-23"", ""2025-08-24"", ""2025-08-25"", ""2025-08-26"", ""2025-08-27"", ""2025-08-28"", ""2025-08-29"", ""2025-08-30"", ""2025-08-31"", ""2025-09-01"", ""2025-09-02"", ""2025-09-03"", ""2025-09-04"", ""2025-09-05""]",2025-09-05,30
2025-09-07,2025-09-07T00:00,"[""2025-08-03"", ""2025-08-10"", ""2025-08-17"", ""2025-08-24"", ""2025-08-31""]","[""2025-08-31"", ""2025-09-01"", ""2025-09-02"", ""2025-09-03"", ""2025-09-04"", ""2025-09-05"", ""2025-09-06""]","[""2025-08-08"", ""2025-08-09"", ""2025-08-10"", ""2025-08-11"", ""2025-08-12"", ""2025-08-13"", ""2025-08-14"", ""2025-08-15"", ""2025-08-16"", ""2025-08-17"", ""2025-08-18"", ""2025-08-19"", ""2025-08-20"", ""2025-08-21"", ""2025-08-22"", ""2025-08-23"", ""2025-08-24"", ""2025-08-25"", ""2025-08-26"", ""2025-08-27"", ""2025-08-28"", ""2025-08-29"", ""2025-08-30"", ""2025-08-31"", ""2025-09-01"", ""2025-09-02"", ""2025-09-03"", ""2025-09-04"", ""2025-09-05"", ""2025-09-06""]",2025-09-06,30
2025-09-08,2025-09-08T00:00,"[""2025-08-04"", ""2025-08-11"", ""2025-08-18"", ""2025-08-25"", ""2025-09-01""]","[""2025-09-01"", ""2025-09-02"", ""2025-09-03"", ""2025-09-04"", ""2025-09-05"", ""2025-09-06"", ""2025-09-07""]","[""2025-08-09"", ""2025-08-10"", ""2025-08-11"", ""2025-08-12"", ""2025-08-13"", ""2025-08-14"", ""2025-08-15"", ""2025-08-16"", ""2025-08-17"", ""2025-08-18"", ""2025-08-19"", ""2025-08-20"", ""2025-08-21"", ""2025-08-22"", ""2025-08-23"", ""2025-08-24"", ""2025-08-25"", ""2025-08-26"", ""2025-08-27"", ""2025-08-28"", ""2025-08-29"", ""2025-08-30"", ""2025-08-31"", ""2025-09-01"", ""2025-09-02"", ""2025-09-03"", ""2025-09-04"", ""2025-09-05"", ""2025-09-06"", ""2025-09-07""]",2025-09-07,30
2025-09-09,2025-09-09T00:00,"[""2025-08-05"", ""2025-08-12"", ""2025-08-19"", ""2025-08-26"", ""2025-09-02""]","[""2025-09-02"", ""2025-09-03"", ""2025-09-04"", ""2025-09-05"", ""2025-09-06"", ""2025-09-07"", ""2025-09-08""]","[""2025-08-10"", ""2025-08-11"", ""2025-08-12"", ""2025-08-13"", ""2025-08-14"", ""2025-08-15"", ""2025-08-16"", ""2025-08-17"", ""2025-08-18"", ""2025-08-19"", ""2025-08-20"", ""2025-08-21"", ""2025-08-22"", ""2025-08-23"", ""2025-08-24"", ""2025-08-25"", ""2025-08-26"", ""2025-08-27"", ""2025-08-28"", ""2025-08-29"", ""2025-08-30"", ""2025-08-31"", ""2025-09-01"", ""2025-09-02"", ""2025-09-03"", ""2025-09-04"", ""2025-09-05"", ""2025-09-06"", ""2025-09-07"", ""2025-09-08""]",2025-09-08,30
2025-09-10,2025-09-10T00:00,"[""2025-08-06"", ""2025-08-13"", ""2025-08-20"", ""2025-08-27"", ""2025-09-03""]","[""2025-09-03"", ""2025-09-04"", ""2025-09-05"", ""2025-09-06"", ""2025-09-07"", ""2025-09-08"", ""2025-09-09""]","[""2025-08-11"", ""2025-08-12"", ""2025-08-13"", ""2025-08-14"", ""2025-08-15"", ""2025-08-16"", ""2025-08-17"", ""2025-08-18"", ""2025-08-19"", ""2025-08-20"", ""2025-08-21"", ""2025-08-22"", ""2025-08-23"", ""2025-08-24"", ""2025-08-25"", ""2025-08-26"", ""2025-08-27"", ""2025-08-28"", ""2025-08-29"", ""2025-08-30"", ""2025-08-31"", ""2025-09-01"", ""2025-09-02"", ""2025-09-03"", ""2025-09-04"", ""2025-09-05"", ""2025-09-06"", ""2025-09-07"", ""2025-09-08"", ""2025-09-09""]",2025-09-09,30
2025-09-11,2025-09-11T00:00,"[""2025-08-07"", ""2025-08-14"", ""2025-08-21"", ""2025-08-28"", ""2025-09-04""]","[""2025-09-04"", ""2025-09-05"", ""2025-09-06"", ""2025-09-07"", ""2025-09-08"", ""2025-09-09"", ""2025-09-10""]","[""2025-08-12"", ""2025-08-13"", ""2025-08-14"", ""2025-08-15"", ""2025-08-16"", ""2025-08-17"", ""2025-08-18"", ""2025-08-19"", ""2025-08-20"", ""2025-08-21"", ""2025-08-22"", ""2025-08-23"", ""2025-08-24"", ""2025-08-25"", ""2025-08-26"", ""2025-08-27"", ""2025-08-28"", ""2025-08-29"", ""2025-08-30"", ""2025-08-31"", ""2025-09-01"", ""2025-09-02"", ""2025-09-03"", ""2025-09-04"", ""2025-09-05"", ""2025-09-06"", ""2025-09-07"", ""2025-09-08"", ""2025-09-09"", ""2025-09-10""]",2025-09-10,30
2025-09-12,2025-09-12T00:00,"[""2025-08-08"", ""2025-08-15"", ""2025-08-22"", ""2025-08-29"", ""2025-09-05""]","[""2025-09-05"", ""2025-09-06"", ""2025-09-07"", ""2025-09-08"", ""2025-09-09"", ""2025-09-10"", ""2025-09-11""]","[""2025-08-13"", ""2025-08-14"", ""2025-08-15"", ""2025-08-16"", ""2025-08-17"", ""2025-08-18"", ""2025-08-19"", ""2025-08-20"", ""2025-08-21"", ""2025-08-22"", ""2025-08-23"", ""2025-08-24"", ""2025-08-25"", ""2025-08-26"", ""2025-08-27"", ""2025-08-28"", ""2025-08-29"", ""2025-08-30"", ""2025-08-31"", ""2025-09-01"", ""2025-09-02"", ""2025-09-03"", ""2025-09-04"", ""2025-09-05"", ""2025-09-06"", ""2025-09-07"", ""2025-09-08"", ""2025-09-09"", ""2025-09-10"", ""2025-09-11""]",2025-09-11,30
2025-09-13,2025-09-13T00:00,"[""2025-08-09"", ""2025-08-16"", ""2025-08-23"", ""2025-08-30"", ""2025-09-06""]","[""2025-09-06"", ""2025-09-07"", ""2025-09-08"", ""2025-09-09"", ""2025-09-10"", ""2025-09-11"", ""2025-09-12""]","[""2025-08-14"", ""2025-08-15"", ""2025-08-16"", ""2025-08-17"", ""2025-08-18"", ""2025-08-19"", ""2025-08-20"", ""2025-08-21"", ""2025-08-22"", ""2025-08-23"", ""2025-08-24"", ""2025-08-25"", ""2025-08-26"", ""2025-08-27"", ""2025-08-28"", ""2025-08-29"", ""2025-08-30"", ""2025-08-31"", ""2025-09-01"", ""2025-09-02"", ""2025-09-03"", ""2025-09-04"", ""2025-09-05"", ""2025-09-06"", ""2025-09-07"", ""2025-09-08"", ""2025-09-09"", ""2025-09-10"", ""2025-09-11"", ""2025-09-12""]",2025-09-12,30
2025-09-14,2025-09-14T00:00,"[""2025-08-10"", ""2025-08-17"", ""2025-08-24"", ""2025-08-31"", ""2025-09-07""]","[""2025-09-07"", ""2025-09-08"", ""2025-09-09"", ""2025-09-10"", ""2025-09-11"", ""2025-09-12"", ""2025-09-13""]","[""2025-08-15"", ""2025-08-16"", ""2025-08-17"", ""2025-08-18"", ""2025-08-19"", ""2025-08-20"", ""2025-08-21"", ""2025-08-22"", ""2025-08-23"", ""2025-08-24"", ""2025-08-25"", ""2025-08-26"", ""2025-08-27"", ""2025-08-28"", ""2025-08-29"", ""2025-08-30"", ""2025-08-31"", ""2025-09-01"", ""2025-09-02"", ""2025-09-03"", ""2025-09-04"", ""2025-09-05"", ""2025-09-06"", ""2025-09-07"", ""2025-09-08"", ""2025-09-09"", ""2025-09-10"", ""2025-09-11"", ""2025-09-12"", ""2025-09-13""]",2025-09-13,30
2025-09-15,2025-09-15T00:00,"[""2025-08-11"", ""2025-08-18"", ""2025-08-25"", ""2025-09-01"", ""2025-09-08""]","[""2025-09-08"", ""2025-09-09"", ""2025-09-10"", ""2025-09-11"", ""2025-09-12"", ""2025-09-13"", ""2025-09-14""]","[""2025-08-16"", ""2025-08-17"", ""2025-08-18"", ""2025-08-19"", ""2025-08-20"", ""2025-08-21"", ""2025-08-22"", ""2025-08-23"", ""2025-08-24"", ""2025-08-25"", ""2025-08-26"", ""2025-08-27"", ""2025-08-28"", ""2025-08-29"", ""2025-08-30"", ""2025-08-31"", ""2025-09-01"", ""2025-09-02"", ""2025-09-03"", ""2025-09-04"", ""2025-09-05"", ""2025-09-06"", ""2025-09-07"", ""2025-09-08"", ""2025-09-09"", ""2025-09-10"", ""2025-09-11"", ""2025-09-12"", ""2025-09-13"", ""2025-09-14""]",2025-09-14,30
2025-09-16,2025-09-16T00:00,"[""2025-08-12"", ""2025-08-19"", ""2025-08-26"", ""2025-09-02"", ""2025-09-09""]","[""2025-09-09"", ""2025-09-10"", ""2025-09-11"", ""2025-09-12"", ""2025-09-13"", ""2025-09-14"", ""2025-09-15""]","[""2025-08-17"", ""2025-08-18"", ""2025-08-19"", ""2025-08-20"", ""2025-08-21"", ""2025-08-22"", ""2025-08-23"", ""2025-08-24"", ""2025-08-25"", ""2025-08-26"", ""2025-08-27"", ""2025-08-28"", ""2025-08-29"", ""2025-08-30"", ""2025-08-31"", ""2025-09-01"", ""2025-09-02"", ""2025-09-03"", ""2025-09-04"", ""2025-09-05"", ""2025-09-06"", ""2025-09-07"", ""2025-09-08"", ""2025-09-09"", ""2025-09-10"", ""2025-09-11"", ""2025-09-12"", ""2025-09-13"", ""2025-09-14"", ""2025-09-15""]",2025-09-15,30
2025-09-17,2025-09-17T00:00,"[""2025-08-13"", ""2025-08-20"", ""2025-08-27"", ""2025-09-03"", ""2025-09-10""]","[""2025-09-10"", ""2025-09-11"", ""2025-09-12"", ""2025-09-13"", ""2025-09-14"", ""2025-09-15"", ""2025-09-16""]","[""2025-08-18"", ""2025-08-19"", ""2025-08-20"", ""2025-08-21"", ""2025-08-22"", ""2025-08-23"", ""2025-08-24"", ""2025-08-25"", ""2025-08-26"", ""2025-08-27"", ""2025-08-28"", ""2025-08-29"", ""2025-08-30"", ""2025-08-31"", ""2025-09-01"", ""2025-09-02"", ""2025-09-03"", ""2025-09-04"", ""2025-09-05"", ""2025-09-06"", ""2025-09-07"", ""2025-09-08"", ""2025-09-09"", ""2025-09-10"", ""2025-09-11"", ""2025-09-12"", ""2025-09-13"", ""2025-09-14"", ""2025-09-15"", ""2025-09-16""]",2025-09-16,30
2025-09-18,2025-09-18T00:00,"[""2025-08-14"", ""2025-08-21"", ""2025-08-28"", ""2025-09-04"", ""2025-09-11""]","[""2025-09-11"", ""2025-09-12"", ""2025-09-13"", ""2025-09-14"", ""2025-09-15"", ""2025-09-16"", ""2025-09-17""]","[""2025-08-19"", ""2025-08-20"", ""2025-08-21"", ""2025-08-22"", ""2025-08-23"", ""2025-08-24"", ""2025-08-25"", ""2025-08-26"", ""2025-08-27"", ""2025-08-28"", ""2025-08-29"", ""2025-08-30"", ""2025-08-31"", ""2025-09-01"", ""2025-09-02"", ""2025-09-03"", ""2025-09-04"", ""2025-09-05"", ""2025-09-06"", ""2025-09-07"", ""2025-09-08"", ""2025-09-09"", ""2025-09-10"", ""2025-09-11"", ""2025-09-12"", ""2025-09-13"", ""2025-09-14"", ""2025-09-15"", ""2025-09-16"", ""2025-09-17""]",2025-09-17,30
2025-09-19,2025-09-19T00:00,"[""2025-08-15"", ""2025-08-22"", ""2025-08-29"", ""2025-09-05"", ""2025-09-12""]","[""2025-09-12"", ""2025-09-13"", ""2025-09-14"", ""2025-09-15"", ""2025-09-16"", ""2025-09-17"", ""2025-09-18""]","[""2025-08-20"", ""2025-08-21"", ""2025-08-22"", ""2025-08-23"", ""2025-08-24"", ""2025-08-25"", ""2025-08-26"", ""2025-08-27"", ""2025-08-28"", ""2025-08-29"", ""2025-08-30"", ""2025-08-31"", ""2025-09-01"", ""2025-09-02"", ""2025-09-03"", ""2025-09-04"", ""2025-09-05"", ""2025-09-06"", ""2025-09-07"", ""2025-09-08"", ""2025-09-09"", ""2025-09-10"", ""2025-09-11"", ""2025-09-12"", ""2025-09-13"", ""2025-09-14"", ""2025-09-15"", ""2025-09-16"", ""2025-09-17"", ""2025-09-18""]",2025-09-18,30
2025-09-20,2025-09-20T00:00,"[""2025-08-16"", ""2025-08-23"", ""2025-08-30"", ""2025-09-06"", ""2025-09-13""]","[""2025-09-13"", ""2025-09-14"", ""2025-09-15"", ""2025-09-16"", ""2025-09-17"", ""2025-09-18"", ""2025-09-19""]","[""2025-08-21"", ""2025-08-22"", ""2025-08-23"", ""2025-08-24"", ""2025-08-25"", ""2025-08-26"", ""2025-08-27"", ""2025-08-28"", ""2025-08-29"", ""2025-08-30"", ""2025-08-31"", ""2025-09-01"", ""2025-09-02"", ""2025-09-03"", ""2025-09-04"", ""2025-09-05"", ""2025-09-06"", ""2025-09-07"", ""2025-09-08"", ""2025-09-09"", ""2025-09-10"", ""2025-09-11"", ""2025-09-12"", ""2025-09-13"", ""2025-09-14"", ""2025-09-15"", ""2025-09-16"", ""2025-09-17"", ""2025-09-18"", ""2025-09-19""]",2025-09-19,30
2025-09-21,2025-09-21T00:00,"[""2025-08-17"", ""2025-08-24"", ""2025-08-31"", ""2025-09-07"", ""2025-09-14""]","[""2025-09-14"", ""2025-09-15"", ""2025-09-16"", ""2025-09-17"", ""2025-09-18"", ""2025-09-19"", ""2025-09-20""]","[""2025-08-22"", ""2025-08-23"", ""2025-08-24"", ""2025-08-25"", ""2025-08-26"", ""2025-08-27"", ""2025-08-28"", ""2025-08-29"", ""2025-08-30"", ""2025-08-31"", ""2025-09-01"", ""2025-09-02"", ""2025-09-03"", ""2025-09-04"", ""2025-09-05"", ""2025-09-06"", ""2025-09-07"", ""2025-09-08"", ""2025-09-09"", ""2025-09-10"", ""2025-09-11"", ""2025-09-12"", ""2025-09-13"", ""2025-09-14"", ""2025-09-15"", ""2025-09-16"", ""2025-09-17"", ""2025-09-18"", ""2025-09-19"", ""2025-09-20""]",2025-09-20,30
2025-09-22,2025-09-22T00:00,"[""2025-08-18"", ""2025-08-25"", ""2025-09-01"", ""2025-09-08"", ""2025-09-15""]","[""2025-09-15"", ""2025-09-16"", ""2025-09-17"", ""2025-09-18"", ""2025-09-19"", ""2025-09-20"", ""2025-09-21""]","[""2025-08-23"", ""2025-08-24"", ""2025-08-25"", ""2025-08-26"", ""2025-08-27"", ""2025-08-28"", ""2025-08-29"", ""2025-08-30"", ""2025-08-31"", ""2025-09-01"", ""2025-09-02"", ""2025-09-03"", ""2025-09-04"", ""2025-09-05"", ""2025-09-06"", ""2025-09-07"", ""2025-09-08"", ""2025-09-09"", ""2025-09-10"", ""2025-09-11"", ""2025-09-12"", ""2025-09-13"", ""2025-09-14"", ""2025-09-15"", ""2025-09-16"", ""2025-09-17"", ""2025-09-18"", ""2025-09-19"", ""2025-09-20"", ""2025-09-21""]",2025-09-21,30
2025-09-23,2025-09-23T00:00,"[""2025-08-19"", ""2025-08-26"", ""2025-09-02"", ""2025-09-09"", ""2025-09-16""]","[""2025-09-16"", ""2025-09-17"", ""2025-09-18"", ""2025-09-19"", ""2025-09-20"", ""2025-09-21"", ""2025-09-22""]","[""2025-08-24"", ""2025-08-25"", ""2025-08-26"", ""2025-08-27"", ""2025-08-28"", ""2025-08-29"", ""2025-08-30"", ""2025-08-31"", ""2025-09-01"", ""2025-09-02"", ""2025-09-03"", ""2025-09-04"", ""2025-09-05"", ""2025-09-06"", ""2025-09-07"", ""2025-09-08"", ""2025-09-09"", ""2025-09-10"", ""2025-09-11"", ""2025-09-12"", ""2025-09-13"", ""2025-09-14"", ""2025-09-15"", ""2025-09-16"", ""2025-09-17"", ""2025-09-18"", ""2025-09-19"", ""2025-09-20"", ""2025-09-21"", ""2025-09-22""]",2025-09-22,30
2025-09-24,2025-09-24T00:00,"[""2025-08-20"", ""2025-08-27"", ""2025-09-03"", ""2025-09-10"", ""2025-09-17""]","[""2025-09-17"", ""2025-09-18"", ""2025-09-19"", ""2025-09-20"", ""2025-09-21"", ""2025-09-22"", ""2025-09-23""]","[""2025-08-25"", ""2025-08-26"", ""2025-08-27"", ""2025-08-28"", ""2025-08-29"", ""2025-08-30"", ""2025-08-31"", ""2025-09-01"", ""2025-09-02"", ""2025-09-03"", ""2025-09-04"", ""2025-09-05"", ""2025-09-06"", ""2025-09-07"", ""2025-09-08"", ""2025-09-09"", ""2025-09-10"", ""2025-09-11"", ""2025-09-12"", ""2025-09-13"", ""2025-09-14"", ""2025-09-15"", ""2025-09-16"", ""2025-09-17"", ""2025-09-18"", ""2025-09-19"", ""2025-09-20"", ""2025-09-21"", ""2025-09-22"", ""2025-09-23""]",2025-09-23,30
2025-09-25,2025-09-25T00:00,"[""2025-08-21"", ""2025-08-28"", ""2025-09-04"", ""2025-09-11"", ""2025-09-18""]","[""2025-09-18"", ""2025-09-19"", ""2025-09-20"", ""2025-09-21"", ""2025-09-22"", ""2025-09-23"", ""2025-09-24""]","[""2025-08-26"", ""2025-08-27"", ""2025-08-28"", ""2025-08-29"", ""2025-08-30"", ""2025-08-31"", ""2025-09-01"", ""2025-09-02"", ""2025-09-03"", ""2025-09-04"", ""2025-09-05"", ""2025-09-06"", ""2025-09-07"", ""2025-09-08"", ""2025-09-09"", ""2025-09-10"", ""2025-09-11"", ""2025-09-12"", ""2025-09-13"", ""2025-09-14"", ""2025-09-15"", ""2025-09-16"", ""2025-09-17"", ""2025-09-18"", ""2025-09-19"", ""2025-09-20"", ""2025-09-21"", ""2025-09-22"", ""2025-09-23"", ""2025-09-24""]",2025-09-24,30
2025-09-26,2025-09-26T00:00,"[""2025-08-22"", ""2025-08-29"", ""2025-09-05"", ""2025-09-12"", ""2025-09-19""]","[""2025-09-19"", ""2025-09-20"", ""2025-09-21"", ""2025-09-22"", ""2025-09-23"", ""2025-09-24"", ""2025-09-25""]","[""2025-08-27"", ""2025-08-28"", ""2025-08-29"", ""2025-08-30"", ""2025-08-31"", ""2025-09-01"", ""2025-09-02"", ""2025-09-03"", ""2025-09-04"", ""2025-09-05"", ""2025-09-06"", ""2025-09-07"", ""2025-09-08"", ""2025-09-09"", ""2025-09-10"", ""2025-09-11"", ""2025-09-12"", ""2025-09-13"", ""2025-09-14"", ""2025-09-15"", ""2025-09-16"", ""2025-09-17"", ""2025-09-18"", ""2025-09-19"", ""2025-09-20"", ""2025-09-21"", ""2025-09-22"", ""2025-09-23"", ""2025-09-24"", ""2025-09-25""]",2025-09-25,30
2025-09-27,2025-09-27T00:00,"[""2025-08-23"", ""2025-08-30"", ""2025-09-06"", ""2025-09-13"", ""2025-09-20""]","[""2025-09-20"", ""2025-09-21"", ""2025-09-22"", ""2025-09-23"", ""2025-09-24"", ""2025-09-25"", ""2025-09-26""]","[""2025-08-28"", ""2025-08-29"", ""2025-08-30"", ""2025-08-31"", ""2025-09-01"", ""2025-09-02"", ""2025-09-03"", ""2025-09-04"", ""2025-09-05"", ""2025-09-06"", ""2025-09-07"", ""2025-09-08"", ""2025-09-09"", ""2025-09-10"", ""2025-09-11"", ""2025-09-12"", ""2025-09-13"", ""2025-09-14"", ""2025-09-15"", ""2025-09-16"", ""2025-09-17"", ""2025-09-18"", ""2025-09-19"", ""2025-09-20"", ""2025-09-21"", ""2025-09-22"", ""2025-09-23"", ""2025-09-24"", ""2025-09-25"", ""2025-09-26""]",2025-09-26,30
2025-09-28,2025-09-28T00:00,"[""2025-08-24"", ""2025-08-31"", ""2025-09-07"", ""2025-09-14"", ""2025-09-21""]","[""2025-09-21"", ""2025-09-22"", ""2025-09-23"", ""2025-09-24"", ""2025-09-25"", ""2025-09-26"", ""2025-09-27""]","[""2025-08-29"", ""2025-08-30"", ""2025-08-31"", ""2025-09-01"", ""2025-09-02"", ""2025-09-03"", ""2025-09-04"", ""2025-09-05"", ""2025-09-06"", ""2025-09-07"", ""2025-09-08"", ""2025-09-09"", ""2025-09-10"", ""2025-09-11"", ""2025-09-12"", ""2025-09-13"", ""2025-09-14"", ""2025-09-15"", ""2025-09-16"", ""2025-09-17"", ""2025-09-18"", ""2025-09-19"", ""2025-09-20"", ""2025-09-21"", ""2025-09-22"", ""2025-09-23"", ""2025-09-24"", ""2025-09-25"", ""2025-09-26"", ""2025-09-27""]",2025-09-27,30
2025-09-29,2025-09-29T00:00,"[""2025-08-25"", ""2025-09-01"", ""2025-09-08"", ""2025-09-15"", ""2025-09-22""]","[""2025-09-22"", ""2025-09-23"", ""2025-09-24"", ""2025-09-25"", ""2025-09-26"", ""2025-09-27"", ""2025-09-28""]","[""2025-08-30"", ""2025-08-31"", ""2025-09-01"", ""2025-09-02"", ""2025-09-03"", ""2025-09-04"", ""2025-09-05"", ""2025-09-06"", ""2025-09-07"", ""2025-09-08"", ""2025-09-09"", ""2025-09-10"", ""2025-09-11"", ""2025-09-12"", ""2025-09-13"", ""2025-09-14"", ""2025-09-15"", ""2025-09-16"", ""2025-09-17"", ""2025-09-18"", ""2025-09-19"", ""2025-09-20"", ""2025-09-21"", ""2025-09-22"", ""2025-09-23"", ""2025-09-24"", ""2025-09-25"", ""2025-09-26"", ""2025-09-27"", ""2025-09-28""]",2025-09-28,30
2025-09-30,2025-09-30T00:00,"[""2025-08-26"", ""2025-09-02"", ""2025-09-09"", ""2025-09-16"", ""2025-09-23""]","[""2025-09-23"", ""2025-09-24"", ""2025-09-25"", ""2025-09-26"", ""2025-09-27"", ""2025-09-28"", ""2025-09-29""]","[""2025-08-31"", ""2025-09-01"", ""2025-09-02"", ""2025-09-03"", ""2025-09-04"", ""2025-09-05"", ""2025-09-06"", ""2025-09-07"", ""2025-09-08"", ""2025-09-09"", ""2025-09-10"", ""2025-09-11"", ""2025-09-12"", ""2025-09-13"", ""2025-09-14"", ""2025-09-15"", ""2025-09-16"", ""2025-09-17"", ""2025-09-18"", ""2025-09-19"", ""2025-09-20"", ""2025-09-21"", ""2025-09-22"", ""2025-09-23"", ""2025-09-24"", ""2025-09-25"", ""2025-09-26"", ""2025-09-27"", ""2025-09-28"", ""2025-09-29""]",2025-09-29,30
2025-10-01,2025-10-01T00:00,"[""2025-08-27"", ""2025-09-03"", ""2025-09-10"", ""2025-09-17"", ""2025-09-24""]","[""2025-09-24"", ""2025-09-25"", ""2025-09-26"", ""2025-09-27"", ""2025-09-28"", ""2025-09-29"", ""2025-09-30""]","[""2025-09-01"", ""2025-09-02"", ""2025-09-03"", ""2025-09-04"", ""2025-09-05"", ""2025-09-06"", ""2025-09-07"", ""2025-09-08"", ""2025-09-09"", ""2025-09-10"", ""2025-09-11"", ""2025-09-12"", ""2025-09-13"", ""2025-09-14"", ""2025-09-15"", ""2025-09-16"", ""2025-09-17"", ""2025-09-18"", ""2025-09-19"", ""2025-09-20"", ""2025-09-21"", ""2025-09-22"", ""2025-09-23"", ""2025-09-24"", ""2025-09-25"", ""2025-09-26"", ""2025-09-27"", ""2025-09-28"", ""2025-09-29"", ""2025-09-30""]",2025-09-30,30
2025-10-02,2025-10-02T00:00,"[""2025-08-28"", ""2025-09-04"", ""2025-09-11"", ""2025-09-18"", ""2025-09-25""]","[""2025-09-25"", ""2025-09-26"", ""2025-09-27"", ""2025-09-28"", ""2025-09-29"", ""2025-09-30"", ""2025-10-01""]","[""2025-09-02"", ""2025-09-03"", ""2025-09-04"", ""2025-09-05"", ""2025-09-06"", ""2025-09-07"", ""2025-09-08"", ""2025-09-09"", ""2025-09-10"", ""2025-09-11"", ""2025-09-12"", ""2025-09-13"", ""2025-09-14"", ""2025-09-15"", ""2025-09-16"", ""2025-09-17"", ""2025-09-18"", ""2025-09-19"", ""2025-09-20"", ""2025-09-21"", ""2025-09-22"", ""2025-09-23"", ""2025-09-24"", ""2025-09-25"", ""2025-09-26"", ""2025-09-27"", ""2025-09-28"", ""2025-09-29"", ""2025-09-30"", ""2025-10-01""]",2025-10-01,30
2025-10-03,2025-10-03T00:00,"[""2025-08-29"", ""2025-09-05"", ""2025-09-12"", ""2025-09-19"", ""2025-09-26""]","[""2025-09-26"", ""2025-09-27"", ""2025-09-28"", ""2025-09-29"", ""2025-09-30"", ""2025-10-01"", ""2025-10-02""]","[""2025-09-03"", ""2025-09-04"", ""2025-09-05"", ""2025-09-06"", ""2025-09-07"", ""2025-09-08"", ""2025-09-09"", ""2025-09-10"", ""2025-09-11"", ""2025-09-12"", ""2025-09-13"", ""2025-09-14"", ""2025-09-15"", ""2025-09-16"", ""2025-09-17"", ""2025-09-18"", ""2025-09-19"", ""2025-09-20"", ""2025-09-21"", ""2025-09-22"", ""2025-09-23"", ""2025-09-24"", ""2025-09-25"", ""2025-09-26"", ""2025-09-27"", ""2025-09-28"", ""2025-09-29"", ""2025-09-30"", ""2025-10-01"", ""2025-10-02""]",2025-10-02,30
2025-10-04,2025-10-04T00:00,"[""2025-08-30"", ""2025-09-06"", ""2025-09-13"", ""2025-09-20"", ""2025-09-27""]","[""2025-09-27"", ""2025-09-28"", ""2025-09-29"", ""2025-09-30"", ""2025-10-01"", ""2025-10-02"", ""2025-10-03""]","[""2025-09-04"", ""2025-09-05"", ""2025-09-06"", ""2025-09-07"", ""2025-09-08"", ""2025-09-09"", ""2025-09-10"", ""2025-09-11"", ""2025-09-12"", ""2025-09-13"", ""2025-09-14"", ""2025-09-15"", ""2025-09-16"", ""2025-09-17"", ""2025-09-18"", ""2025-09-19"", ""2025-09-20"", ""2025-09-21"", ""2025-09-22"", ""2025-09-23"", ""2025-09-24"", ""2025-09-25"", ""2025-09-26"", ""2025-09-27"", ""2025-09-28"", ""2025-09-29"", ""2025-09-30"", ""2025-10-01"", ""2025-10-02"", ""2025-10-03""]",2025-10-03,30
2025-10-05,2025-10-05T00:00,"[""2025-08-31"", ""2025-09-07"", ""2025-09-14"", ""2025-09-21"", ""2025-09-28""]","[""2025-09-28"", ""2025-09-29"", ""2025-09-30"", ""2025-10-01"", ""2025-10-02"", ""2025-10-03"", ""2025-10-04""]","[""2025-09-05"", ""2025-09-06"", ""2025-09-07"", ""2025-09-08"", ""2025-09-09"", ""2025-09-10"", ""2025-09-11"", ""2025-09-12"", ""2025-09-13"", ""2025-09-14"", ""2025-09-15"", ""2025-09-16"", ""2025-09-17"", ""2025-09-18"", ""2025-09-19"", ""2025-09-20"", ""2025-09-21"", ""2025-09-22"", ""2025-09-23"", ""2025-09-24"", ""2025-09-25"", ""2025-09-26"", ""2025-09-27"", ""2025-09-28"", ""2025-09-29"", ""2025-09-30"", ""2025-10-01"", ""2025-10-02"", ""2025-10-03"", ""2025-10-04""]",2025-10-04,30
2025-10-06,2025-10-06T00:00,"[""2025-09-01"", ""2025-09-08"", ""2025-09-15"", ""2025-09-22"", ""2025-09-29""]","[""2025-09-29"", ""2025-09-30"", ""2025-10-01"", ""2025-10-02"", ""2025-10-03"", ""2025-10-04"", ""2025-10-05""]","[""2025-09-06"", ""2025-09-07"", ""2025-09-08"", ""2025-09-09"", ""2025-09-10"", ""2025-09-11"", ""2025-09-12"", ""2025-09-13"", ""2025-09-14"", ""2025-09-15"", ""2025-09-16"", ""2025-09-17"", ""2025-09-18"", ""2025-09-19"", ""2025-09-20"", ""2025-09-21"", ""2025-09-22"", ""2025-09-23"", ""2025-09-24"", ""2025-09-25"", ""2025-09-26"", ""2025-09-27"", ""2025-09-28"", ""2025-09-29"", ""2025-09-30"", ""2025-10-01"", ""2025-10-02"", ""2025-10-03"", ""2025-10-04"", ""2025-10-05""]",2025-10-05,30
2025-10-07,2025-10-07T00:00,"[""2025-09-02"", ""2025-09-09"", ""2025-09-16"", ""2025-09-23"", ""2025-09-30""]","[""2025-09-30"", ""2025-10-01"", ""2025-10-02"", ""2025-10-03"", ""2025-10-04"", ""2025-10-05"", ""2025-10-06""]","[""2025-09-07"", ""2025-09-08"", ""2025-09-09"", ""2025-09-10"", ""2025-09-11"", ""2025-09-12"", ""2025-09-13"", ""2025-09-14"", ""2025-09-15"", ""2025-09-16"", ""2025-09-17"", ""2025-09-18"", ""2025-09-19"", ""2025-09-20"", ""2025-09-21"", ""2025-09-22"", ""2025-09-23"", ""2025-09-24"", ""2025-09-25"", ""2025-09-26"", ""2025-09-27"", ""2025-09-28"", ""2025-09-29"", ""2025-09-30"", ""2025-10-01"", ""2025-10-02"", ""2025-10-03"", ""2025-10-04"", ""2025-10-05"", ""2025-10-06""]",2025-10-06,30
2025-10-08,2025-10-08T00:00,"[""2025-09-03"", ""2025-09-10"", ""2025-09-17"", ""2025-09-24"", ""2025-10-01""]","[""2025-10-01"", ""2025-10-02"", ""2025-10-03"", ""2025-10-04"", ""2025-10-05"", ""2025-10-06"", ""2025-10-07""]","[""2025-09-08"", ""2025-09-09"", ""2025-09-10"", ""2025-09-11"", ""2025-09-12"", ""2025-09-13"", ""2025-09-14"", ""2025-09-15"", ""2025-09-16"", ""2025-09-17"", ""2025-09-18"", ""2025-09-19"", ""2025-09-20"", ""2025-09-21"", ""2025-09-22"", ""2025-09-23"", ""2025-09-24"", ""2025-09-25"", ""2025-09-26"", ""2025-09-27"", ""2025-09-28"", ""2025-09-29"", ""2025-09-30"", ""2025-10-01"", ""2025-10-02"", ""2025-10-03"", ""2025-10-04"", ""2025-10-05"", ""2025-10-06"", ""2025-10-07""]",2025-10-07,30
2025-10-09,2025-10-09T00:00,"[""2025-09-04"", ""2025-09-11"", ""2025-09-18"", ""2025-09-25"", ""2025-10-02""]","[""2025-10-02"", ""2025-10-03"", ""2025-10-04"", ""2025-10-05"", ""2025-10-06"", ""2025-10-07"", ""2025-10-08""]","[""2025-09-09"", ""2025-09-10"", ""2025-09-11"", ""2025-09-12"", ""2025-09-13"", ""2025-09-14"", ""2025-09-15"", ""2025-09-16"", ""2025-09-17"", ""2025-09-18"", ""2025-09-19"", ""2025-09-20"", ""2025-09-21"", ""2025-09-22"", ""2025-09-23"", ""2025-09-24"", ""2025-09-25"", ""2025-09-26"", ""2025-09-27"", ""2025-09-28"", ""2025-09-29"", ""2025-09-30"", ""2025-10-01"", ""2025-10-02"", ""2025-10-03"", ""2025-10-04"", ""2025-10-05"", ""2025-10-06"", ""2025-10-07"", ""2025-10-08""]",2025-10-08,30
2025-10-10,2025-10-10T00:00,"[""2025-09-05"", ""2025-09-12"", ""2025-09-19"", ""2025-09-26"", ""2025-10-03""]","[""2025-10-03"", ""2025-10-04"", ""2025-10-05"", ""2025-10-06"", ""2025-10-07"", ""2025-10-08"", ""2025-10-09""]","[""2025-09-10"", ""2025-09-11"", ""2025-09-12"", ""2025-09-13"", ""2025-09-14"", ""2025-09-15"", ""2025-09-16"", ""2025-09-17"", ""2025-09-18"", ""2025-09-19"", ""2025-09-20"", ""2025-09-21"", ""2025-09-22"", ""2025-09-23"", ""2025-09-24"", ""2025-09-25"", ""2025-09-26"", ""2025-09-27"", ""2025-09-28"", ""2025-09-29"", ""2025-09-30"", ""2025-10-01"", ""2025-10-02"", ""2025-10-03"", ""2025-10-04"", ""2025-10-05"", ""2025-10-06"", ""2025-10-07"", ""2025-10-08"", ""2025-10-09""]",2025-10-09,30
2025-10-11,2025-10-11T00:00,"[""2025-09-06"", ""2025-09-13"", ""2025-09-20"", ""2025-09-27"", ""2025-10-04""]","[""2025-10-04"", ""2025-10-05"", ""2025-10-06"", ""2025-10-07"", ""2025-10-08"", ""2025-10-09"", ""2025-10-10""]","[""2025-09-11"", ""2025-09-12"", ""2025-09-13"", ""2025-09-14"", ""2025-09-15"", ""2025-09-16"", ""2025-09-17"", ""2025-09-18"", ""2025-09-19"", ""2025-09-20"", ""2025-09-21"", ""2025-09-22"", ""2025-09-23"", ""2025-09-24"", ""2025-09-25"", ""2025-09-26"", ""2025-09-27"", ""2025-09-28"", ""2025-09-29"", ""2025-09-30"", ""2025-10-01"", ""2025-10-02"", ""2025-10-03"", ""2025-10-04"", ""2025-10-05"", ""2025-10-06"", ""2025-10-07"", ""2025-10-08"", ""2025-10-09"", ""2025-10-10""]",2025-10-10,30
2025-10-12,2025-10-12T00:00,"[""2025-09-07"", ""2025-09-14"", ""2025-09-21"", ""2025-09-28"", ""2025-10-05""]","[""2025-10-05"", ""2025-10-06"", ""2025-10-07"", ""2025-10-08"", ""2025-10-09"", ""2025-10-10"", ""2025-10-11""]","[""2025-09-12"", ""2025-09-13"", ""2025-09-14"", ""2025-09-15"", ""2025-09-16"", ""2025-09-17"", ""2025-09-18"", ""2025-09-19"", ""2025-09-20"", ""2025-09-21"", ""2025-09-22"", ""2025-09-23"", ""2025-09-24"", ""2025-09-25"", ""2025-09-26"", ""2025-09-27"", ""2025-09-28"", ""2025-09-29"", ""2025-09-30"", ""2025-10-01"", ""2025-10-02"", ""2025-10-03"", ""2025-10-04"", ""2025-10-05"", ""2025-10-06"", ""2025-10-07"", ""2025-10-08"", ""2025-10-09"", ""2025-10-10"", ""2025-10-11""]",2025-10-11,30
2025-10-13,2025-10-13T00:00,"[""2025-09-08"", ""2025-09-15"", ""2025-09-22"", ""2025-09-29"", ""2025-10-06""]","[""2025-10-06"", ""2025-10-07"", ""2025-10-08"", ""2025-10-09"", ""2025-10-10"", ""2025-10-11"", ""2025-10-12""]","[""2025-09-13"", ""2025-09-14"", ""2025-09-15"", ""2025-09-16"", ""2025-09-17"", ""2025-09-18"", ""2025-09-19"", ""2025-09-20"", ""2025-09-21"", ""2025-09-22"", ""2025-09-23"", ""2025-09-24"", ""2025-09-25"", ""2025-09-26"", ""2025-09-27"", ""2025-09-28"", ""2025-09-29"", ""2025-09-30"", ""2025-10-01"", ""2025-10-02"", ""2025-10-03"", ""2025-10-04"", ""2025-10-05"", ""2025-10-06"", ""2025-10-07"", ""2025-10-08"", ""2025-10-09"", ""2025-10-10"", ""2025-10-11"", ""2025-10-12""]",2025-10-12,30
2025-10-14,2025-10-14T00:00,"[""2025-09-09"", ""2025-09-16"", ""2025-09-23"", ""2025-09-30"", ""2025-10-07""]","[""2025-10-07"", ""2025-10-08"", ""2025-10-09"", ""2025-10-10"", ""2025-10-11"", ""2025-10-12"", ""2025-10-13""]","[""2025-09-14"", ""2025-09-15"", ""2025-09-16"", ""2025-09-17"", ""2025-09-18"", ""2025-09-19"", ""2025-09-20"", ""2025-09-21"", ""2025-09-22"", ""2025-09-23"", ""2025-09-24"", ""2025-09-25"", ""2025-09-26"", ""2025-09-27"", ""2025-09-28"", ""2025-09-29"", ""2025-09-30"", ""2025-10-01"", ""2025-10-02"", ""2025-10-03"", ""2025-10-04"", ""2025-10-05"", ""2025-10-06"", ""2025-10-07"", ""2025-10-08"", ""2025-10-09"", ""2025-10-10"", ""2025-10-11"", ""2025-10-12"", ""2025-10-13""]",2025-10-13,30
2025-10-15,2025-10-15T00:00,"[""2025-09-10"", ""2025-09-17"", ""2025-09-24"", ""2025-10-01"", ""2025-10-08""]","[""2025-10-08"", ""2025-10-09"", ""2025-10-10"", ""2025-10-11"", ""2025-10-12"", ""2025-10-13"", ""2025-10-14""]","[""2025-09-15"", ""2025-09-16"", ""2025-09-17"", ""2025-09-18"", ""2025-09-19"", ""2025-09-20"", ""2025-09-21"", ""2025-09-22"", ""2025-09-23"", ""2025-09-24"", ""2025-09-25"", ""2025-09-26"", ""2025-09-27"", ""2025-09-28"", ""2025-09-29"", ""2025-09-30"", ""2025-10-01"", ""2025-10-02"", ""2025-10-03"", ""2025-10-04"", ""2025-10-05"", ""2025-10-06"", ""2025-10-07"", ""2025-10-08"", ""2025-10-09"", ""2025-10-10"", ""2025-10-11"", ""2025-10-12"", ""2025-10-13"", ""2025-10-14""]",2025-10-14,30
2025-10-16,2025-10-16T00:00,"[""2025-09-11"", ""2025-09-18"", ""2025-09-25"", ""2025-10-02"", ""2025-10-09""]","[""2025-10-09"", ""2025-10-10"", ""2025-10-11"", ""2025-10-12"", ""2025-10-13"", ""2025-10-14"", ""2025-10-15""]","[""2025-09-16"", ""2025-09-17"", ""2025-09-18"", ""2025-09-19"", ""2025-09-20"", ""2025-09-21"", ""2025-09-22"", ""2025-09-23"", ""2025-09-24"", ""2025-09-25"", ""2025-09-26"", ""2025-09-27"", ""2025-09-28"", ""2025-09-29"", ""2025-09-30"", ""2025-10-01"", ""2025-10-02"", ""2025-10-03"", ""2025-10-04"", ""2025-10-05"", ""2025-10-06"", ""2025-10-07"", ""2025-10-08"", ""2025-10-09"", ""2025-10-10"", ""2025-10-11"", ""2025-10-12"", ""2025-10-13"", ""2025-10-14"", ""2025-10-15""]",2025-10-15,30
2025-10-17,2025-10-17T00:00,"[""2025-09-12"", ""2025-09-19"", ""2025-09-26"", ""2025-10-03"", ""2025-10-10""]","[""2025-10-10"", ""2025-10-11"", ""2025-10-12"", ""2025-10-13"", ""2025-10-14"", ""2025-10-15"", ""2025-10-16""]","[""2025-09-17"", ""2025-09-18"", ""2025-09-19"", ""2025-09-20"", ""2025-09-21"", ""2025-09-22"", ""2025-09-23"", ""2025-09-24"", ""2025-09-25"", ""2025-09-26"", ""2025-09-27"", ""2025-09-28"", ""2025-09-29"", ""2025-09-30"", ""2025-10-01"", ""2025-10-02"", ""2025-10-03"", ""2025-10-04"", ""2025-10-05"", ""2025-10-06"", ""2025-10-07"", ""2025-10-08"", ""2025-10-09"", ""2025-10-10"", ""2025-10-11"", ""2025-10-12"", ""2025-10-13"", ""2025-10-14"", ""2025-10-15"", ""2025-10-16""]",2025-10-16,30
2025-10-18,2025-10-18T00:00,"[""2025-09-13"", ""2025-09-20"", ""2025-09-27"", ""2025-10-04"", ""2025-10-11""]","[""2025-10-11"", ""2025-10-12"", ""2025-10-13"", ""2025-10-14"", ""2025-10-15"", ""2025-10-16"", ""2025-10-17""]","[""2025-09-18"", ""2025-09-19"", ""2025-09-20"", ""2025-09-21"", ""2025-09-22"", ""2025-09-23"", ""2025-09-24"", ""2025-09-25"", ""2025-09-26"", ""2025-09-27"", ""2025-09-28"", ""2025-09-29"", ""2025-09-30"", ""2025-10-01"", ""2025-10-02"", ""2025-10-03"", ""2025-10-04"", ""2025-10-05"", ""2025-10-06"", ""2025-10-07"", ""2025-10-08"", ""2025-10-09"", ""2025-10-10"", ""2025-10-11"", ""2025-10-12"", ""2025-10-13"", ""2025-10-14"", ""2025-10-15"", ""2025-10-16"", ""2025-10-17""]",2025-10-17,30
2025-10-19,2025-10-19T00:00,"[""2025-09-14"", ""2025-09-21"", ""2025-09-28"", ""2025-10-05"", ""2025-10-12""]","[""2025-10-12"", ""2025-10-13"", ""2025-10-14"", ""2025-10-15"", ""2025-10-16"", ""2025-10-17"", ""2025-10-18""]","[""2025-09-19"", ""2025-09-20"", ""2025-09-21"", ""2025-09-22"", ""2025-09-23"", ""2025-09-24"", ""2025-09-25"", ""2025-09-26"", ""2025-09-27"", ""2025-09-28"", ""2025-09-29"", ""2025-09-30"", ""2025-10-01"", ""2025-10-02"", ""2025-10-03"", ""2025-10-04"", ""2025-10-05"", ""2025-10-06"", ""2025-10-07"", ""2025-10-08"", ""2025-10-09"", ""2025-10-10"", ""2025-10-11"", ""2025-10-12"", ""2025-10-13"", ""2025-10-14"", ""2025-10-15"", ""2025-10-16"", ""2025-10-17"", ""2025-10-18""]",2025-10-18,30
2025-10-20,2025-10-20T00:00,"[""2025-09-15"", ""2025-09-22"", ""2025-09-29"", ""2025-10-06"", ""2025-10-13""]","[""2025-10-13"", ""2025-10-14"", ""2025-10-15"", ""2025-10-16"", ""2025-10-17"", ""2025-10-18"", ""2025-10-19""]","[""2025-09-20"", ""2025-09-21"", ""2025-09-22"", ""2025-09-23"", ""2025-09-24"", ""2025-09-25"", ""2025-09-26"", ""2025-09-27"", ""2025-09-28"", ""2025-09-29"", ""2025-09-30"", ""2025-10-01"", ""2025-10-02"", ""2025-10-03"", ""2025-10-04"", ""2025-10-05"", ""2025-10-06"", ""2025-10-07"", ""2025-10-08"", ""2025-10-09"", ""2025-10-10"", ""2025-10-11"", ""2025-10-12"", ""2025-10-13"", ""2025-10-14"", ""2025-10-15"", ""2025-10-16"", ""2025-10-17"", ""2025-10-18"", ""2025-10-19""]",2025-10-19,30
2025-10-21,2025-10-21T00:00,"[""2025-09-16"", ""2025-09-23"", ""2025-09-30"", ""2025-10-07"", ""2025-10-14""]","[""2025-10-14"", ""2025-10-15"", ""2025-10-16"", ""2025-10-17"", ""2025-10-18"", ""2025-10-19"", ""2025-10-20""]","[""2025-09-21"", ""2025-09-22"", ""2025-09-23"", ""2025-09-24"", ""2025-09-25"", ""2025-09-26"", ""2025-09-27"", ""2025-09-28"", ""2025-09-29"", ""2025-09-30"", ""2025-10-01"", ""2025-10-02"", ""2025-10-03"", ""2025-10-04"", ""2025-10-05"", ""2025-10-06"", ""2025-10-07"", ""2025-10-08"", ""2025-10-09"", ""2025-10-10"", ""2025-10-11"", ""2025-10-12"", ""2025-10-13"", ""2025-10-14"", ""2025-10-15"", ""2025-10-16"", ""2025-10-17"", ""2025-10-18"", ""2025-10-19"", ""2025-10-20""]",2025-10-20,30
2025-10-22,2025-10-22T00:00,"[""2025-09-17"", ""2025-09-24"", ""2025-10-01"", ""2025-10-08"", ""2025-10-15""]","[""2025-10-15"", ""2025-10-16"", ""2025-10-17"", ""2025-10-18"", ""2025-10-19"", ""2025-10-20"", ""2025-10-21""]","[""2025-09-22"", ""2025-09-23"", ""2025-09-24"", ""2025-09-25"", ""2025-09-26"", ""2025-09-27"", ""2025-09-28"", ""2025-09-29"", ""2025-09-30"", ""2025-10-01"", ""2025-10-02"", ""2025-10-03"", ""2025-10-04"", ""2025-10-05"", ""2025-10-06"", ""2025-10-07"", ""2025-10-08"", ""2025-10-09"", ""2025-10-10"", ""2025-10-11"", ""2025-10-12"", ""2025-10-13"", ""2025-10-14"", ""2025-10-15"", ""2025-10-16"", ""2025-10-17"", ""2025-10-18"", ""2025-10-19"", ""2025-10-20"", ""2025-10-21""]",2025-10-21,30
2025-10-23,2025-10-23T00:00,"[""2025-09-18"", ""2025-09-25"", ""2025-10-02"", ""2025-10-09"", ""2025-10-16""]","[""2025-10-16"", ""2025-10-17"", ""2025-10-18"", ""2025-10-19"", ""2025-10-20"", ""2025-10-21"", ""2025-10-22""]","[""2025-09-23"", ""2025-09-24"", ""2025-09-25"", ""2025-09-26"", ""2025-09-27"", ""2025-09-28"", ""2025-09-29"", ""2025-09-30"", ""2025-10-01"", ""2025-10-02"", ""2025-10-03"", ""2025-10-04"", ""2025-10-05"", ""2025-10-06"", ""2025-10-07"", ""2025-10-08"", ""2025-10-09"", ""2025-10-10"", ""2025-10-11"", ""2025-10-12"", ""2025-10-13"", ""2025-10-14"", ""2025-10-15"", ""2025-10-16"", ""2025-10-17"", ""2025-10-18"", ""2025-10-19"", ""2025-10-20"", ""2025-10-21"", ""2025-10-22""]",2025-10-22,30
2025-10-24,2025-10-24T00:00,"[""2025-09-19"", ""2025-09-26"", ""2025-10-03"", ""2025-10-10"", ""2025-10-17""]","[""2025-10-17"", ""2025-10-18"", ""2025-10-19"", ""2025-10-20"", ""2025-10-21"", ""2025-10-22"", ""2025-10-23""]","[""2025-09-24"", ""2025-09-25"", ""2025-09-26"", ""2025-09-27"", ""2025-09-28"", ""2025-09-29"", ""2025-09-30"", ""2025-10-01"", ""2025-10-02"", ""2025-10-03"", ""2025-10-04"", ""2025-10-05"", ""2025-10-06"", ""2025-10-07"", ""2025-10-08"", ""2025-10-09"", ""2025-10-10"", ""2025-10-11"", ""2025-10-12"", ""2025-10-13"", ""2025-10-14"", ""2025-10-15"", ""2025-10-16"", ""2025-10-17"", ""2025-10-18"", ""2025-10-19"", ""2025-10-20"", ""2025-10-21"", ""2025-10-22"", ""2025-10-23""]",2025-10-23,30
2025-10-25,2025-10-25T00:00,"[""2025-09-20"", ""2025-09-27"", ""2025-10-04"", ""2025-10-11"", ""2025-10-18""]","[""2025-10-18"", ""2025-10-19"", ""2025-10-20"", ""2025-10-21"", ""2025-10-22"", ""2025-10-23"", ""2025-10-24""]","[""2025-09-25"", ""2025-09-26"", ""2025-09-27"", ""2025-09-28"", ""2025-09-29"", ""2025-09-30"", ""2025-10-01"", ""2025-10-02"", ""2025-10-03"", ""2025-10-04"", ""2025-10-05"", ""2025-10-06"", ""2025-10-07"", ""2025-10-08"", ""2025-10-09"", ""2025-10-10"", ""2025-10-11"", ""2025-10-12"", ""2025-10-13"", ""2025-10-14"", ""2025-10-15"", ""2025-10-16"", ""2025-10-17"", ""2025-10-18"", ""2025-10-19"", ""2025-10-20"", ""2025-10-21"", ""2025-10-22"", ""2025-10-23"", ""2025-10-24""]",2025-10-24,30
2025-10-26,2025-10-26T00:00,"[""2025-09-21"", ""2025-09-28"", ""2025-10-05"", ""2025-10-12"", ""2025-10-19""]","[""2025-10-19"", ""2025-10-20"", ""2025-10-21"", ""2025-10-22"", ""2025-10-23"", ""2025-10-24"", ""2025-10-25""]","[""2025-09-26"", ""2025-09-27"", ""2025-09-28"", ""2025-09-29"", ""2025-09-30"", ""2025-10-01"", ""2025-10-02"", ""2025-10-03"", ""2025-10-04"", ""2025-10-05"", ""2025-10-06"", ""2025-10-07"", ""2025-10-08"", ""2025-10-09"", ""2025-10-10"", ""2025-10-11"", ""2025-10-12"", ""2025-10-13"", ""2025-10-14"", ""2025-10-15"", ""2025-10-16"", ""2025-10-17"", ""2025-10-18"", ""2025-10-19"", ""2025-10-20"", ""2025-10-21"", ""2025-10-22"", ""2025-10-23"", ""2025-10-24"", ""2025-10-25""]",2025-10-25,30
2025-10-27,2025-10-27T00:00,"[""2025-09-22"", ""2025-09-29"", ""2025-10-06"", ""2025-10-13"", ""2025-10-20""]","[""2025-10-20"", ""2025-10-21"", ""2025-10-22"", ""2025-10-23"", ""2025-10-24"", ""2025-10-25"", ""2025-10-26""]","[""2025-09-27"", ""2025-09-28"", ""2025-09-29"", ""2025-09-30"", ""2025-10-01"", ""2025-10-02"", ""2025-10-03"", ""2025-10-04"", ""2025-10-05"", ""2025-10-06"", ""2025-10-07"", ""2025-10-08"", ""2025-10-09"", ""2025-10-10"", ""2025-10-11"", ""2025-10-12"", ""2025-10-13"", ""2025-10-14"", ""2025-10-15"", ""2025-10-16"", ""2025-10-17"", ""2025-10-18"", ""2025-10-19"", ""2025-10-20"", ""2025-10-21"", ""2025-10-22"", ""2025-10-23"", ""2025-10-24"", ""2025-10-25"", ""2025-10-26""]",2025-10-26,30
2025-10-28,2025-10-28T00:00,"[""2025-09-23"", ""2025-09-30"", ""2025-10-07"", ""2025-10-14"", ""2025-10-21""]","[""2025-10-21"", ""2025-10-22"", ""2025-10-23"", ""2025-10-24"", ""2025-10-25"", ""2025-10-26"", ""2025-10-27""]","[""2025-09-28"", ""2025-09-29"", ""2025-09-30"", ""2025-10-01"", ""2025-10-02"", ""2025-10-03"", ""2025-10-04"", ""2025-10-05"", ""2025-10-06"", ""2025-10-07"", ""2025-10-08"", ""2025-10-09"", ""2025-10-10"", ""2025-10-11"", ""2025-10-12"", ""2025-10-13"", ""2025-10-14"", ""2025-10-15"", ""2025-10-16"", ""2025-10-17"", ""2025-10-18"", ""2025-10-19"", ""2025-10-20"", ""2025-10-21"", ""2025-10-22"", ""2025-10-23"", ""2025-10-24"", ""2025-10-25"", ""2025-10-26"", ""2025-10-27""]",2025-10-27,30
2025-10-29,2025-10-29T00:00,"[""2025-09-24"", ""2025-10-01"", ""2025-10-08"", ""2025-10-15"", ""2025-10-22""]","[""2025-10-22"", ""2025-10-23"", ""2025-10-24"", ""2025-10-25"", ""2025-10-26"", ""2025-10-27"", ""2025-10-28""]","[""2025-09-29"", ""2025-09-30"", ""2025-10-01"", ""2025-10-02"", ""2025-10-03"", ""2025-10-04"", ""2025-10-05"", ""2025-10-06"", ""2025-10-07"", ""2025-10-08"", ""2025-10-09"", ""2025-10-10"", ""2025-10-11"", ""2025-10-12"", ""2025-10-13"", ""2025-10-14"", ""2025-10-15"", ""2025-10-16"", ""2025-10-17"", ""2025-10-18"", ""2025-10-19"", ""2025-10-20"", ""2025-10-21"", ""2025-10-22"", ""2025-10-23"", ""2025-10-24"", ""2025-10-25"", ""2025-10-26"", ""2025-10-27"", ""2025-10-28""]",2025-10-28,30
2025-10-30,2025-10-30T00:00,"[""2025-09-25"", ""2025-10-02"", ""2025-10-09"", ""2025-10-16"", ""2025-10-23""]","[""2025-10-23"", ""2025-10-24"", ""2025-10-25"", ""2025-10-26"", ""2025-10-27"", ""2025-10-28"", ""2025-10-29""]","[""2025-09-30"", ""2025-10-01"", ""2025-10-02"", ""2025-10-03"", ""2025-10-04"", ""2025-10-05"", ""2025-10-06"", ""2025-10-07"", ""2025-10-08"", ""2025-10-09"", ""2025-10-10"", ""2025-10-11"", ""2025-10-12"", ""2025-10-13"", ""2025-10-14"", ""2025-10-15"", ""2025-10-16"", ""2025-10-17"", ""2025-10-18"", ""2025-10-19"", ""2025-10-20"", ""2025-10-21"", ""2025-10-22"", ""2025-10-23"", ""2025-10-24"", ""2025-10-25"", ""2025-10-26"", ""2025-10-27"", ""2025-10-28"", ""2025-10-29""]",2025-10-29,30
2025-10-31,2025-10-31T00:00,"[""2025-09-26"", ""2025-10-03"", ""2025-10-10"", ""2025-10-17"", ""2025-10-24""]","[""2025-10-24"", ""2025-10-25"", ""2025-10-26"", ""2025-10-27"", ""2025-10-28"", ""2025-10-29"", ""2025-10-30""]","[""2025-10-01"", ""2025-10-02"", ""2025-10-03"", ""2025-10-04"", ""2025-10-05"", ""2025-10-06"", ""2025-10-07"", ""2025-10-08"", ""2025-10-09"", ""2025-10-10"", ""2025-10-11"", ""2025-10-12"", ""2025-10-13"", ""2025-10-14"", ""2025-10-15"", ""2025-10-16"", ""2025-10-17"", ""2025-10-18"", ""2025-10-19"", ""2025-10-20"", ""2025-10-21"", ""2025-10-22"", ""2025-10-23"", ""2025-10-24"", ""2025-10-25"", ""2025-10-26"", ""2025-10-27"", ""2025-10-28"", ""2025-10-29"", ""2025-10-30""]",2025-10-30,30
2025-11-01,2025-11-01T00:00,"[""2025-09-27"", ""2025-10-04"", ""2025-10-11"", ""2025-10-18"", ""2025-10-25""]","[""2025-10-25"", ""2025-10-26"", ""2025-10-27"", ""2025-10-28"", ""2025-10-29"", ""2025-10-30"", ""2025-10-31""]","[""2025-10-02"", ""2025-10-03"", ""2025-10-04"", ""2025-10-05"", ""2025-10-06"", ""2025-10-07"", ""2025-10-08"", ""2025-10-09"", ""2025-10-10"", ""2025-10-11"", ""2025-10-12"", ""2025-10-13"", ""2025-10-14"", ""2025-10-15"", ""2025-10-16"", ""2025-10-17"", ""2025-10-18"", ""2025-10-19"", ""2025-10-20"", ""2025-10-21"", ""2025-10-22"", ""2025-10-23"", ""2025-10-24"", ""2025-10-25"", ""2025-10-26"", ""2025-10-27"", ""2025-10-28"", ""2025-10-29"", ""2025-10-30"", ""2025-10-31""]",2025-10-31,30
2025-11-02,2025-11-02T00:00,"[""2025-09-28"", ""2025-10-05"", ""2025-10-12"", ""2025-10-19"", ""2025-10-26""]","[""2025-10-26"", ""2025-10-27"", ""2025-10-28"", ""2025-10-29"", ""2025-10-30"", ""2025-10-31"", ""2025-11-01""]","[""2025-10-03"", ""2025-10-04"", ""2025-10-05"", ""2025-10-06"", ""2025-10-07"", ""2025-10-08"", ""2025-10-09"", ""2025-10-10"", ""2025-10-11"", ""2025-10-12"", ""2025-10-13"", ""2025-10-14"", ""2025-10-15"", ""2025-10-16"", ""2025-10-17"", ""2025-10-18"", ""2025-10-19"", ""2025-10-20"", ""2025-10-21"", ""2025-10-22"", ""2025-10-23"", ""2025-10-24"", ""2025-10-25"", ""2025-10-26"", ""2025-10-27"", ""2025-10-28"", ""2025-10-29"", ""2025-10-30"", ""2025-10-31"", ""2025-11-01""]",2025-11-01,30
2025-11-03,2025-11-03T00:00,"[""2025-09-29"", ""2025-10-06"", ""2025-10-13"", ""2025-10-20"", ""2025-10-27""]","[""2025-10-27"", ""2025-10-28"", ""2025-10-29"", ""2025-10-30"", ""2025-10-31"", ""2025-11-01"", ""2025-11-02""]","[""2025-10-04"", ""2025-10-05"", ""2025-10-06"", ""2025-10-07"", ""2025-10-08"", ""2025-10-09"", ""2025-10-10"", ""2025-10-11"", ""2025-10-12"", ""2025-10-13"", ""2025-10-14"", ""2025-10-15"", ""2025-10-16"", ""2025-10-17"", ""2025-10-18"", ""2025-10-19"", ""2025-10-20"", ""2025-10-21"", ""2025-10-22"", ""2025-10-23"", ""2025-10-24"", ""2025-10-25"", ""2025-10-26"", ""2025-10-27"", ""2025-10-28"", ""2025-10-29"", ""2025-10-30"", ""2025-10-31"", ""2025-11-01"", ""2025-11-02""]",2025-11-02,30
2025-11-04,2025-11-04T00:00,"[""2025-09-30"", ""2025-10-07"", ""2025-10-14"", ""2025-10-21"", ""2025-10-28""]","[""2025-10-28"", ""2025-10-29"", ""2025-10-30"", ""2025-10-31"", ""2025-11-01"", ""2025-11-02"", ""2025-11-03""]","[""2025-10-05"", ""2025-10-06"", ""2025-10-07"", ""2025-10-08"", ""2025-10-09"", ""2025-10-10"", ""2025-10-11"", ""2025-10-12"", ""2025-10-13"", ""2025-10-14"", ""2025-10-15"", ""2025-10-16"", ""2025-10-17"", ""2025-10-18"", ""2025-10-19"", ""2025-10-20"", ""2025-10-21"", ""2025-10-22"", ""2025-10-23"", ""2025-10-24"", ""2025-10-25"", ""2025-10-26"", ""2025-10-27"", ""2025-10-28"", ""2025-10-29"", ""2025-10-30"", ""2025-10-31"", ""2025-11-01"", ""2025-11-02"", ""2025-11-03""]",2025-11-03,30
2025-11-05,2025-11-05T00:00,"[""2025-10-01"", ""2025-10-08"", ""2025-10-15"", ""2025-10-22"", ""2025-10-29""]","[""2025-10-29"", ""2025-10-30"", ""2025-10-31"", ""2025-11-01"", ""2025-11-02"", ""2025-11-03"", ""2025-11-04""]","[""2025-10-06"", ""2025-10-07"", ""2025-10-08"", ""2025-10-09"", ""2025-10-10"", ""2025-10-11"", ""2025-10-12"", ""2025-10-13"", ""2025-10-14"", ""2025-10-15"", ""2025-10-16"", ""2025-10-17"", ""2025-10-18"", ""2025-10-19"", ""2025-10-20"", ""2025-10-21"", ""2025-10-22"", ""2025-10-23"", ""2025-10-24"", ""2025-10-25"", ""2025-10-26"", ""2025-10-27"", ""2025-10-28"", ""2025-10-29"", ""2025-10-30"", ""2025-10-31"", ""2025-11-01"", ""2025-11-02"", ""2025-11-03"", ""2025-11-04""]",2025-11-04,30
2025-11-06,2025-11-06T00:00,"[""2025-10-02"", ""2025-10-09"", ""2025-10-16"", ""2025-10-23"", ""2025-10-30""]","[""2025-10-30"", ""2025-10-31"", ""2025-11-01"", ""2025-11-02"", ""2025-11-03"", ""2025-11-04"", ""2025-11-05""]","[""2025-10-07"", ""2025-10-08"", ""2025-10-09"", ""2025-10-10"", ""2025-10-11"", ""2025-10-12"", ""2025-10-13"", ""2025-10-14"", ""2025-10-15"", ""2025-10-16"", ""2025-10-17"", ""2025-10-18"", ""2025-10-19"", ""2025-10-20"", ""2025-10-21"", ""2025-10-22"", ""2025-10-23"", ""2025-10-24"", ""2025-10-25"", ""2025-10-26"", ""2025-10-27"", ""2025-10-28"", ""2025-10-29"", ""2025-10-30"", ""2025-10-31"", ""2025-11-01"", ""2025-11-02"", ""2025-11-03"", ""2025-11-04"", ""2025-11-05""]",2025-11-05,30
2025-11-07,2025-11-07T00:00,"[""2025-10-03"", ""2025-10-10"", ""2025-10-17"", ""2025-10-24"", ""2025-10-31""]","[""2025-10-31"", ""2025-11-01"", ""2025-11-02"", ""2025-11-03"", ""2025-11-04"", ""2025-11-05"", ""2025-11-06""]","[""2025-10-08"", ""2025-10-09"", ""2025-10-10"", ""2025-10-11"", ""2025-10-12"", ""2025-10-13"", ""2025-10-14"", ""2025-10-15"", ""2025-10-16"", ""2025-10-17"", ""2025-10-18"", ""2025-10-19"", ""2025-10-20"", ""2025-10-21"", ""2025-10-22"", ""2025-10-23"", ""2025-10-24"", ""2025-10-25"", ""2025-10-26"", ""2025-10-27"", ""2025-10-28"", ""2025-10-29"", ""2025-10-30"", ""2025-10-31"", ""2025-11-01"", ""2025-11-02"", ""2025-11-03"", ""2025-11-04"", ""2025-11-05"", ""2025-11-06""]",2025-11-06,30
2025-11-08,2025-11-08T00:00,"[""2025-10-04"", ""2025-10-11"", ""2025-10-18"", ""2025-10-25"", ""2025-11-01""]","[""2025-11-01"", ""2025-11-02"", ""2025-11-03"", ""2025-11-04"", ""2025-11-05"", ""2025-11-06"", ""2025-11-07""]","[""2025-10-09"", ""2025-10-10"", ""2025-10-11"", ""2025-10-12"", ""2025-10-13"", ""2025-10-14"", ""2025-10-15"", ""2025-10-16"", ""2025-10-17"", ""2025-10-18"", ""2025-10-19"", ""2025-10-20"", ""2025-10-21"", ""2025-10-22"", ""2025-10-23"", ""2025-10-24"", ""2025-10-25"", ""2025-10-26"", ""2025-10-27"", ""2025-10-28"", ""2025-10-29"", ""2025-10-30"", ""2025-10-31"", ""2025-11-01"", ""2025-11-02"", ""2025-11-03"", ""2025-11-04"", ""2025-11-05"", ""2025-11-06"", ""2025-11-07""]",2025-11-07,30
2025-11-09,2025-11-09T00:00,"[""2025-10-05"", ""2025-10-12"", ""2025-10-19"", ""2025-10-26"", ""2025-11-02""]","[""2025-11-02"", ""2025-11-03"", ""2025-11-04"", ""2025-11-05"", ""2025-11-06"", ""2025-11-07"", ""2025-11-08""]","[""2025-10-10"", ""2025-10-11"", ""2025-10-12"", ""2025-10-13"", ""2025-10-14"", ""2025-10-15"", ""2025-10-16"", ""2025-10-17"", ""2025-10-18"", ""2025-10-19"", ""2025-10-20"", ""2025-10-21"", ""2025-10-22"", ""2025-10-23"", ""2025-10-24"", ""2025-10-25"", ""2025-10-26"", ""2025-10-27"", ""2025-10-28"", ""2025-10-29"", ""2025-10-30"", ""2025-10-31"", ""2025-11-01"", ""2025-11-02"", ""2025-11-03"", ""2025-11-04"", ""2025-11-05"", ""2025-11-06"", ""2025-11-07"", ""2025-11-08""]",2025-11-08,30
2025-11-10,2025-11-10T00:00,"[""2025-10-06"", ""2025-10-13"", ""2025-10-20"", ""2025-10-27"", ""2025-11-03""]","[""2025-11-03"", ""2025-11-04"", ""2025-11-05"", ""2025-11-06"", ""2025-11-07"", ""2025-11-08"", ""2025-11-09""]","[""2025-10-11"", ""2025-10-12"", ""2025-10-13"", ""2025-10-14"", ""2025-10-15"", ""2025-10-16"", ""2025-10-17"", ""2025-10-18"", ""2025-10-19"", ""2025-10-20"", ""2025-10-21"", ""2025-10-22"", ""2025-10-23"", ""2025-10-24"", ""2025-10-25"", ""2025-10-26"", ""2025-10-27"", ""2025-10-28"", ""2025-10-29"", ""2025-10-30"", ""2025-10-31"", ""2025-11-01"", ""2025-11-02"", ""2025-11-03"", ""2025-11-04"", ""2025-11-05"", ""2025-11-06"", ""2025-11-07"", ""2025-11-08"", ""2025-11-09""]",2025-11-09,30
2025-11-11,2025-11-11T00:00,"[""2025-10-07"", ""2025-10-14"", ""2025-10-21"", ""2025-10-28"", ""2025-11-04""]","[""2025-11-04"", ""2025-11-05"", ""2025-11-06"", ""2025-11-07"", ""2025-11-08"", ""2025-11-09"", ""2025-11-10""]","[""2025-10-12"", ""2025-10-13"", ""2025-10-14"", ""2025-10-15"", ""2025-10-16"", ""2025-10-17"", ""2025-10-18"", ""2025-10-19"", ""2025-10-20"", ""2025-10-21"", ""2025-10-22"", ""2025-10-23"", ""2025-10-24"", ""2025-10-25"", ""2025-10-26"", ""2025-10-27"", ""2025-10-28"", ""2025-10-29"", ""2025-10-30"", ""2025-10-31"", ""2025-11-01"", ""2025-11-02"", ""2025-11-03"", ""2025-11-04"", ""2025-11-05"", ""2025-11-06"", ""2025-11-07"", ""2025-11-08"", ""2025-11-09"", ""2025-11-10""]",2025-11-10,30
2025-11-12,2025-11-12T00:00,"[""2025-10-08"", ""2025-10-15"", ""2025-10-22"", ""2025-10-29"", ""2025-11-05""]","[""2025-11-05"", ""2025-11-06"", ""2025-11-07"", ""2025-11-08"", ""2025-11-09"", ""2025-11-10"", ""2025-11-11""]","[""2025-10-13"", ""2025-10-14"", ""2025-10-15"", ""2025-10-16"", ""2025-10-17"", ""2025-10-18"", ""2025-10-19"", ""2025-10-20"", ""2025-10-21"", ""2025-10-22"", ""2025-10-23"", ""2025-10-24"", ""2025-10-25"", ""2025-10-26"", ""2025-10-27"", ""2025-10-28"", ""2025-10-29"", ""2025-10-30"", ""2025-10-31"", ""2025-11-01"", ""2025-11-02"", ""2025-11-03"", ""2025-11-04"", ""2025-11-05"", ""2025-11-06"", ""2025-11-07"", ""2025-11-08"", ""2025-11-09"", ""2025-11-10"", ""2025-11-11""]",2025-11-11,30
2025-11-13,2025-11-13T00:00,"[""2025-10-09"", ""2025-10-16"", ""2025-10-23"", ""2025-10-30"", ""2025-11-06""]","[""2025-11-06"", ""2025-11-07"", ""2025-11-08"", ""2025-11-09"", ""2025-11-10"", ""2025-11-11"", ""2025-11-12""]","[""2025-10-14"", ""2025-10-15"", ""2025-10-16"", ""2025-10-17"", ""2025-10-18"", ""2025-10-19"", ""2025-10-20"", ""2025-10-21"", ""2025-10-22"", ""2025-10-23"", ""2025-10-24"", ""2025-10-25"", ""2025-10-26"", ""2025-10-27"", ""2025-10-28"", ""2025-10-29"", ""2025-10-30"", ""2025-10-31"", ""2025-11-01"", ""2025-11-02"", ""2025-11-03"", ""2025-11-04"", ""2025-11-05"", ""2025-11-06"", ""2025-11-07"", ""2025-11-08"", ""2025-11-09"", ""2025-11-10"", ""2025-11-11"", ""2025-11-12""]",2025-11-12,30
2025-11-14,2025-11-14T00:00,"[""2025-10-10"", ""2025-10-17"", ""2025-10-24"", ""2025-10-31"", ""2025-11-07""]","[""2025-11-07"", ""2025-11-08"", ""2025-11-09"", ""2025-11-10"", ""2025-11-11"", ""2025-11-12"", ""2025-11-13""]","[""2025-10-15"", ""2025-10-16"", ""2025-10-17"", ""2025-10-18"", ""2025-10-19"", ""2025-10-20"", ""2025-10-21"", ""2025-10-22"", ""2025-10-23"", ""2025-10-24"", ""2025-10-25"", ""2025-10-26"", ""2025-10-27"", ""2025-10-28"", ""2025-10-29"", ""2025-10-30"", ""2025-10-31"", ""2025-11-01"", ""2025-11-02"", ""2025-11-03"", ""2025-11-04"", ""2025-11-05"", ""2025-11-06"", ""2025-11-07"", ""2025-11-08"", ""2025-11-09"", ""2025-11-10"", ""2025-11-11"", ""2025-11-12"", ""2025-11-13""]",2025-11-13,30
2025-11-15,2025-11-15T00:00,"[""2025-10-11"", ""2025-10-18"", ""2025-10-25"", ""2025-11-01"", ""2025-11-08""]","[""2025-11-08"", ""2025-11-09"", ""2025-11-10"", ""2025-11-11"", ""2025-11-12"", ""2025-11-13"", ""2025-11-14""]","[""2025-10-16"", ""2025-10-17"", ""2025-10-18"", ""2025-10-19"", ""2025-10-20"", ""2025-10-21"", ""2025-10-22"", ""2025-10-23"", ""2025-10-24"", ""2025-10-25"", ""2025-10-26"", ""2025-10-27"", ""2025-10-28"", ""2025-10-29"", ""2025-10-30"", ""2025-10-31"", ""2025-11-01"", ""2025-11-02"", ""2025-11-03"", ""2025-11-04"", ""2025-11-05"", ""2025-11-06"", ""2025-11-07"", ""2025-11-08"", ""2025-11-09"", ""2025-11-10"", ""2025-11-11"", ""2025-11-12"", ""2025-11-13"", ""2025-11-14""]",2025-11-14,30
2025-11-16,2025-11-16T00:00,"[""2025-10-12"", ""2025-10-19"", ""2025-10-26"", ""2025-11-02"", ""2025-11-09""]","[""2025-11-09"", ""2025-11-10"", ""2025-11-11"", ""2025-11-12"", ""2025-11-13"", ""2025-11-14"", ""2025-11-15""]","[""2025-10-17"", ""2025-10-18"", ""2025-10-19"", ""2025-10-20"", ""2025-10-21"", ""2025-10-22"", ""2025-10-23"", ""2025-10-24"", ""2025-10-25"", ""2025-10-26"", ""2025-10-27"", ""2025-10-28"", ""2025-10-29"", ""2025-10-30"", ""2025-10-31"", ""2025-11-01"", ""2025-11-02"", ""2025-11-03"", ""2025-11-04"", ""2025-11-05"", ""2025-11-06"", ""2025-11-07"", ""2025-11-08"", ""2025-11-09"", ""2025-11-10"", ""2025-11-11"", ""2025-11-12"", ""2025-11-13"", ""2025-11-14"", ""2025-11-15""]",2025-11-15,30
2025-11-17,2025-11-17T00:00,"[""2025-10-13"", ""2025-10-20"", ""2025-10-27"", ""2025-11-03"", ""2025-11-10""]","[""2025-11-10"", ""2025-11-11"", ""2025-11-12"", ""2025-11-13"", ""2025-11-14"", ""2025-11-15"", ""2025-11-16""]","[""2025-10-18"", ""2025-10-19"", ""2025-10-20"", ""2025-10-21"", ""2025-10-22"", ""2025-10-23"", ""2025-10-24"", ""2025-10-25"", ""2025-10-26"", ""2025-10-27"", ""2025-10-28"", ""2025-10-29"", ""2025-10-30"", ""2025-10-31"", ""2025-11-01"", ""2025-11-02"", ""2025-11-03"", ""2025-11-04"", ""2025-11-05"", ""2025-11-06"", ""2025-11-07"", ""2025-11-08"", ""2025-11-09"", ""2025-11-10"", ""2025-11-11"", ""2025-11-12"", ""2025-11-13"", ""2025-11-14"", ""2025-11-15"", ""2025-11-16""]",2025-11-16,30
2025-11-18,2025-11-18T00:00,"[""2025-10-14"", ""2025-10-21"", ""2025-10-28"", ""2025-11-04"", ""2025-11-11""]","[""2025-11-11"", ""2025-11-12"", ""2025-11-13"", ""2025-11-14"", ""2025-11-15"", ""2025-11-16"", ""2025-11-17""]","[""2025-10-19"", ""2025-10-20"", ""2025-10-21"", ""2025-10-22"", ""2025-10-23"", ""2025-10-24"", ""2025-10-25"", ""2025-10-26"", ""2025-10-27"", ""2025-10-28"", ""2025-10-29"", ""2025-10-30"", ""2025-10-31"", ""2025-11-01"", ""2025-11-02"", ""2025-11-03"", ""2025-11-04"", ""2025-11-05"", ""2025-11-06"", ""2025-11-07"", ""2025-11-08"", ""2025-11-09"", ""2025-11-10"", ""2025-11-11"", ""2025-11-12"", ""2025-11-13"", ""2025-11-14"", ""2025-11-15"", ""2025-11-16"", ""2025-11-17""]",2025-11-17,30
2025-11-19,2025-11-19T00:00,"[""2025-10-15"", ""2025-10-22"", ""2025-10-29"", ""2025-11-05"", ""2025-11-12""]","[""2025-11-12"", ""2025-11-13"", ""2025-11-14"", ""2025-11-15"", ""2025-11-16"", ""2025-11-17"", ""2025-11-18""]","[""2025-10-20"", ""2025-10-21"", ""2025-10-22"", ""2025-10-23"", ""2025-10-24"", ""2025-10-25"", ""2025-10-26"", ""2025-10-27"", ""2025-10-28"", ""2025-10-29"", ""2025-10-30"", ""2025-10-31"", ""2025-11-01"", ""2025-11-02"", ""2025-11-03"", ""2025-11-04"", ""2025-11-05"", ""2025-11-06"", ""2025-11-07"", ""2025-11-08"", ""2025-11-09"", ""2025-11-10"", ""2025-11-11"", ""2025-11-12"", ""2025-11-13"", ""2025-11-14"", ""2025-11-15"", ""2025-11-16"", ""2025-11-17"", ""2025-11-18""]",2025-11-18,30
2025-11-20,2025-11-20T00:00,"[""2025-10-16"", ""2025-10-23"", ""2025-10-30"", ""2025-11-06"", ""2025-11-13""]","[""2025-11-13"", ""2025-11-14"", ""2025-11-15"", ""2025-11-16"", ""2025-11-17"", ""2025-11-18"", ""2025-11-19""]","[""2025-10-21"", ""2025-10-22"", ""2025-10-23"", ""2025-10-24"", ""2025-10-25"", ""2025-10-26"", ""2025-10-27"", ""2025-10-28"", ""2025-10-29"", ""2025-10-30"", ""2025-10-31"", ""2025-11-01"", ""2025-11-02"", ""2025-11-03"", ""2025-11-04"", ""2025-11-05"", ""2025-11-06"", ""2025-11-07"", ""2025-11-08"", ""2025-11-09"", ""2025-11-10"", ""2025-11-11"", ""2025-11-12"", ""2025-11-13"", ""2025-11-14"", ""2025-11-15"", ""2025-11-16"", ""2025-11-17"", ""2025-11-18"", ""2025-11-19""]",2025-11-19,30
2025-11-21,2025-11-21T00:00,"[""2025-10-17"", ""2025-10-24"", ""2025-10-31"", ""2025-11-07"", ""2025-11-14""]","[""2025-11-14"", ""2025-11-15"", ""2025-11-16"", ""2025-11-17"", ""2025-11-18"", ""2025-11-19"", ""2025-11-20""]","[""2025-10-22"", ""2025-10-23"", ""2025-10-24"", ""2025-10-25"", ""2025-10-26"", ""2025-10-27"", ""2025-10-28"", ""2025-10-29"", ""2025-10-30"", ""2025-10-31"", ""2025-11-01"", ""2025-11-02"", ""2025-11-03"", ""2025-11-04"", ""2025-11-05"", ""2025-11-06"", ""2025-11-07"", ""2025-11-08"", ""2025-11-09"", ""2025-11-10"", ""2025-11-11"", ""2025-11-12"", ""2025-11-13"", ""2025-11-14"", ""2025-11-15"", ""2025-11-16"", ""2025-11-17"", ""2025-11-18"", ""2025-11-19"", ""2025-11-20""]",2025-11-20,30
2025-11-22,2025-11-22T00:00,"[""2025-10-18"", ""2025-10-25"", ""2025-11-01"", ""2025-11-08"", ""2025-11-15""]","[""2025-11-15"", ""2025-11-16"", ""2025-11-17"", ""2025-11-18"", ""2025-11-19"", ""2025-11-20"", ""2025-11-21""]","[""2025-10-23"", ""2025-10-24"", ""2025-10-25"", ""2025-10-26"", ""2025-10-27"", ""2025-10-28"", ""2025-10-29"", ""2025-10-30"", ""2025-10-31"", ""2025-11-01"", ""2025-11-02"", ""2025-11-03"", ""2025-11-04"", ""2025-11-05"", ""2025-11-06"", ""2025-11-07"", ""2025-11-08"", ""2025-11-09"", ""2025-11-10"", ""2025-11-11"", ""2025-11-12"", ""2025-11-13"", ""2025-11-14"", ""2025-11-15"", ""2025-11-16"", ""2025-11-17"", ""2025-11-18"", ""2025-11-19"", ""2025-11-20"", ""2025-11-21""]",2025-11-21,30
2025-11-23,2025-11-23T00:00,"[""2025-10-19"", ""2025-10-26"", ""2025-11-02"", ""2025-11-09"", ""2025-11-16""]","[""2025-11-16"", ""2025-11-17"", ""2025-11-18"", ""2025-11-19"", ""2025-11-20"", ""2025-11-21"", ""2025-11-22""]","[""2025-10-24"", ""2025-10-25"", ""2025-10-26"", ""2025-10-27"", ""2025-10-28"", ""2025-10-29"", ""2025-10-30"", ""2025-10-31"", ""2025-11-01"", ""2025-11-02"", ""2025-11-03"", ""2025-11-04"", ""2025-11-05"", ""2025-11-06"", ""2025-11-07"", ""2025-11-08"", ""2025-11-09"", ""2025-11-10"", ""2025-11-11"", ""2025-11-12"", ""2025-11-13"", ""2025-11-14"", ""2025-11-15"", ""2025-11-16"", ""2025-11-17"", ""2025-11-18"", ""2025-11-19"", ""2025-11-20"", ""2025-11-21"", ""2025-11-22""]",2025-11-22,30
2025-11-24,2025-11-24T00:00,"[""2025-10-20"", ""2025-10-27"", ""2025-11-03"", ""2025-11-10"", ""2025-11-17""]","[""2025-11-17"", ""2025-11-18"", ""2025-11-19"", ""2025-11-20"", ""2025-11-21"", ""2025-11-22"", ""2025-11-23""]","[""2025-10-25"", ""2025-10-26"", ""2025-10-27"", ""2025-10-28"", ""2025-10-29"", ""2025-10-30"", ""2025-10-31"", ""2025-11-01"", ""2025-11-02"", ""2025-11-03"", ""2025-11-04"", ""2025-11-05"", ""2025-11-06"", ""2025-11-07"", ""2025-11-08"", ""2025-11-09"", ""2025-11-10"", ""2025-11-11"", ""2025-11-12"", ""2025-11-13"", ""2025-11-14"", ""2025-11-15"", ""2025-11-16"", ""2025-11-17"", ""2025-11-18"", ""2025-11-19"", ""2025-11-20"", ""2025-11-21"", ""2025-11-22"", ""2025-11-23""]",2025-11-23,30
2025-11-25,2025-11-25T00:00,"[""2025-10-21"", ""2025-10-28"", ""2025-11-04"", ""2025-11-11"", ""2025-11-18""]","[""2025-11-18"", ""2025-11-19"", ""2025-11-20"", ""2025-11-21"", ""2025-11-22"", ""2025-11-23"", ""2025-11-24""]","[""2025-10-26"", ""2025-10-27"", ""2025-10-28"", ""2025-10-29"", ""2025-10-30"", ""2025-10-31"", ""2025-11-01"", ""2025-11-02"", ""2025-11-03"", ""2025-11-04"", ""2025-11-05"", ""2025-11-06"", ""2025-11-07"", ""2025-11-08"", ""2025-11-09"", ""2025-11-10"", ""2025-11-11"", ""2025-11-12"", ""2025-11-13"", ""2025-11-14"", ""2025-11-15"", ""2025-11-16"", ""2025-11-17"", ""2025-11-18"", ""2025-11-19"", ""2025-11-20"", ""2025-11-21"", ""2025-11-22"", ""2025-11-23"", ""2025-11-24""]",2025-11-24,30
2025-11-26,2025-11-26T00:00,"[""2025-10-22"", ""2025-10-29"", ""2025-11-05"", ""2025-11-12"", ""2025-11-19""]","[""2025-11-19"", ""2025-11-20"", ""2025-11-21"", ""2025-11-22"", ""2025-11-23"", ""2025-11-24"", ""2025-11-25""]","[""2025-10-27"", ""2025-10-28"", ""2025-10-29"", ""2025-10-30"", ""2025-10-31"", ""2025-11-01"", ""2025-11-02"", ""2025-11-03"", ""2025-11-04"", ""2025-11-05"", ""2025-11-06"", ""2025-11-07"", ""2025-11-08"", ""2025-11-09"", ""2025-11-10"", ""2025-11-11"", ""2025-11-12"", ""2025-11-13"", ""2025-11-14"", ""2025-11-15"", ""2025-11-16"", ""2025-11-17"", ""2025-11-18"", ""2025-11-19"", ""2025-11-20"", ""2025-11-21"", ""2025-11-22"", ""2025-11-23"", ""2025-11-24"", ""2025-11-25""]",2025-11-25,30
2025-11-27,2025-11-27T00:00,"[""2025-10-23"", ""2025-10-30"", ""2025-11-06"", ""2025-11-13"", ""2025-11-20""]","[""2025-11-20"", ""2025-11-21"", ""2025-11-22"", ""2025-11-23"", ""2025-11-24"", ""2025-11-25"", ""2025-11-26""]","[""2025-10-28"", ""2025-10-29"", ""2025-10-30"", ""2025-10-31"", ""2025-11-01"", ""2025-11-02"", ""2025-11-03"", ""2025-11-04"", ""2025-11-05"", ""2025-11-06"", ""2025-11-07"", ""2025-11-08"", ""2025-11-09"", ""2025-11-10"", ""2025-11-11"", ""2025-11-12"", ""2025-11-13"", ""2025-11-14"", ""2025-11-15"", ""2025-11-16"", ""2025-11-17"", ""2025-11-18"", ""2025-11-19"", ""2025-11-20"", ""2025-11-21"", ""2025-11-22"", ""2025-11-23"", ""2025-11-24"", ""2025-11-25"", ""2025-11-26""]",2025-11-26,30
2025-11-28,2025-11-28T00:00,"[""2025-10-24"", ""2025-10-31"", ""2025-11-07"", ""2025-11-14"", ""2025-11-21""]","[""2025-11-21"", ""2025-11-22"", ""2025-11-23"", ""2025-11-24"", ""2025-11-25"", ""2025-11-26"", ""2025-11-27""]","[""2025-10-29"", ""2025-10-30"", ""2025-10-31"", ""2025-11-01"", ""2025-11-02"", ""2025-11-03"", ""2025-11-04"", ""2025-11-05"", ""2025-11-06"", ""2025-11-07"", ""2025-11-08"", ""2025-11-09"", ""2025-11-10"", ""2025-11-11"", ""2025-11-12"", ""2025-11-13"", ""2025-11-14"", ""2025-11-15"", ""2025-11-16"", ""2025-11-17"", ""2025-11-18"", ""2025-11-19"", ""2025-11-20"", ""2025-11-21"", ""2025-11-22"", ""2025-11-23"", ""2025-11-24"", ""2025-11-25"", ""2025-11-26"", ""2025-11-27""]",2025-11-27,30
2025-11-29,2025-11-29T00:00,"[""2025-10-25"", ""2025-11-01"", ""2025-11-08"", ""2025-11-15"", ""2025-11-22""]","[""2025-11-22"", ""2025-11-23"", ""2025-11-24"", ""2025-11-25"", ""2025-11-26"", ""2025-11-27"", ""2025-11-28""]","[""2025-10-30"", ""2025-10-31"", ""2025-11-01"", ""2025-11-02"", ""2025-11-03"", ""2025-11-04"", ""2025-11-05"", ""2025-11-06"", ""2025-11-07"", ""2025-11-08"", ""2025-11-09"", ""2025-11-10"", ""2025-11-11"", ""2025-11-12"", ""2025-11-13"", ""2025-11-14"", ""2025-11-15"", ""2025-11-16"", ""2025-11-17"", ""2025-11-18"", ""2025-11-19"", ""2025-11-20"", ""2025-11-21"", ""2025-11-22"", ""2025-11-23"", ""2025-11-24"", ""2025-11-25"", ""2025-11-26"", ""2025-11-27"", ""2025-11-28""]",2025-11-28,30
2025-11-30,2025-11-30T00:00,"[""2025-10-26"", ""2025-11-02"", ""2025-11-09"", ""2025-11-16"", ""2025-11-23""]","[""2025-11-23"", ""2025-11-24"", ""2025-11-25"", ""2025-11-26"", ""2025-11-27"", ""2025-11-28"", ""2025-11-29""]","[""2025-10-31"", ""2025-11-01"", ""2025-11-02"", ""2025-11-03"", ""2025-11-04"", ""2025-11-05"", ""2025-11-06"", ""2025-11-07"", ""2025-11-08"", ""2025-11-09"", ""2025-11-10"", ""2025-11-11"", ""2025-11-12"", ""2025-11-13"", ""2025-11-14"", ""2025-11-15"", ""2025-11-16"", ""2025-11-17"", ""2025-11-18"", ""2025-11-19"", ""2025-11-20"", ""2025-11-21"", ""2025-11-22"", ""2025-11-23"", ""2025-11-24"", ""2025-11-25"", ""2025-11-26"", ""2025-11-27"", ""2025-11-28"", ""2025-11-29""]",2025-11-29,30
2025-12-01,2025-12-01T00:00,"[""2025-10-27"", ""2025-11-03"", ""2025-11-10"", ""2025-11-17"", ""2025-11-24""]","[""2025-11-24"", ""2025-11-25"", ""2025-11-26"", ""2025-11-27"", ""2025-11-28"", ""2025-11-29"", ""2025-11-30""]","[""2025-11-01"", ""2025-11-02"", ""2025-11-03"", ""2025-11-04"", ""2025-11-05"", ""2025-11-06"", ""2025-11-07"", ""2025-11-08"", ""2025-11-09"", ""2025-11-10"", ""2025-11-11"", ""2025-11-12"", ""2025-11-13"", ""2025-11-14"", ""2025-11-15"", ""2025-11-16"", ""2025-11-17"", ""2025-11-18"", ""2025-11-19"", ""2025-11-20"", ""2025-11-21"", ""2025-11-22"", ""2025-11-23"", ""2025-11-24"", ""2025-11-25"", ""2025-11-26"", ""2025-11-27"", ""2025-11-28"", ""2025-11-29"", ""2025-11-30""]",2025-11-30,30
2025-12-02,2025-12-02T00:00,"[""2025-10-28"", ""2025-11-04"", ""2025-11-11"", ""2025-11-18"", ""2025-11-25""]","[""2025-11-25"", ""2025-11-26"", ""2025-11-27"", ""2025-11-28"", ""2025-11-29"", ""2025-11-30"", ""2025-12-01""]","[""2025-11-02"", ""2025-11-03"", ""2025-11-04"", ""2025-11-05"", ""2025-11-06"", ""2025-11-07"", ""2025-11-08"", ""2025-11-09"", ""2025-11-10"", ""2025-11-11"", ""2025-11-12"", ""2025-11-13"", ""2025-11-14"", ""2025-11-15"", ""2025-11-16"", ""2025-11-17"", ""2025-11-18"", ""2025-11-19"", ""2025-11-20"", ""2025-11-21"", ""2025-11-22"", ""2025-11-23"", ""2025-11-24"", ""2025-11-25"", ""2025-11-26"", ""2025-11-27"", ""2025-11-28"", ""2025-11-29"", ""2025-11-30"", ""2025-12-01""]",2025-12-01,30
2025-12-03,2025-12-03T00:00,"[""2025-10-29"", ""2025-11-05"", ""2025-11-12"", ""2025-11-19"", ""2025-11-26""]","[""2025-11-26"", ""2025-11-27"", ""2025-11-28"", ""2025-11-29"", ""2025-11-30"", ""2025-12-01"", ""2025-12-02""]","[""2025-11-03"", ""2025-11-04"", ""2025-11-05"", ""2025-11-06"", ""2025-11-07"", ""2025-11-08"", ""2025-11-09"", ""2025-11-10"", ""2025-11-11"", ""2025-11-12"", ""2025-11-13"", ""2025-11-14"", ""2025-11-15"", ""2025-11-16"", ""2025-11-17"", ""2025-11-18"", ""2025-11-19"", ""2025-11-20"", ""2025-11-21"", ""2025-11-22"", ""2025-11-23"", ""2025-11-24"", ""2025-11-25"", ""2025-11-26"", ""2025-11-27"", ""2025-11-28"", ""2025-11-29"", ""2025-11-30"", ""2025-12-01"", ""2025-12-02""]",2025-12-02,30
2025-12-04,2025-12-04T00:00,"[""2025-10-30"", ""2025-11-06"", ""2025-11-13"", ""2025-11-20"", ""2025-11-27""]","[""2025-11-27"", ""2025-11-28"", ""2025-11-29"", ""2025-11-30"", ""2025-12-01"", ""2025-12-02"", ""2025-12-03""]","[""2025-11-04"", ""2025-11-05"", ""2025-11-06"", ""2025-11-07"", ""2025-11-08"", ""2025-11-09"", ""2025-11-10"", ""2025-11-11"", ""2025-11-12"", ""2025-11-13"", ""2025-11-14"", ""2025-11-15"", ""2025-11-16"", ""2025-11-17"", ""2025-11-18"", ""2025-11-19"", ""2025-11-20"", ""2025-11-21"", ""2025-11-22"", ""2025-11-23"", ""2025-11-24"", ""2025-11-25"", ""2025-11-26"", ""2025-11-27"", ""2025-11-28"", ""2025-11-29"", ""2025-11-30"", ""2025-12-01"", ""2025-12-02"", ""2025-12-03""]",2025-12-03,30
2025-12-05,2025-12-05T00:00,"[""2025-10-31"", ""2025-11-07"", ""2025-11-14"", ""2025-11-21"", ""2025-11-28""]","[""2025-11-28"", ""2025-11-29"", ""2025-11-30"", ""2025-12-01"", ""2025-12-02"", ""2025-12-03"", ""2025-12-04""]","[""2025-11-05"", ""2025-11-06"", ""2025-11-07"", ""2025-11-08"", ""2025-11-09"", ""2025-11-10"", ""2025-11-11"", ""2025-11-12"", ""2025-11-13"", ""2025-11-14"", ""2025-11-15"", ""2025-11-16"", ""2025-11-17"", ""2025-11-18"", ""2025-11-19"", ""2025-11-20"", ""2025-11-21"", ""2025-11-22"", ""2025-11-23"", ""2025-11-24"", ""2025-11-25"", ""2025-11-26"", ""2025-11-27"", ""2025-11-28"", ""2025-11-29"", ""2025-11-30"", ""2025-12-01"", ""2025-12-02"", ""2025-12-03"", ""2025-12-04""]",2025-12-04,30
2025-12-06,2025-12-06T00:00,"[""2025-11-01"", ""2025-11-08"", ""2025-11-15"", ""2025-11-22"", ""2025-11-29""]","[""2025-11-29"", ""2025-11-30"", ""2025-12-01"", ""2025-12-02"", ""2025-12-03"", ""2025-12-04"", ""2025-12-05""]","[""2025-11-06"", ""2025-11-07"", ""2025-11-08"", ""2025-11-09"", ""2025-11-10"", ""2025-11-11"", ""2025-11-12"", ""2025-11-13"", ""2025-11-14"", ""2025-11-15"", ""2025-11-16"", ""2025-11-17"", ""2025-11-18"", ""2025-11-19"", ""2025-11-20"", ""2025-11-21"", ""2025-11-22"", ""2025-11-23"", ""2025-11-24"", ""2025-11-25"", ""2025-11-26"", ""2025-11-27"", ""2025-11-28"", ""2025-11-29"", ""2025-11-30"", ""2025-12-01"", ""2025-12-02"", ""2025-12-03"", ""2025-12-04"", ""2025-12-05""]",2025-12-05,30
2025-12-07,2025-12-07T00:00,"[""2025-11-02"", ""2025-11-09"", ""2025-11-16"", ""2025-11-23"", ""2025-11-30""]","[""2025-11-30"", ""2025-12-01"", ""2025-12-02"", ""2025-12-03"", ""2025-12-04"", ""2025-12-05"", ""2025-12-06""]","[""2025-11-07"", ""2025-11-08"", ""2025-11-09"", ""2025-11-10"", ""2025-11-11"", ""2025-11-12"", ""2025-11-13"", ""2025-11-14"", ""2025-11-15"", ""2025-11-16"", ""2025-11-17"", ""2025-11-18"", ""2025-11-19"", ""2025-11-20"", ""2025-11-21"", ""2025-11-22"", ""2025-11-23"", ""2025-11-24"", ""2025-11-25"", ""2025-11-26"", ""2025-11-27"", ""2025-11-28"", ""2025-11-29"", ""2025-11-30"", ""2025-12-01"", ""2025-12-02"", ""2025-12-03"", ""2025-12-04"", ""2025-12-05"", ""2025-12-06""]",2025-12-06,30
2025-12-08,2025-12-08T00:00,"[""2025-11-03"", ""2025-11-10"", ""2025-11-17"", ""2025-11-24"", ""2025-12-01""]","[""2025-12-01"", ""2025-12-02"", ""2025-12-03"", ""2025-12-04"", ""2025-12-05"", ""2025-12-06"", ""2025-12-07""]","[""2025-11-08"", ""2025-11-09"", ""2025-11-10"", ""2025-11-11"", ""2025-11-12"", ""2025-11-13"", ""2025-11-14"", ""2025-11-15"", ""2025-11-16"", ""2025-11-17"", ""2025-11-18"", ""2025-11-19"", ""2025-11-20"", ""2025-11-21"", ""2025-11-22"", ""2025-11-23"", ""2025-11-24"", ""2025-11-25"", ""2025-11-26"", ""2025-11-27"", ""2025-11-28"", ""2025-11-29"", ""2025-11-30"", ""2025-12-01"", ""2025-12-02"", ""2025-12-03"", ""2025-12-04"", ""2025-12-05"", ""2025-12-06"", ""2025-12-07""]",2025-12-07,30
2025-12-09,2025-12-09T00:00,"[""2025-11-04"", ""2025-11-11"", ""2025-11-18"", ""2025-11-25"", ""2025-12-02""]","[""2025-12-02"", ""2025-12-03"", ""2025-12-04"", ""2025-12-05"", ""2025-12-06"", ""2025-12-07"", ""2025-12-08""]","[""2025-11-09"", ""2025-11-10"", ""2025-11-11"", ""2025-11-12"", ""2025-11-13"", ""2025-11-14"", ""2025-11-15"", ""2025-11-16"", ""2025-11-17"", ""2025-11-18"", ""2025-11-19"", ""2025-11-20"", ""2025-11-21"", ""2025-11-22"", ""2025-11-23"", ""2025-11-24"", ""2025-11-25"", ""2025-11-26"", ""2025-11-27"", ""2025-11-28"", ""2025-11-29"", ""2025-11-30"", ""2025-12-01"", ""2025-12-02"", ""2025-12-03"", ""2025-12-04"", ""2025-12-05"", ""2025-12-06"", ""2025-12-07"", ""2025-12-08""]",2025-12-08,30
2025-12-10,2025-12-10T00:00,"[""2025-11-05"", ""2025-11-12"", ""2025-11-19"", ""2025-11-26"", ""2025-12-03""]","[""2025-12-03"", ""2025-12-04"", ""2025-12-05"", ""2025-12-06"", ""2025-12-07"", ""2025-12-08"", ""2025-12-09""]","[""2025-11-10"", ""2025-11-11"", ""2025-11-12"", ""2025-11-13"", ""2025-11-14"", ""2025-11-15"", ""2025-11-16"", ""2025-11-17"", ""2025-11-18"", ""2025-11-19"", ""2025-11-20"", ""2025-11-21"", ""2025-11-22"", ""2025-11-23"", ""2025-11-24"", ""2025-11-25"", ""2025-11-26"", ""2025-11-27"", ""2025-11-28"", ""2025-11-29"", ""2025-11-30"", ""2025-12-01"", ""2025-12-02"", ""2025-12-03"", ""2025-12-04"", ""2025-12-05"", ""2025-12-06"", ""2025-12-07"", ""2025-12-08"", ""2025-12-09""]",2025-12-09,30
2025-12-11,2025-12-11T00:00,"[""2025-11-06"", ""2025-11-13"", ""2025-11-20"", ""2025-11-27"", ""2025-12-04""]","[""2025-12-04"", ""2025-12-05"", ""2025-12-06"", ""2025-12-07"", ""2025-12-08"", ""2025-12-09"", ""2025-12-10""]","[""2025-11-11"", ""2025-11-12"", ""2025-11-13"", ""2025-11-14"", ""2025-11-15"", ""2025-11-16"", ""2025-11-17"", ""2025-11-18"", ""2025-11-19"", ""2025-11-20"", ""2025-11-21"", ""2025-11-22"", ""2025-11-23"", ""2025-11-24"", ""2025-11-25"", ""2025-11-26"", ""2025-11-27"", ""2025-11-28"", ""2025-11-29"", ""2025-11-30"", ""2025-12-01"", ""2025-12-02"", ""2025-12-03"", ""2025-12-04"", ""2025-12-05"", ""2025-12-06"", ""2025-12-07"", ""2025-12-08"", ""2025-12-09"", ""2025-12-10""]",2025-12-10,30
2025-12-12,2025-12-12T00:00,"[""2025-11-07"", ""2025-11-14"", ""2025-11-21"", ""2025-11-28"", ""2025-12-05""]","[""2025-12-05"", ""2025-12-06"", ""2025-12-07"", ""2025-12-08"", ""2025-12-09"", ""2025-12-10"", ""2025-12-11""]","[""2025-11-12"", ""2025-11-13"", ""2025-11-14"", ""2025-11-15"", ""2025-11-16"", ""2025-11-17"", ""2025-11-18"", ""2025-11-19"", ""2025-11-20"", ""2025-11-21"", ""2025-11-22"", ""2025-11-23"", ""2025-11-24"", ""2025-11-25"", ""2025-11-26"", ""2025-11-27"", ""2025-11-28"", ""2025-11-29"", ""2025-11-30"", ""2025-12-01"", ""2025-12-02"", ""2025-12-03"", ""2025-12-04"", ""2025-12-05"", ""2025-12-06"", ""2025-12-07"", ""2025-12-08"", ""2025-12-09"", ""2025-12-10"", ""2025-12-11""]",2025-12-11,30
2025-12-13,2025-12-13T00:00,"[""2025-11-08"", ""2025-11-15"", ""2025-11-22"", ""2025-11-29"", ""2025-12-06""]","[""2025-12-06"", ""2025-12-07"", ""2025-12-08"", ""2025-12-09"", ""2025-12-10"", ""2025-12-11"", ""2025-12-12""]","[""2025-11-13"", ""2025-11-14"", ""2025-11-15"", ""2025-11-16"", ""2025-11-17"", ""2025-11-18"", ""2025-11-19"", ""2025-11-20"", ""2025-11-21"", ""2025-11-22"", ""2025-11-23"", ""2025-11-24"", ""2025-11-25"", ""2025-11-26"", ""2025-11-27"", ""2025-11-28"", ""2025-11-29"", ""2025-11-30"", ""2025-12-01"", ""2025-12-02"", ""2025-12-03"", ""2025-12-04"", ""2025-12-05"", ""2025-12-06"", ""2025-12-07"", ""2025-12-08"", ""2025-12-09"", ""2025-12-10"", ""2025-12-11"", ""2025-12-12""]",2025-12-12,30
2025-12-14,2025-12-14T00:00,"[""2025-11-09"", ""2025-11-16"", ""2025-11-23"", ""2025-11-30"", ""2025-12-07""]","[""2025-12-07"", ""2025-12-08"", ""2025-12-09"", ""2025-12-10"", ""2025-12-11"", ""2025-12-12"", ""2025-12-13""]","[""2025-11-14"", ""2025-11-15"", ""2025-11-16"", ""2025-11-17"", ""2025-11-18"", ""2025-11-19"", ""2025-11-20"", ""2025-11-21"", ""2025-11-22"", ""2025-11-23"", ""2025-11-24"", ""2025-11-25"", ""2025-11-26"", ""2025-11-27"", ""2025-11-28"", ""2025-11-29"", ""2025-11-30"", ""2025-12-01"", ""2025-12-02"", ""2025-12-03"", ""2025-12-04"", ""2025-12-05"", ""2025-12-06"", ""2025-12-07"", ""2025-12-08"", ""2025-12-09"", ""2025-12-10"", ""2025-12-11"", ""2025-12-12"", ""2025-12-13""]",2025-12-13,30
2025-12-15,2025-12-15T00:00,"[""2025-11-10"", ""2025-11-17"", ""2025-11-24"", ""2025-12-01"", ""2025-12-08""]","[""2025-12-08"", ""2025-12-09"", ""2025-12-10"", ""2025-12-11"", ""2025-12-12"", ""2025-12-13"", ""2025-12-14""]","[""2025-11-15"", ""2025-11-16"", ""2025-11-17"", ""2025-11-18"", ""2025-11-19"", ""2025-11-20"", ""2025-11-21"", ""2025-11-22"", ""2025-11-23"", ""2025-11-24"", ""2025-11-25"", ""2025-11-26"", ""2025-11-27"", ""2025-11-28"", ""2025-11-29"", ""2025-11-30"", ""2025-12-01"", ""2025-12-02"", ""2025-12-03"", ""2025-12-04"", ""2025-12-05"", ""2025-12-06"", ""2025-12-07"", ""2025-12-08"", ""2025-12-09"", ""2025-12-10"", ""2025-12-11"", ""2025-12-12"", ""2025-12-13"", ""2025-12-14""]",2025-12-14,30
2025-12-16,2025-12-16T00:00,"[""2025-11-11"", ""2025-11-18"", ""2025-11-25"", ""2025-12-02"", ""2025-12-09""]","[""2025-12-09"", ""2025-12-10"", ""2025-12-11"", ""2025-12-12"", ""2025-12-13"", ""2025-12-14"", ""2025-12-15""]","[""2025-11-16"", ""2025-11-17"", ""2025-11-18"", ""2025-11-19"", ""2025-11-20"", ""2025-11-21"", ""2025-11-22"", ""2025-11-23"", ""2025-11-24"", ""2025-11-25"", ""2025-11-26"", ""2025-11-27"", ""2025-11-28"", ""2025-11-29"", ""2025-11-30"", ""2025-12-01"", ""2025-12-02"", ""2025-12-03"", ""2025-12-04"", ""2025-12-05"", ""2025-12-06"", ""2025-12-07"", ""2025-12-08"", ""2025-12-09"", ""2025-12-10"", ""2025-12-11"", ""2025-12-12"", ""2025-12-13"", ""2025-12-14"", ""2025-12-15""]",2025-12-15,30
2025-12-17,2025-12-17T00:00,"[""2025-11-12"", ""2025-11-19"", ""2025-11-26"", ""2025-12-03"", ""2025-12-10""]","[""2025-12-10"", ""2025-12-11"", ""2025-12-12"", ""2025-12-13"", ""2025-12-14"", ""2025-12-15"", ""2025-12-16""]","[""2025-11-17"", ""2025-11-18"", ""2025-11-19"", ""2025-11-20"", ""2025-11-21"", ""2025-11-22"", ""2025-11-23"", ""2025-11-24"", ""2025-11-25"", ""2025-11-26"", ""2025-11-27"", ""2025-11-28"", ""2025-11-29"", ""2025-11-30"", ""2025-12-01"", ""2025-12-02"", ""2025-12-03"", ""2025-12-04"", ""2025-12-05"", ""2025-12-06"", ""2025-12-07"", ""2025-12-08"", ""2025-12-09"", ""2025-12-10"", ""2025-12-11"", ""2025-12-12"", ""2025-12-13"", ""2025-12-14"", ""2025-12-15"", ""2025-12-16""]",2025-12-16,30
2025-12-18,2025-12-18T00:00,"[""2025-11-13"", ""2025-11-20"", ""2025-11-27"", ""2025-12-04"", ""2025-12-11""]","[""2025-12-11"", ""2025-12-12"", ""2025-12-13"", ""2025-12-14"", ""2025-12-15"", ""2025-12-16"", ""2025-12-17""]","[""2025-11-18"", ""2025-11-19"", ""2025-11-20"", ""2025-11-21"", ""2025-11-22"", ""2025-11-23"", ""2025-11-24"", ""2025-11-25"", ""2025-11-26"", ""2025-11-27"", ""2025-11-28"", ""2025-11-29"", ""2025-11-30"", ""2025-12-01"", ""2025-12-02"", ""2025-12-03"", ""2025-12-04"", ""2025-12-05"", ""2025-12-06"", ""2025-12-07"", ""2025-12-08"", ""2025-12-09"", ""2025-12-10"", ""2025-12-11"", ""2025-12-12"", ""2025-12-13"", ""2025-12-14"", ""2025-12-15"", ""2025-12-16"", ""2025-12-17""]",2025-12-17,30
2025-12-19,2025-12-19T00:00,"[""2025-11-14"", ""2025-11-21"", ""2025-11-28"", ""2025-12-05"", ""2025-12-12""]","[""2025-12-12"", ""2025-12-13"", ""2025-12-14"", ""2025-12-15"", ""2025-12-16"", ""2025-12-17"", ""2025-12-18""]","[""2025-11-19"", ""2025-11-20"", ""2025-11-21"", ""2025-11-22"", ""2025-11-23"", ""2025-11-24"", ""2025-11-25"", ""2025-11-26"", ""2025-11-27"", ""2025-11-28"", ""2025-11-29"", ""2025-11-30"", ""2025-12-01"", ""2025-12-02"", ""2025-12-03"", ""2025-12-04"", ""2025-12-05"", ""2025-12-06"", ""2025-12-07"", ""2025-12-08"", ""2025-12-09"", ""2025-12-10"", ""2025-12-11"", ""2025-12-12"", ""2025-12-13"", ""2025-12-14"", ""2025-12-15"", ""2025-12-16"", ""2025-12-17"", ""2025-12-18""]",2025-12-18,30
2025-12-20,2025-12-20T00:00,"[""2025-11-15"", ""2025-11-22"", ""2025-11-29"", ""2025-12-06"", ""2025-12-13""]","[""2025-12-13"", ""2025-12-14"", ""2025-12-15"", ""2025-12-16"", ""2025-12-17"", ""2025-12-18"", ""2025-12-19""]","[""2025-11-20"", ""2025-11-21"", ""2025-11-22"", ""2025-11-23"", ""2025-11-24"", ""2025-11-25"", ""2025-11-26"", ""2025-11-27"", ""2025-11-28"", ""2025-11-29"", ""2025-11-30"", ""2025-12-01"", ""2025-12-02"", ""2025-12-03"", ""2025-12-04"", ""2025-12-05"", ""2025-12-06"", ""2025-12-07"", ""2025-12-08"", ""2025-12-09"", ""2025-12-10"", ""2025-12-11"", ""2025-12-12"", ""2025-12-13"", ""2025-12-14"", ""2025-12-15"", ""2025-12-16"", ""2025-12-17"", ""2025-12-18"", ""2025-12-19""]",2025-12-19,30
2025-12-21,2025-12-21T00:00,"[""2025-11-16"", ""2025-11-23"", ""2025-11-30"", ""2025-12-07"", ""2025-12-14""]","[""2025-12-14"", ""2025-12-15"", ""2025-12-16"", ""2025-12-17"", ""2025-12-18"", ""2025-12-19"", ""2025-12-20""]","[""2025-11-21"", ""2025-11-22"", ""2025-11-23"", ""2025-11-24"", ""2025-11-25"", ""2025-11-26"", ""2025-11-27"", ""2025-11-28"", ""2025-11-29"", ""2025-11-30"", ""2025-12-01"", ""2025-12-02"", ""2025-12-03"", ""2025-12-04"", ""2025-12-05"", ""2025-12-06"", ""2025-12-07"", ""2025-12-08"", ""2025-12-09"", ""2025-12-10"", ""2025-12-11"", ""2025-12-12"", ""2025-12-13"", ""2025-12-14"", ""2025-12-15"", ""2025-12-16"", ""2025-12-17"", ""2025-12-18"", ""2025-12-19"", ""2025-12-20""]",2025-12-20,30
2025-12-22,2025-12-22T00:00,"[""2025-11-17"", ""2025-11-24"", ""2025-12-01"", ""2025-12-08"", ""2025-12-15""]","[""2025-12-15"", ""2025-12-16"", ""2025-12-17"", ""2025-12-18"", ""2025-12-19"", ""2025-12-20"", ""2025-12-21""]","[""2025-11-22"", ""2025-11-23"", ""2025-11-24"", ""2025-11-25"", ""2025-11-26"", ""2025-11-27"", ""2025-11-28"", ""2025-11-29"", ""2025-11-30"", ""2025-12-01"", ""2025-12-02"", ""2025-12-03"", ""2025-12-04"", ""2025-12-05"", ""2025-12-06"", ""2025-12-07"", ""2025-12-08"", ""2025-12-09"", ""2025-12-10"", ""2025-12-11"", ""2025-12-12"", ""2025-12-13"", ""2025-12-14"", ""2025-12-15"", ""2025-12-16"", ""2025-12-17"", ""2025-12-18"", ""2025-12-19"", ""2025-12-20"", ""2025-12-21""]",2025-12-21,30
2025-12-23,2025-12-23T00:00,"[""2025-11-18"", ""2025-11-25"", ""2025-12-02"", ""2025-12-09"", ""2025-12-16""]","[""2025-12-16"", ""2025-12-17"", ""2025-12-18"", ""2025-12-19"", ""2025-12-20"", ""2025-12-21"", ""2025-12-22""]","[""2025-11-23"", ""2025-11-24"", ""2025-11-25"", ""2025-11-26"", ""2025-11-27"", ""2025-11-28"", ""2025-11-29"", ""2025-11-30"", ""2025-12-01"", ""2025-12-02"", ""2025-12-03"", ""2025-12-04"", ""2025-12-05"", ""2025-12-06"", ""2025-12-07"", ""2025-12-08"", ""2025-12-09"", ""2025-12-10"", ""2025-12-11"", ""2025-12-12"", ""2025-12-13"", ""2025-12-14"", ""2025-12-15"", ""2025-12-16"", ""2025-12-17"", ""2025-12-18"", ""2025-12-19"", ""2025-12-20"", ""2025-12-21"", ""2025-12-22""]",2025-12-22,30
2025-12-24,2025-12-24T00:00,"[""2025-11-19"", ""2025-11-26"", ""2025-12-03"", ""2025-12-10"", ""2025-12-17""]","[""2025-12-17"", ""2025-12-18"", ""2025-12-19"", ""2025-12-20"", ""2025-12-21"", ""2025-12-22"", ""2025-12-23""]","[""2025-11-24"", ""2025-11-25"", ""2025-11-26"", ""2025-11-27"", ""2025-11-28"", ""2025-11-29"", ""2025-11-30"", ""2025-12-01"", ""2025-12-02"", ""2025-12-03"", ""2025-12-04"", ""2025-12-05"", ""2025-12-06"", ""2025-12-07"", ""2025-12-08"", ""2025-12-09"", ""2025-12-10"", ""2025-12-11"", ""2025-12-12"", ""2025-12-13"", ""2025-12-14"", ""2025-12-15"", ""2025-12-16"", ""2025-12-17"", ""2025-12-18"", ""2025-12-19"", ""2025-12-20"", ""2025-12-21"", ""2025-12-22"", ""2025-12-23""]",2025-12-23,30
2025-12-25,2025-12-25T00:00,"[""2025-11-20"", ""2025-11-27"", ""2025-12-04"", ""2025-12-11"", ""2025-12-18""]","[""2025-12-18"", ""2025-12-19"", ""2025-12-20"", ""2025-12-21"", ""2025-12-22"", ""2025-12-23"", ""2025-12-24""]","[""2025-11-25"", ""2025-11-26"", ""2025-11-27"", ""2025-11-28"", ""2025-11-29"", ""2025-11-30"", ""2025-12-01"", ""2025-12-02"", ""2025-12-03"", ""2025-12-04"", ""2025-12-05"", ""2025-12-06"", ""2025-12-07"", ""2025-12-08"", ""2025-12-09"", ""2025-12-10"", ""2025-12-11"", ""2025-12-12"", ""2025-12-13"", ""2025-12-14"", ""2025-12-15"", ""2025-12-16"", ""2025-12-17"", ""2025-12-18"", ""2025-12-19"", ""2025-12-20"", ""2025-12-21"", ""2025-12-22"", ""2025-12-23"", ""2025-12-24""]",2025-12-24,30
2025-12-26,2025-12-26T00:00,"[""2025-11-21"", ""2025-11-28"", ""2025-12-05"", ""2025-12-12"", ""2025-12-19""]","[""2025-12-19"", ""2025-12-20"", ""2025-12-21"", ""2025-12-22"", ""2025-12-23"", ""2025-12-24"", ""2025-12-25""]","[""2025-11-26"", ""2025-11-27"", ""2025-11-28"", ""2025-11-29"", ""2025-11-30"", ""2025-12-01"", ""2025-12-02"", ""2025-12-03"", ""2025-12-04"", ""2025-12-05"", ""2025-12-06"", ""2025-12-07"", ""2025-12-08"", ""2025-12-09"", ""2025-12-10"", ""2025-12-11"", ""2025-12-12"", ""2025-12-13"", ""2025-12-14"", ""2025-12-15"", ""2025-12-16"", ""2025-12-17"", ""2025-12-18"", ""2025-12-19"", ""2025-12-20"", ""2025-12-21"", ""2025-12-22"", ""2025-12-23"", ""2025-12-24"", ""2025-12-25""]",2025-12-25,30
2025-12-27,2025-12-27T00:00,"[""2025-11-22"", ""2025-11-29"", ""2025-12-06"", ""2025-12-13"", ""2025-12-20""]","[""2025-12-20"", ""2025-12-21"", ""2025-12-22"", ""2025-12-23"", ""2025-12-24"", ""2025-12-25"", ""2025-12-26""]","[""2025-11-27"", ""2025-11-28"", ""2025-11-29"", ""2025-11-30"", ""2025-12-01"", ""2025-12-02"", ""2025-12-03"", ""2025-12-04"", ""2025-12-05"", ""2025-12-06"", ""2025-12-07"", ""2025-12-08"", ""2025-12-09"", ""2025-12-10"", ""2025-12-11"", ""2025-12-12"", ""2025-12-13"", ""2025-12-14"", ""2025-12-15"", ""2025-12-16"", ""2025-12-17"", ""2025-12-18"", ""2025-12-19"", ""2025-12-20"", ""2025-12-21"", ""2025-12-22"", ""2025-12-23"", ""2025-12-24"", ""2025-12-25"", ""2025-12-26""]",2025-12-26,30
2025-12-28,2025-12-28T00:00,"[""2025-11-23"", ""2025-11-30"", ""2025-12-07"", ""2025-12-14"", ""2025-12-21""]","[""2025-12-21"", ""2025-12-22"", ""2025-12-23"", ""2025-12-24"", ""2025-12-25"", ""2025-12-26"", ""2025-12-27""]","[""2025-11-28"", ""2025-11-29"", ""2025-11-30"", ""2025-12-01"", ""2025-12-02"", ""2025-12-03"", ""2025-12-04"", ""2025-12-05"", ""2025-12-06"", ""2025-12-07"", ""2025-12-08"", ""2025-12-09"", ""2025-12-10"", ""2025-12-11"", ""2025-12-12"", ""2025-12-13"", ""2025-12-14"", ""2025-12-15"", ""2025-12-16"", ""2025-12-17"", ""2025-12-18"", ""2025-12-19"", ""2025-12-20"", ""2025-12-21"", ""2025-12-22"", ""2025-12-23"", ""2025-12-24"", ""2025-12-25"", ""2025-12-26"", ""2025-12-27""]",2025-12-27,30
2025-12-29,2025-12-29T00:00,"[""2025-11-24"", ""2025-12-01"", ""2025-12-08"", ""2025-12-15"", ""2025-12-22""]","[""2025-12-22"", ""2025-12-23"", ""2025-12-24"", ""2025-12-25"", ""2025-12-26"", ""2025-12-27"", ""2025-12-28""]","[""2025-11-29"", ""2025-11-30"", ""2025-12-01"", ""2025-12-02"", ""2025-12-03"", ""2025-12-04"", ""2025-12-05"", ""2025-12-06"", ""2025-12-07"", ""2025-12-08"", ""2025-12-09"", ""2025-12-10"", ""2025-12-11"", ""2025-12-12"", ""2025-12-13"", ""2025-12-14"", ""2025-12-15"", ""2025-12-16"", ""2025-12-17"", ""2025-12-18"", ""2025-12-19"", ""2025-12-20"", ""2025-12-21"", ""2025-12-22"", ""2025-12-23"", ""2025-12-24"", ""2025-12-25"", ""2025-12-26"", ""2025-12-27"", ""2025-12-28""]",2025-12-28,30
2025-12-30,2025-12-30T00:00,"[""2025-11-25"", ""2025-12-02"", ""2025-12-09"", ""2025-12-16"", ""2025-12-23""]","[""2025-12-23"", ""2025-12-24"", ""2025-12-25"", ""2025-12-26"", ""2025-12-27"", ""2025-12-28"", ""2025-12-29""]","[""2025-11-30"", ""2025-12-01"", ""2025-12-02"", ""2025-12-03"", ""2025-12-04"", ""2025-12-05"", ""2025-12-06"", ""2025-12-07"", ""2025-12-08"", ""2025-12-09"", ""2025-12-10"", ""2025-12-11"", ""2025-12-12"", ""2025-12-13"", ""2025-12-14"", ""2025-12-15"", ""2025-12-16"", ""2025-12-17"", ""2025-12-18"", ""2025-12-19"", ""2025-12-20"", ""2025-12-21"", ""2025-12-22"", ""2025-12-23"", ""2025-12-24"", ""2025-12-25"", ""2025-12-26"", ""2025-12-27"", ""2025-12-28"", ""2025-12-29""]",2025-12-29,30
2025-12-31,2025-12-31T00:00,"[""2025-11-26"", ""2025-12-03"", ""2025-12-10"", ""2025-12-17"", ""2025-12-24""]","[""2025-12-24"", ""2025-12-25"", ""2025-12-26"", ""2025-12-27"", ""2025-12-28"", ""2025-12-29"", ""2025-12-30""]","[""2025-12-01"", ""2025-12-02"", ""2025-12-03"", ""2025-12-04"", ""2025-12-05"", ""2025-12-06"", ""2025-12-07"", ""2025-12-08"", ""2025-12-09"", ""2025-12-10"", ""2025-12-11"", ""2025-12-12"", ""2025-12-13"", ""2025-12-14"", ""2025-12-15"", ""2025-12-16"", ""2025-12-17"", ""2025-12-18"", ""2025-12-19"", ""2025-12-20"", ""2025-12-21"", ""2025-12-22"", ""2025-12-23"", ""2025-12-24"", ""2025-12-25"", ""2025-12-26"", ""2025-12-27"", ""2025-12-28"", ""2025-12-29"", ""2025-12-30""]",2025-12-30,30
