date,variant,alpha,base_planned_cost_yuan,margin_purchase_cost_yuan,purchase_kwh,margin_kwh,reserve_segments
2025-02-01,greedy_closed,0.8,29052.093774647376,0.0,50549.81748094104,0.0,0
2025-02-01,dp_fixed,0.8,29052.093774647376,0.0,50549.81748094104,0.0,42
2025-02-01,dp_closed,0.8,29052.093774647376,0.0,50549.81748094104,0.0,42
2025-02-02,greedy_closed,0.8,64801.84705833295,689.8602309088692,97499.2787557496,857.798324404762,0
2025-02-02,dp_fixed,0.8,64801.84705833295,689.8602309088692,97499.2787557496,857.798324404762,36
2025-02-02,dp_closed,0.8,64801.84705833295,689.8602309088692,97499.2787557496,857.798324404762,36
2025-02-03,greedy_closed,0.8,64119.976627583965,926.0919751084405,96869.34393349651,1112.5030728571426,0
2025-02-03,dp_fixed,0.8,64119.976627583965,926.0919751084405,96869.34393349651,1112.5030728571426,38
2025-02-03,dp_closed,0.8,64119.976627583965,926.0919751084405,96869.34393349651,1112.5030728571426,38
2025-02-04,greedy_closed,0.8,63819.64126939644,1113.476772843338,96648.4180133169,1328.9189422789805,0
2025-02-04,dp_fixed,0.8,63819.64126939644,1113.476772843338,96648.4180133169,1328.9189422789805,38
2025-02-04,dp_closed,0.8,63819.64126939644,1113.476772843338,96648.4180133169,1328.9189422789805,38
2025-02-05,greedy_closed,0.8,62952.6333595318,1127.4014982195954,95531.12759597244,1310.0777816833418,0
2025-02-05,dp_fixed,0.8,62952.6333595318,1127.4014982195954,95531.12759597244,1310.0777816833418,40
2025-02-05,dp_closed,0.8,62952.6333595318,1127.4014982195954,95531.12759597244,1310.0777816833418,40
2025-02-06,greedy_closed,0.8,61874.88183605876,1109.8337933493267,93893.45416297344,1290.403945431912,0
2025-02-06,dp_fixed,0.8,61874.88183605876,1109.8337933493267,93893.45416297344,1290.403945431912,48
2025-02-06,dp_closed,0.8,61874.88183605876,1109.8337933493267,93893.45416297344,1290.403945431912,48
2025-02-07,greedy_closed,0.8,22298.363695932938,1070.8682417591322,41193.466212759886,1218.1943614241593,0
2025-02-07,dp_fixed,0.8,22298.363695932938,1070.8682417591322,41193.466212759886,1218.1943614241593,58
2025-02-07,dp_closed,0.8,22298.363695932938,1070.8682417591322,41193.466212759886,1218.1943614241593,58
2025-02-08,greedy_closed,0.8,21806.72947278584,1141.6685089068733,40848.95947986339,1308.4608949250423,0
2025-02-08,dp_fixed,0.8,21806.72947278584,1141.6685089068733,40848.95947986339,1308.4608949250423,53
2025-02-08,dp_closed,0.8,21806.72947278584,1141.6685089068733,40848.95947986339,1308.4608949250423,53
2025-02-09,greedy_closed,0.8,55138.62880962699,1172.0826746770927,87152.16785301137,1377.1608365737802,0
2025-02-09,dp_fixed,0.8,55138.62880962699,1172.0826746770927,87152.16785301137,1377.1608365737802,38
2025-02-09,dp_closed,0.8,55138.62880962699,1172.0826746770927,87152.16785301137,1377.1608365737802,38
2025-02-10,greedy_closed,0.8,55147.2428757024,1204.0303923907816,87185.40016147854,1422.4146833442092,0
2025-02-10,dp_fixed,0.8,55147.2428757024,1204.0303923907816,87185.40016147854,1422.4146833442092,38
2025-02-10,dp_closed,0.8,55147.2428757024,1204.0303923907816,87185.40016147854,1422.4146833442092,38
2025-02-11,greedy_closed,0.8,56100.88201969109,1165.577407774701,90089.6976954623,1371.0610543156972,0
2025-02-11,dp_fixed,0.8,56100.88201969109,1165.577407774701,90089.6976954623,1371.0610543156972,39
2025-02-11,dp_closed,0.8,56100.88201969109,1165.577407774701,90089.6976954623,1371.0610543156972,39
2025-02-12,greedy_closed,0.8,53801.76868246403,1112.0602479129911,85509.22417940747,1307.7682267269245,0
2025-02-12,dp_fixed,0.8,53801.76868246403,1112.0602479129911,85509.22417940747,1307.7682267269245,52
2025-02-12,dp_closed,0.8,53801.76868246403,1112.0602479129911,85509.22417940747,1307.7682267269245,52
2025-02-13,greedy_closed,0.8,53165.20957157148,1179.9004214923948,85380.53003129404,1377.6165444891255,0
2025-02-13,dp_fixed,0.8,53165.20957157148,1179.9004214923948,85380.53003129404,1377.6165444891255,58
2025-02-13,dp_closed,0.8,53165.20957157148,1179.9004214923948,85380.53003129404,1377.6165444891255,58
2025-02-14,greedy_closed,0.8,19364.258288153553,1173.0227247694183,38560.0843963012,1382.7391397627885,0
2025-02-14,dp_fixed,0.8,19364.258288153553,1173.0227247694183,38560.0843963012,1382.7391397627885,49
2025-02-14,dp_closed,0.8,19364.258288153553,1173.0227247694183,38560.0843963012,1382.7391397627885,49
2025-02-15,greedy_closed,0.8,19081.908971981666,1196.4823659291267,38092.96471170689,1428.0932522942385,0
2025-02-15,dp_fixed,0.8,19081.908971981666,1196.4823659291267,38092.96471170689,1428.0932522942385,47
2025-02-15,dp_closed,0.8,19081.908971981666,1196.4823659291267,38092.96471170689,1428.0932522942385,47
2025-02-16,greedy_closed,0.8,50394.829372376946,1215.9878893566265,82159.14027113433,1463.7338999977105,0
2025-02-16,dp_fixed,0.8,50394.829372376946,1215.9878893566265,82159.14027113433,1463.7338999977105,57
2025-02-16,dp_closed,0.8,50394.829372376946,1215.9878893566265,82159.14027113433,1463.7338999977105,57
2025-02-17,greedy_closed,0.8,49984.69744025892,1222.8652676539277,81520.98366006959,1470.3609849999996,0
2025-02-17,dp_fixed,0.8,49984.69744025892,1222.8652676539277,81520.98366006959,1470.3609849999996,60
2025-02-17,dp_closed,0.8,49984.69744025892,1222.8652676539277,81520.98366006959,1470.3609849999996,60
2025-02-18,greedy_closed,0.8,49539.66905668245,1272.826314209635,81095.39403484167,1525.1179341504917,0
2025-02-18,dp_fixed,0.8,49539.66905668245,1272.826314209635,81095.39403484167,1525.1179341504917,61
2025-02-18,dp_closed,0.8,49539.66905668245,1272.826314209635,81095.39403484167,1525.1179341504917,61
2025-02-19,greedy_closed,0.8,48793.44629765986,1286.7419124066732,79931.95659269972,1550.928426469792,0
2025-02-19,dp_fixed,0.8,48793.44629765986,1286.7419124066732,79931.95659269972,1550.928426469792,53
2025-02-19,dp_closed,0.8,48793.44629765986,1286.7419124066732,79931.95659269972,1550.928426469792,53
2025-02-20,greedy_closed,0.8,48469.41341955976,1311.3994491089743,79476.32119513108,1591.933619130656,0
2025-02-20,dp_fixed,0.8,48469.41341955976,1311.3994491089743,79476.32119513108,1591.933619130656,54
2025-02-20,dp_closed,0.8,48469.41341955976,1311.3994491089743,79476.32119513108,1591.933619130656,54
2025-02-21,greedy_closed,0.8,18158.431424304537,1324.4291307859698,36776.23301989561,1603.5427951724726,0
2025-02-21,dp_fixed,0.8,18158.431424304537,1324.4291307859698,36776.23301989561,1603.5427951724726,46
2025-02-21,dp_closed,0.8,18158.431424304537,1324.4291307859698,36776.23301989561,1603.5427951724726,46
2025-02-22,greedy_closed,0.8,17911.63076585205,1344.5424998864212,36377.785348544865,1646.2203493650823,0
2025-02-22,dp_fixed,0.8,17911.63076585205,1344.5424998864212,36377.785348544865,1646.2203493650823,45
2025-02-22,dp_closed,0.8,17911.63076585205,1344.5424998864212,36377.785348544865,1646.2203493650823,45
2025-02-23,greedy_closed,0.8,46842.904783292244,1371.6784994894485,77139.29785000198,1676.2229139047633,0
2025-02-23,dp_fixed,0.8,46842.904783292244,1371.6784994894485,77139.29785000198,1676.2229139047633,58
2025-02-23,dp_closed,0.8,46842.904783292244,1371.6784994894485,77139.29785000198,1676.2229139047633,58
2025-02-24,greedy_closed,0.8,46301.33138088309,1431.348233189211,76463.5368803007,1762.510589803354,0
2025-02-24,dp_fixed,0.8,46301.33138088309,1431.348233189211,76463.5368803007,1762.510589803354,54
2025-02-24,dp_closed,0.8,46301.33138088309,1431.348233189211,76463.5368803007,1762.510589803354,54
2025-02-25,greedy_closed,0.8,45994.99911687866,1446.2668849950905,76191.30825969928,1787.575100633455,0
2025-02-25,dp_fixed,0.8,45994.99911687866,1446.2668849950905,76191.30825969928,1787.575100633455,54
2025-02-25,dp_closed,0.8,45994.99911687866,1446.2668849950905,76191.30825969928,1787.575100633455,54
2025-02-26,greedy_closed,0.8,45376.32675492013,1434.750565619274,75157.31477187248,1774.4004171933425,0
2025-02-26,dp_fixed,0.8,45376.32675492013,1434.750565619274,75157.31477187248,1774.4004171933425,54
2025-02-26,dp_closed,0.8,45376.32675492013,1434.750565619274,75157.31477187248,1774.4004171933425,54
2025-02-27,greedy_closed,0.8,45068.193010644914,1454.4643922076468,74736.55490585345,1784.2612379655225,0
2025-02-27,dp_fixed,0.8,45068.193010644914,1454.4643922076468,74736.55490585345,1784.2612379655225,54
2025-02-27,dp_closed,0.8,45068.193010644914,1454.4643922076468,74736.55490585345,1784.2612379655225,54
2025-02-28,greedy_closed,0.8,16934.397041112446,1440.8173439100601,34709.79956992476,1769.1565595996383,0
2025-02-28,dp_fixed,0.8,16934.397041112446,1440.8173439100601,34709.79956992476,1769.1565595996383,46
2025-02-28,dp_closed,0.8,16934.397041112446,1440.8173439100601,34709.79956992476,1769.1565595996383,46
2025-03-01,greedy_closed,0.8,16725.892406211977,1476.1229472078016,34378.987021368725,1820.5242433148826,0
2025-03-01,dp_fixed,0.8,16725.892406211977,1476.1229472078016,34378.987021368725,1820.5242433148826,44
2025-03-01,dp_closed,0.8,16725.892406211977,1476.1229472078016,34378.987021368725,1820.5242433148826,44
2025-03-02,greedy_closed,0.8,43872.02494979819,1496.4680030394334,73133.3134216703,1843.8401701850562,0
2025-03-02,dp_fixed,0.8,43872.02494979819,1496.4680030394334,73133.3134216703,1843.8401701850562,49
2025-03-02,dp_closed,0.8,43872.02494979819,1496.4680030394334,73133.3134216703,1843.8401701850562,49
2025-03-03,greedy_closed,0.8,44242.296281946496,1576.6412133022031,73805.0986697117,1924.2158525392465,0
2025-03-03,dp_fixed,0.8,44242.296281946496,1576.6412133022031,73805.0986697117,1924.2158525392465,54
2025-03-03,dp_closed,0.8,44242.296281946496,1576.6412133022031,73805.0986697117,1924.2158525392465,54
2025-03-04,greedy_closed,0.8,45096.9167981541,1694.8407089178409,75212.85395175492,2058.742399155718,0
2025-03-04,dp_fixed,0.8,45096.9167981541,1694.8407089178409,75212.85395175492,2058.742399155718,51
2025-03-04,dp_closed,0.8,45096.9167981541,1694.8407089178409,75212.85395175492,2058.742399155718,51
2025-03-05,greedy_closed,0.8,45470.86787819235,1773.5355071303375,75771.5616622766,2167.531920759823,0
2025-03-05,dp_fixed,0.8,45470.86787819235,1773.5355071303375,75771.5616622766,2167.531920759823,51
2025-03-05,dp_closed,0.8,45470.86787819235,1773.5355071303375,75771.5616622766,2167.531920759823,51
2025-03-06,greedy_closed,0.8,45544.18377481763,1779.5605090611803,75779.22008241757,2184.872781311875,0
2025-03-06,dp_fixed,0.8,45544.18377481763,1779.5605090611803,75779.22008241757,2184.872781311875,50
2025-03-06,dp_closed,0.8,45544.18377481763,1779.5605090611803,75779.22008241757,2184.872781311875,50
2025-03-07,greedy_closed,0.8,16624.340527905937,1831.3166420631526,34527.87929039485,2252.7695351284547,0
2025-03-07,dp_fixed,0.8,16624.340527905937,1831.3166420631526,34527.87929039485,2252.7695351284547,41
2025-03-07,dp_closed,0.8,16624.340527905937,1831.3166420631526,34527.87929039485,2252.7695351284547,41
2025-03-08,greedy_closed,0.8,16184.48895944871,1868.7203259927646,33653.16775327412,2302.5807493500834,0
2025-03-08,dp_fixed,0.8,16184.48895944871,1868.7203259927646,33653.16775327412,2302.5807493500834,42
2025-03-08,dp_closed,0.8,16184.48895944871,1868.7203259927646,33653.16775327412,2302.5807493500834,42
2025-03-09,greedy_closed,0.8,44036.55371033239,1851.8544922968676,73696.57101525358,2299.820129254844,0
2025-03-09,dp_fixed,0.8,44036.55371033239,1851.8544922968676,73696.57101525358,2299.820129254844,49
2025-03-09,dp_closed,0.8,44036.55371033239,1851.8544922968676,73696.57101525358,2299.820129254844,49
2025-03-10,greedy_closed,0.8,43386.99029535638,1844.334231756421,72816.13110475332,2292.033590842146,0
2025-03-10,dp_fixed,0.8,43386.99029535638,1844.334231756421,72816.13110475332,2292.033590842146,51
2025-03-10,dp_closed,0.8,43386.99029535638,1844.334231756421,72816.13110475332,2292.033590842146,51
2025-03-11,greedy_closed,0.8,43010.04541965535,1915.4876443085436,72517.15898402047,2369.6205204924563,0
2025-03-11,dp_fixed,0.8,43010.04541965535,1915.4876443085436,72517.15898402047,2369.6205204924563,49
2025-03-11,dp_closed,0.8,43010.04541965535,1915.4876443085436,72517.15898402047,2369.6205204924563,49
2025-03-12,greedy_closed,0.8,42675.52550749165,1940.0336079835347,71973.63609992816,2393.450513016107,0
2025-03-12,dp_fixed,0.8,42675.52550749165,1940.0336079835347,71973.63609992816,2393.450513016107,48
2025-03-12,dp_closed,0.8,42675.52550749165,1940.0336079835347,71973.63609992816,2393.450513016107,48
2025-03-13,greedy_closed,0.8,42276.49305788386,1963.3605193196527,71246.2919099831,2419.4477765566644,0
2025-03-13,dp_fixed,0.8,42276.49305788386,1963.3605193196527,71246.2919099831,2419.4477765566644,47
2025-03-13,dp_closed,0.8,42276.49305788386,1963.3605193196527,71246.2919099831,2419.4477765566644,47
2025-03-14,greedy_closed,0.8,16005.995640433262,2084.594315814171,33673.18758703291,2535.203658248821,0
2025-03-14,dp_fixed,0.8,16005.995640433262,2084.594315814171,33673.18758703291,2535.203658248821,40
2025-03-14,dp_closed,0.8,16005.995640433262,2084.594315814171,33673.18758703291,2535.203658248821,40
2025-03-15,greedy_closed,0.8,15527.570401661673,2052.1809216196466,32562.48841317676,2501.7111575137974,0
2025-03-15,dp_fixed,0.8,15527.570401661673,2052.1809216196466,32562.48841317676,2501.7111575137974,42
2025-03-15,dp_closed,0.8,15527.570401661673,2052.1809216196466,32562.48841317676,2501.7111575137974,42
2025-03-16,greedy_closed,0.8,41691.47803627387,2075.7847698325486,70505.49503649777,2533.1285565343733,0
2025-03-16,dp_fixed,0.8,41691.47803627387,2075.7847698325486,70505.49503649777,2533.1285565343733,49
2025-03-16,dp_closed,0.8,41691.47803627387,2075.7847698325486,70505.49503649777,2533.1285565343733,49
2025-03-17,greedy_closed,0.8,41356.228248829255,2088.8800832122643,69987.31058493393,2548.6619999049794,0
2025-03-17,dp_fixed,0.8,41356.228248829255,2088.8800832122643,69987.31058493393,2548.6619999049794,53
2025-03-17,dp_closed,0.8,41356.228248829255,2088.8800832122643,69987.31058493393,2548.6619999049794,53
2025-03-18,greedy_closed,0.8,40547.3077819808,2099.0596560376107,68722.67646449563,2529.632372271256,0
2025-03-18,dp_fixed,0.8,40547.3077819808,2099.0596560376107,68722.67646449563,2529.632372271256,55
2025-03-18,dp_closed,0.8,40547.3077819808,2099.0596560376107,68722.67646449563,2529.632372271256,55
2025-03-19,greedy_closed,0.8,40542.768973576334,2076.887581192048,68583.60099872146,2511.378433336833,0
2025-03-19,dp_fixed,0.8,40542.768973576334,2076.887581192048,68583.60099872146,2511.378433336833,53
2025-03-19,dp_closed,0.8,40542.768973576334,2076.887581192048,68583.60099872146,2511.378433336833,53
2025-03-20,greedy_closed,0.8,40225.852732697196,2068.5303021708596,68018.40839147981,2501.171304638419,0
2025-03-20,dp_fixed,0.8,40225.852732697196,2068.5303021708596,68018.40839147981,2501.171304638419,52
2025-03-20,dp_closed,0.8,40225.852732697196,2068.5303021708596,68018.40839147981,2501.171304638419,52
2025-03-21,greedy_closed,0.8,15211.249670752857,2114.073683144432,32254.75762832522,2565.553538857166,0
2025-03-21,dp_fixed,0.8,15211.249670752857,2114.073683144432,32254.75762832522,2565.553538857166,42
2025-03-21,dp_closed,0.8,15211.249670752857,2114.073683144432,32254.75762832522,2565.553538857166,42
2025-03-22,greedy_closed,0.8,15077.702552756815,2099.550475438907,31873.917454990395,2552.798120871733,0
2025-03-22,dp_fixed,0.8,15077.702552756815,2099.550475438907,31873.917454990395,2552.798120871733,43
2025-03-22,dp_closed,0.8,15077.702552756815,2099.550475438907,31873.917454990395,2552.798120871733,43
2025-03-23,greedy_closed,0.8,38811.43311219528,2116.3570850124024,65766.84887065002,2571.721391871734,0
2025-03-23,dp_fixed,0.8,38811.43311219528,2116.3570850124024,65766.84887065002,2571.721391871734,47
2025-03-23,dp_closed,0.8,38811.43311219528,2116.3570850124024,65766.84887065002,2571.721391871734,47
2025-03-24,greedy_closed,0.8,38332.126690847275,2136.5901259549646,65070.82979884373,2585.930034011356,0
2025-03-24,dp_fixed,0.8,38332.126690847275,2136.5901259549646,65070.82979884373,2585.930034011356,48
2025-03-24,dp_closed,0.8,38332.126690847275,2136.5901259549646,65070.82979884373,2585.930034011356,48
2025-03-25,greedy_closed,0.8,38234.652226009515,2126.1560289742542,64927.25447106061,2593.5846737937777,0
2025-03-25,dp_fixed,0.8,38234.652226009515,2126.1560289742542,64927.25447106061,2593.5846737937777,50
2025-03-25,dp_closed,0.8,38234.652226009515,2126.1560289742542,64927.25447106061,2593.5846737937777,50
2025-03-26,greedy_closed,0.8,38503.582931184275,2179.3109133076623,65516.52616057738,2630.9111614324506,0
2025-03-26,dp_fixed,0.8,38503.582931184275,2179.3109133076623,65516.52616057738,2630.9111614324506,47
2025-03-26,dp_closed,0.8,38503.582931184275,2179.3109133076623,65516.52616057738,2630.9111614324506,47
2025-03-27,greedy_closed,0.8,38014.26606025711,2157.1204569154343,64533.947239522575,2619.830567052013,0
2025-03-27,dp_fixed,0.8,38014.26606025711,2157.1204569154343,64533.947239522575,2619.830567052013,48
2025-03-27,dp_closed,0.8,38014.26606025711,2157.1204569154343,64533.947239522575,2619.830567052013,48
2025-03-28,greedy_closed,0.8,14435.02794612856,2166.6876366424685,31131.971830864764,2624.7048845838094,0
2025-03-28,dp_fixed,0.8,14435.02794612856,2166.6876366424685,31131.971830864764,2624.7048845838094,40
2025-03-28,dp_closed,0.8,14435.02794612856,2166.6876366424685,31131.971830864764,2624.7048845838094,40
2025-03-29,greedy_closed,0.8,14449.967524932807,2138.591837708365,31059.81735612525,2604.023004789012,0
2025-03-29,dp_fixed,0.8,14449.967524932807,2138.591837708365,31059.81735612525,2604.023004789012,41
2025-03-29,dp_closed,0.8,14449.967524932807,2138.591837708365,31059.81735612525,2604.023004789012,41
2025-03-30,greedy_closed,0.8,36537.544028834855,2148.53276661993,62258.57078437149,2610.640719386147,0
2025-03-30,dp_fixed,0.8,36537.544028834855,2148.53276661993,62258.57078437149,2610.640719386147,46
2025-03-30,dp_closed,0.8,36537.544028834855,2148.53276661993,62258.57078437149,2610.640719386147,46
2025-03-31,greedy_closed,0.8,36128.61633821673,2147.1005945355905,61625.77520094099,2613.9647949466334,0
2025-03-31,dp_fixed,0.8,36128.61633821673,2147.1005945355905,61625.77520094099,2613.9647949466334,45
2025-03-31,dp_closed,0.8,36128.61633821673,2147.1005945355905,61625.77520094099,2613.9647949466334,45
2025-04-01,greedy_closed,0.8,36004.00141543336,2158.499957188453,61787.57408132403,2631.9687609396105,0
2025-04-01,dp_fixed,0.8,36004.00141543336,2158.499957188453,61787.57408132403,2631.9687609396105,49
2025-04-01,dp_closed,0.8,36004.00141543336,2158.499957188453,61787.57408132403,2631.9687609396105,49
2025-04-02,greedy_closed,0.8,36114.86059113227,2116.3606516342043,62293.52665133531,2590.763293727835,0
2025-04-02,dp_fixed,0.8,36114.86059113227,2116.3606516342043,62293.52665133531,2590.763293727835,59
2025-04-02,dp_closed,0.8,36114.86059113227,2116.3606516342043,62293.52665133531,2590.763293727835,59
2025-04-03,greedy_closed,0.8,36504.32057213403,2128.0605145790105,63076.269539106506,2604.6325118392137,0
2025-04-03,dp_fixed,0.8,36504.32057213403,2128.0605145790105,63076.269539106506,2604.6325118392137,55
2025-04-03,dp_closed,0.8,36504.32057213403,2128.0605145790105,63076.269539106506,2604.6325118392137,55
2025-04-04,greedy_closed,0.8,14024.92469539794,2135.7087761615467,30440.629943746593,2602.4974375561264,0
2025-04-04,dp_fixed,0.8,14024.92469539794,2135.7087761615467,30440.629943746593,2602.4974375561264,42
2025-04-04,dp_closed,0.8,14024.92469539794,2135.7087761615467,30440.629943746593,2602.4974375561264,42
2025-04-05,greedy_closed,0.8,13991.837914722215,2131.8688373891246,30340.55734043231,2589.824966146597,0
2025-04-05,dp_fixed,0.8,13991.837914722215,2131.8688373891246,30340.55734043231,2589.824966146597,40
2025-04-05,dp_closed,0.8,13991.837914722215,2131.8688373891246,30340.55734043231,2589.824966146597,40
2025-04-06,greedy_closed,0.8,35818.44505284408,2116.253153641182,61826.37592861861,2580.406603442773,0
2025-04-06,dp_fixed,0.8,35818.44505284408,2116.253153641182,61826.37592861861,2580.406603442773,56
2025-04-06,dp_closed,0.8,35818.44505284408,2116.253153641182,61826.37592861861,2580.406603442773,56
2025-04-07,greedy_closed,0.8,35653.19119591029,2132.2743367732774,61631.690810073094,2598.7067173093656,0
2025-04-07,dp_fixed,0.8,35653.19119591029,2132.2743367732774,61631.690810073094,2598.7067173093656,57
2025-04-07,dp_closed,0.8,35653.19119591029,2132.2743367732774,61631.690810073094,2598.7067173093656,57
2025-04-08,greedy_closed,0.8,35400.77232127123,2139.236784969008,61302.63700403759,2622.2409367386413,0
2025-04-08,dp_fixed,0.8,35400.77232127123,2139.236784969008,61302.63700403759,2622.2409367386413,56
2025-04-08,dp_closed,0.8,35400.77232127123,2139.236784969008,61302.63700403759,2622.2409367386413,56
2025-04-09,greedy_closed,0.8,35297.8606470134,2183.876968407082,61007.98587254953,2680.1171173604753,0
2025-04-09,dp_fixed,0.8,35297.8606470134,2183.876968407082,61007.98587254953,2680.1171173604753,52
2025-04-09,dp_closed,0.8,35297.8606470134,2183.876968407082,61007.98587254953,2680.1171173604753,52
2025-04-10,greedy_closed,0.8,35633.81384440671,2279.7581391408985,61663.968076019344,2774.109000702859,0
2025-04-10,dp_fixed,0.8,35633.81384440671,2279.7581391408985,61663.968076019344,2774.109000702859,48
2025-04-10,dp_closed,0.8,35633.81384440671,2279.7581391408985,61663.968076019344,2774.109000702859,48
2025-04-11,greedy_closed,0.8,13639.758133436178,2261.147699708106,30102.29670575352,2744.2652764154177,0
2025-04-11,dp_fixed,0.8,13639.758133436178,2261.147699708106,30102.29670575352,2744.2652764154177,41
2025-04-11,dp_closed,0.8,13639.758133436178,2261.147699708106,30102.29670575352,2744.2652764154177,41
2025-04-12,greedy_closed,0.8,13837.56734461554,2230.818705159779,30447.544449660163,2722.91313373864,0
2025-04-12,dp_fixed,0.8,13837.56734461554,2230.818705159779,30447.544449660163,2722.91313373864,40
2025-04-12,dp_closed,0.8,13837.56734461554,2230.818705159779,30447.544449660163,2722.91313373864,40
2025-04-13,greedy_closed,0.8,34544.22148001248,2082.6261780984187,59496.256941633386,2579.8984923121993,0
2025-04-13,dp_fixed,0.8,34544.22148001248,2082.6261780984187,59496.256941633386,2579.8984923121993,61
2025-04-13,dp_closed,0.8,34544.22148001248,2082.6261780984187,59496.256941633386,2579.8984923121993,61
2025-04-14,greedy_closed,0.8,34353.81578611324,2145.0761472851373,59419.68802028963,2656.3661742548948,0
2025-04-14,dp_fixed,0.8,34353.81578611324,2145.0761472851373,59419.68802028963,2656.3661742548948,60
2025-04-14,dp_closed,0.8,34353.81578611324,2145.0761472851373,59419.68802028963,2656.3661742548948,60
2025-04-15,greedy_closed,0.8,34314.270639603375,2148.9846626634267,59316.79654635871,2669.9206871054384,0
2025-04-15,dp_fixed,0.8,34314.270639603375,2148.9846626634267,59316.79654635871,2669.9206871054384,59
2025-04-15,dp_closed,0.8,34314.270639603375,2148.9846626634267,59316.79654635871,2669.9206871054384,59
2025-04-16,greedy_closed,0.8,34007.30466260092,2117.2053108279156,58792.39482932704,2626.2720571403142,0
2025-04-16,dp_fixed,0.8,34007.30466260092,2117.2053108279156,58792.39482932704,2626.2720571403142,60
2025-04-16,dp_closed,0.8,34007.30466260092,2117.2053108279156,58792.39482932704,2626.2720571403142,60
2025-04-17,greedy_closed,0.8,34228.23545783923,2260.9993677544335,59453.27665431731,2773.0326103925872,0
2025-04-17,dp_fixed,0.8,34228.23545783923,2260.9993677544335,59453.27665431731,2773.0326103925872,51
2025-04-17,dp_closed,0.8,34228.23545783923,2260.9993677544335,59453.27665431731,2773.0326103925872,51
2025-04-18,greedy_closed,0.8,13227.867381463711,2259.8396867720335,29650.90608020199,2778.166678613794,0
2025-04-18,dp_fixed,0.8,13227.867381463711,2259.8396867720335,29650.90608020199,2778.166678613794,40
2025-04-18,dp_closed,0.8,13227.867381463711,2259.8396867720335,29650.90608020199,2778.166678613794,40
2025-04-19,greedy_closed,0.8,13316.63280086127,2263.031595648423,29791.97126943164,2781.9601723126007,0
2025-04-19,dp_fixed,0.8,13316.63280086127,2263.031595648423,29791.97126943164,2781.9601723126007,40
2025-04-19,dp_closed,0.8,13316.63280086127,2263.031595648423,29791.97126943164,2781.9601723126007,40
2025-04-20,greedy_closed,0.8,33494.36391949169,2202.6646894953374,58237.55870927035,2710.383271455292,0
2025-04-20,dp_fixed,0.8,33494.36391949169,2202.6646894953374,58237.55870927035,2710.383271455292,56
2025-04-20,dp_closed,0.8,33494.36391949169,2202.6646894953374,58237.55870927035,2710.383271455292,56
2025-04-21,greedy_closed,0.8,33150.855593628265,2231.5163499574646,57747.55885537257,2758.1067760680235,0
2025-04-21,dp_fixed,0.8,33150.855593628265,2231.5163499574646,57747.55885537257,2758.1067760680235,53
2025-04-21,dp_closed,0.8,33150.855593628265,2231.5163499574646,57747.55885537257,2758.1067760680235,53
2025-04-22,greedy_closed,0.8,33076.57610787352,2223.1786719095508,57281.12654747967,2754.652580829929,0
2025-04-22,dp_fixed,0.8,33076.57610787352,2223.1786719095508,57281.12654747967,2754.652580829929,56
2025-04-22,dp_closed,0.8,33076.57610787352,2223.1786719095508,57281.12654747967,2754.652580829929,56
2025-04-23,greedy_closed,0.8,33194.66279566485,2252.0692513077583,57769.5601472249,2796.4332355561273,0
2025-04-23,dp_fixed,0.8,33194.66279566485,2252.0692513077583,57769.5601472249,2796.4332355561273,55
2025-04-23,dp_closed,0.8,33194.66279566485,2252.0692513077583,57769.5601472249,2796.4332355561273,55
2025-04-24,greedy_closed,0.8,32920.83789344006,2262.408876820614,57134.78633303689,2800.7607058043095,0
2025-04-24,dp_fixed,0.8,32920.83789344006,2262.408876820614,57134.78633303689,2800.7607058043095,54
2025-04-24,dp_closed,0.8,32920.83789344006,2262.408876820614,57134.78633303689,2800.7607058043095,54
2025-04-25,greedy_closed,0.8,12654.133927769566,2135.444228849502,28794.415179616703,2678.0807536786115,0
2025-04-25,dp_fixed,0.8,12654.133927769566,2135.444228849502,28794.415179616703,2678.0807536786115,39
2025-04-25,dp_closed,0.8,12654.133927769566,2135.444228849502,28794.415179616703,2678.0807536786115,39
2025-04-26,greedy_closed,0.8,12564.35161639077,2163.6284217413895,28690.852206092903,2698.6627815833754,0
2025-04-26,dp_fixed,0.8,12564.35161639077,2163.6284217413895,28690.852206092903,2698.6627815833754,39
2025-04-26,dp_closed,0.8,12564.35161639077,2163.6284217413895,28690.852206092903,2698.6627815833754,39
2025-04-27,greedy_closed,0.8,31455.089162585493,2135.363330195116,54555.61040619785,2667.151595715534,0
2025-04-27,dp_fixed,0.8,31455.089162585493,2135.363330195116,54555.61040619785,2667.151595715534,60
2025-04-27,dp_closed,0.8,31455.089162585493,2135.363330195116,54555.61040619785,2667.151595715534,60
2025-04-28,greedy_closed,0.8,31603.818640562964,2189.0722435493612,55015.0777164763,2735.3191269932076,0
2025-04-28,dp_fixed,0.8,31603.818640562964,2189.0722435493612,55015.0777164763,2735.3191269932076,53
2025-04-28,dp_closed,0.8,31603.818640562964,2189.0722435493612,55015.0777164763,2735.3191269932076,53
2025-04-29,greedy_closed,0.8,32640.900557195004,2407.16512242964,57016.284625912784,2949.306496190623,0
2025-04-29,dp_fixed,0.8,32640.900557195004,2407.16512242964,57016.284625912784,2949.306496190623,52
2025-04-29,dp_closed,0.8,32640.900557195004,2407.16512242964,57016.284625912784,2949.306496190623,52
2025-04-30,greedy_closed,0.8,32160.164753340476,2378.097790055033,55735.26606121602,2920.5922308447334,0
2025-04-30,dp_fixed,0.8,32160.164753340476,2378.097790055033,55735.26606121602,2920.5922308447334,58
2025-04-30,dp_closed,0.8,32160.164753340476,2378.097790055033,55735.26606121602,2920.5922308447334,58
2025-05-01,greedy_closed,0.8,31959.966554307728,2292.066648449577,55105.1975599419,2825.6056894746503,0
2025-05-01,dp_fixed,0.8,31959.966554307728,2292.066648449577,55105.1975599419,2825.6056894746503,59
2025-05-01,dp_closed,0.8,31959.966554307728,2292.066648449577,55105.1975599419,2825.6056894746503,59
2025-05-02,greedy_closed,0.8,13133.571862791041,2269.267178101951,29953.220512750027,2787.3978208890067,0
2025-05-02,dp_fixed,0.8,13133.571862791041,2269.267178101951,29953.220512750027,2787.3978208890067,38
2025-05-02,dp_closed,0.8,13133.571862791041,2269.267178101951,29953.220512750027,2787.3978208890067,38
2025-05-03,greedy_closed,0.8,13459.381820925544,2230.9548005192582,30236.83348890615,2752.7017017031653,0
2025-05-03,dp_fixed,0.8,13459.381820925544,2230.9548005192582,30236.83348890615,2752.7017017031653,39
2025-05-03,dp_closed,0.8,13459.381820925544,2230.9548005192582,30236.83348890615,2752.7017017031653,39
2025-05-04,greedy_closed,0.8,33846.418839214144,2317.784179696099,58194.31619046904,2815.9061654817906,0
2025-05-04,dp_fixed,0.8,33846.418839214144,2317.784179696099,58194.31619046904,2815.9061654817906,49
2025-05-04,dp_closed,0.8,33846.418839214144,2317.784179696099,58194.31619046904,2815.9061654817906,49
2025-05-05,greedy_closed,0.8,34354.54474162505,2366.153092537803,58576.20250875498,2872.4646484975447,0
2025-05-05,dp_fixed,0.8,34354.54474162505,2366.153092537803,58576.20250875498,2872.4646484975447,45
2025-05-05,dp_closed,0.8,34354.54474162505,2366.153092537803,58576.20250875498,2872.4646484975447,45
2025-05-06,greedy_closed,0.8,34504.50548132403,2592.5162503558295,58882.72220415928,3087.2789299491756,0
2025-05-06,dp_fixed,0.8,34504.50548132403,2592.5162503558295,58882.72220415928,3087.2789299491756,45
2025-05-06,dp_closed,0.8,34504.50548132403,2592.5162503558295,58882.72220415928,3087.2789299491756,45
2025-05-07,greedy_closed,0.8,34501.41275092913,2669.5699912208256,59109.487199054536,3176.1267517808474,0
2025-05-07,dp_fixed,0.8,34501.41275092913,2669.5699912208256,59109.487199054536,3176.1267517808474,39
2025-05-07,dp_closed,0.8,34501.41275092913,2669.5699912208256,59109.487199054536,3176.1267517808474,39
2025-05-08,greedy_closed,0.8,36227.3092303665,2815.2644748342755,61598.20524257929,3297.0383080897736,0
2025-05-08,dp_fixed,0.8,36227.3092303665,2815.2644748342755,61598.20524257929,3297.0383080897736,43
2025-05-08,dp_closed,0.8,36227.3092303665,2815.2644748342755,61598.20524257929,3297.0383080897736,43
2025-05-09,greedy_closed,0.8,14664.976811030327,2953.7573813698946,31122.901160082518,3416.9821790058536,0
2025-05-09,dp_fixed,0.8,14664.976811030327,2953.7573813698946,31122.901160082518,3416.9821790058536,39
2025-05-09,dp_closed,0.8,14664.976811030327,2953.7573813698946,31122.901160082518,3416.9821790058536,39
2025-05-10,greedy_closed,0.8,14469.04753165216,2717.2860105790996,30461.685580049398,3174.4551823125553,0
2025-05-10,dp_fixed,0.8,14469.04753165216,2717.2860105790996,30461.685580049398,3174.4551823125553,40
2025-05-10,dp_closed,0.8,14469.04753165216,2717.2860105790996,30461.685580049398,3174.4551823125553,40
2025-05-11,greedy_closed,0.8,35576.47998850809,2674.1849922021993,60565.25672302347,3128.644897457446,0
2025-05-11,dp_fixed,0.8,35576.47998850809,2674.1849922021993,60565.25672302347,3128.644897457446,43
2025-05-11,dp_closed,0.8,35576.47998850809,2674.1849922021993,60565.25672302347,3128.644897457446,43
2025-05-12,greedy_closed,0.8,36179.13158255171,2742.019100753175,61938.63299449418,3199.522372344405,0
2025-05-12,dp_fixed,0.8,36179.13158255171,2742.019100753175,61938.63299449418,3199.522372344405,43
2025-05-12,dp_closed,0.8,36179.13158255171,2742.019100753175,61938.63299449418,3199.522372344405,43
2025-05-13,greedy_closed,0.8,35692.529573460866,2774.4238491563706,60793.17802884966,3237.198526056783,0
2025-05-13,dp_fixed,0.8,35692.529573460866,2774.4238491563706,60793.17802884966,3237.198526056783,51
2025-05-13,dp_closed,0.8,35692.529573460866,2774.4238491563706,60793.17802884966,3237.198526056783,51
2025-05-14,greedy_closed,0.8,35784.95800069277,2717.681067053394,61032.37885468424,3188.17146817909,0
2025-05-14,dp_fixed,0.8,35784.95800069277,2717.681067053394,61032.37885468424,3188.17146817909,53
2025-05-14,dp_closed,0.8,35784.95800069277,2717.681067053394,61032.37885468424,3188.17146817909,53
2025-05-15,greedy_closed,0.8,36150.91511215351,2674.2307749851666,61165.46823167508,3120.4389186552817,0
2025-05-15,dp_fixed,0.8,36150.91511215351,2674.2307749851666,61165.46823167508,3120.4389186552817,51
2025-05-15,dp_closed,0.8,36150.91511215351,2674.2307749851666,61165.46823167508,3120.4389186552817,51
2025-05-16,greedy_closed,0.8,14288.303744624394,2705.2572350755963,29828.525002000188,3151.4075337153904,0
2025-05-16,dp_fixed,0.8,14288.303744624394,2705.2572350755963,29828.525002000188,3151.4075337153904,41
2025-05-16,dp_closed,0.8,14288.303744624394,2705.2572350755963,29828.525002000188,3151.4075337153904,41
2025-05-17,greedy_closed,0.8,14358.216088563895,2613.434271410136,29982.669617106956,3050.3117574209546,0
2025-05-17,dp_fixed,0.8,14358.216088563895,2613.434271410136,29982.669617106956,3050.3117574209546,42
2025-05-17,dp_closed,0.8,14358.216088563895,2613.434271410136,29982.669617106956,3050.3117574209546,42
2025-05-18,greedy_closed,0.8,35233.93689790837,2617.0914715850486,59682.91646998858,3043.9293874209525,0
2025-05-18,dp_fixed,0.8,35233.93689790837,2617.0914715850486,59682.91646998858,3043.9293874209525,48
2025-05-18,dp_closed,0.8,35233.93689790837,2617.0914715850486,59682.91646998858,3043.9293874209525,48
2025-05-19,greedy_closed,0.8,34992.60713733497,2670.609501933848,59362.040352411925,3128.120273714286,0
2025-05-19,dp_fixed,0.8,34992.60713733497,2670.609501933848,59362.040352411925,3128.120273714286,53
2025-05-19,dp_closed,0.8,34992.60713733497,2670.609501933848,59362.040352411925,3128.120273714286,53
2025-05-20,greedy_closed,0.8,34632.33410205781,2697.500819629049,58686.10024733601,3141.964934190477,0
2025-05-20,dp_fixed,0.8,34632.33410205781,2697.500819629049,58686.10024733601,3141.964934190477,54
2025-05-20,dp_closed,0.8,34632.33410205781,2697.500819629049,58686.10024733601,3141.964934190477,54
2025-05-21,greedy_closed,0.8,35106.08462147623,2740.3152338156806,59742.84084242817,3173.0973839772287,0
2025-05-21,dp_fixed,0.8,35106.08462147623,2740.3152338156806,59742.84084242817,3173.0973839772287,53
2025-05-21,dp_closed,0.8,35106.08462147623,2740.3152338156806,59742.84084242817,3173.0973839772287,53
2025-05-22,greedy_closed,0.8,35372.737555947446,2776.4273711282417,59560.3748289478,3222.5543154057996,0
2025-05-22,dp_fixed,0.8,35372.737555947446,2776.4273711282417,59560.3748289478,3222.5543154057996,52
2025-05-22,dp_closed,0.8,35372.737555947446,2776.4273711282417,59560.3748289478,3222.5543154057996,52
2025-05-23,greedy_closed,0.8,14329.00117516609,2762.440670537996,29741.423942602614,3188.0373680062694,0
2025-05-23,dp_fixed,0.8,14329.00117516609,2762.440670537996,29741.423942602614,3188.0373680062694,40
2025-05-23,dp_closed,0.8,14329.00117516609,2762.440670537996,29741.423942602614,3188.0373680062694,40
2025-05-24,greedy_closed,0.8,14527.494311168128,2722.0784864563257,30020.354745684628,3145.7273749296064,0
2025-05-24,dp_fixed,0.8,14527.494311168128,2722.0784864563257,30020.354745684628,3145.7273749296064,39
2025-05-24,dp_closed,0.8,14527.494311168128,2722.0784864563257,30020.354745684628,3145.7273749296064,39
2025-05-25,greedy_closed,0.8,34822.18807310049,2681.179812549812,58525.08726601035,3067.5786639772273,0
2025-05-25,dp_fixed,0.8,34822.18807310049,2681.179812549812,58525.08726601035,3067.5786639772273,58
2025-05-25,dp_closed,0.8,34822.18807310049,2681.179812549812,58525.08726601035,3067.5786639772273,58
2025-05-26,greedy_closed,0.8,34608.99008890143,2707.034392221546,58025.130043102305,3096.1725246438946,0
2025-05-26,dp_fixed,0.8,34608.99008890143,2707.034392221546,58025.130043102305,3096.1725246438946,56
2025-05-26,dp_closed,0.8,34608.99008890143,2707.034392221546,58025.130043102305,3096.1725246438946,56
2025-05-27,greedy_closed,0.8,35327.05203542928,2776.8607209087863,59575.96215410237,3186.8255899060705,0
2025-05-27,dp_fixed,0.8,35327.05203542928,2776.8607209087863,59575.96215410237,3186.8255899060705,56
2025-05-27,dp_closed,0.8,35327.05203542928,2776.8607209087863,59575.96215410237,3186.8255899060705,56
2025-05-28,greedy_closed,0.8,34970.09144960734,2713.6367476099026,58702.03188955306,3112.1805413166744,0
2025-05-28,dp_fixed,0.8,34970.09144960734,2713.6367476099026,58702.03188955306,3112.1805413166744,56
2025-05-28,dp_closed,0.8,34970.09144960734,2713.6367476099026,58702.03188955306,3112.1805413166744,56
2025-05-29,greedy_closed,0.8,35202.2124408519,2608.349837028963,58730.33570755749,3038.6636790245375,0
2025-05-29,dp_fixed,0.8,35202.2124408519,2608.349837028963,58730.33570755749,3038.6636790245375,59
2025-05-29,dp_closed,0.8,35202.2124408519,2608.349837028963,58730.33570755749,3038.6636790245375,59
2025-05-30,greedy_closed,0.8,14769.405082857815,2675.308435453613,30292.081311616468,3099.5628605770225,0
2025-05-30,dp_fixed,0.8,14769.405082857815,2675.308435453613,30292.081311616468,3099.5628605770225,40
2025-05-30,dp_closed,0.8,14769.405082857815,2675.308435453613,30292.081311616468,3099.5628605770225,40
2025-05-31,greedy_closed,0.8,15340.467699010263,2650.276272069147,31345.616644961345,3059.0245248979736,0
2025-05-31,dp_fixed,0.8,15340.467699010263,2650.276272069147,31345.616644961345,3059.0245248979736,40
2025-05-31,dp_closed,0.8,15340.467699010263,2650.276272069147,31345.616644961345,3059.0245248979736,40
2025-06-01,greedy_closed,0.8,36242.566615914315,2514.5095526756645,60766.65000466151,2918.8101863007305,0
2025-06-01,dp_fixed,0.8,36242.566615914315,2514.5095526756645,60766.65000466151,2918.8101863007305,59
2025-06-01,dp_closed,0.8,36242.566615914315,2514.5095526756645,60766.65000466151,2918.8101863007305,59
2025-06-02,greedy_closed,0.8,38143.33537206592,2718.5306274856457,65214.73938457038,3131.4417099064895,0
2025-06-02,dp_fixed,0.8,38143.33537206592,2718.5306274856457,65214.73938457038,3131.4417099064895,45
2025-06-02,dp_closed,0.8,38143.33537206592,2718.5306274856457,65214.73938457038,3131.4417099064895,45
2025-06-03,greedy_closed,0.8,39046.914815980614,2984.336489319625,66811.24343483004,3422.644918948057,0
2025-06-03,dp_fixed,0.8,39046.914815980614,2984.336489319625,66811.24343483004,3422.644918948057,48
2025-06-03,dp_closed,0.8,39046.914815980614,2984.336489319625,66811.24343483004,3422.644918948057,48
2025-06-04,greedy_closed,0.8,40312.233545974064,3419.2003698925078,68716.23840793624,3854.2996108285934,0
2025-06-04,dp_fixed,0.8,40312.233545974064,3419.2003698925078,68716.23840793624,3854.2996108285934,61
2025-06-04,dp_closed,0.8,40312.233545974064,3419.2003698925078,68716.23840793624,3854.2996108285934,61
2025-06-05,greedy_closed,0.8,42209.823633887,3563.0341753843577,71472.8327120581,4000.5944280115887,0
2025-06-05,dp_fixed,0.8,42209.823633887,3563.0341753843577,71472.8327120581,4000.5944280115887,60
2025-06-05,dp_closed,0.8,42209.823633887,3563.0341753843577,71472.8327120581,4000.5944280115887,60
2025-06-06,greedy_closed,0.8,18082.92215009995,4163.273583121099,36396.57492264083,4506.443923090046,0
2025-06-06,dp_fixed,0.8,18082.92215009995,4163.273583121099,36396.57492264083,4506.443923090046,44
2025-06-06,dp_closed,0.8,18082.92215009995,4163.273583121099,36396.57492264083,4506.443923090046,44
2025-06-07,greedy_closed,0.8,19378.883849722057,4096.10578295562,38170.519059239086,4519.838733755414,0
2025-06-07,dp_fixed,0.8,19378.883849722057,4096.10578295562,38170.519059239086,4519.838733755414,40
2025-06-07,dp_closed,0.8,19378.883849722057,4096.10578295562,38170.519059239086,4519.838733755414,40
2025-06-08,greedy_closed,0.8,50787.25572024791,4003.1166223796613,83898.17578235408,4491.595329706672,0
2025-06-08,dp_fixed,0.8,50787.25572024791,4003.1166223796613,83898.17578235408,4491.595329706672,42
2025-06-08,dp_closed,0.8,50787.25572024791,4003.1166223796613,83898.17578235408,4491.595329706672,42
2025-06-09,greedy_closed,0.8,49418.88674395995,4042.8686646337,81589.45796206176,4535.805128754291,0
2025-06-09,dp_fixed,0.8,49418.88674395995,4042.8686646337,81589.45796206176,4535.805128754291,43
2025-06-09,dp_closed,0.8,49418.88674395995,4042.8686646337,81589.45796206176,4535.805128754291,43
2025-06-10,greedy_closed,0.8,50060.323920616174,4118.2534445712245,82824.79307226457,4628.498344944767,0
2025-06-10,dp_fixed,0.8,50060.323920616174,4118.2534445712245,82824.79307226457,4628.498344944767,43
2025-06-10,dp_closed,0.8,50060.323920616174,4118.2534445712245,82824.79307226457,4628.498344944767,43
2025-06-11,greedy_closed,0.8,50213.39601095406,4069.2921882657593,83006.0119330982,4588.068773376126,0
2025-06-11,dp_fixed,0.8,50213.39601095406,4069.2921882657593,83006.0119330982,4588.068773376126,43
2025-06-11,dp_closed,0.8,50213.39601095406,4069.2921882657593,83006.0119330982,4588.068773376126,43
2025-06-12,greedy_closed,0.8,51190.72150674159,4108.681295067645,84166.26100046912,4635.471630328506,0
2025-06-12,dp_fixed,0.8,51190.72150674159,4108.681295067645,84166.26100046912,4635.471630328506,39
2025-06-12,dp_closed,0.8,51190.72150674159,4108.681295067645,84166.26100046912,4635.471630328506,39
2025-06-13,greedy_closed,0.8,20449.893147523733,4148.479483649179,39002.56157924258,4682.265854711362,0
2025-06-13,dp_fixed,0.8,20449.893147523733,4148.479483649179,39002.56157924258,4682.265854711362,49
2025-06-13,dp_closed,0.8,20449.893147523733,4148.479483649179,39002.56157924258,4682.265854711362,49
2025-06-14,greedy_closed,0.8,20603.365021007237,4132.0071490885,39332.543684358185,4673.140479670799,0
2025-06-14,dp_fixed,0.8,20603.365021007237,4132.0071490885,39332.543684358185,4673.140479670799,53
2025-06-14,dp_closed,0.8,20603.365021007237,4132.0071490885,39332.543684358185,4673.140479670799,53
2025-06-15,greedy_closed,0.8,52166.48814451812,4129.525187523237,85529.5445809372,4670.961731282792,0
2025-06-15,dp_fixed,0.8,52166.48814451812,4129.525187523237,85529.5445809372,4670.961731282792,42
2025-06-15,dp_closed,0.8,52166.48814451812,4129.525187523237,85529.5445809372,4670.961731282792,42
2025-06-16,greedy_closed,0.8,52283.247909801095,4107.193133691886,85360.63908402735,4653.20011778872,0
2025-06-16,dp_fixed,0.8,52283.247909801095,4107.193133691886,85360.63908402735,4653.20011778872,44
2025-06-16,dp_closed,0.8,52283.247909801095,4107.193133691886,85360.63908402735,4653.20011778872,44
2025-06-17,greedy_closed,0.8,52586.39639794541,4107.5695294434245,85698.66438409005,4653.789087082521,0
2025-06-17,dp_fixed,0.8,52586.39639794541,4107.5695294434245,85698.66438409005,4653.789087082521,45
2025-06-17,dp_closed,0.8,52586.39639794541,4107.5695294434245,85698.66438409005,4653.789087082521,45
2025-06-18,greedy_closed,0.8,53119.20744444165,4122.095971559812,86815.31707552988,4669.085183730333,0
2025-06-18,dp_fixed,0.8,53119.20744444165,4122.095971559812,86815.31707552988,4669.085183730333,46
2025-06-18,dp_closed,0.8,53119.20744444165,4122.095971559812,86815.31707552988,4669.085183730333,46
2025-06-19,greedy_closed,0.8,52424.81065284729,4118.607534628954,85589.72684125832,4669.595713539858,0
2025-06-19,dp_fixed,0.8,52424.81065284729,4118.607534628954,85589.72684125832,4669.595713539858,47
2025-06-19,dp_closed,0.8,52424.81065284729,4118.607534628954,85589.72684125832,4669.595713539858,47
2025-06-20,greedy_closed,0.8,20988.217654698743,4068.5932542041364,39343.03274494535,4612.163812306057,0
2025-06-20,dp_fixed,0.8,20988.217654698743,4068.5932542041364,39343.03274494535,4612.163812306057,50
2025-06-20,dp_closed,0.8,20988.217654698743,4068.5932542041364,39343.03274494535,4612.163812306057,50
2025-06-21,greedy_closed,0.8,20991.438073860296,4057.2654056163365,39391.33866186334,4593.658528782247,0
2025-06-21,dp_fixed,0.8,20991.438073860296,4057.2654056163365,39391.33866186334,4593.658528782247,52
2025-06-21,dp_closed,0.8,20991.438073860296,4057.2654056163365,39391.33866186334,4593.658528782247,52
2025-06-22,greedy_closed,0.8,52201.96019066043,4052.31459171165,85062.09016043849,4571.224016401295,0
2025-06-22,dp_fixed,0.8,52201.96019066043,4052.31459171165,85062.09016043849,4571.224016401295,46
2025-06-22,dp_closed,0.8,52201.96019066043,4052.31459171165,85062.09016043849,4571.224016401295,46
2025-06-23,greedy_closed,0.8,51750.55493261876,4052.846715666492,84390.28095571267,4585.2362693384375,0
2025-06-23,dp_fixed,0.8,51750.55493261876,4052.846715666492,84390.28095571267,4585.2362693384375,46
2025-06-23,dp_closed,0.8,51750.55493261876,4052.846715666492,84390.28095571267,4585.2362693384375,46
2025-06-24,greedy_closed,0.8,51294.04068006332,4069.6044414857593,83744.1436089948,4610.875954005104,0
2025-06-24,dp_fixed,0.8,51294.04068006332,4069.6044414857593,83744.1436089948,4610.875954005104,46
2025-06-24,dp_closed,0.8,51294.04068006332,4069.6044414857593,83744.1436089948,4610.875954005104,46
2025-06-25,greedy_closed,0.8,51567.856773427266,4123.370593165227,84401.7111960533,4676.299432957487,0
2025-06-25,dp_fixed,0.8,51567.856773427266,4123.370593165227,84401.7111960533,4676.299432957487,45
2025-06-25,dp_closed,0.8,51567.856773427266,4123.370593165227,84401.7111960533,4676.299432957487,45
2025-06-26,greedy_closed,0.8,51767.57822718391,3902.5210046168504,84211.71386535063,4471.757383048635,0
2025-06-26,dp_fixed,0.8,51767.57822718391,3902.5210046168504,84211.71386535063,4471.757383048635,46
2025-06-26,dp_closed,0.8,51767.57822718391,3902.5210046168504,84211.71386535063,4471.757383048635,46
2025-06-27,greedy_closed,0.8,21125.201876053277,3905.0328953296794,39228.339487944315,4459.535997970959,0
2025-06-27,dp_fixed,0.8,21125.201876053277,3905.0328953296794,39228.339487944315,4459.535997970959,51
2025-06-27,dp_closed,0.8,21125.201876053277,3905.0328953296794,39228.339487944315,4459.535997970959,51
2025-06-28,greedy_closed,0.8,21242.049253622128,3834.9896046312488,39589.41398046723,4366.076184188633,0
2025-06-28,dp_fixed,0.8,21242.049253622128,3834.9896046312488,39589.41398046723,4366.076184188633,50
2025-06-28,dp_closed,0.8,21242.049253622128,3834.9896046312488,39589.41398046723,4366.076184188633,50
2025-06-29,greedy_closed,0.8,53053.90994028875,3673.2896833198106,85667.68112197748,4189.625923434268,0
2025-06-29,dp_fixed,0.8,53053.90994028875,3673.2896833198106,85667.68112197748,4189.625923434268,48
2025-06-29,dp_closed,0.8,53053.90994028875,3673.2896833198106,85667.68112197748,4189.625923434268,48
2025-06-30,greedy_closed,0.8,53118.799593113225,3671.639976083009,85667.53328751057,4174.0686610038365,0
2025-06-30,dp_fixed,0.8,53118.799593113225,3671.639976083009,85667.53328751057,4174.0686610038365,47
2025-06-30,dp_closed,0.8,53118.799593113225,3671.639976083009,85667.53328751057,4174.0686610038365,47
2025-07-01,greedy_closed,0.8,53389.406503875565,3710.539574085063,86154.97577951402,4208.575423147187,0
2025-07-01,dp_fixed,0.8,53389.406503875565,3710.539574085063,86154.97577951402,4208.575423147187,48
2025-07-01,dp_closed,0.8,53389.406503875565,3710.539574085063,86154.97577951402,4208.575423147187,48
2025-07-02,greedy_closed,0.8,52591.09862152771,3169.6422336245214,85659.54230745218,3725.3512339765302,0
2025-07-02,dp_fixed,0.8,52591.09862152771,3169.6422336245214,85659.54230745218,3725.3512339765302,45
2025-07-02,dp_closed,0.8,52591.09862152771,3169.6422336245214,85659.54230745218,3725.3512339765302,45
2025-07-03,greedy_closed,0.8,51054.595057647144,2789.4859779705557,82669.00640183492,3354.101201448482,0
2025-07-03,dp_fixed,0.8,51054.595057647144,2789.4859779705557,82669.00640183492,3354.101201448482,55
2025-07-03,dp_closed,0.8,51054.595057647144,2789.4859779705557,82669.00640183492,3354.101201448482,55
2025-07-04,greedy_closed,0.8,22932.501996321327,2728.0632274276004,42097.1724135836,3308.5868528571436,0
2025-07-04,dp_fixed,0.8,22932.501996321327,2728.0632274276004,42097.1724135836,3308.5868528571436,46
2025-07-04,dp_closed,0.8,22932.501996321327,2728.0632274276004,42097.1724135836,3308.5868528571436,46
2025-07-05,greedy_closed,0.8,22790.531362474954,2610.597105802769,41812.12002047516,3192.1413434584374,0
2025-07-05,dp_fixed,0.8,22790.531362474954,2610.597105802769,41812.12002047516,3192.1413434584374,45
2025-07-05,dp_closed,0.8,22790.531362474954,2610.597105802769,41812.12002047516,3192.1413434584374,45
2025-07-06,greedy_closed,0.8,49820.79883768231,2482.533747699811,80322.31255739677,3070.107100094501,0
2025-07-06,dp_fixed,0.8,49820.79883768231,2482.533747699811,80322.31255739677,3070.107100094501,54
2025-07-06,dp_closed,0.8,49820.79883768231,2482.533747699811,80322.31255739677,3070.107100094501,54
2025-07-07,greedy_closed,0.8,49412.63053588469,2536.0736977680854,79568.38792323094,3087.9273036096915,0
2025-07-07,dp_fixed,0.8,49412.63053588469,2536.0736977680854,79568.38792323094,3087.9273036096915,55
2025-07-07,dp_closed,0.8,49412.63053588469,2536.0736977680854,79568.38792323094,3087.9273036096915,55
2025-07-08,greedy_closed,0.8,49406.57888893352,2497.0714513535468,79208.01845017645,3060.4450229154863,0
2025-07-08,dp_fixed,0.8,49406.57888893352,2497.0714513535468,79208.01845017645,3060.4450229154863,57
2025-07-08,dp_closed,0.8,49406.57888893352,2497.0714513535468,79208.01845017645,3060.4450229154863,57
2025-07-09,greedy_closed,0.8,49580.99383479079,2587.61855935324,79545.72936822352,3147.7561911283015,0
2025-07-09,dp_fixed,0.8,49580.99383479079,2587.61855935324,79545.72936822352,3147.7561911283015,52
2025-07-09,dp_closed,0.8,49580.99383479079,2587.61855935324,79545.72936822352,3147.7561911283015,52
2025-07-10,greedy_closed,0.8,49845.86037779096,2633.5940459039684,79264.37195786365,3189.9183057673463,0
2025-07-10,dp_fixed,0.8,49845.86037779096,2633.5940459039684,79264.37195786365,3189.9183057673463,61
2025-07-10,dp_closed,0.8,49845.86037779096,2633.5940459039684,79264.37195786365,3189.9183057673463,61
2025-07-11,greedy_closed,0.8,25091.544620542645,2660.4968451692375,44439.36271494729,3201.216298152977,0
2025-07-11,dp_fixed,0.8,25091.544620542645,2660.4968451692375,44439.36271494729,3201.216298152977,39
2025-07-11,dp_closed,0.8,25091.544620542645,2660.4968451692375,44439.36271494729,3201.216298152977,39
2025-07-12,greedy_closed,0.8,25288.042806712998,2643.3895384500447,45014.91739200578,3179.026649038342,0
2025-07-12,dp_fixed,0.8,25288.042806712998,2643.3895384500447,45014.91739200578,3179.026649038342,39
2025-07-12,dp_closed,0.8,25288.042806712998,2643.3895384500447,45014.91739200578,3179.026649038342,39
2025-07-13,greedy_closed,0.8,49915.797935853174,2644.38456077461,80032.74312943962,3199.426532978376,0
2025-07-13,dp_fixed,0.8,49915.797935853174,2644.38456077461,80032.74312943962,3199.426532978376,47
2025-07-13,dp_closed,0.8,49915.797935853174,2644.38456077461,80032.74312943962,3199.426532978376,47
2025-07-14,greedy_closed,0.8,48862.95585858154,2658.452619450386,78331.71895926568,3213.6686343252127,0
2025-07-14,dp_fixed,0.8,48862.95585858154,2658.452619450386,78331.71895926568,3213.6686343252127,52
2025-07-14,dp_closed,0.8,48862.95585858154,2658.452619450386,78331.71895926568,3213.6686343252127,52
2025-07-15,greedy_closed,0.8,50893.01053894307,2642.7575170336327,81229.87880848843,3177.162353113167,0
2025-07-15,dp_fixed,0.8,50893.01053894307,2642.7575170336327,81229.87880848843,3177.162353113167,52
2025-07-15,dp_closed,0.8,50893.01053894307,2642.7575170336327,81229.87880848843,3177.162353113167,52
2025-07-16,greedy_closed,0.8,49778.171936324055,2647.86860339981,79155.75662317936,3221.8801704903544,0
2025-07-16,dp_fixed,0.8,49778.171936324055,2647.86860339981,79155.75662317936,3221.8801704903544,67
2025-07-16,dp_closed,0.8,49778.171936324055,2647.86860339981,79155.75662317936,3221.8801704903544,67
2025-07-17,greedy_closed,0.8,50005.23000173497,2704.9495217368176,79375.85110146672,3308.2969012068725,0
2025-07-17,dp_fixed,0.8,50005.23000173497,2704.9495217368176,79375.85110146672,3308.2969012068725,64
2025-07-17,dp_closed,0.8,50005.23000173497,2704.9495217368176,79375.85110146672,3308.2969012068725,64
2025-07-18,greedy_closed,0.8,26003.81710643478,2684.8333609512683,45707.14230333658,3292.39870636228,0
2025-07-18,dp_fixed,0.8,26003.81710643478,2684.8333609512683,45707.14230333658,3292.39870636228,38
2025-07-18,dp_closed,0.8,26003.81710643478,2684.8333609512683,45707.14230333658,3292.39870636228,38
2025-07-19,greedy_closed,0.8,26001.97086671781,2683.7945164239372,45829.01393518324,3308.0320161918044,0
2025-07-19,dp_fixed,0.8,26001.97086671781,2683.7945164239372,45829.01393518324,3308.0320161918044,39
2025-07-19,dp_closed,0.8,26001.97086671781,2683.7945164239372,45829.01393518324,3308.0320161918044,39
2025-07-20,greedy_closed,0.8,50037.444073146646,2738.4799985750133,79649.62492284774,3378.915336477519,0
2025-07-20,dp_fixed,0.8,50037.444073146646,2738.4799985750133,79649.62492284774,3378.915336477519,61
2025-07-20,dp_closed,0.8,50037.444073146646,2738.4799985750133,79649.62492284774,3378.915336477519,61
2025-07-21,greedy_closed,0.8,50243.04295550121,2802.2338065347603,80004.04218587959,3470.7483548233668,0
2025-07-21,dp_fixed,0.8,50243.04295550121,2802.2338065347603,80004.04218587959,3470.7483548233668,70
2025-07-21,dp_closed,0.8,50243.04295550121,2802.2338065347603,80004.04218587959,3470.7483548233668,70
2025-07-22,greedy_closed,0.8,52727.5639429478,2847.4660412689104,83593.0944097453,3541.9848221627503,0
2025-07-22,dp_fixed,0.8,52727.5639429478,2847.4660412689104,83593.0944097453,3541.9848221627503,67
2025-07-22,dp_closed,0.8,52727.5639429478,2847.4660412689104,83593.0944097453,3541.9848221627503,67
2025-07-23,greedy_closed,0.8,52381.367068504085,2841.785074871568,82754.34003331568,3523.3161432103707,0
2025-07-23,dp_fixed,0.8,52381.367068504085,2841.785074871568,82754.34003331568,3523.3161432103707,64
2025-07-23,dp_closed,0.8,52381.367068504085,2841.785074871568,82754.34003331568,3523.3161432103707,64
2025-07-24,greedy_closed,0.8,52995.83236631277,2866.492423718019,83359.28066365088,3552.578298005197,0
2025-07-24,dp_fixed,0.8,52995.83236631277,2866.492423718019,83359.28066365088,3552.578298005197,62
2025-07-24,dp_closed,0.8,52995.83236631277,2866.492423718019,83359.28066365088,3552.578298005197,62
2025-07-25,greedy_closed,0.8,26989.45642250022,2834.276106325601,46985.57995127159,3513.2382405296307,0
2025-07-25,dp_fixed,0.8,26989.45642250022,2834.276106325601,46985.57995127159,3513.2382405296307,40
2025-07-25,dp_closed,0.8,26989.45642250022,2834.276106325601,46985.57995127159,3513.2382405296307,40
2025-07-26,greedy_closed,0.8,27129.802142187218,2841.691500757785,47354.58303204193,3549.836964080905,0
2025-07-26,dp_fixed,0.8,27129.802142187218,2841.691500757785,47354.58303204193,3549.836964080905,40
2025-07-26,dp_closed,0.8,27129.802142187218,2841.691500757785,47354.58303204193,3549.836964080905,40
2025-07-27,greedy_closed,0.8,52147.72633010667,2871.1632389112133,82824.04348719472,3603.5959608428093,0
2025-07-27,dp_fixed,0.8,52147.72633010667,2871.1632389112133,82824.04348719472,3603.5959608428093,59
2025-07-27,dp_closed,0.8,52147.72633010667,2871.1632389112133,82824.04348719472,3603.5959608428093,59
2025-07-28,greedy_closed,0.8,52487.88985913388,2891.827247513853,83186.63627832895,3632.7581242274073,0
2025-07-28,dp_fixed,0.8,52487.88985913388,2891.827247513853,83186.63627832895,3632.7581242274073,59
2025-07-28,dp_closed,0.8,52487.88985913388,2891.827247513853,83186.63627832895,3632.7581242274073,59
2025-07-29,greedy_closed,0.8,55285.62317964468,2903.2097202670975,87456.4020211594,3652.183573137195,0
2025-07-29,dp_fixed,0.8,55285.62317964468,2903.2097202670975,87456.4020211594,3652.183573137195,59
2025-07-29,dp_closed,0.8,55285.62317964468,2903.2097202670975,87456.4020211594,3652.183573137195,59
2025-07-30,greedy_closed,0.8,55302.4023237131,2931.8036056625147,87522.07671548185,3700.3839160117986,0
2025-07-30,dp_fixed,0.8,55302.4023237131,2931.8036056625147,87522.07671548185,3700.3839160117986,60
2025-07-30,dp_closed,0.8,55302.4023237131,2931.8036056625147,87522.07671548185,3700.3839160117986,60
2025-07-31,greedy_closed,0.8,55241.291570217596,2930.048888156257,87212.30400755795,3683.793083270505,0
2025-07-31,dp_fixed,0.8,55241.291570217596,2930.048888156257,87212.30400755795,3683.793083270505,60
2025-07-31,dp_closed,0.8,55241.291570217596,2930.048888156257,87212.30400755795,3683.793083270505,60
2025-08-01,greedy_closed,0.8,28274.764579588467,2858.340250310168,48878.77351501197,3584.14757596098,0
2025-08-01,dp_fixed,0.8,28274.764579588467,2858.340250310168,48878.77351501197,3584.14757596098,43
2025-08-01,dp_closed,0.8,28274.764579588467,2858.340250310168,48878.77351501197,3584.14757596098,43
2025-08-02,greedy_closed,0.8,27966.759634983562,2813.056236006175,48708.36622326688,3531.9456815018025,0
2025-08-02,dp_fixed,0.8,27966.759634983562,2813.056236006175,48708.36622326688,3531.9456815018025,42
2025-08-02,dp_closed,0.8,27966.759634983562,2813.056236006175,48708.36622326688,3531.9456815018025,42
2025-08-03,greedy_closed,0.8,53548.94202876711,2631.769448644006,84238.7385342819,3329.5095873517735,0
2025-08-03,dp_fixed,0.8,53548.94202876711,2631.769448644006,84238.7385342819,3329.5095873517735,49
2025-08-03,dp_closed,0.8,53548.94202876711,2631.769448644006,84238.7385342819,3329.5095873517735,49
2025-08-04,greedy_closed,0.8,52457.91868091076,2544.2602002350864,83104.64013936798,3206.1620412729985,0
2025-08-04,dp_fixed,0.8,52457.91868091076,2544.2602002350864,83104.64013936798,3206.1620412729985,54
2025-08-04,dp_closed,0.8,52457.91868091076,2544.2602002350864,83104.64013936798,3206.1620412729985,54
2025-08-05,greedy_closed,0.8,53047.97204507199,2475.5674729245325,83880.66316062152,3098.612741443474,0
2025-08-05,dp_fixed,0.8,53047.97204507199,2475.5674729245325,83880.66316062152,3098.612741443474,57
2025-08-05,dp_closed,0.8,53047.97204507199,2475.5674729245325,83880.66316062152,3098.612741443474,57
2025-08-06,greedy_closed,0.8,51728.951592113604,2294.1107258987504,81529.58431280783,2881.0358525920246,0
2025-08-06,dp_fixed,0.8,51728.951592113604,2294.1107258987504,81529.58431280783,2881.0358525920246,50
2025-08-06,dp_closed,0.8,51728.951592113604,2294.1107258987504,81529.58431280783,2881.0358525920246,50
2025-08-07,greedy_closed,0.8,50988.63843500837,2260.251293225223,80213.51904060469,2821.26815860778,0
2025-08-07,dp_fixed,0.8,50988.63843500837,2260.251293225223,80213.51904060469,2821.26815860778,50
2025-08-07,dp_closed,0.8,50988.63843500837,2260.251293225223,80213.51904060469,2821.26815860778,50
2025-08-08,greedy_closed,0.8,26804.129311828026,2121.755237472009,45960.08667391667,2627.869693410372,0
2025-08-08,dp_fixed,0.8,26804.129311828026,2121.755237472009,45960.08667391667,2627.869693410372,38
2025-08-08,dp_closed,0.8,26804.129311828026,2121.755237472009,45960.08667391667,2627.869693410372,38
2025-08-09,greedy_closed,0.8,26688.975710723713,2077.84015753366,45592.73421646614,2571.4064953333364,0
2025-08-09,dp_fixed,0.8,26688.975710723713,2077.84015753366,45592.73421646614,2571.4064953333364,38
2025-08-09,dp_closed,0.8,26688.975710723713,2077.84015753366,45592.73421646614,2571.4064953333364,38
2025-08-10,greedy_closed,0.8,48753.909187595855,2016.1338097442977,76080.95097166707,2492.0104001904783,0
2025-08-10,dp_fixed,0.8,48753.909187595855,2016.1338097442977,76080.95097166707,2492.0104001904783,53
2025-08-10,dp_closed,0.8,48753.909187595855,2016.1338097442977,76080.95097166707,2492.0104001904783,53
2025-08-11,greedy_closed,0.8,49036.064737009794,1977.3660696875334,76654.90242657241,2447.086210664566,0
2025-08-11,dp_fixed,0.8,49036.064737009794,1977.3660696875334,76654.90242657241,2447.086210664566,58
2025-08-11,dp_closed,0.8,49036.064737009794,1977.3660696875334,76654.90242657241,2447.086210664566,58
2025-08-12,greedy_closed,0.8,48812.58187880912,1983.7120764291808,76255.61441257452,2455.3320743804297,0
2025-08-12,dp_fixed,0.8,48812.58187880912,1983.7120764291808,76255.61441257452,2455.3320743804297,59
2025-08-12,dp_closed,0.8,48812.58187880912,1983.7120764291808,76255.61441257452,2455.3320743804297,59
2025-08-13,greedy_closed,0.8,49085.846086560596,1985.7666362456075,76877.62101399565,2443.2862426120564,0
2025-08-13,dp_fixed,0.8,49085.846086560596,1985.7666362456075,76877.62101399565,2443.2862426120564,59
2025-08-13,dp_closed,0.8,49085.846086560596,1985.7666362456075,76877.62101399565,2443.2862426120564,59
2025-08-14,greedy_closed,0.8,48328.50266190259,1966.0313999647383,76163.67370011166,2425.3281355012064,0
2025-08-14,dp_fixed,0.8,48328.50266190259,1966.0313999647383,76163.67370011166,2425.3281355012064,60
2025-08-14,dp_closed,0.8,48328.50266190259,1966.0313999647383,76163.67370011166,2425.3281355012064,60
2025-08-15,greedy_closed,0.8,25579.159865003938,1947.7348611262705,44555.903337466145,2370.3626677869197,0
2025-08-15,dp_fixed,0.8,25579.159865003938,1947.7348611262705,44555.903337466145,2370.3626677869197,41
2025-08-15,dp_closed,0.8,25579.159865003938,1947.7348611262705,44555.903337466145,2370.3626677869197,41
2025-08-16,greedy_closed,0.8,25503.729368863507,1945.2842310652422,44515.35277773902,2354.712009787119,0
2025-08-16,dp_fixed,0.8,25503.729368863507,1945.2842310652422,44515.35277773902,2354.712009787119,41
2025-08-16,dp_closed,0.8,25503.729368863507,1945.2842310652422,44515.35277773902,2354.712009787119,41
2025-08-17,greedy_closed,0.8,47646.051287215385,1895.4251115197783,75308.52025191978,2283.379889615255,0
2025-08-17,dp_fixed,0.8,47646.051287215385,1895.4251115197783,75308.52025191978,2283.379889615255,61
2025-08-17,dp_closed,0.8,47646.051287215385,1895.4251115197783,75308.52025191978,2283.379889615255,61
2025-08-18,greedy_closed,0.8,47463.28432693785,1849.741148410662,75100.2146047237,2204.911573535597,0
2025-08-18,dp_fixed,0.8,47463.28432693785,1849.741148410662,75100.2146047237,2204.911573535597,59
2025-08-18,dp_closed,0.8,47463.28432693785,1849.741148410662,75100.2146047237,2204.911573535597,59
2025-08-19,greedy_closed,0.8,47154.533631677674,1886.5757890597038,74819.8299662877,2245.453040304824,0
2025-08-19,dp_fixed,0.8,47154.533631677674,1886.5757890597038,74819.8299662877,2245.453040304824,58
2025-08-19,dp_closed,0.8,47154.533631677674,1886.5757890597038,74819.8299662877,2245.453040304824,58
2025-08-20,greedy_closed,0.8,46579.38472984395,1877.5033546811983,74009.82606673776,2234.5566773451205,0
2025-08-20,dp_fixed,0.8,46579.38472984395,1877.5033546811983,74009.82606673776,2234.5566773451205,58
2025-08-20,dp_closed,0.8,46579.38472984395,1877.5033546811983,74009.82606673776,2234.5566773451205,58
2025-08-21,greedy_closed,0.8,46955.11915125604,1914.8330223261748,75106.07312326938,2246.601621748411,0
2025-08-21,dp_fixed,0.8,46955.11915125604,1914.8330223261748,75106.07312326938,2246.601621748411,57
2025-08-21,dp_closed,0.8,46955.11915125604,1914.8330223261748,75106.07312326938,2246.601621748411,57
2025-08-22,greedy_closed,0.8,24256.63666118312,1928.4013980661698,42946.74665210973,2263.129567067831,0
2025-08-22,dp_fixed,0.8,24256.63666118312,1928.4013980661698,42946.74665210973,2263.129567067831,35
2025-08-22,dp_closed,0.8,24256.63666118312,1928.4013980661698,42946.74665210973,2263.129567067831,35
2025-08-23,greedy_closed,0.8,24358.954844898715,1951.762647828876,43255.738682411815,2276.184827387353,0
2025-08-23,dp_fixed,0.8,24358.954844898715,1951.762647828876,43255.738682411815,2276.184827387353,37
2025-08-23,dp_closed,0.8,24358.954844898715,1951.762647828876,43255.738682411815,2276.184827387353,37
2025-08-24,greedy_closed,0.8,46586.22786271767,1905.5600378713934,73996.55568288792,2214.1550171825675,0
2025-08-24,dp_fixed,0.8,46586.22786271767,1905.5600378713934,73996.55568288792,2214.1550171825675,52
2025-08-24,dp_closed,0.8,46586.22786271767,1905.5600378713934,73996.55568288792,2214.1550171825675,52
2025-08-25,greedy_closed,0.8,46310.82438735705,1929.2187017449505,73860.01075080075,2248.836754614398,0
2025-08-25,dp_fixed,0.8,46310.82438735705,1929.2187017449505,73860.01075080075,2248.836754614398,53
2025-08-25,dp_closed,0.8,46310.82438735705,1929.2187017449505,73860.01075080075,2248.836754614398,53
2025-08-26,greedy_closed,0.8,47096.36655920828,1924.762927430485,75397.10668826198,2260.116418533536,0
2025-08-26,dp_fixed,0.8,47096.36655920828,1924.762927430485,75397.10668826198,2260.116418533536,53
2025-08-26,dp_closed,0.8,47096.36655920828,1924.762927430485,75397.10668826198,2260.116418533536,53
2025-08-27,greedy_closed,0.8,46860.8567316476,1924.9601018045803,74797.61505318755,2223.6427490238384,0
2025-08-27,dp_fixed,0.8,46860.8567316476,1924.9601018045803,74797.61505318755,2223.6427490238384,56
2025-08-27,dp_closed,0.8,46860.8567316476,1924.9601018045803,74797.61505318755,2223.6427490238384,56
2025-08-28,greedy_closed,0.8,46452.65889395251,1897.270672708234,73810.09392737654,2174.6522305664575,0
2025-08-28,dp_fixed,0.8,46452.65889395251,1897.270672708234,73810.09392737654,2174.6522305664575,57
2025-08-28,dp_closed,0.8,46452.65889395251,1897.270672708234,73810.09392737654,2174.6522305664575,57
2025-08-29,greedy_closed,0.8,24352.974902265683,2011.841890057448,43510.14207572129,2301.311156576588,0
2025-08-29,dp_fixed,0.8,24352.974902265683,2011.841890057448,43510.14207572129,2301.311156576588,44
2025-08-29,dp_closed,0.8,24352.974902265683,2011.841890057448,43510.14207572129,2301.311156576588,44
2025-08-30,greedy_closed,0.8,23900.232994733655,1996.1437173880804,42594.52524302031,2311.17909833935,0
2025-08-30,dp_fixed,0.8,23900.232994733655,1996.1437173880804,42594.52524302031,2311.17909833935,42
2025-08-30,dp_closed,0.8,23900.232994733655,1996.1437173880804,42594.52524302031,2311.17909833935,42
2025-08-31,greedy_closed,0.8,46502.53682582068,2003.3869528563534,73952.04936264409,2330.9880121998444,0
2025-08-31,dp_fixed,0.8,46502.53682582068,2003.3869528563534,73952.04936264409,2330.9880121998444,60
2025-08-31,dp_closed,0.8,46502.53682582068,2003.3869528563534,73952.04936264409,2330.9880121998444,60
2025-09-01,greedy_closed,0.8,46637.180441773,2036.983088882299,74428.42646100846,2373.834014088511,0
2025-09-01,dp_fixed,0.8,46637.180441773,2036.983088882299,74428.42646100846,2373.834014088511,62
2025-09-01,dp_closed,0.8,46637.180441773,2036.983088882299,74428.42646100846,2373.834014088511,62
2025-09-02,greedy_closed,0.8,44392.09820903557,2063.021441656708,69666.33613658808,2414.356216850415,0
2025-09-02,dp_fixed,0.8,44392.09820903557,2063.021441656708,69666.33613658808,2414.356216850415,65
2025-09-02,dp_closed,0.8,44392.09820903557,2063.021441656708,69666.33613658808,2414.356216850415,65
2025-09-03,greedy_closed,0.8,44410.40574974353,2062.2816076571453,70039.65961130816,2421.0630385646996,0
2025-09-03,dp_fixed,0.8,44410.40574974353,2062.2816076571453,70039.65961130816,2421.0630385646996,63
2025-09-03,dp_closed,0.8,44410.40574974353,2062.2816076571453,70039.65961130816,2421.0630385646996,63
2025-09-04,greedy_closed,0.8,44406.86971203935,2060.3476998955275,69897.88351496676,2429.389162394505,0
2025-09-04,dp_fixed,0.8,44406.86971203935,2060.3476998955275,69897.88351496676,2429.389162394505,64
2025-09-04,dp_closed,0.8,44406.86971203935,2060.3476998955275,69897.88351496676,2429.389162394505,64
2025-09-05,greedy_closed,0.8,21822.361044542726,2032.5669840173653,38049.76678381385,2414.2632505179627,0
2025-09-05,dp_fixed,0.8,21822.361044542726,2032.5669840173653,38049.76678381385,2414.2632505179627,40
2025-09-05,dp_closed,0.8,21822.361044542726,2032.5669840173653,38049.76678381385,2414.2632505179627,40
2025-09-06,greedy_closed,0.8,21742.473416215973,1997.4490425093259,37862.49436691527,2390.4299907084383,0
2025-09-06,dp_fixed,0.8,21742.473416215973,1997.4490425093259,37862.49436691527,2390.4299907084383,41
2025-09-06,dp_closed,0.8,21742.473416215973,1997.4490425093259,37862.49436691527,2390.4299907084383,41
2025-09-07,greedy_closed,0.8,43643.22755191412,2031.7701711440163,68254.1559609525,2461.403233024628,0
2025-09-07,dp_fixed,0.8,43643.22755191412,2031.7701711440163,68254.1559609525,2461.403233024628,63
2025-09-07,dp_closed,0.8,43643.22755191412,2031.7701711440163,68254.1559609525,2461.403233024628,63
2025-09-08,greedy_closed,0.8,41700.057809024525,2013.9999087115286,65664.91284582936,2449.3046983532568,0
2025-09-08,dp_fixed,0.8,41700.057809024525,2013.9999087115286,65664.91284582936,2449.3046983532568,64
2025-09-08,dp_closed,0.8,41700.057809024525,2013.9999087115286,65664.91284582936,2449.3046983532568,64
2025-09-09,greedy_closed,0.8,42145.71059743986,2057.773547694247,66485.42057568126,2505.098435236581,0
2025-09-09,dp_fixed,0.8,42145.71059743986,2057.773547694247,66485.42057568126,2505.098435236581,61
2025-09-09,dp_closed,0.8,42145.71059743986,2057.773547694247,66485.42057568126,2505.098435236581,61
2025-09-10,greedy_closed,0.8,42156.180920344195,2067.67319578265,66371.65284334109,2511.9488536034,0
2025-09-10,dp_fixed,0.8,42156.180920344195,2067.67319578265,66371.65284334109,2511.9488536034,61
2025-09-10,dp_closed,0.8,42156.180920344195,2067.67319578265,66371.65284334109,2511.9488536034,61
2025-09-11,greedy_closed,0.8,42929.13536735608,2110.8618539763343,67712.12886391251,2537.7299779902314,0
2025-09-11,dp_fixed,0.8,42929.13536735608,2110.8618539763343,67712.12886391251,2537.7299779902314,54
2025-09-11,dp_closed,0.8,42919.90434406609,2110.8618539763343,67690.59973725435,2537.7299779902314,54
2025-09-12,greedy_closed,0.8,20375.35449748688,2050.7382596635216,36096.84887227289,2475.163877288285,0
2025-09-12,dp_fixed,0.8,20375.35449748688,2050.7382596635216,36096.84887227289,2475.163877288285,40
2025-09-12,dp_closed,0.8,20375.35449748688,2050.7382596635216,36096.84887227289,2475.163877288285,40
2025-09-13,greedy_closed,0.8,20707.773010465375,2045.8525493460033,36756.900086159745,2475.55232825478,0
2025-09-13,dp_fixed,0.8,20707.773010465375,2045.8525493460033,36756.900086159745,2475.55232825478,41
2025-09-13,dp_closed,0.8,20707.773010465375,2045.8525493460033,36756.900086159745,2475.55232825478,41
2025-09-14,greedy_closed,0.8,42860.385551880645,2031.6263220400217,67083.97675594022,2469.0215979690647,0
2025-09-14,dp_fixed,0.8,42860.385551880645,2031.6263220400217,67083.97675594022,2469.0215979690647,53
2025-09-14,dp_closed,0.8,42860.385551880645,2031.6263220400217,67083.97675594022,2469.0215979690647,53
2025-09-15,greedy_closed,0.8,41616.9609049861,2059.4155716454416,65700.44837637621,2490.837107298872,0
2025-09-15,dp_fixed,0.8,41616.9609049861,2059.4155716454416,65700.44837637621,2490.837107298872,53
2025-09-15,dp_closed,0.8,41616.9609049861,2059.4155716454416,65700.44837637621,2490.837107298872,53
2025-09-16,greedy_closed,0.8,41765.9624222694,2056.250946184083,65852.13036123978,2514.665117673631,0
2025-09-16,dp_fixed,0.8,41765.9624222694,2056.250946184083,65852.13036123978,2514.665117673631,44
2025-09-16,dp_closed,0.8,41765.9624222694,2056.250946184083,65852.13036123978,2514.665117673631,44
2025-09-17,greedy_closed,0.8,42141.99151666134,2069.470803733732,66714.99840969793,2544.064067523808,0
2025-09-17,dp_fixed,0.8,42141.99151666134,2069.470803733732,66714.99840969793,2544.064067523808,42
2025-09-17,dp_closed,0.8,42141.99151666134,2069.470803733732,66714.99840969793,2544.064067523808,42
2025-09-18,greedy_closed,0.8,41983.745057212785,2035.4294565830255,66069.61231492469,2505.865898487621,0
2025-09-18,dp_fixed,0.8,41983.745057212785,2035.4294565830255,66069.61231492469,2505.865898487621,45
2025-09-18,dp_closed,0.8,41983.745057212785,2035.4294565830255,66069.61231492469,2505.865898487621,45
2025-09-19,greedy_closed,0.8,19750.99291471373,2040.838636964198,35595.47962124983,2516.38643858286,0
2025-09-19,dp_fixed,0.8,19750.99291471373,2040.838636964198,35595.47962124983,2516.38643858286,40
2025-09-19,dp_closed,0.8,19750.99291471373,2040.838636964198,35595.47962124983,2516.38643858286,40
2025-09-20,greedy_closed,0.8,19769.528109712883,1957.650397394932,35379.8803419005,2433.753281346855,0
2025-09-20,dp_fixed,0.8,19769.528109712883,1957.650397394932,35379.8803419005,2433.753281346855,40
2025-09-20,dp_closed,0.8,19769.528109712883,1957.650397394932,35379.8803419005,2433.753281346855,40
2025-09-21,greedy_closed,0.8,42999.716615001744,1925.230885671524,67545.60977487019,2385.9080705735187,0
2025-09-21,dp_fixed,0.8,42999.716615001744,1925.230885671524,67545.60977487019,2385.9080705735187,56
2025-09-21,dp_closed,0.8,42999.716615001744,1925.230885671524,67545.60977487019,2385.9080705735187,56
2025-09-22,greedy_closed,0.8,40767.031006356716,1903.6092806974957,64426.88159571724,2370.6294862878053,0
2025-09-22,dp_fixed,0.8,40767.031006356716,1903.6092806974957,64426.88159571724,2370.6294862878053,55
2025-09-22,dp_closed,0.8,40767.031006356716,1903.6092806974957,64426.88159571724,2370.6294862878053,55
2025-09-23,greedy_closed,0.8,41633.30581851072,1933.4080198080578,66237.22748499838,2406.112836097329,0
2025-09-23,dp_fixed,0.8,41633.30581851072,1933.4080198080578,66237.22748499838,2406.112836097329,49
2025-09-23,dp_closed,0.8,41633.30581851072,1933.4080198080578,66237.22748499838,2406.112836097329,49
2025-09-24,greedy_closed,0.8,41746.557338384766,1986.536392037403,66755.08066304555,2482.1730823012017,0
2025-09-24,dp_fixed,0.8,41746.557338384766,1986.536392037403,66755.08066304555,2482.1730823012017,48
2025-09-24,dp_closed,0.8,41746.557338384766,1986.536392037403,66755.08066304555,2482.1730823012017,48
2025-09-25,greedy_closed,0.8,41529.7678659145,1942.6045637828051,66187.99204073215,2446.4249671454404,0
2025-09-25,dp_fixed,0.8,41529.7678659145,1942.6045637828051,66187.99204073215,2446.4249671454404,48
2025-09-25,dp_closed,0.8,41529.7678659145,1942.6045637828051,66187.99204073215,2446.4249671454404,48
2025-09-26,greedy_closed,0.8,18230.79090126908,1945.3594830297766,34240.937690737715,2452.957038219488,0
2025-09-26,dp_fixed,0.8,18230.79090126908,1945.3594830297766,34240.937690737715,2452.957038219488,40
2025-09-26,dp_closed,0.8,18230.79090126908,1945.3594830297766,34240.937690737715,2452.957038219488,40
2025-09-27,greedy_closed,0.8,18031.377395472144,1953.5243928930765,34024.182795074346,2479.6080052712487,0
2025-09-27,dp_fixed,0.8,18031.377395472144,1953.5243928930765,34024.182795074346,2479.6080052712487,41
2025-09-27,dp_closed,0.8,18031.377395472144,1953.5243928930765,34024.182795074346,2479.6080052712487,41
2025-09-28,greedy_closed,0.8,42302.31309010729,1839.367723319971,68226.99986945366,2352.221317918771,0
2025-09-28,dp_fixed,0.8,42302.31309010729,1839.367723319971,68226.99986945366,2352.221317918771,36
2025-09-28,dp_closed,0.8,42302.31309010729,1839.367723319971,68226.99986945366,2352.221317918771,36
2025-09-29,greedy_closed,0.8,40368.0073674696,1883.936418631105,65576.71670964072,2396.457229935534,0
2025-09-29,dp_fixed,0.8,40368.0073674696,1883.936418631105,65576.71670964072,2396.457229935534,38
2025-09-29,dp_closed,0.8,40368.0073674696,1883.936418631105,65576.71670964072,2396.457229935534,38
2025-09-30,greedy_closed,0.8,41388.79355503101,1928.2174955764226,67672.27874501867,2451.788700267853,0
2025-09-30,dp_fixed,0.8,41388.79355503101,1928.2174955764226,67672.27874501867,2451.788700267853,40
2025-09-30,dp_closed,0.8,41388.79355503101,1928.2174955764226,67672.27874501867,2451.788700267853,40
2025-10-01,greedy_closed,0.8,41502.559710658315,1995.5383528839018,68282.56700191474,2488.597061623599,0
2025-10-01,dp_fixed,0.8,41502.559710658315,1995.5383528839018,68282.56700191474,2488.597061623599,43
2025-10-01,dp_closed,0.8,41502.559710658315,1995.5383528839018,68282.56700191474,2488.597061623599,43
2025-10-02,greedy_closed,0.8,39420.52483247265,1992.847177080438,63579.87252237178,2504.7204694597904,0
2025-10-02,dp_fixed,0.8,39420.52483247265,1992.847177080438,63579.87252237178,2504.7204694597904,53
2025-10-02,dp_closed,0.8,39420.52483247265,1992.847177080438,63579.87252237178,2504.7204694597904,53
2025-10-03,greedy_closed,0.8,15619.073058417105,2031.100161316734,30769.496906932854,2553.2759871917124,0
2025-10-03,dp_fixed,0.8,15619.073058417105,2031.100161316734,30769.496906932854,2553.2759871917124,43
2025-10-03,dp_closed,0.8,15619.073058417105,2031.100161316734,30769.496906932854,2553.2759871917124,43
2025-10-04,greedy_closed,0.8,16046.351822294659,2032.9445444949076,31512.6525464627,2574.0517488374485,0
2025-10-04,dp_fixed,0.8,16046.351822294659,2032.9445444949076,31512.6525464627,2574.0517488374485,42
2025-10-04,dp_closed,0.8,16046.351822294659,2032.9445444949076,31512.6525464627,2574.0517488374485,42
2025-10-05,greedy_closed,0.8,38485.184774365356,2019.2898941440353,62289.692602468545,2557.622580187114,0
2025-10-05,dp_fixed,0.8,38485.184774365356,2019.2898941440353,62289.692602468545,2557.622580187114,52
2025-10-05,dp_closed,0.8,38485.184774365356,2019.2898941440353,62289.692602468545,2557.622580187114,52
2025-10-06,greedy_closed,0.8,36195.57134838443,2036.347199236965,58865.63211692253,2593.6663316842564,0
2025-10-06,dp_fixed,0.8,36195.57134838443,2036.347199236965,58865.63211692253,2593.6663316842564,52
2025-10-06,dp_closed,0.8,36195.57134838443,2036.347199236965,58865.63211692253,2593.6663316842564,52
2025-10-07,greedy_closed,0.8,37608.58684078617,2128.8745165091213,61723.39918088481,2675.5933740914297,0
2025-10-07,dp_fixed,0.8,37608.58684078617,2128.8745165091213,61723.39918088481,2675.5933740914297,44
2025-10-07,dp_closed,0.8,37608.58684078617,2128.8745165091213,61723.39918088481,2675.5933740914297,44
2025-10-08,greedy_closed,0.8,36610.73265212253,2186.8863604101125,61193.860734327274,2719.9360169791435,0
2025-10-08,dp_fixed,0.8,36610.73265212253,2186.8863604101125,61193.860734327274,2719.9360169791435,43
2025-10-08,dp_closed,0.8,36610.73265212253,2186.8863604101125,61193.860734327274,2719.9360169791435,43
2025-10-09,greedy_closed,0.8,36834.7047922864,2281.4933135686597,61101.15267755944,2802.7132067721113,0
2025-10-09,dp_fixed,0.8,36834.7047922864,2281.4933135686597,61101.15267755944,2802.7132067721113,40
2025-10-09,dp_closed,0.8,36834.7047922864,2281.4933135686597,61101.15267755944,2802.7132067721113,40
2025-10-10,greedy_closed,0.8,15024.420758159165,2364.8327475779597,31589.99202405512,2881.9673803876317,0
2025-10-10,dp_fixed,0.8,15024.420758159165,2364.8327475779597,31589.99202405512,2881.9673803876317,44
2025-10-10,dp_closed,0.8,15024.420758159165,2364.8327475779597,31589.99202405512,2881.9673803876317,44
2025-10-11,greedy_closed,0.8,15719.286177835347,2371.8436234651554,32825.30398362416,2893.520613591439,0
2025-10-11,dp_fixed,0.8,15719.286177835347,2371.8436234651554,32825.30398362416,2893.520613591439,40
2025-10-11,dp_closed,0.8,15719.286177835347,2371.8436234651554,32825.30398362416,2893.520613591439,40
2025-10-12,greedy_closed,0.8,37641.707979204904,2413.459015879477,62599.49474501326,2954.641327864517,0
2025-10-12,dp_fixed,0.8,37641.707979204904,2413.459015879477,62599.49474501326,2954.641327864517,36
2025-10-12,dp_closed,0.8,37641.707979204904,2413.459015879477,62599.49474501326,2954.641327864517,36
2025-10-13,greedy_closed,0.8,38373.483663998944,2611.1660535163546,63970.00954891771,3128.719392213459,0
2025-10-13,dp_fixed,0.8,38373.483663998944,2611.1660535163546,63970.00954891771,3128.719392213459,33
2025-10-13,dp_closed,0.8,38373.483663998944,2611.1660535163546,63970.00954891771,3128.719392213459,33
2025-10-14,greedy_closed,0.8,38456.31431718987,2609.030828671983,64031.48834554393,3136.2316008801254,0
2025-10-14,dp_fixed,0.8,38456.31431718987,2609.030828671983,64031.48834554393,3136.2316008801254,34
2025-10-14,dp_closed,0.8,38456.31431718987,2609.030828671983,64031.48834554393,3136.2316008801254,34
2025-10-15,greedy_closed,0.8,38124.636984986675,2723.1505768913175,64445.86071363256,3231.7059846042507,0
2025-10-15,dp_fixed,0.8,38124.636984986675,2723.1505768913175,64445.86071363256,3231.7059846042507,32
2025-10-15,dp_closed,0.8,38124.636984986675,2723.1505768913175,64445.86071363256,3231.7059846042507,32
2025-10-16,greedy_closed,0.8,38998.35109383517,2934.442881733591,66031.65075476002,3417.8424760790485,0
2025-10-16,dp_fixed,0.8,38998.35109383517,2934.442881733591,66031.65075476002,3417.8424760790485,35
2025-10-16,dp_closed,0.8,38998.35109383517,2934.442881733591,66031.65075476002,3417.8424760790485,35
2025-10-17,greedy_closed,0.8,15884.365618189197,3122.557064180131,34118.2524452741,3575.6299583589034,0
2025-10-17,dp_fixed,0.8,15884.365618189197,3122.557064180131,34118.2524452741,3575.6299583589034,38
2025-10-17,dp_closed,0.8,15884.365618189197,3122.557064180131,34118.2524452741,3575.6299583589034,38
2025-10-18,greedy_closed,0.8,15995.417967786147,3102.6637685748365,34063.55199612786,3536.8435488350938,0
2025-10-18,dp_fixed,0.8,15995.417967786147,3102.6637685748365,34063.55199612786,3536.8435488350938,39
2025-10-18,dp_closed,0.8,15995.417967786147,3102.6637685748365,34063.55199612786,3536.8435488350938,39
2025-10-19,greedy_closed,0.8,40406.22051621129,3072.493413173962,68095.62961209062,3507.2373299169976,0
2025-10-19,dp_fixed,0.8,40406.22051621129,3072.493413173962,68095.62961209062,3507.2373299169976,41
2025-10-19,dp_closed,0.8,40406.22051621129,3072.493413173962,68095.62961209062,3507.2373299169976,41
2025-10-20,greedy_closed,0.8,41919.9154343758,3250.2253219527115,70833.73404669522,3647.543490484276,0
2025-10-20,dp_fixed,0.8,41919.9154343758,3250.2253219527115,70833.73404669522,3647.543490484276,36
2025-10-20,dp_closed,0.8,41919.9154343758,3250.2253219527115,70833.73404669522,3647.543490484276,36
2025-10-21,greedy_closed,0.8,42087.236967630386,3260.973959944249,70684.58561089485,3669.0519000848444,0
2025-10-21,dp_fixed,0.8,42087.236967630386,3260.973959944249,70684.58561089485,3669.0519000848444,42
2025-10-21,dp_closed,0.8,42087.236967630386,3260.973959944249,70684.58561089485,3669.0519000848444,42
2025-10-22,greedy_closed,0.8,41678.37307624298,3395.8000966287846,70748.1927527429,3782.0936653922354,0
2025-10-22,dp_fixed,0.8,41678.37307624298,3395.8000966287846,70748.1927527429,3782.0936653922354,36
2025-10-22,dp_closed,0.8,41678.37307624298,3395.8000966287846,70748.1927527429,3782.0936653922354,36
2025-10-23,greedy_closed,0.8,42540.61328907467,3431.9769823361353,71885.42630167295,3809.656859270333,0
2025-10-23,dp_fixed,0.8,42540.61328907467,3431.9769823361353,71885.42630167295,3809.656859270333,33
2025-10-23,dp_closed,0.8,42540.61328907467,3431.9769823361353,71885.42630167295,3809.656859270333,33
2025-10-24,greedy_closed,0.8,15573.190716403973,3407.251792966712,33566.00903389531,3775.2272275949576,0
2025-10-24,dp_fixed,0.8,15573.190716403973,3407.251792966712,33566.00903389531,3775.2272275949576,38
2025-10-24,dp_closed,0.8,15573.190716403973,3407.251792966712,33566.00903389531,3775.2272275949576,38
2025-10-25,greedy_closed,0.8,16449.983835037598,3304.3767018993167,35167.85710870208,3662.4115665415197,0
2025-10-25,dp_fixed,0.8,16449.983835037598,3304.3767018993167,35167.85710870208,3662.4115665415197,38
2025-10-25,dp_closed,0.8,16449.983835037598,3304.3767018993167,35167.85710870208,3662.4115665415197,38
2025-10-26,greedy_closed,0.8,43487.3402770269,3308.5076014415745,72917.11938126857,3653.025322155807,0
2025-10-26,dp_fixed,0.8,43487.3402770269,3308.5076014415745,72917.11938126857,3653.025322155807,32
2025-10-26,dp_closed,0.8,43487.3402770269,3308.5076014415745,72917.11938126857,3653.025322155807,32
2025-10-27,greedy_closed,0.8,43411.27433309196,3315.9885095284726,72488.11759228022,3662.0409075510443,0
2025-10-27,dp_fixed,0.8,43411.27433309196,3315.9885095284726,72488.11759228022,3662.0409075510443,35
2025-10-27,dp_closed,0.8,43411.27433309196,3315.9885095284726,72488.11759228022,3662.0409075510443,35
2025-10-28,greedy_closed,0.8,43599.337855414844,3276.2667128297203,72783.20636514752,3614.9195246678355,0
2025-10-28,dp_fixed,0.8,43599.337855414844,3276.2667128297203,72783.20636514752,3614.9195246678355,32
2025-10-28,dp_closed,0.8,43599.337855414844,3276.2667128297203,72783.20636514752,3614.9195246678355,32
2025-10-29,greedy_closed,0.8,42461.63210716805,3257.155755197131,71107.08136049817,3596.3776451460603,0
2025-10-29,dp_fixed,0.8,42461.63210716805,3257.155755197131,71107.08136049817,3596.3776451460603,35
2025-10-29,dp_closed,0.8,42461.63210716805,3257.155755197131,71107.08136049817,3596.3776451460603,35
2025-10-30,greedy_closed,0.8,43978.52698972148,3354.552306194303,74025.56599172746,3656.9572582766586,0
2025-10-30,dp_fixed,0.8,43978.52698972148,3354.552306194303,74025.56599172746,3656.9572582766586,35
2025-10-30,dp_closed,0.8,43978.52698972148,3354.552306194303,74025.56599172746,3656.9572582766586,35
2025-10-31,greedy_closed,0.8,16290.785901129366,3234.794071517535,34332.17287349163,3559.0714442376184,0
2025-10-31,dp_fixed,0.8,16290.785901129366,3234.794071517535,34332.17287349163,3559.0714442376184,38
2025-10-31,dp_closed,0.8,16290.785901129366,3234.794071517535,34332.17287349163,3559.0714442376184,38
2025-11-01,greedy_closed,0.8,17009.480388536605,3293.3542004053697,35660.98556454766,3602.5380462131643,0
2025-11-01,dp_fixed,0.8,17009.480388536605,3293.3542004053697,35660.98556454766,3602.5380462131643,39
2025-11-01,dp_closed,0.8,17009.480388536605,3293.3542004053697,35660.98556454766,3602.5380462131643,39
2025-11-02,greedy_closed,0.8,44775.78033161028,3331.662471570634,74787.79970389015,3648.6037797663676,0
2025-11-02,dp_fixed,0.8,44775.78033161028,3331.662471570634,74787.79970389015,3648.6037797663676,38
2025-11-02,dp_closed,0.8,44775.78033161028,3331.662471570634,74787.79970389015,3648.6037797663676,38
2025-11-03,greedy_closed,0.8,45699.96248121092,3375.316267810645,76134.94991204377,3693.3713045368413,0
2025-11-03,dp_fixed,0.8,45699.96248121092,3375.316267810645,76134.94991204377,3693.3713045368413,32
2025-11-03,dp_closed,0.8,45699.96248121092,3375.316267810645,76134.94991204377,3693.3713045368413,32
2025-11-04,greedy_closed,0.8,45622.567939646906,3392.4283005851853,75985.15499348883,3718.8518355082683,0
2025-11-04,dp_fixed,0.8,45622.567939646906,3392.4283005851853,75985.15499348883,3718.8518355082683,35
2025-11-04,dp_closed,0.8,45622.567939646906,3392.4283005851853,75985.15499348883,3718.8518355082683,35
2025-11-05,greedy_closed,0.8,45731.572493678155,3387.4740846018153,76577.06926100866,3708.0407138892215,0
2025-11-05,dp_fixed,0.8,45731.572493678155,3387.4740846018153,76577.06926100866,3708.0407138892215,34
2025-11-05,dp_closed,0.8,45731.572493678155,3387.4740846018153,76577.06926100866,3708.0407138892215,34
2025-11-06,greedy_closed,0.8,45526.70676502502,3267.6445510640688,75889.62745899867,3610.286635579525,0
2025-11-06,dp_fixed,0.8,45526.70676502502,3267.6445510640688,75889.62745899867,3610.286635579525,33
2025-11-06,dp_closed,0.8,45526.70676502502,3267.6445510640688,75889.62745899867,3610.286635579525,33
2025-11-07,greedy_closed,0.8,17317.663771382046,3303.490029914328,36563.55527825322,3627.6622071866955,0
2025-11-07,dp_fixed,0.8,17317.663771382046,3303.490029914328,36563.55527825322,3627.6622071866955,42
2025-11-07,dp_closed,0.8,17317.663771382046,3303.490029914328,36563.55527825322,3627.6622071866955,42
2025-11-08,greedy_closed,0.8,17123.102767002376,3196.938391939178,36086.80995021344,3527.4562359658566,0
2025-11-08,dp_fixed,0.8,17123.102767002376,3196.938391939178,36086.80995021344,3527.4562359658566,42
2025-11-08,dp_closed,0.8,17123.102767002376,3196.938391939178,36086.80995021344,3527.4562359658566,42
2025-11-09,greedy_closed,0.8,46659.380312921785,3159.475333805255,77249.88841481801,3494.292002216335,0
2025-11-09,dp_fixed,0.8,46659.380312921785,3159.475333805255,77249.88841481801,3494.292002216335,50
2025-11-09,dp_closed,0.8,46659.380312921785,3159.475333805255,77249.88841481801,3494.292002216335,50
2025-11-10,greedy_closed,0.8,47250.82257034912,3154.613490425787,78271.74742153588,3483.2368562219444,0
2025-11-10,dp_fixed,0.8,47250.82257034912,3154.613490425787,78271.74742153588,3483.2368562219444,44
2025-11-10,dp_closed,0.8,47250.82257034912,3154.613490425787,78271.74742153588,3483.2368562219444,44
2025-11-11,greedy_closed,0.8,47773.910039494294,3254.567495680194,79077.36044774312,3560.142076143336,0
2025-11-11,dp_fixed,0.8,47773.910039494294,3254.567495680194,79077.36044774312,3560.142076143336,43
2025-11-11,dp_closed,0.8,47773.910039494294,3254.567495680194,79077.36044774312,3560.142076143336,43
2025-11-12,greedy_closed,0.8,47997.333379771284,3232.1359747895303,79193.55586682804,3534.1444861499303,0
2025-11-12,dp_fixed,0.8,47997.333379771284,3232.1359747895303,79193.55586682804,3534.1444861499303,48
2025-11-12,dp_closed,0.8,47997.333379771284,3232.1359747895303,79193.55586682804,3534.1444861499303,48
2025-11-13,greedy_closed,0.8,48207.919800619165,3204.658175702647,79433.39463006402,3500.910833635642,0
2025-11-13,dp_fixed,0.8,48207.919800619165,3204.658175702647,79433.39463006402,3500.910833635642,50
2025-11-13,dp_closed,0.8,48207.919800619165,3204.658175702647,79433.39463006402,3500.910833635642,50
2025-11-14,greedy_closed,0.8,17744.781778620294,3120.638026062892,36673.08052636545,3412.148809558543,0
2025-11-14,dp_fixed,0.8,17744.781778620294,3120.638026062892,36673.08052636545,3412.148809558543,48
2025-11-14,dp_closed,0.8,17744.781778620294,3120.638026062892,36673.08052636545,3412.148809558543,48
2025-11-15,greedy_closed,0.8,17837.804020217933,2904.896300483167,36614.70002027394,3215.8795877156817,0
2025-11-15,dp_fixed,0.8,17837.804020217933,2904.896300483167,36614.70002027394,3215.8795877156817,49
2025-11-15,dp_closed,0.8,17837.804020217933,2904.896300483167,36614.70002027394,3215.8795877156817,49
2025-11-16,greedy_closed,0.8,49276.98334786221,2564.3977146673265,80347.23233792972,2942.104601099853,0
2025-11-16,dp_fixed,0.8,49276.98334786221,2564.3977146673265,80347.23233792972,2942.104601099853,52
2025-11-16,dp_closed,0.8,49276.98334786221,2564.3977146673265,80347.23233792972,2942.104601099853,52
2025-11-17,greedy_closed,0.8,49772.53377144536,2589.025567771171,81081.45831419737,2956.6909836172163,0
2025-11-17,dp_fixed,0.8,49772.53377144536,2589.025567771171,81081.45831419737,2956.6909836172163,50
2025-11-17,dp_closed,0.8,49772.53377144536,2589.025567771171,81081.45831419737,2956.6909836172163,50
2025-11-18,greedy_closed,0.8,49663.38344029541,2588.2587807823948,80896.67656721982,2942.354981325786,0
2025-11-18,dp_fixed,0.8,49663.38344029541,2588.2587807823948,80896.67656721982,2942.354981325786,54
2025-11-18,dp_closed,0.8,49663.38344029541,2588.2587807823948,80896.67656721982,2942.354981325786,54
2025-11-19,greedy_closed,0.8,49884.972601821646,2405.713567102828,81057.42222997357,2797.1442915101024,0
2025-11-19,dp_fixed,0.8,49884.972601821646,2405.713567102828,81057.42222997357,2797.1442915101024,55
2025-11-19,dp_closed,0.8,49884.972601821646,2405.713567102828,81057.42222997357,2797.1442915101024,55
2025-11-20,greedy_closed,0.8,50281.75196055301,2386.756786440342,81797.20758897722,2777.552986938672,0
2025-11-20,dp_fixed,0.8,50281.75196055301,2386.756786440342,81797.20758897722,2777.552986938672,53
2025-11-20,dp_closed,0.8,50281.75196055301,2386.756786440342,81797.20758897722,2777.552986938672,53
2025-11-21,greedy_closed,0.8,18702.466632059273,2326.074035420879,37612.339237682216,2728.9682425458964,0
2025-11-21,dp_fixed,0.8,18702.466632059273,2326.074035420879,37612.339237682216,2728.9682425458964,49
2025-11-21,dp_closed,0.8,18702.466632059273,2326.074035420879,37612.339237682216,2728.9682425458964,49
2025-11-22,greedy_closed,0.8,18540.158500964866,2249.670542062989,37331.19824213904,2644.6955879934117,0
2025-11-22,dp_fixed,0.8,18540.158500964866,2249.670542062989,37331.19824213904,2644.6955879934117,47
2025-11-22,dp_closed,0.8,18540.158500964866,2249.670542062989,37331.19824213904,2644.6955879934117,47
2025-11-23,greedy_closed,0.8,51089.526687782534,2259.148317609737,82968.30781921194,2669.9686279569614,0
2025-11-23,dp_fixed,0.8,51089.526687782534,2259.148317609737,82968.30781921194,2669.9686279569614,53
2025-11-23,dp_closed,0.8,51089.526687782534,2259.148317609737,82968.30781921194,2669.9686279569614,53
2025-11-24,greedy_closed,0.8,51097.82918148945,2244.947182122328,82945.86411217433,2665.8355032675468,0
2025-11-24,dp_fixed,0.8,51097.82918148945,2244.947182122328,82945.86411217433,2665.8355032675468,52
2025-11-24,dp_closed,0.8,51097.82918148945,2244.947182122328,82945.86411217433,2665.8355032675468,52
2025-11-25,greedy_closed,0.8,51135.261295641656,2224.0147921664957,83131.38449276028,2643.9650914543295,0
2025-11-25,dp_fixed,0.8,51135.261295641656,2224.0147921664957,83131.38449276028,2643.9650914543295,51
2025-11-25,dp_closed,0.8,51135.261295641656,2224.0147921664957,83131.38449276028,2643.9650914543295,51
2025-11-26,greedy_closed,0.8,51378.27694771846,2213.55116857447,83275.12510610202,2627.790263410519,0
2025-11-26,dp_fixed,0.8,51378.27694771846,2213.55116857447,83275.12510610202,2627.790263410519,51
2025-11-26,dp_closed,0.8,51378.27694771846,2213.55116857447,83275.12510610202,2627.790263410519,51
2025-11-27,greedy_closed,0.8,51301.999146683476,2116.737328826122,83003.46162136077,2582.773241125619,0
2025-11-27,dp_fixed,0.8,51301.999146683476,2116.737328826122,83003.46162136077,2582.773241125619,51
2025-11-27,dp_closed,0.8,51301.999146683476,2116.737328826122,83003.46162136077,2582.773241125619,51
2025-11-28,greedy_closed,0.8,19315.92234043515,2108.0457992344745,38641.124155868834,2574.218686173237,0
2025-11-28,dp_fixed,0.8,19315.92234043515,2108.0457992344745,38641.124155868834,2574.218686173237,47
2025-11-28,dp_closed,0.8,19315.92234043515,2108.0457992344745,38641.124155868834,2574.218686173237,47
2025-11-29,greedy_closed,0.8,19281.366478576638,1979.3427561584638,38554.430919926854,2470.736716645897,0
2025-11-29,dp_fixed,0.8,19281.366478576638,1979.3427561584638,38554.430919926854,2470.736716645897,47
2025-11-29,dp_closed,0.8,19281.366478576638,1979.3427561584638,38554.430919926854,2470.736716645897,47
2025-11-30,greedy_closed,0.8,52531.19198799074,1970.8281685352672,84901.62358932535,2480.012750924014,0
2025-11-30,dp_fixed,0.8,52531.19198799074,1970.8281685352672,84901.62358932535,2480.012750924014,46
2025-11-30,dp_closed,0.8,52531.19198799074,1970.8281685352672,84901.62358932535,2480.012750924014,46
2025-12-01,greedy_closed,0.8,53161.50116875568,2023.4795516851714,86140.03858209259,2523.735300159035,0
2025-12-01,dp_fixed,0.8,53161.50116875568,2023.4795516851714,86140.03858209259,2523.735300159035,43
2025-12-01,dp_closed,0.8,53161.50116875568,2023.4795516851714,86140.03858209259,2523.735300159035,43
2025-12-02,greedy_closed,0.8,53857.178173072665,2247.398739623784,87294.47129415873,2757.682642617593,0
2025-12-02,dp_fixed,0.8,53857.178173072665,2247.398739623784,87294.47129415873,2757.682642617593,41
2025-12-02,dp_closed,0.8,53857.178173072665,2247.398739623784,87294.47129415873,2757.682642617593,41
2025-12-03,greedy_closed,0.8,54683.55074028694,2418.4616743709107,88613.75183695112,2958.1391941566144,0
2025-12-03,dp_fixed,0.8,54683.55074028694,2418.4616743709107,88613.75183695112,2958.1391941566144,34
2025-12-03,dp_closed,0.8,54683.55074028694,2418.4616743709107,88613.75183695112,2958.1391941566144,34
2025-12-04,greedy_closed,0.8,55257.93457992472,2570.2720275135407,89506.48702564713,3133.9963709713597,0
2025-12-04,dp_fixed,0.8,55257.93457992472,2570.2720275135407,89506.48702564713,3133.9963709713597,33
2025-12-04,dp_closed,0.8,55257.93457992472,2570.2720275135407,89506.48702564713,3133.9963709713597,33
2025-12-05,greedy_closed,0.8,21634.444317063302,2679.5812587499586,44117.21719659721,3289.983532442745,0
2025-12-05,dp_fixed,0.8,21634.444317063302,2679.5812587499586,44117.21719659721,3289.983532442745,41
2025-12-05,dp_closed,0.8,21634.444317063302,2679.5812587499586,44117.21719659721,3289.983532442745,41
2025-12-06,greedy_closed,0.8,22260.74592569116,2753.5876675210775,45521.469825770444,3375.7703139253063,0
2025-12-06,dp_fixed,0.8,22260.74592569116,2753.5876675210775,45521.469825770444,3375.7703139253063,50
2025-12-06,dp_closed,0.8,22260.74592569116,2753.5876675210775,45521.469825770444,3375.7703139253063,50
2025-12-07,greedy_closed,0.8,58415.38463415707,2800.3036387823126,94153.77032723541,3440.525589844603,0
2025-12-07,dp_fixed,0.8,58415.38463415707,2800.3036387823126,94153.77032723541,3440.525589844603,51
2025-12-07,dp_closed,0.8,58415.38463415707,2800.3036387823126,94153.77032723541,3440.525589844603,51
2025-12-08,greedy_closed,0.8,59642.302565661215,2912.2163172092287,96031.44737350082,3564.021953504825,0
2025-12-08,dp_fixed,0.8,59642.302565661215,2912.2163172092287,96031.44737350082,3564.021953504825,37
2025-12-08,dp_closed,0.8,59642.302565661215,2912.2163172092287,96031.44737350082,3564.021953504825,37
2025-12-09,greedy_closed,0.8,59793.34909078698,2916.3683321939498,96247.34921281476,3569.8367018603008,0
2025-12-09,dp_fixed,0.8,59793.34909078698,2916.3683321939498,96247.34921281476,3569.8367018603008,39
2025-12-09,dp_closed,0.8,59793.34909078698,2916.3683321939498,96247.34921281476,3569.8367018603008,39
2025-12-10,greedy_closed,0.8,59666.5041073682,2881.7694377334533,96050.35974970963,3546.4501429378906,0
2025-12-10,dp_fixed,0.8,59666.5041073682,2881.7694377334533,96050.35974970963,3546.4501429378906,39
2025-12-10,dp_closed,0.8,59666.5041073682,2881.7694377334533,96050.35974970963,3546.4501429378906,39
2025-12-11,greedy_closed,0.8,59987.830910922705,2776.548307536883,96213.12056820656,3460.11115304906,0
2025-12-11,dp_fixed,0.8,59987.830910922705,2776.548307536883,96213.12056820656,3460.11115304906,38
2025-12-11,dp_closed,0.8,59987.830910922705,2776.548307536883,96213.12056820656,3460.11115304906,38
2025-12-12,greedy_closed,0.8,24461.008578132423,2785.94119949921,49760.59564033899,3480.3640790306417,0
2025-12-12,dp_fixed,0.8,24461.008578132423,2785.94119949921,49760.59564033899,3480.3640790306417,43
2025-12-12,dp_closed,0.8,24461.008578132423,2785.94119949921,49760.59564033899,3480.3640790306417,43
2025-12-13,greedy_closed,0.8,24853.767247596916,2804.6930447103823,50515.16508676772,3520.404623510698,0
2025-12-13,dp_fixed,0.8,24853.767247596916,2804.6930447103823,50515.16508676772,3520.404623510698,50
2025-12-13,dp_closed,0.8,24853.767247596916,2804.6930447103823,50515.16508676772,3520.404623510698,50
2025-12-14,greedy_closed,0.8,60539.695386730455,2754.3035574330524,97063.57686519354,3469.6837361877215,0
2025-12-14,dp_fixed,0.8,60539.695386730455,2754.3035574330524,97063.57686519354,3469.6837361877215,35
2025-12-14,dp_closed,0.8,60539.695386730455,2754.3035574330524,97063.57686519354,3469.6837361877215,35
2025-12-15,greedy_closed,0.8,61535.9229050083,2786.7584620005823,98627.75244081303,3502.0087727954487,0
2025-12-15,dp_fixed,0.8,61535.9229050083,2786.7584620005823,98627.75244081303,3502.0087727954487,35
2025-12-15,dp_closed,0.8,61535.9229050083,2786.7584620005823,98627.75244081303,3502.0087727954487,35
2025-12-16,greedy_closed,0.8,61797.13040704494,2771.793958970776,98920.1752002754,3494.676965636412,0
2025-12-16,dp_fixed,0.8,61797.13040704494,2771.793958970776,98920.1752002754,3494.676965636412,34
2025-12-16,dp_closed,0.8,61797.13040704494,2771.793958970776,98920.1752002754,3494.676965636412,34
2025-12-17,greedy_closed,0.8,61715.93650440963,2739.0292072793945,98928.59578999948,3460.130007138673,0
2025-12-17,dp_fixed,0.8,61715.93650440963,2739.0292072793945,98928.59578999948,3460.130007138673,35
2025-12-17,dp_closed,0.8,61715.93650440963,2739.0292072793945,98928.59578999948,3460.130007138673,35
2025-12-18,greedy_closed,0.8,61815.985462133256,2726.314143007098,98812.30352224829,3439.987786662482,0
2025-12-18,dp_fixed,0.8,61815.985462133256,2726.314143007098,98812.30352224829,3439.987786662482,36
2025-12-18,dp_closed,0.8,61815.985462133256,2726.314143007098,98812.30352224829,3439.987786662482,36
2025-12-19,greedy_closed,0.8,26095.804679120156,2704.7982939442863,52431.34269055901,3425.965653473816,0
2025-12-19,dp_fixed,0.8,26095.804679120156,2704.7982939442863,52431.34269055901,3425.965653473816,48
2025-12-19,dp_closed,0.8,26095.804679120156,2704.7982939442863,52431.34269055901,3425.965653473816,48
2025-12-20,greedy_closed,0.8,26256.919921493878,2724.2321087644423,52786.40534497477,3447.2747894919125,0
2025-12-20,dp_fixed,0.8,26256.919921493878,2724.2321087644423,52786.40534497477,3447.2747894919125,51
2025-12-20,dp_closed,0.8,26256.919921493878,2724.2321087644423,52786.40534497477,3447.2747894919125,51
2025-12-21,greedy_closed,0.8,62078.44651003539,2705.5165695721644,99139.76676104014,3410.5199079185813,0
2025-12-21,dp_fixed,0.8,62078.44651003539,2705.5165695721644,99139.76676104014,3410.5199079185813,35
2025-12-21,dp_closed,0.8,62078.44651003539,2705.5165695721644,99139.76676104014,3410.5199079185813,35
2025-12-22,greedy_closed,0.8,62769.98975631871,2708.8593900946453,100306.10526557651,3406.5038036395445,0
2025-12-22,dp_fixed,0.8,62769.98975631871,2708.8593900946453,100306.10526557651,3406.5038036395445,35
2025-12-22,dp_closed,0.8,62769.98975631871,2708.8593900946453,100306.10526557651,3406.5038036395445,35
2025-12-23,greedy_closed,0.8,62926.82360643957,2698.874878686686,100397.67466591542,3400.8071137217084,0
2025-12-23,dp_fixed,0.8,62926.82360643957,2698.874878686686,100397.67466591542,3400.8071137217084,34
2025-12-23,dp_closed,0.8,62926.82360643957,2698.874878686686,100397.67466591542,3400.8071137217084,34
2025-12-24,greedy_closed,0.8,62534.44490725784,2682.401066191639,99978.69031739833,3369.672337343134,0
2025-12-24,dp_fixed,0.8,62534.44490725784,2682.401066191639,99978.69031739833,3369.672337343134,36
2025-12-24,dp_closed,0.8,62534.44490725784,2682.401066191639,99978.69031739833,3369.672337343134,36
2025-12-25,greedy_closed,0.8,62647.16164644083,2668.36690806206,99827.1914552345,3361.8427569219566,0
2025-12-25,dp_fixed,0.8,62647.16164644083,2668.36690806206,99827.1914552345,3361.8427569219566,35
2025-12-25,dp_closed,0.8,62647.16164644083,2668.36690806206,99827.1914552345,3361.8427569219566,35
2025-12-26,greedy_closed,0.8,26791.56217852549,2645.012855596945,53456.64368897826,3340.214022921954,0
2025-12-26,dp_fixed,0.8,26791.56217852549,2645.012855596945,53456.64368897826,3340.214022921954,47
2025-12-26,dp_closed,0.8,26791.56217852549,2645.012855596945,53456.64368897826,3340.214022921954,47
2025-12-27,greedy_closed,0.8,26935.076246605408,2639.4156116058757,53786.122628904086,3331.4900441606824,0
2025-12-27,dp_fixed,0.8,26935.076246605408,2639.4156116058757,53786.122628904086,3331.4900441606824,49
2025-12-27,dp_closed,0.8,26935.076246605408,2639.4156116058757,53786.122628904086,3331.4900441606824,49
2025-12-28,greedy_closed,0.8,62956.10297041742,2628.0339892540887,100329.86983088472,3319.4164794416347,0
2025-12-28,dp_fixed,0.8,62956.10297041742,2628.0339892540887,100329.86983088472,3319.4164794416347,34
2025-12-28,dp_closed,0.8,62956.10297041742,2628.0339892540887,100329.86983088472,3319.4164794416347,34
2025-12-29,greedy_closed,0.8,63715.427949504905,2595.3087263088864,101478.5412955694,3275.2090975040664,0
2025-12-29,dp_fixed,0.8,63715.427949504905,2595.3087263088864,101478.5412955694,3275.2090975040664,34
2025-12-29,dp_closed,0.8,63715.427949504905,2595.3087263088864,101478.5412955694,3275.2090975040664,34
2025-12-30,greedy_closed,0.8,63675.43526095373,2561.626287379732,101326.95606839505,3222.6693216110407,0
2025-12-30,dp_fixed,0.8,63675.43526095373,2561.626287379732,101326.95606839505,3222.6693216110407,36
2025-12-30,dp_closed,0.8,63675.43526095373,2561.626287379732,101326.95606839505,3222.6693216110407,36
2025-12-31,greedy_closed,0.8,63337.21895936508,2436.915900536739,100813.33180011218,3088.058551065138,0
2025-12-31,dp_fixed,0.8,63337.21895936508,2436.915900536739,100813.33180011218,3088.058551065138,39
2025-12-31,dp_closed,0.8,63337.21895936508,2436.915900536739,100813.33180011218,3088.058551065138,39
