date,start_slot,end_slot,interval_label,emergency_kwh
2025-02-01,37,37,06:00-06:10,15.874250000000188
2025-02-01,40,41,06:30-06:50,15.310791071428525
2025-02-01,47,47,07:40-07:50,33.97418333333326
2025-02-01,51,54,08:20-09:00,91.29996666666665
2025-02-01,109,110,18:00-18:20,27.09551249999987
2025-02-01,114,118,18:50-19:40,65.66515000000004
2025-02-01,121,124,20:00-20:40,38.96712500000007
2025-02-02,49,50,08:00-08:20,79.76482857142878
2025-02-02,52,53,08:30-08:50,24.17479821428617
2025-02-02,56,57,09:10-09:30,37.29027559523803
2025-02-02,60,61,09:50-10:10,57.05635892857174
2025-02-02,85,86,14:00-14:20,30.50414642857129
2025-02-02,89,89,14:40-14:50,13.096618452380653
2025-02-02,105,105,17:20-17:30,12.412162499999795
2025-02-02,110,112,18:10-18:40,31.903164285714055
2025-02-02,115,115,19:00-19:10,28.530364880952447
2025-02-02,118,119,19:30-19:50,25.618833333333555
2025-02-02,121,121,20:00-20:10,10.50672499999996
2025-02-02,124,124,20:30-20:40,24.812929166666663
2025-02-03,50,51,08:10-08:30,58.20016607142861
2025-02-03,54,56,08:50-09:20,118.704190476191
2025-02-03,64,64,10:30-10:40,39.93997916666649
2025-02-03,84,84,13:50-14:00,25.95329523809528
2025-02-03,88,89,14:30-14:50,40.448239285714294
2025-02-03,104,104,17:10-17:20,21.61725654761881
2025-02-03,108,108,17:50-18:00,25.360808333333125
2025-02-03,110,111,18:10-18:30,11.021270833333233
2025-02-03,114,117,18:50-19:30,45.544787499999984
2025-02-03,120,120,19:50-20:00,1.6015916666667636
2025-02-03,122,123,20:10-20:30,30.097870833333218
2025-02-03,143,143,23:40-23:50,8.953214523809493
2025-02-04,3,3,00:20-00:30,10.245972222222235
2025-02-04,37,37,06:00-06:10,44.209191666666584
2025-02-04,49,50,08:00-08:20,44.848674404762505
2025-02-04,53,54,08:40-09:00,69.12581369047643
2025-02-04,56,57,09:10-09:30,77.55611666666664
2025-02-04,60,60,09:50-10:00,4.025532738095308
2025-02-04,64,64,10:30-10:40,13.234274999999798
2025-02-04,79,79,13:00-13:10,12.042340476190248
2025-02-04,85,87,14:00-14:30,14.592916666666383
2025-02-04,108,108,17:50-18:00,34.15739999999994
2025-02-04,111,111,18:20-18:30,7.127500000000055
2025-02-04,115,116,19:00-19:20,8.18080000000009
2025-02-04,119,120,19:40-20:00,58.8223999999999
2025-02-04,123,124,20:20-20:40,28.58751249999989
2025-02-05,37,37,06:00-06:10,49.41023333333328
2025-02-05,43,43,07:00-07:10,0.36374456349197715
2025-02-05,48,48,07:50-08:00,12.102588095238048
2025-02-05,51,52,08:20-08:40,10.948173809523723
2025-02-05,55,57,09:00-09:30,80.07170238095273
2025-02-05,61,61,10:00-10:10,38.497383333333346
2025-02-05,84,87,13:50-14:30,76.39496285714301
2025-02-05,105,105,17:20-17:30,29.588033333333215
2025-02-05,108,109,17:50-18:10,38.52405047619074
2025-02-05,113,113,18:40-18:50,12.23439809523802
2025-02-05,115,116,19:00-19:20,5.549546666666743
2025-02-05,119,119,19:40-19:50,0.2877966666665088
2025-02-05,123,123,20:20-20:30,3.4025800000000572
2025-02-06,6,6,00:50-01:00,13.141714285714215
2025-02-06,37,37,06:00-06:10,4.334696666666446
2025-02-06,48,49,07:50-08:10,66.53508047619039
2025-02-06,56,57,09:10-09:30,43.351390952380825
2025-02-06,61,62,10:00-10:20,99.1764014285713
2025-02-06,85,86,14:00-14:20,59.104826666666895
2025-02-06,88,89,14:30-14:50,51.16878523809498
2025-02-06,104,104,17:10-17:20,13.298659999999877
2025-02-06,109,109,18:00-18:10,1.4522680952380824
2025-02-06,114,115,18:50-19:10,45.793041428571314
2025-02-06,119,124,19:40-20:40,63.87047333333328
2025-02-07,35,35,05:40-05:50,13.140765714285862
2025-02-07,38,41,06:10-06:50,21.434197619047495
2025-02-07,47,51,07:40-08:30,138.7406090476191
2025-02-07,54,54,08:50-09:00,12.447715714285664
2025-02-07,57,57,09:20-09:30,0.40893571428557607
2025-02-07,99,99,16:20-16:30,16.18863095238069
2025-02-07,108,108,17:50-18:00,39.51849333333337
2025-02-07,111,113,18:20-18:50,54.50358333333344
2025-02-07,115,115,19:00-19:10,0.6643942857143657
2025-02-07,118,119,19:30-19:50,38.183623333333344
2025-02-07,123,125,20:20-20:50,31.68345333333332
2025-02-08,35,36,05:40-06:00,5.965389999999786
2025-02-08,38,39,06:10-06:30,34.906795238095356
2025-02-08,42,44,06:50-07:20,114.99798714285726
2025-02-08,97,98,16:00-16:20,19.449724642857063
2025-02-08,101,101,16:40-16:50,20.296910714285872
2025-02-08,105,105,17:20-17:30,1.545950715755339
2025-02-08,108,108,17:50-18:00,10.220852380952351
2025-02-08,112,115,18:30-19:10,70.79132333333308
2025-02-08,118,119,19:30-19:50,26.49862999999999
2025-02-08,121,124,20:00-20:40,56.693016666666665
2025-02-09,25,25,04:00-04:10,12.35662083333284
2025-02-09,28,29,04:30-04:50,19.276168015872713
2025-02-09,37,37,06:00-06:10,0.6460990476190318
2025-02-09,50,51,08:10-08:30,29.005242380952154
2025-02-09,54,56,08:50-09:20,69.60572380952374
2025-02-09,59,61,09:40-10:10,38.852244761904785
2025-02-09,64,66,10:30-11:00,113.04963190476235
2025-02-09,78,79,12:50-13:10,48.23439285714312
2025-02-09,83,84,13:40-14:00,45.00560190476199
2025-02-09,87,87,14:20-14:30,7.698737619047392
2025-02-09,108,109,17:50-18:10,29.396872857142966
2025-02-09,115,116,19:00-19:20,39.504469999999856
2025-02-09,118,119,19:30-19:50,10.320283333333464
2025-02-09,121,121,20:00-20:10,2.4824466666667604
2025-02-09,124,125,20:30-20:50,11.678166666666584
2025-02-10,15,15,02:20-02:30,0.9633060317459012
2025-02-10,35,35,05:40-05:50,3.4618585714283654
2025-02-10,49,50,08:00-08:20,28.376063809524
2025-02-10,60,61,09:50-10:10,68.32825571428543
2025-02-10,64,64,10:30-10:40,54.684433333333345
2025-02-10,83,85,13:40-14:10,66.99851333333311
2025-02-10,88,89,14:30-14:50,27.24747761904746
2025-02-10,108,108,17:50-18:00,16.739206190476125
2025-02-10,112,114,18:30-19:00,58.1465500000002
2025-02-10,117,118,19:20-19:40,42.70378999999991
2025-02-10,121,125,20:00-20:50,25.8421133333336
2025-02-10,129,129,21:20-21:30,8.318499999999858
2025-02-11,37,37,06:00-06:10,47.352705714285776
2025-02-11,49,50,08:00-08:20,35.45332047619047
2025-02-11,53,55,08:40-09:10,57.21812285714236
2025-02-11,62,63,10:10-10:30,36.44598000000019
2025-02-11,85,86,14:00-14:20,86.36592142857126
2025-02-11,88,89,14:30-14:50,17.40013952380957
2025-02-11,108,111,17:50-18:30,16.66961509896018
2025-02-11,113,114,18:40-19:00,8.270576190476419
2025-02-11,117,118,19:20-19:40,27.901956666666592
2025-02-11,121,122,20:00-20:20,21.175073333333444
2025-02-11,125,126,20:40-21:00,21.752167833333374
2025-02-11,129,129,21:20-21:30,23.388839959758798
2025-02-12,4,4,00:30-00:40,5.158195000000205
2025-02-12,16,16,02:30-02:40,0.0797266666664882
2025-02-12,25,25,04:00-04:10,0.5907708333331811
2025-02-12,37,38,06:00-06:20,61.777377142857404
2025-02-12,42,42,06:50-07:00,13.285928571428613
2025-02-12,52,52,08:30-08:40,11.030541428571382
2025-02-12,55,56,09:00-09:20,71.07426666666686
2025-02-12,60,61,09:50-10:10,31.65654380952367
2025-02-12,63,64,10:20-10:40,31.381921904761953
2025-02-12,81,81,13:20-13:30,24.514503968254076
2025-02-12,85,86,14:00-14:20,84.59989190476176
2025-02-12,88,88,14:30-14:40,9.180939047618722
2025-02-12,94,94,15:30-15:40,48.97693488095274
2025-02-12,97,98,16:00-16:20,37.06190567460277
2025-02-12,101,101,16:40-16:50,1.5021846428572019
2025-02-12,105,105,17:20-17:30,1.5064621428573446
2025-02-12,108,110,17:50-18:20,48.75457095238081
2025-02-12,115,117,19:00-19:30,33.640000000000214
2025-02-12,119,120,19:40-20:00,29.940106666666566
2025-02-12,123,125,20:20-20:50,26.405846666666662
2025-02-12,129,129,21:20-21:30,17.56342000000018
2025-02-12,136,136,22:30-22:40,7.842249166666534
2025-02-12,139,139,23:00-23:10,10.001522619047591
2025-02-13,1,1,00:00-00:10,6.726136666666662
2025-02-13,4,4,00:30-00:40,10.005552500000249
2025-02-13,10,10,01:30-01:40,3.5799816666668676
2025-02-13,16,16,02:30-02:40,1.606038888888861
2025-02-13,19,20,03:00-03:20,70.37276250000002
2025-02-13,22,23,03:30-03:50,23.724076111111003
2025-02-13,26,26,04:10-04:20,1.8364900000001398
2025-02-13,30,30,04:50-05:00,22.300956666666593
2025-02-13,35,35,05:40-05:50,2.2555176190475095
2025-02-13,38,39,06:10-06:30,10.54748404761915
2025-02-13,54,55,08:50-09:10,12.86380999999983
2025-02-13,63,63,10:20-10:30,9.030909047618707
2025-02-13,84,84,13:50-14:00,17.21255761904797
2025-02-13,87,88,14:20-14:40,33.17023666666648
2025-02-13,107,107,17:40-17:50,4.306192857142755
2025-02-13,109,109,18:00-18:10,1.3626904761905507
2025-02-13,112,112,18:30-18:40,21.876946666666754
2025-02-13,115,116,19:00-19:20,50.61790619047633
2025-02-13,118,118,19:30-19:40,12.545619999999985
2025-02-13,122,123,20:10-20:30,19.703413333333174
2025-02-13,130,130,21:30-21:40,7.130333333333283
2025-02-13,140,140,23:10-23:20,0.9538965555557297
2025-02-14,1,1,00:00-00:10,8.997250000000008
2025-02-14,4,5,00:30-00:50,18.475749166666674
2025-02-14,9,9,01:20-01:30,8.651472909564347
2025-02-14,12,13,01:50-02:10,56.79667333333356
2025-02-14,16,16,02:30-02:40,1.8956966666666517
2025-02-14,19,22,03:00-03:40,28.146993333333228
2025-02-14,26,27,04:10-04:30,31.084081666666634
2025-02-14,33,35,05:20-05:50,51.57670111111095
2025-02-14,41,42,06:40-07:00,48.76367285714298
2025-02-14,45,45,07:20-07:30,15.752982857142854
2025-02-14,47,48,07:40-08:00,23.395823809523733
2025-02-14,50,51,08:10-08:30,49.15482380952392
2025-02-14,54,54,08:50-09:00,35.59109666666677
2025-02-14,58,58,09:30-09:40,6.358829523809732
2025-02-14,61,61,10:00-10:10,3.18430375000014
2025-02-14,64,64,10:30-10:40,21.932978531745675
2025-02-14,68,68,11:10-11:20,7.7040310119043625
2025-02-14,75,75,12:20-12:30,4.641530793650645
2025-02-14,96,97,15:50-16:10,50.784652619842035
2025-02-14,100,103,16:30-17:10,49.818410079364746
2025-02-14,106,107,17:30-17:50,28.82360904761893
2025-02-14,109,109,18:00-18:10,1.048783333333347
2025-02-14,112,112,18:30-18:40,11.217466666666667
2025-02-14,115,115,19:00-19:10,21.33257999999995
2025-02-14,118,119,19:30-19:50,43.64247000000012
2025-02-14,122,123,20:10-20:30,19.744223333333423
2025-02-14,126,128,20:50-21:20,2.3255066666666835
2025-02-14,133,133,22:00-22:10,4.350095833333398
2025-02-14,136,136,22:30-22:40,18.333809722221986
2025-02-14,139,140,23:00-23:20,20.842043999999987
2025-02-15,4,5,00:30-00:50,34.326047777777774
2025-02-15,9,9,01:20-01:30,4.295576666666591
2025-02-15,12,14,01:50-02:20,40.88816555555553
2025-02-15,16,16,02:30-02:40,6.129259999999988
2025-02-15,22,23,03:30-03:50,32.47273250000006
2025-02-15,29,30,04:40-05:00,12.821725238095155
2025-02-15,32,32,05:10-05:20,6.714523809523769
2025-02-15,35,36,05:40-06:00,51.076641428571634
2025-02-15,41,42,06:40-07:00,9.348137619047577
2025-02-15,44,45,07:10-07:30,50.795236666666426
2025-02-15,48,49,07:50-08:10,51.84554285714307
2025-02-15,52,52,08:30-08:40,0.7624273333332212
2025-02-15,56,56,09:10-09:20,7.039762698412687
2025-02-15,61,61,10:00-10:10,37.24445470238129
2025-02-15,67,68,11:00-11:20,15.410842738095425
2025-02-15,80,80,13:10-13:20,8.704215416666557
2025-02-15,95,96,15:40-16:00,32.97082238095223
2025-02-15,100,101,16:30-16:50,45.923994126983956
2025-02-15,104,105,17:10-17:30,17.765129047619197
2025-02-15,108,109,17:50-18:10,19.41090714285724
2025-02-15,112,113,18:30-18:50,28.807528571428577
2025-02-15,117,119,19:20-19:50,61.97992000000016
2025-02-15,122,123,20:10-20:30,4.17113333333333
2025-02-15,127,128,21:00-21:20,34.96265666666676
2025-02-15,134,135,22:10-22:30,9.798004722222174
2025-02-15,139,139,23:00-23:10,17.321874166666703
2025-02-16,4,4,00:30-00:40,20.158226944444436
2025-02-16,9,10,01:20-01:40,15.612399027777997
2025-02-16,15,16,02:20-02:40,28.01529000000005
2025-02-16,20,22,03:10-03:40,41.898905972222224
2025-02-16,25,26,04:00-04:20,27.090593888888748
2025-02-16,29,30,04:40-05:00,38.466888928571734
2025-02-16,33,33,05:20-05:30,34.53860444444422
2025-02-16,36,36,05:50-06:00,26.117986666666866
2025-02-16,39,39,06:20-06:30,18.505009999999857
2025-02-16,42,43,06:50-07:10,6.124300158730151
2025-02-16,46,46,07:30-07:40,28.119580476190947
2025-02-16,49,50,08:00-08:20,71.58929761904756
2025-02-16,54,54,08:50-09:00,15.083854761904945
2025-02-16,56,60,09:10-10:00,84.83649761904769
2025-02-16,62,63,10:10-10:30,38.84668904761918
2025-02-16,83,83,13:40-13:50,28.75305809523809
2025-02-16,88,89,14:30-14:50,76.3717257142855
2025-02-16,93,93,15:20-15:30,6.405808015872935
2025-02-16,96,98,15:50-16:20,56.40858843650841
2025-02-16,101,102,16:40-17:00,50.99397623809527
2025-02-16,105,107,17:20-17:50,35.905963253968466
2025-02-16,110,111,18:10-18:30,19.485664761904644
2025-02-16,113,115,18:40-19:10,45.12439666666654
2025-02-16,119,120,19:40-20:00,52.30962666666676
2025-02-16,123,124,20:20-20:40,4.192399999999793
2025-02-16,127,127,21:00-21:10,22.461884333333387
2025-02-16,130,131,21:30-21:50,23.830606666666426
2025-02-16,137,137,22:40-22:50,2.3067201388887497
2025-02-16,141,142,23:20-23:40,47.01715722222207
2025-02-17,4,4,00:30-00:40,7.622750833333157
2025-02-17,10,10,01:30-01:40,31.064922361110803
2025-02-17,13,14,02:00-02:20,15.924977499999727
2025-02-17,19,19,03:00-03:10,2.1872883333332993
2025-02-17,26,26,04:10-04:20,1.3707262499999615
2025-02-17,35,36,05:40-06:00,21.62717500000008
2025-02-17,40,41,06:30-06:50,26.353960460316454
2025-02-17,49,49,08:00-08:10,4.634009999999762
2025-02-17,53,54,08:40-09:00,54.12696333333349
2025-02-17,57,57,09:20-09:30,5.544391428571771
2025-02-17,59,61,09:40-10:10,69.01977285714258
2025-02-17,64,64,10:30-10:40,19.82725000000005
2025-02-17,85,87,14:00-14:30,94.94328307539683
2025-02-17,89,89,14:40-14:50,14.184058095238015
2025-02-17,102,103,16:50-17:10,16.62330952380934
2025-02-17,106,106,17:30-17:40,0.18099941308923917
2025-02-17,110,110,18:10-18:20,13.909552857142883
2025-02-17,112,113,18:30-18:50,39.29038809523814
2025-02-17,115,116,19:00-19:20,5.59842904761922
2025-02-17,120,122,19:50-20:20,40.271656666666786
2025-02-17,129,130,21:20-21:40,12.895620000000122
2025-02-17,134,134,22:10-22:20,0.39657583333337243
2025-02-17,138,139,22:50-23:10,13.908828888889275
2025-02-18,5,5,00:40-00:50,4.691961249999963
2025-02-18,8,9,01:10-01:30,10.466603055555879
2025-02-18,12,12,01:50-02:00,2.922410000000127
2025-02-18,15,16,02:20-02:40,22.143637083333147
2025-02-18,19,20,03:00-03:20,44.56723875000023
2025-02-18,23,24,03:40-04:00,37.317270777777935
2025-02-18,29,30,04:40-05:00,12.91297499999996
2025-02-18,35,36,05:40-06:00,16.965296190476238
2025-02-18,49,52,08:00-08:40,108.46407333333343
2025-02-18,55,56,09:00-09:20,35.12136238095286
2025-02-18,62,64,10:10-10:40,127.56935142857128
2025-02-18,78,78,12:50-13:00,27.367083333333312
2025-02-18,81,84,13:20-14:00,41.726562380952146
2025-02-18,89,90,14:40-15:00,36.64249388888936
2025-02-18,101,101,16:40-16:50,6.711650476190698
2025-02-18,105,105,17:20-17:30,12.838666666666768
2025-02-18,109,109,18:00-18:10,18.072309999999902
2025-02-18,112,112,18:30-18:40,26.05225666666695
2025-02-18,115,116,19:00-19:20,27.436871428571294
2025-02-18,119,121,19:40-20:10,40.900893333333215
2025-02-18,124,124,20:30-20:40,2.58901666666668
2025-02-18,127,127,21:00-21:10,15.956985666666696
2025-02-18,130,130,21:30-21:40,4.184493333333307
2025-02-18,133,133,22:00-22:10,11.844191666666802
2025-02-18,137,138,22:40-23:00,16.33215458333325
2025-02-18,141,141,23:20-23:30,13.058954444444453
2025-02-18,144,144,23:50-24:00,7.698660000000018
2025-02-19,4,5,00:30-00:50,12.8084720833333
2025-02-19,8,9,01:10-01:30,29.20959138888884
2025-02-19,11,12,01:40-02:00,39.92095708333329
2025-02-19,15,18,02:20-03:00,43.491768888889055
2025-02-19,21,21,03:20-03:30,20.7310955555555
2025-02-19,25,25,04:00-04:10,16.541613333333203
2025-02-19,28,30,04:30-05:00,64.01058720238088
2025-02-19,36,36,05:50-06:00,41.095400000000154
2025-02-19,38,39,06:10-06:30,54.88662571428563
2025-02-19,42,42,06:50-07:00,51.220206190476304
2025-02-19,46,46,07:30-07:40,4.746842222221915
2025-02-19,49,54,08:00-09:00,82.03790476190477
2025-02-19,59,60,09:40-10:00,53.76442047619071
2025-02-19,63,63,10:20-10:30,16.678059047618717
2025-02-19,81,81,13:20-13:30,20.96375000000012
2025-02-19,85,87,14:00-14:30,45.55829761904772
2025-02-19,90,90,14:50-15:00,9.534622857142722
2025-02-19,96,97,15:50-16:10,73.88496705952389
2025-02-19,100,101,16:30-16:50,36.88706756912353
2025-02-19,105,105,17:20-17:30,0.5845925259657179
2025-02-19,108,110,17:50-18:20,49.26628047619043
2025-02-19,114,117,18:50-19:30,18.32814952380977
2025-02-19,119,120,19:40-20:00,58.04315333333375
2025-02-19,123,125,20:20-20:50,23.20851999999968
2025-02-19,127,128,21:00-21:20,14.827626666666788
2025-02-19,131,131,21:40-21:50,7.38793999999973
2025-02-19,135,135,22:20-22:30,2.664411111110894
2025-02-19,141,142,23:20-23:40,67.48737611111096
2025-02-20,14,15,02:10-02:30,14.014799861110873
2025-02-20,22,23,03:30-03:50,84.35781150000014
2025-02-20,25,25,04:00-04:10,4.880423333333056
2025-02-20,29,29,04:40-04:50,12.760052619047656
2025-02-20,37,37,06:00-06:10,28.16591095238084
2025-02-20,40,41,06:30-06:50,40.330854107142734
2025-02-20,43,45,07:00-07:30,34.94628867857125
2025-02-20,47,48,07:40-08:00,11.272317142857162
2025-02-20,51,52,08:20-08:40,45.56158523809472
2025-02-20,55,57,09:00-09:30,45.770190476190464
2025-02-20,59,63,09:40-10:30,150.66174904761886
2025-02-20,72,72,11:50-12:00,14.679746825396478
2025-02-20,81,81,13:20-13:30,16.305642619047603
2025-02-20,84,84,13:50-14:00,12.573789047618448
2025-02-20,87,88,14:20-14:40,42.2779576190477
2025-02-20,103,104,17:00-17:20,27.514706904761915
2025-02-20,107,107,17:40-17:50,10.311916190476234
2025-02-20,110,111,18:10-18:30,47.11322333333351
2025-02-20,115,115,19:00-19:10,13.434133333333307
2025-02-20,118,118,19:30-19:40,11.285206666666681
2025-02-20,121,122,20:00-20:20,49.09482666666645
2025-02-20,125,127,20:40-21:10,41.20672111111105
2025-02-20,137,138,22:40-23:00,41.739507583333534
2025-02-20,144,144,23:50-24:00,23.932110000000193
2025-02-21,4,5,00:30-00:50,57.72916777777766
2025-02-21,8,9,01:10-01:30,33.98841666666664
2025-02-21,12,12,01:50-02:00,55.55370333333326
2025-02-21,15,15,02:20-02:30,6.838263333333259
2025-02-21,18,18,02:50-03:00,0.7673933333333025
2025-02-21,20,21,03:10-03:30,38.33551222222235
2025-02-21,23,24,03:40-04:00,26.80883799999998
2025-02-21,26,27,04:10-04:30,55.836022361111134
2025-02-21,30,30,04:50-05:00,41.02529999999979
2025-02-21,32,33,05:10-05:30,46.1961757142858
2025-02-21,39,41,06:20-06:50,35.71500095238105
2025-02-21,43,46,07:00-07:40,45.80858190476221
2025-02-21,49,51,08:00-08:30,33.613336190476446
2025-02-21,54,54,08:50-09:00,14.140719523809707
2025-02-21,59,59,09:40-09:50,3.688624845238337
2025-02-21,64,64,10:30-10:40,7.059945357143079
2025-02-21,76,76,12:30-12:40,47.123676845237924
2025-02-21,96,96,15:50-16:00,3.6471706349206556
2025-02-21,101,101,16:40-16:50,25.130849523809474
2025-02-21,105,107,17:20-17:50,66.41125833333348
2025-02-21,110,111,18:10-18:30,27.487086666666755
2025-02-21,114,114,18:50-19:00,48.393736190476034
2025-02-21,116,117,19:10-19:30,66.03302666666679
2025-02-21,121,122,20:00-20:20,20.266876666666747
2025-02-21,125,127,20:40-21:10,52.72721333333345
2025-02-21,131,132,21:40-22:00,29.844880833333207
2025-02-21,136,136,22:30-22:40,13.378983888888797
2025-02-21,139,139,23:00-23:10,3.6227366666664693
2025-02-21,142,143,23:30-23:50,38.60316550000016
2025-02-22,3,3,00:20-00:30,34.66916333333336
2025-02-22,6,6,00:50-01:00,3.143555555555565
2025-02-22,8,8,01:10-01:20,3.027460000000076
2025-02-22,11,12,01:40-02:00,52.56990333333346
2025-02-22,16,17,02:30-02:50,35.43509333333344
2025-02-22,19,21,03:00-03:30,35.28099999999995
2025-02-22,25,25,04:00-04:10,3.2982866666664563
2025-02-22,30,32,04:50-05:20,49.34116126984123
2025-02-22,35,36,05:40-06:00,44.13295904761918
2025-02-22,38,39,06:10-06:30,16.878100000000018
2025-02-22,42,42,06:50-07:00,28.070253809523706
2025-02-22,47,49,07:40-08:10,66.7165733333332
2025-02-22,53,56,08:40-09:20,61.438457523809234
2025-02-22,61,61,10:00-10:10,11.027165178571522
2025-02-22,69,69,11:20-11:30,77.81642261904767
2025-02-22,80,80,13:10-13:20,6.2658668253966425
2025-02-22,95,96,15:40-16:00,66.08662904761906
2025-02-22,99,100,16:20-16:40,53.895851190475895
2025-02-22,103,104,17:00-17:20,51.16688361904752
2025-02-22,106,107,17:30-17:50,52.63780714285721
2025-02-22,111,112,18:20-18:40,35.647080952380975
2025-02-22,115,116,19:00-19:20,46.56138000000004
2025-02-22,118,118,19:30-19:40,14.108503333333317
2025-02-22,121,121,20:00-20:10,8.639183333333335
2025-02-22,124,124,20:30-20:40,25.43652666666651
2025-02-22,128,131,21:10-21:50,78.95323481035743
2025-02-22,137,138,22:40-23:00,49.832838333333484
2025-02-22,141,142,23:20-23:40,8.350057444444474
2025-02-23,1,1,00:00-00:10,7.995696666666731
2025-02-23,7,9,01:00-01:30,60.05505727777768
2025-02-23,15,16,02:20-02:40,13.763022638888629
2025-02-23,19,20,03:00-03:20,57.828085972222425
2025-02-23,23,24,03:40-04:00,17.45642333333319
2025-02-23,26,28,04:10-04:40,44.04035912698407
2025-02-23,31,32,05:00-05:20,88.97596095238082
2025-02-23,36,37,05:50-06:10,36.719842857142794
2025-02-23,40,41,06:30-06:50,31.25952571428585
2025-02-23,45,46,07:20-07:40,72.6399468214288
2025-02-23,49,49,08:00-08:10,49.648930000000064
2025-02-23,52,52,08:30-08:40,8.141259999999761
2025-02-23,55,61,09:00-10:10,202.48873666666645
2025-02-23,67,67,11:00-11:10,5.338572095238078
2025-02-23,73,73,12:00-12:10,18.03366259523864
2025-02-23,82,84,13:30-14:00,84.09849885714334
2025-02-23,88,90,14:30-15:00,57.33775277777795
2025-02-23,92,93,15:10-15:30,39.38534571428545
2025-02-23,97,98,16:00-16:20,57.994560746031595
2025-02-23,100,102,16:30-17:00,99.98834163492108
2025-02-23,105,105,17:20-17:30,10.16178809523817
2025-02-23,108,109,17:50-18:10,22.85798809523817
2025-02-23,113,114,18:40-19:00,8.701789999999733
2025-02-23,116,117,19:10-19:30,60.68040000000019
2025-02-23,120,121,19:50-20:10,15.446483333333276
2025-02-23,124,125,20:30-20:50,389.8347956258769
2025-02-23,127,131,21:00-21:50,137.01957885222197
2025-02-23,134,134,22:10-22:20,10.317598000000203
2025-02-23,138,138,22:50-23:00,33.07234333333372
2025-02-23,141,141,23:20-23:30,20.384124444444296
2025-02-24,3,4,00:20-00:40,51.88462158333323
2025-02-24,7,8,01:00-01:20,47.8704509444442
2025-02-24,13,13,02:00-02:10,6.720418333333214
2025-02-24,16,17,02:30-02:50,22.199435083333356
2025-02-24,19,19,03:00-03:10,31.178468666666618
2025-02-24,22,23,03:30-03:50,13.962712833333399
2025-02-24,25,25,04:00-04:10,1.084726499999988
2025-02-24,29,30,04:40-05:00,32.18572023809563
2025-02-24,34,34,05:30-05:40,0.07643785714276419
2025-02-24,36,37,05:50-06:10,46.73652428571404
2025-02-24,40,41,06:30-06:50,62.88918251984127
2025-02-24,45,46,07:20-07:40,29.419958809523507
2025-02-24,49,50,08:00-08:20,46.90919190476211
2025-02-24,52,52,08:30-08:40,1.4648299999998926
2025-02-24,55,56,09:00-09:20,29.86010666666698
2025-02-24,59,60,09:40-10:00,105.10182904761928
2025-02-24,66,66,10:50-11:00,8.393726428571654
2025-02-24,85,86,14:00-14:20,39.02819904761884
2025-02-24,88,89,14:30-14:50,20.540223333333415
2025-02-24,94,95,15:30-15:50,40.74282027826763
2025-02-24,97,98,16:00-16:20,13.274352857143015
2025-02-24,100,101,16:30-16:50,28.86046999999968
2025-02-24,104,105,17:10-17:30,26.160412380952174
2025-02-24,109,109,18:00-18:10,1.1918133333332683
2025-02-24,112,112,18:30-18:40,25.081139999999984
2025-02-24,118,119,19:30-19:50,14.648069999999962
2025-02-24,121,123,20:00-20:30,51.79733333333377
2025-02-24,125,126,20:40-21:00,47.16753114995074
2025-02-24,129,131,21:20-21:50,72.31809494999982
2025-02-24,133,133,22:00-22:10,1.2490809999999328
2025-02-24,137,137,22:40-22:50,7.578445000000102
2025-02-24,140,141,23:10-23:30,8.693244222221892
2025-02-24,144,144,23:50-24:00,5.112473333333583
2025-02-25,1,1,00:00-00:10,1.593410666666614
2025-02-25,4,5,00:30-00:50,50.16490791666661
2025-02-25,7,7,01:00-01:10,18.073906666666517
2025-02-25,10,10,01:30-01:40,8.738563333333445
2025-02-25,13,14,02:00-02:20,78.33855499999993
2025-02-25,16,19,02:30-03:10,44.95814508333331
2025-02-25,25,25,04:00-04:10,24.048503166666706
2025-02-25,29,31,04:40-05:10,37.30435021428581
2025-02-25,34,35,05:30-05:50,69.7744423809527
2025-02-25,38,39,06:10-06:30,37.55251476190472
2025-02-25,42,43,06:50-07:10,54.39128809523851
2025-02-25,47,47,07:40-07:50,2.7475304761906614
2025-02-25,50,51,08:10-08:30,25.41594761904787
2025-02-25,57,58,09:20-09:40,54.95738619047586
2025-02-25,86,86,14:10-14:20,36.050674285714535
2025-02-25,89,89,14:40-14:50,0.7212223809523266
2025-02-25,102,102,16:50-17:00,5.013226190476445
2025-02-25,107,107,17:40-17:50,5.717681428571382
2025-02-25,109,110,18:00-18:20,17.005635714285713
2025-02-25,113,114,18:40-19:00,78.94966333333355
2025-02-25,117,118,19:20-19:40,13.412968095238057
2025-02-25,121,121,20:00-20:10,20.830926666666528
2025-02-25,124,125,20:30-20:50,35.90035333333333
2025-02-25,127,128,21:00-21:20,30.576949999999897
2025-02-25,132,133,21:50-22:10,15.434137333333183
2025-02-25,136,136,22:30-22:40,5.651159166666275
2025-02-25,139,141,23:00-23:30,41.61089933333278
2025-02-26,4,4,00:30-00:40,11.260094916666958
2025-02-26,7,10,01:00-01:40,44.88618266666674
2025-02-26,13,14,02:00-02:20,49.8690753333334
2025-02-26,16,16,02:30-02:40,3.1983966666665538
2025-02-26,19,20,03:00-03:20,55.879421666666644
2025-02-26,25,27,04:00-04:30,33.263386000000196
2025-02-26,30,31,04:50-05:10,36.77625172619082
2025-02-26,35,36,05:40-06:00,20.86891666666658
2025-02-26,38,39,06:10-06:30,21.559033333333332
2025-02-26,42,42,06:50-07:00,5.864170952381102
2025-02-26,45,46,07:20-07:40,35.133554507936196
2025-02-26,51,54,08:20-09:00,87.54268809523808
2025-02-26,58,58,09:30-09:40,5.91126666666662
2025-02-26,66,66,10:50-11:00,35.09715595238117
2025-02-26,83,85,13:40-14:10,25.916597142857086
2025-02-26,88,89,14:30-14:50,100.7769976190475
2025-02-26,92,93,15:10-15:30,20.123361904761623
2025-02-26,95,96,15:40-16:00,64.57304388888872
2025-02-26,101,103,16:40-17:10,43.50551242857166
2025-02-26,106,107,17:30-17:50,42.63645104761928
2025-02-26,110,111,18:10-18:30,55.57367916666669
2025-02-26,114,114,18:50-19:00,60.24740047619059
2025-02-26,118,119,19:30-19:50,57.7182499999999
2025-02-26,124,125,20:30-20:50,377.50791439648816
2025-02-26,129,130,21:20-21:40,15.041153333333455
2025-02-26,134,135,22:10-22:30,38.401201222222085
2025-02-26,139,141,23:00-23:30,12.555241888889213
2025-02-26,144,144,23:50-24:00,8.453496666666524
2025-02-27,4,5,00:30-00:50,40.94528124999988
2025-02-27,7,8,01:00-01:20,20.231243333333282
2025-02-27,11,11,01:40-01:50,4.461627500000077
2025-02-27,14,15,02:10-02:30,43.84432016666676
2025-02-27,20,21,03:10-03:30,34.191947750000054
2025-02-27,25,26,04:00-04:20,47.1357743333333
2025-02-27,29,30,04:40-05:00,32.94065395238099
2025-02-27,33,33,05:20-05:30,7.248392142857028
2025-02-27,36,37,05:50-06:10,19.46785142857152
2025-02-27,40,40,06:30-06:40,21.819675714285893
2025-02-27,43,44,07:00-07:20,23.741739142857142
2025-02-27,46,46,07:30-07:40,24.608782285713858
2025-02-27,49,50,08:00-08:20,43.50704809523802
2025-02-27,53,55,08:40-09:10,115.58011333333354
2025-02-27,58,59,09:30-09:50,24.370549047618965
2025-02-27,79,80,13:00-13:20,11.660681059523085
2025-02-27,84,87,13:50-14:30,47.84811000000002
2025-02-27,92,93,15:10-15:30,61.962879654761764
2025-02-27,99,99,16:20-16:30,13.037559523809534
2025-02-27,105,106,17:20-17:40,5.613660617282834
2025-02-27,109,111,18:00-18:30,35.072666666666485
2025-02-27,115,116,19:00-19:20,13.78828476190506
2025-02-27,119,120,19:40-20:00,12.730470000000082
2025-02-27,124,125,20:30-20:50,10.077439999999683
2025-02-27,127,129,21:00-21:30,31.76566666666679
2025-02-27,133,133,22:00-22:10,2.9513173333334635
2025-02-27,136,137,22:30-22:50,2.784353166666733
2025-02-27,142,142,23:30-23:40,4.710088333333033
2025-02-28,2,3,00:10-00:30,29.50637666666654
2025-02-28,6,7,00:50-01:10,30.488843333333307
2025-02-28,10,10,01:30-01:40,8.710569999999962
2025-02-28,14,15,02:10-02:30,45.29871349999996
2025-02-28,19,20,03:00-03:20,62.50419999999997
2025-02-28,23,24,03:40-04:00,37.504774166666834
2025-02-28,28,29,04:30-04:50,44.04883714285717
2025-02-28,34,35,05:30-05:50,10.565416440476156
2025-02-28,38,38,06:10-06:20,3.920764285714313
2025-02-28,42,46,06:50-07:40,81.41639333333336
2025-02-28,48,50,07:50-08:20,118.89202451190448
2025-02-28,52,53,08:30-08:50,39.61544595238104
2025-02-28,55,55,09:00-09:10,22.422038714285577
2025-02-28,63,63,10:20-10:30,56.24388309523806
2025-02-28,66,66,10:50-11:00,11.27491833333329
2025-02-28,68,69,11:10-11:30,78.45694791666597
2025-02-28,76,76,12:30-12:40,28.98498799999993
2025-02-28,97,101,16:00-16:50,91.49731074808778
2025-02-28,104,105,17:10-17:30,29.747382380952228
2025-02-28,107,108,17:40-18:00,35.849056190476176
2025-02-28,111,111,18:20-18:30,42.29388619047609
2025-02-28,115,117,19:00-19:30,47.62433333333331
2025-02-28,120,120,19:50-20:00,21.838163333333398
2025-02-28,122,123,20:10-20:30,41.51958333333346
2025-02-28,126,127,20:50-21:10,50.465163333333294
2025-02-28,130,131,21:30-21:50,65.6041432500001
2025-02-28,137,139,22:40-23:10,42.31679391666671
2025-02-28,144,144,23:50-24:00,23.334826666666686
2025-03-01,1,1,00:00-00:10,20.76067333333333
2025-03-01,4,5,00:30-00:50,25.43329333333338
2025-03-01,8,9,01:10-01:30,50.72687500000001
2025-03-01,14,15,02:10-02:30,11.853356666666684
2025-03-01,20,21,03:10-03:30,51.2925544166668
2025-03-01,23,25,03:40-04:10,41.21060750000004
2025-03-01,28,29,04:30-04:50,31.52587014285706
2025-03-01,33,35,05:20-05:50,55.53967544047612
2025-03-01,37,37,06:00-06:10,11.926587619047496
2025-03-01,40,40,06:30-06:40,40.40014476190464
2025-03-01,43,48,07:00-08:00,104.32607142857125
2025-03-01,50,54,08:10-09:00,193.0554890357147
2025-03-01,57,57,09:20-09:30,25.949203571428598
2025-03-01,60,60,09:50-10:00,26.670836904762155
2025-03-01,64,64,10:30-10:40,14.04133821428536
2025-03-01,75,75,12:20-12:30,10.573071904761946
2025-03-01,95,95,15:40-15:50,44.56922238095228
2025-03-01,97,98,16:00-16:20,23.638045714285795
2025-03-01,101,103,16:40-17:10,62.009856190476256
2025-03-01,106,106,17:30-17:40,12.472558000000024
2025-03-01,109,111,18:00-18:30,79.38066666666674
2025-03-01,114,116,18:50-19:20,48.66582761904755
2025-03-01,119,119,19:40-19:50,0.14432999999991125
2025-03-01,122,123,20:10-20:30,26.02330999999998
2025-03-01,125,129,20:40-21:30,304.81025202476314
2025-03-01,131,132,21:40-22:00,16.450846666666735
2025-03-01,135,135,22:20-22:30,1.3216899999999896
2025-03-01,139,140,23:00-23:20,17.569049916666927
2025-03-02,2,3,00:10-00:30,23.43908866666675
2025-03-02,6,9,00:50-01:30,24.594217333333518
2025-03-02,12,12,01:50-02:00,14.947636666666426
2025-03-02,14,16,02:10-02:40,64.86914266666622
2025-03-02,19,19,03:00-03:10,5.156584999999723
2025-03-02,23,25,03:40-04:10,46.28035983333314
2025-03-02,29,30,04:40-05:00,13.073018333333556
2025-03-02,32,33,05:10-05:30,45.10043533333348
2025-03-02,37,38,06:00-06:20,4.291428095238075
2025-03-02,41,44,06:40-07:20,92.59443050000007
2025-03-02,47,48,07:40-08:00,66.16996809523806
2025-03-02,50,51,08:10-08:30,49.48482380952419
2025-03-02,53,55,08:40-09:10,39.97245095238077
2025-03-02,58,60,09:30-10:00,71.58072619047618
2025-03-02,62,64,10:10-10:40,45.78663952380941
2025-03-02,67,67,11:00-11:10,24.053829440476193
2025-03-02,71,72,11:40-12:00,47.261818857142885
2025-03-02,75,77,12:20-12:50,54.164658952380364
2025-03-02,80,81,13:10-13:30,20.52581666666697
2025-03-02,85,87,14:00-14:30,68.6541904761907
2025-03-02,94,95,15:30-15:50,12.393173333333266
2025-03-02,100,100,16:30-16:40,26.347227142857093
2025-03-02,103,104,17:00-17:20,41.373548190476384
2025-03-02,106,107,17:30-17:50,40.37697276190465
2025-03-02,113,114,18:40-19:00,33.582497619047444
2025-03-02,116,130,19:10-21:40,4987.6505895251585
2025-03-02,133,134,22:00-22:20,22.11744433333297
2025-03-02,139,139,23:00-23:10,24.125339666666378
2025-03-02,142,142,23:30-23:40,18.657821666666678
2025-03-03,1,1,00:00-00:10,5.899443333333238
2025-03-03,4,4,00:30-00:40,27.748436666666635
2025-03-03,7,8,01:00-01:20,58.85526733333347
2025-03-03,10,11,01:30-01:50,40.75945266666656
2025-03-03,16,17,02:30-02:50,45.640427333333264
2025-03-03,19,21,03:00-03:30,50.55463308333299
2025-03-03,25,25,04:00-04:10,0.9652503333336426
2025-03-03,28,30,04:30-05:00,68.09643295238108
2025-03-03,32,33,05:10-05:30,39.088095523809415
2025-03-03,35,37,05:40-06:10,58.81834147619031
2025-03-03,43,44,07:00-07:20,107.92012433333358
2025-03-03,47,50,07:40-08:20,32.192387142857
2025-03-03,52,54,08:30-09:00,54.18996428571438
2025-03-03,56,64,09:10-10:40,408.72820256118297
2025-03-03,75,75,12:20-12:30,3.0862366666672187
2025-03-03,82,83,13:30-13:50,27.575742190476603
2025-03-03,85,87,14:00-14:30,102.11940476190466
2025-03-03,91,92,15:00-15:20,30.433596619047535
2025-03-03,96,97,15:50-16:10,43.53502571428578
2025-03-03,103,103,17:00-17:10,23.975681523809385
2025-03-03,106,107,17:30-17:50,20.640569380952726
2025-03-03,110,111,18:10-18:30,48.79407333333313
2025-03-03,114,115,18:50-19:10,33.59562380952377
2025-03-03,118,131,19:30-21:50,4125.1185298692
2025-03-03,134,134,22:10-22:20,9.722048000000086
2025-03-03,141,143,23:20-23:50,27.826548666666895
2025-03-04,2,3,00:10-00:30,17.727451999999744
2025-03-04,6,7,00:50-01:10,10.712923333333379
2025-03-04,10,12,01:30-02:00,70.25716999999997
2025-03-04,16,18,02:30-03:00,46.59134399999971
2025-03-04,20,21,03:10-03:30,43.57179108333332
2025-03-04,24,25,03:50-04:10,68.32210333333364
2025-03-04,28,29,04:30-04:50,29.726115809523762
2025-03-04,32,34,05:10-05:40,69.27325704761905
2025-03-04,37,38,06:00-06:20,19.3127290476192
2025-03-04,41,50,06:40-08:20,199.32714872619005
2025-03-04,53,54,08:40-09:00,15.856740000000059
2025-03-04,58,59,09:30-09:50,36.6853828571426
2025-03-04,63,63,10:20-10:30,35.31499999999983
2025-03-04,66,66,10:50-11:00,2.2393326190481275
2025-03-04,73,73,12:00-12:10,20.61552909523789
2025-03-04,85,86,14:00-14:20,43.603971904761465
2025-03-04,88,88,14:30-14:40,7.177313333332904
2025-03-04,93,95,15:20-15:50,65.50877452380985
2025-03-04,97,97,16:00-16:10,9.238620952381154
2025-03-04,101,104,16:40-17:20,56.48952633333357
2025-03-04,108,111,17:50-18:30,28.39928000000009
2025-03-04,113,115,18:40-19:10,12.781376666666688
2025-03-04,117,118,19:20-19:40,27.916241904761932
2025-03-04,121,126,20:00-21:00,818.9931574711927
2025-03-04,128,131,21:10-21:50,70.84950333333347
2025-03-04,134,135,22:10-22:30,34.85067599999991
2025-03-04,138,139,22:50-23:10,49.754646333333085
2025-03-04,142,143,23:30-23:50,13.474831999999878
2025-03-05,4,6,00:30-01:00,36.13542400000006
2025-03-05,9,9,01:20-01:30,16.802239999999756
2025-03-05,12,12,01:50-02:00,7.776666666666642
2025-03-05,16,17,02:30-02:50,62.095900666666466
2025-03-05,19,20,03:00-03:20,35.63074533333338
2025-03-05,23,26,03:40-04:20,45.164218142857
2025-03-05,30,32,04:50-05:20,76.02909509523778
2025-03-05,35,36,05:40-06:00,26.844506190476295
2025-03-05,41,45,06:40-07:30,113.61051976190436
2025-03-05,50,50,08:10-08:20,2.69150476190498
2025-03-05,54,55,08:50-09:10,39.15065714285697
2025-03-05,58,58,09:30-09:40,8.0243857142857
2025-03-05,60,61,09:50-10:10,32.405408142857596
2025-03-05,73,73,12:00-12:10,63.10809619047609
2025-03-05,81,81,13:20-13:30,35.10944809523835
2025-03-05,89,90,14:40-15:00,57.8229238095239
2025-03-05,106,106,17:30-17:40,21.871090705466685
2025-03-05,109,110,18:00-18:20,43.21893528571438
2025-03-05,112,112,18:30-18:40,19.759184285714575
2025-03-05,115,115,19:00-19:10,28.64467333333323
2025-03-05,118,119,19:30-19:50,49.54897333333349
2025-03-05,121,121,20:00-20:10,4.791763333333392
2025-03-05,124,124,20:30-20:40,17.339626666666845
2025-03-05,127,128,21:00-21:20,23.66148600000008
2025-03-05,133,134,22:00-22:20,20.94662900000003
2025-03-05,136,136,22:30-22:40,12.115069166666899
2025-03-05,139,139,23:00-23:10,0.5016393333332871
2025-03-05,143,144,23:40-24:00,30.645033666666677
2025-03-06,3,3,00:20-00:30,25.251799999999776
2025-03-06,6,8,00:50-01:20,17.19900900000016
2025-03-06,11,13,01:40-02:10,42.937830333333295
2025-03-06,16,16,02:30-02:40,65.24549400000001
2025-03-06,19,22,03:00-03:40,40.89732933333346
2025-03-06,25,26,04:00-04:20,47.96120685714285
2025-03-06,28,30,04:30-05:00,35.79809961904778
2025-03-06,32,34,05:10-05:40,63.64765038095242
2025-03-06,38,39,06:10-06:30,45.64154523809515
2025-03-06,41,42,06:40-07:00,89.89968947619022
2025-03-06,47,47,07:40-07:50,38.687409190476046
2025-03-06,50,51,08:10-08:30,64.4943123809519
2025-03-06,53,54,08:40-09:00,69.38280476190494
2025-03-06,57,57,09:20-09:30,61.043006190476035
2025-03-06,64,64,10:30-10:40,21.822766619048025
2025-03-06,82,83,13:30-13:50,23.438224761904507
2025-03-06,86,87,14:10-14:30,64.00713999999994
2025-03-06,94,95,15:30-15:50,6.887323123809438
2025-03-06,97,97,16:00-16:10,4.964592380952297
2025-03-06,100,101,16:30-16:50,6.5959119047621755
2025-03-06,104,106,17:10-17:40,82.23497685714294
2025-03-06,112,113,18:30-18:50,34.02186000000011
2025-03-06,117,118,19:20-19:40,48.29403285714284
2025-03-06,121,122,20:00-20:20,17.512973333333548
2025-03-06,124,126,20:30-21:00,30.086333333333414
2025-03-06,132,134,21:50-22:20,18.401441666666642
2025-03-06,137,138,22:40-23:00,4.968545333332713
2025-03-06,144,144,23:50-24:00,10.62272999999982
2025-03-07,1,1,00:00-00:10,22.887146666666695
2025-03-07,4,7,00:30-01:10,39.86595999999997
2025-03-07,11,12,01:40-02:00,18.756783333333374
2025-03-07,16,23,02:30-03:50,106.43471833333308
2025-03-07,26,27,04:10-04:30,30.27818933333338
2025-03-07,30,31,04:50-05:10,24.09249285714276
2025-03-07,35,36,05:40-06:00,55.52510999999993
2025-03-07,39,39,06:20-06:30,27.33041952380961
2025-03-07,42,42,06:50-07:00,16.78004809523793
2025-03-07,45,45,07:20-07:30,1.5406900000000974
2025-03-07,48,51,07:50-08:30,102.4908618571427
2025-03-07,57,57,09:20-09:30,39.3763011904764
2025-03-07,67,67,11:00-11:10,9.433421904761644
2025-03-07,72,72,11:50-12:00,36.192512619047875
2025-03-07,95,95,15:40-15:50,7.275451428571387
2025-03-07,101,103,16:40-17:10,84.32781428571408
2025-03-07,106,107,17:30-17:50,37.87295433333335
2025-03-07,109,110,18:00-18:20,23.151603333333412
2025-03-07,112,113,18:30-18:50,30.119989999999916
2025-03-07,115,115,19:00-19:10,18.15925952380951
2025-03-07,118,118,19:30-19:40,25.786934285714153
2025-03-07,121,122,20:00-20:20,20.68504333333317
2025-03-07,125,126,20:40-21:00,51.02740837457469
2025-03-07,130,131,21:30-21:50,33.950283333333346
2025-03-07,134,135,22:10-22:30,21.780383333333248
2025-03-07,140,141,23:10-23:30,16.203665666666666
2025-03-07,144,144,23:50-24:00,6.7453166666666675
2025-03-08,1,2,00:00-00:20,12.624783333333255
2025-03-08,5,6,00:40-01:00,23.09169999999989
2025-03-08,8,9,01:10-01:30,18.914685333333466
2025-03-08,11,12,01:40-02:00,42.21389333333332
2025-03-08,16,17,02:30-02:50,48.376894333333325
2025-03-08,20,21,03:10-03:30,20.398703333333287
2025-03-08,24,24,03:50-04:00,5.9638799999999605
2025-03-08,26,28,04:10-04:40,11.99620999999997
2025-03-08,31,31,05:00-05:10,14.320587190476203
2025-03-08,34,34,05:30-05:40,12.259413904761743
2025-03-08,37,41,06:00-06:50,51.696114285714316
2025-03-08,44,45,07:10-07:30,2.7937199999999507
2025-03-08,49,49,08:00-08:10,10.618667761904362
2025-03-08,52,52,08:30-08:40,14.228938380952059
2025-03-08,56,57,09:10-09:30,21.24444257142852
2025-03-08,97,100,16:00-16:40,60.19728714285708
2025-03-08,104,104,17:10-17:20,0.96558911428572
2025-03-08,107,108,17:40-18:00,45.77521999999993
2025-03-08,111,112,18:20-18:40,27.27805380952384
2025-03-08,116,117,19:10-19:30,10.332234285714321
2025-03-08,120,121,19:50-20:10,23.165226666666626
2025-03-08,125,125,20:40-20:50,10.457836666666708
2025-03-08,129,130,21:20-21:40,29.84619666666663
2025-03-08,133,133,22:00-22:10,22.266250666666792
2025-03-08,136,136,22:30-22:40,25.401416333333145
2025-03-08,139,139,23:00-23:10,2.4409706666665443
2025-03-09,3,6,00:20-01:00,39.42534433333367
2025-03-09,8,9,01:10-01:30,25.808078666666802
2025-03-09,12,13,01:50-02:10,32.38634999999999
2025-03-09,17,19,02:40-03:10,52.5063223333334
2025-03-09,21,21,03:20-03:30,1.1919366666667202
2025-03-09,23,24,03:40-04:00,23.573149999999714
2025-03-09,27,30,04:20-05:00,54.85706414285687
2025-03-09,33,35,05:20-05:50,19.523065857142882
2025-03-09,38,39,06:10-06:30,18.80135047619035
2025-03-09,42,43,06:50-07:10,35.87237619047639
2025-03-09,46,48,07:30-08:00,100.46019966666654
2025-03-09,55,56,09:00-09:20,36.95410095238071
2025-03-09,58,60,09:30-10:00,73.83011904761929
2025-03-09,84,85,13:50-14:10,14.745278571428457
2025-03-09,88,89,14:30-14:50,55.014695714285494
2025-03-09,99,99,16:20-16:30,1.8982261904762368
2025-03-09,102,102,16:50-17:00,2.769702380952282
2025-03-09,108,108,17:50-18:00,9.784780000000069
2025-03-09,111,112,18:20-18:40,65.14372380952408
2025-03-09,118,118,19:30-19:40,11.198453333333077
2025-03-09,121,122,20:00-20:20,68.15131333333318
2025-03-09,125,126,20:40-21:00,51.638721766244885
2025-03-09,129,131,21:20-21:50,18.989290000000096
2025-03-10,1,1,00:00-00:10,19.63898000000006
2025-03-10,4,6,00:30-01:00,51.40915499999994
2025-03-10,10,10,01:30-01:40,24.413356333333127
2025-03-10,13,14,02:00-02:20,30.010310000000118
2025-03-10,20,21,03:10-03:30,67.2892940000005
2025-03-10,24,27,03:50-04:30,43.96003233333329
2025-03-10,29,30,04:40-05:00,22.447911666666762
2025-03-10,33,33,05:20-05:30,16.237805238095234
2025-03-10,36,37,05:50-06:10,25.98832095238106
2025-03-10,41,42,06:40-07:00,80.12251614285725
2025-03-10,44,45,07:10-07:30,119.84395028571396
2025-03-10,48,48,07:50-08:00,76.24064999999996
2025-03-10,51,53,08:20-08:50,76.12675809523819
2025-03-10,55,55,09:00-09:10,14.055400952380865
2025-03-10,58,59,09:30-09:50,43.315762380952606
2025-03-10,65,66,10:40-11:00,78.84055128571458
2025-03-10,72,72,11:50-12:00,53.60924357142926
2025-03-10,84,85,13:50-14:10,17.51474095238075
2025-03-10,88,90,14:30-15:00,96.2291511904757
2025-03-10,99,102,16:20-17:00,101.31787923809563
2025-03-10,107,108,17:40-18:00,23.2427199999999
2025-03-10,110,111,18:10-18:30,37.457638571428674
2025-03-10,114,115,18:50-19:10,21.127752857142696
2025-03-10,117,119,19:20-19:50,48.79407333333336
2025-03-10,122,125,20:10-20:50,1499.731305536987
2025-03-10,127,129,21:00-21:30,34.53489393999955
2025-03-10,132,132,21:50-22:00,22.109346666666852
2025-03-10,135,135,22:20-22:30,29.517419999999902
2025-03-10,144,144,23:50-24:00,27.167626666666592
2025-03-11,1,1,00:00-00:10,7.221973333333381
2025-03-11,4,4,00:30-00:40,8.829423333333239
2025-03-11,7,8,01:00-01:20,61.87706233333358
2025-03-11,11,11,01:40-01:50,2.5842380000001413
2025-03-11,14,14,02:10-02:20,4.592260000000124
2025-03-11,17,18,02:40-03:00,44.946352333333266
2025-03-11,22,23,03:30-03:50,36.19067333333339
2025-03-11,25,26,04:00-04:20,77.02868809523807
2025-03-11,29,30,04:40-05:00,61.109294999999975
2025-03-11,33,33,05:20-05:30,17.368013333333238
2025-03-11,39,40,06:20-06:40,25.812794285714176
2025-03-11,43,44,07:00-07:20,34.96335819047641
2025-03-11,48,49,07:50-08:10,16.1841185714286
2025-03-11,52,53,08:30-08:50,58.04872761904778
2025-03-11,60,62,09:50-10:20,199.21824314285618
2025-03-11,85,86,14:00-14:20,52.472582857142584
2025-03-11,88,89,14:30-14:50,78.04372095238091
2025-03-11,92,93,15:10-15:30,44.19068238095235
2025-03-11,96,97,15:50-16:10,30.988875714285882
2025-03-11,101,102,16:40-17:00,31.61634999999984
2025-03-11,105,107,17:20-17:50,13.061153857143237
2025-03-11,109,110,18:00-18:20,32.49100000000023
2025-03-11,114,114,18:50-19:00,9.545336666666572
2025-03-11,116,117,19:10-19:30,55.272986666666725
2025-03-11,120,121,19:50-20:10,16.13683666666668
2025-03-11,124,125,20:30-20:50,252.15625453650642
2025-03-11,127,130,21:00-21:40,73.15160783333351
2025-03-11,132,133,21:50-22:10,10.091520000000173
2025-03-11,136,136,22:30-22:40,26.08491799999979
2025-03-11,139,139,23:00-23:10,10.170700666666562
2025-03-11,143,144,23:40-24:00,15.516610333332892
2025-03-12,2,3,00:10-00:30,27.59947999999997
2025-03-12,8,11,01:10-01:50,79.56426166666688
2025-03-12,13,13,02:00-02:10,6.887023333333332
2025-03-12,16,18,02:30-03:00,63.31808866666654
2025-03-12,22,23,03:30-03:50,60.21545666666657
2025-03-12,26,28,04:10-04:40,68.65626490476177
2025-03-12,31,31,05:00-05:10,31.984487190476223
2025-03-12,34,35,05:30-05:50,59.09140533333308
2025-03-12,39,40,06:20-06:40,61.26025857142861
2025-03-12,43,45,07:00-07:30,116.58482833333318
2025-03-12,48,50,07:50-08:20,27.970723333333353
2025-03-12,55,55,09:00-09:10,12.511665238095247
2025-03-12,85,86,14:00-14:20,37.475148095237955
2025-03-12,89,90,14:40-15:00,59.91725928571441
2025-03-12,99,99,16:20-16:30,22.472582857142754
2025-03-12,104,105,17:10-17:30,16.783920952380896
2025-03-12,107,108,17:40-18:00,30.629023333333308
2025-03-12,111,111,18:20-18:30,28.951004285714248
2025-03-12,114,115,18:50-19:10,9.46859095238085
2025-03-12,117,118,19:20-19:40,6.886065714285678
2025-03-12,121,122,20:00-20:20,40.27827666666656
2025-03-12,124,127,20:30-21:10,171.69965462856885
2025-03-12,130,131,21:30-21:50,20.603179666666392
2025-03-12,136,137,22:30-22:50,7.605719666666573
2025-03-12,144,144,23:50-24:00,35.860313333333124
2025-03-13,1,1,00:00-00:10,20.252269999999953
2025-03-13,8,9,01:10-01:30,10.351283666666745
2025-03-13,11,12,01:40-02:00,66.89225699999974
2025-03-13,15,18,02:20-03:00,50.43701633333308
2025-03-13,21,21,03:20-03:30,1.890549999999962
2025-03-13,25,27,04:00-04:30,66.74101052380956
2025-03-13,29,36,04:40-06:00,92.11215438095216
2025-03-13,39,39,06:20-06:30,12.081964761904828
2025-03-13,43,45,07:00-07:30,146.110459285714
2025-03-13,48,48,07:50-08:00,23.93372476190484
2025-03-13,51,53,08:20-08:50,87.07059571428567
2025-03-13,55,62,09:00-10:20,240.58820809523797
2025-03-13,65,65,10:40-10:50,3.4710209523811955
2025-03-13,79,80,13:00-13:20,14.212825714285486
2025-03-13,86,86,14:10-14:20,0.6642442857140622
2025-03-13,89,90,14:40-15:00,21.369041190476196
2025-03-13,93,94,15:20-15:40,17.544806714286096
2025-03-13,97,98,16:00-16:20,28.229678095238
2025-03-13,100,103,16:30-17:10,52.6613128571428
2025-03-13,106,107,17:30-17:50,20.612795285714125
2025-03-13,112,113,18:30-18:50,21.818382857142865
2025-03-13,115,116,19:00-19:20,16.336199047618834
2025-03-13,118,119,19:30-19:50,38.53004666666652
2025-03-13,121,126,20:00-21:00,2537.212440728341
2025-03-13,129,129,21:20-21:30,12.798506666666412
2025-03-13,132,133,21:50-22:10,14.08967766666683
2025-03-13,139,139,23:00-23:10,12.712750666666807
2025-03-14,2,2,00:10-00:20,3.0331533333333027
2025-03-14,5,6,00:40-01:00,60.60007000000002
2025-03-14,9,11,01:20-01:50,68.10182666666674
2025-03-14,16,18,02:30-03:00,83.46753833333344
2025-03-14,23,25,03:40-04:10,67.35653366666662
2025-03-14,28,29,04:30-04:50,37.90803571428569
2025-03-14,31,32,05:00-05:20,8.448418142857024
2025-03-14,34,36,05:30-06:00,63.565143904761825
2025-03-14,39,40,06:20-06:40,3.0024204761905366
2025-03-14,43,43,07:00-07:10,1.9155157142856751
2025-03-14,46,48,07:30-08:00,62.36456547619076
2025-03-14,51,52,08:20-08:40,39.45229904761936
2025-03-14,98,99,16:10-16:30,33.46602999999976
2025-03-14,103,105,17:00-17:30,63.01255909523813
2025-03-14,108,108,17:50-18:00,1.654578571428658
2025-03-14,110,111,18:10-18:30,22.13353619047615
2025-03-14,114,115,18:50-19:10,18.022295714285747
2025-03-14,118,119,19:30-19:50,46.614346666666506
2025-03-14,124,124,20:30-20:40,5.77379666666684
2025-03-14,129,129,21:20-21:30,2.768473333333361
2025-03-14,141,141,23:20-23:30,13.945053333333362
2025-03-15,1,2,00:00-00:20,37.14937000000009
2025-03-15,7,8,01:00-01:20,29.449533333333363
2025-03-15,13,16,02:00-02:40,57.32414999999992
2025-03-15,19,19,03:00-03:10,4.648746666666625
2025-03-15,22,23,03:30-03:50,22.907236666666734
2025-03-15,26,27,04:10-04:30,60.108113333333336
2025-03-15,31,32,05:00-05:20,69.87782385714296
2025-03-15,35,36,05:40-06:00,25.077717619047633
2025-03-15,38,39,06:10-06:30,15.73132476190483
2025-03-15,42,42,06:50-07:00,8.16850380952394
2025-03-15,44,49,07:10-08:10,363.9958479138147
2025-03-15,52,53,08:30-08:50,14.849006428571897
2025-03-15,55,58,09:00-09:40,26.130982428570974
2025-03-15,96,97,15:50-16:10,21.724654761904517
2025-03-15,101,102,16:40-17:00,14.278014428571709
2025-03-15,104,105,17:10-17:30,10.553516666666681
2025-03-15,107,111,17:40-18:30,84.38461523809491
2025-03-15,115,116,19:00-19:20,13.430056666666701
2025-03-15,120,121,19:50-20:10,58.82784000000015
2025-03-15,124,125,20:30-20:50,54.023310000000095
2025-03-15,129,130,21:20-21:40,17.07833999999997
2025-03-15,133,133,22:00-22:10,1.3880069999997886
2025-03-15,136,136,22:30-22:40,10.34368133333328
2025-03-15,142,142,23:30-23:40,13.650984999999991
2025-03-16,3,3,00:20-00:30,7.77209333333326
2025-03-16,6,7,00:50-01:10,30.114496666666696
2025-03-16,12,13,01:50-02:10,21.587856666666653
2025-03-16,16,19,02:30-03:10,48.40427199999999
2025-03-16,22,23,03:30-03:50,53.10779833333345
2025-03-16,26,27,04:10-04:30,40.04421433333357
2025-03-16,31,36,05:00-06:00,137.4567958095238
2025-03-16,41,47,06:40-07:50,79.5912645238098
2025-03-16,50,51,08:10-08:30,11.285253333333458
2025-03-16,58,58,09:30-09:40,13.217532619047915
2025-03-16,64,64,10:30-10:40,22.87398885714242
2025-03-16,80,80,13:10-13:20,12.114316666666582
2025-03-16,84,84,13:50-14:00,4.031593809523542
2025-03-16,87,87,14:20-14:30,22.053676666666547
2025-03-16,90,90,14:50-15:00,2.3325252380955135
2025-03-16,93,93,15:20-15:30,35.601245238095316
2025-03-16,100,101,16:30-16:50,41.23802619047626
2025-03-16,105,105,17:20-17:30,27.731391428571342
2025-03-16,107,108,17:40-18:00,25.616970000000414
2025-03-16,113,114,18:40-19:00,19.966709047618565
2025-03-16,117,119,19:20-19:50,49.39929285714288
2025-03-16,122,126,20:10-21:00,671.8330133961388
2025-03-16,129,131,21:20-21:50,59.10783626333303
2025-03-16,143,144,23:40-24:00,0.39349133333303143
2025-03-17,3,3,00:20-00:30,23.488503333333256
2025-03-17,6,6,00:50-01:00,4.64550666666662
2025-03-17,12,12,01:50-02:00,22.97147333333328
2025-03-17,15,16,02:20-02:40,30.41906533333315
2025-03-17,20,21,03:10-03:30,41.48239000000012
2025-03-17,23,24,03:40-04:00,50.6054803333335
2025-03-17,28,29,04:30-04:50,68.39579480952364
2025-03-17,32,33,05:10-05:30,80.09134057142876
2025-03-17,36,37,05:50-06:10,15.621805714285756
2025-03-17,40,40,06:30-06:40,42.64130333333321
2025-03-17,43,45,07:00-07:30,100.87929028571398
2025-03-17,48,49,07:50-08:10,31.75021571428556
2025-03-17,55,56,09:00-09:20,25.664455238095343
2025-03-17,98,99,16:10-16:30,19.239898571428625
2025-03-17,103,103,17:00-17:10,11.38314528571425
2025-03-17,106,107,17:30-17:50,4.291643857142731
2025-03-17,109,109,18:00-18:10,12.930218571428554
2025-03-17,112,112,18:30-18:40,10.501266190476144
2025-03-17,116,117,19:10-19:30,33.20486809523834
2025-03-17,119,120,19:40-20:00,75.97741333333306
2025-03-17,123,123,20:20-20:30,49.165093333333175
2025-03-17,127,127,21:00-21:10,4.703480000000127
2025-03-17,130,131,21:30-21:50,25.440598666666574
2025-03-17,140,140,23:10-23:20,1.8001859999999397
2025-03-18,2,3,00:10-00:30,44.425565000000006
2025-03-18,7,7,01:00-01:10,2.6938166619088406
2025-03-18,9,10,01:20-01:40,16.328699999999913
2025-03-18,13,14,02:00-02:20,38.7901366666664
2025-03-18,17,18,02:40-03:00,8.601568333333148
2025-03-18,20,21,03:10-03:30,26.458803333333663
2025-03-18,24,25,03:50-04:10,27.56626904761891
2025-03-18,27,28,04:20-04:40,15.351692380952343
2025-03-18,31,32,05:00-05:20,47.97551052380949
2025-03-18,35,37,05:40-06:10,58.55846861904752
2025-03-18,41,43,06:40-07:10,70.62522285714277
2025-03-18,46,47,07:30-07:50,58.09764380952356
2025-03-18,49,50,08:00-08:20,54.57316190476172
2025-03-18,52,53,08:30-08:50,79.55541285714332
2025-03-18,55,55,09:00-09:10,3.078272857142906
2025-03-18,58,60,09:30-10:00,172.43473333333338
2025-03-18,85,87,14:00-14:30,46.373301047619634
2025-03-18,98,100,16:10-16:40,32.043595476190035
2025-03-18,103,104,17:00-17:20,28.542172428571348
2025-03-18,106,106,17:30-17:40,3.083104285714448
2025-03-18,109,111,18:00-18:30,44.87166666666655
2025-03-18,114,116,18:50-19:20,28.94851476190479
2025-03-18,121,125,20:00-20:50,25.125919999999724
2025-03-18,130,131,21:30-21:50,52.46955333333335
2025-03-18,138,138,22:50-23:00,10.106029999999919
2025-03-18,142,143,23:30-23:50,32.68961899999999
2025-03-19,1,1,00:00-00:10,15.761636666666618
2025-03-19,4,5,00:30-00:50,30.95804799999985
2025-03-19,9,9,01:20-01:30,7.612213333333216
2025-03-19,11,12,01:40-02:00,48.83517000000006
2025-03-19,16,17,02:30-02:50,25.70398899999998
2025-03-19,21,22,03:20-03:40,21.099606666666773
2025-03-19,25,27,04:00-04:30,29.60035033333308
2025-03-19,29,29,04:40-04:50,0.8323780952381412
2025-03-19,32,36,05:10-06:00,103.34883038095242
2025-03-19,42,42,06:50-07:00,23.733238095237937
2025-03-19,44,46,07:10-07:40,84.41843552380925
2025-03-19,49,50,08:00-08:20,69.09678380952369
2025-03-19,53,55,08:40-09:10,47.6157052380953
2025-03-19,67,67,11:00-11:10,3.2221586666664734
2025-03-19,79,79,13:00-13:10,10.42026890476177
2025-03-19,87,88,14:20-14:40,82.23816952380957
2025-03-19,105,107,17:20-17:50,16.031552774128954
2025-03-19,112,114,18:30-19:00,48.60116428571442
2025-03-19,118,122,19:30-20:20,20.207519999999704
2025-03-19,124,125,20:30-20:50,3.7583700000000135
2025-03-19,130,131,21:30-21:50,18.922403333333364
2025-03-19,144,144,23:50-24:00,1.0314499999999498
2025-03-20,2,3,00:10-00:30,73.12346666666667
2025-03-20,6,9,00:50-01:30,54.75557333333313
2025-03-20,12,12,01:50-02:00,14.258306666666499
2025-03-20,15,16,02:20-02:40,54.137792333333095
2025-03-20,19,20,03:00-03:20,47.66947666666647
2025-03-20,24,24,03:50-04:00,4.742633333333401
2025-03-20,26,30,04:10-05:00,47.145890333333305
2025-03-20,35,36,05:40-06:00,79.02763052380908
2025-03-20,39,41,06:20-06:50,10.476079999999797
2025-03-20,44,45,07:10-07:30,65.58510266666616
2025-03-20,48,50,07:50-08:20,89.87332571428573
2025-03-20,53,55,08:40-09:10,46.42843476190467
2025-03-20,59,60,09:40-10:00,56.481692857143116
2025-03-20,75,75,12:20-12:30,4.30246333333298
2025-03-20,86,86,14:10-14:20,6.597989523809588
2025-03-20,89,89,14:40-14:50,24.989953333333574
2025-03-20,92,93,15:10-15:30,20.440627142856783
2025-03-20,95,97,15:40-16:10,36.82391285714306
2025-03-20,100,101,16:30-16:50,18.609577619047684
2025-03-20,103,103,17:00-17:10,5.021344761904942
2025-03-20,108,110,17:50-18:20,45.865730000000006
2025-03-20,112,114,18:30-19:00,80.24249761904775
2025-03-20,118,121,19:30-20:10,65.36371666666662
2025-03-20,123,124,20:20-20:40,1176.8794220128757
2025-03-20,128,131,21:10-21:50,94.75930602898877
2025-03-20,142,142,23:30-23:40,35.26201433333313
2025-03-21,2,3,00:10-00:30,35.316023333333305
2025-03-21,7,9,01:00-01:30,37.704666666666526
2025-03-21,13,14,02:00-02:20,18.378023333333317
2025-03-21,16,17,02:30-02:50,28.095546666666564
2025-03-21,21,22,03:20-03:40,30.022313333333273
2025-03-21,26,27,04:10-04:30,34.9605680952381
2025-03-21,30,32,04:50-05:20,45.92672666666661
2025-03-21,35,36,05:40-06:00,6.5270690476190225
2025-03-21,39,40,06:20-06:40,38.53659190476202
2025-03-21,44,46,07:10-07:40,182.99435355713985
2025-03-21,48,51,07:50-08:30,82.41381523809514
2025-03-21,56,57,09:10-09:30,35.6072133809522
2025-03-21,101,101,16:40-16:50,11.89316666666673
2025-03-21,105,105,17:20-17:30,11.934841784834006
2025-03-21,108,110,17:50-18:20,30.51453523809522
2025-03-21,112,114,18:30-19:00,43.09033333333315
2025-03-21,117,119,19:20-19:50,37.34948666666685
2025-03-21,122,123,20:10-20:30,27.716776666666647
2025-03-21,129,130,21:20-21:40,14.176733333333573
2025-03-21,133,134,22:00-22:20,31.890600333333225
2025-03-21,141,141,23:20-23:30,25.561969999999974
2025-03-22,2,3,00:10-00:30,9.370013333333361
2025-03-22,5,6,00:40-01:00,14.676483333333465
2025-03-22,9,10,01:20-01:40,67.46062666666671
2025-03-22,14,17,02:10-02:50,70.02240866666676
2025-03-22,21,21,03:20-03:30,6.886063333333311
2025-03-22,24,26,03:50-04:20,33.10260666666659
2025-03-22,28,29,04:30-04:50,19.374703333333343
2025-03-22,31,31,05:00-05:10,9.55821047619034
2025-03-22,34,35,05:30-05:50,15.595956666666615
2025-03-22,38,39,06:10-06:30,16.023619523809487
2025-03-22,42,43,06:50-07:10,35.561272380952175
2025-03-22,45,50,07:20-08:20,178.64134794905152
2025-03-22,52,53,08:30-08:50,72.91384090476163
2025-03-22,57,57,09:20-09:30,7.269074285714282
2025-03-22,66,66,10:50-11:00,3.2365873809524146
2025-03-22,96,96,15:50-16:00,4.036877142857065
2025-03-22,102,104,16:50-17:20,27.22479000000004
2025-03-22,108,108,17:50-18:00,27.86589190476184
2025-03-22,110,111,18:10-18:30,23.240820000000156
2025-03-22,114,114,18:50-19:00,27.341758095238163
2025-03-22,119,120,19:40-20:00,35.11688666666663
2025-03-22,123,123,20:20-20:30,22.43592333333322
2025-03-22,140,140,23:10-23:20,1.1065793333332294
2025-03-22,144,144,23:50-24:00,1.9223333333334267
2025-03-23,3,5,00:20-00:50,19.75034000000005
2025-03-23,8,9,01:10-01:30,12.340103333333218
2025-03-23,12,12,01:50-02:00,8.9445566666667
2025-03-23,14,16,02:10-02:40,16.442020000000298
2025-03-23,20,21,03:10-03:30,53.63458333333358
2025-03-23,24,25,03:50-04:10,36.43803428571445
2025-03-23,28,29,04:30-04:50,6.890329999999999
2025-03-23,31,32,05:00-05:20,15.636716666666501
2025-03-23,34,37,05:30-06:10,58.33914504761872
2025-03-23,41,41,06:40-06:50,3.7498252380953545
2025-03-23,44,48,07:10-08:00,115.10135723809492
2025-03-23,53,60,08:40-10:00,324.1960819890951
2025-03-23,65,65,10:40-10:50,28.747627428570695
2025-03-23,78,78,12:50-13:00,16.161223809524017
2025-03-23,88,89,14:30-14:50,6.50508090476194
2025-03-23,93,93,15:20-15:30,1.8205838095240097
2025-03-23,96,96,15:50-16:00,6.485090714285775
2025-03-23,103,105,17:00-17:30,109.7196741428572
2025-03-23,107,108,17:40-18:00,17.815106666666523
2025-03-23,111,114,18:20-19:00,29.407333333333156
2025-03-23,116,117,19:10-19:30,25.72850000000028
2025-03-23,119,120,19:40-20:00,14.233636666666598
2025-03-23,122,126,20:10-21:00,477.299150794479
2025-03-23,129,132,21:20-22:00,38.85954366666683
2025-03-23,142,142,23:30-23:40,1.946091000000024
2025-03-24,1,1,00:00-00:10,23.220166666666728
2025-03-24,5,5,00:40-00:50,17.065980666666746
2025-03-24,9,9,01:20-01:30,21.6010766666667
2025-03-24,11,12,01:40-02:00,10.69831802407873
2025-03-24,14,15,02:10-02:30,49.85181933333331
2025-03-24,18,18,02:50-03:00,28.377173333333303
2025-03-24,21,22,03:20-03:40,22.649783333333176
2025-03-24,25,27,04:00-04:30,49.25963366666653
2025-03-24,29,32,04:40-05:20,60.78153028571442
2025-03-24,34,34,05:30-05:40,23.422125523809314
2025-03-24,38,38,06:10-06:20,1.9519709523809752
2025-03-24,43,44,07:00-07:20,26.918335238095267
2025-03-24,46,48,07:30-08:00,51.89949357142859
2025-03-24,51,51,08:20-08:30,35.53033047619044
2025-03-24,55,56,09:00-09:20,40.17609238095258
2025-03-24,84,84,13:50-14:00,54.861110714285815
2025-03-24,87,87,14:20-14:30,54.680833333333226
2025-03-24,89,90,14:40-15:00,42.33125380952379
2025-03-24,99,99,16:20-16:30,21.8487549999997
2025-03-24,103,105,17:00-17:30,34.821197952381
2025-03-24,107,109,17:40-18:10,30.164209999999613
2025-03-24,114,116,18:50-19:20,24.605257619047734
2025-03-24,119,120,19:40-20:00,13.23190999999997
2025-03-24,123,125,20:20-20:50,505.499164475768
2025-03-24,132,132,21:50-22:00,1.8869633333333695
2025-03-24,138,138,22:50-23:00,27.541986666666617
2025-03-24,142,143,23:30-23:50,65.5069003333333
2025-03-25,2,2,00:10-00:20,9.011390000000006
2025-03-25,5,6,00:40-01:00,30.727150666666716
2025-03-25,9,10,01:20-01:40,69.51222999999993
2025-03-25,13,13,02:00-02:10,28.753180000000043
2025-03-25,16,17,02:30-02:50,55.17044933333318
2025-03-25,19,19,03:00-03:10,30.655740000000037
2025-03-25,22,23,03:30-03:50,96.61521133333326
2025-03-25,28,29,04:30-04:50,48.63562961904775
2025-03-25,31,34,05:00-05:40,65.24224561904748
2025-03-25,38,39,06:10-06:30,39.763902380952686
2025-03-25,41,42,06:40-07:00,19.19420238095205
2025-03-25,45,46,07:20-07:40,13.872759761904774
2025-03-25,50,51,08:10-08:30,48.1811595238097
2025-03-25,53,54,08:40-09:00,83.66145523809519
2025-03-25,57,64,09:20-10:40,382.8687045288245
2025-03-25,85,85,14:00-14:10,15.578179571428336
2025-03-25,88,89,14:30-14:50,40.84777095238144
2025-03-25,92,92,15:10-15:20,5.537080476190795
2025-03-25,97,97,16:00-16:10,2.395209047619005
2025-03-25,100,101,16:30-16:50,53.42617761904779
2025-03-25,106,106,17:30-17:40,5.855195333333199
2025-03-25,111,114,18:20-19:00,21.071749047618766
2025-03-25,116,117,19:10-19:30,46.71036333333336
2025-03-25,120,125,19:50-20:50,2481.372210964118
2025-03-25,127,128,21:00-21:20,5.514296666666382
2025-03-25,130,130,21:30-21:40,13.072516109528351
2025-03-25,136,136,22:30-22:40,12.331135666666796
2025-03-25,140,140,23:10-23:20,2.008526999999958
2025-03-26,3,3,00:20-00:30,16.40866666666659
2025-03-26,7,7,01:00-01:10,17.687826666666524
2025-03-26,10,11,01:30-01:50,23.53640900000005
2025-03-26,14,15,02:10-02:30,27.15930100000014
2025-03-26,18,19,02:50-03:10,39.66694999999993
2025-03-26,22,23,03:30-03:50,61.668241333333526
2025-03-26,26,27,04:10-04:30,50.97361323809514
2025-03-26,30,34,04:50-05:40,109.42448790476236
2025-03-26,40,41,06:30-06:50,10.496779999999603
2025-03-26,44,47,07:10-07:50,153.2611564285712
2025-03-26,49,49,08:00-08:10,7.850522857143233
2025-03-26,52,53,08:30-08:50,18.76302333333365
2025-03-26,57,57,09:20-09:30,2.9500000000000455
2025-03-26,107,108,17:40-18:00,17.79929714285703
2025-03-26,111,111,18:20-18:30,8.091666666666697
2025-03-26,113,114,18:40-19:00,35.423749999999956
2025-03-26,117,118,19:20-19:40,15.172593333333225
2025-03-26,121,122,20:00-20:20,17.043153333333407
2025-03-26,130,130,21:30-21:40,20.721806666666453
2025-03-26,133,134,22:00-22:20,68.34949266666649
2025-03-26,140,141,23:10-23:30,19.156703666666772
2025-03-27,7,9,01:00-01:30,57.41799999999978
2025-03-27,12,15,01:50-02:30,52.15638999999999
2025-03-27,20,21,03:10-03:30,24.778168333333383
2025-03-27,23,24,03:40-04:00,42.867196666666814
2025-03-27,27,28,04:20-04:40,53.436726190476065
2025-03-27,34,35,05:30-05:50,37.816680761904536
2025-03-27,38,39,06:10-06:30,44.412264285713945
2025-03-27,45,49,07:20-08:10,101.57924690476182
2025-03-27,53,54,08:40-09:00,52.72621190476218
2025-03-27,57,57,09:20-09:30,2.7831461904760317
2025-03-27,87,87,14:20-14:30,3.94486333333316
2025-03-27,94,95,15:30-15:50,20.33970442857151
2025-03-27,97,98,16:00-16:20,17.57071190476188
2025-03-27,100,100,16:30-16:40,15.447851904762103
2025-03-27,108,109,17:50-18:10,5.6985347619048685
2025-03-27,113,114,18:40-19:00,56.40245999999979
2025-03-27,118,120,19:30-20:00,49.94899999999973
2025-03-27,122,125,20:10-20:50,1682.6670646636103
2025-03-27,129,131,21:20-21:50,117.85057629999972
2025-03-28,4,5,00:30-00:50,35.10757000000007
2025-03-28,7,7,01:00-01:10,33.299423333333266
2025-03-28,10,11,01:30-01:50,41.730189999999936
2025-03-28,14,15,02:10-02:30,6.463933333333273
2025-03-28,18,19,02:50-03:10,37.28325000000001
2025-03-28,25,25,04:00-04:10,1.8045200000000818
2025-03-28,28,28,04:30-04:40,2.3265142857143815
2025-03-28,32,33,05:10-05:30,50.93072666666683
2025-03-28,38,39,06:10-06:30,18.807311428571154
2025-03-28,42,47,06:50-07:50,373.5667042857142
2025-03-28,51,52,08:20-08:40,19.835046047619016
2025-03-28,98,98,16:10-16:20,14.262601428571429
2025-03-28,101,101,16:40-16:50,8.111463809523741
2025-03-28,105,106,17:20-17:40,30.70390047619047
2025-03-28,109,110,18:00-18:20,21.208854761904547
2025-03-28,115,116,19:00-19:20,54.751361904761836
2025-03-28,120,120,19:50-20:00,0.8950328571428372
2025-03-28,122,123,20:10-20:30,22.47189666666668
2025-03-28,127,128,21:00-21:20,76.02746666666667
2025-03-28,133,133,22:00-22:10,6.251485999999886
2025-03-29,1,1,00:00-00:10,18.30540333333323
2025-03-29,5,6,00:40-01:00,36.559872333333544
2025-03-29,8,9,01:10-01:30,26.82443333333339
2025-03-29,12,13,01:50-02:10,19.55040666666673
2025-03-29,17,18,02:40-03:00,31.652066666666713
2025-03-29,21,21,03:20-03:30,16.628153333333387
2025-03-29,25,26,04:00-04:20,43.40425333333343
2025-03-29,28,30,04:30-05:00,21.490333333333353
2025-03-29,33,33,05:20-05:30,2.963020952380873
2025-03-29,37,47,06:00-07:50,314.0364981528585
2025-03-29,51,52,08:20-08:40,20.64418761904767
2025-03-29,97,98,16:00-16:20,62.456897619047766
2025-03-29,103,104,17:00-17:20,5.323131428571514
2025-03-29,108,110,17:50-18:20,65.24027095238085
2025-03-29,112,113,18:30-18:50,21.918335714285718
2025-03-29,116,117,19:10-19:30,29.63045047619056
2025-03-29,119,120,19:40-20:00,74.00144571428581
2025-03-29,123,124,20:20-20:40,6.141080000000102
2025-03-29,127,127,21:00-21:10,4.237526666666724
2025-03-29,130,130,21:30-21:40,7.862147682806027
2025-03-30,1,1,00:00-00:10,23.185396666666747
2025-03-30,10,12,01:30-02:00,85.20183933333328
2025-03-30,17,18,02:40-03:00,41.762952666666706
2025-03-30,21,23,03:20-03:50,72.40001000000007
2025-03-30,25,25,04:00-04:10,8.833567619047699
2025-03-30,29,32,04:40-05:20,48.96542766666647
2025-03-30,34,34,05:30-05:40,5.987678857142782
2025-03-30,37,38,06:00-06:20,29.551345238094882
2025-03-30,41,43,06:40-07:10,41.09253333333342
2025-03-30,47,47,07:40-07:50,11.762670952380972
2025-03-30,50,54,08:10-09:00,71.37603000000001
2025-03-30,56,57,09:10-09:30,63.52545296589389
2025-03-30,85,86,14:00-14:20,147.10386247619033
2025-03-30,96,96,15:50-16:00,6.954522733332283
2025-03-30,102,102,16:50-17:00,14.399633095238357
2025-03-30,106,106,17:30-17:40,33.76933814285701
2025-03-30,109,110,18:00-18:20,89.74148976190469
2025-03-30,115,116,19:00-19:20,51.96435285714256
2025-03-30,119,120,19:40-20:00,42.81981285714289
2025-03-30,123,125,20:20-20:50,1025.1214964162232
2025-03-30,127,127,21:00-21:10,0.18554666666636876
2025-03-30,133,133,22:00-22:10,26.624586000000136
2025-03-31,1,1,00:00-00:10,24.08816999999999
2025-03-31,5,6,00:40-01:00,37.047939999999926
2025-03-31,9,11,01:20-01:50,20.609609333333083
2025-03-31,15,15,02:20-02:30,14.333680000000072
2025-03-31,18,18,02:50-03:00,3.294666666666558
2025-03-31,22,22,03:30-03:40,1.7507666666667774
2025-03-31,25,25,04:00-04:10,25.367661428571523
2025-03-31,28,29,04:30-04:50,79.80498109523771
2025-03-31,32,35,05:10-05:50,68.25559304761902
2025-03-31,39,39,06:20-06:30,29.05949904761883
2025-03-31,42,45,06:50-07:30,38.32416095238074
2025-03-31,50,51,08:10-08:30,28.305330476190534
2025-03-31,88,88,14:30-14:40,53.476777619047766
2025-03-31,91,91,15:00-15:10,29.031520476190735
2025-03-31,94,95,15:30-15:50,30.37791395238105
2025-03-31,99,100,16:20-16:40,73.90991952380932
2025-03-31,105,106,17:20-17:40,9.478694285713942
2025-03-31,109,110,18:00-18:20,25.133098571428327
2025-03-31,113,114,18:40-19:00,24.967817142856916
2025-03-31,116,117,19:10-19:30,46.21798666666621
2025-03-31,120,126,19:50-21:00,2725.7469503817147
2025-03-31,129,130,21:20-21:40,25.986743333333607
2025-03-31,132,132,21:50-22:00,0.4946500000000924
2025-03-31,141,141,23:20-23:30,2.7194099999999253
2025-04-01,4,5,00:30-00:50,13.301762666666946
2025-04-01,8,9,01:10-01:30,44.615633333333335
2025-04-01,12,13,01:50-02:10,21.920623333333424
2025-04-01,15,17,02:20-02:50,24.49440666666635
2025-04-01,21,22,03:20-03:40,22.95562999999993
2025-04-01,26,29,04:10-04:50,43.04379333333326
2025-04-01,33,34,05:20-05:40,17.15507419047617
2025-04-01,37,37,06:00-06:10,15.622901904761648
2025-04-01,40,41,06:30-06:50,33.3921723809525
2025-04-01,47,48,07:40-08:00,47.853406190475994
2025-04-01,51,51,08:20-08:30,30.68330285714285
2025-04-01,54,57,08:50-09:30,173.39025333333336
2025-04-01,59,60,09:40-10:00,82.94921714285738
2025-04-01,64,64,10:30-10:40,7.027687809524423
2025-04-01,68,68,11:10-11:20,0.22426495238164534
2025-04-01,88,88,14:30-14:40,74.84976666666682
2025-04-01,92,92,15:10-15:20,43.253730952381034
2025-04-01,96,96,15:50-16:00,18.51509523809534
2025-04-01,99,99,16:20-16:30,3.5661595238095174
2025-04-01,102,103,16:50-17:10,20.512085642857215
2025-04-01,106,107,17:30-17:50,42.30418290476176
2025-04-01,113,115,18:40-19:10,37.875849047619454
2025-04-01,117,125,19:20-20:50,5198.884358307915
2025-04-01,130,131,21:30-21:50,90.13470675466633
2025-04-01,138,138,22:50-23:00,2.6026300000003175
2025-04-01,144,144,23:50-24:00,9.184009999999944
2025-04-02,1,1,00:00-00:10,16.128356830475468
2025-04-02,8,9,01:10-01:30,9.097003333333305
2025-04-02,13,13,02:00-02:10,25.022283333333235
2025-04-02,16,17,02:30-02:50,28.581890333333263
2025-04-02,19,20,03:00-03:20,18.333426666666583
2025-04-02,22,23,03:30-03:50,26.10298000000023
2025-04-02,27,29,04:20-04:50,11.982840476190383
2025-04-02,32,33,05:10-05:30,23.62968857142849
2025-04-02,43,44,07:00-07:20,67.22525714285706
2025-04-02,46,62,07:30-10:20,2487.419152540645
2025-04-02,104,105,17:10-17:30,45.110830190476236
2025-04-02,108,109,17:50-18:10,33.85335571428555
2025-04-02,112,112,18:30-18:40,8.178844761904802
2025-04-02,116,118,19:10-19:40,76.94060666666667
2025-04-02,120,125,19:50-20:50,3642.0397651576113
2025-04-02,128,128,21:10-21:20,1.1657898266666507
2025-04-02,130,131,21:30-21:50,36.774999999999864
2025-04-02,138,139,22:50-23:10,20.160626999999977
2025-04-02,142,142,23:30-23:40,13.711585999999897
2025-04-03,2,2,00:10-00:20,9.757902999999942
2025-04-03,9,9,01:20-01:30,25.181056666666564
2025-04-03,13,13,02:00-02:10,27.13715333333323
2025-04-03,19,20,03:00-03:20,20.407747666666637
2025-04-03,23,24,03:40-04:00,21.36182
2025-04-03,26,27,04:10-04:30,29.51644000000014
2025-04-03,30,32,04:50-05:20,54.43627999999988
2025-04-03,36,36,05:50-06:00,23.99225000000024
2025-04-03,39,39,06:20-06:30,9.38162285714293
2025-04-03,41,42,06:40-07:00,52.51637190476197
2025-04-03,45,45,07:20-07:30,23.28944761904785
2025-04-03,47,48,07:40-08:00,71.76307857142865
2025-04-03,51,57,08:20-09:30,955.1284608295659
2025-04-03,83,84,13:40-14:00,38.007373857142966
2025-04-03,91,91,15:00-15:10,6.112652333333131
2025-04-03,98,98,16:10-16:20,14.567868095238111
2025-04-03,104,105,17:10-17:30,11.161325428571303
2025-04-03,108,108,17:50-18:00,4.4942438095239865
2025-04-03,110,111,18:10-18:30,23.699806666666404
2025-04-03,113,114,18:40-19:00,47.96435761904752
2025-04-03,119,120,19:40-20:00,12.698659523809624
2025-04-03,122,124,20:10-20:40,878.748934957052
2025-04-03,127,128,21:00-21:20,8.60006351595009
2025-04-03,130,131,21:30-21:50,17.13064651768798
2025-04-03,137,137,22:40-22:50,2.2400586666665276
2025-04-03,142,142,23:30-23:40,29.85851600000001
2025-04-04,2,2,00:10-00:20,15.640905563923468
2025-04-04,5,6,00:40-01:00,24.280273333333298
2025-04-04,9,10,01:20-01:40,45.89902666666654
2025-04-04,14,16,02:10-02:40,23.83672666666655
2025-04-04,20,23,03:10-03:50,74.96265047619036
2025-04-04,27,28,04:20-04:40,23.106885238095117
2025-04-04,31,33,05:00-05:30,23.458666666666772
2025-04-04,37,41,06:00-06:50,74.17294761904759
2025-04-04,43,45,07:00-07:30,318.0320649122679
2025-04-04,48,48,07:50-08:00,41.652546666666126
2025-04-04,55,55,09:00-09:10,2.4191977619043428
2025-04-04,103,104,17:00-17:20,5.307039047619099
2025-04-04,106,106,17:30-17:40,27.045231275719203
2025-04-04,109,111,18:00-18:30,79.93150000000009
2025-04-04,114,115,18:50-19:10,4.416418571428608
2025-04-04,119,120,19:40-20:00,72.5086623809521
2025-04-04,124,125,20:30-20:50,17.062263333333192
2025-04-04,129,129,21:20-21:30,17.934666666666658
2025-04-05,3,3,00:20-00:30,38.612333333333424
2025-04-05,6,8,00:50-01:20,53.4240566666665
2025-04-05,13,14,02:00-02:20,27.56847666666664
2025-04-05,18,19,02:50-03:10,53.29802333333333
2025-04-05,22,24,03:30-04:00,35.18233333333319
2025-04-05,27,27,04:20-04:30,5.621785714285636
2025-04-05,32,33,05:10-05:30,37.90844000000004
2025-04-05,37,38,06:00-06:20,10.978329523809577
2025-04-05,41,44,06:40-07:20,469.4817760590514
2025-04-05,46,46,07:30-07:40,33.637265190476114
2025-04-05,50,52,08:10-08:40,55.322387857142985
2025-04-05,99,99,16:20-16:30,19.32222619047627
2025-04-05,102,106,16:50-17:40,52.76810499999985
2025-04-05,109,109,18:00-18:10,0.25189047619056737
2025-04-05,112,113,18:30-18:50,31.27164666666681
2025-04-05,116,118,19:10-19:40,42.98407809523832
2025-04-05,122,125,20:10-20:50,40.41661761904754
2025-04-05,130,131,21:30-21:50,27.017423333333454
2025-04-06,5,5,00:40-00:50,3.8859866666663265
2025-04-06,7,7,01:00-01:10,0.6443366666666179
2025-04-06,11,12,01:40-02:00,28.93485666666686
2025-04-06,16,16,02:30-02:40,13.31262833333335
2025-04-06,19,19,03:00-03:10,7.358489999999961
2025-04-06,22,24,03:30-04:00,13.505386666666604
2025-04-06,26,27,04:10-04:30,74.39533333333324
2025-04-06,30,30,04:50-05:00,39.91599285714301
2025-04-06,33,33,05:20-05:30,7.874666666666485
2025-04-06,37,37,06:00-06:10,10.118141904761728
2025-04-06,40,42,06:30-07:00,49.159857142857106
2025-04-06,45,48,07:20-08:00,72.42356000000001
2025-04-06,52,56,08:30-09:20,251.18595975052517
2025-04-06,89,89,14:40-14:50,36.82905523809518
2025-04-06,92,93,15:10-15:30,12.292664761905144
2025-04-06,104,105,17:10-17:30,38.73122695238084
2025-04-06,108,109,17:50-18:10,31.034121190476306
2025-04-06,113,114,18:40-19:00,90.67771000000005
2025-04-06,117,117,19:20-19:30,21.498293333333322
2025-04-06,119,120,19:40-20:00,24.79256238095263
2025-04-06,123,126,20:20-21:00,946.5106079789139
2025-04-06,129,131,21:20-21:50,45.56903985533336
2025-04-07,7,7,01:00-01:10,25.78483333333338
2025-04-07,15,15,02:20-02:30,18.337243333333276
2025-04-07,18,18,02:50-03:00,14.402609999999754
2025-04-07,22,22,03:30-03:40,17.504770000000008
2025-04-07,25,26,04:00-04:20,44.730369047619206
2025-04-07,31,32,05:00-05:20,30.304612380952427
2025-04-07,37,39,06:00-06:30,21.339404761905143
2025-04-07,42,43,06:50-07:10,26.838939523809245
2025-04-07,46,47,07:30-07:50,30.285292380952455
2025-04-07,49,50,08:00-08:20,11.78007952380949
2025-04-07,54,54,08:50-09:00,21.090625714285807
2025-04-07,71,71,11:40-11:50,3.2496580476185954
2025-04-07,103,104,17:00-17:20,29.699623952380875
2025-04-07,106,110,17:30-18:20,45.93050638095222
2025-04-07,113,114,18:40-19:00,11.568887142856852
2025-04-07,117,117,19:20-19:30,39.034463333333406
2025-04-07,120,121,19:50-20:10,39.8718671428569
2025-04-07,124,124,20:30-20:40,317.1788160021296
2025-04-07,126,127,20:50-21:10,43.56976666666674
2025-04-07,130,131,21:30-21:50,53.23382933333312
2025-04-07,144,144,23:50-24:00,7.919163333333245
2025-04-08,1,1,00:00-00:10,1.228842999999756
2025-04-08,5,5,00:40-00:50,13.44659666666655
2025-04-08,9,9,01:20-01:30,8.343666666666763
2025-04-08,15,16,02:20-02:40,24.829651666666905
2025-04-08,20,20,03:10-03:20,9.791306666666628
2025-04-08,26,27,04:10-04:30,36.73377190476194
2025-04-08,31,31,05:00-05:10,16.674720476190487
2025-04-08,34,35,05:30-05:50,30.467595333333264
2025-04-08,38,39,06:10-06:30,74.1069252380953
2025-04-08,43,44,07:00-07:20,26.78150714285715
2025-04-08,46,46,07:30-07:40,15.556131428571291
2025-04-08,49,58,08:00-09:40,639.2791707798885
2025-04-08,85,85,14:00-14:10,56.99697566666646
2025-04-08,96,96,15:50-16:00,7.653880000000186
2025-04-08,100,101,16:30-16:50,55.500789523809544
2025-04-08,103,104,17:00-17:20,7.761509523809735
2025-04-08,108,108,17:50-18:00,3.797238571428487
2025-04-08,110,111,18:10-18:30,5.78916380952387
2025-04-08,113,113,18:40-18:50,3.858059047619122
2025-04-08,117,117,19:20-19:30,15.61485666666681
2025-04-08,119,120,19:40-20:00,52.41674904761919
2025-04-08,123,125,20:20-20:50,886.4605313459986
2025-04-08,127,128,21:00-21:20,40.94118999999978
2025-04-08,130,130,21:30-21:40,4.7573033333333115
2025-04-08,133,133,22:00-22:10,1.4020493333332524
2025-04-09,3,3,00:20-00:30,11.998000000000047
2025-04-09,7,9,01:00-01:30,42.923106666666854
2025-04-09,15,15,02:20-02:30,26.81858000000011
2025-04-09,18,18,02:50-03:00,1.4803133333333562
2025-04-09,21,21,03:20-03:30,3.8769900000000916
2025-04-09,23,24,03:40-04:00,36.34344666666664
2025-04-09,33,33,05:20-05:30,19.028465714285517
2025-04-09,36,39,05:50-06:30,47.67090285714278
2025-04-09,41,42,06:40-07:00,32.575694285714064
2025-04-09,47,48,07:40-08:00,55.694015238095176
2025-04-09,51,51,08:20-08:30,41.182994761904865
2025-04-09,54,56,08:50-09:20,95.14546095238097
2025-04-09,58,58,09:30-09:40,9.424237142857578
2025-04-09,63,63,10:20-10:30,3.5987495238096017
2025-04-09,91,94,15:00-15:40,29.393814285714598
2025-04-09,98,99,16:10-16:30,4.94214333333349
2025-04-09,102,103,16:50-17:10,44.0057566666668
2025-04-09,105,105,17:20-17:30,0.22151190476196803
2025-04-09,109,110,18:00-18:20,58.06451535714217
2025-04-09,113,114,18:40-19:00,18.994245714285853
2025-04-09,117,125,19:20-20:50,5602.722804074261
2025-04-09,131,132,21:40-22:00,31.223596666666708
2025-04-09,135,135,22:20-22:30,23.36176666666688
2025-04-10,4,5,00:30-00:50,24.31504931000495
2025-04-10,9,10,01:20-01:40,21.860923333333176
2025-04-10,18,20,02:50-03:20,18.550058000000035
2025-04-10,22,22,03:30-03:40,15.49657666666667
2025-04-10,26,26,04:10-04:20,13.159905666666596
2025-04-10,29,30,04:40-05:00,10.839043333333251
2025-04-10,36,37,05:50-06:10,55.816663333333395
2025-04-10,40,40,06:30-06:40,31.72064714285716
2025-04-10,43,44,07:00-07:20,53.76092238095248
2025-04-10,47,49,07:40-08:10,36.26155809523789
2025-04-10,52,58,08:30-09:40,215.07653047619044
2025-04-10,86,87,14:10-14:30,9.20281042857141
2025-04-10,96,97,15:50-16:10,91.89529071428592
2025-04-10,102,103,16:50-17:10,22.18173999999965
2025-04-10,108,109,17:50-18:10,36.23995761904762
2025-04-10,112,112,18:30-18:40,21.094381428571616
2025-04-10,115,116,19:00-19:20,87.40249333333327
2025-04-10,119,125,19:40-20:50,2270.0092184541277
2025-04-10,128,128,21:10-21:20,4.941305209947473
2025-04-10,130,131,21:30-21:50,114.45429666666632
2025-04-10,140,140,23:10-23:20,11.002077666666992
2025-04-10,144,144,23:50-24:00,2.4392366666668295
2025-04-11,2,3,00:10-00:30,18.207946666666658
2025-04-11,7,9,01:00-01:30,67.51699999999977
2025-04-11,13,15,02:00-02:30,22.39733333333328
2025-04-11,18,21,02:50-03:30,54.387333333333345
2025-04-11,23,24,03:40-04:00,25.324046666666675
2025-04-11,30,31,04:50-05:10,23.4985985714286
2025-04-11,34,34,05:30-05:40,5.071721904761887
2025-04-11,37,37,06:00-06:10,26.12089714285719
2025-04-11,42,44,06:50-07:20,192.72395647618663
2025-04-11,47,48,07:40-08:00,29.550548952380836
2025-04-11,99,100,16:20-16:40,31.487401904761853
2025-04-11,104,105,17:10-17:30,46.3782010476192
2025-04-11,108,108,17:50-18:00,7.929355714285748
2025-04-11,112,113,18:30-18:50,76.81140333333343
2025-04-11,116,117,19:10-19:30,35.92026190476196
2025-04-11,121,122,20:00-20:20,10.58609999999993
2025-04-11,124,124,20:30-20:40,6.90984666666651
2025-04-11,128,128,21:10-21:20,23.926043333333325
2025-04-11,132,132,21:50-22:00,26.900513333333265
2025-04-11,135,135,22:20-22:30,3.6908766666667816
2025-04-11,139,139,23:00-23:10,24.40206000000012
2025-04-12,3,4,00:20-00:40,45.535499999999956
2025-04-12,7,7,01:00-01:10,0.05046000000004369
2025-04-12,10,11,01:30-01:50,35.35455866666672
2025-04-12,14,16,02:10-02:40,18.712409999999977
2025-04-12,19,20,03:00-03:20,25.111470000000168
2025-04-12,22,22,03:30-03:40,33.96614999999997
2025-04-12,26,28,04:10-04:40,32.72051333333337
2025-04-12,31,33,05:00-05:30,41.91799999999997
2025-04-12,36,36,05:50-06:00,13.675043333333406
2025-04-12,40,40,06:30-06:40,37.80414333333334
2025-04-12,43,44,07:00-07:20,75.015986666667
2025-04-12,54,55,08:50-09:10,10.863658952380433
2025-04-12,98,100,16:10-16:40,54.89228952380938
2025-04-12,104,104,17:10-17:20,4.8666991428572715
2025-04-12,106,108,17:30-18:00,63.9271280952381
2025-04-12,111,113,18:20-18:50,42.291478095238176
2025-04-12,116,118,19:10-19:40,33.83100666666661
2025-04-12,120,122,19:50-20:20,12.19201333333325
2025-04-12,128,128,21:10-21:20,7.932804362139848
2025-04-12,131,131,21:40-21:50,7.7589733333333015
2025-04-12,136,136,22:30-22:40,6.426776333333464
2025-04-13,1,1,00:00-00:10,10.15173666666658
2025-04-13,5,6,00:40-01:00,12.828309999999988
2025-04-13,9,9,01:20-01:30,1.8700000000000045
2025-04-13,11,11,01:40-01:50,2.0083066666667264
2025-04-13,14,15,02:10-02:30,41.284444147618046
2025-04-13,19,20,03:00-03:20,16.94401966666669
2025-04-13,22,22,03:30-03:40,14.905219999999986
2025-04-13,26,27,04:10-04:30,32.393758047619144
2025-04-13,30,31,04:50-05:10,49.408824761904754
2025-04-13,35,37,05:40-06:10,42.93722285714277
2025-04-13,40,42,06:30-07:00,54.520440476190515
2025-04-13,48,49,07:50-08:10,72.53232238095256
2025-04-13,52,54,08:30-09:00,82.91465476190479
2025-04-13,57,58,09:20-09:40,57.21736047619015
2025-04-13,94,94,15:30-15:40,35.07551461904768
2025-04-13,100,101,16:30-16:50,47.96434809523839
2025-04-13,104,104,17:10-17:20,4.213267619047684
2025-04-13,111,112,18:20-18:40,16.83344619047614
2025-04-13,115,116,19:00-19:20,79.26432666666676
2025-04-13,119,128,19:40-21:20,3093.0175155341276
2025-04-13,131,131,21:40-21:50,11.577896666666788
2025-04-14,3,4,00:20-00:40,39.60069999999985
2025-04-14,7,8,01:00-01:20,31.662324333333345
2025-04-14,13,14,02:00-02:20,16.847284812303883
2025-04-14,17,18,02:40-03:00,18.090859999999907
2025-04-14,22,23,03:30-03:50,17.089686714286017
2025-04-14,25,25,04:00-04:10,8.99093999999998
2025-04-14,28,30,04:30-05:00,33.62014899999993
2025-04-14,34,36,05:30-06:00,31.485711523809307
2025-04-14,40,42,06:30-07:00,87.84302380952391
2025-04-14,46,46,07:30-07:40,11.980099523809201
2025-04-14,50,51,08:10-08:30,71.13600238095228
2025-04-14,54,56,08:50-09:20,61.397131904762205
2025-04-14,102,102,16:50-17:00,3.0697897619050423
2025-04-14,106,106,17:30-17:40,24.886578095238065
2025-04-14,109,112,18:00-18:40,61.00197442857153
2025-04-14,115,116,19:00-19:20,19.935950952381063
2025-04-14,118,119,19:30-19:50,27.083074285714247
2025-04-14,122,125,20:10-20:50,1900.5204506100783
2025-04-14,129,131,21:20-21:50,43.220497423333384
2025-04-14,133,133,22:00-22:10,4.154049666666651
2025-04-14,139,139,23:00-23:10,6.5629509999998845
2025-04-15,8,9,01:10-01:30,39.677949999999896
2025-04-15,12,12,01:50-02:00,10.333333333333371
2025-04-15,15,15,02:20-02:30,34.654333333333284
2025-04-15,18,18,02:50-03:00,8.523536666666928
2025-04-15,24,24,03:50-04:00,8.390963809523669
2025-04-15,28,29,04:30-04:50,24.87467614285721
2025-04-15,32,32,05:10-05:20,6.425022857142835
2025-04-15,36,37,05:50-06:10,6.117011904761739
2025-04-15,40,41,06:30-06:50,36.12792857142858
2025-04-15,45,47,07:20-07:50,93.4953938095241
2025-04-15,51,51,08:20-08:30,2.379069523809221
2025-04-15,61,61,10:00-10:10,25.677395095237898
2025-04-15,78,78,12:50-13:00,0.4279921428567377
2025-04-15,88,88,14:30-14:40,3.3086042857142957
2025-04-15,91,92,15:00-15:20,21.98582904761895
2025-04-15,94,94,15:30-15:40,13.72075857142886
2025-04-15,102,102,16:50-17:00,26.65466642857183
2025-04-15,105,106,17:20-17:40,28.131767619047736
2025-04-15,110,112,18:10-18:40,21.52435428571443
2025-04-15,115,115,19:00-19:10,23.951403809523867
2025-04-15,118,119,19:30-19:50,34.752399999999966
2025-04-15,123,124,20:20-20:40,58.205430000000206
2025-04-15,127,127,21:00-21:10,4.303230000000099
2025-04-15,130,131,21:30-21:50,63.45358333333343
2025-04-15,137,137,22:40-22:50,8.224611333333314
2025-04-15,141,141,23:20-23:30,6.9077800000000025
2025-04-16,4,6,00:30-01:00,52.89138333333358
2025-04-16,9,12,01:20-02:00,23.548200000000293
2025-04-16,15,15,02:20-02:30,22.84800000000007
2025-04-16,21,21,03:20-03:30,2.247199999999907
2025-04-16,23,24,03:40-04:00,40.88245171428582
2025-04-16,29,30,04:40-05:00,32.03277571428566
2025-04-16,35,36,05:40-06:00,44.86728619047602
2025-04-16,39,39,06:20-06:30,0.3257852380954773
2025-04-16,41,43,06:40-07:10,86.25216809523835
2025-04-16,46,46,07:30-07:40,50.39574428571456
2025-04-16,49,52,08:00-08:40,87.48644428571447
2025-04-16,57,59,09:20-09:50,50.010666666666566
2025-04-16,67,67,11:00-11:10,14.2373006190478
2025-04-16,88,88,14:30-14:40,32.700750000000085
2025-04-16,91,92,15:00-15:20,58.92166380952392
2025-04-16,97,97,16:00-16:10,13.91324904761882
2025-04-16,102,102,16:50-17:00,1.528492142857715
2025-04-16,108,109,17:50-18:10,38.07042857142867
2025-04-16,112,113,18:30-18:50,53.03530047619037
2025-04-16,116,117,19:10-19:30,8.380086666666557
2025-04-16,119,125,19:40-20:50,4233.87587358188
2025-04-16,127,131,21:00-21:50,90.02428771289298
2025-04-16,133,133,22:00-22:10,1.624133000000029
2025-04-16,137,137,22:40-22:50,4.132368999999699
2025-04-17,5,6,00:40-01:00,27.802273333333233
2025-04-17,10,10,01:30-01:40,13.04286999999988
2025-04-17,14,14,02:10-02:20,18.128670000000056
2025-04-17,18,18,02:50-03:00,40.16100000000006
2025-04-17,21,21,03:20-03:30,22.73333333333335
2025-04-17,24,24,03:50-04:00,25.008183333333363
2025-04-17,33,33,05:20-05:30,3.6096219047619797
2025-04-17,37,37,06:00-06:10,11.004769047618879
2025-04-17,40,41,06:30-06:50,25.95032380952398
2025-04-17,43,44,07:00-07:20,42.93490666666662
2025-04-17,46,46,07:30-07:40,4.338615238094917
2025-04-17,49,50,08:00-08:20,70.38814809523808
2025-04-17,97,99,16:00-16:30,10.748952380952346
2025-04-17,103,104,17:00-17:20,12.17165047619062
2025-04-17,108,109,17:50-18:10,45.615592857142765
2025-04-17,113,117,18:40-19:30,26.555894285714047
2025-04-17,119,124,19:40-20:40,2734.5508857247564
2025-04-17,128,130,21:10-21:40,30.993994468600544
2025-04-17,136,137,22:30-22:50,10.660814999999957
2025-04-18,1,2,00:00-00:20,17.702169999999967
2025-04-18,4,4,00:30-00:40,2.417796666666618
2025-04-18,7,7,01:00-01:10,17.906939999999906
2025-04-18,11,12,01:40-02:00,43.22114333333337
2025-04-18,14,16,02:10-02:40,36.33043000000009
2025-04-18,20,21,03:10-03:30,40.20586000000009
2025-04-18,24,25,03:50-04:10,15.700549047619177
2025-04-18,31,31,05:00-05:10,0.41644190476188214
2025-04-18,38,39,06:10-06:30,10.402544285714242
2025-04-18,43,43,07:00-07:10,64.65008333333333
2025-04-18,45,46,07:20-07:40,14.584691095237758
2025-04-18,49,50,08:00-08:20,63.74238371428555
2025-04-18,53,53,08:40-08:50,4.781940571428436
2025-04-18,99,99,16:20-16:30,1.147139523809642
2025-04-18,102,102,16:50-17:00,21.788568809523895
2025-04-18,107,111,17:40-18:30,93.03688523809527
2025-04-18,116,117,19:10-19:30,7.427780476190549
2025-04-18,121,122,20:00-20:20,30.13093999999984
2025-04-18,124,125,20:30-20:50,20.29283333333325
2025-04-18,130,131,21:30-21:50,43.4444033333333
2025-04-18,139,139,23:00-23:10,17.8716863333334
2025-04-19,1,1,00:00-00:10,24.37651666666676
2025-04-19,5,6,00:40-01:00,25.933173333333286
2025-04-19,11,13,01:40-02:10,70.74913666666686
2025-04-19,18,19,02:50-03:10,24.819196666666755
2025-04-19,22,23,03:30-03:50,27.188496666666563
2025-04-19,25,25,04:00-04:10,17.383906666666633
2025-04-19,28,29,04:30-04:50,45.96270666666658
2025-04-19,32,34,05:10-05:40,32.28127190476185
2025-04-19,38,39,06:10-06:30,41.569982857142975
2025-04-19,42,45,06:50-07:30,85.11669333333339
2025-04-19,51,52,08:20-08:40,11.280020619047491
2025-04-19,100,100,16:30-16:40,7.4755423809523975
2025-04-19,105,105,17:20-17:30,21.332886776190605
2025-04-19,108,108,17:50-18:00,3.2476652380951236
2025-04-19,110,115,18:10-19:10,68.86298428571422
2025-04-19,118,118,19:30-19:40,0.6081966666666858
2025-04-19,121,122,20:00-20:20,23.291907619047493
2025-04-19,125,125,20:40-20:50,4.461163333333275
2025-04-19,129,129,21:20-21:30,7.116333333333387
2025-04-19,132,134,21:50-22:20,30.25597733333325
2025-04-19,138,138,22:50-23:00,1.8455333333333783
2025-04-19,142,142,23:30-23:40,1.40897166666673
2025-04-20,4,4,00:30-00:40,19.955366000000026
2025-04-20,7,8,01:00-01:20,32.004867666666655
2025-04-20,13,15,02:00-02:30,36.0619999999999
2025-04-20,18,18,02:50-03:00,24.860006666666663
2025-04-20,21,24,03:20-04:00,28.042999999999402
2025-04-20,29,30,04:40-05:00,53.76356999999996
2025-04-20,33,33,05:20-05:30,24.95933333333346
2025-04-20,38,39,06:10-06:30,25.63676904761894
2025-04-20,43,47,07:00-07:50,128.74228857142845
2025-04-20,51,52,08:20-08:40,89.62989333333314
2025-04-20,55,56,09:00-09:20,27.59397857142835
2025-04-20,94,95,15:30-15:50,15.756454095238269
2025-04-20,98,99,16:10-16:30,50.2195395238096
2025-04-20,103,103,17:00-17:10,26.30980761904783
2025-04-20,106,107,17:30-17:50,24.427415238095648
2025-04-20,110,111,18:10-18:30,21.05257285714266
2025-04-20,114,116,18:50-19:20,27.315045238095536
2025-04-20,119,125,19:40-20:50,2162.670052130872
2025-04-20,129,129,21:20-21:30,14.139333333333411
2025-04-20,133,133,22:00-22:10,2.508167333333404
2025-04-20,143,144,23:40-24:00,16.40867533333335
2025-04-21,3,5,00:20-00:50,27.275863333333405
2025-04-21,8,9,01:10-01:30,30.522699999999872
2025-04-21,19,20,03:00-03:20,47.445170000000076
2025-04-21,22,22,03:30-03:40,1.2653314285713826
2025-04-21,25,26,04:00-04:20,36.84352809523805
2025-04-21,28,30,04:30-05:00,24.426690476190544
2025-04-21,32,33,05:10-05:30,10.123954285714262
2025-04-21,37,39,06:00-06:30,50.239345238095325
2025-04-21,46,46,07:30-07:40,19.609748095238388
2025-04-21,49,50,08:00-08:20,88.21504809523822
2025-04-21,94,94,15:30-15:40,1.863117095237726
2025-04-21,107,109,17:40-18:10,71.02129804761884
2025-04-21,112,114,18:30-19:00,37.081363333333286
2025-04-21,119,122,19:40-20:20,52.218145238095076
2025-04-21,124,125,20:30-20:50,226.45190854988277
2025-04-21,127,130,21:00-21:40,81.96968400390415
2025-04-21,133,133,22:00-22:10,0.11653066666644918
2025-04-21,136,136,22:30-22:40,24.710536000000047
2025-04-22,4,4,00:30-00:40,29.840073333333635
2025-04-22,7,7,01:00-01:10,7.374563333333413
2025-04-22,10,11,01:30-01:50,11.812916666666524
2025-04-22,17,17,02:40-02:50,19.36249333333319
2025-04-22,21,22,03:20-03:40,45.03615809523811
2025-04-22,26,27,04:10-04:30,17.262673333333623
2025-04-22,30,30,04:50-05:00,57.45600000000002
2025-04-22,35,36,05:40-06:00,12.985305714285573
2025-04-22,41,42,06:40-07:00,66.04155714285747
2025-04-22,45,46,07:20-07:40,36.852086190476484
2025-04-22,52,55,08:30-09:10,108.64238476190508
2025-04-22,92,93,15:10-15:30,65.13763714285722
2025-04-22,99,99,16:20-16:30,30.15360309523851
2025-04-22,104,105,17:10-17:30,19.55240338095217
2025-04-22,108,108,17:50-18:00,22.884267142857198
2025-04-22,110,111,18:10-18:30,54.25046904761932
2025-04-22,114,115,18:50-19:10,15.798343809523999
2025-04-22,118,125,19:30-20:50,3079.7951322428025
2025-04-22,128,131,21:10-21:50,129.987664023333
2025-04-22,139,139,23:00-23:10,1.8783776666666654
2025-04-22,143,144,23:40-24:00,16.54508533333319
2025-04-23,1,1,00:00-00:10,24.45564333333334
2025-04-23,3,3,00:20-00:30,10.191320000000132
2025-04-23,6,6,00:50-01:00,27.532713333333277
2025-04-23,10,11,01:30-01:50,15.223990333333859
2025-04-23,14,14,02:10-02:20,1.9212233333332733
2025-04-23,18,18,02:50-03:00,14.054973333333464
2025-04-23,21,22,03:20-03:40,7.4475914285712825
2025-04-23,25,26,04:00-04:20,21.22967333333323
2025-04-23,30,30,04:50-05:00,1.1068333333334976
2025-04-23,34,34,05:30-05:40,11.45231809523813
2025-04-23,37,37,06:00-06:10,13.078703333333124
2025-04-23,40,40,06:30-06:40,13.325961428571134
2025-04-23,43,44,07:00-07:20,78.57604285714297
2025-04-23,48,48,07:50-08:00,46.4914766666667
2025-04-23,51,52,08:20-08:40,95.13611333333358
2025-04-23,90,90,14:50-15:00,4.388931391941696
2025-04-23,103,104,17:00-17:20,6.6920480952380785
2025-04-23,110,111,18:10-18:30,49.6522324285714
2025-04-23,115,116,19:00-19:20,35.70827238095228
2025-04-23,119,125,19:40-20:50,2351.481432953281
2025-04-23,127,131,21:00-21:50,98.81029742333367
2025-04-23,144,144,23:50-24:00,6.298566666666602
2025-04-24,1,1,00:00-00:10,17.325353333333396
2025-04-24,4,4,00:30-00:40,29.908307333333482
2025-04-24,7,8,01:00-01:20,20.1094066666667
2025-04-24,12,12,01:50-02:00,11.065940000000069
2025-04-24,21,22,03:20-03:40,9.984126666666464
2025-04-24,25,25,04:00-04:10,4.862734285714267
2025-04-24,33,33,05:20-05:30,14.999892857142958
2025-04-24,37,38,06:00-06:20,38.404851428571305
2025-04-24,43,44,07:00-07:20,51.22547380952392
2025-04-24,46,46,07:30-07:40,27.405495238095114
2025-04-24,49,50,08:00-08:20,32.98541285714259
2025-04-24,53,54,08:40-09:00,25.75027476190496
2025-04-24,57,57,09:20-09:30,19.835781190476382
2025-04-24,95,96,15:40-16:00,26.960557428571065
2025-04-24,99,99,16:20-16:30,16.7012226190476
2025-04-24,103,103,17:00-17:10,19.669885238095105
2025-04-24,106,107,17:30-17:50,23.157889523809416
2025-04-24,110,111,18:10-18:30,40.24414380952356
2025-04-24,114,114,18:50-19:00,2.5542814285714712
2025-04-24,116,118,19:10-19:40,58.386570000000006
2025-04-24,122,123,20:10-20:30,65.87326666666661
2025-04-24,127,128,21:00-21:20,27.083560999999918
2025-04-24,130,130,21:30-21:40,11.633979999999951
2025-04-24,144,144,23:50-24:00,11.540746666666564
2025-04-25,1,1,00:00-00:10,11.292039999999986
2025-04-25,4,5,00:30-00:50,57.24519333333342
2025-04-25,8,9,01:10-01:30,26.62729666666695
2025-04-25,12,14,01:50-02:20,25.749760000000038
2025-04-25,17,18,02:40-03:00,17.5528566666668
2025-04-25,21,21,03:20-03:30,3.8891166666666095
2025-04-25,25,26,04:00-04:20,72.46286333333336
2025-04-25,29,30,04:40-05:00,36.720033809523954
2025-04-25,33,33,05:20-05:30,13.625409047619016
2025-04-25,38,40,06:10-06:40,48.53907285714291
2025-04-25,44,45,07:10-07:30,42.15942180952379
2025-04-25,54,54,08:50-09:00,6.476863333333085
2025-04-25,102,103,16:50-17:10,29.747433095238392
2025-04-25,106,107,17:30-17:50,10.978837619047539
2025-04-25,111,113,18:20-18:50,76.06582523809533
2025-04-25,116,117,19:10-19:30,24.202516666666895
2025-04-25,120,122,19:50-20:20,48.77004333333343
2025-04-25,125,126,20:40-21:00,17.348709999999983
2025-04-25,130,130,21:30-21:40,29.936756666666668
2025-04-25,133,133,22:00-22:10,7.806969666666646
2025-04-25,136,137,22:30-22:50,48.026609000000235
2025-04-25,142,142,23:30-23:40,36.3885416666667
2025-04-26,2,2,00:10-00:20,23.73111
2025-04-26,4,5,00:30-00:50,24.936743333333254
2025-04-26,7,7,01:00-01:10,7.268136666666635
2025-04-26,11,12,01:40-02:00,29.165093333333402
2025-04-26,15,16,02:20-02:40,50.39598999999998
2025-04-26,19,20,03:00-03:20,18.55283333333324
2025-04-26,26,27,04:10-04:30,75.18436619047623
2025-04-26,30,31,04:50-05:10,69.42302571428576
2025-04-26,34,36,05:30-06:00,55.59534119047623
2025-04-26,41,42,06:40-07:00,63.79565666666673
2025-04-26,45,45,07:20-07:30,1.2266952380952034
2025-04-26,99,100,16:20-16:40,11.416642857143017
2025-04-26,103,103,17:00-17:10,18.37955571428563
2025-04-26,106,106,17:30-17:40,18.041964285714158
2025-04-26,110,112,18:10-18:40,100.18752047619046
2025-04-26,117,118,19:20-19:40,13.148294761904708
2025-04-26,121,122,20:00-20:20,36.944720000000075
2025-04-26,125,126,20:40-21:00,143.14737447618916
2025-04-26,130,131,21:30-21:50,26.025796666666565
2025-04-26,135,135,22:20-22:30,43.75603333333356
2025-04-27,2,4,00:10-00:40,63.92778333333308
2025-04-27,7,7,01:00-01:10,10.549532666666778
2025-04-27,13,14,02:00-02:20,16.34717133333345
2025-04-27,17,18,02:40-03:00,6.11715666666646
2025-04-27,21,23,03:20-03:50,58.9528466666668
2025-04-27,27,27,04:20-04:30,6.140333333333274
2025-04-27,30,30,04:50-05:00,1.4436666666670135
2025-04-27,35,36,05:40-06:00,49.62500523809524
2025-04-27,38,39,06:10-06:30,53.33457428571421
2025-04-27,42,45,06:50-07:30,80.54473380952385
2025-04-27,49,50,08:00-08:20,96.04951238095202
2025-04-27,53,55,08:40-09:10,30.54834904761924
2025-04-27,64,64,10:30-10:40,46.01770442857105
2025-04-27,90,91,14:50-15:10,56.683438571428326
2025-04-27,97,98,16:00-16:20,46.511620952380895
2025-04-27,101,102,16:40-17:00,41.901690952380534
2025-04-27,108,109,17:50-18:10,48.038199523809524
2025-04-27,112,113,18:30-18:50,42.05652338095249
2025-04-27,115,116,19:00-19:20,11.186017142857509
2025-04-27,118,119,19:30-19:50,26.729290952381007
2025-04-27,121,124,20:00-20:40,2769.4675646536657
2025-04-27,127,130,21:00-21:40,53.16971579000028
2025-04-27,134,134,22:10-22:20,3.774445000000128
2025-04-27,139,139,23:00-23:10,1.7079130000001896
2025-04-27,143,144,23:40-24:00,46.0357406666667
2025-04-28,1,1,00:00-00:10,15.031636666666714
2025-04-28,3,4,00:20-00:40,27.809120000000007
2025-04-28,6,7,00:50-01:10,21.335643333333564
2025-04-28,10,11,01:30-01:50,65.50324666666677
2025-04-28,15,15,02:20-02:30,9.657099999999787
2025-04-28,17,18,02:40-03:00,22.28049999999996
2025-04-28,20,21,03:10-03:30,16.335069999999746
2025-04-28,24,24,03:50-04:00,9.937000000000012
2025-04-28,26,27,04:10-04:30,24.16136761904751
2025-04-28,31,31,05:00-05:10,18.132720952380964
2025-04-28,35,36,05:40-06:00,47.31614238095267
2025-04-28,41,42,06:40-07:00,76.52958000000007
2025-04-28,45,45,07:20-07:30,12.533407619047807
2025-04-28,47,48,07:40-08:00,28.54477285714279
2025-04-28,50,51,08:10-08:30,132.96840285714336
2025-04-28,54,59,08:50-09:50,588.62925237381
2025-04-28,87,87,14:20-14:30,40.44433523809505
2025-04-28,90,90,14:50-15:00,5.223651904761368
2025-04-28,93,93,15:20-15:30,12.798556190476233
2025-04-28,96,96,15:50-16:00,24.578417142856892
2025-04-28,101,102,16:40-17:00,24.16856571428559
2025-04-28,105,108,17:20-18:00,25.75987095238149
2025-04-28,111,111,18:20-18:30,20.638780476190462
2025-04-28,113,127,18:40-21:10,8110.998942430718
2025-04-28,129,131,21:20-21:50,47.201568166667016
2025-04-28,141,141,23:20-23:30,2.2114400000000387
2025-04-28,144,144,23:50-24:00,16.642370000000028
2025-04-29,4,4,00:30-00:40,11.657133333333377
2025-04-29,7,8,01:00-01:20,13.70700799999986
2025-04-29,11,11,01:40-01:50,6.692080000000033
2025-04-29,16,17,02:30-02:50,25.27819000000011
2025-04-29,24,24,03:50-04:00,11.639666666666585
2025-04-29,27,27,04:20-04:30,19.36868857142872
2025-04-29,30,30,04:50-05:00,2.9407223809524794
2025-04-29,35,35,05:40-05:50,1.1266623809522116
2025-04-29,40,41,06:30-06:50,25.994840476190404
2025-04-29,47,48,07:40-08:00,44.940696666666554
2025-04-29,51,52,08:20-08:40,57.12542714285712
2025-04-29,89,90,14:40-15:00,33.650561428571336
2025-04-29,93,94,15:20-15:40,67.41726095238118
2025-04-29,98,99,16:10-16:30,66.98625809523782
2025-04-29,103,103,17:00-17:10,2.980921428571378
2025-04-29,108,109,17:50-18:10,40.13977571428559
2025-04-29,112,112,18:30-18:40,28.285115238095358
2025-04-29,115,116,19:00-19:20,44.51818095238093
2025-04-29,118,125,19:30-20:50,819.0276059983378
2025-04-29,131,131,21:40-21:50,5.832183899999677
2025-04-29,135,135,22:20-22:30,10.552449999999908
2025-04-29,141,142,23:20-23:40,14.634306000000151
2025-04-30,1,2,00:00-00:20,11.88494999999989
2025-04-30,7,8,01:00-01:20,30.883194666666782
2025-04-30,10,10,01:30-01:40,0.26617333333342685
2025-04-30,13,16,02:00-02:40,62.537123333333284
2025-04-30,22,23,03:30-03:50,9.184689047619166
2025-04-30,27,28,04:20-04:40,27.235899047619
2025-04-30,31,31,05:00-05:10,1.9002014285715632
2025-04-30,35,37,05:40-06:10,46.6087519047619
2025-04-30,40,41,06:30-06:50,56.752883333333386
2025-04-30,43,43,07:00-07:10,22.139476666666837
2025-04-30,47,47,07:40-07:50,1.408864285714344
2025-04-30,51,51,08:20-08:30,5.051854285714057
2025-04-30,62,62,10:10-10:20,19.710105571427903
2025-04-30,105,105,17:20-17:30,16.43345904761901
2025-04-30,108,108,17:50-18:00,9.314596666666517
2025-04-30,111,111,18:20-18:30,19.172476190476186
2025-04-30,115,116,19:00-19:20,67.027498095238
2025-04-30,120,129,19:50-21:30,2467.280819589664
2025-04-30,133,133,22:00-22:10,6.78059200000007
2025-04-30,143,144,23:40-24:00,19.852614000000358
2025-05-01,1,1,00:00-00:10,34.641036666666764
2025-05-01,3,4,00:20-00:40,8.51220333333356
2025-05-01,7,7,01:00-01:10,3.6790300000000116
2025-05-01,10,11,01:30-01:50,29.547230333333232
2025-05-01,13,14,02:00-02:20,35.37554999999986
2025-05-01,19,20,03:00-03:20,47.59591666666654
2025-05-01,23,24,03:40-04:00,23.736827142857084
2025-05-01,27,28,04:20-04:40,38.11487761904766
2025-05-01,31,32,05:00-05:20,61.53150804761919
2025-05-01,35,41,05:40-06:50,102.45823142857142
2025-05-01,43,43,07:00-07:10,26.355680000000064
2025-05-01,46,47,07:30-07:50,62.77020761904748
2025-05-01,51,52,08:20-08:40,59.106226190476036
2025-05-01,55,55,09:00-09:10,21.776656190475933
2025-05-01,96,96,15:50-16:00,26.295642857143093
2025-05-01,99,99,16:20-16:30,33.38489380952399
2025-05-01,102,105,16:50-17:30,60.786049047619
2025-05-01,107,108,17:40-18:00,55.740177142857306
2025-05-01,112,112,18:30-18:40,9.453917142856895
2025-05-01,115,116,19:00-19:20,69.10937333333311
2025-05-01,118,132,19:30-22:00,4356.463189532375
2025-05-01,141,141,23:20-23:30,40.32767999999987
2025-05-02,1,1,00:00-00:10,26.63994666666673
2025-05-02,8,10,01:10-01:40,38.578009999999836
2025-05-02,13,13,02:00-02:10,16.025303333333284
2025-05-02,17,18,02:40-03:00,48.87228666666664
2025-05-02,21,22,03:20-03:40,33.406759047619005
2025-05-02,26,27,04:10-04:30,54.59507095238109
2025-05-02,30,31,04:50-05:10,20.48441714285707
2025-05-02,35,38,05:40-06:20,54.367126190476085
2025-05-02,41,45,06:40-07:30,371.49550323809666
2025-05-02,98,100,16:10-16:40,111.9355580952381
2025-05-02,104,104,17:10-17:20,16.551167142857196
2025-05-02,107,108,17:40-18:00,57.60731047619049
2025-05-02,115,116,19:00-19:20,37.46480761904763
2025-05-02,118,119,19:30-19:50,52.228730952381056
2025-05-02,122,131,20:10-21:50,2340.8091532627896
2025-05-02,134,134,22:10-22:20,24.34823666666665
2025-05-02,142,143,23:30-23:50,29.473283333333256
2025-05-03,1,1,00:00-00:10,3.431693333333328
2025-05-03,4,4,00:30-00:40,25.99935999999991
2025-05-03,7,8,01:00-01:20,75.21380133333321
2025-05-03,15,16,02:20-02:40,10.477199999999982
2025-05-03,19,21,03:00-03:30,23.027333333333274
2025-05-03,23,24,03:40-04:00,30.779433333333373
2025-05-03,27,27,04:20-04:30,21.16211047619049
2025-05-03,30,31,04:50-05:10,23.380969047619033
2025-05-03,34,35,05:30-05:50,26.190009047619135
2025-05-03,39,40,06:20-06:40,23.20385142857134
2025-05-03,42,44,06:50-07:20,68.10505
2025-05-03,101,102,16:40-17:00,27.93388285714269
2025-05-03,104,105,17:10-17:30,26.893967619047658
2025-05-03,109,111,18:00-18:30,106.44552380952382
2025-05-03,114,114,18:50-19:00,69.37719428571427
2025-05-03,118,120,19:30-20:00,68.98533333333359
2025-05-03,123,131,20:20-21:50,1563.816924285714
2025-05-03,134,134,22:10-22:20,2.633158000000037
2025-05-04,1,1,00:00-00:10,10.960120000000074
2025-05-04,3,3,00:20-00:30,19.09927666666647
2025-05-04,7,7,01:00-01:10,20.60358666666673
2025-05-04,16,19,02:30-03:10,39.46805238095453
2025-05-04,25,25,04:00-04:10,33.82098785714288
2025-05-04,31,32,05:00-05:20,24.223369000000027
2025-05-04,34,34,05:30-05:40,27.44067819047642
2025-05-04,37,38,06:00-06:20,29.352175238095015
2025-05-04,40,41,06:30-06:50,12.439762857142739
2025-05-04,44,45,07:10-07:30,44.078640952380965
2025-05-04,48,51,07:50-08:30,117.31678285714293
2025-05-04,100,101,16:30-16:50,26.379737619047432
2025-05-04,104,105,17:10-17:30,16.95004095238096
2025-05-04,107,109,17:40-18:10,44.95418809523774
2025-05-04,112,113,18:30-18:50,131.11639857142848
2025-05-04,118,119,19:30-19:50,33.00534333333337
2025-05-04,121,132,20:00-22:00,2870.213563387041
2025-05-05,1,2,00:00-00:20,28.639288999999962
2025-05-05,6,6,00:50-01:00,14.377783333333355
2025-05-05,9,9,01:20-01:30,9.075709999999958
2025-05-05,13,14,02:00-02:20,72.58182399999987
2025-05-05,29,30,04:40-05:00,36.435115714285814
2025-05-05,33,33,05:20-05:30,0.7549047619047293
2025-05-05,37,38,06:00-06:20,45.78632999999991
2025-05-05,40,41,06:30-06:50,42.646477619047744
2025-05-05,43,47,07:00-07:50,113.03851857142831
2025-05-05,53,57,08:40-09:30,369.39435578079826
2025-05-05,99,101,16:20-16:50,91.54099333333306
2025-05-05,103,106,17:00-17:40,65.85206904761881
2025-05-05,109,110,18:00-18:20,106.82720904761938
2025-05-05,112,113,18:30-18:50,24.994099523809552
2025-05-05,117,125,19:20-20:50,5175.668102581904
2025-05-05,127,128,21:00-21:20,44.16809106995868
2025-05-05,130,130,21:30-21:40,8.946782100000064
2025-05-06,4,5,00:30-00:50,37.373939999999834
2025-05-06,14,15,02:10-02:30,12.328899999999862
2025-05-06,19,20,03:00-03:20,49.542530000000056
2025-05-06,25,27,04:00-04:30,43.724666666666565
2025-05-06,31,32,05:00-05:20,7.108733809523713
2025-05-06,36,37,05:50-06:10,29.781804285714543
2025-05-06,40,40,06:30-06:40,33.82160285714281
2025-05-06,43,45,07:00-07:30,86.7697261904762
2025-05-06,47,48,07:40-08:00,35.529037619047585
2025-05-06,50,51,08:10-08:30,74.44964000000004
2025-05-06,53,59,08:40-09:50,423.6903666666666
2025-05-06,94,95,15:30-15:50,26.881626666666648
2025-05-06,100,101,16:30-16:50,35.555278095238066
2025-05-06,103,103,17:00-17:10,7.16611857142874
2025-05-06,106,106,17:30-17:40,19.596598571428586
2025-05-06,109,112,18:00-18:40,97.60818476190474
2025-05-06,115,116,19:00-19:20,54.3913633333334
2025-05-06,119,125,19:40-20:50,3056.458109301722
2025-05-06,128,132,21:10-22:00,170.57266876666642
2025-05-07,3,4,00:20-00:40,13.375936666666576
2025-05-07,15,15,02:20-02:30,2.0947366666667904
2025-05-07,18,18,02:50-03:00,5.797666666666487
2025-05-07,22,22,03:30-03:40,8.344193333333351
2025-05-07,25,25,04:00-04:10,7.146365666666611
2025-05-07,31,32,05:00-05:20,15.926702380952317
2025-05-07,35,35,05:40-05:50,1.290371904761912
2025-05-07,39,41,06:20-06:50,68.24329857142874
2025-05-07,43,44,07:00-07:20,28.13103238095215
2025-05-07,47,48,07:40-08:00,23.27943714285709
2025-05-07,50,51,08:10-08:30,27.80260571428596
2025-05-07,53,55,08:40-09:10,89.68466619047581
2025-05-07,89,90,14:40-15:00,13.940181904762085
2025-05-07,98,100,16:10-16:40,101.15350619047615
2025-05-07,103,105,17:00-17:30,89.86198809523827
2025-05-07,108,109,17:50-18:10,20.86439380952345
2025-05-07,112,114,18:30-19:00,72.08105952380933
2025-05-07,116,125,19:10-20:50,4685.130248628428
2025-05-07,128,131,21:10-21:50,109.05618543333321
2025-05-08,16,16,02:30-02:40,8.204186666666715
2025-05-08,19,19,03:00-03:10,5.62338566666665
2025-05-08,29,31,04:40-05:10,56.46822023809527
2025-05-08,35,35,05:40-05:50,2.6124014285714594
2025-05-08,37,37,06:00-06:10,8.168540476190401
2025-05-08,40,41,06:30-06:50,38.12961142857165
2025-05-08,44,45,07:10-07:30,48.30328095238053
2025-05-08,49,50,08:00-08:20,31.463173809523937
2025-05-08,52,53,08:30-08:50,86.61793666666676
2025-05-08,55,56,09:00-09:20,45.021858095238144
2025-05-08,87,88,14:20-14:40,91.35907380952415
2025-05-08,92,92,15:10-15:20,0.8505447619045299
2025-05-08,106,107,17:30-17:50,142.4082725714288
2025-05-08,112,113,18:30-18:50,63.32707809523817
2025-05-08,116,117,19:10-19:30,16.017940952381196
2025-05-08,119,125,19:40-20:50,4143.3723582556495
2025-05-08,130,131,21:30-21:50,110.60029246666645
2025-05-08,142,142,23:30-23:40,1.5069846666667672
2025-05-09,1,1,00:00-00:10,33.39818333333335
2025-05-09,4,5,00:30-00:50,68.32327000000004
2025-05-09,10,11,01:30-01:50,32.39624999999995
2025-05-09,15,17,02:20-02:50,44.01267999999982
2025-05-09,24,24,03:50-04:00,9.60030380952395
2025-05-09,26,27,04:10-04:30,10.722923333333426
2025-05-09,30,30,04:50-05:00,15.788852857142842
2025-05-09,32,33,05:10-05:30,18.8320704761906
2025-05-09,37,38,06:00-06:20,22.915872857142773
2025-05-09,40,40,06:30-06:40,0.7273347619047286
2025-05-09,43,45,07:00-07:30,83.31423809523824
2025-05-09,99,99,16:20-16:30,4.632916666666688
2025-05-09,101,102,16:40-17:00,79.75290483690986
2025-05-09,108,109,17:50-18:10,59.9355076190476
2025-05-09,112,113,18:30-18:50,35.96678619047617
2025-05-09,115,117,19:00-19:30,57.96333333333325
2025-05-09,119,120,19:40-20:00,53.50094809523807
2025-05-09,123,125,20:20-20:50,37.47219000000007
2025-05-09,128,129,21:10-21:30,17.678546666666648
2025-05-10,2,2,00:10-00:20,0.8465966666667555
2025-05-10,4,4,00:30-00:40,22.846949999999936
2025-05-10,7,8,01:00-01:20,35.86821666666657
2025-05-10,11,12,01:40-02:00,34.13726333333335
2025-05-10,15,15,02:20-02:30,36.17133333333328
2025-05-10,18,20,02:50-03:20,32.11461904761899
2025-05-10,24,25,03:50-04:10,80.26654619047628
2025-05-10,28,30,04:30-05:00,26.763666666666722
2025-05-10,32,33,05:10-05:30,33.25904047619044
2025-05-10,38,42,06:10-07:00,20.16163333333344
2025-05-10,44,44,07:10-07:20,3.9450199999999427
2025-05-10,46,47,07:30-07:50,25.894133333333343
2025-05-10,98,98,16:10-16:20,14.518997619048037
2025-05-10,100,101,16:30-16:50,11.236700476190492
2025-05-10,107,109,17:40-18:10,52.17491047619049
2025-05-10,111,112,18:20-18:40,34.03165714285723
2025-05-10,116,118,19:10-19:40,82.31688380952369
2025-05-10,121,121,20:00-20:10,6.279695238095201
2025-05-10,124,125,20:30-20:50,45.0023533333333
2025-05-10,129,129,21:20-21:30,35.73622000000012
2025-05-10,144,144,23:50-24:00,3.3790966666667828
2025-05-11,9,9,01:20-01:30,6.3851533333335055
2025-05-11,13,13,02:00-02:10,15.817527000000041
2025-05-11,16,16,02:30-02:40,12.666116666666653
2025-05-11,20,21,03:10-03:30,4.668386666666729
2025-05-11,24,24,03:50-04:00,3.9300771428573853
2025-05-11,28,28,04:30-04:40,10.32601666666676
2025-05-11,37,38,06:00-06:20,25.073224761905067
2025-05-11,40,40,06:30-06:40,8.093886190475928
2025-05-11,44,45,07:10-07:30,40.45593476190464
2025-05-11,48,49,07:50-08:10,91.10775952380982
2025-05-11,52,53,08:30-08:50,15.821717619047831
2025-05-11,55,59,09:00-09:50,96.52615809523786
2025-05-11,86,87,14:10-14:30,16.35988952380933
2025-05-11,93,93,15:20-15:30,1.7498999999995704
2025-05-11,95,95,15:40-15:50,1.1901390476189135
2025-05-11,106,107,17:30-17:50,24.175784285714542
2025-05-11,109,112,18:00-18:40,116.29026095238103
2025-05-11,115,117,19:00-19:30,93.64873
2025-05-11,120,125,19:50-20:50,3019.3533318268182
2025-05-11,130,130,21:30-21:40,13.801293333333206
2025-05-12,10,10,01:30-01:40,21.17816399999981
2025-05-12,14,15,02:10-02:30,17.94477100000006
2025-05-12,18,19,02:50-03:10,41.18684999999982
2025-05-12,26,26,04:10-04:20,5.231137142857139
2025-05-12,35,36,05:40-06:00,33.59587099999979
2025-05-12,43,43,07:00-07:10,3.1957780952380404
2025-05-12,49,49,08:00-08:10,13.828653809523757
2025-05-12,52,54,08:30-09:00,99.4188028571433
2025-05-12,95,95,15:40-15:50,7.153356190475847
2025-05-12,97,98,16:00-16:20,27.295530476190606
2025-05-12,100,101,16:30-16:50,35.63417952380951
2025-05-12,103,103,17:00-17:10,2.4328785714286028
2025-05-12,107,108,17:40-18:00,8.842390952380498
2025-05-12,110,111,18:10-18:30,65.68594952380947
2025-05-12,114,116,18:50-19:20,99.67601000000002
2025-05-12,121,122,20:00-20:20,57.53803000000016
2025-05-12,125,125,20:40-20:50,33.03046142857124
2025-05-13,22,22,03:30-03:40,0.3135133333333897
2025-05-13,25,26,04:00-04:20,44.73117233333331
2025-05-13,35,36,05:40-06:00,48.82055380952389
2025-05-13,39,39,06:20-06:30,12.736767142857161
2025-05-13,42,44,06:50-07:20,69.8919180952384
2025-05-13,48,50,07:50-08:20,101.25675285714306
2025-05-13,54,55,08:50-09:10,14.948768571428559
2025-05-13,97,98,16:00-16:20,15.782206666666639
2025-05-13,107,107,17:40-17:50,5.742294761904674
2025-05-13,110,111,18:10-18:30,24.274511904761816
2025-05-13,113,115,18:40-19:10,84.76974142857148
2025-05-13,118,119,19:30-19:50,24.088403333333417
2025-05-13,121,124,20:00-20:40,1892.7523081809356
2025-05-13,128,128,21:10-21:20,1.7278066666667655
2025-05-13,130,130,21:30-21:40,4.246059999999829
2025-05-14,13,14,02:00-02:20,6.874100000000226
2025-05-14,21,24,03:20-04:00,24.97286190476141
2025-05-14,28,29,04:30-04:50,49.28690238095241
2025-05-14,35,36,05:40-06:00,23.9591690476189
2025-05-14,38,40,06:10-06:40,65.13443952380953
2025-05-14,43,45,07:00-07:30,33.122369047618974
2025-05-14,49,50,08:00-08:20,34.48495238095268
2025-05-14,94,94,15:30-15:40,7.4152706190476465
2025-05-14,103,104,17:00-17:20,57.43459809523779
2025-05-14,106,107,17:30-17:50,7.265980476190606
2025-05-14,109,109,18:00-18:10,14.002705714285469
2025-05-14,112,113,18:30-18:50,36.17638047619029
2025-05-14,115,115,19:00-19:10,2.9997871428570306
2025-05-14,118,120,19:30-20:00,89.71833333333348
2025-05-14,123,125,20:20-20:50,1434.182934141484
2025-05-14,128,130,21:10-21:40,52.61535999999978
2025-05-15,12,12,01:50-02:00,25.735999999999876
2025-05-15,16,17,02:30-02:50,18.193660333333128
2025-05-15,27,28,04:20-04:40,21.312805238095166
2025-05-15,35,36,05:40-06:00,53.61051904761885
2025-05-15,39,39,06:20-06:30,8.148842857142938
2025-05-15,41,42,06:40-07:00,73.2347380952379
2025-05-15,44,46,07:10-07:40,76.43452904761887
2025-05-15,51,52,08:20-08:40,50.279373809523804
2025-05-15,87,87,14:20-14:30,11.68958333333353
2025-05-15,92,92,15:10-15:20,8.11787047619066
2025-05-15,95,96,15:40-16:00,56.031960000000254
2025-05-15,98,99,16:10-16:30,71.46702095238095
2025-05-15,105,105,17:20-17:30,23.47849999999977
2025-05-15,108,108,17:50-18:00,10.457725714285715
2025-05-15,111,111,18:20-18:30,13.85965476190497
2025-05-15,113,114,18:40-19:00,51.51152761904741
2025-05-15,117,118,19:20-19:40,28.39348714285711
2025-05-15,121,124,20:00-20:40,924.7015933415629
2025-05-15,128,129,21:10-21:30,11.13558013333336
2025-05-16,1,3,00:00-00:30,53.59600000000012
2025-05-16,8,10,01:10-01:40,41.1561866666666
2025-05-16,13,13,02:00-02:10,12.054450000000031
2025-05-16,16,16,02:30-02:40,10.1984966666667
2025-05-16,19,20,03:00-03:20,39.98079190476193
2025-05-16,23,24,03:40-04:00,15.293887619047553
2025-05-16,28,31,04:30-05:10,41.311840952381075
2025-05-16,35,36,05:40-06:00,38.252814761904574
2025-05-16,40,43,06:30-07:10,55.34384333333338
2025-05-16,106,106,17:30-17:40,13.885616190476128
2025-05-16,109,110,18:00-18:20,114.11078428571429
2025-05-16,112,112,18:30-18:40,2.147097619047713
2025-05-16,116,118,19:10-19:40,8.85779714285701
2025-05-16,121,122,20:00-20:20,112.29455333333351
2025-05-16,127,128,21:00-21:20,36.79168333333337
2025-05-16,142,142,23:30-23:40,0.15616933333330962
2025-05-17,1,2,00:00-00:20,28.286833333333277
2025-05-17,7,10,01:00-01:40,50.19397333333342
2025-05-17,13,14,02:00-02:20,39.3630133333333
2025-05-17,17,17,02:40-02:50,13.399423333333345
2025-05-17,20,22,03:10-03:40,60.549883333333355
2025-05-17,25,26,04:00-04:20,5.851130000000012
2025-05-17,29,31,04:40-05:10,29.997951428571383
2025-05-17,35,36,05:40-06:00,11.646387142857293
2025-05-17,38,39,06:10-06:30,25.36716619047624
2025-05-17,99,102,16:20-17:00,105.81755952380959
2025-05-17,109,110,18:00-18:20,95.84611523809536
2025-05-17,112,112,18:30-18:40,27.07408333333342
2025-05-17,115,118,19:00-19:40,120.8659695238095
2025-05-17,121,123,20:00-20:30,69.04866666666658
2025-05-18,9,10,01:20-01:40,46.881923333333475
2025-05-18,13,14,02:00-02:20,34.8685066666668
2025-05-18,17,18,02:40-03:00,36.14498333333313
2025-05-18,21,24,03:20-04:00,33.72866666666664
2025-05-18,26,27,04:10-04:30,13.749126666666712
2025-05-18,30,30,04:50-05:00,12.288000000000011
2025-05-18,33,33,05:20-05:30,19.585594523809505
2025-05-18,38,39,06:10-06:30,25.734227619047317
2025-05-18,41,42,06:40-07:00,35.16747142857133
2025-05-18,45,47,07:20-07:50,126.55444476190462
2025-05-18,50,51,08:10-08:30,40.834067142857066
2025-05-18,107,107,17:40-17:50,6.918879523809522
2025-05-18,109,110,18:00-18:20,22.268740000000093
2025-05-18,115,116,19:00-19:20,34.581423333333305
2025-05-18,118,124,19:30-20:40,3589.796736598123
2025-05-18,128,128,21:10-21:20,14.518724133333217
2025-05-18,130,130,21:30-21:40,26.07212436666657
2025-05-19,11,12,01:40-02:00,8.319559999999683
2025-05-19,28,28,04:30-04:40,3.331462380952434
2025-05-19,33,33,05:20-05:30,1.3625788095240026
2025-05-19,37,39,06:00-06:30,42.395928571428556
2025-05-19,42,42,06:50-07:00,20.222477619047822
2025-05-19,44,45,07:10-07:30,5.851713809523915
2025-05-19,47,49,07:40-08:10,71.13776952380942
2025-05-19,55,55,09:00-09:10,7.785750000000007
2025-05-19,99,99,16:20-16:30,0.642958927478162
2025-05-19,108,108,17:50-18:00,40.473820000000245
2025-05-19,113,115,18:40-19:10,51.45142666666692
2025-05-19,118,118,19:30-19:40,14.456949523809385
2025-05-19,121,123,20:00-20:30,153.6473333333336
2025-05-19,129,129,21:20-21:30,51.182016666666755
2025-05-20,6,6,00:50-01:00,3.0336666666667043
2025-05-20,14,15,02:10-02:30,21.340243333333433
2025-05-20,21,22,03:20-03:40,8.202446190476063
2025-05-20,34,35,05:30-05:50,14.085596809523736
2025-05-20,38,40,06:10-06:40,48.50933190476218
2025-05-20,44,45,07:10-07:30,47.47446904761904
2025-05-20,48,52,07:50-08:40,105.28885095238104
2025-05-20,85,85,14:00-14:10,9.413589047619098
2025-05-20,89,89,14:40-14:50,29.719699999999875
2025-05-20,93,94,15:20-15:40,69.77027333333305
2025-05-20,108,109,17:50-18:10,40.57116904761898
2025-05-20,112,114,18:30-19:00,73.09659999999994
2025-05-20,117,117,19:20-19:30,52.02869999999996
2025-05-20,119,125,19:40-20:50,3891.0636630003096
2025-05-20,129,131,21:20-21:50,51.38509516666636
2025-05-21,8,8,01:10-01:20,0.12650899999982812
2025-05-21,12,12,01:50-02:00,7.161253333333434
2025-05-21,17,18,02:40-03:00,54.92869999999982
2025-05-21,21,21,03:20-03:30,0.31484333333298764
2025-05-21,28,29,04:30-04:50,41.61468095238082
2025-05-21,33,33,05:20-05:30,7.240918333333283
2025-05-21,37,37,06:00-06:10,9.766721428571373
2025-05-21,40,40,06:30-06:40,14.260720952381007
2025-05-21,43,43,07:00-07:10,17.76311142857145
2025-05-21,46,47,07:30-07:50,13.827015238095328
2025-05-21,49,50,08:00-08:20,49.66087523809506
2025-05-21,52,55,08:30-09:10,102.76859428571402
2025-05-21,89,90,14:40-15:00,43.182929047619126
2025-05-21,92,94,15:10-15:40,75.54110190476172
2025-05-21,97,97,16:00-16:10,4.589183333333722
2025-05-21,101,101,16:40-16:50,5.057371428571344
2025-05-21,108,108,17:50-18:00,14.908551904761907
2025-05-21,110,111,18:10-18:30,54.52616285714282
2025-05-21,114,114,18:50-19:00,4.35573428571422
2025-05-21,116,118,19:10-19:40,74.64432619047614
2025-05-21,121,121,20:00-20:10,3.245550000000094
2025-05-21,123,125,20:20-20:50,951.0847011416936
2025-05-21,130,131,21:30-21:50,33.34363333333306
2025-05-22,7,8,01:00-01:20,5.892393333333189
2025-05-22,10,10,01:30-01:40,0.44641333333322564
2025-05-22,19,19,03:00-03:10,10.091239666666638
2025-05-22,25,25,04:00-04:10,10.972211428571413
2025-05-22,28,28,04:30-04:40,31.289166666666713
2025-05-22,33,34,05:20-05:40,33.66002038095202
2025-05-22,37,38,06:00-06:20,20.24228619047625
2025-05-22,40,42,06:30-07:00,36.2369761904763
2025-05-22,45,46,07:20-07:40,53.46124666666674
2025-05-22,49,50,08:00-08:20,26.0444661904761
2025-05-22,53,54,08:40-09:00,64.48283190476172
2025-05-22,95,95,15:40-15:50,9.86960428571399
2025-05-22,97,99,16:00-16:30,33.23657142857144
2025-05-22,102,102,16:50-17:00,10.8291785714286
2025-05-22,108,110,17:50-18:20,100.17562523809512
2025-05-22,114,117,18:50-19:30,52.841226666666444
2025-05-22,120,120,19:50-20:00,16.853930000000105
2025-05-22,122,124,20:10-20:40,1602.6173588538304
2025-05-23,2,3,00:10-00:30,44.19494666666657
2025-05-23,6,7,00:50-01:10,32.55726666666658
2025-05-23,11,12,01:40-02:00,31.92426333333333
2025-05-23,14,15,02:10-02:30,21.528190000000166
2025-05-23,18,20,02:50-03:20,60.49094333333318
2025-05-23,25,26,04:00-04:20,13.061504285714364
2025-05-23,28,30,04:30-05:00,20.759666666666533
2025-05-23,33,34,05:20-05:40,30.036410476190312
2025-05-23,37,38,06:00-06:20,17.600273333333405
2025-05-23,41,42,06:40-07:00,40.68247380952374
2025-05-23,103,103,17:00-17:10,3.514473333333399
2025-05-23,108,108,17:50-18:00,7.683988095238021
2025-05-23,111,112,18:20-18:40,56.71884571428558
2025-05-23,115,115,19:00-19:10,45.05691142857131
2025-05-23,118,119,19:30-19:50,50.25228428571427
2025-05-23,123,125,20:20-20:50,38.53872142857142
2025-05-23,144,144,23:50-24:00,2.6018233333334138
2025-05-24,1,1,00:00-00:10,20.65763666666669
2025-05-24,3,3,00:20-00:30,8.774186666666708
2025-05-24,6,7,00:50-01:10,19.21525666666662
2025-05-24,10,11,01:30-01:50,24.582919999999945
2025-05-24,13,16,02:00-02:40,21.12399999999991
2025-05-24,19,19,03:00-03:10,1.6848266666665381
2025-05-24,23,24,03:40-04:00,62.068019047619146
2025-05-24,28,29,04:30-04:50,39.56645761904758
2025-05-24,32,32,05:10-05:20,0.021215238095180666
2025-05-24,35,37,05:40-06:10,42.63491476190467
2025-05-24,40,41,06:30-06:50,53.24921048095208
2025-05-24,108,109,17:50-18:10,58.132041428571256
2025-05-24,112,113,18:30-18:50,45.60668619047624
2025-05-24,115,116,19:00-19:20,85.97662619047622
2025-05-24,122,123,20:10-20:30,51.929167619047575
2025-05-24,128,128,21:10-21:20,2.164176666666549
2025-05-24,130,130,21:30-21:40,1.9976900000002615
2025-05-25,8,9,01:10-01:30,5.837783333333505
2025-05-25,16,17,02:30-02:50,13.477357000000097
2025-05-25,25,25,04:00-04:10,16.5414533333336
2025-05-25,28,29,04:30-04:50,29.580066666666657
2025-05-25,34,35,05:30-05:50,11.129488809523835
2025-05-25,37,37,06:00-06:10,21.702841428571332
2025-05-25,40,41,06:30-06:50,109.60752476190464
2025-05-25,49,50,08:00-08:20,60.6722819047618
2025-05-25,52,54,08:30-09:00,141.42195238095223
2025-05-25,97,98,16:00-16:20,26.632633333333388
2025-05-25,102,102,16:50-17:00,23.48694047619034
2025-05-25,110,111,18:10-18:30,47.85209571428601
2025-05-25,114,114,18:50-19:00,7.684379523809525
2025-05-25,117,118,19:20-19:40,83.81087666666679
2025-05-25,121,122,20:00-20:20,33.69003809523838
2025-05-25,124,125,20:30-20:50,178.42969844384334
2025-05-25,130,131,21:30-21:50,57.5673577660159
2025-05-26,2,2,00:10-00:20,0.49340333333339004
2025-05-26,8,9,01:10-01:30,51.08270633333336
2025-05-26,12,12,01:50-02:00,20.658440000000155
2025-05-26,16,17,02:30-02:50,22.419549666666512
2025-05-26,26,27,04:10-04:30,28.483285193222173
2025-05-26,31,31,05:00-05:10,12.46902619047603
2025-05-26,35,35,05:40-05:50,2.969519047618803
2025-05-26,39,44,06:20-07:20,136.42846857142843
2025-05-26,49,50,08:00-08:20,94.95331095238112
2025-05-26,54,54,08:50-09:00,55.09362095238066
2025-05-26,99,99,16:20-16:30,2.277369047619004
2025-05-26,103,103,17:00-17:10,4.4651271428567725
2025-05-26,108,108,17:50-18:00,30.623612380952324
2025-05-26,111,114,18:20-19:00,49.77609952380944
2025-05-26,117,124,19:20-20:40,5141.690514948711
2025-05-26,130,131,21:30-21:50,39.5586711333332
2025-05-27,1,1,00:00-00:10,9.98326633333295
2025-05-27,10,10,01:30-01:40,5.724463333333347
2025-05-27,13,15,02:00-02:30,22.46889266666676
2025-05-27,17,18,02:40-03:00,31.821696666666526
2025-05-27,21,21,03:20-03:30,25.406906666666487
2025-05-27,23,24,03:40-04:00,18.745113333333393
2025-05-27,27,28,04:20-04:40,36.37463428571445
2025-05-27,33,33,05:20-05:30,1.2544366666665354
2025-05-27,36,37,05:50-06:10,17.087545714285852
2025-05-27,42,45,06:50-07:30,115.39363190476189
2025-05-27,48,48,07:50-08:00,2.4635866666667425
2025-05-27,50,51,08:10-08:30,38.785923333333244
2025-05-27,95,95,15:40-15:50,1.5221633333335376
2025-05-27,97,97,16:00-16:10,28.560090000000173
2025-05-27,108,108,17:50-18:00,38.924867029919966
2025-05-27,113,113,18:40-18:50,9.746416666666613
2025-05-27,115,115,19:00-19:10,15.01726333333329
2025-05-27,118,118,19:30-19:40,30.38985333333335
2025-05-27,121,125,20:00-20:50,865.5781007759309
2025-05-28,7,8,01:00-01:20,7.86856000000023
2025-05-28,12,12,01:50-02:00,18.883699999999862
2025-05-28,17,18,02:40-03:00,25.269362666666552
2025-05-28,22,22,03:30-03:40,19.17431952380963
2025-05-28,28,29,04:30-04:50,11.21958333333344
2025-05-28,33,33,05:20-05:30,4.396049047619002
2025-05-28,35,36,05:40-06:00,48.576081428571456
2025-05-28,39,42,06:20-07:00,90.1561047619046
2025-05-28,47,48,07:40-08:00,69.12476333333359
2025-05-28,54,55,08:50-09:10,50.973245238095046
2025-05-28,58,59,09:30-09:50,9.004733333333661
2025-05-28,101,102,16:40-17:00,58.46864433333354
2025-05-28,108,108,17:50-18:00,7.162584285714388
2025-05-28,111,111,18:20-18:30,15.663928571428485
2025-05-28,113,114,18:40-19:00,44.812051904761766
2025-05-28,117,124,19:20-20:40,3200.8534931024883
2025-05-29,5,5,00:40-00:50,3.8136366666667527
2025-05-29,16,18,02:30-03:00,33.485680000000116
2025-05-29,21,21,03:20-03:30,4.220000000000141
2025-05-29,25,27,04:00-04:30,45.97933333333325
2025-05-29,30,30,04:50-05:00,12.980666666666707
2025-05-29,33,33,05:20-05:30,6.325143333333429
2025-05-29,37,38,06:00-06:20,34.84719190476187
2025-05-29,41,42,06:40-07:00,104.45842476190467
2025-05-29,45,48,07:20-08:00,105.85897952380964
2025-05-29,50,51,08:10-08:30,11.571797142856667
2025-05-29,54,56,08:50-09:20,103.85569095238077
2025-05-29,95,96,15:40-16:00,36.17183619047648
2025-05-29,101,101,16:40-16:50,0.5146533333333423
2025-05-29,106,106,17:30-17:40,4.80116333333325
2025-05-29,110,111,18:10-18:30,48.29524664903062
2025-05-29,115,116,19:00-19:20,133.84003380952402
2025-05-29,118,124,19:30-20:40,4181.140642364885
2025-05-30,3,3,00:20-00:30,5.6633333333332985
2025-05-30,7,7,01:00-01:10,22.097609999999975
2025-05-30,10,13,01:30-02:10,50.32456666666661
2025-05-30,16,17,02:30-02:50,23.01152666666644
2025-05-30,20,22,03:10-03:40,95.58468000000006
2025-05-30,26,30,04:10-05:00,66.30787428571415
2025-05-30,34,36,05:30-06:00,59.515727666666734
2025-05-30,40,42,06:30-07:00,37.40459523809511
2025-05-30,98,98,16:10-16:20,23.891602857142857
2025-05-30,101,102,16:40-17:00,27.438750476190272
2025-05-30,105,105,17:20-17:30,60.52525000000031
2025-05-30,110,111,18:10-18:30,19.664800476190464
2025-05-30,113,114,18:40-19:00,50.6059433333333
2025-05-30,117,120,19:20-20:00,31.64747285714293
2025-05-30,124,124,20:30-20:40,13.86505000000011
2025-05-31,1,1,00:00-00:10,21.333640000000003
2025-05-31,4,5,00:30-00:50,73.8789946666667
2025-05-31,9,10,01:20-01:40,23.509986666666634
2025-05-31,13,13,02:00-02:10,9.32789333333335
2025-05-31,16,17,02:30-02:50,60.74908666666664
2025-05-31,20,21,03:10-03:30,10.382928571428579
2025-05-31,23,25,03:40-04:10,35.14914761904754
2025-05-31,28,29,04:30-04:50,17.422333333333313
2025-05-31,31,31,05:00-05:10,18.286279047619004
2025-05-31,35,44,05:40-07:20,337.5250705342827
2025-05-31,108,108,17:50-18:00,68.87569047619058
2025-05-31,113,114,18:40-19:00,83.07737714285724
2025-05-31,119,121,19:40-20:10,56.02771666666638
2025-05-31,124,125,20:30-20:50,94.42879142857137
2025-05-31,143,144,23:40-24:00,33.666008666666585
2025-06-01,1,1,00:00-00:10,114.6812133333334
2025-06-01,4,6,00:30-01:00,32.38366666666673
2025-06-01,9,9,01:20-01:30,17.86827666666659
2025-06-01,11,12,01:40-02:00,70.78778666666653
2025-06-01,15,15,02:20-02:30,18.134343333333277
2025-06-01,17,18,02:40-03:00,18.368303333333415
2025-06-01,21,21,03:20-03:30,0.5510133333332305
2025-06-01,24,24,03:50-04:00,16.95623000000012
2025-06-01,26,27,04:10-04:30,19.857101904761976
2025-06-01,33,33,05:20-05:30,21.127260952380666
2025-06-01,36,37,05:50-06:10,20.533451428571425
2025-06-01,41,43,06:40-07:10,64.8209457142857
2025-06-01,46,48,07:30-08:00,48.866309523809605
2025-06-01,50,70,08:10-11:40,2332.8257096904786
2025-06-01,76,77,12:30-12:50,29.437274190475705
2025-06-01,82,82,13:30-13:40,2.833835238095162
2025-06-01,85,85,14:00-14:10,61.46322476190494
2025-06-01,88,131,14:30-21:50,11644.787570315717
2025-06-02,1,1,00:00-00:10,74.08353466666676
2025-06-02,4,5,00:30-00:50,28.32270333333338
2025-06-02,7,8,01:00-01:20,18.79838666666683
2025-06-02,13,13,02:00-02:10,24.059193333333496
2025-06-02,16,16,02:30-02:40,22.97528333333321
2025-06-02,19,20,03:00-03:20,34.48340333333317
2025-06-02,22,22,03:30-03:40,0.6372242857142574
2025-06-02,26,28,04:10-04:40,46.10348095238115
2025-06-02,32,33,05:10-05:30,17.45286238095244
2025-06-02,35,36,05:40-06:00,83.47987047619043
2025-06-02,39,43,06:20-07:10,47.001809047619076
2025-06-02,46,49,07:30-08:10,157.6727952380951
2025-06-02,51,57,08:20-09:30,1271.984153067373
2025-06-02,79,80,13:00-13:20,93.28489380952362
2025-06-02,83,84,13:40-14:00,58.51331666666704
2025-06-02,87,87,14:20-14:30,1.6290685714284336
2025-06-02,90,92,14:50-15:20,142.48573904761918
2025-06-02,98,99,16:10-16:30,50.23614380952375
2025-06-02,103,131,17:00-21:50,10078.425193593326
2025-06-02,139,139,23:00-23:10,3.604702666666526
2025-06-03,1,1,00:00-00:10,69.52877033333334
2025-06-03,6,6,00:50-01:00,12.782493333333377
2025-06-03,8,9,01:10-01:30,61.488503333333256
2025-06-03,12,12,01:50-02:00,0.2412366666668504
2025-06-03,15,15,02:20-02:30,20.725930000000062
2025-06-03,17,18,02:40-03:00,34.85769999999968
2025-06-03,22,22,03:30-03:40,0.05406380952389809
2025-06-03,25,25,04:00-04:10,4.6970144761903265
2025-06-03,28,29,04:30-04:50,32.10740785714292
2025-06-03,32,33,05:10-05:30,42.63562000000016
2025-06-03,35,36,05:40-06:00,69.37960761904758
2025-06-03,39,42,06:20-07:00,93.39641476190445
2025-06-03,45,46,07:20-07:40,23.273210952381106
2025-06-03,48,62,07:50-10:20,2063.4804378366657
2025-06-03,85,85,14:00-14:10,40.91879571428558
2025-06-03,88,88,14:30-14:40,47.18305952380922
2025-06-03,92,96,15:10-16:00,104.72271095238105
2025-06-03,99,99,16:20-16:30,10.72589523809529
2025-06-03,101,102,16:40-17:00,23.215950476191097
2025-06-03,104,105,17:10-17:30,46.54722476190432
2025-06-03,108,108,17:50-18:00,4.520140476190591
2025-06-03,110,110,18:10-18:20,0.8448104761906166
2025-06-03,114,131,18:50-21:50,8036.8656876072855
2025-06-04,1,1,00:00-00:10,49.570466333333115
2025-06-04,7,8,01:00-01:20,76.11265333333313
2025-06-04,12,13,01:50-02:10,44.66587666666646
2025-06-04,19,21,03:00-03:30,32.32505333333308
2025-06-04,25,26,04:00-04:20,35.18633333333309
2025-06-04,29,30,04:40-05:00,54.52164285714275
2025-06-04,33,33,05:20-05:30,17.231049523809347
2025-06-04,36,36,05:50-06:00,34.228069047618874
2025-06-04,41,43,06:40-07:10,108.57581523809523
2025-06-04,45,45,07:20-07:30,9.384991904762046
2025-06-04,49,50,08:00-08:20,52.34237047619047
2025-06-04,52,60,08:30-10:00,808.1190581404762
2025-06-04,78,78,12:50-13:00,31.631858571428438
2025-06-04,82,83,13:30-13:50,31.904758095238094
2025-06-04,86,87,14:10-14:30,148.90228714285706
2025-06-04,92,93,15:10-15:30,81.06909761904762
2025-06-04,96,96,15:50-16:00,48.32179571428554
2025-06-04,99,99,16:20-16:30,2.3545652380951196
2025-06-04,101,102,16:40-17:00,115.01850135714255
2025-06-04,105,106,17:20-17:40,72.1024661904759
2025-06-04,109,109,18:00-18:10,29.146626190476155
2025-06-04,112,125,18:30-20:50,7995.593216821038
2025-06-04,127,130,21:00-21:40,146.77411588477344
2025-06-05,4,4,00:30-00:40,6.8266733333333605
2025-06-05,8,9,01:10-01:30,93.49485666666692
2025-06-05,12,12,01:50-02:00,0.5638199999998506
2025-06-05,17,19,02:40-03:10,44.98110523809493
2025-06-05,23,25,03:40-04:10,31.39100714285734
2025-06-05,29,31,04:40-05:10,53.48483333333328
2025-06-05,38,39,06:10-06:30,97.485015238095
2025-06-05,41,42,06:40-07:00,35.41838999999982
2025-06-05,47,60,07:40-10:00,1980.2896829300032
2025-06-05,83,83,13:40-13:50,25.769854285714473
2025-06-05,85,86,14:00-14:20,92.21054238095212
2025-06-05,89,90,14:40-15:00,75.26703380952404
2025-06-05,94,94,15:30-15:40,37.717221904761914
2025-06-05,98,99,16:10-16:30,61.7604371428572
2025-06-05,105,107,17:20-17:50,48.630420476190665
2025-06-05,110,111,18:10-18:30,43.77024761904747
2025-06-05,113,125,18:40-20:50,6853.099966705239
2025-06-05,130,131,21:30-21:50,32.22827333333328
2025-06-05,143,143,23:40-23:50,15.966976666667051
2025-06-06,1,3,00:00-00:30,119.10951
2025-06-06,6,6,00:50-01:00,33.72832333333315
2025-06-06,11,12,01:40-02:00,59.23478
2025-06-06,17,18,02:40-03:00,70.69416999999993
2025-06-06,24,25,03:50-04:10,32.26608571428574
2025-06-06,28,29,04:30-04:50,28.91111333333322
2025-06-06,32,34,05:10-05:40,40.75064523809515
2025-06-06,36,46,05:50-07:40,1489.050593809524
2025-06-06,92,94,15:10-15:40,67.67279809523814
2025-06-06,97,97,16:00-16:10,33.52865904761927
2025-06-06,100,101,16:30-16:50,28.888291904761957
2025-06-06,105,106,17:20-17:40,44.914319523809695
2025-06-06,110,111,18:10-18:30,15.567662857142949
2025-06-06,114,114,18:50-19:00,9.519405714285767
2025-06-06,116,125,19:10-20:50,5521.454850774198
2025-06-06,128,128,21:10-21:20,1.1649766666669166
2025-06-07,2,3,00:10-00:30,30.668536666666796
2025-06-07,5,6,00:40-01:00,37.79509333333334
2025-06-07,10,12,01:30-02:00,49.14675333333321
2025-06-07,16,16,02:30-02:40,7.986350000000073
2025-06-07,22,22,03:30-03:40,38.91593428571438
2025-06-07,25,26,04:00-04:20,35.99002999999999
2025-06-07,28,28,04:30-04:40,6.455755714285772
2025-06-07,31,32,05:00-05:20,21.551219523809607
2025-06-07,34,35,05:30-05:50,54.83527952380955
2025-06-07,38,46,06:10-07:40,772.1189761904757
2025-06-07,93,93,15:20-15:30,10.153333333333421
2025-06-07,96,97,15:50-16:10,103.02855571428576
2025-06-07,101,103,16:40-17:10,71.72831436437838
2025-06-07,111,112,18:20-18:40,55.05735857142842
2025-06-07,115,125,19:00-20:50,5618.6063696461015
2025-06-08,15,15,02:20-02:30,1.4907416541311704
2025-06-08,25,25,04:00-04:10,10.069948095238326
2025-06-08,33,33,05:20-05:30,10.935403809523791
2025-06-08,36,39,05:50-06:30,57.390310952381355
2025-06-08,42,43,06:50-07:10,62.349702857142745
2025-06-08,47,47,07:40-07:50,0.846439047618901
2025-06-08,53,53,08:40-08:50,1.477826190476435
2025-06-08,85,86,14:00-14:20,85.3059300000001
2025-06-08,88,89,14:30-14:50,107.84530904761925
2025-06-08,105,105,17:20-17:30,32.78465142857107
2025-06-08,107,107,17:40-17:50,5.424280000000039
2025-06-08,111,111,18:20-18:30,31.557192380952344
2025-06-08,114,116,18:50-19:20,72.07596857142858
2025-06-08,120,121,19:50-20:10,53.45586476190488
2025-06-08,125,126,20:40-21:00,28.559104761904656
2025-06-08,130,131,21:30-21:50,63.7118999999999
2025-06-09,21,21,03:20-03:30,33.96899999999994
2025-06-09,23,24,03:40-04:00,65.00015666666661
2025-06-09,28,28,04:30-04:40,25.787427142860686
2025-06-09,37,40,06:00-06:40,69.10437000000019
2025-06-09,43,43,07:00-07:10,17.744163333333233
2025-06-09,47,47,07:40-07:50,13.170244285714375
2025-06-09,49,49,08:00-08:10,16.61363761904738
2025-06-09,52,52,08:30-08:40,25.72787190476174
2025-06-09,56,57,09:10-09:30,38.469422380952665
2025-06-09,80,81,13:10-13:30,87.5889400000001
2025-06-09,86,89,14:10-14:50,118.21673761904754
2025-06-09,98,99,16:10-16:30,77.66402619047619
2025-06-09,102,102,16:50-17:00,29.117547619047173
2025-06-09,105,105,17:20-17:30,30.047523809523767
2025-06-09,111,114,18:20-19:00,44.04542904761902
2025-06-09,117,117,19:20-19:30,19.078162380952563
2025-06-09,119,120,19:40-20:00,28.880829999999833
2025-06-09,122,125,20:10-20:50,169.28074619311826
2025-06-09,130,130,21:30-21:40,31.62695999999994
2025-06-09,143,143,23:40-23:50,0.575153333333219
2025-06-10,1,1,00:00-00:10,9.074091666666845
2025-06-10,11,11,01:40-01:50,8.957146666666631
2025-06-10,15,15,02:20-02:30,4.335408320792112
2025-06-10,27,30,04:20-05:00,33.495074523809436
2025-06-10,37,38,06:00-06:20,33.025769999999966
2025-06-10,42,42,06:50-07:00,7.271023809523683
2025-06-10,47,48,07:40-08:00,127.7956833333335
2025-06-10,51,56,08:20-09:20,161.488735714286
2025-06-10,83,85,13:40-14:10,108.79232666666667
2025-06-10,89,89,14:40-14:50,67.79391571428528
2025-06-10,97,97,16:00-16:10,6.805154761904646
2025-06-10,100,101,16:30-16:50,28.58169190476218
2025-06-10,103,104,17:00-17:20,27.973230476190565
2025-06-10,110,111,18:10-18:30,60.32259857142854
2025-06-10,115,115,19:00-19:10,36.571199999999976
2025-06-10,118,119,19:30-19:50,34.86774380952363
2025-06-10,122,127,20:10-21:10,185.23160485304027
2025-06-10,130,131,21:30-21:50,34.43337333333329
2025-06-11,13,13,02:00-02:10,10.157463333333226
2025-06-11,36,39,05:50-06:30,69.49936761904769
2025-06-11,42,44,06:50-07:20,36.685930000000326
2025-06-11,47,47,07:40-07:50,0.02499714285704613
2025-06-11,49,49,08:00-08:10,3.6283176190473796
2025-06-11,53,57,08:40-09:30,244.61603714285718
2025-06-11,59,65,09:40-10:50,1024.4273578531781
2025-06-11,78,78,12:50-13:00,45.684643809524005
2025-06-11,81,85,13:20-14:10,125.84104333333346
2025-06-11,88,89,14:30-14:50,57.44723666666664
2025-06-11,100,100,16:30-16:40,19.83794809523789
2025-06-11,103,104,17:00-17:20,55.80875523809544
2025-06-11,108,108,17:50-18:00,11.334446666666764
2025-06-11,111,111,18:20-18:30,19.17730476190502
2025-06-11,113,115,18:40-19:10,25.109879047618705
2025-06-11,121,125,20:00-20:50,2063.1834528930035
2025-06-11,130,130,21:30-21:40,44.5967641999996
2025-06-12,15,15,02:20-02:30,1.4096666666666806
2025-06-12,21,22,03:20-03:40,39.151689047619
2025-06-12,35,36,05:40-06:00,44.473393952380746
2025-06-12,39,40,06:20-06:40,50.97906904761902
2025-06-12,48,50,07:50-08:20,69.05746666666698
2025-06-12,55,57,09:00-09:30,23.33103571428569
2025-06-12,60,60,09:50-10:00,13.670833333333348
2025-06-12,63,63,10:20-10:30,0.32708333333357587
2025-06-12,78,78,12:50-13:00,4.455047619047491
2025-06-12,80,81,13:10-13:30,49.342006190476695
2025-06-12,87,88,14:20-14:40,176.4216004761904
2025-06-12,104,105,17:10-17:30,47.00789142857096
2025-06-12,109,110,18:00-18:20,23.159784285714423
2025-06-12,113,114,18:40-19:00,16.66131809523837
2025-06-12,117,117,19:20-19:30,9.361426666666603
2025-06-12,119,120,19:40-20:00,19.984073333333527
2025-06-12,124,125,20:30-20:50,68.56963476190455
2025-06-12,129,129,21:20-21:30,2.3716666666666697
2025-06-13,9,10,01:20-01:40,42.8506266666667
2025-06-13,16,19,02:30-03:10,33.736039523809616
2025-06-13,23,23,03:40-03:50,14.304696190476193
2025-06-13,27,27,04:20-04:30,16.854723333333254
2025-06-13,30,30,04:50-05:00,2.4640519047619023
2025-06-13,34,35,05:30-05:50,19.955139047619113
2025-06-13,38,39,06:10-06:30,40.480841904761775
2025-06-13,41,42,06:40-07:00,34.34137095238111
2025-06-13,45,45,07:20-07:30,12.4597776190476
2025-06-13,49,49,08:00-08:10,13.859816666666802
2025-06-13,97,97,16:00-16:10,7.9113542857141965
2025-06-13,100,100,16:30-16:40,6.275553333333221
2025-06-13,103,105,17:00-17:30,86.38733333333343
2025-06-13,110,114,18:10-19:00,59.307287619048076
2025-06-13,116,126,19:10-21:00,2020.3571037823815
2025-06-14,1,1,00:00-00:10,26.484129999999936
2025-06-14,5,6,00:40-01:00,20.202783333333286
2025-06-14,14,14,02:10-02:20,17.029719999999884
2025-06-14,16,17,02:30-02:50,8.36852999999985
2025-06-14,22,23,03:30-03:50,29.853840000000073
2025-06-14,27,27,04:20-04:30,40.61466666666661
2025-06-14,30,30,04:50-05:00,1.347372380952197
2025-06-14,32,33,05:10-05:30,22.686809999999937
2025-06-14,36,37,05:50-06:10,27.507830952380942
2025-06-14,40,42,06:30-07:00,40.29021428571423
2025-06-14,45,45,07:20-07:30,1.3577242857143688
2025-06-14,94,94,15:30-15:40,3.5876100587875044
2025-06-14,97,97,16:00-16:10,14.328157619047488
2025-06-14,101,101,16:40-16:50,4.456289523809801
2025-06-14,103,104,17:00-17:20,40.321577619047446
2025-06-14,107,108,17:40-18:00,3.830466190476102
2025-06-14,113,115,18:40-19:10,75.69956666666684
2025-06-14,120,122,19:50-20:20,60.90435666666656
2025-06-14,124,126,20:30-21:00,250.34873065204596
2025-06-15,36,36,05:50-06:00,3.746238095238027
2025-06-15,39,39,06:20-06:30,23.325155714285813
2025-06-15,49,53,08:00-08:50,99.55721285714264
2025-06-15,55,55,09:00-09:10,24.011275238095322
2025-06-15,59,64,09:40-10:40,171.9310257142855
2025-06-15,79,80,13:00-13:20,33.27778476190463
2025-06-15,84,86,13:50-14:20,82.3333395238094
2025-06-15,108,108,17:50-18:00,12.5955738095237
2025-06-15,111,112,18:20-18:40,49.19086904761951
2025-06-15,117,118,19:20-19:40,88.45674523809532
2025-06-15,121,122,20:00-20:20,40.90978238095236
2025-06-16,22,22,03:30-03:40,19.183278047619073
2025-06-16,25,26,04:00-04:20,14.938320952381035
2025-06-16,31,31,05:00-05:10,1.9550238095238122
2025-06-16,34,35,05:30-05:50,38.29906514285733
2025-06-16,39,39,06:20-06:30,13.800458571428294
2025-06-16,50,51,08:10-08:30,76.82142285714292
2025-06-16,53,54,08:40-09:00,50.34983857142845
2025-06-16,57,59,09:20-09:50,123.22962952380999
2025-06-16,83,86,13:40-14:20,146.207793809524
2025-06-16,88,89,14:30-14:50,44.86391380952341
2025-06-16,108,108,17:50-18:00,38.01264571428581
2025-06-16,111,112,18:20-18:40,35.5550257142856
2025-06-16,115,116,19:00-19:20,48.631404761904946
2025-06-16,119,120,19:40-20:00,68.9950100000001
2025-06-16,124,125,20:30-20:50,78.98282000000015
2025-06-17,30,31,04:50-05:10,47.46635761904444
2025-06-17,37,38,06:00-06:20,59.06147523809523
2025-06-17,47,48,07:40-08:00,39.78424714285711
2025-06-17,51,51,08:20-08:30,9.61200285714267
2025-06-17,54,55,08:50-09:10,14.666088571428986
2025-06-17,58,60,09:30-10:00,127.67497333333324
2025-06-17,62,64,10:10-10:40,100.78313571428578
2025-06-17,78,82,12:50-13:40,113.27052142857167
2025-06-17,86,87,14:10-14:30,101.5018090476193
2025-06-17,108,108,17:50-18:00,20.316563809523956
2025-06-17,110,111,18:10-18:30,73.01224619047588
2025-06-17,116,117,19:10-19:30,107.17258666666692
2025-06-17,120,120,19:50-20:00,45.944703333332995
2025-06-17,123,124,20:20-20:40,37.90670476190485
2025-06-18,37,38,06:00-06:20,89.46191380952416
2025-06-18,40,40,06:30-06:40,3.7848128571428106
2025-06-18,50,53,08:10-08:50,85.56172190476184
2025-06-18,58,60,09:30-10:00,161.63120238095257
2025-06-18,63,63,10:20-10:30,43.95101761904766
2025-06-18,84,87,13:50-14:30,67.7434619047616
2025-06-18,101,101,16:40-16:50,4.9724814285713705
2025-06-18,107,107,17:40-17:50,43.56452999999988
2025-06-18,112,112,18:30-18:40,2.5395309523811207
2025-06-18,115,117,19:00-19:30,31.952833333333388
2025-06-18,119,120,19:40-20:00,54.27182666666681
2025-06-18,122,123,20:10-20:30,34.531763333333586
2025-06-19,29,30,04:40-05:00,30.702835238095375
2025-06-19,37,38,06:00-06:20,57.73719285714276
2025-06-19,47,48,07:40-08:00,39.565588095238354
2025-06-19,50,53,08:10-08:50,74.69216666666671
2025-06-19,57,58,09:20-09:40,44.923298571428404
2025-06-19,84,84,13:50-14:00,46.011814761904816
2025-06-19,89,89,14:40-14:50,45.85247857142872
2025-06-19,107,107,17:40-17:50,9.06302952380932
2025-06-19,109,111,18:00-18:30,99.23182190476184
2025-06-19,115,117,19:00-19:30,111.34013095238089
2025-06-19,120,120,19:50-20:00,30.840619047618816
2025-06-19,123,126,20:20-21:00,84.8909933333334
2025-06-19,130,130,21:30-21:40,12.259566666666728
2025-06-20,1,1,00:00-00:10,3.439579999999978
2025-06-20,7,8,01:00-01:20,42.667526666666674
2025-06-20,10,10,01:30-01:40,0.17347333333327697
2025-06-20,16,16,02:30-02:40,0.8587133333333554
2025-06-20,23,24,03:40-04:00,17.567302380952583
2025-06-20,32,32,05:10-05:20,19.56898142857142
2025-06-20,37,37,06:00-06:10,32.13196523809526
2025-06-20,40,41,06:30-06:50,38.4296457142857
2025-06-20,101,102,16:40-17:00,20.208995714285834
2025-06-20,108,109,17:50-18:10,61.8015257142859
2025-06-20,113,114,18:40-19:00,25.89064904761915
2025-06-20,116,117,19:10-19:30,64.86723666666649
2025-06-20,119,120,19:40-20:00,71.95022333333361
2025-06-20,124,125,20:30-20:50,59.008452380952484
2025-06-20,130,130,21:30-21:40,4.73861666666653
2025-06-21,3,3,00:20-00:30,46.755366666666646
2025-06-21,9,9,01:20-01:30,36.11353333333324
2025-06-21,17,18,02:40-03:00,56.82231333333334
2025-06-21,21,21,03:20-03:30,1.1862966666668058
2025-06-21,24,25,03:50-04:10,25.290567142857128
2025-06-21,29,30,04:40-05:00,12.211286666666751
2025-06-21,34,37,05:30-06:10,51.98262761904749
2025-06-21,41,42,06:40-07:00,20.883872857142933
2025-06-21,111,111,18:20-18:30,4.150426190476125
2025-06-21,113,115,18:40-19:10,115.87267333333293
2025-06-21,118,119,19:30-19:50,48.23351285714307
2025-06-21,121,123,20:00-20:30,107.28900000000033
2025-06-21,130,130,21:30-21:40,4.741246666666825
2025-06-22,16,17,02:30-02:50,32.43429666666657
2025-06-22,25,25,04:00-04:10,5.832126190476046
2025-06-22,38,40,06:10-06:40,46.604398095237855
2025-06-22,47,47,07:40-07:50,25.5576814285713
2025-06-22,55,58,09:00-09:40,147.24581142857164
2025-06-22,80,80,13:10-13:20,15.200756190476227
2025-06-22,85,86,14:00-14:20,105.0828566666662
2025-06-22,89,89,14:40-14:50,13.734443333333047
2025-06-22,109,109,18:00-18:10,10.712147619047386
2025-06-22,114,114,18:50-19:00,7.090842857143002
2025-06-22,116,117,19:10-19:30,32.585976666666795
2025-06-22,123,125,20:20-20:50,53.55968523809559
2025-06-23,15,15,02:20-02:30,21.43995333333328
2025-06-23,21,21,03:20-03:30,6.68333333333328
2025-06-23,24,24,03:50-04:00,16.885990000000106
2025-06-23,27,27,04:20-04:30,0.2906666666666524
2025-06-23,30,30,04:50-05:00,25.742804761901517
2025-06-23,33,33,05:20-05:30,21.299827142856955
2025-06-23,36,37,05:50-06:10,54.19701333333296
2025-06-23,40,41,06:30-06:50,57.09746380952396
2025-06-23,47,47,07:40-07:50,3.5537985714285014
2025-06-23,50,51,08:10-08:30,51.98451285714293
2025-06-23,54,54,08:50-09:00,6.670128571428336
2025-06-23,57,57,09:20-09:30,11.750224285714353
2025-06-23,83,85,13:40-14:10,92.89962285714279
2025-06-23,88,88,14:30-14:40,24.10530380952389
2025-06-23,109,111,18:00-18:30,36.50427380952371
2025-06-23,115,117,19:00-19:30,67.06336904761918
2025-06-23,119,120,19:40-20:00,42.07776999999999
2025-06-23,123,125,20:20-20:50,73.19259095238101
2025-06-23,130,130,21:30-21:40,9.073336666666705
2025-06-24,21,21,03:20-03:30,0.11199999999996635
2025-06-24,27,27,04:20-04:30,0.9550466666665898
2025-06-24,31,31,05:00-05:10,1.4847695238095433
2025-06-24,35,36,05:40-06:00,20.371604285714284
2025-06-24,39,42,06:20-07:00,67.19227380952384
2025-06-24,45,49,07:20-08:10,101.67815333333351
2025-06-24,52,53,08:30-08:50,66.37246619047642
2025-06-24,55,57,09:00-09:30,60.789928571428504
2025-06-24,59,65,09:40-10:50,1309.6607020161937
2025-06-24,80,82,13:10-13:40,76.81007523809546
2025-06-24,86,87,14:10-14:30,101.65044571428587
2025-06-24,89,89,14:40-14:50,6.116575714286341
2025-06-24,108,108,17:50-18:00,26.365620952380823
2025-06-24,114,117,18:50-19:30,43.29870380952417
2025-06-24,120,125,19:50-20:50,2100.3895850820772
2025-06-25,38,40,06:10-06:40,84.41628952380972
2025-06-25,49,50,08:00-08:20,32.27161047619086
2025-06-25,52,53,08:30-08:50,38.45709571428563
2025-06-25,56,57,09:10-09:30,69.82056714285739
2025-06-25,59,61,09:40-10:10,106.89557428571493
2025-06-25,64,65,10:30-10:50,166.58761428571427
2025-06-25,78,78,12:50-13:00,6.73586904761919
2025-06-25,84,84,13:50-14:00,86.32794809523796
2025-06-25,86,88,14:10-14:40,204.7144085714284
2025-06-25,108,109,17:50-18:10,44.12718602586722
2025-06-25,112,113,18:30-18:50,41.545562380952454
2025-06-25,119,121,19:40-20:10,72.391793333333
2025-06-25,131,131,21:40-21:50,6.295979999999872
2025-06-26,36,39,05:50-06:30,59.37693666666655
2025-06-26,41,43,06:40-07:10,27.816417619047684
2025-06-26,50,51,08:10-08:30,92.18420619047606
2025-06-26,53,55,08:40-09:10,56.999966666666865
2025-06-26,58,59,09:30-09:50,52.31609809523775
2025-06-26,61,62,10:00-10:20,47.032102380952324
2025-06-26,79,79,13:00-13:10,0.45184238095203
2025-06-26,85,85,14:00-14:10,41.356002380952305
2025-06-26,88,89,14:30-14:50,97.1160542857142
2025-06-26,108,108,17:50-18:00,2.098934597295738
2025-06-26,112,112,18:30-18:40,6.581016407995399
2025-06-26,114,115,18:50-19:10,57.17029666666656
2025-06-26,118,119,19:30-19:50,51.84103809523833
2025-06-26,121,122,20:00-20:20,10.482232857143078
2025-06-26,124,124,20:30-20:40,20.720676666666805
2025-06-27,1,1,00:00-00:10,1.7211966666666285
2025-06-27,15,15,02:20-02:30,4.6756933333332995
2025-06-27,19,19,03:00-03:10,11.559195714285579
2025-06-27,23,24,03:40-04:00,25.456563333333406
2025-06-27,27,28,04:20-04:40,50.877263333333474
2025-06-27,31,31,05:00-05:10,0.4707533333333451
2025-06-27,34,35,05:30-05:50,20.978966666662117
2025-06-27,37,38,06:00-06:20,15.612030000000146
2025-06-27,43,44,07:00-07:20,40.29459857142865
2025-06-27,111,111,18:20-18:30,40.48327380952365
2025-06-27,114,114,18:50-19:00,64.91789619047597
2025-06-27,118,120,19:30-20:00,56.66266666666672
2025-06-27,124,124,20:30-20:40,15.00045
2025-06-27,129,129,21:20-21:30,7.718666666666422
2025-06-28,6,6,00:50-01:00,8.477666666666778
2025-06-28,15,15,02:20-02:30,5.744000000000085
2025-06-28,19,19,03:00-03:10,36.14521285714284
2025-06-28,22,22,03:30-03:40,7.782946190476181
2025-06-28,25,25,04:00-04:10,2.217715238095195
2025-06-28,28,29,04:30-04:50,69.20992999999993
2025-06-28,33,33,05:20-05:30,1.078591904761879
2025-06-28,35,36,05:40-06:00,40.84493999999995
2025-06-28,39,42,06:20-07:00,66.88192619047621
2025-06-28,45,47,07:20-07:50,67.49390428571445
2025-06-28,95,95,15:40-15:50,4.881665238095366
2025-06-28,99,99,16:20-16:30,28.403350229276782
2025-06-28,109,109,18:00-18:10,17.46196320952228
2025-06-28,114,114,18:50-19:00,35.750365238095355
2025-06-28,119,120,19:40-20:00,73.34328666666636
2025-06-28,124,124,20:30-20:40,20.968386666666675
2025-06-29,27,27,04:20-04:30,8.42599999999993
2025-06-29,37,38,06:00-06:20,5.9674652380954285
2025-06-29,41,43,06:40-07:10,78.70386571428577
2025-06-29,50,51,08:10-08:30,83.43840095238079
2025-06-29,54,54,08:50-09:00,5.979121904761882
2025-06-29,56,58,09:10-09:40,123.95356285714286
2025-06-29,61,61,10:00-10:10,10.660930000000121
2025-06-29,87,87,14:20-14:30,15.018147619047681
2025-06-29,89,89,14:40-14:50,53.5615723809525
2025-06-29,109,111,18:00-18:30,67.56124149911724
2025-06-29,114,115,18:50-19:10,31.12523047619061
2025-06-29,118,120,19:30-20:00,65.97433333333333
2025-06-29,123,123,20:20-20:30,2.6303323809523818
2025-06-30,24,24,03:50-04:00,2.4163333333332275
2025-06-30,28,28,04:30-04:40,12.512753619047578
2025-06-30,36,38,05:50-06:20,55.695094761905125
2025-06-30,41,43,06:40-07:10,142.66791523809508
2025-06-30,51,54,08:20-09:00,47.81224666666685
2025-06-30,58,63,09:30-10:30,263.1020833333332
2025-06-30,84,84,13:50-14:00,12.893749999999955
2025-06-30,87,89,14:20-14:50,189.88057238095246
2025-06-30,109,109,18:00-18:10,41.57216470299929
2025-06-30,114,114,18:50-19:00,56.96324904761934
2025-06-30,117,118,19:20-19:40,78.51181476190516
2025-06-30,121,121,20:00-20:10,8.852733333333276
2025-06-30,123,124,20:20-20:40,42.57132761904779
2025-06-30,144,144,23:50-24:00,37.44266666666681
2025-07-01,1,1,00:00-00:10,45.39630099999988
2025-07-01,3,3,00:20-00:30,4.234490000000051
2025-07-01,10,10,01:30-01:40,23.45241999999996
2025-07-01,13,13,02:00-02:10,38.58288333333326
2025-07-01,16,17,02:30-02:50,39.23151333333328
2025-07-01,19,20,03:00-03:20,87.20092
2025-07-01,23,25,03:40-04:10,70.83951714285735
2025-07-01,28,29,04:30-04:50,16.398833333333073
2025-07-01,37,37,06:00-06:10,19.703093333333186
2025-07-01,40,41,06:30-06:50,92.88338190476185
2025-07-01,45,45,07:20-07:30,12.914976190476068
2025-07-01,48,48,07:50-08:00,13.344833809523834
2025-07-01,51,54,08:20-09:00,62.72818047619057
2025-07-01,58,60,09:30-10:00,141.7034642857144
2025-07-01,83,84,13:40-14:00,91.55655809523842
2025-07-01,87,87,14:20-14:30,51.65461619047619
2025-07-01,89,89,14:40-14:50,31.39228857142814
2025-07-01,101,101,16:40-16:50,12.276763690476173
2025-07-01,107,107,17:40-17:50,10.50659380952402
2025-07-01,110,112,18:10-18:40,95.72946904761884
2025-07-01,115,116,19:00-19:20,32.55360190476193
2025-07-01,118,120,19:30-20:00,46.600333333333424
2025-07-01,123,128,20:20-21:20,1301.7905668068686
2025-07-01,130,131,21:30-21:50,156.92573333333291
2025-07-01,134,134,22:10-22:20,27.954243333333352
2025-07-01,144,144,23:50-24:00,12.678980000000024
2025-07-02,1,1,00:00-00:10,33.04423766666696
2025-07-02,6,6,00:50-01:00,15.69798000000003
2025-07-02,10,11,01:30-01:50,47.13379999999984
2025-07-02,18,19,02:50-03:10,28.31640476190482
2025-07-02,22,23,03:30-03:50,65.70874333333354
2025-07-02,25,26,04:00-04:20,19.50282333333348
2025-07-02,30,31,04:50-05:10,55.938121904762355
2025-07-02,34,35,05:30-05:50,19.74704914285674
2025-07-02,40,40,06:30-06:40,33.11881047619022
2025-07-02,48,48,07:50-08:00,40.08857571428575
2025-07-02,53,54,08:40-09:00,43.01597857142849
2025-07-02,57,58,09:20-09:40,74.28474142857112
2025-07-02,86,86,14:10-14:20,20.28865000000019
2025-07-02,97,97,16:00-16:10,13.053662380952119
2025-07-02,100,101,16:30-16:50,29.74535571428595
2025-07-02,104,104,17:10-17:20,12.924533809523894
2025-07-02,108,110,17:50-18:20,87.11384142857125
2025-07-02,113,116,18:40-19:20,101.5111866666667
2025-07-02,119,121,19:40-20:10,134.23373333333336
2025-07-02,123,126,20:20-21:00,36.757506190476036
2025-07-02,130,131,21:30-21:50,71.0933152380957
2025-07-02,134,134,22:10-22:20,3.85243666666679
2025-07-03,1,1,00:00-00:10,40.45972966666659
2025-07-03,6,7,00:50-01:10,11.331176666666465
2025-07-03,10,10,01:30-01:40,41.56322
2025-07-03,13,15,02:00-02:30,84.79613333333339
2025-07-03,19,20,03:00-03:20,4.804550000000106
2025-07-03,22,23,03:30-03:50,46.57037666666646
2025-07-03,25,25,04:00-04:10,0.8145980952383098
2025-07-03,29,30,04:40-05:00,46.4596519047617
2025-07-03,33,33,05:20-05:30,38.84033238095226
2025-07-03,42,42,06:50-07:00,5.301333333333332
2025-07-03,44,45,07:10-07:30,28.051849999999718
2025-07-03,47,48,07:40-08:00,110.77816285714266
2025-07-03,53,63,08:40-10:30,1543.8419179971436
2025-07-03,83,84,13:40-14:00,59.88073285714245
2025-07-03,86,87,14:10-14:30,7.910386666666568
2025-07-03,98,98,16:10-16:20,10.339570476190715
2025-07-03,101,102,16:40-17:00,24.73776523809545
2025-07-03,105,108,17:20-18:00,75.53295952380935
2025-07-03,111,113,18:20-18:50,137.32812333333342
2025-07-03,117,125,19:20-20:50,4304.224322546137
2025-07-03,127,131,21:00-21:50,413.75927020576205
2025-07-04,1,1,00:00-00:10,37.86557333333326
2025-07-04,4,6,00:30-01:00,105.19122333333326
2025-07-04,10,10,01:30-01:40,19.21086666666656
2025-07-04,13,14,02:00-02:20,58.050096666666605
2025-07-04,16,16,02:30-02:40,6.694749999999999
2025-07-04,22,24,03:30-04:00,26.444999999999837
2025-07-04,27,27,04:20-04:30,20.39522333333332
2025-07-04,32,44,05:10-07:20,2406.910171595237
2025-07-04,96,96,15:50-16:00,9.388123809523982
2025-07-04,101,101,16:40-16:50,14.00353095238114
2025-07-04,104,105,17:10-17:30,28.276195238095795
2025-07-04,107,108,17:40-18:00,41.3300500000002
2025-07-04,111,113,18:20-18:50,100.46397666666688
2025-07-04,118,120,19:30-20:00,92.62300000000016
2025-07-04,123,131,20:20-21:50,546.2887274074016
2025-07-04,134,134,22:10-22:20,32.09767999999997
2025-07-05,1,3,00:00-00:30,73.25253666666674
2025-07-05,6,6,00:50-01:00,19.51615333333325
2025-07-05,8,9,01:10-01:30,26.398820000000228
2025-07-05,12,14,01:50-02:20,53.900216666666665
2025-07-05,17,19,02:40-03:10,88.16032809523804
2025-07-05,22,27,03:30-04:30,96.56000000000013
2025-07-05,30,31,04:50-05:10,42.22292857142833
2025-07-05,34,45,05:30-07:30,2212.6136407476192
2025-07-05,73,73,12:00-12:10,3.9906750476186517
2025-07-05,95,96,15:40-16:00,37.938530817167134
2025-07-05,99,99,16:20-16:30,89.60012476190514
2025-07-05,102,104,16:50-17:20,79.94370380952392
2025-07-05,107,108,17:40-18:00,51.464289047619104
2025-07-05,116,119,19:10-19:50,69.88621999999987
2025-07-05,123,131,20:20-21:50,946.4754962492603
2025-07-05,134,134,22:10-22:20,10.268676666666579
2025-07-05,139,139,23:00-23:10,5.165586666666627
2025-07-06,7,7,01:00-01:10,13.595000000000027
2025-07-06,16,17,02:30-02:50,37.64082999999994
2025-07-06,23,24,03:40-04:00,91.88194666666652
2025-07-06,28,28,04:30-04:40,30.419050476190407
2025-07-06,32,32,05:10-05:20,4.903556190476081
2025-07-06,35,35,05:40-05:50,9.123229047619162
2025-07-06,37,38,06:00-06:20,18.08671619047618
2025-07-06,42,42,06:50-07:00,0.30173666666655663
2025-07-06,47,49,07:40-08:10,118.9982157142856
2025-07-06,51,58,08:20-09:40,1390.6909507659218
2025-07-06,60,61,09:50-10:10,200.12041666666664
2025-07-06,78,78,12:50-13:00,57.08041666666668
2025-07-06,81,84,13:20-14:00,90.8500814285718
2025-07-06,87,88,14:20-14:40,97.21263809523839
2025-07-06,92,93,15:10-15:30,78.84080809523766
2025-07-06,95,96,15:40-16:00,139.70117904761867
2025-07-06,100,101,16:30-16:50,71.30288238095233
2025-07-06,103,103,17:00-17:10,5.579235238095009
2025-07-06,106,107,17:30-17:50,58.59426761904746
2025-07-06,110,111,18:10-18:30,38.17556952380926
2025-07-06,113,126,18:40-21:00,6641.708611613002
2025-07-06,129,130,21:20-21:40,15.896669999999745
2025-07-07,4,4,00:30-00:40,18.106736666666507
2025-07-07,6,6,00:50-01:00,1.831313333333469
2025-07-07,11,11,01:40-01:50,6.152963333333332
2025-07-07,13,13,02:00-02:10,12.073413333333178
2025-07-07,16,17,02:30-02:50,25.64348000000018
2025-07-07,21,21,03:20-03:30,11.358523333333437
2025-07-07,29,30,04:40-05:00,29.974949999999808
2025-07-07,37,38,06:00-06:20,52.29625761904754
2025-07-07,43,43,07:00-07:10,19.910049523809562
2025-07-07,49,50,08:00-08:20,122.90416428571427
2025-07-07,53,56,08:40-09:20,511.78172022042884
2025-07-07,59,59,09:40-09:50,12.889850000000024
2025-07-07,88,89,14:30-14:50,45.477780000000166
2025-07-07,103,103,17:00-17:10,7.827716666666902
2025-07-07,108,111,17:50-18:30,65.96573523809558
2025-07-07,114,115,18:50-19:10,45.81511000000012
2025-07-07,118,125,19:30-20:50,3023.2340609426906
2025-07-07,128,128,21:10-21:20,16.754849400000353
2025-07-07,130,131,21:30-21:50,139.42982333333316
2025-07-07,134,134,22:10-22:20,27.092623333333336
2025-07-08,18,18,02:50-03:00,17.009999999999877
2025-07-08,30,30,04:50-05:00,19.249000000000024
2025-07-08,37,38,06:00-06:20,45.159895238095146
2025-07-08,40,41,06:30-06:50,34.186700476190424
2025-07-08,43,45,07:00-07:30,49.35746428571406
2025-07-08,49,62,08:00-10:20,2520.6899505277484
2025-07-08,85,87,14:00-14:30,174.72116999999992
2025-07-08,94,96,15:30-16:00,98.85967333333303
2025-07-08,102,103,16:50-17:10,59.53157952380974
2025-07-08,106,107,17:30-17:50,71.62128541446248
2025-07-08,110,111,18:10-18:30,32.41321380952381
2025-07-08,113,114,18:40-19:00,63.282198571428296
2025-07-08,117,125,19:20-20:50,3257.7400848382367
2025-07-08,129,130,21:20-21:40,68.69197666666639
2025-07-09,18,18,02:50-03:00,6.238999999999919
2025-07-09,22,22,03:30-03:40,0.37204190476205584
2025-07-09,37,38,06:00-06:20,58.680229999999824
2025-07-09,40,41,06:30-06:50,21.168673809524023
2025-07-09,47,56,07:40-09:20,1502.6218969123836
2025-07-09,58,58,09:30-09:40,3.809078952380787
2025-07-09,85,86,14:00-14:20,140.534107142857
2025-07-09,89,89,14:40-14:50,0.23388999999997395
2025-07-09,99,99,16:20-16:30,0.2630476190477111
2025-07-09,106,106,17:30-17:40,61.25859666666645
2025-07-09,109,110,18:00-18:20,53.87380523809536
2025-07-09,116,117,19:10-19:30,115.63824666666625
2025-07-09,119,127,19:40-21:10,3832.914138712523
2025-07-09,130,130,21:30-21:40,19.1330499999998
2025-07-10,21,21,03:20-03:30,5.827333333333286
2025-07-10,27,27,04:20-04:30,4.55805666666663
2025-07-10,31,31,05:00-05:10,11.91396000000005
2025-07-10,35,35,05:40-05:50,5.3379285714285345
2025-07-10,38,40,06:10-06:40,67.0663966666661
2025-07-10,43,44,07:00-07:20,79.53232619047617
2025-07-10,49,50,08:00-08:20,38.06669761904766
2025-07-10,52,59,08:30-09:50,981.7819252599976
2025-07-10,85,86,14:00-14:20,85.85706142857202
2025-07-10,89,89,14:40-14:50,30.723648095238104
2025-07-10,94,95,15:30-15:50,72.62469571428579
2025-07-10,103,104,17:00-17:20,34.393947142857144
2025-07-10,108,108,17:50-18:00,14.2663257142857
2025-07-10,113,114,18:40-19:00,93.16408571428593
2025-07-10,117,117,19:20-19:30,28.4136542857143
2025-07-10,120,126,19:50-21:00,2051.856019515399
2025-07-10,130,130,21:30-21:40,29.89034826666716
2025-07-11,2,2,00:10-00:20,7.357283333333271
2025-07-11,5,7,00:40-01:10,25.354613333333532
2025-07-11,10,12,01:30-02:00,7.25768000000005
2025-07-11,20,21,03:10-03:30,69.50440666666668
2025-07-11,24,26,03:50-04:20,75.12992666666659
2025-07-11,30,31,04:50-05:10,70.04481238095235
2025-07-11,35,36,05:40-06:00,37.75794761904751
2025-07-11,38,40,06:10-06:40,60.51451190476206
2025-07-11,43,46,07:00-07:40,344.3571616190461
2025-07-11,99,100,16:20-16:40,15.496426700000711
2025-07-11,107,108,17:40-18:00,46.87210904761909
2025-07-11,111,115,18:20-19:10,43.64676333333351
2025-07-11,118,119,19:30-19:50,57.93061952380958
2025-07-11,123,126,20:20-21:00,58.46167095238106
2025-07-12,1,1,00:00-00:10,34.90784666666673
2025-07-12,3,4,00:20-00:40,32.89474000000007
2025-07-12,9,9,01:20-01:30,39.78302000000008
2025-07-12,12,12,01:50-02:00,25.671393333333413
2025-07-12,15,16,02:20-02:40,50.81836333333354
2025-07-12,19,20,03:00-03:20,19.49390000000019
2025-07-12,25,26,04:00-04:20,60.03916000000004
2025-07-12,28,28,04:30-04:40,9.08543333333332
2025-07-12,32,33,05:10-05:30,43.7354695238095
2025-07-12,36,36,05:50-06:00,4.7368528571428214
2025-07-12,38,39,06:10-06:30,43.906114761904604
2025-07-12,41,42,06:40-07:00,53.099648095238024
2025-07-12,45,46,07:20-07:40,80.95711
2025-07-12,94,94,15:30-15:40,46.36396666666667
2025-07-12,97,98,16:00-16:20,46.699224761904645
2025-07-12,103,103,17:00-17:10,49.68434190476199
2025-07-12,106,107,17:30-17:50,25.580468095238217
2025-07-12,109,110,18:00-18:20,13.963998571428505
2025-07-12,115,117,19:00-19:30,28.946666666667056
2025-07-12,120,120,19:50-20:00,0.755925714285695
2025-07-12,131,131,21:40-21:50,29.22269666666682
2025-07-13,12,12,01:50-02:00,6.226000000000113
2025-07-13,21,21,03:20-03:30,14.396000000000072
2025-07-13,29,29,04:40-04:50,12.955233333333354
2025-07-13,36,37,05:50-06:10,43.77873952380969
2025-07-13,40,42,06:30-07:00,119.01207142857152
2025-07-13,45,47,07:20-07:50,38.66302038095242
2025-07-13,49,50,08:00-08:20,18.82250809523805
2025-07-13,53,57,08:40-09:30,235.89744247476122
2025-07-13,87,89,14:20-14:50,75.63469761904787
2025-07-13,108,110,17:50-18:20,84.55877857142897
2025-07-13,114,116,18:50-19:20,80.09500476190505
2025-07-13,119,120,19:40-20:00,59.42568333333293
2025-07-13,123,125,20:20-20:50,623.3780342047577
2025-07-14,22,22,03:30-03:40,16.83010095238084
2025-07-14,31,32,05:00-05:20,34.98152476190476
2025-07-14,35,36,05:40-06:00,35.65518809523783
2025-07-14,39,40,06:20-06:40,47.614895238095244
2025-07-14,45,45,07:20-07:30,4.0397457142858
2025-07-14,47,47,07:40-07:50,0.7258609523807991
2025-07-14,49,49,08:00-08:10,13.564533809523482
2025-07-14,53,56,08:40-09:20,225.85685238095243
2025-07-14,84,84,13:50-14:00,15.507499999999936
2025-07-14,88,89,14:30-14:50,25.42639952380955
2025-07-14,107,108,17:40-18:00,97.08024523809524
2025-07-14,112,114,18:30-19:00,55.772511904761814
2025-07-14,117,125,19:20-20:50,2892.229712607192
2025-07-14,127,128,21:00-21:20,7.489846666666608
2025-07-14,130,130,21:30-21:40,26.218631180952798
2025-07-15,20,21,03:10-03:30,9.625883333333263
2025-07-15,36,37,05:50-06:10,82.15691666666692
2025-07-15,40,40,06:30-06:40,3.173472857142883
2025-07-15,43,43,07:00-07:10,59.26563809523822
2025-07-15,47,48,07:40-08:00,70.08252333333326
2025-07-15,52,53,08:30-08:50,33.0470742857143
2025-07-15,57,57,09:20-09:30,13.021080952380771
2025-07-15,70,70,11:30-11:40,27.019143190476598
2025-07-15,82,83,13:30-13:50,15.068196666666609
2025-07-15,87,88,14:20-14:40,23.015625714285534
2025-07-15,105,105,17:20-17:30,27.69669047619044
2025-07-15,108,109,17:50-18:10,75.59207809523812
2025-07-15,113,114,18:40-19:00,26.375207142856894
2025-07-15,118,124,19:30-20:40,2935.9020163674877
2025-07-15,129,130,21:20-21:40,43.71699190108609
2025-07-16,25,25,04:00-04:10,19.774123809523726
2025-07-16,32,32,05:10-05:20,4.972823809523781
2025-07-16,35,36,05:40-06:00,112.43938619047597
2025-07-16,41,42,06:40-07:00,22.12319190476211
2025-07-16,44,46,07:10-07:40,78.19289952380933
2025-07-16,50,51,08:10-08:30,58.740293333333625
2025-07-16,55,55,09:00-09:10,24.84961666666686
2025-07-16,63,63,10:20-10:30,10.901666190476135
2025-07-16,86,87,14:10-14:30,69.69100857142871
2025-07-16,89,90,14:40-15:00,120.0874771428571
2025-07-16,93,93,15:20-15:30,43.63523523809522
2025-07-16,97,98,16:00-16:20,23.57200047619017
2025-07-16,106,106,17:30-17:40,31.158759999999745
2025-07-16,110,111,18:10-18:30,100.25636571428561
2025-07-16,114,114,18:50-19:00,57.33349238095241
2025-07-16,117,118,19:20-19:40,56.20329428571415
2025-07-16,120,124,19:50-20:40,2542.745668816386
2025-07-17,29,30,04:40-05:00,26.433469999999943
2025-07-17,35,37,05:40-06:10,35.98099999999985
2025-07-17,40,42,06:30-07:00,125.32686904761891
2025-07-17,45,45,07:20-07:30,9.579650952380916
2025-07-17,47,47,07:40-07:50,12.48746047619045
2025-07-17,50,58,08:10-09:40,803.952286655237
2025-07-17,85,86,14:00-14:20,115.28490095238067
2025-07-17,98,99,16:10-16:30,109.51576761904744
2025-07-17,107,107,17:40-17:50,1.290691904761161
2025-07-17,111,112,18:20-18:40,48.3175790476192
2025-07-17,115,116,19:00-19:20,52.12877571428595
2025-07-17,118,118,19:30-19:40,30.563573333333352
2025-07-17,120,124,19:50-20:40,2429.1110117171356
2025-07-17,130,130,21:30-21:40,2.2277343142864083
2025-07-18,15,15,02:20-02:30,25.520079999999894
2025-07-18,18,18,02:50-03:00,17.357333333333372
2025-07-18,21,21,03:20-03:30,30.363666666666518
2025-07-18,27,27,04:20-04:30,6.317666666666582
2025-07-18,35,35,05:40-05:50,3.3063723809522685
2025-07-18,37,37,06:00-06:10,11.621775238095154
2025-07-18,41,46,06:40-07:40,139.97131380952374
2025-07-18,95,96,15:40-16:00,56.82114190476193
2025-07-18,103,103,17:00-17:10,15.954391904761962
2025-07-18,107,107,17:40-17:50,33.41956857142867
2025-07-18,115,116,19:00-19:20,73.08479904761907
2025-07-18,120,122,19:50-20:20,75.38186142857172
2025-07-19,4,4,00:30-00:40,2.0575033333333295
2025-07-19,8,8,01:10-01:20,17.52161333333322
2025-07-19,15,15,02:20-02:30,81.71512333333317
2025-07-19,18,18,02:50-03:00,34.694886666666775
2025-07-19,21,22,03:20-03:40,55.36420523809496
2025-07-19,25,26,04:00-04:20,49.098575238095236
2025-07-19,30,32,04:50-05:20,64.18584523809523
2025-07-19,37,37,06:00-06:10,38.73250047619047
2025-07-19,40,41,06:30-06:50,89.99113857142856
2025-07-19,43,43,07:00-07:10,10.561175238095473
2025-07-19,98,98,16:10-16:20,16.238317142857227
2025-07-19,102,102,16:50-17:00,38.62719350970025
2025-07-19,105,105,17:20-17:30,3.39947619047598
2025-07-19,108,109,17:50-18:10,11.210840476190327
2025-07-19,112,113,18:30-18:50,46.36123095238118
2025-07-19,116,117,19:10-19:30,120.12704000000019
2025-07-19,121,121,20:00-20:10,8.152653333333433
2025-07-20,36,36,05:50-06:00,45.48550714285727
2025-07-20,38,40,06:10-06:40,84.8451914285713
2025-07-20,43,45,07:00-07:30,52.926416666666626
2025-07-20,48,52,07:50-08:40,33.91867095238092
2025-07-20,54,55,08:50-09:10,100.32326666666631
2025-07-20,57,57,09:20-09:30,3.470416666666779
2025-07-20,60,60,09:50-10:00,14.134583333333467
2025-07-20,86,86,14:10-14:20,15.114509047619094
2025-07-20,88,89,14:30-14:50,99.49687047619022
2025-07-20,107,107,17:40-17:50,18.462062378322685
2025-07-20,114,116,18:50-19:20,72.66440523809564
2025-07-20,120,125,19:50-20:50,2934.8583435380983
2025-07-20,130,130,21:30-21:40,13.688613333333365
2025-07-21,12,12,01:50-02:00,10.503000000000156
2025-07-21,28,28,04:30-04:40,3.9765480952378907
2025-07-21,32,32,05:10-05:20,18.868114761904682
2025-07-21,35,35,05:40-05:50,7.721684761904925
2025-07-21,38,39,06:10-06:30,144.147459047619
2025-07-21,42,43,06:50-07:10,33.23324809523797
2025-07-21,47,47,07:40-07:50,59.625534285714366
2025-07-21,50,51,08:10-08:30,66.03048380952339
2025-07-21,53,58,08:40-09:40,677.8982837014312
2025-07-21,88,89,14:30-14:50,81.02733476190485
2025-07-21,95,96,15:40-16:00,99.14578761904727
2025-07-21,104,105,17:10-17:30,41.850395323809096
2025-07-21,108,108,17:50-18:00,3.9089519047619206
2025-07-21,111,113,18:20-18:50,71.93900285714298
2025-07-21,115,115,19:00-19:10,4.162750000000187
2025-07-21,119,125,19:40-20:50,2849.5872430283225
2025-07-21,130,130,21:30-21:40,0.17845666666664783
2025-07-22,36,37,05:50-06:10,29.276823333333596
2025-07-22,40,41,06:30-06:50,29.057274285714243
2025-07-22,44,45,07:10-07:30,38.01058809523818
2025-07-22,52,56,08:30-09:20,219.43671952380976
2025-07-22,80,82,13:10-13:40,113.43374952380941
2025-07-22,87,89,14:20-14:50,78.7460014285715
2025-07-22,109,109,18:00-18:10,24.89615999999998
2025-07-22,116,124,19:10-20:40,1566.7082165129048
2025-07-23,36,39,05:50-06:30,73.98341857142861
2025-07-23,41,43,06:40-07:10,132.91043142857148
2025-07-23,47,48,07:40-08:00,80.26164952380952
2025-07-23,51,51,08:20-08:30,15.193081904761812
2025-07-23,53,56,08:40-09:20,385.2878730471431
2025-07-23,81,81,13:20-13:30,16.847916666666606
2025-07-23,85,87,14:00-14:30,124.52484619047607
2025-07-23,94,95,15:30-15:50,28.677709088771962
2025-07-23,108,108,17:50-18:00,2.014626666666601
2025-07-23,110,111,18:10-18:30,6.7669219047618085
2025-07-23,114,115,18:50-19:10,24.59742523809541
2025-07-23,118,118,19:30-19:40,53.39319666666654
2025-07-23,121,124,20:00-20:40,2037.6863217761836
2025-07-24,31,32,05:00-05:20,17.97460904761886
2025-07-24,35,36,05:40-06:00,26.509019523809343
2025-07-24,41,42,06:40-07:00,24.060846666666748
2025-07-24,47,47,07:40-07:50,10.724779047618654
2025-07-24,52,53,08:30-08:50,50.84612523809551
2025-07-24,56,56,09:10-09:20,11.033068095238605
2025-07-24,78,78,12:50-13:00,26.69083333333333
2025-07-24,82,83,13:30-13:50,42.730282857143266
2025-07-24,87,89,14:20-14:50,101.94261714285688
2025-07-24,96,96,15:50-16:00,45.16033333333303
2025-07-24,102,102,16:50-17:00,22.55687459306273
2025-07-24,108,108,17:50-18:00,66.99629428571427
2025-07-24,114,114,18:50-19:00,52.16650523809517
2025-07-24,117,117,19:20-19:30,31.389134285714476
2025-07-24,119,120,19:40-20:00,16.99558333333323
2025-07-24,123,124,20:20-20:40,886.983220924069
2025-07-25,3,3,00:20-00:30,7.98700000000008
2025-07-25,22,22,03:30-03:40,38.539035714285625
2025-07-25,29,29,04:40-04:50,28.770972380952458
2025-07-25,35,35,05:40-05:50,23.498954285714262
2025-07-25,39,39,06:20-06:30,14.347037619047683
2025-07-25,41,42,06:40-07:00,23.112344761904694
2025-07-25,46,47,07:30-07:50,83.12168857142854
2025-07-25,108,108,17:50-18:00,40.11552047619048
2025-07-25,110,111,18:10-18:30,33.570242380952294
2025-07-25,115,118,19:00-19:40,60.66115999999988
2025-07-25,121,122,20:00-20:20,56.61461190476187
2025-07-26,16,17,02:30-02:50,46.15334666666672
2025-07-26,24,24,03:50-04:00,47.01666666666665
2025-07-26,28,30,04:30-05:00,47.44933333333313
2025-07-26,35,35,05:40-05:50,12.21939904761922
2025-07-26,38,39,06:10-06:30,79.80242952380962
2025-07-26,108,108,17:50-18:00,17.521261904761758
2025-07-26,111,112,18:20-18:40,38.77793904761893
2025-07-26,115,117,19:00-19:30,66.6633333333333
2025-07-26,120,120,19:50-20:00,8.587932380952225
2025-07-26,122,123,20:10-20:30,40.00578999999982
2025-07-27,9,9,01:20-01:30,13.975666666666712
2025-07-27,36,39,05:50-06:30,76.12260857142826
2025-07-27,42,46,06:50-07:40,101.18039476190441
2025-07-27,49,57,08:00-09:30,1438.2444395123782
2025-07-27,84,84,13:50-14:00,30.83416666666676
2025-07-27,87,88,14:20-14:40,27.66729142857139
2025-07-27,108,109,17:50-18:10,35.68090523809535
2025-07-27,113,113,18:40-18:50,27.40432714285714
2025-07-27,116,117,19:10-19:30,42.523030476190456
2025-07-27,122,124,20:10-20:40,971.1968977601127
2025-07-28,37,39,06:00-06:30,109.0371071428574
2025-07-28,42,42,06:50-07:00,13.548437619047661
2025-07-28,47,48,07:40-08:00,44.69193714285723
2025-07-28,50,51,08:10-08:30,151.06341619047612
2025-07-28,54,63,08:50-10:30,1017.0151245890527
2025-07-28,84,84,13:50-14:00,29.238749999999982
2025-07-28,87,88,14:20-14:40,60.12945190476216
2025-07-28,97,98,16:00-16:20,27.227131540270534
2025-07-28,103,103,17:00-17:10,9.07883734861781
2025-07-28,106,107,17:30-17:50,8.282319047619296
2025-07-28,109,110,18:00-18:20,26.945507930629063
2025-07-28,115,116,19:00-19:20,68.5860257142856
2025-07-28,118,124,19:30-20:40,2901.409652133628
2025-07-29,38,39,06:10-06:30,50.421671428571244
2025-07-29,41,43,06:40-07:10,79.97724285714281
2025-07-29,47,47,07:40-07:50,12.610853333333125
2025-07-29,50,51,08:10-08:30,56.58739761904758
2025-07-29,54,60,08:50-10:00,195.352446666667
2025-07-29,63,65,10:20-10:50,72.85171619047583
2025-07-29,83,84,13:40-14:00,21.22338952380983
2025-07-29,88,88,14:30-14:40,40.915364761905266
2025-07-29,109,109,18:00-18:10,39.9371376190478
2025-07-29,113,114,18:40-19:00,44.85155380952369
2025-07-29,117,117,19:20-19:30,21.132714761904708
2025-07-29,120,121,19:50-20:10,20.613407478474414
2025-07-29,123,124,20:20-20:40,1359.5382900000004
2025-07-30,37,38,06:00-06:20,137.60971666666683
2025-07-30,40,41,06:30-06:50,42.62185999999997
2025-07-30,44,45,07:10-07:30,76.28575476190485
2025-07-30,48,48,07:50-08:00,29.281113809523845
2025-07-30,50,51,08:10-08:30,78.75933571428561
2025-07-30,54,54,08:50-09:00,34.32638666666651
2025-07-30,56,60,09:10-10:00,155.7359499458742
2025-07-30,88,89,14:30-14:50,161.02226666666684
2025-07-30,92,92,15:10-15:20,0.7067238095236235
2025-07-30,109,109,18:00-18:10,34.968738633333416
2025-07-30,113,113,18:40-18:50,28.722603809523775
2025-07-30,117,119,19:20-19:50,69.80131000000006
2025-07-30,122,124,20:10-20:40,19.695929523809355
2025-07-31,37,37,06:00-06:10,27.39736047619033
2025-07-31,40,40,06:30-06:40,14.314577619047498
2025-07-31,47,50,07:40-08:20,132.80648476190436
2025-07-31,55,59,09:00-09:50,160.94017809523814
2025-07-31,83,84,13:40-14:00,15.636274761904588
2025-07-31,86,87,14:10-14:30,49.85733999999957
2025-07-31,105,105,17:20-17:30,0.5098333333332334
2025-07-31,115,116,19:00-19:20,49.2833404761908
2025-07-31,118,120,19:30-20:00,15.699333333333243
2025-07-31,124,124,20:30-20:40,212.3432772532273
2025-08-01,24,24,03:50-04:00,6.820333333333338
2025-08-01,31,31,05:00-05:10,21.400874761904788
2025-08-01,36,36,05:50-06:00,3.3847009523808538
2025-08-01,39,39,06:20-06:30,1.1315399999999727
2025-08-01,43,44,07:00-07:20,11.25731190476182
2025-08-01,112,112,18:30-18:40,17.492338965313017
2025-08-01,116,118,19:10-19:40,41.680955238095294
2025-08-01,121,123,20:00-20:30,88.11299999999983
2025-08-02,21,21,03:20-03:30,0.29533333333324663
2025-08-02,24,24,03:50-04:00,9.613333333333344
2025-08-02,28,28,04:30-04:40,19.48311380952373
2025-08-02,32,32,05:10-05:20,18.469738571428593
2025-08-02,35,37,05:40-06:10,53.43824428571429
2025-08-02,41,44,06:40-07:20,46.849181428571285
2025-08-02,95,95,15:40-15:50,9.83004857142862
2025-08-02,110,111,18:10-18:30,24.220865714285942
2025-08-02,114,114,18:50-19:00,34.62045571428553
2025-08-02,118,120,19:30-20:00,49.07866666666678
2025-08-02,122,123,20:10-20:30,27.266301428571296
2025-08-03,35,35,05:40-05:50,9.892589523809662
2025-08-03,39,40,06:20-06:40,74.09068809523808
2025-08-03,49,49,08:00-08:10,0.5093114285713227
2025-08-03,108,108,17:50-18:00,7.5910833333331595
2025-08-03,113,113,18:40-18:50,20.174409999999966
2025-08-03,116,119,19:10-19:50,47.99777476190479
2025-08-03,123,125,20:20-20:50,38.53350619047626
2025-08-03,130,130,21:30-21:40,12.236029866666286
2025-08-04,27,27,04:20-04:30,24.091333333333296
2025-08-04,36,36,05:50-06:00,23.01786238095235
2025-08-04,39,40,06:20-06:40,54.990390952380835
2025-08-04,43,43,07:00-07:10,33.17215476190492
2025-08-04,49,49,08:00-08:10,22.206130952381045
2025-08-04,52,53,08:30-08:50,108.81510428571448
2025-08-04,89,89,14:40-14:50,6.044383333333371
2025-08-04,109,109,18:00-18:10,21.76601095238101
2025-08-04,112,113,18:30-18:50,18.62303476190464
2025-08-04,117,117,19:20-19:30,23.263539999999807
2025-08-04,119,121,19:40-20:10,44.15735285714277
2025-08-05,38,39,06:10-06:30,71.63354904761877
2025-08-05,47,50,07:40-08:20,143.8925890476189
2025-08-05,53,54,08:40-09:00,109.63006952380988
2025-08-05,89,89,14:40-14:50,28.978200476190068
2025-08-05,108,108,17:50-18:00,8.463690476190294
2025-08-05,114,115,18:50-19:10,4.735666190476195
2025-08-05,118,119,19:30-19:50,92.23272666666674
2025-08-05,121,121,20:00-20:10,19.38839714285723
2025-08-06,20,20,03:10-03:20,4.3124304761905705
2025-08-06,38,39,06:10-06:30,58.792320000000245
2025-08-06,42,42,06:50-07:00,83.78758809523805
2025-08-06,47,47,07:40-07:50,0.08110714285726317
2025-08-06,49,50,08:00-08:20,76.36108571428554
2025-08-06,52,52,08:30-08:40,34.36580809523821
2025-08-06,86,87,14:10-14:30,74.18521571428528
2025-08-06,89,90,14:40-15:00,57.03147714285717
2025-08-06,95,96,15:40-16:00,58.060163333333776
2025-08-06,115,116,19:00-19:20,42.27694666666662
2025-08-06,118,119,19:30-19:50,73.78263333333348
2025-08-06,121,121,20:00-20:10,17.973227619047748
2025-08-06,124,124,20:30-20:40,29.419901904762014
2025-08-07,31,31,05:00-05:10,12.891993333333403
2025-08-07,36,39,05:50-06:30,63.14500142857162
2025-08-07,41,42,06:40-07:00,47.00976238095245
2025-08-07,44,45,07:10-07:30,87.51204142857159
2025-08-07,48,48,07:50-08:00,23.586523809523783
2025-08-07,51,52,08:20-08:40,76.9582738095238
2025-08-07,89,89,14:40-14:50,4.919205714285681
2025-08-07,116,118,19:10-19:40,71.92254952380927
2025-08-07,121,121,20:00-20:10,43.00140476190484
2025-08-08,24,24,03:50-04:00,35.396600000000035
2025-08-08,26,26,04:10-04:20,5.343988095238046
2025-08-08,32,32,05:10-05:20,15.47898761904753
2025-08-08,36,36,05:50-06:00,12.091075238095073
2025-08-08,38,40,06:10-06:40,69.45565904761892
2025-08-08,44,45,07:10-07:30,18.673450000000003
2025-08-08,108,109,17:50-18:10,46.232696666666826
2025-08-08,116,118,19:10-19:40,65.93095333333315
2025-08-08,121,122,20:00-20:20,92.01824333333366
2025-08-09,24,24,03:50-04:00,31.460993809523757
2025-08-09,32,33,05:10-05:30,37.163461904761874
2025-08-09,36,37,05:50-06:10,72.48017904761923
2025-08-09,41,43,06:40-07:10,164.39518142857128
2025-08-09,101,101,16:40-16:50,5.798580000000129
2025-08-09,108,108,17:50-18:00,0.7149904761905361
2025-08-09,114,115,18:50-19:10,31.888041904761963
2025-08-09,119,120,19:40-20:00,56.69487095238105
2025-08-09,124,124,20:30-20:40,7.408641904762021
2025-08-10,34,35,05:30-05:50,5.457414857143078
2025-08-10,38,39,06:10-06:30,10.187016666666636
2025-08-10,42,44,06:50-07:20,63.21116095238091
2025-08-10,47,48,07:40-08:00,46.00026904761933
2025-08-10,50,51,08:10-08:30,54.626934761904636
2025-08-10,101,101,16:40-16:50,0.9090514285715585
2025-08-10,104,105,17:10-17:30,15.69631030476205
2025-08-10,115,116,19:00-19:20,8.345109999999636
2025-08-10,119,124,19:40-20:40,158.0721849383965
2025-08-11,36,37,05:50-06:10,48.689515238095396
2025-08-11,40,41,06:30-06:50,87.57705619047613
2025-08-11,43,46,07:00-07:40,142.5920042857142
2025-08-11,49,49,08:00-08:10,7.149330952381206
2025-08-11,52,54,08:30-09:00,154.19629761904798
2025-08-11,56,57,09:10-09:30,53.88336619047618
2025-08-11,89,89,14:40-14:50,12.309620952380783
2025-08-11,110,111,18:10-18:30,28.332459047619373
2025-08-11,114,114,18:50-19:00,78.24077333333355
2025-08-11,116,117,19:10-19:30,66.08337857142828
2025-08-11,120,121,19:50-20:10,71.86415285714259
2025-08-11,124,124,20:30-20:40,1.1673652380950443
2025-08-12,39,39,06:20-06:30,1.5374142857143056
2025-08-12,41,42,06:40-07:00,53.534605238095025
2025-08-12,45,45,07:20-07:30,14.289980952380915
2025-08-12,49,49,08:00-08:10,45.509007142856944
2025-08-12,52,54,08:30-09:00,170.86905952380914
2025-08-12,58,58,09:30-09:40,16.692633333333333
2025-08-12,86,87,14:10-14:30,38.27795952380984
2025-08-12,92,93,15:10-15:30,21.52228952380915
2025-08-12,98,99,16:10-16:30,52.819509095234594
2025-08-12,111,112,18:20-18:40,17.928582380952577
2025-08-12,115,116,19:00-19:20,50.90501000000006
2025-08-12,119,119,19:40-19:50,4.610704761904685
2025-08-12,123,124,20:20-20:40,937.6904188438068
2025-08-13,9,9,01:20-01:30,14.331333333333419
2025-08-13,36,36,05:50-06:00,46.69070380952371
2025-08-13,40,40,06:30-06:40,41.185397142856914
2025-08-13,43,44,07:00-07:20,50.53132095238112
2025-08-13,46,46,07:30-07:40,3.479461904761706
2025-08-13,49,52,08:00-08:40,51.33057714285724
2025-08-13,85,85,14:00-14:10,29.609883333333528
2025-08-13,112,112,18:30-18:40,22.767436313933946
2025-08-13,115,116,19:00-19:20,47.78715666666665
2025-08-13,120,125,19:50-20:50,278.9268282488405
2025-08-14,10,10,01:30-01:40,21.09764699999971
2025-08-14,36,36,05:50-06:00,19.621237619047974
2025-08-14,38,39,06:10-06:30,67.2474166666666
2025-08-14,42,42,06:50-07:00,19.154713333333177
2025-08-14,45,47,07:20-07:50,63.39059523809527
2025-08-14,49,49,08:00-08:10,114.66882285714337
2025-08-14,52,53,08:30-08:50,120.80402809523844
2025-08-14,107,107,17:40-17:50,11.282594285714225
2025-08-14,111,111,18:20-18:30,19.100158466667196
2025-08-14,114,114,18:50-19:00,28.544003333333308
2025-08-14,118,119,19:30-19:50,4.465876666666645
2025-08-14,123,125,20:20-20:50,1126.8977691495256
2025-08-15,5,5,00:40-00:50,4.231806666666557
2025-08-15,9,9,01:20-01:30,22.605333333333192
2025-08-15,12,12,01:50-02:00,8.149053333333427
2025-08-15,25,25,04:00-04:10,52.04414333333318
2025-08-15,28,29,04:30-04:50,60.33618476190463
2025-08-15,32,32,05:10-05:20,20.207573809523865
2025-08-15,37,40,06:00-06:40,113.89539285714284
2025-08-15,43,43,07:00-07:10,16.0534847619046
2025-08-15,98,99,16:10-16:30,43.834422171807546
2025-08-15,114,114,18:50-19:00,25.741646666666497
2025-08-15,118,120,19:30-20:00,80.83699999999976
2025-08-15,124,124,20:30-20:40,35.45851666666658
2025-08-16,7,7,01:00-01:10,14.139773333333437
2025-08-16,10,11,01:30-01:50,49.8738096666666
2025-08-16,19,19,03:00-03:10,30.869276666666906
2025-08-16,28,30,04:30-05:00,42.83699999999999
2025-08-16,35,36,05:40-06:00,57.21187047619054
2025-08-16,39,39,06:20-06:30,27.89996952380949
2025-08-16,41,43,06:40-07:10,96.58916999999997
2025-08-16,100,101,16:30-16:50,49.04822047619041
2025-08-16,108,112,17:50-18:40,43.81601716637506
2025-08-16,116,117,19:10-19:30,33.46045142857133
2025-08-16,121,123,20:00-20:30,111.9033333333332
2025-08-16,126,126,20:50-21:00,5.617036666666877
2025-08-17,15,15,02:20-02:30,0.3489266666667845
2025-08-17,30,30,04:50-05:00,0.06799714285739356
2025-08-17,37,37,06:00-06:10,32.053466190476
2025-08-17,40,44,06:30-07:20,152.38175666666643
2025-08-17,50,51,08:10-08:30,152.46389380952348
2025-08-17,54,54,08:50-09:00,20.267848571428317
2025-08-17,97,98,16:00-16:20,63.95018761904794
2025-08-17,110,112,18:10-18:40,50.146608095238165
2025-08-17,115,116,19:00-19:20,74.04101714285719
2025-08-17,118,118,19:30-19:40,12.699087619047873
2025-08-17,121,123,20:00-20:30,81.63666666666654
2025-08-17,137,137,22:40-22:50,2.312925333333169
2025-08-18,9,10,01:20-01:40,68.70134333333328
2025-08-18,13,13,02:00-02:10,7.86187933333315
2025-08-18,24,24,03:50-04:00,13.63271809523792
2025-08-18,35,37,05:40-06:10,41.5998504761904
2025-08-18,41,42,06:40-07:00,22.336517619047584
2025-08-18,44,45,07:10-07:30,103.4504766666667
2025-08-18,48,52,07:50-08:40,186.45234142857146
2025-08-18,55,55,09:00-09:10,30.629897142857203
2025-08-18,87,87,14:20-14:30,8.03125
2025-08-18,94,94,15:30-15:40,32.33343919047638
2025-08-18,99,99,16:20-16:30,29.839253333332977
2025-08-18,105,105,17:20-17:30,82.82676190476192
2025-08-18,109,109,18:00-18:10,5.417656004760161
2025-08-18,114,115,18:50-19:10,71.78685523809543
2025-08-18,119,120,19:40-20:00,86.75531428571401
2025-08-18,122,123,20:10-20:30,83.81051142857154
2025-08-19,11,12,01:40-02:00,16.91723266666679
2025-08-19,28,28,04:30-04:40,2.7346533333335086
2025-08-19,38,39,06:10-06:30,54.63039047619043
2025-08-19,42,43,06:50-07:10,32.28009666666668
2025-08-19,47,51,07:40-08:30,153.81763809523818
2025-08-19,55,55,09:00-09:10,4.00954999999999
2025-08-19,84,84,13:50-14:00,35.92148238095251
2025-08-19,89,89,14:40-14:50,38.24784
2025-08-19,96,96,15:50-16:00,21.184461428571353
2025-08-19,111,111,18:20-18:30,40.870047619047725
2025-08-19,114,114,18:50-19:00,15.608571904761789
2025-08-19,116,117,19:10-19:30,120.7428023809523
2025-08-19,120,121,19:50-20:10,26.532079523809557
2025-08-19,124,125,20:30-20:50,17.278404999999907
2025-08-19,129,130,21:20-21:40,31.543341111111204
2025-08-20,2,2,00:10-00:20,1.205463333333455
2025-08-20,18,19,02:50-03:10,16.459476666666546
2025-08-20,28,28,04:30-04:40,30.52553523809492
2025-08-20,32,33,05:10-05:30,25.04596195238139
2025-08-20,38,44,06:10-07:20,90.07998000000043
2025-08-20,46,49,07:30-08:10,75.06010428571432
2025-08-20,52,57,08:30-09:30,382.91868571428415
2025-08-20,70,70,11:30-11:40,4.080320238095055
2025-08-20,86,86,14:10-14:20,3.4895804761906675
2025-08-20,88,89,14:30-14:50,56.61535999999978
2025-08-20,98,99,16:10-16:30,16.730804190476306
2025-08-20,103,104,17:00-17:20,23.71189571428573
2025-08-20,108,108,17:50-18:00,77.2905152380951
2025-08-20,115,126,19:00-21:00,4828.263147291776
2025-08-20,129,129,21:20-21:30,4.790926666666564
2025-08-21,17,18,02:40-03:00,10.748479999999972
2025-08-21,30,30,04:50-05:00,8.890507142857246
2025-08-21,38,39,06:10-06:30,92.30603238095227
2025-08-21,43,44,07:00-07:20,88.91027523809555
2025-08-21,48,48,07:50-08:00,40.90492285714288
2025-08-21,53,55,08:40-09:10,95.95970999999975
2025-08-21,85,85,14:00-14:10,3.1393333333332976
2025-08-21,92,93,15:10-15:30,45.19293380952354
2025-08-21,97,97,16:00-16:10,16.673818571428455
2025-08-21,106,106,17:30-17:40,5.762377904762076
2025-08-21,108,109,17:50-18:10,89.81018428571407
2025-08-21,112,113,18:30-18:50,29.875831904761718
2025-08-21,115,116,19:00-19:20,51.23330238095252
2025-08-21,118,118,19:30-19:40,5.658204761904813
2025-08-21,122,124,20:10-20:40,884.0038399034826
2025-08-21,129,129,21:20-21:30,1.4431833333331952
2025-08-22,3,3,00:20-00:30,32.07833333333349
2025-08-22,10,10,01:30-01:40,31.091679999999997
2025-08-22,17,17,02:40-02:50,20.110816666666892
2025-08-22,19,19,03:00-03:10,7.238080000000082
2025-08-22,22,24,03:30-04:00,108.96466666666677
2025-08-22,27,28,04:20-04:40,26.137250952380896
2025-08-22,32,34,05:10-05:40,80.78582999999976
2025-08-22,40,40,06:30-06:40,18.020493809523828
2025-08-22,43,44,07:00-07:20,40.78561666666661
2025-08-22,97,99,16:00-16:30,57.25666666666655
2025-08-22,103,103,17:00-17:10,9.097124285714244
2025-08-22,109,110,18:00-18:20,65.93566476190466
2025-08-22,113,114,18:40-19:00,110.40881714285706
2025-08-22,117,117,19:20-19:30,4.375092857142818
2025-08-22,119,120,19:40-20:00,42.1958699999999
2025-08-22,122,123,20:10-20:30,135.91042666666658
2025-08-22,134,134,22:10-22:20,1.7155400000000327
2025-08-23,2,3,00:10-00:30,34.407496666666816
2025-08-23,10,11,01:30-01:50,47.95609166666691
2025-08-23,18,19,02:50-03:10,89.71468333333326
2025-08-23,22,23,03:30-03:50,68.5316661904762
2025-08-23,25,26,04:00-04:20,52.27496333333329
2025-08-23,29,30,04:40-05:00,58.89201142857155
2025-08-23,34,34,05:30-05:40,26.834663809523803
2025-08-23,38,38,06:10-06:20,18.914710952380858
2025-08-23,41,42,06:40-07:00,40.710200476190494
2025-08-23,44,44,07:10-07:20,5.724185238095231
2025-08-23,96,96,15:50-16:00,7.460239523809264
2025-08-23,99,99,16:20-16:30,14.884812857142833
2025-08-23,105,105,17:20-17:30,8.212261904761874
2025-08-23,108,109,17:50-18:10,23.268665238095117
2025-08-23,113,114,18:40-19:00,23.338536666666585
2025-08-23,117,118,19:20-19:40,35.91686142857134
2025-08-23,121,123,20:00-20:30,48.749666666666485
2025-08-23,130,130,21:30-21:40,39.69870999999989
2025-08-23,135,135,22:20-22:30,11.42973000000029
2025-08-23,142,142,23:30-23:40,10.839374000000134
2025-08-24,12,14,01:50-02:20,23.93096666666679
2025-08-24,18,18,02:50-03:00,6.021076666666772
2025-08-24,33,33,05:20-05:30,25.180793333333327
2025-08-24,37,38,06:00-06:20,46.32011523809501
2025-08-24,40,41,06:30-06:50,30.94077142857151
2025-08-24,43,43,07:00-07:10,1.1375609523810795
2025-08-24,46,46,07:30-07:40,38.63473952380939
2025-08-24,49,50,08:00-08:20,63.70847666666657
2025-08-24,53,54,08:40-09:00,121.79229428571466
2025-08-24,67,67,11:00-11:10,23.18448109523797
2025-08-24,86,86,14:10-14:20,15.845903809524089
2025-08-24,88,88,14:30-14:40,15.193712857143055
2025-08-24,92,92,15:10-15:20,24.545796190475812
2025-08-24,97,99,16:00-16:30,66.1562976190479
2025-08-24,102,105,16:50-17:30,31.99147285714335
2025-08-24,108,109,17:50-18:10,58.73489190476191
2025-08-24,112,112,18:30-18:40,10.372569047618981
2025-08-24,117,119,19:20-19:50,88.8694776190473
2025-08-24,122,124,20:10-20:40,9.944906666666352
2025-08-24,139,139,23:00-23:10,49.03887133333342
2025-08-25,16,16,02:30-02:40,6.094289999999887
2025-08-25,23,24,03:40-04:00,45.83866280952327
2025-08-25,29,30,04:40-05:00,52.78408171428555
2025-08-25,33,33,05:20-05:30,23.830960000000232
2025-08-25,37,40,06:00-06:40,56.32462999999984
2025-08-25,43,45,07:00-07:30,66.0581190476193
2025-08-25,48,48,07:50-08:00,37.49995761904802
2025-08-25,52,52,08:30-08:40,7.328982380952198
2025-08-25,55,56,09:00-09:20,47.734947619047375
2025-08-25,85,88,14:00-14:40,72.0825080952385
2025-08-25,92,92,15:10-15:20,26.964341904762023
2025-08-25,95,96,15:40-16:00,80.2882466666664
2025-08-25,99,100,16:20-16:40,12.529615714285853
2025-08-25,107,107,17:40-17:50,13.20235761904749
2025-08-25,109,110,18:00-18:20,12.310575714285719
2025-08-25,115,124,19:00-20:40,4727.321070207832
2025-08-25,131,132,21:40-22:00,23.34144333333313
2025-08-25,136,137,22:30-22:50,13.281927333333215
2025-08-26,7,8,01:00-01:20,24.073579333333214
2025-08-26,14,17,02:10-02:50,65.21393700000044
2025-08-26,21,22,03:20-03:40,34.34254285714298
2025-08-26,26,27,04:10-04:30,12.142036666666513
2025-08-26,36,37,05:50-06:10,86.2936428571428
2025-08-26,40,40,06:30-06:40,22.35035999999991
2025-08-26,43,44,07:00-07:20,81.28048047619052
2025-08-26,47,47,07:40-07:50,7.69246761904742
2025-08-26,50,51,08:10-08:30,79.55848761904758
2025-08-26,55,56,09:00-09:20,9.580092380952351
2025-08-26,97,98,16:00-16:20,63.349927619047776
2025-08-26,101,103,16:40-17:10,65.25301999999965
2025-08-26,106,107,17:30-17:50,15.438754761904306
2025-08-26,110,111,18:10-18:30,10.175410476190734
2025-08-26,114,115,18:50-19:10,47.54598047619038
2025-08-26,118,119,19:30-19:50,54.40196142857167
2025-08-26,124,125,20:30-20:50,409.9224559692391
2025-08-26,128,130,21:10-21:40,39.34106360999967
2025-08-26,137,137,22:40-22:50,43.310704333333206
2025-08-26,141,141,23:20-23:30,19.149646666666513
2025-08-27,7,8,01:00-01:20,75.52988766666658
2025-08-27,13,13,02:00-02:10,12.637994333333268
2025-08-27,21,22,03:20-03:40,39.15792571428585
2025-08-27,31,32,05:00-05:20,14.785757666666433
2025-08-27,36,37,05:50-06:10,22.972106190475984
2025-08-27,40,42,06:30-07:00,73.39869047619044
2025-08-27,45,45,07:20-07:30,0.43514047619038365
2025-08-27,47,49,07:40-08:10,120.04766285714311
2025-08-27,51,54,08:20-09:00,120.12485619047595
2025-08-27,57,57,09:20-09:30,45.39500000000021
2025-08-27,86,87,14:10-14:30,95.65356047619048
2025-08-27,93,93,15:20-15:30,4.571057380952084
2025-08-27,97,99,16:00-16:30,35.55677380952392
2025-08-27,103,104,17:00-17:20,40.31989523809531
2025-08-27,111,111,18:20-18:30,63.77666666666664
2025-08-27,114,114,18:50-19:00,25.13026190476205
2025-08-27,116,117,19:10-19:30,39.543796666666594
2025-08-27,120,124,19:50-20:40,1840.683178896091
2025-08-27,130,131,21:30-21:50,61.96984744333331
2025-08-27,139,139,23:00-23:10,11.238218666666853
2025-08-28,4,4,00:30-00:40,6.935754333333534
2025-08-28,6,7,00:50-01:10,59.095696666666754
2025-08-28,10,10,01:30-01:40,36.04113866666637
2025-08-28,13,14,02:00-02:20,60.01294966666637
2025-08-28,16,19,02:30-03:10,21.98187899999982
2025-08-28,27,27,04:20-04:30,51.481333333333055
2025-08-28,31,32,05:00-05:20,12.897716952380627
2025-08-28,35,36,05:40-06:00,39.59797761904786
2025-08-28,42,42,06:50-07:00,12.9792423809522
2025-08-28,44,46,07:10-07:40,40.18790428571407
2025-08-28,50,50,08:10-08:20,0.8815628571431944
2025-08-28,54,56,08:50-09:20,173.1400685714284
2025-08-28,58,60,09:30-10:00,78.39908333333358
2025-08-28,62,63,10:10-10:30,83.96506
2025-08-28,65,66,10:40-11:00,63.30710761904788
2025-08-28,87,87,14:20-14:30,42.169999999999845
2025-08-28,89,90,14:40-15:00,5.287462380952093
2025-08-28,103,104,17:00-17:20,111.38422523809564
2025-08-28,110,111,18:10-18:30,41.65549809523806
2025-08-28,113,114,18:40-19:00,39.20463333333342
2025-08-28,117,124,19:20-20:40,4060.099405336674
2025-08-28,128,131,21:10-21:50,162.55432238333407
2025-08-28,137,138,22:40-23:00,105.9649433333334
2025-08-28,141,141,23:20-23:30,31.44062000000008
2025-08-29,4,5,00:30-00:50,49.8453883333334
2025-08-29,9,9,01:20-01:30,12.026333333333469
2025-08-29,13,13,02:00-02:10,29.03368999999998
2025-08-29,17,17,02:40-02:50,18.626206666666462
2025-08-29,21,24,03:20-04:00,66.730245238095
2025-08-29,27,28,04:20-04:40,26.02940095238114
2025-08-29,32,33,05:10-05:30,67.28617571428566
2025-08-29,36,39,05:50-06:30,64.9089547619048
2025-08-29,42,44,06:50-07:20,80.3774895238094
2025-08-29,67,67,11:00-11:10,3.7002040476193088
2025-08-29,99,99,16:20-16:30,21.04335714285719
2025-08-29,102,102,16:50-17:00,57.90988095238123
2025-08-29,105,106,17:20-17:40,19.372819523809767
2025-08-29,109,110,18:00-18:20,12.481080952381053
2025-08-29,112,113,18:30-18:50,25.377438571428684
2025-08-29,116,117,19:10-19:30,43.07328000000018
2025-08-29,119,121,19:40-20:10,78.81224333333296
2025-08-29,124,125,20:30-20:50,36.46706999999992
2025-08-29,132,132,21:50-22:00,34.52390333333324
2025-08-29,136,136,22:30-22:40,22.703553333333275
2025-08-29,141,141,23:20-23:30,4.200526666666747
2025-08-30,1,2,00:00-00:20,21.493433333333314
2025-08-30,4,5,00:30-00:50,58.197673333333455
2025-08-30,9,11,01:20-01:50,52.02296999999976
2025-08-30,13,14,02:00-02:20,13.259753333333265
2025-08-30,21,21,03:20-03:30,10.140333333333444
2025-08-30,24,26,03:50-04:20,105.5168000000001
2025-08-30,31,33,05:00-05:30,71.88466666666677
2025-08-30,37,37,06:00-06:10,36.6952828571429
2025-08-30,40,43,06:30-07:10,58.07447285714278
2025-08-30,55,55,09:00-09:10,16.561995571428497
2025-08-30,96,96,15:50-16:00,27.403220533334093
2025-08-30,98,99,16:10-16:30,55.98711285714296
2025-08-30,104,106,17:10-17:40,58.35389142857156
2025-08-30,109,110,18:00-18:20,53.0536519047618
2025-08-30,113,116,18:40-19:20,91.84050238095239
2025-08-30,121,121,20:00-20:10,43.02895666666666
2025-08-30,124,125,20:30-20:50,74.20369666666659
2025-08-30,128,131,21:10-21:50,79.53875000000028
2025-08-30,135,136,22:20-22:40,17.08309333333341
2025-08-30,140,141,23:10-23:30,61.17926533333298
2025-08-31,3,3,00:20-00:30,2.97176333333357
2025-08-31,7,7,01:00-01:10,4.571015000000102
2025-08-31,10,12,01:30-02:00,26.949461333333375
2025-08-31,18,18,02:50-03:00,30.31009666666648
2025-08-31,26,27,04:10-04:30,33.82095333333314
2025-08-31,30,31,04:50-05:10,9.87342543895866
2025-08-31,34,36,05:30-06:00,60.8570504761908
2025-08-31,38,39,06:10-06:30,1.0132019047618996
2025-08-31,42,44,06:50-07:20,107.20376142857157
2025-08-31,46,46,07:30-07:40,15.304203809523983
2025-08-31,50,52,08:10-08:40,28.344970952380436
2025-08-31,88,89,14:30-14:50,120.6175490476187
2025-08-31,94,94,15:30-15:40,2.9474693142889237
2025-08-31,101,101,16:40-16:50,9.83405952380923
2025-08-31,105,105,17:20-17:30,15.004607142857338
2025-08-31,108,109,17:50-18:10,49.59193952380947
2025-08-31,113,116,18:40-19:20,19.285360000000132
2025-08-31,120,125,19:50-20:50,2087.1165393826336
2025-08-31,129,130,21:20-21:40,39.46730333333369
2025-08-31,137,138,22:40-23:00,40.26498466666635
2025-08-31,141,141,23:20-23:30,4.135863333333418
2025-09-01,2,2,00:10-00:20,13.379851666666582
2025-09-01,7,8,01:00-01:20,31.629964000000086
2025-09-01,12,13,01:50-02:10,17.11924666666698
2025-09-01,38,39,06:10-06:30,36.11130571428578
2025-09-01,48,50,07:50-08:20,108.67951476190433
2025-09-01,52,52,08:30-08:40,9.253609047619648
2025-09-01,70,70,11:30-11:40,12.246417571428083
2025-09-01,115,115,19:00-19:10,35.91870999999992
2025-09-01,118,119,19:30-19:50,31.612222380952176
2025-09-01,123,124,20:20-20:40,23.65904761904767
2025-09-02,27,28,04:20-04:40,9.211247619047754
2025-09-02,30,31,04:50-05:10,1.840339285714549
2025-09-02,36,36,05:50-06:00,18.919051428571606
2025-09-02,39,41,06:20-06:50,46.55797571428565
2025-09-02,49,50,08:00-08:20,18.37822714285744
2025-09-02,52,52,08:30-08:40,45.53733619047625
2025-09-02,55,55,09:00-09:10,21.383953809524087
2025-09-02,115,115,19:00-19:10,20.45101333333332
2025-09-02,118,119,19:30-19:50,34.66404619047637
2025-09-02,124,124,20:30-20:40,40.02481
2025-09-02,131,131,21:40-21:50,0.30145633333336264
2025-09-02,142,142,23:30-23:40,28.441133333333255
2025-09-03,2,2,00:10-00:20,36.09726166666667
2025-09-03,6,6,00:50-01:00,5.2040566666668155
2025-09-03,30,30,04:50-05:00,47.635333333333165
2025-09-03,36,36,05:50-06:00,3.861405714285638
2025-09-03,39,40,06:20-06:40,32.926591428571555
2025-09-03,43,43,07:00-07:10,23.736788095238012
2025-09-03,46,46,07:30-07:40,25.608788095238253
2025-09-03,52,52,08:30-08:40,3.690776666666693
2025-09-03,55,55,09:00-09:10,12.98033333333342
2025-09-03,95,95,15:40-15:50,0.4545876190478566
2025-09-03,114,114,18:50-19:00,31.509006666666664
2025-09-03,120,121,19:50-20:10,45.448733809523674
2025-09-03,124,125,20:30-20:50,86.4656736666667
2025-09-03,137,138,22:40-23:00,32.344202666667115
2025-09-04,2,2,00:10-00:20,11.902198333333331
2025-09-04,7,8,01:00-01:20,19.637303666666526
2025-09-04,37,38,06:00-06:20,43.22565666666651
2025-09-04,40,40,06:30-06:40,25.146692380952572
2025-09-04,43,44,07:00-07:20,31.20750476190466
2025-09-04,46,48,07:30-08:00,66.40670238095231
2025-09-04,51,51,08:20-08:30,25.445474761904848
2025-09-04,88,88,14:30-14:40,10.84578333333343
2025-09-04,114,114,18:50-19:00,13.590524285714082
2025-09-04,118,119,19:30-19:50,78.61841285714263
2025-09-04,121,121,20:00-20:10,11.24321000000009
2025-09-04,124,125,20:30-20:50,32.57769700000006
2025-09-04,130,130,21:30-21:40,19.245856666666896
2025-09-04,137,139,22:40-23:10,50.23142700000028
2025-09-04,143,144,23:40-24:00,16.636058333333267
2025-09-05,4,4,00:30-00:40,28.085128333333387
2025-09-05,8,8,01:10-01:20,7.760161999999923
2025-09-05,19,21,03:00-03:30,13.62893333333318
2025-09-05,24,26,03:50-04:20,42.82449809523797
2025-09-05,29,31,04:40-05:10,57.488824285714145
2025-09-05,34,38,05:30-06:20,103.59991542857142
2025-09-05,42,42,06:50-07:00,44.85749952380951
2025-09-05,109,109,18:00-18:10,11.80512333333332
2025-09-05,113,115,18:40-19:10,104.98304095238075
2025-09-05,118,119,19:30-19:50,70.85864714285685
2025-09-05,124,124,20:30-20:40,44.34284000000014
2025-09-05,132,132,21:50-22:00,14.556550000000016
2025-09-05,135,135,22:20-22:30,2.384156666666513
2025-09-05,139,140,23:00-23:20,37.15667899999994
2025-09-05,143,143,23:40-23:50,12.423308333333466
2025-09-06,3,6,00:20-01:00,48.47119533333341
2025-09-06,9,9,01:20-01:30,15.620596666666529
2025-09-06,14,14,02:10-02:20,7.592873124044331
2025-09-06,21,22,03:20-03:40,63.16442000000012
2025-09-06,25,26,04:00-04:20,16.958310476190434
2025-09-06,29,31,04:40-05:10,63.3715323809522
2025-09-06,34,35,05:30-05:50,41.21783114285705
2025-09-06,38,40,06:10-06:40,42.48875952380959
2025-09-06,43,46,07:00-07:40,68.87083952380942
2025-09-06,108,109,17:50-18:10,58.349324285714296
2025-09-06,113,113,18:40-18:50,9.873856666666711
2025-09-06,117,119,19:20-19:50,127.81946333333309
2025-09-06,126,127,20:50-21:10,22.009544666666443
2025-09-06,136,137,22:30-22:50,12.787807333333603
2025-09-06,139,139,23:00-23:10,30.69111433333353
2025-09-06,142,143,23:30-23:50,28.167987333333258
2025-09-07,2,2,00:10-00:20,5.9994883333330336
2025-09-07,5,6,00:40-01:00,72.47817066666664
2025-09-07,30,33,04:50-05:30,36.21660190476214
2025-09-07,36,37,05:50-06:10,31.518050952380804
2025-09-07,39,41,06:20-06:50,27.275917619048187
2025-09-07,44,45,07:10-07:30,14.619465714285582
2025-09-07,47,50,07:40-08:20,147.9821476190474
2025-09-07,54,55,08:50-09:10,58.80507238095265
2025-09-07,113,113,18:40-18:50,12.842493333333323
2025-09-07,117,117,19:20-19:30,0.7156257142855793
2025-09-07,119,121,19:40-20:10,25.306405238094953
2025-09-07,126,127,20:50-21:10,68.99329800000021
2025-09-07,132,132,21:50-22:00,2.2816633333334266
2025-09-07,136,136,22:30-22:40,33.51086800000007
2025-09-07,139,140,23:00-23:20,38.527144666666686
2025-09-07,143,143,23:40-23:50,3.4686833333335017
2025-09-08,22,22,03:30-03:40,2.9880499999998165
2025-09-08,28,29,04:30-04:50,68.04072142857152
2025-09-08,31,31,05:00-05:10,38.56232666666676
2025-09-08,35,35,05:40-05:50,9.280429999999898
2025-09-08,37,37,06:00-06:10,18.023888571428756
2025-09-08,41,43,06:40-07:10,52.97824809523837
2025-09-08,48,50,07:50-08:20,74.92111142857141
2025-09-08,52,56,08:30-09:20,50.64078857142863
2025-09-08,87,90,14:20-15:00,79.17676857142897
2025-09-08,101,101,16:40-16:50,3.563562857142756
2025-09-08,111,111,18:20-18:30,29.594180952380725
2025-09-08,115,115,19:00-19:10,5.643100952380792
2025-09-08,118,118,19:30-19:40,4.412736666666433
2025-09-08,121,122,20:00-20:20,45.5814266666664
2025-09-08,124,124,20:30-20:40,546.023371530604
2025-09-08,126,126,20:50-21:00,25.959576666666976
2025-09-08,133,133,22:00-22:10,14.913425000000188
2025-09-08,137,138,22:40-23:00,48.0976826666672
2025-09-08,141,141,23:20-23:30,0.11493666666660829
2025-09-08,143,144,23:40-24:00,53.55247666666662
2025-09-09,6,6,00:50-01:00,0.06312666666678979
2025-09-09,8,9,01:10-01:30,10.155235333333167
2025-09-09,12,12,01:50-02:00,27.317719999999667
2025-09-09,15,15,02:20-02:30,5.320666666666625
2025-09-09,18,18,02:50-03:00,12.437866666666764
2025-09-09,25,25,04:00-04:10,33.85931381904709
2025-09-09,29,30,04:40-05:00,11.835745473250793
2025-09-09,36,37,05:50-06:10,40.1641557142857
2025-09-09,40,40,06:30-06:40,35.52815952380956
2025-09-09,43,45,07:00-07:30,59.119809523809295
2025-09-09,49,50,08:00-08:20,22.394686190476705
2025-09-09,52,52,08:30-08:40,15.267537142857236
2025-09-09,88,89,14:30-14:50,66.13422904761887
2025-09-09,109,109,18:00-18:10,21.906769523809658
2025-09-09,115,117,19:00-19:30,20.63499999999999
2025-09-09,121,122,20:00-20:20,91.81042666666656
2025-09-09,126,126,20:50-21:00,12.614966666666533
2025-09-09,132,132,21:50-22:00,57.12360666666655
2025-09-09,136,138,22:30-23:00,22.333274000000642
2025-09-09,143,143,23:40-23:50,62.6801200000001
2025-09-10,3,6,00:20-01:00,56.52122899999995
2025-09-10,9,10,01:20-01:40,43.59223333333318
2025-09-10,21,22,03:20-03:40,15.496440203988527
2025-09-10,25,25,04:00-04:10,2.1398466666665854
2025-09-10,35,36,05:40-06:00,102.01741476190452
2025-09-10,38,39,06:10-06:30,56.097667619047684
2025-09-10,42,44,06:50-07:20,65.95793285714313
2025-09-10,49,52,08:00-08:40,86.91941619047645
2025-09-10,55,58,09:00-09:40,190.46100523809463
2025-09-10,76,76,12:30-12:40,81.77994361904734
2025-09-10,79,79,13:00-13:10,33.92627238095224
2025-09-10,84,84,13:50-14:00,27.65874333333329
2025-09-10,104,104,17:10-17:20,9.576491904762321
2025-09-10,108,108,17:50-18:00,33.19713190476221
2025-09-10,112,114,18:30-19:00,92.6081500000003
2025-09-10,117,118,19:20-19:40,58.520517142857216
2025-09-10,121,124,20:00-20:40,1934.1553577361274
2025-09-10,126,126,20:50-21:00,27.542426666666643
2025-09-10,129,130,21:20-21:40,23.644173333333924
2025-09-10,133,133,22:00-22:10,9.253298333333305
2025-09-10,137,138,22:40-23:00,57.44878266666717
2025-09-10,142,143,23:30-23:50,14.455430666666643
2025-09-11,7,8,01:00-01:20,48.70518666666692
2025-09-11,11,12,01:40-02:00,43.9189889999999
2025-09-11,15,15,02:20-02:30,40.07208333333324
2025-09-11,28,28,04:30-04:40,8.217286666666837
2025-09-11,32,33,05:10-05:30,10.452063666666833
2025-09-11,37,38,06:00-06:20,45.441135714285906
2025-09-11,40,41,06:30-06:50,16.436032380952156
2025-09-11,43,43,07:00-07:10,14.46615333333341
2025-09-11,49,51,08:00-08:30,165.91904761904755
2025-09-11,55,55,09:00-09:10,8.193923809523994
2025-09-11,109,110,18:00-18:20,63.576146190476116
2025-09-11,114,116,18:50-19:20,36.10877999999968
2025-09-11,119,120,19:40-20:00,55.148374285714226
2025-09-11,122,123,20:10-20:30,54.84045619047595
2025-09-11,127,128,21:00-21:20,20.73160199999961
2025-09-11,134,136,22:10-22:40,31.755298666666704
2025-09-11,139,140,23:00-23:20,63.06177799999989
2025-09-11,143,144,23:40-24:00,20.30700399999978
2025-09-12,2,3,00:10-00:30,32.32153900000009
2025-09-12,7,7,01:00-01:10,5.354409666666811
2025-09-12,10,13,01:30-02:10,41.309287333333145
2025-09-12,16,17,02:30-02:50,15.613586333333444
2025-09-12,21,24,03:20-04:00,34.80532699999975
2025-09-12,27,27,04:20-04:30,13.49718095238103
2025-09-12,29,31,04:40-05:10,55.67528666666669
2025-09-12,35,42,05:40-07:00,87.91996238095257
2025-09-12,44,46,07:10-07:40,83.6462661904759
2025-09-12,108,108,17:50-18:00,19.6461647619047
2025-09-12,111,111,18:20-18:30,40.9452033333331
2025-09-12,114,116,18:50-19:20,33.11761999999999
2025-09-12,121,124,20:00-20:40,69.56758666666661
2025-09-12,127,128,21:00-21:20,76.72552533333328
2025-09-12,132,132,21:50-22:00,0.030366666666623132
2025-09-12,136,136,22:30-22:40,28.93867466666643
2025-09-12,139,140,23:00-23:20,13.55766466666671
2025-09-13,5,6,00:40-01:00,16.7746699999999
2025-09-13,8,9,01:10-01:30,58.40609033333334
2025-09-13,12,13,01:50-02:10,1.0853449999999611
2025-09-13,21,22,03:20-03:40,40.87424666666658
2025-09-13,25,26,04:00-04:20,86.60830285714292
2025-09-13,29,31,04:40-05:10,40.76798999999994
2025-09-13,35,35,05:40-05:50,3.694650000000024
2025-09-13,37,40,06:00-06:40,73.30730190476191
2025-09-13,44,45,07:10-07:30,33.02173333333326
2025-09-13,103,103,17:00-17:10,9.191841428571337
2025-09-13,108,108,17:50-18:00,0.30098571428545995
2025-09-13,111,112,18:20-18:40,36.99916904761894
2025-09-13,115,116,19:00-19:20,35.49481000000014
2025-09-13,118,118,19:30-19:40,6.909152857142772
2025-09-13,121,122,20:00-20:20,40.68559999999991
2025-09-13,125,126,20:40-21:00,24.775064000000043
2025-09-13,130,131,21:30-21:50,9.570973999999865
2025-09-13,136,137,22:30-22:50,88.03795633333357
2025-09-13,144,144,23:50-24:00,1.8265166666666346
2025-09-14,4,4,00:30-00:40,33.203698666666924
2025-09-14,7,8,01:00-01:20,47.002540000000295
2025-09-14,10,11,01:30-01:50,51.402377000000115
2025-09-14,18,18,02:50-03:00,7.883474211778093
2025-09-14,25,25,04:00-04:10,3.5939323809523103
2025-09-14,28,29,04:30-04:50,41.165982810111785
2025-09-14,32,33,05:10-05:30,71.0831793809523
2025-09-14,36,39,05:50-06:30,87.88599380952348
2025-09-14,42,42,06:50-07:00,0.04321571428573634
2025-09-14,45,45,07:20-07:30,20.2253452380956
2025-09-14,47,49,07:40-08:10,18.62847428571456
2025-09-14,52,55,08:30-09:10,96.17336714285716
2025-09-14,96,96,15:50-16:00,4.6496597619046725
2025-09-14,107,108,17:40-18:00,7.398238714285078
2025-09-14,110,111,18:10-18:30,52.47532333333356
2025-09-14,114,115,18:50-19:10,54.540537142857374
2025-09-14,119,120,19:40-20:00,102.99474857142854
2025-09-14,125,126,20:40-21:00,91.57166733333361
2025-09-14,129,129,21:20-21:30,8.366729999999961
2025-09-14,132,132,21:50-22:00,8.949346666666543
2025-09-14,134,134,22:10-22:20,6.584368666666819
2025-09-14,138,140,22:50-23:20,38.93182800000011
2025-09-14,144,144,23:50-24:00,27.958930000000123
2025-09-15,4,5,00:30-00:50,124.05354966666664
2025-09-15,8,10,01:10-01:40,87.65222500000016
2025-09-15,16,16,02:30-02:40,6.0856099999998605
2025-09-15,20,22,03:10-03:40,62.83445100000006
2025-09-15,29,29,04:40-04:50,11.66358852380982
2025-09-15,33,33,05:20-05:30,20.946589999999787
2025-09-15,35,36,05:40-06:00,22.023166190475933
2025-09-15,38,40,06:10-06:40,41.314789523809395
2025-09-15,43,44,07:00-07:20,40.50731857142853
2025-09-15,47,48,07:40-08:00,6.880356666666557
2025-09-15,52,53,08:30-08:50,140.71011333333342
2025-09-15,67,67,11:00-11:10,12.942489333333015
2025-09-15,88,89,14:30-14:50,37.315712857143126
2025-09-15,108,108,17:50-18:00,51.43934238095217
2025-09-15,111,113,18:20-18:50,57.60180000000027
2025-09-15,118,119,19:30-19:50,91.91886999999986
2025-09-15,121,122,20:00-20:20,15.134056666666538
2025-09-15,124,127,20:30-21:10,16.809273000000303
2025-09-15,134,136,22:10-22:40,62.406490000000076
2025-09-15,140,141,23:10-23:30,53.72115366666662
2025-09-15,144,144,23:50-24:00,42.41683666666677
2025-09-16,2,2,00:10-00:20,13.869139000000132
2025-09-16,7,8,01:00-01:20,36.79223466666622
2025-09-16,10,12,01:30-02:00,39.686349999999834
2025-09-16,15,16,02:20-02:40,46.43977666666649
2025-09-16,19,19,03:00-03:10,5.485998666666546
2025-09-16,22,23,03:30-03:50,57.12773785714273
2025-09-16,25,25,04:00-04:10,9.372779000000037
2025-09-16,31,32,05:00-05:20,16.509062428571422
2025-09-16,36,39,05:50-06:30,19.3602414285715
2025-09-16,41,42,06:40-07:00,13.872537619047819
2025-09-16,54,56,08:50-09:20,66.13005428571364
2025-09-16,64,64,10:30-10:40,14.840353047618919
2025-09-16,87,88,14:20-14:40,41.35122142857165
2025-09-16,97,97,16:00-16:10,12.170106857142969
2025-09-16,101,101,16:40-16:50,20.50589695238091
2025-09-16,105,105,17:20-17:30,5.480689285714078
2025-09-16,108,108,17:50-18:00,5.495148095238022
2025-09-16,111,112,18:20-18:40,64.9417271428572
2025-09-16,115,116,19:00-19:20,73.53715333333366
2025-09-16,119,120,19:40-20:00,17.940136666666604
2025-09-16,122,124,20:10-20:40,377.5149453342851
2025-09-16,127,127,21:00-21:10,45.839750999999865
2025-09-16,130,131,21:30-21:50,27.28691399999991
2025-09-16,134,135,22:10-22:30,30.10459200000014
2025-09-16,138,138,22:50-23:00,12.936726666666345
2025-09-16,141,141,23:20-23:30,8.8443033333333
2025-09-16,143,144,23:40-24:00,87.63114033333318
2025-09-17,3,3,00:20-00:30,3.2436666666667406
2025-09-17,5,7,00:40-01:10,65.24612633333356
2025-09-17,12,13,01:50-02:10,19.45967500000006
2025-09-17,16,16,02:30-02:40,21.322765333333336
2025-09-17,20,21,03:10-03:30,66.40211699999986
2025-09-17,29,30,04:40-05:00,42.88417142857156
2025-09-17,32,33,05:10-05:30,8.781525952380662
2025-09-17,35,36,05:40-06:00,44.49824047619052
2025-09-17,39,41,06:20-06:50,35.457826190476
2025-09-17,47,47,07:40-07:50,6.445098095238336
2025-09-17,49,50,08:00-08:20,47.65961904761889
2025-09-17,53,54,08:40-09:00,59.97501380952383
2025-09-17,57,58,09:20-09:40,19.686885238095442
2025-09-17,60,60,09:50-10:00,6.29416666666657
2025-09-17,96,96,15:50-16:00,33.47306642857143
2025-09-17,105,105,17:20-17:30,14.907253095238076
2025-09-17,109,110,18:00-18:20,37.46596665223776
2025-09-17,113,115,18:40-19:10,46.882351428571766
2025-09-17,119,121,19:40-20:10,42.407233333333465
2025-09-17,124,124,20:30-20:40,459.152485261941
2025-09-17,127,128,21:00-21:20,111.10051966666629
2025-09-17,130,130,21:30-21:40,0.6938999999997577
2025-09-17,135,137,22:20-22:50,103.19444366666687
2025-09-17,140,144,23:10-24:00,78.32173733333332
2025-09-18,4,5,00:30-00:50,51.647139666667044
2025-09-18,7,10,01:00-01:40,56.238786666666556
2025-09-18,13,13,02:00-02:10,16.937124333333372
2025-09-18,16,17,02:30-02:50,2.7449636666665356
2025-09-18,21,21,03:20-03:30,48.50730999999996
2025-09-18,23,24,03:40-04:00,26.62078333333318
2025-09-18,28,30,04:30-05:00,45.59135271428589
2025-09-18,32,33,05:10-05:30,73.43170642857126
2025-09-18,36,37,05:50-06:10,89.08302952380973
2025-09-18,40,41,06:30-06:50,12.087257142857311
2025-09-18,44,44,07:10-07:20,14.80047142857154
2025-09-18,48,51,07:50-08:30,50.689989047619065
2025-09-18,53,54,08:40-09:00,88.8410680952378
2025-09-18,56,57,09:10-09:30,50.36204428571432
2025-09-18,77,77,12:40-12:50,21.508988142857106
2025-09-18,88,89,14:30-14:50,12.28418428571456
2025-09-18,101,102,16:40-17:00,31.064233380952032
2025-09-18,105,105,17:20-17:30,37.53742404761897
2025-09-18,108,111,17:50-18:30,59.34534333333313
2025-09-18,114,115,18:50-19:10,72.37409904761887
2025-09-18,118,118,19:30-19:40,42.78519904761913
2025-09-18,121,122,20:00-20:20,92.12884333333318
2025-09-18,124,124,20:30-20:40,17.91274546179045
2025-09-18,127,130,21:00-21:40,81.47096299999976
2025-09-18,133,134,22:00-22:20,97.09225866666668
2025-09-18,139,139,23:00-23:10,8.492780999999923
2025-09-18,142,143,23:30-23:50,37.25140699999997
2025-09-19,2,3,00:10-00:30,35.07699233333341
2025-09-19,5,7,00:40-01:10,117.61966600000028
2025-09-19,10,11,01:30-01:50,95.8036286666665
2025-09-19,15,18,02:20-03:00,77.77437200000003
2025-09-19,21,23,03:20-03:50,13.069119999999998
2025-09-19,26,27,04:10-04:30,85.60888333333338
2025-09-19,30,30,04:50-05:00,9.67083190476177
2025-09-19,33,33,05:20-05:30,7.918666666666525
2025-09-19,36,38,05:50-06:20,37.09080809523806
2025-09-19,45,47,07:20-07:50,80.8690695238094
2025-09-19,96,97,15:50-16:10,46.346577142856916
2025-09-19,101,102,16:40-17:00,53.947058833334154
2025-09-19,105,106,17:20-17:40,20.464579380952657
2025-09-19,109,110,18:00-18:20,29.596221904761762
2025-09-19,112,112,18:30-18:40,21.56575761904776
2025-09-19,115,115,19:00-19:10,35.860240952381105
2025-09-19,118,119,19:30-19:50,43.45372238095251
2025-09-19,121,121,20:00-20:10,15.840389999999843
2025-09-19,125,129,20:40-21:30,140.9161203333332
2025-09-19,132,132,21:50-22:00,23.30986666666672
2025-09-19,134,136,22:10-22:40,110.93008433333341
2025-09-19,142,144,23:30-24:00,86.91150500000015
2025-09-20,4,6,00:30-01:00,100.49055833333307
2025-09-20,9,10,01:20-01:40,44.74281866666655
2025-09-20,16,16,02:30-02:40,29.70430533333365
2025-09-20,19,21,03:00-03:30,78.72889666666657
2025-09-20,24,25,03:50-04:10,22.887893333333125
2025-09-20,29,30,04:40-05:00,65.52553619047637
2025-09-20,35,42,05:40-07:00,97.02311238095257
2025-09-20,45,46,07:20-07:40,45.60798047619045
2025-09-20,70,70,11:30-11:40,4.359756476190796
2025-09-20,103,103,17:00-17:10,1.873599999999982
2025-09-20,107,108,17:40-18:00,38.82978238095237
2025-09-20,112,115,18:30-19:10,90.92456666666658
2025-09-20,118,120,19:30-20:00,98.9676666666669
2025-09-20,123,123,20:20-20:30,48.43710666666664
2025-09-20,125,126,20:40-21:00,46.36187000000007
2025-09-20,129,129,21:20-21:30,55.61676666666665
2025-09-20,131,132,21:40-22:00,103.5150526666664
2025-09-20,135,135,22:20-22:30,13.328520000000026
2025-09-20,139,139,23:00-23:10,23.551963
2025-09-20,142,144,23:30-24:00,118.64010499999995
2025-09-21,3,5,00:20-00:50,107.86400300000003
2025-09-21,8,10,01:10-01:40,83.79259066666646
2025-09-21,12,12,01:50-02:00,14.086453333333452
2025-09-21,15,16,02:20-02:40,24.690208999999868
2025-09-21,18,19,02:50-03:10,51.38217400000019
2025-09-21,23,24,03:40-04:00,67.62581333333321
2025-09-21,27,28,04:20-04:40,19.585830904761966
2025-09-21,32,33,05:10-05:30,21.14424285714267
2025-09-21,37,39,06:00-06:30,21.99470238095205
2025-09-21,49,49,08:00-08:10,8.687896666666461
2025-09-21,75,75,12:20-12:30,10.342349999999215
2025-09-21,108,109,17:50-18:10,45.92328619047578
2025-09-21,112,113,18:30-18:50,41.746128571428656
2025-09-21,117,117,19:20-19:30,7.817694285714651
2025-09-21,119,120,19:40-20:00,11.277109523809486
2025-09-21,123,124,20:20-20:40,35.450113333333206
2025-09-21,127,127,21:00-21:10,57.592400999999995
2025-09-21,130,131,21:30-21:50,49.00155933333326
2025-09-21,136,137,22:30-22:50,28.738854999999944
2025-09-21,142,144,23:30-24:00,91.9505770000003
2025-09-22,4,5,00:30-00:50,96.23919466666655
2025-09-22,7,12,01:00-02:00,130.28303133333327
2025-09-22,16,17,02:30-02:50,78.8615996666665
2025-09-22,21,22,03:20-03:40,58.60079333333317
2025-09-22,25,26,04:00-04:20,30.740572380952383
2025-09-22,29,33,04:40-05:30,91.78811609523844
2025-09-22,37,38,06:00-06:20,47.58181428571436
2025-09-22,41,42,06:40-07:00,63.356098571428845
2025-09-22,47,48,07:40-08:00,37.817582857142725
2025-09-22,54,54,08:50-09:00,33.78643952380969
2025-09-22,88,88,14:30-14:40,11.21596238095276
2025-09-22,99,99,16:20-16:30,14.432511904761839
2025-09-22,102,104,16:50-17:20,30.037798238095235
2025-09-22,108,108,17:50-18:00,7.804956666666385
2025-09-22,110,111,18:10-18:30,40.3375914285715
2025-09-22,114,114,18:50-19:00,27.032403809524112
2025-09-22,117,119,19:20-19:50,90.19703952380951
2025-09-22,121,121,20:00-20:10,7.600483333333386
2025-09-22,123,124,20:20-20:40,1347.1099726687178
2025-09-22,126,128,20:50-21:20,129.84050700000023
2025-09-22,130,131,21:30-21:50,22.911976000000095
2025-09-22,134,138,22:10-23:00,140.27115666666703
2025-09-22,140,141,23:10-23:30,48.32465633333334
2025-09-22,144,144,23:50-24:00,20.886056666666832
2025-09-23,3,5,00:20-00:50,102.48666433333358
2025-09-23,7,7,01:00-01:10,18.71746266666696
2025-09-23,10,13,01:30-02:10,97.14530166666634
2025-09-23,16,16,02:30-02:40,24.837856333333207
2025-09-23,18,20,02:50-03:20,60.66428400000041
2025-09-23,23,24,03:40-04:00,59.995461666666415
2025-09-23,29,31,04:40-05:10,78.12357047619048
2025-09-23,34,35,05:30-05:50,39.877441047619016
2025-09-23,37,39,06:00-06:30,31.32359523809498
2025-09-23,41,42,06:40-07:00,43.90901904761921
2025-09-23,47,47,07:40-07:50,16.36174523809541
2025-09-23,51,51,08:20-08:30,26.556593809524088
2025-09-23,55,59,09:00-09:50,129.6629690476193
2025-09-23,61,61,10:00-10:10,3.388966666666647
2025-09-23,87,89,14:20-14:50,82.66126428571397
2025-09-23,96,97,15:50-16:10,105.28260314285762
2025-09-23,100,100,16:30-16:40,7.385425714285759
2025-09-23,104,104,17:10-17:20,0.017591428571137158
2025-09-23,106,106,17:30-17:40,4.812863666666779
2025-09-23,109,110,18:00-18:20,60.978834285714186
2025-09-23,112,112,18:30-18:40,11.781426666666675
2025-09-23,115,116,19:00-19:20,35.48510952380951
2025-09-23,119,124,19:40-20:40,1754.3663094135795
2025-09-23,126,126,20:50-21:00,101.34378000000015
2025-09-23,129,129,21:20-21:30,27.78020666666646
2025-09-23,131,132,21:40-22:00,34.897799666666515
2025-09-23,134,135,22:10-22:30,166.48903799999982
2025-09-23,138,138,22:50-23:00,48.7348666666669
2025-09-23,140,142,23:10-23:40,49.03541033333363
2025-09-24,2,10,00:10-01:40,251.26748933333283
2025-09-24,12,14,01:50-02:20,61.42283966666662
2025-09-24,17,19,02:40-03:10,42.18831166666678
2025-09-24,21,22,03:20-03:40,61.93470666666656
2025-09-24,25,26,04:00-04:20,53.20692190476227
2025-09-24,29,30,04:40-05:00,15.57910333333325
2025-09-24,36,41,05:50-06:50,109.47329904761943
2025-09-24,44,45,07:10-07:30,22.340667142856944
2025-09-24,47,47,07:40-07:50,6.512708571428959
2025-09-24,50,51,08:10-08:30,45.25146904761857
2025-09-24,54,55,08:50-09:10,69.00425714285711
2025-09-24,58,58,09:30-09:40,8.137816666666822
2025-09-24,84,85,13:50-14:10,51.13411580952379
2025-09-24,91,92,15:00-15:20,5.881509380952593
2025-09-24,96,96,15:50-16:00,15.808973333333597
2025-09-24,101,102,16:40-17:00,49.36024633333386
2025-09-24,106,106,17:30-17:40,7.366440142856796
2025-09-24,109,111,18:00-18:30,86.21527380952367
2025-09-24,114,115,18:50-19:10,76.5082871428574
2025-09-24,118,119,19:30-19:50,134.93663571428579
2025-09-24,122,124,20:10-20:40,1045.3144150825974
2025-09-24,126,129,20:50-21:30,158.40558833333284
2025-09-24,132,136,21:50-22:40,140.35241833333293
2025-09-24,139,140,23:00-23:20,42.70264933333351
2025-09-24,142,143,23:30-23:50,131.54499966666674
2025-09-25,2,3,00:10-00:30,178.91058666666686
2025-09-25,7,8,01:00-01:20,57.135511999999835
2025-09-25,10,10,01:30-01:40,6.505726333333314
2025-09-25,12,14,01:50-02:20,87.71487933333344
2025-09-25,16,19,02:30-03:10,123.34742566666648
2025-09-25,23,25,03:40-04:10,49.31980457142847
2025-09-25,28,29,04:30-04:50,44.6091231428569
2025-09-25,31,31,05:00-05:10,11.080161666666754
2025-09-25,35,40,05:40-06:40,108.05362890476204
2025-09-25,43,44,07:00-07:20,29.253000000000156
2025-09-25,47,47,07:40-07:50,0.36969238095235823
2025-09-25,53,54,08:40-09:00,16.957359999999994
2025-09-25,81,81,13:20-13:30,39.70749857142823
2025-09-25,85,86,14:00-14:20,55.620226476190055
2025-09-25,94,95,15:30-15:50,86.62361104761936
2025-09-25,99,99,16:20-16:30,34.34192690476226
2025-09-25,103,103,17:00-17:10,23.407019523809367
2025-09-25,106,107,17:30-17:50,33.09689109523795
2025-09-25,110,114,18:10-19:00,161.4898491904759
2025-09-25,119,123,19:40-20:30,69.59057333333305
2025-09-25,125,127,20:40-21:10,126.67982899999981
2025-09-25,131,132,21:40-22:00,44.93585500000006
2025-09-25,134,138,22:10-23:00,234.93566533333308
2025-09-25,142,144,23:30-24:00,59.22268333333335
2025-09-26,2,3,00:10-00:30,20.9917200000001
2025-09-26,7,12,01:00-02:00,202.30473366666615
2025-09-26,15,18,02:20-03:00,16.289116666666587
2025-09-26,20,21,03:10-03:30,46.04565666666673
2025-09-26,24,26,03:50-04:20,80.16073199999997
2025-09-26,28,31,04:30-05:10,62.3498502857142
2025-09-26,34,34,05:30-05:40,3.571737142857163
2025-09-26,37,38,06:00-06:20,38.41162333333341
2025-09-26,41,45,06:40-07:30,69.83540238095253
2025-09-26,97,97,16:00-16:10,22.721957619047203
2025-09-26,100,101,16:30-16:50,35.709064285714476
2025-09-26,104,105,17:10-17:30,62.1790629523809
2025-09-26,109,110,18:00-18:20,61.09798761904774
2025-09-26,112,113,18:30-18:50,34.29928761904762
2025-09-26,115,116,19:00-19:20,36.71633666666651
2025-09-26,119,120,19:40-20:00,32.340160000000196
2025-09-26,124,127,20:30-21:10,110.9525636666666
2025-09-26,129,131,21:20-21:50,138.9607129999997
2025-09-26,134,138,22:10-23:00,133.25743366666643
2025-09-26,140,144,23:10-24:00,98.20140299999997
2025-09-27,2,4,00:10-00:40,144.8439596666666
2025-09-27,7,8,01:00-01:20,105.82657766666671
2025-09-27,10,14,01:30-02:20,80.88667066666659
2025-09-27,17,19,02:40-03:10,68.2471799999999
2025-09-27,23,24,03:40-04:00,47.64734666666675
2025-09-27,27,28,04:20-04:40,51.900566666666464
2025-09-27,31,32,05:00-05:20,44.076674761904584
2025-09-27,34,35,05:30-05:50,33.63365999999985
2025-09-27,37,38,06:00-06:20,32.988220952381084
2025-09-27,40,41,06:30-06:50,57.93053619047646
2025-09-27,45,46,07:20-07:40,125.4564666666667
2025-09-27,96,97,15:50-16:10,65.75222619047634
2025-09-27,105,107,17:20-17:50,119.08207609523838
2025-09-27,109,112,18:00-18:40,62.602573809523975
2025-09-27,115,117,19:00-19:30,16.3066666666665
2025-09-27,120,120,19:50-20:00,7.5073519047617765
2025-09-27,122,123,20:10-20:30,19.502866666666932
2025-09-27,126,128,20:50-21:20,162.23451999999975
2025-09-27,130,131,21:30-21:50,25.377033666666534
2025-09-27,133,137,22:00-22:50,190.27093566666673
2025-09-27,139,140,23:00-23:20,141.6964816666666
2025-09-27,142,144,23:30-24:00,78.30304433333333
2025-09-28,2,3,00:10-00:30,91.13374633333342
2025-09-28,5,14,00:40-02:20,311.9783476666669
2025-09-28,16,16,02:30-02:40,8.44222666666667
2025-09-28,19,21,03:00-03:30,105.05797633333361
2025-09-28,23,24,03:40-04:00,51.49022033333347
2025-09-28,26,27,04:10-04:30,21.521802666666872
2025-09-28,29,30,04:40-05:00,45.31505585714285
2025-09-28,35,36,05:40-06:00,27.452885809523536
2025-09-28,38,39,06:10-06:30,52.316217142856885
2025-09-28,42,43,06:50-07:10,24.689467142857268
2025-09-28,49,53,08:00-08:50,52.14404809523842
2025-09-28,55,55,09:00-09:10,16.75078523809509
2025-09-28,58,59,09:30-09:50,56.946120476190345
2025-09-28,63,63,10:20-10:30,17.22370952380993
2025-09-28,82,82,13:30-13:40,9.973554095238342
2025-09-28,86,86,14:10-14:20,10.646750476190618
2025-09-28,97,98,16:00-16:20,29.620694142856507
2025-09-28,100,106,16:30-17:40,145.58853728571432
2025-09-28,110,110,18:10-18:20,2.8217285714285616
2025-09-28,113,117,18:40-19:30,165.5184834285713
2025-09-28,122,127,20:10-21:10,1666.3781694272097
2025-09-28,130,135,21:30-22:30,251.0704176666669
2025-09-28,138,140,22:50-23:20,130.96390166666708
2025-09-28,142,144,23:30-24:00,128.7780743333334
2025-09-29,1,3,00:00-00:30,149.3902796666664
2025-09-29,7,9,01:00-01:30,97.51747766666654
2025-09-29,12,14,01:50-02:20,116.25012733333335
2025-09-29,17,19,02:40-03:10,67.88343666666697
2025-09-29,22,25,03:30-04:10,132.09625085714288
2025-09-29,28,29,04:30-04:50,26.65534714285763
2025-09-29,32,32,05:10-05:20,8.910384523809626
2025-09-29,35,37,05:40-06:10,58.2309991428574
2025-09-29,41,42,06:40-07:00,52.409815238095376
2025-09-29,47,47,07:40-07:50,5.685448571428651
2025-09-29,49,50,08:00-08:20,30.907059523809153
2025-09-29,53,54,08:40-09:00,32.80253904761889
2025-09-29,57,58,09:20-09:40,103.98756095238105
2025-09-29,87,87,14:20-14:30,23.395833333333258
2025-09-29,92,92,15:10-15:20,42.32505080952433
2025-09-29,96,97,15:50-16:10,54.85230428571401
2025-09-29,101,103,16:40-17:10,107.8103693809519
2025-09-29,108,113,17:50-18:50,84.842540952381
2025-09-29,116,117,19:10-19:30,47.09689000000003
2025-09-29,120,125,19:50-20:50,2658.6072650447577
2025-09-29,127,130,21:00-21:40,171.17486233333352
2025-09-29,133,138,22:00-23:00,289.4946610000003
2025-09-29,140,144,23:10-24:00,235.04197833333308
2025-09-30,1,5,00:00-00:50,128.98782633333292
2025-09-30,7,7,01:00-01:10,12.53389333333348
2025-09-30,10,15,01:30-02:30,152.10752200000013
2025-09-30,17,19,02:40-03:10,62.40028999999981
2025-09-30,21,22,03:20-03:40,42.704263333333415
2025-09-30,25,25,04:00-04:10,12.156212857142577
2025-09-30,28,29,04:30-04:50,69.28793461904768
2025-09-30,34,36,05:30-06:00,7.083682571428438
2025-09-30,38,43,06:10-07:10,94.26783095238088
2025-09-30,47,47,07:40-07:50,30.05871333333357
2025-09-30,52,58,08:30-09:40,539.9662055716832
2025-09-30,61,61,10:00-10:10,16.61844999999994
2025-09-30,77,77,12:40-12:50,7.687255666666488
2025-09-30,81,81,13:20-13:30,5.678011666667317
2025-09-30,84,84,13:50-14:00,34.54208333333315
2025-09-30,90,92,14:50-15:20,22.47728590476197
2025-09-30,100,100,16:30-16:40,13.186327142857238
2025-09-30,103,104,17:00-17:20,3.21419714285733
2025-09-30,106,107,17:30-17:50,16.112123809524
2025-09-30,110,111,18:10-18:30,45.89254666666646
2025-09-30,114,114,18:50-19:00,45.629789047619056
2025-09-30,117,117,19:20-19:30,4.273184761904645
2025-09-30,119,128,19:40-21:20,3927.136325871342
2025-09-30,131,133,21:40-22:10,170.30750833333332
2025-09-30,135,144,22:20-24:00,380.94741099999976
2025-10-01,2,4,00:10-00:40,106.88507099999947
2025-10-01,7,12,01:00-02:00,226.4586693333331
2025-10-01,14,15,02:10-02:30,53.16316866666682
2025-10-01,17,18,02:40-03:00,23.652239999999892
2025-10-01,20,24,03:10-04:00,92.03827066666656
2025-10-01,26,27,04:10-04:30,52.292061380952646
2025-10-01,30,31,04:50-05:10,38.20269852380926
2025-10-01,34,35,05:30-05:50,28.624909857142665
2025-10-01,38,39,06:10-06:30,26.077129523809504
2025-10-01,52,52,08:30-08:40,18.850318571428375
2025-10-01,88,88,14:30-14:40,14.60916666666651
2025-10-01,107,107,17:40-17:50,6.321660476190515
2025-10-01,110,111,18:10-18:30,85.8016452380952
2025-10-01,113,114,18:40-19:00,36.803602476190434
2025-10-01,116,119,19:10-19:50,59.38883523809511
2025-10-01,122,123,20:10-20:30,9.931579999999599
2025-10-01,125,126,20:40-21:00,98.86801566666679
2025-10-01,128,135,21:10-22:30,390.01297066666746
2025-10-01,137,144,22:40-24:00,363.7691320000001
2025-10-02,2,2,00:10-00:20,0.831049999999891
2025-10-02,5,6,00:40-01:00,10.818763333333322
2025-10-02,8,9,01:10-01:30,58.11886333333325
2025-10-02,12,14,01:50-02:20,30.317700000000173
2025-10-02,18,18,02:50-03:00,24.9139133333332
2025-10-02,21,24,03:20-04:00,35.38256666666666
2025-10-02,27,28,04:20-04:40,39.659203809524
2025-10-02,32,36,05:10-06:00,76.5050701428572
2025-10-02,39,39,06:20-06:30,32.42020714285718
2025-10-02,41,42,06:40-07:00,19.211038571428674
2025-10-02,47,48,07:40-08:00,46.040527619047566
2025-10-02,50,51,08:10-08:30,40.881899047618845
2025-10-02,55,56,09:00-09:20,65.06292761904751
2025-10-02,104,104,17:10-17:20,10.371772857142759
2025-10-02,112,113,18:30-18:50,67.7388618571429
2025-10-02,116,117,19:10-19:30,69.0404199999997
2025-10-02,122,123,20:10-20:30,47.738573333333534
2025-10-02,125,144,20:40-24:00,846.0535949999999
2025-10-03,2,5,00:10-00:50,45.93496666666675
2025-10-03,8,9,01:10-01:30,45.817106666666746
2025-10-03,14,16,02:10-02:40,57.45712133333342
2025-10-03,19,20,03:00-03:20,42.60086666666672
2025-10-03,23,24,03:40-04:00,3.813823333333346
2025-10-03,26,27,04:10-04:30,31.240829523809566
2025-10-03,30,31,04:50-05:10,28.649230476190496
2025-10-03,33,35,05:20-05:50,40.51016857142861
2025-10-03,40,41,06:30-06:50,45.36126571428565
2025-10-03,45,46,07:20-07:40,87.54379811047184
2025-10-03,104,105,17:10-17:30,32.80158714285723
2025-10-03,110,114,18:10-19:00,25.22430095238093
2025-10-03,116,117,19:10-19:30,15.7428533333333
2025-10-03,120,120,19:50-20:00,0.6445571428569679
2025-10-03,122,124,20:10-20:40,68.48820666666671
2025-10-03,126,126,20:50-21:00,21.925740000000246
2025-10-03,128,144,21:10-24:00,667.6648186666664
2025-10-04,2,3,00:10-00:30,31.4953000000001
2025-10-04,6,6,00:50-01:00,1.6335466666667458
2025-10-04,9,10,01:20-01:40,26.558789999999874
2025-10-04,13,17,02:00-02:50,83.74275633333326
2025-10-04,22,23,03:30-03:50,13.308433333333312
2025-10-04,26,27,04:10-04:30,32.80917714285715
2025-10-04,29,30,04:40-05:00,13.530720952380761
2025-10-04,35,36,05:40-06:00,99.24181952380957
2025-10-04,40,40,06:30-06:40,2.199759047619068
2025-10-04,43,46,07:00-07:40,645.8785844604764
2025-10-04,97,97,16:00-16:10,9.546204476190496
2025-10-04,100,101,16:30-16:50,57.73075114285723
2025-10-04,103,104,17:00-17:20,44.20966876190498
2025-10-04,106,106,17:30-17:40,4.951303523809418
2025-10-04,110,112,18:10-18:40,73.74311523809519
2025-10-04,115,116,19:00-19:20,42.89373333333333
2025-10-04,118,119,19:30-19:50,7.258373333333225
2025-10-04,122,124,20:10-20:40,17.36508666666674
2025-10-04,126,144,20:50-24:00,737.3103893333334
2025-10-05,2,2,00:10-00:20,20.534666666666794
2025-10-05,5,7,00:40-01:10,42.99804666666671
2025-10-05,11,12,01:40-02:00,44.86654699999997
2025-10-05,14,17,02:10-02:50,101.66670133333355
2025-10-05,20,21,03:10-03:30,55.81313066666655
2025-10-05,24,25,03:50-04:10,25.224553333333006
2025-10-05,28,30,04:30-05:00,47.867767333333305
2025-10-05,36,38,05:50-06:20,48.39083952380963
2025-10-05,40,40,06:30-06:40,3.0480195238095575
2025-10-05,47,48,07:40-08:00,43.42479285714302
2025-10-05,53,56,08:40-09:20,63.007212380952524
2025-10-05,80,80,13:10-13:20,3.762981523809003
2025-10-05,91,92,15:00-15:20,70.81912804761885
2025-10-05,97,98,16:00-16:20,25.90762023809549
2025-10-05,100,100,16:30-16:40,2.8919389047619575
2025-10-05,102,106,16:50-17:40,128.66918085714283
2025-10-05,110,111,18:10-18:30,64.22923238095211
2025-10-05,113,114,18:40-19:00,61.11692176190479
2025-10-05,117,118,19:20-19:40,14.984959523809835
2025-10-05,121,122,20:00-20:20,49.57372333333308
2025-10-05,126,128,20:50-21:20,155.20327766666662
2025-10-05,131,144,21:40-24:00,629.098814333333
2025-10-06,2,3,00:10-00:30,32.27076000000022
2025-10-06,6,6,00:50-01:00,12.77899333333346
2025-10-06,9,15,01:20-02:30,111.98540899999978
2025-10-06,18,18,02:50-03:00,8.987639999999942
2025-10-06,21,21,03:20-03:30,1.2154333333332943
2025-10-06,23,24,03:40-04:00,46.82961866666676
2025-10-06,27,27,04:20-04:30,12.460600476190393
2025-10-06,30,31,04:50-05:10,23.186076190476456
2025-10-06,37,39,06:00-06:30,70.85951190476226
2025-10-06,43,43,07:00-07:10,27.26537095238109
2025-10-06,47,50,07:40-08:20,53.4456438095238
2025-10-06,53,57,08:40-09:30,198.64418894891384
2025-10-06,89,89,14:40-14:50,6.193580476190277
2025-10-06,94,94,15:30-15:40,14.293987142856963
2025-10-06,97,98,16:00-16:20,24.333706380952492
2025-10-06,101,102,16:40-17:00,42.041437619047684
2025-10-06,108,108,17:50-18:00,27.505330476190352
2025-10-06,111,111,18:20-18:30,28.927379047619183
2025-10-06,115,117,19:00-19:30,83.85733333333371
2025-10-06,119,133,19:40-22:10,3933.2320571945083
2025-10-06,135,144,22:20-24:00,352.84350433333327
2025-10-07,2,4,00:10-00:40,81.47730399999966
2025-10-07,6,9,00:50-01:30,37.719086666666726
2025-10-07,12,12,01:50-02:00,8.624059999999872
2025-10-07,14,17,02:10-02:50,43.01187933333347
2025-10-07,23,24,03:40-04:00,30.17089499999986
2025-10-07,27,27,04:20-04:30,15.128481428571263
2025-10-07,30,32,04:50-05:20,20.585855142856843
2025-10-07,35,36,05:40-06:00,5.673834761904807
2025-10-07,38,39,06:10-06:30,21.05073523809517
2025-10-07,42,45,06:50-07:30,31.666640952381044
2025-10-07,47,58,07:40-09:40,929.4636826490503
2025-10-07,89,89,14:40-14:50,6.44991285714309
2025-10-07,93,93,15:20-15:30,21.350477380952725
2025-10-07,96,96,15:50-16:00,2.6921309523809214
2025-10-07,99,100,16:20-16:40,35.61628166666674
2025-10-07,102,103,16:50-17:10,18.220857095238614
2025-10-07,106,106,17:30-17:40,0.7470690476188668
2025-10-07,110,113,18:10-18:50,21.81834285714266
2025-10-07,117,129,19:20-21:30,2986.1697693744636
2025-10-07,132,140,21:50-23:20,395.7796783333333
2025-10-07,142,144,23:30-24:00,158.8330943333333
2025-10-08,1,3,00:00-00:30,39.16278066666666
2025-10-08,5,6,00:40-01:00,73.3502656666667
2025-10-08,9,11,01:20-01:50,79.15881266666645
2025-10-08,13,14,02:00-02:20,21.736836333333372
2025-10-08,16,17,02:30-02:50,33.604180000000156
2025-10-08,20,21,03:10-03:30,19.714516666666896
2025-10-08,24,24,03:50-04:00,7.000680000000216
2025-10-08,27,29,04:20-04:50,23.267976190475967
2025-10-08,34,34,05:30-05:40,4.748200333333216
2025-10-08,37,41,06:00-06:50,83.82445809523801
2025-10-08,44,46,07:10-07:40,12.178549523809238
2025-10-08,49,49,08:00-08:10,32.95424238095245
2025-10-08,52,56,08:30-09:20,591.1417833475664
2025-10-08,92,93,15:10-15:30,41.3482902380955
2025-10-08,97,97,16:00-16:10,3.5996390952381034
2025-10-08,100,103,16:30-17:10,132.12048157142866
2025-10-08,106,108,17:30-18:00,82.6582386190474
2025-10-08,111,111,18:20-18:30,16.006699047619122
2025-10-08,114,118,18:50-19:40,73.70556333333332
2025-10-08,120,129,19:50-21:30,3406.326092872602
2025-10-08,131,135,21:40-22:30,292.5711006666669
2025-10-08,138,144,22:50-24:00,258.40278333333333
2025-10-09,2,3,00:10-00:30,78.35089466666659
2025-10-09,6,8,00:50-01:20,15.606300000000033
2025-10-09,12,13,01:50-02:10,52.80283666666662
2025-10-09,17,17,02:40-02:50,4.283019999999965
2025-10-09,19,19,03:00-03:10,10.237043333333077
2025-10-09,22,23,03:30-03:50,28.6174933333333
2025-10-09,25,27,04:00-04:30,29.338787000000345
2025-10-09,29,30,04:40-05:00,16.64063333333358
2025-10-09,33,34,05:20-05:40,68.21829795238125
2025-10-09,37,38,06:00-06:20,62.80904857142889
2025-10-09,40,41,06:30-06:50,21.34681904761908
2025-10-09,43,47,07:00-07:50,37.10363238095266
2025-10-09,53,56,08:40-09:20,442.8934238521463
2025-10-09,87,88,14:20-14:40,29.82156299999906
2025-10-09,91,91,15:00-15:10,18.38920076190459
2025-10-09,94,94,15:30-15:40,12.264615714285469
2025-10-09,98,100,16:10-16:40,24.56424333333331
2025-10-09,103,104,17:00-17:20,37.762158476190834
2025-10-09,107,108,17:40-18:00,12.685521904762254
2025-10-09,111,111,18:20-18:30,19.622316666666734
2025-10-09,113,114,18:40-19:00,23.004426666666745
2025-10-09,116,117,19:10-19:30,45.637549523809525
2025-10-09,120,120,19:50-20:00,21.98990333333313
2025-10-09,122,126,20:10-21:00,1963.4960381951894
2025-10-09,128,130,21:10-21:40,96.4923703333335
2025-10-09,132,144,21:50-24:00,455.83137566666625
2025-10-10,1,1,00:00-00:10,25.670296666666673
2025-10-10,4,6,00:30-01:00,54.6400000000001
2025-10-10,10,10,01:30-01:40,12.636973333333401
2025-10-10,13,14,02:00-02:20,21.76726000000008
2025-10-10,16,16,02:30-02:40,1.4689566666665996
2025-10-10,19,20,03:00-03:20,36.460557999999935
2025-10-10,22,22,03:30-03:40,32.00667999999985
2025-10-10,25,25,04:00-04:10,8.501796666666678
2025-10-10,28,29,04:30-04:50,49.26830666666666
2025-10-10,31,32,05:00-05:20,25.823021904761788
2025-10-10,34,36,05:30-06:00,30.86099999999999
2025-10-10,38,40,06:10-06:40,38.341353809523696
2025-10-10,42,46,06:50-07:40,762.7497920390463
2025-10-10,96,96,15:50-16:00,30.941919999999982
2025-10-10,99,100,16:20-16:40,39.60580333333343
2025-10-10,103,104,17:00-17:20,45.88674476190489
2025-10-10,110,111,18:10-18:30,20.011255714285824
2025-10-10,116,117,19:10-19:30,50.921399047619104
2025-10-10,121,122,20:00-20:20,47.30734999999993
2025-10-10,125,126,20:40-21:00,198.40915784461728
2025-10-10,128,129,21:10-21:30,113.43619033333334
2025-10-10,132,141,21:50-23:30,427.0780059588499
2025-10-10,143,144,23:40-24:00,92.26566933333334
2025-10-11,1,1,00:00-00:10,2.0837099999999964
2025-10-11,4,5,00:30-00:50,22.56127333333336
2025-10-11,7,10,01:00-01:40,51.58700733333342
2025-10-11,13,14,02:00-02:20,48.14323999999999
2025-10-11,16,17,02:30-02:50,23.53097000000008
2025-10-11,21,22,03:20-03:40,28.21298333333351
2025-10-11,25,25,04:00-04:10,23.493483333333472
2025-10-11,28,28,04:30-04:40,22.33974666666677
2025-10-11,31,32,05:00-05:20,53.35493333333352
2025-10-11,35,36,05:40-06:00,31.6060599999999
2025-10-11,39,42,06:20-07:00,64.74246142857135
2025-10-11,44,47,07:10-07:50,412.4954473599993
2025-10-11,96,98,15:50-16:20,41.549400952381106
2025-10-11,101,102,16:40-17:00,7.120574285714156
2025-10-11,104,105,17:10-17:30,40.79311952380941
2025-10-11,108,108,17:50-18:00,2.749533333333318
2025-10-11,110,111,18:10-18:30,40.31556380952384
2025-10-11,114,117,18:50-19:30,54.90845333333334
2025-10-11,120,123,19:50-20:30,49.250683333333086
2025-10-11,126,129,20:50-21:30,113.0914610000001
2025-10-11,131,135,21:40-22:30,265.50297566666643
2025-10-11,137,143,22:40-23:50,211.20291699999945
2025-10-12,3,4,00:20-00:40,35.23820300000011
2025-10-12,7,7,01:00-01:10,27.252824000000146
2025-10-12,10,11,01:30-01:50,88.62481633333311
2025-10-12,15,16,02:20-02:40,45.765330000000176
2025-10-12,22,23,03:30-03:50,24.130800333333468
2025-10-12,25,25,04:00-04:10,10.017006666666362
2025-10-12,28,28,04:30-04:40,8.870160333333502
2025-10-12,31,31,05:00-05:10,27.385568095237886
2025-10-12,34,35,05:30-05:50,20.537062380952573
2025-10-12,37,37,06:00-06:10,53.473176666666745
2025-10-12,40,41,06:30-06:50,28.11063476190475
2025-10-12,43,43,07:00-07:10,11.668712380952542
2025-10-12,47,47,07:40-07:50,27.70223285714286
2025-10-12,52,54,08:30-09:00,53.0967857142856
2025-10-12,84,84,13:50-14:00,32.39635214285704
2025-10-12,94,94,15:30-15:40,4.382873904762164
2025-10-12,97,98,16:00-16:20,49.13573290476194
2025-10-12,100,101,16:30-16:50,48.84124633744864
2025-10-12,108,110,17:50-18:20,46.22493333333334
2025-10-12,113,114,18:40-19:00,43.0091414285713
2025-10-12,117,117,19:20-19:30,3.0458099999999604
2025-10-12,119,128,19:40-21:20,3162.990641468791
2025-10-12,131,133,21:40-22:10,144.4173039999996
2025-10-12,135,137,22:20-22:50,122.38060766666649
2025-10-12,139,143,23:00-23:50,138.0819086666662
2025-10-13,2,3,00:10-00:30,38.04669333333334
2025-10-13,5,6,00:40-01:00,28.72323999999969
2025-10-13,8,9,01:10-01:30,42.92789500000015
2025-10-13,12,13,01:50-02:10,55.26115000000027
2025-10-13,16,17,02:30-02:50,29.702733333333185
2025-10-13,26,30,04:10-05:00,47.20044842857163
2025-10-13,34,35,05:30-05:50,31.010310000000192
2025-10-13,38,39,06:10-06:30,47.31732476190484
2025-10-13,47,47,07:40-07:50,10.550766190476168
2025-10-13,49,51,08:00-08:30,48.96744047619006
2025-10-13,54,55,08:50-09:10,37.91173619047629
2025-10-13,88,88,14:30-14:40,34.308992857142584
2025-10-13,94,96,15:30-16:00,55.55250166666667
2025-10-13,100,101,16:30-16:50,55.02534238095254
2025-10-13,103,104,17:00-17:20,12.38730023809454
2025-10-13,108,108,17:50-18:00,3.141173333333313
2025-10-13,113,113,18:40-18:50,0.47812714285737457
2025-10-13,116,117,19:10-19:30,85.04287809523817
2025-10-13,120,120,19:50-20:00,2.7947566666666717
2025-10-13,122,135,20:10-22:30,1274.671434163141
2025-10-13,138,143,22:50-23:50,155.60053133333372
2025-10-14,2,3,00:10-00:30,34.949359999999956
2025-10-14,5,7,00:40-01:10,45.4895733333334
2025-10-14,10,10,01:30-01:40,14.512306666666632
2025-10-14,13,14,02:00-02:20,42.725511333333316
2025-10-14,19,20,03:00-03:20,68.50433799999996
2025-10-14,23,23,03:40-03:50,4.721763333333229
2025-10-14,27,29,04:20-04:50,42.781510000000225
2025-10-14,33,34,05:20-05:40,13.192027809523665
2025-10-14,37,39,06:00-06:30,54.08760714285722
2025-10-14,42,45,06:50-07:30,75.67928571428604
2025-10-14,47,48,07:40-08:00,5.8605990476190755
2025-10-14,51,52,08:20-08:40,41.30047190476205
2025-10-14,54,58,08:50-09:40,521.8609406436179
2025-10-14,89,89,14:40-14:50,27.8893700000001
2025-10-14,92,92,15:10-15:20,1.3080466666666553
2025-10-14,94,96,15:30-16:00,29.272630952380894
2025-10-14,100,101,16:30-16:50,11.831574761904932
2025-10-14,107,108,17:40-18:00,18.49649190476191
2025-10-14,112,115,18:30-19:10,61.39563190476209
2025-10-14,118,124,19:30-20:40,3452.6834366542366
2025-10-14,126,130,20:50-21:40,155.1200409999999
2025-10-14,132,134,21:50-22:20,109.68305099999998
2025-10-14,137,142,22:40-23:40,185.24295166666707
2025-10-14,144,144,23:50-24:00,5.319910000000164
2025-10-15,1,1,00:00-00:10,22.39399766666679
2025-10-15,4,5,00:30-00:50,74.03121633333319
2025-10-15,7,8,01:00-01:20,27.1890383333332
2025-10-15,11,12,01:40-02:00,56.24313866666682
2025-10-15,15,16,02:20-02:40,38.71563000000003
2025-10-15,18,18,02:50-03:00,5.003699999999981
2025-10-15,24,25,03:50-04:10,35.59364333333349
2025-10-15,28,29,04:30-04:50,27.56967161904774
2025-10-15,33,34,05:20-05:40,20.47415328571458
2025-10-15,37,38,06:00-06:20,44.34066142857114
2025-10-15,40,41,06:30-06:50,24.315177619047518
2025-10-15,47,48,07:40-08:00,13.753157142856821
2025-10-15,51,51,08:20-08:30,2.897258571428438
2025-10-15,53,54,08:40-09:00,41.94459857142874
2025-10-15,57,57,09:20-09:30,33.22439380952369
2025-10-15,85,85,14:00-14:10,0.1996666666668716
2025-10-15,88,89,14:30-14:50,14.073931904761935
2025-10-15,94,94,15:30-15:40,3.972848095238078
2025-10-15,97,98,16:00-16:20,6.7448705714287485
2025-10-15,100,100,16:30-16:40,6.1157057142857525
2025-10-15,103,103,17:00-17:10,14.128460476190853
2025-10-15,106,107,17:30-17:50,70.88471014285777
2025-10-15,109,109,18:00-18:10,1.5308271428574045
2025-10-15,113,114,18:40-19:00,18.071270476190307
2025-10-15,116,127,19:10-21:10,5365.092628892826
2025-10-15,129,135,21:20-22:30,178.2558440333337
2025-10-15,138,141,22:50-23:30,179.5413413333331
2025-10-15,144,144,23:50-24:00,24.176536666666607
2025-10-16,2,3,00:10-00:30,54.302060000000324
2025-10-16,5,6,00:40-01:00,26.40360333333342
2025-10-16,10,11,01:30-01:50,7.522926666666649
2025-10-16,15,16,02:20-02:40,31.737846666666655
2025-10-16,19,19,03:00-03:10,9.137363666666602
2025-10-16,22,23,03:30-03:50,14.874254000000178
2025-10-16,26,27,04:10-04:30,18.589653333333217
2025-10-16,31,31,05:00-05:10,19.010264190476164
2025-10-16,35,35,05:40-05:50,7.097785714285596
2025-10-16,38,39,06:10-06:30,11.271362380952382
2025-10-16,41,43,06:40-07:10,49.65218333333368
2025-10-16,45,45,07:20-07:30,10.694266190476128
2025-10-16,50,51,08:10-08:30,48.53047666666646
2025-10-16,53,58,08:40-09:40,282.25499920824205
2025-10-16,85,86,14:00-14:20,64.64826190476208
2025-10-16,90,91,14:50-15:10,56.54405428571465
2025-10-16,96,96,15:50-16:00,25.519807619047356
2025-10-16,101,102,16:40-17:00,7.138124285713815
2025-10-16,105,105,17:20-17:30,20.76579809523805
2025-10-16,108,109,17:50-18:10,11.883668095238093
2025-10-16,112,113,18:30-18:50,32.588549999999984
2025-10-16,116,125,19:10-20:50,5384.6840987064215
2025-10-16,127,132,21:00-22:00,106.78389100000015
2025-10-16,134,141,22:10-23:30,256.3125486666662
2025-10-16,143,144,23:40-24:00,74.79989799999987
2025-10-17,1,1,00:00-00:10,11.507120000000043
2025-10-17,4,5,00:30-00:50,31.265510000000006
2025-10-17,7,8,01:00-01:20,23.74302
2025-10-17,10,10,01:30-01:40,16.766329999999982
2025-10-17,13,15,02:00-02:30,41.728413333333435
2025-10-17,18,21,02:50-03:30,49.42068333333361
2025-10-17,24,25,03:50-04:10,8.69265333333334
2025-10-17,27,27,04:20-04:30,3.2503480952381096
2025-10-17,29,31,04:40-05:10,10.028666666666652
2025-10-17,33,34,05:20-05:40,8.789612857142913
2025-10-17,37,40,06:00-06:40,55.490389047619146
2025-10-17,43,44,07:00-07:20,8.401162857142765
2025-10-17,47,47,07:40-07:50,10.86917428571428
2025-10-17,96,97,15:50-16:10,26.42792333333324
2025-10-17,100,101,16:30-16:50,86.66936995238098
2025-10-17,103,104,17:00-17:20,24.787741428571614
2025-10-17,106,106,17:30-17:40,21.274404761904783
2025-10-17,109,109,18:00-18:10,19.60987428571434
2025-10-17,112,113,18:30-18:50,51.99690999999996
2025-10-17,115,116,19:00-19:20,48.075346666666576
2025-10-17,119,120,19:40-20:00,41.6723085714284
2025-10-17,123,125,20:20-20:50,78.19827354333296
2025-10-17,128,130,21:10-21:40,110.63731033333346
2025-10-17,132,142,21:50-23:40,289.2743686666661
2025-10-18,2,3,00:10-00:30,97.43735099999998
2025-10-18,6,6,00:50-01:00,5.378883333333306
2025-10-18,9,9,01:20-01:30,8.258246666666707
2025-10-18,11,12,01:40-02:00,31.349715000000003
2025-10-18,15,15,02:20-02:30,4.3083166666667125
2025-10-18,17,18,02:40-03:00,73.68567999999982
2025-10-18,21,21,03:20-03:30,52.256000000000085
2025-10-18,24,24,03:50-04:00,21.280596666666725
2025-10-18,28,29,04:30-04:50,45.6520216666666
2025-10-18,32,33,05:10-05:30,27.52070333333353
2025-10-18,38,39,06:10-06:30,43.74997523809543
2025-10-18,42,42,06:50-07:00,12.815280952381045
2025-10-18,45,48,07:20-08:00,52.19351285714299
2025-10-18,98,99,16:10-16:30,63.69940809523803
2025-10-18,104,105,17:10-17:30,46.146298714285585
2025-10-18,110,111,18:10-18:30,8.314636190476108
2025-10-18,113,114,18:40-19:00,23.47221761904757
2025-10-18,117,118,19:20-19:40,20.26021285714279
2025-10-18,124,135,20:30-22:30,311.21762099999967
2025-10-18,138,141,22:50-23:30,107.92839533333336
2025-10-18,144,144,23:50-24:00,1.11511333333317
2025-10-19,2,3,00:10-00:30,50.392359999999826
2025-10-19,6,8,00:50-01:20,50.46518333333336
2025-10-19,15,16,02:20-02:40,28.185350000000085
2025-10-19,19,19,03:00-03:10,12.90153033333354
2025-10-19,22,23,03:30-03:50,24.355494397055395
2025-10-19,26,27,04:10-04:30,45.03024499999981
2025-10-19,30,30,04:50-05:00,33.58899999999994
2025-10-19,34,36,05:30-06:00,37.120539333333475
2025-10-19,38,39,06:10-06:30,45.089327142857314
2025-10-19,43,45,07:00-07:30,41.540468095238424
2025-10-19,49,50,08:00-08:20,36.59307761904756
2025-10-19,53,54,08:40-09:00,28.474982380952383
2025-10-19,56,57,09:10-09:30,91.66651190476227
2025-10-19,85,86,14:00-14:20,41.63079428571382
2025-10-19,88,90,14:30-15:00,81.37870238095252
2025-10-19,93,94,15:20-15:40,61.86767333333307
2025-10-19,103,103,17:00-17:10,6.376543285714305
2025-10-19,109,110,18:00-18:20,43.223023809523525
2025-10-19,112,112,18:30-18:40,3.541705238095119
2025-10-19,115,115,19:00-19:10,26.297954761904634
2025-10-19,118,129,19:30-21:30,3643.7023989021154
2025-10-19,132,141,21:50-23:30,243.13475266666626
2025-10-19,143,144,23:40-24:00,35.70391833333349
2025-10-20,5,7,00:40-01:10,46.20431033333307
2025-10-20,11,12,01:40-02:00,14.810248333333561
2025-10-20,15,16,02:20-02:40,20.424346666666793
2025-10-20,20,20,03:10-03:20,6.0551833333331615
2025-10-20,24,24,03:50-04:00,3.7177666666668756
2025-10-20,27,28,04:20-04:40,17.408436666666724
2025-10-20,33,34,05:20-05:40,44.450655523809395
2025-10-20,37,39,06:00-06:30,46.765416666666965
2025-10-20,42,45,06:50-07:30,44.85618809523831
2025-10-20,47,48,07:40-08:00,60.81432761904807
2025-10-20,51,52,08:20-08:40,119.55370285714287
2025-10-20,55,61,09:00-10:10,536.4019663547521
2025-10-20,87,89,14:20-14:50,48.30848999999989
2025-10-20,97,97,16:00-16:10,1.0721728571429594
2025-10-20,100,101,16:30-16:50,28.572070619047196
2025-10-20,104,105,17:10-17:30,40.27473061904725
2025-10-20,109,112,18:00-18:40,20.868546666666724
2025-10-20,115,115,19:00-19:10,21.521537619047763
2025-10-20,118,118,19:30-19:40,8.577286666666623
2025-10-20,121,129,20:00-21:30,2108.4439766776823
2025-10-20,131,133,21:40-22:10,141.79797133333307
2025-10-20,135,144,22:20-24:00,151.28994400000056
2025-10-21,3,4,00:20-00:40,30.11343199999999
2025-10-21,9,11,01:20-01:50,28.333703000000014
2025-10-21,18,18,02:50-03:00,10.076530000000162
2025-10-21,22,22,03:30-03:40,22.04435033333334
2025-10-21,25,26,04:00-04:20,10.501056333333281
2025-10-21,28,28,04:30-04:40,9.69942928571423
2025-10-21,32,33,05:10-05:30,48.560293952381016
2025-10-21,35,35,05:40-05:50,4.658815714285765
2025-10-21,38,39,06:10-06:30,69.51258666666695
2025-10-21,42,42,06:50-07:00,36.66515857142842
2025-10-21,44,45,07:10-07:30,14.304552380952458
2025-10-21,48,48,07:50-08:00,25.08933190476182
2025-10-21,50,52,08:10-08:40,68.08921904761928
2025-10-21,55,56,09:00-09:20,71.09384190476123
2025-10-21,58,61,09:30-10:10,305.08520674159325
2025-10-21,84,84,13:50-14:00,6.055302380952412
2025-10-21,86,87,14:10-14:30,37.82274285714277
2025-10-21,95,95,15:40-15:50,11.787728800000991
2025-10-21,102,102,16:50-17:00,25.201154285714125
2025-10-21,104,105,17:10-17:30,43.28711561904744
2025-10-21,108,108,17:50-18:00,0.0925433333335377
2025-10-21,113,114,18:40-19:00,47.417365714285744
2025-10-21,117,117,19:20-19:30,26.116391904761713
2025-10-21,120,129,19:50-21:30,3143.1202337938066
2025-10-21,132,134,21:50-22:20,96.21920166666655
2025-10-21,136,137,22:30-22:50,104.2125043333333
2025-10-21,139,140,23:00-23:20,90.32819733333304
2025-10-22,2,2,00:10-00:20,0.45813766666651645
2025-10-22,4,5,00:30-00:50,35.278519666666966
2025-10-22,9,10,01:20-01:40,40.70460666666679
2025-10-22,13,13,02:00-02:10,13.252947333333395
2025-10-22,21,22,03:20-03:40,31.933427666666603
2025-10-22,25,26,04:00-04:20,16.067793333333157
2025-10-22,30,30,04:50-05:00,2.846110000000067
2025-10-22,35,35,05:40-05:50,7.23448095238075
2025-10-22,37,37,06:00-06:10,2.201408571428715
2025-10-22,40,41,06:30-06:50,27.261764285714165
2025-10-22,43,45,07:00-07:30,70.84118952380987
2025-10-22,48,49,07:50-08:10,59.001936190476044
2025-10-22,51,62,08:20-10:20,1095.884962859519
2025-10-22,94,95,15:30-15:50,17.228960476190537
2025-10-22,100,101,16:30-16:50,26.398471428571526
2025-10-22,104,105,17:10-17:30,5.883942523809285
2025-10-22,107,109,17:40-18:10,57.765757619047626
2025-10-22,112,112,18:30-18:40,7.533849999999688
2025-10-22,116,117,19:10-19:30,62.01005809523815
2025-10-22,122,126,20:10-21:00,1826.5432224552392
2025-10-22,128,135,21:10-22:30,187.8257900600002
2025-10-22,137,140,22:40-23:20,115.5586726666661
2025-10-22,143,143,23:40-23:50,0.12360966666653894
2025-10-23,2,2,00:10-00:20,20.49142433333327
2025-10-23,8,11,01:10-01:50,35.041892666666854
2025-10-23,13,13,02:00-02:10,3.6912833333334447
2025-10-23,20,22,03:10-03:40,11.346663333333368
2025-10-23,25,26,04:00-04:20,42.35756799999979
2025-10-23,33,33,05:20-05:30,2.047599999999875
2025-10-23,37,41,06:00-06:50,45.660514285714214
2025-10-23,47,48,07:40-08:00,35.73612428571403
2025-10-23,51,53,08:20-08:50,89.9673647619046
2025-10-23,56,57,09:10-09:30,16.8625385714289
2025-10-23,73,73,12:00-12:10,25.486369714286184
2025-10-23,87,88,14:20-14:40,47.36039142857135
2025-10-23,94,95,15:30-15:50,16.416042999999945
2025-10-23,102,103,16:50-17:10,47.64874333333388
2025-10-23,106,107,17:30-17:50,31.712143809523745
2025-10-23,112,112,18:30-18:40,10.72852000000023
2025-10-23,115,115,19:00-19:10,39.44870142857167
2025-10-23,118,119,19:30-19:50,59.427983333333145
2025-10-23,121,121,20:00-20:10,1.8714600000001838
2025-10-23,123,134,20:20-22:20,981.5718317966266
2025-10-23,136,140,22:30-23:20,77.33477499999958
2025-10-23,143,144,23:40-24:00,60.669249666666474
2025-10-24,3,5,00:20-00:50,35.612826666666535
2025-10-24,7,7,01:00-01:10,3.7759333333332847
2025-10-24,11,16,01:40-02:40,39.19867833333353
2025-10-24,19,19,03:00-03:10,15.335336666666706
2025-10-24,22,23,03:30-03:50,20.183560000000057
2025-10-24,25,25,04:00-04:10,16.691750000000013
2025-10-24,28,30,04:30-05:00,36.104653952381156
2025-10-24,33,35,05:20-05:50,64.55737095238092
2025-10-24,39,39,06:20-06:30,13.523452857142786
2025-10-24,41,46,06:40-07:40,94.20970333333327
2025-10-24,48,49,07:50-08:10,66.69789795333142
2025-10-24,94,95,15:30-15:50,3.3125442857143526
2025-10-24,99,101,16:20-16:50,45.64335999999972
2025-10-24,104,104,17:10-17:20,1.5099347619047734
2025-10-24,107,108,17:40-18:00,12.87002142857142
2025-10-24,110,111,18:10-18:30,55.04190666666676
2025-10-24,114,115,18:50-19:10,40.89061333333319
2025-10-24,118,118,19:30-19:40,34.68694333333332
2025-10-24,121,122,20:00-20:20,52.97416000000004
2025-10-24,124,135,20:30-22:30,925.3276692380957
2025-10-24,137,138,22:40-23:00,122.0337606666667
2025-10-24,141,143,23:20-23:50,20.444946999999956
2025-10-25,2,3,00:10-00:30,68.51934366666654
2025-10-25,8,9,01:10-01:30,72.19741999999997
2025-10-25,14,15,02:10-02:30,27.9496400000001
2025-10-25,22,22,03:30-03:40,28.060827666666682
2025-10-25,25,26,04:00-04:20,31.882209999999986
2025-10-25,28,29,04:30-04:50,30.972219047618978
2025-10-25,33,34,05:20-05:40,39.923610190476325
2025-10-25,38,41,06:10-06:50,62.382890476190425
2025-10-25,46,48,07:30-08:00,36.011511904761846
2025-10-25,97,98,16:00-16:20,38.80463476190482
2025-10-25,103,103,17:00-17:10,44.48560333333327
2025-10-25,106,107,17:30-17:50,23.58456095238101
2025-10-25,110,111,18:10-18:30,20.758826666666607
2025-10-25,114,117,18:50-19:30,46.66637476190476
2025-10-25,120,128,19:50-21:20,370.592635329045
2025-10-25,130,131,21:30-21:50,94.93184140000011
2025-10-25,133,135,22:00-22:30,67.52350600000034
2025-10-25,137,139,22:40-23:10,86.04118399999982
2025-10-25,144,144,23:50-24:00,13.555126666666638
2025-10-26,1,2,00:00-00:20,20.058766666666543
2025-10-26,4,5,00:30-00:50,15.541393333333644
2025-10-26,8,9,01:10-01:30,12.671110333333218
2025-10-26,15,15,02:20-02:30,10.258000000000038
2025-10-26,21,21,03:20-03:30,12.637002786457401
2025-10-26,32,33,05:10-05:30,54.72160938095237
2025-10-26,36,36,05:50-06:00,15.953393333333338
2025-10-26,38,39,06:10-06:30,26.12777238095248
2025-10-26,42,42,06:50-07:00,1.3796071428569263
2025-10-26,47,48,07:40-08:00,22.421403333333274
2025-10-26,51,52,08:20-08:40,53.20345476190471
2025-10-26,55,55,09:00-09:10,27.576863809523502
2025-10-26,58,59,09:30-09:50,38.77499000000046
2025-10-26,84,84,13:50-14:00,24.86057428571428
2025-10-26,88,88,14:30-14:40,13.319152380952346
2025-10-26,98,99,16:10-16:30,6.360961809523815
2025-10-26,102,103,16:50-17:10,27.321974999999824
2025-10-26,107,108,17:40-18:00,25.804350000000184
2025-10-26,111,111,18:20-18:30,35.23925571428572
2025-10-26,114,114,18:50-19:00,10.313382380952362
2025-10-26,116,117,19:10-19:30,9.222509999999943
2025-10-26,120,130,19:50-21:40,948.0485198567632
2025-10-26,132,137,21:50-22:50,131.7469706666667
2025-10-26,139,140,23:00-23:20,13.820222333333277
2025-10-26,142,143,23:30-23:50,28.25621366666701
2025-10-27,2,3,00:10-00:30,40.58446366666692
2025-10-27,6,6,00:50-01:00,24.475436666666496
2025-10-27,9,9,01:20-01:30,3.636069999999904
2025-10-27,12,12,01:50-02:00,17.032746666666753
2025-10-27,15,15,02:20-02:30,4.962333333333277
2025-10-27,19,20,03:00-03:20,42.280214000000115
2025-10-27,22,23,03:30-03:50,14.750229666666655
2025-10-27,26,26,04:10-04:20,3.727576666666778
2025-10-27,33,33,05:20-05:30,12.47908666666649
2025-10-27,35,37,05:40-06:10,21.19646476190485
2025-10-27,47,47,07:40-07:50,4.39810904761913
2025-10-27,50,51,08:10-08:30,34.11017333333359
2025-10-27,84,84,13:50-14:00,6.8737500000002
2025-10-27,86,87,14:10-14:30,5.715180000000032
2025-10-27,89,90,14:40-15:00,74.49032238095242
2025-10-27,95,96,15:40-16:00,35.12792047619058
2025-10-27,102,102,16:50-17:00,3.8639633333332313
2025-10-27,106,106,17:30-17:40,14.91119285714285
2025-10-27,109,110,18:00-18:20,27.132762857143
2025-10-27,112,113,18:30-18:50,42.321892380952235
2025-10-27,115,115,19:00-19:10,7.952509999999847
2025-10-27,118,119,19:30-19:50,57.11685999999986
2025-10-27,124,129,20:30-21:30,550.2411604474764
2025-10-27,132,136,21:50-22:40,142.75177066666697
2025-10-27,139,139,23:00-23:10,47.93370499999992
2025-10-27,142,143,23:30-23:50,35.74003333333326
2025-10-28,1,2,00:00-00:20,22.223297000000002
2025-10-28,6,6,00:50-01:00,13.83495999999991
2025-10-28,8,9,01:10-01:30,22.73433033333322
2025-10-28,15,18,02:20-03:00,42.774757023806615
2025-10-28,21,21,03:20-03:30,14.242193333333262
2025-10-28,27,27,04:20-04:30,14.39533333333327
2025-10-28,36,36,05:50-06:00,42.7184533333334
2025-10-28,39,39,06:20-06:30,9.743273809524112
2025-10-28,41,42,06:40-07:00,24.414913333333352
2025-10-28,47,49,07:40-08:10,75.55727904761898
2025-10-28,52,53,08:30-08:50,49.501005238095104
2025-10-28,60,60,09:50-10:00,0.3483333333333576
2025-10-28,83,83,13:40-13:50,2.201616666666723
2025-10-28,87,87,14:20-14:30,29.12625333333324
2025-10-28,89,89,14:40-14:50,30.907096666666803
2025-10-28,93,94,15:20-15:40,16.753177142856998
2025-10-28,97,98,16:00-16:20,21.046433333333084
2025-10-28,101,102,16:40-17:00,1.5327647619044313
2025-10-28,106,106,17:30-17:40,6.621337095238005
2025-10-28,108,109,17:50-18:10,19.65234333333342
2025-10-28,112,113,18:30-18:50,54.719845714285626
2025-10-28,116,117,19:10-19:30,25.525043333333542
2025-10-28,120,120,19:50-20:00,15.12135666666643
2025-10-28,123,125,20:20-20:50,1503.4538466666668
2025-10-28,127,128,21:00-21:20,64.80799300000001
2025-10-28,130,130,21:30-21:40,8.28006333333326
2025-10-28,132,134,21:50-22:20,93.10143866666658
2025-10-28,136,137,22:30-22:50,43.70253666666645
2025-10-28,143,144,23:40-24:00,59.53133100000002
2025-10-29,3,3,00:20-00:30,7.984386666666637
2025-10-29,9,9,01:20-01:30,3.80041333333304
2025-10-29,12,12,01:50-02:00,4.778634761904414
2025-10-29,15,16,02:20-02:40,24.799875666666594
2025-10-29,20,20,03:10-03:20,5.489421999999877
2025-10-29,26,27,04:10-04:30,48.894753333333256
2025-10-29,31,32,05:00-05:20,30.362626666666824
2025-10-29,37,38,06:00-06:20,44.811393333333285
2025-10-29,42,42,06:50-07:00,6.638785714285632
2025-10-29,47,49,07:40-08:10,33.08912761904725
2025-10-29,52,53,08:30-08:50,54.84120904761892
2025-10-29,55,56,09:00-09:20,54.63984428571405
2025-10-29,58,63,09:30-10:30,244.62568290706324
2025-10-29,87,89,14:20-14:50,37.47671952380949
2025-10-29,96,96,15:50-16:00,19.445559523809322
2025-10-29,100,100,16:30-16:40,18.45992661904782
2025-10-29,104,104,17:10-17:20,19.950954285714463
2025-10-29,107,109,17:40-18:10,14.351340000000356
2025-10-29,112,113,18:30-18:50,53.447265714285834
2025-10-29,117,134,19:20-22:20,5084.872333944426
2025-10-29,138,138,22:50-23:00,12.187659999999596
2025-10-29,141,143,23:20-23:50,9.450059999999894
2025-10-30,1,1,00:00-00:10,3.726521000000048
2025-10-30,4,6,00:30-01:00,33.01285499999983
2025-10-30,15,15,02:20-02:30,11.091379999999958
2025-10-30,18,20,02:50-03:20,25.52381666666679
2025-10-30,24,25,03:50-04:10,29.132743333332996
2025-10-30,28,29,04:30-04:50,25.356764999999882
2025-10-30,33,33,05:20-05:30,3.830443333333278
2025-10-30,36,37,05:50-06:10,32.74713523809521
2025-10-30,40,41,06:30-06:50,42.702992857142796
2025-10-30,44,44,07:10-07:20,3.2611109523811592
2025-10-30,49,50,08:00-08:20,79.11011095238064
2025-10-30,53,54,08:40-09:00,17.42553428571398
2025-10-30,57,57,09:20-09:30,30.599670476190113
2025-10-30,85,86,14:00-14:20,67.81020285714294
2025-10-30,89,89,14:40-14:50,14.756642380952258
2025-10-30,95,95,15:40-15:50,7.531055952380257
2025-10-30,101,102,16:40-17:00,14.6888604761903
2025-10-30,105,107,17:20-17:50,23.60585761904818
2025-10-30,110,111,18:10-18:30,68.93403000000022
2025-10-30,115,116,19:00-19:20,35.53268761904769
2025-10-30,120,121,19:50-20:10,29.47145333333333
2025-10-30,123,126,20:20-21:00,1107.5181847315475
2025-10-30,128,133,21:10-22:10,183.47413893000004
2025-10-30,136,137,22:30-22:50,39.94217666666691
2025-10-30,139,140,23:00-23:20,29.652617666666742
2025-10-31,1,3,00:00-00:30,9.692000000000064
2025-10-31,5,6,00:40-01:00,18.925746666666782
2025-10-31,9,10,01:20-01:40,21.050666666666643
2025-10-31,15,15,02:20-02:30,6.914666666666676
2025-10-31,18,19,02:50-03:10,27.95433333333324
2025-10-31,23,24,03:40-04:00,1.4576033333333953
2025-10-31,27,28,04:20-04:40,33.69944952380945
2025-10-31,32,33,05:10-05:30,54.035704761904924
2025-10-31,38,40,06:10-06:40,37.570209999999975
2025-10-31,43,45,07:00-07:30,7.363309523809562
2025-10-31,49,50,08:00-08:20,44.99105238095228
2025-10-31,93,94,15:20-15:40,25.249482380952372
2025-10-31,97,99,16:00-16:30,40.01457142857137
2025-10-31,104,105,17:10-17:30,30.742164761904775
2025-10-31,108,109,17:50-18:10,56.51036142857134
2025-10-31,116,118,19:10-19:40,57.791079999999965
2025-10-31,121,122,20:00-20:20,30.151693333333526
2025-10-31,125,133,20:40-22:10,644.2934179047627
2025-10-31,136,136,22:30-22:40,23.0654536666666
2025-10-31,139,139,23:00-23:10,16.255660666666813
2025-10-31,142,143,23:30-23:50,62.11525666666648
2025-11-01,2,2,00:10-00:20,0.0581066666666743
2025-11-01,10,12,01:30-02:00,38.18073999999996
2025-11-01,16,17,02:30-02:50,50.82245000000012
2025-11-01,20,21,03:10-03:30,59.946723333333466
2025-11-01,25,28,04:00-04:40,35.67065961904751
2025-11-01,31,32,05:00-05:20,29.574867047619044
2025-11-01,35,35,05:40-05:50,4.8745585714285085
2025-11-01,41,42,06:40-07:00,40.22005047619052
2025-11-01,44,46,07:10-07:40,60.95168904761903
2025-11-01,94,94,15:30-15:40,12.247301428571518
2025-11-01,97,98,16:00-16:20,38.057016666666584
2025-11-01,101,102,16:40-17:00,40.30968523809493
2025-11-01,105,105,17:20-17:30,0.7897776190476407
2025-11-01,108,109,17:50-18:10,32.302099523809545
2025-11-01,111,111,18:20-18:30,0.8432042857141937
2025-11-01,117,118,19:20-19:40,48.412324761904586
2025-11-01,121,121,20:00-20:10,39.366353333333336
2025-11-01,124,125,20:30-20:50,83.30393666666663
2025-11-01,128,129,21:10-21:30,42.59971933333338
2025-11-01,131,133,21:40-22:10,48.449196666666694
2025-11-01,136,138,22:30-23:00,63.91143133333321
2025-11-01,144,144,23:50-24:00,14.405943333333425
2025-11-02,4,5,00:30-00:50,20.38610499999993
2025-11-02,14,14,02:10-02:20,1.7583033333331741
2025-11-02,17,18,02:40-03:00,18.825266666666607
2025-11-02,29,31,04:40-05:10,26.464906190476185
2025-11-02,37,38,06:00-06:20,0.4515800000000354
2025-11-02,40,41,06:30-06:50,17.899313333333232
2025-11-02,43,45,07:00-07:30,55.96269619047658
2025-11-02,48,48,07:50-08:00,2.646218571428335
2025-11-02,50,51,08:10-08:30,21.44634238095216
2025-11-02,53,55,08:40-09:10,40.55830095238093
2025-11-02,57,59,09:20-09:50,67.02670857142868
2025-11-02,81,82,13:20-13:40,25.899210476190206
2025-11-02,99,99,16:20-16:30,12.47118428571406
2025-11-02,102,102,16:50-17:00,28.336086666666702
2025-11-02,108,112,17:50-18:40,59.62964190476167
2025-11-02,115,118,19:00-19:40,39.73909666666668
2025-11-02,121,126,20:00-21:00,2755.8863997351878
2025-11-02,129,133,21:20-22:10,65.8363690000001
2025-11-02,136,138,22:30-23:00,62.96196466666697
2025-11-02,142,142,23:30-23:40,35.06052566666676
2025-11-03,2,2,00:10-00:20,22.694898333333413
2025-11-03,5,6,00:40-01:00,13.094996333333256
2025-11-03,14,15,02:10-02:30,19.246080333333452
2025-11-03,20,21,03:10-03:30,6.942680000000109
2025-11-03,24,24,03:50-04:00,20.514546666666547
2025-11-03,31,32,05:00-05:20,25.187138809523947
2025-11-03,36,36,05:50-06:00,20.78338999999994
2025-11-03,39,41,06:20-06:50,74.05912999999977
2025-11-03,48,50,07:50-08:20,32.362212380952315
2025-11-03,52,52,08:30-08:40,7.168651428571252
2025-11-03,55,56,09:00-09:20,60.26831714285686
2025-11-03,58,60,09:30-10:00,78.80297619047576
2025-11-03,84,84,13:50-14:00,26.993749999999864
2025-11-03,87,88,14:20-14:40,12.5026061904764
2025-11-03,98,99,16:10-16:30,17.515850476190195
2025-11-03,102,102,16:50-17:00,3.8977857142856323
2025-11-03,106,108,17:30-18:00,53.52778266666666
2025-11-03,114,115,18:50-19:10,24.935476190476265
2025-11-03,118,119,19:30-19:50,33.39367000000004
2025-11-03,122,125,20:10-20:50,1820.9984185467486
2025-11-03,127,129,21:00-21:30,55.72902449999979
2025-11-03,131,132,21:40-22:00,67.52412066666682
2025-11-03,136,137,22:30-22:50,10.553954666666414
2025-11-03,141,143,23:20-23:50,76.06946566666647
2025-11-04,1,1,00:00-00:10,6.541665666666631
2025-11-04,4,5,00:30-00:50,49.28364533333365
2025-11-04,8,8,01:10-01:20,3.154597333333413
2025-11-04,21,22,03:20-03:40,42.85014333333322
2025-11-04,27,27,04:20-04:30,3.2713333333333594
2025-11-04,30,30,04:50-05:00,0.6366766666668582
2025-11-04,36,37,05:50-06:10,39.41110238095234
2025-11-04,40,40,06:30-06:40,5.028667142857067
2025-11-04,47,48,07:40-08:00,15.748363809523823
2025-11-04,52,52,08:30-08:40,50.40650428571462
2025-11-04,55,60,09:00-10:00,138.43954761904763
2025-11-04,84,85,13:50-14:10,33.459756666666294
2025-11-04,88,89,14:30-14:50,90.88440619047594
2025-11-04,99,99,16:20-16:30,10.890917230121403
2025-11-04,103,104,17:00-17:20,43.01156976190497
2025-11-04,109,109,18:00-18:10,1.6103166666669182
2025-11-04,112,113,18:30-18:50,17.839929523809076
2025-11-04,115,116,19:00-19:20,12.796461428571433
2025-11-04,120,120,19:50-20:00,7.308673333333218
2025-11-04,124,128,20:30-21:20,369.61183964515186
2025-11-04,130,134,21:30-22:20,63.5574803333335
2025-11-04,136,137,22:30-22:50,3.827824666667084
2025-11-04,142,143,23:30-23:50,15.504934666666713
2025-11-05,2,4,00:10-00:40,10.986188999999513
2025-11-05,8,9,01:10-01:30,39.382123999999976
2025-11-05,19,19,03:00-03:10,11.266383000000019
2025-11-05,23,24,03:40-04:00,6.020720333333088
2025-11-05,29,30,04:40-05:00,26.39248704761917
2025-11-05,37,37,06:00-06:10,19.118429999999876
2025-11-05,40,41,06:30-06:50,64.04996000000023
2025-11-05,47,47,07:40-07:50,25.81395190476178
2025-11-05,50,51,08:10-08:30,39.22701047619023
2025-11-05,56,57,09:10-09:30,26.41092476190454
2025-11-05,60,61,09:50-10:10,58.35623095238077
2025-11-05,86,89,14:10-14:50,90.0878804761901
2025-11-05,95,95,15:40-15:50,24.256436666666502
2025-11-05,99,101,16:20-16:50,52.35284952380947
2025-11-05,104,104,17:10-17:20,11.037541904761973
2025-11-05,108,109,17:50-18:10,78.97222428571463
2025-11-05,112,113,18:30-18:50,49.01843809523804
2025-11-05,115,116,19:00-19:20,32.85009904761898
2025-11-05,122,127,20:10-21:10,2191.596685367495
2025-11-05,129,132,21:20-22:00,112.23150919999944
2025-11-05,135,137,22:20-22:50,33.242404666666516
2025-11-05,141,141,23:20-23:30,20.156319999999823
2025-11-06,2,2,00:10-00:20,19.643935666666266
2025-11-06,10,11,01:30-01:50,29.951413333332994
2025-11-06,15,15,02:20-02:30,8.195666666666739
2025-11-06,17,18,02:40-03:00,5.993700000000217
2025-11-06,22,23,03:30-03:50,10.625681666666765
2025-11-06,32,33,05:10-05:30,4.670711523809556
2025-11-06,37,37,06:00-06:10,10.57463000000007
2025-11-06,40,41,06:30-06:50,43.55194095238112
2025-11-06,47,48,07:40-08:00,54.361940476190796
2025-11-06,50,51,08:10-08:30,17.116370000000188
2025-11-06,57,64,09:20-10:40,802.2709382209476
2025-11-06,87,88,14:20-14:40,28.539776666666967
2025-11-06,97,97,16:00-16:10,0.3271391428569359
2025-11-06,101,102,16:40-17:00,14.9941676190479
2025-11-06,106,107,17:30-17:50,59.16539090476176
2025-11-06,110,112,18:10-18:40,12.844767142857123
2025-11-06,117,117,19:20-19:30,6.481720000000109
2025-11-06,120,131,19:50-21:50,2985.0520654178595
2025-11-06,134,135,22:10-22:30,17.76919599999985
2025-11-06,137,139,22:40-23:10,34.30000033333363
2025-11-07,2,4,00:10-00:40,27.081510000000094
2025-11-07,7,8,01:00-01:20,21.797579999999982
2025-11-07,11,12,01:40-02:00,9.660676666666632
2025-11-07,14,15,02:10-02:30,17.424826666666604
2025-11-07,21,22,03:20-03:40,36.632696666666675
2025-11-07,26,27,04:10-04:30,4.502019999999959
2025-11-07,32,33,05:10-05:30,30.174961904762043
2025-11-07,36,39,05:50-06:30,59.51739904761888
2025-11-07,42,43,06:50-07:10,49.62855238095233
2025-11-07,46,51,07:30-08:30,430.3254974561926
2025-11-07,54,54,08:50-09:00,20.13499999999999
2025-11-07,102,104,16:50-17:20,51.17303523809555
2025-11-07,106,106,17:30-17:40,0.1828961904761499
2025-11-07,110,110,18:10-18:20,2.5335300000000416
2025-11-07,114,114,18:50-19:00,11.471199999999953
2025-11-07,117,119,19:20-19:50,45.38508000000013
2025-11-07,122,123,20:10-20:30,32.84928666666673
2025-11-07,125,125,20:40-20:50,96.31499562477603
2025-11-07,127,127,21:00-21:10,2.9812148148147912
2025-11-07,130,131,21:30-21:50,35.86955633333338
2025-11-07,133,133,22:00-22:10,4.91997166666647
2025-11-07,136,137,22:30-22:50,20.77831533333324
2025-11-07,143,144,23:40-24:00,33.71273500000012
2025-11-08,1,1,00:00-00:10,53.626756666666665
2025-11-08,4,5,00:30-00:50,8.601431999999988
2025-11-08,7,8,01:00-01:20,43.818970000000036
2025-11-08,10,10,01:30-01:40,6.5336033333333035
2025-11-08,13,14,02:00-02:20,55.594613333333314
2025-11-08,18,19,02:50-03:10,34.86131333333333
2025-11-08,26,28,04:10-04:40,28.950036666666563
2025-11-08,32,33,05:10-05:30,2.8345528571430236
2025-11-08,35,35,05:40-05:50,4.835455238095335
2025-11-08,37,38,06:00-06:20,20.711569047619037
2025-11-08,41,41,06:40-06:50,4.974973333333423
2025-11-08,46,48,07:30-08:00,25.338035714285752
2025-11-08,98,99,16:10-16:30,62.124489999999895
2025-11-08,102,102,16:50-17:00,31.31206380952377
2025-11-08,106,106,17:30-17:40,2.85248
2025-11-08,109,109,18:00-18:10,6.426698571428574
2025-11-08,112,114,18:30-19:00,59.60400000000004
2025-11-08,117,118,19:20-19:40,16.283093333333284
2025-11-08,123,125,20:20-20:50,53.57585333333333
2025-11-08,128,134,21:10-22:20,137.9396166399999
2025-11-08,141,141,23:20-23:30,12.506180000000086
2025-11-08,144,144,23:50-24:00,11.273603333333199
2025-11-09,3,3,00:20-00:30,45.512506666666695
2025-11-09,8,9,01:10-01:30,38.94278766666639
2025-11-09,13,13,02:00-02:10,22.41045600000018
2025-11-09,20,21,03:10-03:30,24.068873333333272
2025-11-09,25,25,04:00-04:10,2.2346466666667766
2025-11-09,31,32,05:00-05:20,33.22211728571436
2025-11-09,35,35,05:40-05:50,4.904101095238295
2025-11-09,39,39,06:20-06:30,26.34316999999976
2025-11-09,41,42,06:40-07:00,51.49320571428562
2025-11-09,49,50,08:00-08:20,44.601844761904886
2025-11-09,55,58,09:00-09:40,37.46517380952412
2025-11-09,61,62,10:00-10:20,34.90447761904761
2025-11-09,84,86,13:50-14:20,105.24838571428586
2025-11-09,88,89,14:30-14:50,38.7511566666667
2025-11-09,98,99,16:10-16:30,20.390826190476304
2025-11-09,102,102,16:50-17:00,18.587892857142933
2025-11-09,105,105,17:20-17:30,3.7781290476191316
2025-11-09,108,109,17:50-18:10,18.517248571428482
2025-11-09,112,112,18:30-18:40,49.78018047619058
2025-11-09,115,116,19:00-19:20,25.17811000000006
2025-11-09,118,119,19:30-19:50,26.998170000000073
2025-11-09,122,128,20:10-21:20,2070.1669868768313
2025-11-09,130,131,21:30-21:50,77.95270999999968
2025-11-09,133,133,22:00-22:10,1.2666373333336196
2025-11-09,141,143,23:20-23:50,30.985375333333423
2025-11-10,2,3,00:10-00:30,22.76570566666669
2025-11-10,8,9,01:10-01:30,51.746306666666555
2025-11-10,12,12,01:50-02:00,4.011393809517131
2025-11-10,17,17,02:40-02:50,1.972524999999905
2025-11-10,21,21,03:20-03:30,17.573000000000093
2025-11-10,24,25,03:50-04:10,31.45804333333342
2025-11-10,35,36,05:40-06:00,8.967189523809536
2025-11-10,40,42,06:30-07:00,54.06007142857137
2025-11-10,47,47,07:40-07:50,1.636084285714503
2025-11-10,49,52,08:00-08:40,69.41074000000015
2025-11-10,55,55,09:00-09:10,7.541668571428318
2025-11-10,61,65,10:00-10:50,113.89297285714304
2025-11-10,83,83,13:40-13:50,10.991785238094849
2025-11-10,86,87,14:10-14:30,74.01540666666676
2025-11-10,92,92,15:10-15:20,5.833584285714551
2025-11-10,94,96,15:30-16:00,18.75340476190479
2025-11-10,102,103,16:50-17:10,25.266064761904495
2025-11-10,106,106,17:30-17:40,25.146162380952404
2025-11-10,109,109,18:00-18:10,51.6701247619045
2025-11-10,112,113,18:30-18:50,45.59244333333295
2025-11-10,116,117,19:10-19:30,18.277387142857037
2025-11-10,120,126,19:50-21:00,3509.351790909121
2025-11-10,129,131,21:20-21:50,180.94667100666643
2025-11-10,135,135,22:20-22:30,15.206706666666832
2025-11-10,137,137,22:40-22:50,0.985703666666268
2025-11-10,141,142,23:20-23:40,14.823716999999988
2025-11-11,2,2,00:10-00:20,5.225018999999975
2025-11-11,6,6,00:50-01:00,10.986666666666679
2025-11-11,15,15,02:20-02:30,1.3806666666665706
2025-11-11,21,22,03:20-03:40,31.69245656190469
2025-11-11,31,32,05:00-05:20,6.610911904761956
2025-11-11,38,39,06:10-06:30,32.354277142857086
2025-11-11,41,42,06:40-07:00,46.608915714285786
2025-11-11,45,45,07:20-07:30,6.9675714285714605
2025-11-11,50,51,08:10-08:30,50.60467857142851
2025-11-11,53,54,08:40-09:00,63.42314761904743
2025-11-11,56,57,09:10-09:30,45.50963999999965
2025-11-11,60,61,09:50-10:10,33.61030571428603
2025-11-11,85,86,14:00-14:20,43.73096714285725
2025-11-11,88,89,14:30-14:50,44.56761000000006
2025-11-11,99,100,16:20-16:40,4.6288204761900715
2025-11-11,103,104,17:00-17:20,29.619938989366894
2025-11-11,108,108,17:50-18:00,44.633223333333376
2025-11-11,111,112,18:20-18:40,12.3748004761905
2025-11-11,115,116,19:00-19:20,56.859080000000176
2025-11-11,118,119,19:30-19:50,26.508850000000052
2025-11-11,123,125,20:20-20:50,891.0472497415432
2025-11-11,128,131,21:10-21:50,77.66889713223095
2025-11-11,133,134,22:00-22:20,15.370833999999832
2025-11-11,139,140,23:00-23:20,33.04460000000017
2025-11-11,143,144,23:40-24:00,19.598339000000124
2025-11-12,3,3,00:20-00:30,0.4775899999997364
2025-11-12,7,8,01:00-01:20,2.7689433333332545
2025-11-12,15,15,02:20-02:30,1.0879999999999654
2025-11-12,19,19,03:00-03:10,10.490494000000012
2025-11-12,23,23,03:40-03:50,5.15077366666651
2025-11-12,27,28,04:20-04:40,12.713776666666718
2025-11-12,32,33,05:10-05:30,24.606891428571316
2025-11-12,36,39,05:50-06:30,93.88788904761921
2025-11-12,41,42,06:40-07:00,50.15438904761911
2025-11-12,49,50,08:00-08:20,111.0799776190479
2025-11-12,52,53,08:30-08:50,26.15554952380944
2025-11-12,57,57,09:20-09:30,19.231194285714196
2025-11-12,59,60,09:40-10:00,47.12221809523794
2025-11-12,63,64,10:20-10:40,21.012271428571466
2025-11-12,82,83,13:30-13:50,45.75201952380962
2025-11-12,87,87,14:20-14:30,12.136106666666706
2025-11-12,97,98,16:00-16:20,5.296764285714573
2025-11-12,101,102,16:40-17:00,37.306392857142974
2025-11-12,105,105,17:20-17:30,26.594754761904596
2025-11-12,108,108,17:50-18:00,5.504259999999817
2025-11-12,110,112,18:10-18:40,70.48636095238082
2025-11-12,115,116,19:00-19:20,39.287319999999795
2025-11-12,119,121,19:40-20:10,34.0328333333332
2025-11-12,124,125,20:30-20:50,444.9438131796116
2025-11-12,127,128,21:00-21:20,32.65277433333347
2025-11-12,130,131,21:30-21:50,48.60754666666662
2025-11-12,136,136,22:30-22:40,22.952605333333395
2025-11-12,143,143,23:40-23:50,12.570332333333454
2025-11-13,6,7,00:50-01:10,24.240570000000048
2025-11-13,12,12,01:50-02:00,16.410286666666593
2025-11-13,15,15,02:20-02:30,1.308430000000044
2025-11-13,18,18,02:50-03:00,15.604680000000144
2025-11-13,21,21,03:20-03:30,6.301773333333472
2025-11-13,24,25,03:50-04:10,25.671363333333375
2025-11-13,28,29,04:30-04:50,16.63393180952388
2025-11-13,31,31,05:00-05:10,14.010693333333165
2025-11-13,35,36,05:40-06:00,41.85434252380931
2025-11-13,41,42,06:40-07:00,68.59384666666656
2025-11-13,52,53,08:30-08:50,43.33114095238102
2025-11-13,59,61,09:40-10:10,92.70733047619012
2025-11-13,81,85,13:20-14:10,60.235419047619416
2025-11-13,88,89,14:30-14:50,14.399892857143072
2025-11-13,98,98,16:10-16:20,6.8524161904762195
2025-11-13,100,101,16:30-16:50,16.51752809523812
2025-11-13,105,105,17:20-17:30,0.7410000000002128
2025-11-13,109,110,18:00-18:20,13.243590000000005
2025-11-13,112,114,18:30-19:00,48.02033333333342
2025-11-13,118,119,19:30-19:50,10.266053333333048
2025-11-13,121,125,20:00-20:50,1011.0069769137161
2025-11-13,127,128,21:00-21:20,26.339568741440075
2025-11-13,130,131,21:30-21:50,21.35445333333314
2025-11-13,136,136,22:30-22:40,26.02469800000017
2025-11-13,139,139,23:00-23:10,27.90445366666654
2025-11-13,143,143,23:40-23:50,9.421322333333364
2025-11-14,2,3,00:10-00:30,41.881926666666686
2025-11-14,8,9,01:10-01:30,14.979926666666472
2025-11-14,11,12,01:40-02:00,53.36383999999998
2025-11-14,15,15,02:20-02:30,10.431856666666647
2025-11-14,17,18,02:40-03:00,25.512693333333345
2025-11-14,22,22,03:30-03:40,0.3408933333334403
2025-11-14,24,24,03:50-04:00,1.4450599999999554
2025-11-14,26,27,04:10-04:30,56.042536666666706
2025-11-14,30,32,04:50-05:20,35.33192380952383
2025-11-14,36,36,05:50-06:00,12.94773333333336
2025-11-14,39,40,06:20-06:40,28.326525714285765
2025-11-14,43,45,07:00-07:30,42.615392857142865
2025-11-14,49,49,08:00-08:10,3.2654033333332677
2025-11-14,94,94,15:30-15:40,33.08262571428577
2025-11-14,98,99,16:10-16:30,49.61106047619049
2025-11-14,102,102,16:50-17:00,11.958420952380656
2025-11-14,107,108,17:40-18:00,28.15716761904764
2025-11-14,111,113,18:20-18:50,29.42230333333339
2025-11-14,117,117,19:20-19:30,19.410539999999912
2025-11-14,119,121,19:40-20:10,25.798369999999863
2025-11-14,124,125,20:30-20:50,760.1594777719005
2025-11-14,127,128,21:00-21:20,50.78577766666666
2025-11-14,130,130,21:30-21:40,10.285012389999759
2025-11-14,132,132,21:50-22:00,0.3318933333332552
2025-11-14,136,137,22:30-22:50,4.904105999999956
2025-11-14,139,139,23:00-23:10,7.3682199999998375
2025-11-14,142,143,23:30-23:50,4.670886999999993
2025-11-15,2,3,00:10-00:30,14.669983333333278
2025-11-15,6,6,00:50-01:00,11.601450000000057
2025-11-15,9,10,01:20-01:40,1.2906600000000026
2025-11-15,13,13,02:00-02:10,4.334733333333304
2025-11-15,16,18,02:30-03:00,38.665333333333365
2025-11-15,20,21,03:10-03:30,14.642613333333259
2025-11-15,24,25,03:50-04:10,30.486216666666678
2025-11-15,28,29,04:30-04:50,15.179029523809454
2025-11-15,31,32,05:00-05:20,19.861872857142885
2025-11-15,35,35,05:40-05:50,1.6019600000000196
2025-11-15,38,39,06:10-06:30,34.36429000000004
2025-11-15,42,44,06:50-07:20,61.378094285714155
2025-11-15,47,51,07:40-08:30,106.90650753810002
2025-11-15,54,55,08:50-09:10,29.45073333333346
2025-11-15,95,96,15:40-16:00,36.615494285714476
2025-11-15,100,100,16:30-16:40,9.117436666666464
2025-11-15,104,105,17:10-17:30,17.68145428571421
2025-11-15,108,110,17:50-18:20,30.70114666666649
2025-11-15,112,113,18:30-18:50,16.32823666666667
2025-11-15,116,117,19:10-19:30,6.512531904762
2025-11-15,119,120,19:40-20:00,25.246903333333364
2025-11-15,123,125,20:20-20:50,774.0271787112583
2025-11-15,127,127,21:00-21:10,1.8311343333333525
2025-11-15,130,131,21:30-21:50,44.84545766666696
2025-11-15,137,138,22:40-23:00,13.987157333333244
2025-11-15,144,144,23:50-24:00,4.700869999999895
2025-11-16,1,1,00:00-00:10,2.7678576666664867
2025-11-16,5,6,00:40-01:00,35.8340263333331
2025-11-16,11,12,01:40-02:00,34.32666999999981
2025-11-16,15,16,02:20-02:40,11.720656666666855
2025-11-16,20,21,03:10-03:30,35.6043686666668
2025-11-16,24,25,03:50-04:10,30.32510666666667
2025-11-16,28,28,04:30-04:40,4.660206666666795
2025-11-16,32,32,05:10-05:20,18.72107004761899
2025-11-16,36,36,05:50-06:00,29.10249380952405
2025-11-16,39,40,06:20-06:40,58.22425238095241
2025-11-16,50,51,08:10-08:30,115.65925619047596
2025-11-16,54,54,08:50-09:00,41.42954761904741
2025-11-16,57,57,09:20-09:30,1.567750952380834
2025-11-16,59,60,09:40-10:00,86.86541999999986
2025-11-16,63,65,10:20-10:50,63.426873809523954
2025-11-16,82,83,13:30-13:50,34.91725190476177
2025-11-16,87,87,14:20-14:30,15.444258095237956
2025-11-16,89,89,14:40-14:50,1.9290433333335386
2025-11-16,99,102,16:20-17:00,32.72367112380997
2025-11-16,105,105,17:20-17:30,7.321333333333314
2025-11-16,107,108,17:40-18:00,65.99276047619048
2025-11-16,111,112,18:20-18:40,58.27255000000012
2025-11-16,116,118,19:10-19:40,46.56282190476213
2025-11-16,122,125,20:10-20:50,2072.186316253108
2025-11-16,128,130,21:10-21:40,40.68274805666638
2025-11-16,132,132,21:50-22:00,7.028389999999945
2025-11-16,143,144,23:40-24:00,39.621608333333256
2025-11-17,3,3,00:20-00:30,16.35487999999998
2025-11-17,5,7,00:40-01:10,40.424608000000035
2025-11-17,11,12,01:40-02:00,20.336843333333377
2025-11-17,17,18,02:40-03:00,23.98991333333322
2025-11-17,21,21,03:20-03:30,3.9878300000001445
2025-11-17,28,28,04:30-04:40,19.06847738095246
2025-11-17,31,32,05:00-05:20,46.29461085714295
2025-11-17,36,37,05:50-06:10,13.820711904762334
2025-11-17,39,40,06:20-06:40,31.24880333333317
2025-11-17,47,47,07:40-07:50,6.4573919047618915
2025-11-17,49,49,08:00-08:10,25.97994999999969
2025-11-17,53,54,08:40-09:00,46.62976380952398
2025-11-17,56,57,09:10-09:30,70.53861571428558
2025-11-17,63,64,10:20-10:40,61.186655714285735
2025-11-17,85,86,14:00-14:20,50.50499571428554
2025-11-17,100,101,16:30-16:50,15.836203809523994
2025-11-17,105,105,17:20-17:30,3.2666666666666515
2025-11-17,110,111,18:10-18:30,32.312980952381054
2025-11-17,114,115,18:50-19:10,21.31378761904739
2025-11-17,117,117,19:20-19:30,0.19291333333364946
2025-11-17,122,125,20:10-20:50,308.8250277900231
2025-11-17,128,132,21:10-22:00,21.824400000000082
2025-11-17,139,139,23:00-23:10,18.500952999999754
2025-11-18,2,2,00:10-00:20,0.03929999999991196
2025-11-18,5,5,00:40-00:50,8.21572766666668
2025-11-18,7,8,01:00-01:20,18.04907999999989
2025-11-18,13,13,02:00-02:10,3.9809566666665432
2025-11-18,16,17,02:30-02:50,5.896812666666733
2025-11-18,20,20,03:10-03:20,19.98165666666671
2025-11-18,25,26,04:00-04:20,29.761717000000203
2025-11-18,28,28,04:30-04:40,2.3263100000002623
2025-11-18,31,31,05:00-05:10,7.6530609523808835
2025-11-18,35,35,05:40-05:50,4.543863476190592
2025-11-18,37,37,06:00-06:10,15.661489999999958
2025-11-18,40,41,06:30-06:50,24.014783809523877
2025-11-18,48,49,07:50-08:10,16.095852380952465
2025-11-18,51,52,08:20-08:40,9.81205190476203
2025-11-18,56,57,09:10-09:30,23.733990952381305
2025-11-18,61,63,10:00-10:30,66.47270238095223
2025-11-18,65,65,10:40-10:50,14.548841904761844
2025-11-18,81,81,13:20-13:30,11.228744761904522
2025-11-18,84,85,13:50-14:10,100.680919047619
2025-11-18,88,89,14:30-14:50,61.032691428571525
2025-11-18,97,98,16:00-16:20,23.849451428571342
2025-11-18,103,103,17:00-17:10,5.463985714285727
2025-11-18,108,108,17:50-18:00,4.500066666666385
2025-11-18,111,112,18:20-18:40,23.74058809523809
2025-11-18,114,117,18:50-19:30,10.56364333333363
2025-11-18,121,126,20:00-21:00,1864.8502216137613
2025-11-18,129,130,21:20-21:40,11.689320288066028
2025-11-18,132,132,21:50-22:00,9.756403333333537
2025-11-18,135,135,22:20-22:30,31.05025333333333
2025-11-18,138,138,22:50-23:00,8.875706666666701
2025-11-18,141,142,23:20-23:40,67.31858333333321
2025-11-19,5,5,00:40-00:50,11.149856666666437
2025-11-19,15,15,02:20-02:30,1.0249433333332263
2025-11-19,19,20,03:00-03:20,51.181129999999825
2025-11-19,24,24,03:50-04:00,23.4242024784279
2025-11-19,27,27,04:20-04:30,23.31858000000011
2025-11-19,30,31,04:50-05:10,21.144065714285603
2025-11-19,35,36,05:40-06:00,40.735381904762065
2025-11-19,39,39,06:20-06:30,29.64300000000003
2025-11-19,41,42,06:40-07:00,21.875095714285514
2025-11-19,48,52,07:50-08:40,80.42125142857185
2025-11-19,55,57,09:00-09:30,52.374952380952436
2025-11-19,59,60,09:40-10:00,34.86089476190489
2025-11-19,63,63,10:20-10:30,26.765133333333324
2025-11-19,85,86,14:00-14:20,52.643159047619065
2025-11-19,98,99,16:10-16:30,26.61804095238088
2025-11-19,107,108,17:40-18:00,5.719480000000203
2025-11-19,111,111,18:20-18:30,7.656103333333363
2025-11-19,114,115,18:50-19:10,34.38168523809509
2025-11-19,118,119,19:30-19:50,50.792476666666744
2025-11-19,121,127,20:00-21:10,2254.521793944745
2025-11-19,130,130,21:30-21:40,14.910810000000083
2025-11-19,134,134,22:10-22:20,10.178660666666701
2025-11-19,142,143,23:30-23:50,17.158998000000338
2025-11-20,6,7,00:50-01:10,23.278420000000096
2025-11-20,10,10,01:30-01:40,7.455839999999853
2025-11-20,13,13,02:00-02:10,16.657493333333605
2025-11-20,16,17,02:30-02:50,50.1252216666669
2025-11-20,20,20,03:10-03:20,6.590332666666541
2025-11-20,22,22,03:30-03:40,6.266103333333376
2025-11-20,25,25,04:00-04:10,0.07006999999998698
2025-11-20,28,29,04:30-04:50,24.752492857142897
2025-11-20,33,33,05:20-05:30,1.8126666666668143
2025-11-20,40,41,06:30-06:50,7.543083333333094
2025-11-20,48,49,07:50-08:10,53.641985714285624
2025-11-20,52,53,08:30-08:50,16.18907380952362
2025-11-20,58,59,09:30-09:50,25.78079285714273
2025-11-20,63,63,10:20-10:30,1.940192380952226
2025-11-20,79,79,13:00-13:10,35.32684333333327
2025-11-20,82,85,13:30-14:10,64.16744904761936
2025-11-20,88,88,14:30-14:40,24.285185238095323
2025-11-20,102,102,16:50-17:00,50.06808333333318
2025-11-20,105,105,17:20-17:30,17.212666666666678
2025-11-20,108,109,17:50-18:10,45.6733652380952
2025-11-20,112,115,18:30-19:10,46.18329619047621
2025-11-20,121,129,20:00-21:30,1262.91494125694
2025-11-20,132,132,21:50-22:00,12.089110000000119
2025-11-20,139,142,23:00-23:40,40.06447500000013
2025-11-21,2,2,00:10-00:20,23.373133333333328
2025-11-21,5,6,00:40-01:00,21.811543333333304
2025-11-21,10,10,01:30-01:40,29.20626333333331
2025-11-21,13,13,02:00-02:10,16.93061333333327
2025-11-21,16,17,02:30-02:50,61.237643333333324
2025-11-21,20,21,03:10-03:30,62.6317766666665
2025-11-21,27,28,04:20-04:40,36.010899999999936
2025-11-21,31,32,05:00-05:20,10.500364761904802
2025-11-21,35,35,05:40-05:50,2.4744819047618876
2025-11-21,37,37,06:00-06:10,11.686489999999992
2025-11-21,40,41,06:30-06:50,35.71987333333328
2025-11-21,43,45,07:00-07:30,41.383833333333314
2025-11-21,49,49,08:00-08:10,9.433803333333401
2025-11-21,54,54,08:50-09:00,30.1633333333333
2025-11-21,93,93,15:20-15:30,5.5964479549318185
2025-11-21,96,96,15:50-16:00,48.70723000000004
2025-11-21,102,103,16:50-17:10,16.791170476190235
2025-11-21,106,108,17:30-18:00,34.855666666666956
2025-11-21,111,111,18:20-18:30,7.797743333333358
2025-11-21,113,115,18:40-19:10,32.81690619047629
2025-11-21,118,119,19:30-19:50,34.67842000000002
2025-11-21,121,121,20:00-20:10,6.263289999999927
2025-11-21,125,125,20:40-20:50,378.0409258238909
2025-11-21,127,131,21:00-21:50,105.18568464320995
2025-11-21,136,136,22:30-22:40,6.7282403333333605
2025-11-21,142,142,23:30-23:40,9.924686333333284
2025-11-22,1,2,00:00-00:20,35.60048000000006
2025-11-22,4,5,00:30-00:50,11.512720000000058
2025-11-22,8,8,01:10-01:20,3.3206866666666883
2025-11-22,13,15,02:00-02:30,29.482999999999834
2025-11-22,18,19,02:50-03:10,54.57187333333343
2025-11-22,22,23,03:30-03:50,42.60537666666664
2025-11-22,28,28,04:30-04:40,8.942830000000129
2025-11-22,31,32,05:00-05:20,28.607858095238115
2025-11-22,35,36,05:40-06:00,61.639946666666674
2025-11-22,39,42,06:20-07:00,25.312354285714207
2025-11-22,45,46,07:20-07:40,41.742586190476175
2025-11-22,49,51,08:00-08:30,42.26335169523736
2025-11-22,53,55,08:40-09:10,70.91959999999995
2025-11-22,97,98,16:00-16:20,44.35008428571402
2025-11-22,105,106,17:20-17:40,16.74657238095258
2025-11-22,108,108,17:50-18:00,4.509736666666697
2025-11-22,111,112,18:20-18:40,46.08006571428575
2025-11-22,116,117,19:10-19:30,39.12902952380949
2025-11-22,120,121,19:50-20:10,26.514013333333367
2025-11-22,123,126,20:20-21:00,1236.8159206247853
2025-11-22,129,130,21:20-21:40,26.676911000000132
2025-11-22,135,135,22:20-22:30,19.801369999999906
2025-11-22,138,138,22:50-23:00,5.351156666666611
2025-11-23,4,5,00:30-00:50,19.588114333333124
2025-11-23,12,12,01:50-02:00,14.080873333333443
2025-11-23,17,18,02:40-03:00,11.133118666666633
2025-11-23,21,21,03:20-03:30,12.6571133333332
2025-11-23,25,26,04:00-04:20,30.53328699999986
2025-11-23,29,30,04:40-05:00,28.10500380952385
2025-11-23,41,42,06:40-07:00,33.6206310248381
2025-11-23,45,45,07:20-07:30,17.173726190476117
2025-11-23,49,50,08:00-08:20,33.385478095238454
2025-11-23,53,54,08:40-09:00,33.34512333333282
2025-11-23,57,61,09:20-10:10,126.3001819047621
2025-11-23,64,65,10:30-10:50,158.4643583060706
2025-11-23,81,81,13:20-13:30,26.436201904762356
2025-11-23,84,85,13:50-14:10,33.00084761904782
2025-11-23,89,89,14:40-14:50,1.591173333333245
2025-11-23,103,103,17:00-17:10,3.904626666666605
2025-11-23,107,108,17:40-18:00,20.01959333333332
2025-11-23,110,110,18:10-18:20,4.479282380952213
2025-11-23,113,114,18:40-19:00,45.46998095238109
2025-11-23,117,118,19:20-19:40,12.792099999999891
2025-11-23,121,125,20:00-20:50,989.811623336238
2025-11-23,127,128,21:00-21:20,77.77384790515498
2025-11-24,1,1,00:00-00:10,16.01815333333343
2025-11-24,28,29,04:30-04:50,9.751903333333416
2025-11-24,32,32,05:10-05:20,8.224233333333238
2025-11-24,36,37,05:50-06:10,70.69235571428555
2025-11-24,41,42,06:40-07:00,22.65825476190477
2025-11-24,49,49,08:00-08:10,1.9033619047622778
2025-11-24,52,54,08:30-09:00,90.51945238095209
2025-11-24,57,58,09:20-09:40,47.79124428571413
2025-11-24,80,81,13:10-13:30,51.12934589939198
2025-11-24,84,86,13:50-14:20,100.8074480952381
2025-11-24,95,95,15:40-15:50,10.363696666666499
2025-11-24,105,106,17:20-17:40,11.009665238094843
2025-11-24,109,111,18:00-18:30,42.30366666666686
2025-11-24,113,114,18:40-19:00,32.42374476190491
2025-11-24,117,121,19:20-20:10,63.63604999999973
2025-11-24,124,126,20:30-21:00,27.717333333333045
2025-11-24,129,129,21:20-21:30,14.684625514403592
2025-11-24,132,132,21:50-22:00,0.288970000000063
2025-11-24,139,139,23:00-23:10,11.418639666666877
2025-11-24,143,143,23:40-23:50,1.564663333333101
2025-11-25,6,6,00:50-01:00,9.6334333333333
2025-11-25,14,15,02:10-02:30,24.569276666666724
2025-11-25,23,23,03:40-03:50,0.4530333333334511
2025-11-25,25,25,04:00-04:10,15.537256666666622
2025-11-25,28,30,04:30-05:00,23.6613059457693
2025-11-25,37,38,06:00-06:20,67.71950380952379
2025-11-25,41,41,06:40-06:50,11.544673333333298
2025-11-25,46,47,07:30-07:50,22.145715238094994
2025-11-25,50,51,08:10-08:30,51.11330666666686
2025-11-25,53,54,08:40-09:00,52.58382523809519
2025-11-25,58,59,09:30-09:50,28.43456142857167
2025-11-25,61,62,10:00-10:20,41.20840523809511
2025-11-25,80,81,13:10-13:30,79.12329307618995
2025-11-25,84,84,13:50-14:00,63.22456476190507
2025-11-25,87,87,14:20-14:30,12.153121428571467
2025-11-25,100,100,16:30-16:40,6.423850476190253
2025-11-25,105,105,17:20-17:30,12.241666666666788
2025-11-25,110,111,18:10-18:30,19.593179047619515
2025-11-25,113,114,18:40-19:00,28.32302952380951
2025-11-25,117,117,19:20-19:30,8.302740000000199
2025-11-25,120,120,19:50-20:00,13.089193333333355
2025-11-25,122,125,20:10-20:50,1555.8024209227976
2025-11-25,128,131,21:10-21:50,116.10612094263338
2025-11-25,141,141,23:20-23:30,16.273913333332985
2025-11-26,6,6,00:50-01:00,13.53863666666689
2025-11-26,14,16,02:10-02:40,26.954273333333617
2025-11-26,22,22,03:30-03:40,6.057056666666654
2025-11-26,26,26,04:10-04:20,7.3059766666664245
2025-11-26,36,37,05:50-06:10,51.91709904761899
2025-11-26,43,44,07:00-07:20,17.95123823809491
2025-11-26,48,48,07:50-08:00,19.43986857142852
2025-11-26,50,51,08:10-08:30,75.8489014285716
2025-11-26,54,54,08:50-09:00,12.17438476190489
2025-11-26,56,57,09:10-09:30,22.24728047619044
2025-11-26,60,62,09:50-10:20,34.80952809523785
2025-11-26,64,64,10:30-10:40,32.421222857142425
2025-11-26,79,80,13:00-13:20,25.30191285714271
2025-11-26,84,85,13:50-14:10,70.27068952380932
2025-11-26,89,89,14:40-14:50,14.37004904761909
2025-11-26,96,96,15:50-16:00,14.880580034144089
2025-11-26,109,110,18:00-18:20,38.527763333332956
2025-11-26,112,114,18:30-19:00,21.384333333333156
2025-11-26,118,119,19:30-19:50,18.871496666666758
2025-11-26,121,124,20:00-20:40,1908.0149171881426
2025-11-26,127,128,21:00-21:20,14.916587403333825
2025-11-26,139,139,23:00-23:10,17.111933666666573
2025-11-27,3,3,00:20-00:30,4.956726666666668
2025-11-27,19,20,03:00-03:20,12.92295966666677
2025-11-27,25,25,04:00-04:10,6.284606666666605
2025-11-27,29,30,04:40-05:00,29.760029999999915
2025-11-27,35,36,05:40-06:00,15.84908666666654
2025-11-27,39,39,06:20-06:30,32.242666666666764
2025-11-27,42,42,06:50-07:00,13.780761904761972
2025-11-27,52,56,08:30-09:20,64.16451619047632
2025-11-27,58,60,09:30-10:00,44.99363095238152
2025-11-27,62,63,10:10-10:30,61.70489904761939
2025-11-27,79,79,13:00-13:10,8.827759999999785
2025-11-27,83,84,13:40-14:00,64.48847809523818
2025-11-27,88,89,14:30-14:50,70.71177333333333
2025-11-27,97,98,16:00-16:20,25.25019666666674
2025-11-27,106,107,17:30-17:50,5.4406319047623555
2025-11-27,110,111,18:10-18:30,24.18435428571422
2025-11-27,114,115,18:50-19:10,18.67492333333314
2025-11-27,118,120,19:30-20:00,12.80900000000031
2025-11-27,122,125,20:10-20:50,961.1526752201956
2025-11-27,129,130,21:20-21:40,25.72818793666704
2025-11-27,136,136,22:30-22:40,16.08902400000011
2025-11-28,2,3,00:10-00:30,31.302483333333328
2025-11-28,8,9,01:10-01:30,14.96928999999983
2025-11-28,13,15,02:00-02:30,33.16052999999988
2025-11-28,19,20,03:00-03:20,34.67096999999984
2025-11-28,22,23,03:30-03:50,23.757896666666625
2025-11-28,25,26,04:00-04:20,33.66677333333331
2025-11-28,29,30,04:40-05:00,52.440886666666586
2025-11-28,35,36,05:40-06:00,53.46843000000007
2025-11-28,41,42,06:40-07:00,14.681010476190579
2025-11-28,45,48,07:20-08:00,62.94815238095248
2025-11-28,52,53,08:30-08:50,23.77259904761911
2025-11-28,91,91,15:00-15:10,9.915677619047756
2025-11-28,97,98,16:00-16:20,22.059165714285598
2025-11-28,103,103,17:00-17:10,12.466387619047659
2025-11-28,107,107,17:40-17:50,7.235449047618999
2025-11-28,110,111,18:10-18:30,57.63060095238103
2025-11-28,113,114,18:40-19:00,67.92806190476205
2025-11-28,117,118,19:20-19:40,30.73313999999999
2025-11-28,122,125,20:10-20:50,1498.9439604535064
2025-11-28,130,130,21:30-21:40,13.851613333333148
2025-11-28,136,136,22:30-22:40,20.116230666666752
2025-11-28,143,143,23:40-23:50,6.516599333333261
2025-11-29,1,1,00:00-00:10,6.969776666666689
2025-11-29,7,7,01:00-01:10,16.968239999999923
2025-11-29,11,12,01:40-02:00,65.05628666666667
2025-11-29,15,15,02:20-02:30,21.899776666666696
2025-11-29,20,23,03:10-03:50,65.04150333333331
2025-11-29,26,27,04:10-04:30,91.39612333333326
2025-11-29,30,31,04:50-05:10,19.40241000000003
2025-11-29,36,38,05:50-06:20,60.69149285714286
2025-11-29,40,40,06:30-06:40,0.636272857142842
2025-11-29,43,45,07:00-07:30,72.2519285714285
2025-11-29,47,48,07:40-08:00,37.93221047619062
2025-11-29,51,53,08:20-08:50,43.30923571428593
2025-11-29,90,90,14:50-15:00,1.3216828571427186
2025-11-29,93,93,15:20-15:30,9.701280952381012
2025-11-29,106,106,17:30-17:40,10.053701190476431
2025-11-29,109,111,18:00-18:30,22.325000000000045
2025-11-29,113,115,18:40-19:10,11.8918390476191
2025-11-29,117,126,19:20-21:00,4032.238912986173
2025-11-29,129,129,21:20-21:30,35.470666666666546
2025-11-29,132,132,21:50-22:00,16.061956666666674
2025-11-29,136,137,22:30-22:50,24.82926733333329
2025-11-29,141,142,23:20-23:40,22.09017066666661
2025-11-30,22,23,03:30-03:50,48.07851333333326
2025-11-30,27,27,04:20-04:30,11.225360000000023
2025-11-30,30,30,04:50-05:00,6.72533333333331
2025-11-30,34,34,05:30-05:40,15.799004666666669
2025-11-30,37,38,06:00-06:20,55.61364095238093
2025-11-30,40,41,06:30-06:50,51.74627761904765
2025-11-30,47,47,07:40-07:50,18.195012857142956
2025-11-30,49,50,08:00-08:20,94.46120571428594
2025-11-30,54,56,08:50-09:20,48.15567238095264
2025-11-30,59,61,09:40-10:10,63.50882142857154
2025-11-30,64,64,10:30-10:40,3.3111128571429163
2025-11-30,83,84,13:40-14:00,67.1736552380952
2025-11-30,87,87,14:20-14:30,36.624068571428666
2025-11-30,89,89,14:40-14:50,10.682480000000169
2025-11-30,96,96,15:50-16:00,12.206857624926272
2025-11-30,111,111,18:20-18:30,13.964547619047835
2025-11-30,113,114,18:40-19:00,48.9447252380952
2025-11-30,120,125,19:50-20:50,3349.0338439967395
2025-11-30,128,130,21:10-21:40,75.77253752333331
2025-12-01,1,1,00:00-00:10,60.48787333333337
2025-12-01,5,5,00:40-00:50,9.041859999999929
2025-12-01,9,10,01:20-01:40,19.142456666666476
2025-12-01,13,15,02:00-02:30,41.07399999999973
2025-12-01,17,18,02:40-03:00,10.116889999999898
2025-12-01,20,21,03:10-03:30,19.473653333333345
2025-12-01,24,28,03:50-04:40,45.31765666666661
2025-12-01,31,32,05:00-05:20,61.77475333333348
2025-12-01,35,39,05:40-06:30,145.3065766666665
2025-12-01,41,42,06:40-07:00,49.59376190476189
2025-12-01,47,49,07:40-08:10,105.87237142857182
2025-12-01,51,52,08:20-08:40,8.521753333333663
2025-12-01,54,65,08:50-10:50,4304.12462730081
2025-12-01,78,79,12:50-13:10,100.44974238095256
2025-12-01,82,82,13:30-13:40,31.34048476190469
2025-12-01,88,89,14:30-14:50,11.585057619047575
2025-12-01,94,94,15:30-15:40,3.5063566666670454
2025-12-01,99,99,16:20-16:30,6.148392857142852
2025-12-01,107,108,17:40-18:00,20.86320333333321
2025-12-01,111,111,18:20-18:30,11.074984285714095
2025-12-01,113,114,18:40-19:00,43.87767857142853
2025-12-01,117,117,19:20-19:30,31.76225999999997
2025-12-01,120,124,19:50-20:40,3515.5289268825254
2025-12-01,127,131,21:00-21:50,72.17383063333348
2025-12-01,136,137,22:30-22:50,11.474427333333097
2025-12-01,143,144,23:40-24:00,20.714885000000095
2025-12-02,1,1,00:00-00:10,25.124423333333425
2025-12-02,3,3,00:20-00:30,7.697806666664519
2025-12-02,8,9,01:10-01:30,38.19436333333351
2025-12-02,11,12,01:40-02:00,67.80282333333332
2025-12-02,15,15,02:20-02:30,18.946286666666424
2025-12-02,17,18,02:40-03:00,24.30282999999997
2025-12-02,21,25,03:20-04:10,61.90522666666641
2025-12-02,28,31,04:30-05:10,103.93596999999976
2025-12-02,35,35,05:40-05:50,35.827447619047916
2025-12-02,37,37,06:00-06:10,56.35105666666652
2025-12-02,40,41,06:30-06:50,13.458012857142847
2025-12-02,44,45,07:10-07:30,47.4364066666668
2025-12-02,48,50,07:50-08:20,165.8557976190466
2025-12-02,54,65,08:50-10:50,4636.999779748882
2025-12-02,78,79,12:50-13:10,23.632023809523957
2025-12-02,82,82,13:30-13:40,40.01013285714282
2025-12-02,85,86,14:00-14:20,80.9919180952379
2025-12-02,89,89,14:40-14:50,1.712311904761691
2025-12-02,97,97,16:00-16:10,24.075141904762063
2025-12-02,101,102,16:40-17:00,17.28927523809559
2025-12-02,104,105,17:10-17:30,1.8627852380947232
2025-12-02,108,113,17:50-18:50,85.98296857142864
2025-12-02,117,126,19:20-21:00,4471.7876931030605
2025-12-02,128,131,21:10-21:50,144.47104666666678
2025-12-02,135,135,22:20-22:30,5.101869999999735
2025-12-02,139,139,23:00-23:10,5.194850333333534
2025-12-03,1,1,00:00-00:10,22.940493333333393
2025-12-03,4,4,00:30-00:40,6.945156666666662
2025-12-03,7,8,01:00-01:20,59.92361666666659
2025-12-03,10,11,01:30-01:50,24.585933333333173
2025-12-03,14,15,02:10-02:30,31.805066666666335
2025-12-03,18,18,02:50-03:00,28.68759
2025-12-03,21,25,03:20-04:10,69.37580666666702
2025-12-03,28,29,04:30-04:50,25.098173333333534
2025-12-03,32,33,05:10-05:30,43.60850380952377
2025-12-03,35,36,05:40-06:00,5.885604285714521
2025-12-03,39,40,06:20-06:40,36.90712047619044
2025-12-03,43,45,07:00-07:30,82.53332142857137
2025-12-03,48,51,07:50-08:30,75.34818238095238
2025-12-03,53,64,08:40-10:40,2894.8325785867196
2025-12-03,81,82,13:20-13:40,89.86110238095262
2025-12-03,86,88,14:10-14:40,65.98405571428543
2025-12-03,98,99,16:10-16:30,38.34612714285714
2025-12-03,106,107,17:30-17:50,19.295620714285917
2025-12-03,110,111,18:10-18:30,22.62526714285702
2025-12-03,114,115,18:50-19:10,81.76861333333318
2025-12-03,119,127,19:40-21:10,4120.018965302192
2025-12-03,129,131,21:20-21:50,67.52146666666681
2025-12-03,136,136,22:30-22:40,13.901890666666532
2025-12-04,1,1,00:00-00:10,41.39984333333314
2025-12-04,5,6,00:40-01:00,69.47308333333353
2025-12-04,9,9,01:20-01:30,1.9916666666665606
2025-12-04,12,14,01:50-02:20,29.041116666666767
2025-12-04,16,17,02:30-02:50,10.750930000000153
2025-12-04,20,22,03:10-03:40,65.68129333333331
2025-12-04,25,26,04:00-04:20,32.68299999999999
2025-12-04,28,28,04:30-04:40,16.316673333333483
2025-12-04,31,32,05:00-05:20,33.608636666666655
2025-12-04,35,37,05:40-06:10,64.27716095238077
2025-12-04,39,40,06:20-06:40,65.42031857142841
2025-12-04,43,43,07:00-07:10,48.34030666666689
2025-12-04,48,50,07:50-08:20,142.66398809523844
2025-12-04,54,65,08:50-10:50,3978.681226479688
2025-12-04,83,83,13:40-13:50,21.026922857142267
2025-12-04,85,86,14:00-14:20,42.71074666666652
2025-12-04,88,88,14:30-14:40,18.332539047619434
2025-12-04,95,97,15:40-16:10,12.361155714285786
2025-12-04,100,100,16:30-16:40,27.94984285714291
2025-12-04,103,104,17:00-17:20,27.600959659748675
2025-12-04,107,108,17:40-18:00,38.449801728974876
2025-12-04,113,114,18:40-19:00,25.76580857142835
2025-12-04,119,125,19:40-20:50,2635.1451326936326
2025-12-04,137,137,22:40-22:50,10.094179666666605
2025-12-04,141,141,23:20-23:30,4.221250000000055
2025-12-05,1,1,00:00-00:10,4.735123333333377
2025-12-05,3,3,00:20-00:30,9.371333333333212
2025-12-05,6,7,00:50-01:10,71.49758999999989
2025-12-05,10,12,01:30-02:00,58.42288666666667
2025-12-05,15,18,02:20-03:00,67.54539666666676
2025-12-05,21,23,03:20-03:50,39.98031000000009
2025-12-05,25,26,04:00-04:20,49.93799333333334
2025-12-05,29,30,04:40-05:00,74.44678333333349
2025-12-05,33,33,05:20-05:30,16.52271666666661
2025-12-05,36,37,05:50-06:10,32.22194380952385
2025-12-05,40,42,06:30-07:00,92.19513095238085
2025-12-05,45,57,07:20-09:30,2230.517772086195
2025-12-05,95,95,15:40-15:50,10.620632857142766
2025-12-05,102,104,16:50-17:20,43.417270952380846
2025-12-05,107,108,17:40-18:00,10.245932380952343
2025-12-05,111,112,18:20-18:40,24.7648242857141
2025-12-05,115,115,19:00-19:10,2.9658766666665883
2025-12-05,117,125,19:20-20:50,4054.0884713818846
2025-12-05,129,131,21:20-21:50,90.95411190999982
2025-12-05,134,135,22:10-22:30,37.145144333333235
2025-12-05,141,141,23:20-23:30,27.68705666666665
2025-12-05,144,144,23:50-24:00,5.125070000000051
2025-12-06,1,1,00:00-00:10,38.668340000000114
2025-12-06,3,3,00:20-00:30,9.789946666666651
2025-12-06,6,6,00:50-01:00,33.913573333333375
2025-12-06,11,13,01:40-02:10,53.73669666666672
2025-12-06,16,17,02:30-02:50,58.682296666666616
2025-12-06,20,24,03:10-04:00,70.21031666666647
2025-12-06,27,30,04:20-05:00,49.454249999999774
2025-12-06,33,33,05:20-05:30,17.364950000000192
2025-12-06,35,36,05:40-06:00,32.225841428571584
2025-12-06,38,39,06:10-06:30,27.3152504761905
2025-12-06,41,42,06:40-07:00,45.74842190476204
2025-12-06,45,59,07:20-09:50,2313.573845282379
2025-12-06,91,92,15:00-15:20,33.180906190476605
2025-12-06,97,97,16:00-16:10,34.59734333333299
2025-12-06,100,100,16:30-16:40,38.07341904761897
2025-12-06,103,104,17:00-17:20,15.038903857142731
2025-12-06,107,108,17:40-18:00,71.5417333333333
2025-12-06,111,111,18:20-18:30,30.872112857142895
2025-12-06,114,129,18:50-21:30,4994.5881378352815
2025-12-06,132,132,21:50-22:00,27.86015333333353
2025-12-06,136,136,22:30-22:40,12.417860333333465
2025-12-07,1,1,00:00-00:10,10.30559333333349
2025-12-07,3,5,00:20-00:50,13.768596666666667
2025-12-07,8,9,01:10-01:30,59.82099000000005
2025-12-07,13,14,02:00-02:20,37.24977333333334
2025-12-07,16,16,02:30-02:40,7.345060000000103
2025-12-07,19,19,03:00-03:10,53.30548666666664
2025-12-07,23,24,03:40-04:00,24.971986666666567
2025-12-07,27,28,04:20-04:40,38.185613333333094
2025-12-07,31,32,05:00-05:20,29.35160000000009
2025-12-07,35,36,05:40-06:00,73.56459000000007
2025-12-07,39,40,06:20-06:40,35.82819571428568
2025-12-07,43,43,07:00-07:10,2.5336066666667776
2025-12-07,47,48,07:40-08:00,54.105377142857066
2025-12-07,55,57,09:00-09:30,23.64764285714267
2025-12-07,59,65,09:40-10:50,380.8184346236333
2025-12-07,78,78,12:50-13:00,37.26187809523822
2025-12-07,83,83,13:40-13:50,34.19631761904759
2025-12-07,85,85,14:00-14:10,29.654625714285658
2025-12-07,88,89,14:30-14:50,60.72914952380904
2025-12-07,94,94,15:30-15:40,12.28047238095229
2025-12-07,100,100,16:30-16:40,28.919665238094794
2025-12-07,105,106,17:20-17:40,27.08563190476184
2025-12-07,109,110,18:00-18:20,23.49601095238105
2025-12-07,112,112,18:30-18:40,32.30403999999987
2025-12-07,115,117,19:00-19:30,51.91066666666666
2025-12-07,120,126,19:50-21:00,2794.088586570938
2025-12-07,129,130,21:20-21:40,40.18007002000006
2025-12-07,134,134,22:10-22:20,5.750353333333464
2025-12-07,139,139,23:00-23:10,0.4345696666669028
2025-12-08,13,14,02:00-02:20,26.404163333333372
2025-12-08,22,23,03:30-03:50,23.18917333333343
2025-12-08,29,30,04:40-05:00,7.9280566666666346
2025-12-08,33,33,05:20-05:30,6.864000000000033
2025-12-08,39,40,06:20-06:40,59.74346619047622
2025-12-08,50,51,08:10-08:30,9.243554285714026
2025-12-08,55,58,09:00-09:40,92.0671671428571
2025-12-08,61,61,10:00-10:10,3.6383652380949343
2025-12-08,64,64,10:30-10:40,15.214816666666593
2025-12-08,79,80,13:00-13:20,49.092969047619135
2025-12-08,82,82,13:30-13:40,23.402551428571314
2025-12-08,86,87,14:10-14:30,22.232775238095314
2025-12-08,102,102,16:50-17:00,11.907333333333508
2025-12-08,108,109,17:50-18:10,20.712039523809494
2025-12-08,112,114,18:30-19:00,40.36725000000007
2025-12-08,117,119,19:20-19:50,28.582456666666303
2025-12-08,122,125,20:10-20:50,2019.2307816997177
2025-12-08,127,127,21:00-21:10,5.998271000000159
2025-12-08,130,130,21:30-21:40,27.08701345666666
2025-12-08,133,134,22:00-22:20,8.318079333333117
2025-12-09,3,3,00:20-00:30,5.290333333333365
2025-12-09,6,6,00:50-01:00,21.169666666666558
2025-12-09,19,20,03:00-03:20,39.660013333333154
2025-12-09,33,33,05:20-05:30,4.363333333333458
2025-12-09,36,36,05:50-06:00,21.612456666666617
2025-12-09,38,39,06:10-06:30,37.542352857143214
2025-12-09,48,50,07:50-08:20,90.91005285714289
2025-12-09,52,52,08:30-08:40,26.476118095238007
2025-12-09,55,55,09:00-09:10,29.133130952380498
2025-12-09,59,60,09:40-10:00,42.82819190476175
2025-12-09,79,80,13:00-13:20,87.83614000000057
2025-12-09,83,84,13:40-14:00,44.94324619047609
2025-12-09,88,89,14:30-14:50,58.87226904761883
2025-12-09,102,103,16:50-17:10,20.791236666666464
2025-12-09,106,106,17:30-17:40,23.69171666666648
2025-12-09,109,111,18:00-18:30,32.88666666666664
2025-12-09,117,118,19:20-19:40,72.75995999999998
2025-12-09,121,128,20:00-21:20,1705.50128343381
2025-12-09,130,130,21:30-21:40,11.449340000000007
2025-12-09,132,132,21:50-22:00,3.6946433333330333
2025-12-09,136,136,22:30-22:40,38.78618699999993
2025-12-10,8,8,01:10-01:20,5.116870000000176
2025-12-10,13,13,02:00-02:10,12.112936666666656
2025-12-10,21,21,03:20-03:30,16.792260000000056
2025-12-10,30,30,04:50-05:00,3.6183333333333394
2025-12-10,35,35,05:40-05:50,7.047998095238313
2025-12-10,37,38,06:00-06:20,44.442886666666595
2025-12-10,51,51,08:20-08:30,13.219822380952337
2025-12-10,53,57,08:40-09:30,76.23686857142883
2025-12-10,62,64,10:10-10:40,121.5510719047619
2025-12-10,82,82,13:30-13:40,1.7743185714288074
2025-12-10,86,87,14:10-14:30,85.06441523809531
2025-12-10,95,95,15:40-15:50,0.2119990476193152
2025-12-10,99,99,16:20-16:30,10.04080238095203
2025-12-10,105,106,17:20-17:40,20.9862437333328
2025-12-10,109,109,18:00-18:10,44.75526333333346
2025-12-10,113,115,18:40-19:10,63.492863333333474
2025-12-10,119,120,19:40-20:00,18.795933333333323
2025-12-10,122,125,20:10-20:50,2036.9802702659167
2025-12-10,128,130,21:10-21:40,38.21239000000003
2025-12-11,1,1,00:00-00:10,40.06643333333329
2025-12-11,22,22,03:30-03:40,1.3613166666667667
2025-12-11,35,36,05:40-06:00,48.94625666666673
2025-12-11,49,53,08:00-08:50,47.55233809523804
2025-12-11,55,55,09:00-09:10,3.196533809523885
2025-12-11,58,59,09:30-09:50,13.68603476190492
2025-12-11,62,63,10:10-10:30,55.50408952380951
2025-12-11,84,84,13:50-14:00,0.416287619047921
2025-12-11,87,87,14:20-14:30,38.517184285714166
2025-12-11,96,96,15:50-16:00,5.765726190476073
2025-12-11,104,105,17:10-17:30,18.500912780717876
2025-12-11,108,109,17:50-18:10,45.36469904761907
2025-12-11,112,112,18:30-18:40,17.909376666666617
2025-12-11,115,117,19:00-19:30,92.86200000000031
2025-12-11,120,121,19:50-20:10,54.03384999999969
2025-12-11,124,125,20:30-20:50,599.8418830471867
2025-12-11,130,131,21:30-21:50,23.365910626666548
2025-12-11,134,135,22:10-22:30,4.223986666666633
2025-12-11,138,138,22:50-23:00,13.692363333332878
2025-12-11,141,141,23:20-23:30,16.70733333333328
2025-12-12,9,9,01:20-01:30,1.7939999999999259
2025-12-12,20,20,03:10-03:20,15.47444999999999
2025-12-12,28,28,04:30-04:40,0.14147666666667646
2025-12-12,32,32,05:10-05:20,4.094612380952299
2025-12-12,35,35,05:40-05:50,2.7356852380951295
2025-12-12,37,39,06:00-06:30,30.811666666666724
2025-12-12,42,44,06:50-07:20,48.7739347619048
2025-12-12,47,48,07:40-08:00,59.55358238095249
2025-12-12,51,52,08:20-08:40,57.63189190476186
2025-12-12,55,55,09:00-09:10,34.06724619047611
2025-12-12,58,59,09:30-09:50,90.4355219047618
2025-12-12,100,103,16:30-17:10,13.499405238095033
2025-12-12,108,110,17:50-18:20,56.24571666666657
2025-12-12,112,113,18:30-18:50,6.953112380952291
2025-12-12,115,115,19:00-19:10,13.231246666666777
2025-12-12,117,128,19:20-21:20,4023.141518740121
2025-12-12,130,130,21:30-21:40,0.9156633333333843
2025-12-12,132,132,21:50-22:00,23.430020000000013
2025-12-12,138,138,22:50-23:00,7.229843333333292
2025-12-13,3,4,00:20-00:40,13.375683333333427
2025-12-13,7,11,01:00-01:50,14.441190000000063
2025-12-13,21,21,03:20-03:30,6.843999999999994
2025-12-13,35,37,05:40-06:10,61.96774428571416
2025-12-13,41,42,06:40-07:00,38.143392857143
2025-12-13,44,45,07:10-07:30,34.33486476190478
2025-12-13,47,48,07:40-08:00,26.501426666666703
2025-12-13,51,52,08:20-08:40,30.712907619047428
2025-12-13,55,56,09:00-09:20,33.44331952380958
2025-12-13,58,59,09:30-09:50,18.64731571428547
2025-12-13,100,101,16:30-16:50,25.914840621395893
2025-12-13,108,109,17:50-18:10,71.76032809523798
2025-12-13,115,116,19:00-19:20,32.54778666666664
2025-12-13,119,126,19:40-21:00,3080.303934294283
2025-12-13,129,131,21:20-21:50,85.52398810699594
2025-12-13,141,141,23:20-23:30,15.749313333333475
2025-12-14,20,21,03:10-03:30,13.010676666666768
2025-12-14,28,28,04:30-04:40,28.962133333333327
2025-12-14,37,38,06:00-06:20,41.35948857142887
2025-12-14,49,50,08:00-08:20,47.9765338095242
2025-12-14,52,53,08:30-08:50,46.56724952380921
2025-12-14,56,57,09:10-09:30,27.56279904761874
2025-12-14,61,63,10:00-10:30,143.53857142857112
2025-12-14,65,65,10:40-10:50,15.42730000000006
2025-12-14,85,87,14:00-14:30,80.52582142857136
2025-12-14,95,95,15:40-15:50,4.610849523809804
2025-12-14,100,100,16:30-16:40,23.19131761904761
2025-12-14,103,104,17:00-17:20,34.42088923809534
2025-12-14,109,110,18:00-18:20,36.47392380952385
2025-12-14,113,117,18:40-19:30,63.334679999999906
2025-12-14,119,125,19:40-20:50,1709.8336941569564
2025-12-14,129,131,21:20-21:50,61.0108318095311
2025-12-15,6,6,00:50-01:00,12.790243333333478
2025-12-15,13,13,02:00-02:10,1.0598333333334722
2025-12-15,22,22,03:30-03:40,11.381216666666887
2025-12-15,38,39,06:10-06:30,31.37986333333356
2025-12-15,48,48,07:50-08:00,0.8992176190472492
2025-12-15,51,53,08:20-08:50,69.42004190476223
2025-12-15,55,58,09:00-09:40,56.23950761904757
2025-12-15,61,61,10:00-10:10,62.222518095238115
2025-12-15,85,86,14:00-14:20,56.4778447619052
2025-12-15,88,89,14:30-14:50,51.79784952380976
2025-12-15,104,105,17:10-17:30,27.777931751950696
2025-12-15,109,110,18:00-18:20,26.880800952381147
2025-12-15,113,114,18:40-19:00,44.695126666666795
2025-12-15,117,117,19:20-19:30,19.110193333333314
2025-12-15,120,120,19:50-20:00,5.682853333333469
2025-12-15,122,125,20:10-20:50,1671.4200034190533
2025-12-15,130,130,21:30-21:40,20.447676666666553
2025-12-15,134,134,22:10-22:20,1.6381320000000414
2025-12-16,13,13,02:00-02:10,2.306906666666805
2025-12-16,20,20,03:10-03:20,11.004210000000057
2025-12-16,36,36,05:50-06:00,21.42066666666676
2025-12-16,39,39,06:20-06:30,24.69000000000017
2025-12-16,48,49,07:50-08:10,10.310688095238106
2025-12-16,52,53,08:30-08:50,38.59925999999996
2025-12-16,55,56,09:00-09:20,41.27020428571427
2025-12-16,59,60,09:40-10:00,32.69089333333318
2025-12-16,64,65,10:30-10:50,105.37373000000002
2025-12-16,83,83,13:40-13:50,23.846546190476033
2025-12-16,86,87,14:10-14:30,39.02385761904782
2025-12-16,103,104,17:00-17:20,20.361380952380575
2025-12-16,106,106,17:30-17:40,10.594863333333251
2025-12-16,109,110,18:00-18:20,37.62521428571426
2025-12-16,113,113,18:40-18:50,2.4067333333333067
2025-12-16,115,118,19:00-19:40,26.330526666666515
2025-12-16,121,125,20:00-20:50,1398.6318269564426
2025-12-16,130,131,21:30-21:50,45.617470000000026
2025-12-16,133,133,22:00-22:10,3.858991999999944
2025-12-16,136,136,22:30-22:40,9.751584000000094
2025-12-16,139,139,23:00-23:10,9.696446666666588
2025-12-17,32,32,05:10-05:20,9.037036190476442
2025-12-17,35,35,05:40-05:50,2.600175714285456
2025-12-17,37,37,06:00-06:10,3.4037661904761762
2025-12-17,41,41,06:40-06:50,18.418469999999957
2025-12-17,49,49,08:00-08:10,32.03531238095229
2025-12-17,52,52,08:30-08:40,10.414523333333477
2025-12-17,55,56,09:00-09:20,91.79172571428558
2025-12-17,61,61,10:00-10:10,11.527266190476325
2025-12-17,84,85,13:50-14:10,32.08761857142838
2025-12-17,88,89,14:30-14:50,35.616747619047715
2025-12-17,101,101,16:40-16:50,5.928769047619301
2025-12-17,106,106,17:30-17:40,19.203026666666574
2025-12-17,109,111,18:00-18:30,50.07519333333322
2025-12-17,116,117,19:10-19:30,11.794329999999945
2025-12-17,121,125,20:00-20:50,225.91339883775788
2025-12-17,128,130,21:10-21:40,95.24152260666695
2025-12-18,4,4,00:30-00:40,12.407556666666778
2025-12-18,11,12,01:40-02:00,50.33748333333335
2025-12-18,19,19,03:00-03:10,15.070346666666524
2025-12-18,27,27,04:20-04:30,2.9560000000000173
2025-12-18,48,52,07:50-08:40,51.8753700000002
2025-12-18,56,57,09:10-09:30,72.80569952380938
2025-12-18,60,62,09:50-10:20,94.09969095238114
2025-12-18,84,84,13:50-14:00,23.92986000000019
2025-12-18,86,87,14:10-14:30,20.591570476190554
2025-12-18,104,104,17:10-17:20,5.129976219047571
2025-12-18,108,109,17:50-18:10,39.7648466666667
2025-12-18,112,113,18:30-18:50,9.267745714285724
2025-12-18,116,117,19:10-19:30,48.2281733333333
2025-12-18,121,122,20:00-20:20,11.88577333333319
2025-12-18,124,125,20:30-20:50,32.777083333333394
2025-12-18,130,130,21:30-21:40,15.845823333333442
2025-12-18,133,133,22:00-22:10,3.1467680000000655
2025-12-19,4,5,00:30-00:50,40.110163333333446
2025-12-19,12,12,01:50-02:00,17.842666666666673
2025-12-19,20,20,03:10-03:20,11.948353333333216
2025-12-19,36,36,05:50-06:00,12.388219999999933
2025-12-19,39,40,06:20-06:40,18.04065047619042
2025-12-19,43,43,07:00-07:10,27.606710952380922
2025-12-19,47,47,07:40-07:50,41.3948666666667
2025-12-19,51,52,08:20-08:40,5.8003833333334
2025-12-19,54,54,08:50-09:00,2.077705714285514
2025-12-19,89,90,14:40-15:00,19.492273809523624
2025-12-19,100,100,16:30-16:40,23.30238428571414
2025-12-19,104,105,17:10-17:30,14.775538571428399
2025-12-19,108,108,17:50-18:00,4.762978571428675
2025-12-19,111,113,18:20-18:50,65.55878428571441
2025-12-19,116,117,19:10-19:30,31.467686666666452
2025-12-19,120,120,19:50-20:00,16.48123333333325
2025-12-19,122,125,20:10-20:50,1076.633545514434
2025-12-19,128,130,21:10-21:40,73.28192333333317
2025-12-19,135,135,22:20-22:30,0.4140466666667635
2025-12-20,4,6,00:30-01:00,28.9684133333335
2025-12-20,10,11,01:30-01:50,50.052456666666615
2025-12-20,14,14,02:10-02:20,4.079739999999958
2025-12-20,24,24,03:50-04:00,1.34699999999998
2025-12-20,37,38,06:00-06:20,72.01107999999994
2025-12-20,40,41,06:30-06:50,53.794806666666545
2025-12-20,44,45,07:10-07:30,37.28451857142873
2025-12-20,47,48,07:40-08:00,50.756816666666964
2025-12-20,51,53,08:20-08:50,29.682521428571192
2025-12-20,56,57,09:10-09:30,27.32984714285726
2025-12-20,87,87,14:20-14:30,10.483749999999986
2025-12-20,99,99,16:20-16:30,3.6399385714285017
2025-12-20,102,104,16:50-17:20,25.45346577333289
2025-12-20,110,112,18:10-18:40,41.74001333333342
2025-12-20,115,115,19:00-19:10,20.87640666666664
2025-12-20,118,119,19:30-19:50,33.83643999999987
2025-12-20,123,125,20:20-20:50,797.2649808166568
2025-12-20,128,128,21:10-21:20,0.49838666666670406
2025-12-20,130,131,21:30-21:50,53.351736666666795
2025-12-21,7,8,01:00-01:20,31.992191666666486
2025-12-21,10,10,01:30-01:40,7.199049999999829
2025-12-21,14,14,02:10-02:20,1.6267133333331003
2025-12-21,19,19,03:00-03:10,32.03895333333321
2025-12-21,22,23,03:30-03:50,52.468656666666675
2025-12-21,35,35,05:40-05:50,3.980550193211684
2025-12-21,38,39,06:10-06:30,29.726380609523403
2025-12-21,48,48,07:50-08:00,27.859631904762523
2025-12-21,51,53,08:20-08:50,23.55015761904758
2025-12-21,61,61,10:00-10:10,4.275469523809647
2025-12-21,63,65,10:20-10:50,94.31143238095257
2025-12-21,78,78,12:50-13:00,14.541646190476172
2025-12-21,84,84,13:50-14:00,17.767167619047996
2025-12-21,87,89,14:20-14:50,73.52840190476195
2025-12-21,105,105,17:20-17:30,21.60187190476222
2025-12-21,108,110,17:50-18:20,43.08078999999993
2025-12-21,112,114,18:30-19:00,16.141000000000133
2025-12-21,117,117,19:20-19:30,14.048163333333378
2025-12-21,119,120,19:40-20:00,70.71533333333332
2025-12-21,123,125,20:20-20:50,1172.457906385644
2025-12-21,130,131,21:30-21:50,8.003043333333494
2025-12-22,8,8,01:10-01:20,2.137203333333332
2025-12-22,15,15,02:20-02:30,16.80833333333328
2025-12-22,20,21,03:10-03:30,28.543416666666644
2025-12-22,49,50,08:00-08:20,41.734876666666764
2025-12-22,52,52,08:30-08:40,11.959183809523665
2025-12-22,80,80,13:10-13:20,7.716502380952647
2025-12-22,83,87,13:40-14:30,52.483601428571546
2025-12-22,103,104,17:00-17:20,35.47683523809461
2025-12-22,108,109,17:50-18:10,45.8358342857141
2025-12-22,112,112,18:30-18:40,5.794453333333195
2025-12-22,115,116,19:00-19:20,31.796179999999822
2025-12-22,118,120,19:30-20:00,12.223000000000184
2025-12-22,124,125,20:30-20:50,551.3950090520035
2025-12-22,127,130,21:00-21:40,72.8139166666665
2025-12-23,20,20,03:10-03:20,12.736363333333543
2025-12-23,28,28,04:30-04:40,9.35891303601386
2025-12-23,37,37,06:00-06:10,6.621733809523903
2025-12-23,48,48,07:50-08:00,7.616652857142753
2025-12-23,50,52,08:10-08:40,64.68401142857158
2025-12-23,55,56,09:00-09:20,58.3229266666666
2025-12-23,60,60,09:50-10:00,70.48312095238066
2025-12-23,64,64,10:30-10:40,35.75288619047643
2025-12-23,83,83,13:40-13:50,3.539398571428137
2025-12-23,86,88,14:10-14:40,29.1011880952384
2025-12-23,105,106,17:20-17:40,38.8249685714286
2025-12-23,110,111,18:10-18:30,24.882617619047522
2025-12-23,115,118,19:00-19:40,61.99940333333279
2025-12-23,121,122,20:00-20:20,49.39442999999994
2025-12-23,130,131,21:30-21:50,55.74788666666643
2025-12-24,1,1,00:00-00:10,27.624816666666675
2025-12-24,37,37,06:00-06:10,26.67425761904758
2025-12-24,48,48,07:50-08:00,11.220774761904977
2025-12-24,51,51,08:20-08:30,3.07171238095259
2025-12-24,53,55,08:40-09:10,49.8268433333335
2025-12-24,59,60,09:40-10:00,40.03528857142874
2025-12-24,64,64,10:30-10:40,7.880362380952533
2025-12-24,79,79,13:00-13:10,10.447259523809976
2025-12-24,82,82,13:30-13:40,28.242574285714227
2025-12-24,86,86,14:10-14:20,5.263835238095112
2025-12-24,89,89,14:40-14:50,7.989653333333877
2025-12-24,101,102,16:40-17:00,31.390520333333303
2025-12-24,108,108,17:50-18:00,24.34539809523835
2025-12-24,111,114,18:20-19:00,39.95833333333354
2025-12-24,117,119,19:20-19:50,24.77633333333347
2025-12-24,122,123,20:10-20:30,5.91535333333286
2025-12-24,130,130,21:30-21:40,8.42549333333318
2025-12-24,135,135,22:20-22:30,0.6220799999996416
2025-12-25,8,8,01:10-01:20,33.780823333333274
2025-12-25,20,20,03:10-03:20,6.540273333333289
2025-12-25,24,24,03:50-04:00,6.748666666666622
2025-12-25,37,37,06:00-06:10,34.97124095238121
2025-12-25,51,52,08:20-08:40,73.14409476190508
2025-12-25,56,56,09:10-09:20,21.333098571428536
2025-12-25,60,61,09:50-10:10,24.417782380952417
2025-12-25,64,64,10:30-10:40,20.198299523809453
2025-12-25,78,78,12:50-13:00,0.13904761904723273
2025-12-25,84,84,13:50-14:00,2.334917619047701
2025-12-25,86,87,14:10-14:30,51.42365666666649
2025-12-25,103,104,17:00-17:20,14.80217152380939
2025-12-25,107,108,17:40-18:00,10.83181407407238
2025-12-25,112,112,18:30-18:40,19.141293333333692
2025-12-25,115,116,19:00-19:20,26.2573133333334
2025-12-25,118,119,19:30-19:50,53.83189333333337
2025-12-25,123,125,20:20-20:50,39.29961666666668
2025-12-25,129,129,21:20-21:30,1.4876666666667688
2025-12-25,141,141,23:20-23:30,2.11525000000006
2025-12-26,10,10,01:30-01:40,12.049286666666717
2025-12-26,14,14,02:10-02:20,18.589863333333426
2025-12-26,20,21,03:10-03:30,30.15653333333347
2025-12-26,37,38,06:00-06:20,52.00110333333339
2025-12-26,41,42,06:40-07:00,31.66780904761913
2025-12-26,47,47,07:40-07:50,2.1534933333333015
2025-12-26,49,50,08:00-08:20,23.98381666666677
2025-12-26,53,54,08:40-09:00,15.933578571428768
2025-12-26,87,87,14:20-14:30,30.423242380952615
2025-12-26,100,100,16:30-16:40,9.098106790123396
2025-12-26,106,107,17:30-17:50,2.5816180476190693
2025-12-26,109,109,18:00-18:10,45.307543333333285
2025-12-26,112,113,18:30-18:50,22.6517833333333
2025-12-26,116,117,19:10-19:30,11.282853333333378
2025-12-26,122,125,20:10-20:50,806.8263980128993
2025-12-26,128,128,21:10-21:20,4.405900000000031
2025-12-26,130,130,21:30-21:40,21.622790000000066
2025-12-27,3,4,00:20-00:40,21.948199999999986
2025-12-27,7,7,01:00-01:10,5.541889038091142
2025-12-27,20,21,03:10-03:30,28.013393333333113
2025-12-27,37,39,06:00-06:30,17.591000000000008
2025-12-27,41,42,06:40-07:00,44.8321552380952
2025-12-27,50,51,08:10-08:30,41.56070523809518
2025-12-27,54,58,08:50-09:40,80.54286857142858
2025-12-27,89,89,14:40-14:50,12.272246666666774
2025-12-27,101,104,16:40-17:20,17.862949047619345
2025-12-27,107,108,17:40-18:00,34.856169999999864
2025-12-27,112,113,18:30-18:50,63.79987142857141
2025-12-27,116,116,19:10-19:20,5.115446666666571
2025-12-27,119,120,19:40-20:00,39.876936666666666
2025-12-27,122,125,20:10-20:50,837.2481793894833
2025-12-27,135,135,22:20-22:30,7.391226666666398
2025-12-28,20,21,03:10-03:30,9.16775000000007
2025-12-28,37,37,06:00-06:10,0.036192380952456915
2025-12-28,48,48,07:50-08:00,35.61409809523809
2025-12-28,52,52,08:30-08:40,13.100455714285886
2025-12-28,60,61,09:50-10:10,21.91999714285714
2025-12-28,64,64,10:30-10:40,11.337690476190573
2025-12-28,85,85,14:00-14:10,29.102956190475993
2025-12-28,88,88,14:30-14:40,4.96664571428596
2025-12-28,106,107,17:30-17:50,41.619642857142814
2025-12-28,110,111,18:10-18:30,37.23395095238106
2025-12-28,115,116,19:00-19:20,28.022230000000036
2025-12-28,118,119,19:30-19:50,8.623053333333132
2025-12-28,122,123,20:10-20:30,54.35167999999999
2025-12-28,129,129,21:20-21:30,13.252529999999979
2025-12-28,136,136,22:30-22:40,24.358971666666775
2025-12-29,10,11,01:30-01:50,6.151063333333468
2025-12-29,37,37,06:00-06:10,48.515934761904646
2025-12-29,49,50,08:00-08:20,41.740920952380634
2025-12-29,52,52,08:30-08:40,8.420315238095213
2025-12-29,55,56,09:00-09:20,37.56358523809547
2025-12-29,61,61,10:00-10:10,8.990762857142613
2025-12-29,86,87,14:10-14:30,144.2448076190476
2025-12-29,99,99,16:20-16:30,31.221380476190504
2025-12-29,102,102,16:50-17:00,30.390666666666675
2025-12-29,108,108,17:50-18:00,26.752527619047783
2025-12-29,111,111,18:20-18:30,2.536748571428461
2025-12-29,115,117,19:00-19:30,47.708000000000084
2025-12-29,119,120,19:40-20:00,21.059653333333245
2025-12-29,125,125,20:40-20:50,12.78255333333334
2025-12-29,128,129,21:10-21:30,29.674406666666528
2025-12-29,144,144,23:50-24:00,7.350153333333537
2025-12-30,37,37,06:00-06:10,1.6624947619048953
2025-12-30,48,49,07:50-08:10,38.85640619047581
2025-12-30,52,56,08:30-09:20,99.07497714285671
2025-12-30,61,61,10:00-10:10,28.773528095238134
2025-12-30,64,64,10:30-10:40,13.065376666666566
2025-12-30,84,84,13:50-14:00,22.168289999999615
2025-12-30,87,89,14:20-14:50,97.35274476190477
2025-12-30,109,110,18:00-18:20,12.306783809523596
2025-12-30,112,112,18:30-18:40,18.270236666666733
2025-12-30,116,116,19:10-19:20,10.159526666666807
2025-12-30,119,120,19:40-20:00,49.546896666666726
2025-12-30,123,123,20:20-20:30,15.325389999999743
2025-12-30,130,130,21:30-21:40,14.542416666666895
2025-12-31,4,4,00:30-00:40,9.62408333333326
2025-12-31,10,11,01:30-01:50,34.48851666666667
2025-12-31,49,49,08:00-08:10,15.000394761905113
2025-12-31,52,53,08:30-08:50,74.887834285714
2025-12-31,59,60,09:40-10:00,51.29375735866802
2025-12-31,82,82,13:30-13:40,0.06550047619077759
2025-12-31,85,85,14:00-14:10,10.999151904761561
2025-12-31,88,89,14:30-14:50,74.94556857142834
2025-12-31,104,104,17:10-17:20,5.4137173956479785
2025-12-31,108,108,17:50-18:00,14.497488095238168
2025-12-31,110,111,18:10-18:30,25.4227633333332
2025-12-31,116,117,19:10-19:30,61.13242666666679
2025-12-31,120,121,19:50-20:10,19.639046666666445
2025-12-31,124,125,20:30-20:50,35.411339999999996
2025-12-31,127,128,21:00-21:20,21.340166666666505
2025-12-31,136,136,22:30-22:40,5.570777999999791
