date,start_slot,end_slot,interval_label,emergency_kwh
2025-02-01,4,4,00:30-00:40,23.167899999999918
2025-02-01,7,10,01:00-01:40,60.901558333333355
2025-02-01,13,15,02:00-02:30,98.89958333333345
2025-02-01,37,37,06:00-06:10,15.874250000000188
2025-02-01,40,41,06:30-06:50,15.310791071428525
2025-02-01,46,47,07:30-07:50,74.80465059523797
2025-02-01,51,54,08:20-09:00,91.29996666666665
2025-02-01,57,57,09:20-09:30,32.844175000000064
2025-02-01,60,62,09:50-10:20,82.67141011904778
2025-02-01,64,64,10:30-10:40,2.5624261904760033
2025-02-01,68,68,11:10-11:20,0.4692297619044439
2025-02-01,109,110,18:00-18:20,27.09551249999987
2025-02-01,114,118,18:50-19:40,65.66515000000004
2025-02-01,121,124,20:00-20:40,38.96712500000007
2025-02-01,127,128,21:00-21:20,84.75672083333347
2025-02-01,131,132,21:40-22:00,5.356270833333326
2025-02-01,136,138,22:30-23:00,111.08708333333345
2025-02-01,141,141,23:20-23:30,10.626245833333314
2025-02-01,144,144,23:50-24:00,15.43827500000009
2025-02-02,6,7,00:50-01:10,17.05812083333319
2025-02-02,10,11,01:30-01:50,76.11209166666652
2025-02-02,15,15,02:20-02:30,0.5981088854646259
2025-02-02,38,40,06:10-06:40,21.44872499999987
2025-02-02,49,50,08:00-08:20,79.76482857142878
2025-02-02,52,53,08:30-08:50,24.174798214286056
2025-02-02,56,57,09:10-09:30,37.290275595237915
2025-02-02,60,62,09:50-10:20,77.35089166666671
2025-02-02,85,86,14:00-14:20,30.50414642857129
2025-02-02,89,89,14:40-14:50,13.096618452380653
2025-02-02,105,105,17:20-17:30,12.412162499999795
2025-02-02,111,112,18:20-18:40,22.29048511904726
2025-02-02,115,115,19:00-19:10,28.530364880952447
2025-02-02,118,119,19:30-19:50,25.618833333333555
2025-02-02,121,121,20:00-20:10,10.50672499999996
2025-02-02,124,125,20:30-20:50,34.42621666666673
2025-02-02,127,128,21:00-21:20,14.089745833333382
2025-02-02,131,132,21:40-22:00,48.13620833333323
2025-02-02,138,138,22:50-23:00,0.7791916666666339
2025-02-02,140,141,23:10-23:30,5.45971249999991
2025-02-02,143,144,23:40-24:00,43.87283333333369
2025-02-03,8,9,01:10-01:30,34.26432499999987
2025-02-03,11,12,01:40-02:00,32.50889583333321
2025-02-03,38,39,06:10-06:30,34.21290833333333
2025-02-03,42,42,06:50-07:00,12.062198214285687
2025-02-03,50,51,08:10-08:30,58.200166071428384
2025-02-03,54,56,08:50-09:20,118.70419047619094
2025-02-03,58,59,09:30-09:50,27.7919797619046
2025-02-03,62,64,10:10-10:40,101.6091416666666
2025-02-03,69,69,11:20-11:30,32.28232621893562
2025-02-03,84,84,13:50-14:00,25.95329523809528
2025-02-03,88,89,14:30-14:50,40.44823928571441
2025-02-03,104,104,17:10-17:20,21.61725654761881
2025-02-03,108,108,17:50-18:00,25.360808333333125
2025-02-03,110,111,18:10-18:30,13.699742261904817
2025-02-03,114,117,18:50-19:30,45.544787499999984
2025-02-03,120,120,19:50-20:00,1.6015916666667636
2025-02-03,122,123,20:10-20:30,30.097870833333218
2025-02-03,127,128,21:00-21:20,19.749725000000126
2025-02-03,130,132,21:30-22:00,12.496249999999804
2025-02-03,134,136,22:10-22:40,56.73961250000002
2025-02-03,139,139,23:00-23:10,24.903699999999958
2025-02-03,142,144,23:30-24:00,99.41791666666666
2025-02-04,3,3,00:20-00:30,62.33634999999981
2025-02-04,6,6,00:50-01:00,25.116841666666573
2025-02-04,9,10,01:20-01:40,36.926450000000045
2025-02-04,13,13,02:00-02:10,5.1549625000000106
2025-02-04,37,38,06:00-06:20,62.67877559523811
2025-02-04,49,50,08:00-08:20,44.84867440476239
2025-02-04,53,54,08:40-09:00,69.12581369047655
2025-02-04,56,57,09:10-09:30,77.55611666666664
2025-02-04,60,60,09:50-10:00,4.0255327380953645
2025-02-04,64,64,10:30-10:40,13.234274999999855
2025-02-04,79,79,13:00-13:10,12.042340476190248
2025-02-04,85,87,14:00-14:30,14.592916666666383
2025-02-04,108,108,17:50-18:00,34.15739999999994
2025-02-04,115,116,19:00-19:20,8.18080000000009
2025-02-04,119,120,19:40-20:00,58.8223999999999
2025-02-04,123,126,20:20-21:00,61.178595833333134
2025-02-04,129,129,21:20-21:30,15.018612500000131
2025-02-04,131,135,21:40-22:30,88.54262083333356
2025-02-04,138,138,22:50-23:00,5.211166666666486
2025-02-04,141,141,23:20-23:30,2.9394083333335175
2025-02-04,144,144,23:50-24:00,9.849029166666583
2025-02-05,7,7,01:00-01:10,31.3208933333334
2025-02-05,10,11,01:30-01:50,46.48418333333325
2025-02-05,14,15,02:10-02:30,41.65659666666647
2025-02-05,37,38,06:00-06:20,59.843303333333374
2025-02-05,40,40,06:30-06:40,19.93206523809543
2025-02-05,48,48,07:50-08:00,12.102588095238048
2025-02-05,51,52,08:20-08:40,10.94817380952395
2025-02-05,55,58,09:00-09:40,99.89387523809557
2025-02-05,61,62,10:00-10:20,65.89033142857141
2025-02-05,65,66,10:40-11:00,8.834945714285595
2025-02-05,70,70,11:30-11:40,101.43763619047616
2025-02-05,84,87,13:50-14:30,76.39496285714307
2025-02-05,105,105,17:20-17:30,29.588033333333215
2025-02-05,109,109,18:00-18:10,36.134817142857415
2025-02-05,113,113,18:40-18:50,12.23439809523802
2025-02-05,115,116,19:00-19:20,5.549546666666743
2025-02-05,119,119,19:40-19:50,0.2877966666665088
2025-02-05,123,123,20:20-20:30,3.4025800000000572
2025-02-05,125,126,20:40-21:00,16.375653333333503
2025-02-05,128,129,21:10-21:30,12.394959999999742
2025-02-05,133,134,22:00-22:20,27.11310083333308
2025-02-05,136,137,22:30-22:50,17.706613333333166
2025-02-05,141,142,23:20-23:40,21.010113333333152
2025-02-06,5,6,00:40-01:00,51.00844666666683
2025-02-06,9,10,01:20-01:40,44.9588
2025-02-06,13,14,02:00-02:20,15.072856666666667
2025-02-06,16,17,02:30-02:50,24.661763333333283
2025-02-06,37,37,06:00-06:10,4.334696666666446
2025-02-06,40,40,06:30-06:40,0.245131904761843
2025-02-06,48,49,07:50-08:10,66.53508047619016
2025-02-06,56,58,09:10-09:40,96.76151333333326
2025-02-06,61,62,10:00-10:20,99.17640142857135
2025-02-06,85,86,14:00-14:20,59.104826666666895
2025-02-06,88,89,14:30-14:50,51.16878523809498
2025-02-06,104,104,17:10-17:20,13.298659999999877
2025-02-06,114,115,18:50-19:10,45.793041428571314
2025-02-06,119,124,19:40-20:40,63.87047333333328
2025-02-06,127,128,21:00-21:20,77.53811333333317
2025-02-06,131,132,21:40-22:00,34.15387666666686
2025-02-06,135,136,22:20-22:40,21.34498333333363
2025-02-06,139,139,23:00-23:10,15.436633333333248
2025-02-06,142,143,23:30-23:50,38.5766900000001
2025-02-07,2,3,00:10-00:30,21.946927777778
2025-02-07,6,6,00:50-01:00,6.36901666666671
2025-02-07,8,9,01:10-01:30,57.22396333333347
2025-02-07,12,15,01:50-02:30,46.83569333333355
2025-02-07,20,22,03:10-03:40,74.45615999999995
2025-02-07,25,26,04:00-04:20,40.7750933333333
2025-02-07,35,35,05:40-05:50,13.140765714285862
2025-02-07,38,41,06:10-06:50,21.434197619047552
2025-02-07,47,51,07:40-08:30,138.7406090476191
2025-02-07,54,54,08:50-09:00,12.447715714285664
2025-02-07,57,57,09:20-09:30,0.40893571428557607
2025-02-07,59,60,09:40-10:00,15.638667619047624
2025-02-07,65,66,10:40-11:00,30.982484761904402
2025-02-07,70,71,11:30-11:50,10.14389714285744
2025-02-07,74,75,12:10-12:30,29.93071095238065
2025-02-07,99,99,16:20-16:30,16.18863095238069
2025-02-07,108,108,17:50-18:00,28.061941666666826
2025-02-07,111,113,18:20-18:50,54.50358333333344
2025-02-07,115,115,19:00-19:10,0.6643942857143657
2025-02-07,118,119,19:30-19:50,38.183623333333344
2025-02-07,123,125,20:20-20:50,31.68345333333332
2025-02-07,127,128,21:00-21:20,5.276496666666731
2025-02-07,134,135,22:10-22:30,53.14645333333334
2025-02-07,138,138,22:50-23:00,8.821716666666816
2025-02-07,140,141,23:10-23:30,20.238193333333527
2025-02-08,2,3,00:10-00:30,32.16648244444423
2025-02-08,11,12,01:40-02:00,23.20035333333334
2025-02-08,17,19,02:40-03:10,66.22719666666671
2025-02-08,23,27,03:40-04:30,56.94671333333338
2025-02-08,35,36,05:40-06:00,5.965389999999786
2025-02-08,38,39,06:10-06:30,34.906795238095356
2025-02-08,42,44,06:50-07:20,114.99798714285726
2025-02-08,55,55,09:00-09:10,0.664307142857183
2025-02-08,57,59,09:20-09:50,92.82031619047586
2025-02-08,61,61,10:00-10:10,7.932137619047694
2025-02-08,66,72,10:50-12:00,166.8185085714283
2025-02-08,75,75,12:20-12:30,41.107541904761774
2025-02-08,97,98,16:00-16:20,19.449724642857063
2025-02-08,101,101,16:40-16:50,20.296910714285872
2025-02-08,108,108,17:50-18:00,10.220852380952351
2025-02-08,112,115,18:30-19:10,70.79132333333308
2025-02-08,118,119,19:30-19:50,26.49862999999999
2025-02-08,121,124,20:00-20:40,56.693016666666665
2025-02-08,127,129,21:00-21:30,74.45866666666689
2025-02-08,132,133,21:50-22:10,35.11189333333351
2025-02-08,137,138,22:40-23:00,43.02537999999993
2025-02-08,141,141,23:20-23:30,21.528896666666697
2025-02-09,3,6,00:20-01:00,31.03509566666628
2025-02-09,9,10,01:20-01:40,33.855690000000095
2025-02-09,13,14,02:00-02:20,19.53093333333311
2025-02-09,17,18,02:40-03:00,13.037123333333625
2025-02-09,20,21,03:10-03:30,16.045520000000124
2025-02-09,24,25,03:50-04:10,46.80494999999962
2025-02-09,28,28,04:30-04:40,47.371686666666506
2025-02-09,37,38,06:00-06:20,9.231360952380783
2025-02-09,42,44,06:50-07:20,48.42005857142864
2025-02-09,50,51,08:10-08:30,29.00524238095204
2025-02-09,54,56,08:50-09:20,69.60572380952362
2025-02-09,59,61,09:40-10:10,38.85224476190493
2025-02-09,64,66,10:30-11:00,165.9158690476191
2025-02-09,70,71,11:30-11:50,78.88822904761957
2025-02-09,78,79,12:50-13:10,48.23439285714312
2025-02-09,83,84,13:40-14:00,45.005601904762045
2025-02-09,87,87,14:20-14:30,7.698737619047392
2025-02-09,92,92,15:10-15:20,27.9438428571425
2025-02-09,96,97,15:50-16:10,27.62195761904735
2025-02-09,109,109,18:00-18:10,7.893719047619015
2025-02-09,115,116,19:00-19:20,39.50446999999997
2025-02-09,118,119,19:30-19:50,10.320283333333464
2025-02-09,121,121,20:00-20:10,2.4824466666667604
2025-02-09,124,126,20:30-21:00,43.88133333333337
2025-02-09,128,129,21:10-21:30,26.7104066666667
2025-02-09,132,133,21:50-22:10,31.69677999999999
2025-02-09,137,138,22:40-23:00,18.3283133333332
2025-02-09,141,143,23:20-23:50,11.46400333333338
2025-02-10,4,4,00:30-00:40,0.13163999999994758
2025-02-10,7,8,01:00-01:20,39.19626333333338
2025-02-10,11,12,01:40-02:00,12.227183333333414
2025-02-10,14,15,02:10-02:30,35.64751000000001
2025-02-10,18,18,02:50-03:00,19.824736666666922
2025-02-10,21,23,03:20-03:50,45.18335000000013
2025-02-10,25,26,04:00-04:20,13.141833333333238
2025-02-10,35,35,05:40-05:50,1.873160285714107
2025-02-10,39,39,06:20-06:30,21.007320952380837
2025-02-10,42,42,06:50-07:00,8.778237142857094
2025-02-10,45,45,07:20-07:30,37.883578571428046
2025-02-10,49,50,08:00-08:20,28.376063809524112
2025-02-10,60,61,09:50-10:10,68.32825571428543
2025-02-10,64,65,10:30-10:50,119.71530428571418
2025-02-10,83,85,13:40-14:10,66.9985133333331
2025-02-10,88,89,14:30-14:50,27.2474776190474
2025-02-10,113,114,18:40-19:00,47.44594000000021
2025-02-10,117,118,19:20-19:40,42.70378999999991
2025-02-10,121,125,20:00-20:50,25.8421133333336
2025-02-10,128,129,21:10-21:30,37.551569999999856
2025-02-10,131,132,21:40-22:00,23.477853333333314
2025-02-10,135,138,22:20-23:00,28.097713333333445
2025-02-10,140,144,23:10-24:00,24.120589999999538
2025-02-11,3,4,00:20-00:40,11.264035555555779
2025-02-11,8,10,01:10-01:40,58.03082666666705
2025-02-11,13,14,02:00-02:20,18.000499999999988
2025-02-11,16,16,02:30-02:40,7.154686666666407
2025-02-11,19,19,03:00-03:10,13.814173333333315
2025-02-11,22,23,03:30-03:50,25.771043333333296
2025-02-11,37,38,06:00-06:20,58.63139666666643
2025-02-11,40,40,06:30-06:40,2.285565714285541
2025-02-11,43,45,07:00-07:30,37.185690476190274
2025-02-11,49,50,08:00-08:20,35.45332047619024
2025-02-11,53,55,08:40-09:10,57.218122857142305
2025-02-11,62,63,10:10-10:30,36.44598000000019
2025-02-11,85,86,14:00-14:20,86.36592142857117
2025-02-11,88,89,14:30-14:50,17.400139523809543
2025-02-11,110,111,18:10-18:30,4.996568095238191
2025-02-11,113,114,18:40-19:00,8.270576190476419
2025-02-11,117,118,19:20-19:40,27.901956666666592
2025-02-11,121,122,20:00-20:20,21.175073333333444
2025-02-11,125,126,20:40-21:00,32.53886666666676
2025-02-11,128,129,21:10-21:30,42.40675666666675
2025-02-11,132,132,21:50-22:00,4.412029999999959
2025-02-11,134,135,22:10-22:30,31.865213333333486
2025-02-11,138,138,22:50-23:00,30.444633333333286
2025-02-11,141,142,23:20-23:40,20.373826666666673
2025-02-12,4,4,00:30-00:40,3.849790418870043
2025-02-12,37,38,06:00-06:20,77.73676047619063
2025-02-12,41,42,06:40-07:00,54.46477333333366
2025-02-12,45,45,07:20-07:30,32.177563809523946
2025-02-12,52,52,08:30-08:40,11.030541428571382
2025-02-12,55,56,09:00-09:20,71.07426666666697
2025-02-12,60,61,09:50-10:10,31.65654380952367
2025-02-12,63,65,10:20-10:50,34.26710857142882
2025-02-12,81,81,13:20-13:30,24.514503968254076
2025-02-12,85,86,14:00-14:20,84.59989190476176
2025-02-12,88,88,14:30-14:40,9.180939047618722
2025-02-12,91,94,15:00-15:40,37.593291004411526
2025-02-12,97,98,16:00-16:20,59.15680476190488
2025-02-12,109,110,18:00-18:20,21.42528539682504
2025-02-12,115,117,19:00-19:30,33.64000000000033
2025-02-12,119,120,19:40-20:00,29.940106666666566
2025-02-12,123,125,20:20-20:50,26.405846666666662
2025-02-12,128,129,21:10-21:30,28.73249333333365
2025-02-12,134,137,22:10-22:50,44.78007666666667
2025-02-12,139,140,23:00-23:20,21.48072666666667
2025-02-13,1,1,00:00-00:10,6.726136666666662
2025-02-13,4,5,00:30-00:50,45.86024666666685
2025-02-13,7,7,01:00-01:10,9.668477959340294
2025-02-13,16,16,02:30-02:40,10.048473333333277
2025-02-13,20,20,03:10-03:20,11.83760222222213
2025-02-13,23,23,03:40-03:50,5.5785699999999
2025-02-13,26,26,04:10-04:20,16.489865087791713
2025-02-13,30,30,04:50-05:00,20.99977777777758
2025-02-13,35,35,05:40-05:50,1.1442140952381123
2025-02-13,38,40,06:10-06:40,53.14364047619045
2025-02-13,43,43,07:00-07:10,8.049061904761885
2025-02-13,46,47,07:30-07:50,10.26628285714304
2025-02-13,54,55,08:50-09:10,12.863809999999887
2025-02-13,62,64,10:10-10:40,84.16939999999977
2025-02-13,84,84,13:50-14:00,17.212557619048003
2025-02-13,87,88,14:20-14:40,33.17023666666638
2025-02-13,107,107,17:40-17:50,4.306192857142755
2025-02-13,112,112,18:30-18:40,15.577613142857217
2025-02-13,115,116,19:00-19:20,50.61790619047633
2025-02-13,118,118,19:30-19:40,12.545619999999985
2025-02-13,122,123,20:10-20:30,19.703413333333174
2025-02-13,126,127,20:50-21:10,18.016573333333213
2025-02-13,130,130,21:30-21:40,7.130333333333283
2025-02-13,134,136,22:10-22:40,35.6352233333331
2025-02-13,140,141,23:10-23:30,14.116000000000213
2025-02-14,1,1,00:00-00:10,8.997250000000008
2025-02-14,4,5,00:30-00:50,38.43051048786799
2025-02-14,12,13,01:50-02:10,44.72708688888878
2025-02-14,16,16,02:30-02:40,1.8956966666666517
2025-02-14,19,22,03:00-03:40,28.14699333333317
2025-02-14,26,27,04:10-04:30,60.12383
2025-02-14,30,30,04:50-05:00,2.2524199999999723
2025-02-14,33,35,05:20-05:50,102.18860999999988
2025-02-14,41,42,06:40-07:00,48.76367285714298
2025-02-14,45,45,07:20-07:30,15.752982857142854
2025-02-14,47,48,07:40-08:00,23.395823809523677
2025-02-14,50,51,08:10-08:30,51.692656190476185
2025-02-14,54,55,08:50-09:10,66.66659952380951
2025-02-14,57,58,09:20-09:40,72.2320233333337
2025-02-14,61,62,10:00-10:20,42.44981523809531
2025-02-14,64,65,10:30-10:50,60.63147190476195
2025-02-14,67,69,11:00-11:30,90.37035714285696
2025-02-14,74,75,12:10-12:30,58.07222047619052
2025-02-14,96,97,15:50-16:10,50.78465261984198
2025-02-14,100,103,16:30-17:10,52.484611904762
2025-02-14,106,107,17:30-17:50,28.82360904761893
2025-02-14,109,109,18:00-18:10,1.048783333333347
2025-02-14,112,112,18:30-18:40,11.217466666666667
2025-02-14,115,115,19:00-19:10,21.33257999999995
2025-02-14,118,119,19:30-19:50,43.64247000000012
2025-02-14,122,123,20:10-20:30,19.744223333333423
2025-02-14,126,128,20:50-21:20,2.465180000000032
2025-02-14,133,133,22:00-22:10,5.5849126666669235
2025-02-14,136,137,22:30-22:50,25.242121333333216
2025-02-14,139,141,23:00-23:30,28.260666666666566
2025-02-14,144,144,23:50-24:00,0.4639666666666926
2025-02-15,4,5,00:30-00:50,44.7605866666666
2025-02-15,8,9,01:10-01:30,4.542343333333292
2025-02-15,12,14,01:50-02:20,49.36142666666666
2025-02-15,16,16,02:30-02:40,6.129259999999988
2025-02-15,22,23,03:30-03:50,42.850633333333406
2025-02-15,28,30,04:30-05:00,42.770333333333404
2025-02-15,32,33,05:10-05:30,28.89149380952375
2025-02-15,35,36,05:40-06:00,51.076641428571634
2025-02-15,41,42,06:40-07:00,9.348137619047634
2025-02-15,44,45,07:10-07:30,50.79523666666637
2025-02-15,48,49,07:50-08:10,51.84554285714307
2025-02-15,52,57,08:30-09:30,97.99440476190455
2025-02-15,61,62,10:00-10:20,79.75863285714308
2025-02-15,66,68,10:50-11:20,144.65113095238098
2025-02-15,72,73,11:50-12:10,37.40291380952385
2025-02-15,95,96,15:40-16:00,32.97082238095223
2025-02-15,100,101,16:30-16:50,44.42203857142843
2025-02-15,104,105,17:10-17:30,17.765129047619197
2025-02-15,108,109,17:50-18:10,19.41090714285724
2025-02-15,112,113,18:30-18:50,28.807528571428577
2025-02-15,117,119,19:20-19:50,61.97992000000016
2025-02-15,122,123,20:10-20:30,4.17113333333333
2025-02-15,126,128,20:50-21:20,49.836350000000095
2025-02-15,134,135,22:10-22:30,65.60259666666673
2025-02-15,139,140,23:00-23:20,19.290159999999787
2025-02-16,4,5,00:30-00:50,54.13531333333333
2025-02-16,9,10,01:20-01:40,42.47886000000017
2025-02-16,14,16,02:10-02:40,44.07992999999999
2025-02-16,20,22,03:10-03:40,58.53453333333323
2025-02-16,25,25,04:00-04:10,15.048823333333416
2025-02-16,29,30,04:40-05:00,50.685748095238296
2025-02-16,36,36,05:50-06:00,26.117986666666866
2025-02-16,39,39,06:20-06:30,18.505009999999857
2025-02-16,42,43,06:50-07:10,12.505154761904421
2025-02-16,46,46,07:30-07:40,28.119580476190947
2025-02-16,49,50,08:00-08:20,71.58929761904744
2025-02-16,54,54,08:50-09:00,15.083854761905059
2025-02-16,56,60,09:10-10:00,84.83649761904783
2025-02-16,62,63,10:10-10:30,38.84668904761915
2025-02-16,66,67,10:50-11:10,22.82370904761899
2025-02-16,70,71,11:30-11:50,63.174383809524215
2025-02-16,76,76,12:30-12:40,29.038802857143082
2025-02-16,82,83,13:30-13:50,42.22582952380992
2025-02-16,88,90,14:30-15:00,97.0111309523808
2025-02-16,102,102,16:50-17:00,24.285652857142978
2025-02-16,105,107,17:20-17:50,40.81167866754832
2025-02-16,110,111,18:10-18:30,29.607946666666606
2025-02-16,113,115,18:40-19:10,45.12439666666654
2025-02-16,119,120,19:40-20:00,52.30962666666676
2025-02-16,123,124,20:20-20:40,4.192399999999793
2025-02-16,127,128,21:00-21:20,42.40249333333327
2025-02-16,130,131,21:30-21:50,23.830606666666426
2025-02-16,134,134,22:10-22:20,3.6697833333334984
2025-02-16,136,138,22:30-23:00,24.230999999999995
2025-02-16,141,142,23:20-23:40,54.7640866666668
2025-02-17,2,2,00:10-00:20,1.4033333333334213
2025-02-17,4,5,00:30-00:50,43.48328333333302
2025-02-17,10,11,01:30-01:50,53.51918666666654
2025-02-17,13,14,02:00-02:20,35.98628365276943
2025-02-17,19,19,03:00-03:10,4.502289999999903
2025-02-17,35,36,05:40-06:00,17.65542928571449
2025-02-17,40,42,06:30-07:00,47.18690476190481
2025-02-17,45,45,07:20-07:30,5.8269409523808235
2025-02-17,49,49,08:00-08:10,4.634009999999762
2025-02-17,53,54,08:40-09:00,54.12696333333338
2025-02-17,57,57,09:20-09:30,5.544391428571657
2025-02-17,59,61,09:40-10:10,69.01977285714247
2025-02-17,64,65,10:30-10:50,56.62847571428574
2025-02-17,73,73,12:00-12:10,26.852420714285245
2025-02-17,85,87,14:00-14:30,81.83240289829553
2025-02-17,89,89,14:40-14:50,14.184058095237901
2025-02-17,102,103,16:50-17:10,16.62330952380934
2025-02-17,110,110,18:10-18:20,4.2968736904760885
2025-02-17,112,113,18:30-18:50,39.29038809523814
2025-02-17,115,116,19:00-19:20,5.598429047618993
2025-02-17,120,122,19:50-20:20,40.271656666666786
2025-02-17,127,130,21:00-21:40,24.788339999999835
2025-02-17,134,135,22:10-22:30,22.52507333333358
2025-02-17,137,139,22:40-23:10,29.978070000000116
2025-02-17,144,144,23:50-24:00,4.2456600000000435
2025-02-18,4,6,00:30-01:00,41.53700000000026
2025-02-18,9,9,01:20-01:30,22.901070000000118
2025-02-18,12,12,01:50-02:00,27.130743333333385
2025-02-18,23,24,03:40-04:00,20.842969111111188
2025-02-18,29,30,04:40-05:00,14.713656190476058
2025-02-18,35,36,05:40-06:00,12.017366047618793
2025-02-18,43,43,07:00-07:10,4.780808571428537
2025-02-18,49,52,08:00-08:40,108.46407333333354
2025-02-18,55,56,09:00-09:20,35.12136238095292
2025-02-18,62,64,10:10-10:40,195.0699304761904
2025-02-18,66,66,10:50-11:00,2.586237619047324
2025-02-18,68,69,11:10-11:30,11.189385238095156
2025-02-18,73,73,12:00-12:10,13.891848333332973
2025-02-18,78,78,12:50-13:00,27.367083333333312
2025-02-18,81,84,13:20-14:00,67.51535599059363
2025-02-18,89,90,14:40-15:00,60.559646666666936
2025-02-18,105,105,17:20-17:30,5.256382047325133
2025-02-18,109,109,18:00-18:10,18.072309999999902
2025-02-18,112,112,18:30-18:40,26.05225666666695
2025-02-18,115,116,19:00-19:20,27.43687142857118
2025-02-18,119,121,19:40-20:10,40.900893333333215
2025-02-18,124,124,20:30-20:40,2.58901666666668
2025-02-18,127,128,21:00-21:20,32.62723000000017
2025-02-18,130,130,21:30-21:40,4.184493333333307
2025-02-18,133,133,22:00-22:10,20.49183333333326
2025-02-18,137,138,22:40-23:00,19.595022666666637
2025-02-18,140,141,23:10-23:30,19.36286999999993
2025-02-18,144,144,23:50-24:00,18.227743333333365
2025-02-19,4,5,00:30-00:50,44.919039999999995
2025-02-19,9,9,01:20-01:30,4.611429111111079
2025-02-19,12,12,01:50-02:00,24.656828888888754
2025-02-19,15,18,02:20-03:00,49.4032133333335
2025-02-19,21,22,03:20-03:40,22.916600000000244
2025-02-19,25,25,04:00-04:10,25.51344999999992
2025-02-19,29,30,04:40-05:00,39.7074800634922
2025-02-19,36,36,05:50-06:00,41.095400000000154
2025-02-19,38,39,06:10-06:30,54.88662571428563
2025-02-19,42,42,06:50-07:00,67.43836095238107
2025-02-19,46,46,07:30-07:40,4.746842222221915
2025-02-19,49,54,08:00-09:00,82.0379047619046
2025-02-19,59,60,09:40-10:00,53.76442047619062
2025-02-19,63,63,10:20-10:30,16.678059047618675
2025-02-19,81,81,13:20-13:30,20.96375000000012
2025-02-19,85,87,14:00-14:30,45.558297619047764
2025-02-19,90,90,14:50-15:00,29.603301428571058
2025-02-19,97,97,16:00-16:10,46.65040857142861
2025-02-19,100,101,16:30-16:50,62.69507567626778
2025-02-19,108,110,17:50-18:20,30.399430478849457
2025-02-19,114,117,18:50-19:30,18.32814952380977
2025-02-19,119,120,19:40-20:00,58.04315333333375
2025-02-19,123,125,20:20-20:50,23.20851999999968
2025-02-19,127,128,21:00-21:20,14.827626666666788
2025-02-19,131,132,21:40-22:00,11.90580999999986
2025-02-19,134,135,22:10-22:30,39.446966666666526
2025-02-19,141,143,23:20-23:50,78.1977133333337
2025-02-20,2,2,00:10-00:20,4.159609999999816
2025-02-20,5,6,00:40-01:00,21.315273333333153
2025-02-20,12,12,01:50-02:00,3.474180000000274
2025-02-20,14,15,02:10-02:30,32.04526999999973
2025-02-20,18,18,02:50-03:00,5.362289999999916
2025-02-20,22,23,03:30-03:50,94.28693000000021
2025-02-20,25,25,04:00-04:10,13.852259999999774
2025-02-20,29,29,04:40-04:50,11.745594825396779
2025-02-20,32,32,05:10-05:20,3.5183423809526175
2025-02-20,37,37,06:00-06:10,28.16591095238084
2025-02-20,40,41,06:30-06:50,52.28515809523822
2025-02-20,43,45,07:00-07:30,48.51889285714276
2025-02-20,47,48,07:40-08:00,11.272317142857162
2025-02-20,51,52,08:20-08:40,45.56158523809461
2025-02-20,55,57,09:00-09:30,45.77019047619035
2025-02-20,59,63,09:40-10:30,150.6617490476188
2025-02-20,66,66,10:50-11:00,11.49006857142831
2025-02-20,71,72,11:40-12:00,52.57703590476194
2025-02-20,87,88,14:20-14:40,42.27795761904776
2025-02-20,103,104,17:00-17:20,27.514706904761915
2025-02-20,106,107,17:30-17:50,11.687744761904662
2025-02-20,110,111,18:10-18:30,47.11322333333351
2025-02-20,115,115,19:00-19:10,13.434133333333307
2025-02-20,118,118,19:30-19:40,11.285206666666681
2025-02-20,121,122,20:00-20:20,49.09482666666645
2025-02-20,125,127,20:40-21:10,52.791386666666654
2025-02-20,130,131,21:30-21:50,9.950950000000148
2025-02-20,133,134,22:00-22:20,10.80453666666665
2025-02-20,137,138,22:40-23:00,55.58666999999991
2025-02-20,143,144,23:40-24:00,34.16150933333347
2025-02-21,4,5,00:30-00:50,64.18337333333318
2025-02-21,8,9,01:10-01:30,33.98841666666664
2025-02-21,11,12,01:40-02:00,66.0877233333332
2025-02-21,15,15,02:20-02:30,6.838263333333259
2025-02-21,18,18,02:50-03:00,0.7673933333333025
2025-02-21,20,21,03:10-03:30,34.81420333333352
2025-02-21,23,24,03:40-04:00,30.400509999999997
2025-02-21,26,27,04:10-04:30,68.27687333333336
2025-02-21,30,30,04:50-05:00,50.42346666666651
2025-02-21,32,33,05:10-05:30,46.19617571428586
2025-02-21,39,41,06:20-06:50,35.71500095238105
2025-02-21,43,46,07:00-07:40,45.80858190476209
2025-02-21,49,51,08:00-08:30,41.47003571428584
2025-02-21,53,55,08:40-09:10,29.423230952381118
2025-02-21,58,59,09:30-09:50,50.73113523809536
2025-02-21,64,65,10:30-10:50,83.04414666666662
2025-02-21,69,72,11:20-12:00,73.66839571428568
2025-02-21,96,96,15:50-16:00,3.6471706349206556
2025-02-21,101,101,16:40-16:50,15.167951464150832
2025-02-21,105,107,17:20-17:50,79.03892619047616
2025-02-21,110,111,18:10-18:30,27.487086666666755
2025-02-21,114,114,18:50-19:00,48.393736190476034
2025-02-21,116,117,19:10-19:30,66.03302666666679
2025-02-21,121,122,20:00-20:20,20.266876666666747
2025-02-21,125,127,20:40-21:10,60.40598
2025-02-21,131,132,21:40-22:00,73.52370333333334
2025-02-21,135,137,22:20-22:50,42.837879999999814
2025-02-21,139,139,23:00-23:10,12.864376666666658
2025-02-21,142,143,23:30-23:50,49.072303333333366
2025-02-22,3,3,00:20-00:30,35.34549666666669
2025-02-22,6,6,00:50-01:00,13.187529999999867
2025-02-22,8,8,01:10-01:20,3.027460000000076
2025-02-22,11,12,01:40-02:00,61.03902333333349
2025-02-22,16,17,02:30-02:50,35.43509333333344
2025-02-22,19,21,03:00-03:30,35.28099999999995
2025-02-22,25,25,04:00-04:10,3.2982866666664563
2025-02-22,30,32,04:50-05:20,41.84352333333323
2025-02-22,35,36,05:40-06:00,44.13295904761918
2025-02-22,38,39,06:10-06:30,16.878100000000018
2025-02-22,42,42,06:50-07:00,28.070253809523763
2025-02-22,47,49,07:40-08:10,66.7165733333332
2025-02-22,53,58,08:40-09:40,120.2257442857142
2025-02-22,61,62,10:00-10:20,46.730730476190615
2025-02-22,68,69,11:10-11:30,165.85703666666677
2025-02-22,73,73,12:00-12:10,42.488967619047116
2025-02-22,76,76,12:30-12:40,15.56978333333268
2025-02-22,95,96,15:40-16:00,66.08662904761906
2025-02-22,99,100,16:20-16:40,34.0444590476188
2025-02-22,103,104,17:00-17:20,54.65001999999995
2025-02-22,106,107,17:30-17:50,52.63780714285721
2025-02-22,111,112,18:20-18:40,35.647080952380975
2025-02-22,115,116,19:00-19:20,46.56138000000004
2025-02-22,118,118,19:30-19:40,14.108503333333317
2025-02-22,121,121,20:00-20:10,8.639183333333335
2025-02-22,124,124,20:30-20:40,25.43652666666651
2025-02-22,128,129,21:10-21:30,67.1205500000001
2025-02-22,131,132,21:40-22:00,13.164119999999969
2025-02-22,135,135,22:20-22:30,1.4383700000000772
2025-02-22,138,138,22:50-23:00,47.06937000000016
2025-02-22,141,144,23:20-24:00,31.895863333333637
2025-02-23,1,1,00:00-00:10,7.995696666666731
2025-02-23,7,9,01:00-01:30,55.070333333333224
2025-02-23,14,16,02:10-02:40,15.301586666666708
2025-02-23,19,20,03:00-03:20,53.463776666666945
2025-02-23,23,24,03:40-04:00,16.23575666666659
2025-02-23,26,28,04:10-04:40,65.77771523809531
2025-02-23,31,32,05:00-05:20,89.74214666666653
2025-02-23,36,37,05:50-06:10,36.719842857142794
2025-02-23,40,41,06:30-06:50,31.25952571428585
2025-02-23,44,46,07:10-07:40,63.44943523809533
2025-02-23,49,49,08:00-08:10,49.64893000000018
2025-02-23,52,52,08:30-08:40,8.141259999999704
2025-02-23,55,61,09:00-10:10,202.48873666666668
2025-02-23,67,68,11:00-11:20,91.0689428571427
2025-02-23,70,75,11:30-12:30,125.722675952381
2025-02-23,83,84,13:40-14:00,69.33869714285716
2025-02-23,88,90,14:30-15:00,76.92384523809514
2025-02-23,93,93,15:20-15:30,15.180523809523493
2025-02-23,102,102,16:50-17:00,2.1520717225161263
2025-02-23,108,109,17:50-18:10,14.554794285714479
2025-02-23,113,114,18:40-19:00,8.701789999999733
2025-02-23,116,117,19:10-19:30,60.68040000000019
2025-02-23,120,121,19:50-20:10,15.446483333333276
2025-02-23,127,128,21:00-21:20,61.67136333333349
2025-02-23,130,131,21:30-21:50,18.06596666666701
2025-02-23,134,135,22:10-22:30,10.115140000000224
2025-02-23,138,141,22:50-23:30,54.67583599999989
2025-02-24,3,4,00:20-00:40,45.750153333333174
2025-02-24,7,8,01:00-01:20,32.13142999999968
2025-02-24,12,13,01:50-02:10,23.407686666666677
2025-02-24,16,19,02:30-03:10,53.829333333333466
2025-02-24,22,23,03:30-03:50,19.509413333333555
2025-02-24,25,25,04:00-04:10,3.0769233333334114
2025-02-24,28,30,04:30-05:00,56.573333333333466
2025-02-24,36,37,05:50-06:10,46.73652428571404
2025-02-24,40,41,06:30-06:50,63.985489047619026
2025-02-24,45,46,07:20-07:40,8.374913492063172
2025-02-24,49,50,08:00-08:20,46.90919190476211
2025-02-24,52,52,08:30-08:40,1.4648299999998358
2025-02-24,55,56,09:00-09:20,29.86010666666698
2025-02-24,59,60,09:40-10:00,112.25029142857173
2025-02-24,63,63,10:20-10:30,20.606700952380834
2025-02-24,65,67,10:40-11:10,55.14743177777882
2025-02-24,85,86,14:00-14:20,21.53445961904734
2025-02-24,88,90,14:30-15:00,27.672857142857453
2025-02-24,94,95,15:30-15:50,40.74282027826763
2025-02-24,97,98,16:00-16:20,3.441857619047653
2025-02-24,100,101,16:30-16:50,28.86046999999968
2025-02-24,104,105,17:10-17:30,26.160412380952174
2025-02-24,109,109,18:00-18:10,1.1918133333332674
2025-02-24,112,112,18:30-18:40,25.081139999999984
2025-02-24,118,119,19:30-19:50,14.648069999999962
2025-02-24,121,123,20:00-20:30,51.79733333333388
2025-02-24,125,126,20:40-21:00,5.280106666666711
2025-02-24,129,130,21:20-21:40,54.364883333333296
2025-02-24,133,133,22:00-22:10,7.073606666666819
2025-02-24,136,137,22:30-22:50,26.872326666666822
2025-02-24,140,141,23:10-23:30,25.053159999999707
2025-02-24,144,144,23:50-24:00,10.693173333333561
2025-02-25,1,1,00:00-00:10,8.44650333333334
2025-02-25,4,5,00:30-00:50,56.36976000000004
2025-02-25,7,7,01:00-01:10,18.073906666666517
2025-02-25,10,10,01:30-01:40,7.76667000000009
2025-02-25,13,14,02:00-02:20,81.20261333333337
2025-02-25,17,19,02:40-03:10,34.266880000000356
2025-02-25,25,25,04:00-04:10,26.04070000000013
2025-02-25,28,31,04:30-05:10,41.40794190476162
2025-02-25,35,35,05:40-05:50,41.94755190476192
2025-02-25,38,39,06:10-06:30,37.55251476190472
2025-02-25,42,43,06:50-07:10,55.70727857142896
2025-02-25,47,47,07:40-07:50,2.7475304761906614
2025-02-25,50,51,08:10-08:30,25.4159476190477
2025-02-25,57,58,09:20-09:40,54.95738619047585
2025-02-25,61,63,10:00-10:30,59.020642857142775
2025-02-25,65,65,10:40-10:50,1.108809047619161
2025-02-25,86,86,14:10-14:20,19.39594247619084
2025-02-25,89,90,14:40-15:00,16.46941238095239
2025-02-25,102,102,16:50-17:00,4.152397501470006
2025-02-25,107,107,17:40-17:50,4.1381599523808745
2025-02-25,109,110,18:00-18:20,17.005635714285713
2025-02-25,113,114,18:40-19:00,78.94966333333355
2025-02-25,117,118,19:20-19:40,13.412968095238057
2025-02-25,121,121,20:00-20:10,20.830926666666528
2025-02-25,124,125,20:30-20:50,35.90035333333333
2025-02-25,127,128,21:00-21:20,30.576949999999897
2025-02-25,131,133,21:40-22:10,43.90774666666664
2025-02-25,136,137,22:30-22:50,19.6400633333335
2025-02-25,139,141,23:00-23:30,58.32113849999973
2025-02-25,144,144,23:50-24:00,0.6551099999999224
2025-02-26,4,5,00:30-00:50,10.736766666666881
2025-02-26,7,10,01:00-01:40,41.232226666666634
2025-02-26,13,14,02:00-02:20,47.576226666666685
2025-02-26,16,16,02:30-02:40,3.1983966666665538
2025-02-26,19,20,03:00-03:20,61.84268333333341
2025-02-26,24,27,03:50-04:30,44.82302333333337
2025-02-26,30,31,04:50-05:10,27.53961047619066
2025-02-26,35,36,05:40-06:00,20.868916666666582
2025-02-26,38,39,06:10-06:30,21.559033333333332
2025-02-26,42,42,06:50-07:00,5.864170952381102
2025-02-26,45,46,07:20-07:40,17.238308095237812
2025-02-26,51,54,08:20-09:00,87.54268809523813
2025-02-26,58,58,09:30-09:40,5.9112666666665135
2025-02-26,61,63,10:00-10:30,62.50296428571437
2025-02-26,65,66,10:40-11:00,102.19232142857118
2025-02-26,73,74,12:00-12:20,9.689223809523583
2025-02-26,83,85,13:40-14:10,25.773334952380868
2025-02-26,88,89,14:30-14:50,100.77699761904753
2025-02-26,92,93,15:10-15:30,20.123361904761623
2025-02-26,95,96,15:40-16:00,54.48863238095237
2025-02-26,101,103,16:40-17:10,23.729390000000038
2025-02-26,106,107,17:30-17:50,61.08482571428578
2025-02-26,110,111,18:10-18:30,56.79963714285725
2025-02-26,114,114,18:50-19:00,60.24740047619059
2025-02-26,118,119,19:30-19:50,57.7182499999999
2025-02-26,124,125,20:30-20:50,13.89183666666679
2025-02-26,128,129,21:10-21:30,17.509889999999928
2025-02-26,134,135,22:10-22:30,54.71028333333322
2025-02-26,138,141,22:50-23:30,41.513192666666555
2025-02-26,144,144,23:50-24:00,12.258946666666588
2025-02-27,4,5,00:30-00:50,47.1501333333332
2025-02-27,7,8,01:00-01:20,20.231243333333282
2025-02-27,11,11,01:40-01:50,2.3146600000000035
2025-02-27,14,15,02:10-02:30,55.591060000000084
2025-02-27,18,21,02:50-03:30,50.34627333333344
2025-02-27,25,26,04:00-04:20,50.32251333333329
2025-02-27,30,30,04:50-05:00,25.8383880952382
2025-02-27,33,33,05:20-05:30,15.589633809523775
2025-02-27,36,37,05:50-06:10,19.46785142857152
2025-02-27,40,40,06:30-06:40,21.819675714285893
2025-02-27,43,44,07:00-07:20,14.148529523809458
2025-02-27,46,46,07:30-07:40,15.875507142856748
2025-02-27,49,50,08:00-08:20,43.50704809523779
2025-02-27,53,55,08:40-09:10,115.58011333333343
2025-02-27,58,59,09:30-09:50,24.370549047618965
2025-02-27,85,87,14:00-14:30,30.18441666666672
2025-02-27,93,93,15:20-15:30,23.264976190476204
2025-02-27,99,99,16:20-16:30,9.797263056663667
2025-02-27,106,106,17:30-17:40,4.032367760140096
2025-02-27,109,111,18:00-18:30,35.07266666666649
2025-02-27,115,116,19:00-19:20,13.788284761905174
2025-02-27,119,120,19:40-20:00,12.730470000000082
2025-02-27,124,125,20:30-20:50,10.077439999999683
2025-02-27,127,129,21:00-21:30,31.76566666666679
2025-02-27,132,133,21:50-22:10,16.63133333333326
2025-02-27,136,139,22:30-23:10,31.28266333333295
2025-02-27,142,143,23:30-23:50,6.578630000000203
2025-02-28,2,3,00:10-00:30,29.50637666666654
2025-02-28,6,7,00:50-01:10,30.488843333333307
2025-02-28,10,10,01:30-01:40,8.710569999999962
2025-02-28,14,15,02:10-02:30,55.824419999999975
2025-02-28,19,20,03:00-03:20,70.61576333333329
2025-02-28,23,24,03:40-04:00,28.044750000000136
2025-02-28,28,29,04:30-04:50,44.04883714285717
2025-02-28,34,35,05:30-05:50,11.75086476190478
2025-02-28,38,38,06:10-06:20,3.920764285714313
2025-02-28,42,46,06:50-07:40,81.41639333333325
2025-02-28,49,50,08:00-08:20,51.554005238095215
2025-02-28,52,53,08:30-08:50,41.01346904761874
2025-02-28,55,56,09:00-09:20,31.930348095237605
2025-02-28,62,63,10:10-10:30,126.23616142857145
2025-02-28,65,66,10:40-11:00,57.644549523809474
2025-02-28,68,69,11:10-11:30,160.61229904761854
2025-02-28,97,101,16:00-16:50,63.85037612218224
2025-02-28,104,105,17:10-17:30,29.747382380952228
2025-02-28,107,108,17:40-18:00,35.849056190476176
2025-02-28,111,111,18:20-18:30,42.29388619047609
2025-02-28,115,117,19:00-19:30,47.62433333333331
2025-02-28,120,120,19:50-20:00,21.838163333333398
2025-02-28,122,123,20:10-20:30,41.51958333333346
2025-02-28,126,127,20:50-21:10,54.274110000000064
2025-02-28,130,131,21:30-21:50,74.3834
2025-02-28,137,140,22:40-23:20,57.556317333333254
2025-02-28,144,144,23:50-24:00,27.14027666666675
2025-03-01,1,1,00:00-00:10,20.76067333333333
2025-03-01,4,5,00:30-00:50,16.902589999999975
2025-03-01,8,9,01:10-01:30,45.93482333333333
2025-03-01,14,15,02:10-02:30,11.853356666666684
2025-03-01,20,21,03:10-03:30,53.698266666666655
2025-03-01,24,25,03:50-04:10,34.335629999999924
2025-03-01,28,29,04:30-04:50,33.97571857142856
2025-03-01,33,35,05:20-05:50,46.114266190476314
2025-03-01,37,37,06:00-06:10,11.926587619047496
2025-03-01,40,40,06:30-06:40,40.40014476190464
2025-03-01,43,48,07:00-08:00,104.32607142857131
2025-03-01,50,54,08:10-09:00,192.38644333333377
2025-03-01,57,57,09:20-09:30,42.382871428571434
2025-03-01,59,60,09:40-10:00,64.89036714285692
2025-03-01,63,65,10:20-10:50,98.71127095238069
2025-03-01,68,69,11:10-11:30,49.23059666666654
2025-03-01,74,74,12:10-12:20,1.8453785714280002
2025-03-01,95,95,15:40-15:50,44.56922238095228
2025-03-01,97,98,16:00-16:20,23.63804571428581
2025-03-01,101,103,16:40-17:10,62.009856190476256
2025-03-01,106,106,17:30-17:40,18.195124761904797
2025-03-01,109,111,18:00-18:30,79.38066666666674
2025-03-01,114,116,18:50-19:20,48.66582761904755
2025-03-01,119,119,19:40-19:50,0.14432999999991125
2025-03-01,122,123,20:10-20:30,26.02330999999998
2025-03-01,126,127,20:50-21:10,65.59676666666661
2025-03-01,131,132,21:40-22:00,34.672393333333275
2025-03-01,135,135,22:20-22:30,16.436523333333298
2025-03-01,139,140,23:00-23:20,37.64674449999984
2025-03-02,2,3,00:10-00:30,27.58691333333354
2025-03-02,6,6,00:50-01:00,7.144069999999942
2025-03-02,8,9,01:10-01:30,15.055433333333553
2025-03-02,12,12,01:50-02:00,12.607803333333209
2025-03-02,15,16,02:20-02:40,49.595846666666375
2025-03-02,19,20,03:00-03:20,13.515806666666435
2025-03-02,23,25,03:40-04:10,28.34755999999993
2025-03-02,29,30,04:40-05:00,8.674830000000219
2025-03-02,32,33,05:10-05:30,26.610116190476308
2025-03-02,37,38,06:00-06:20,4.291428095238189
2025-03-02,41,43,06:40-07:10,37.1180171428571
2025-03-02,47,48,07:40-08:00,66.16996809523806
2025-03-02,50,51,08:10-08:30,49.484823809524244
2025-03-02,53,55,08:40-09:10,39.97245095238094
2025-03-02,58,60,09:30-10:00,71.58072619047617
2025-03-02,62,64,10:10-10:40,45.78663952380947
2025-03-02,66,67,10:50-11:10,106.6418933333332
2025-03-02,70,72,11:30-12:00,188.31927380952413
2025-03-02,75,77,12:20-12:50,73.87985952380939
2025-03-02,80,90,13:10-15:00,2089.016683279243
2025-03-02,92,95,15:10-15:50,46.46909197023774
2025-03-02,100,101,16:30-16:50,31.851070499999906
2025-03-02,103,104,17:00-17:20,73.6441533333336
2025-03-02,106,111,17:30-18:30,204.52043485537916
2025-03-02,113,114,18:40-19:00,390.69162988271506
2025-03-02,116,117,19:10-19:30,34.85296095238084
2025-03-02,122,126,20:10-21:00,404.0175130368166
2025-03-02,128,130,21:10-21:40,102.33524916666579
2025-03-02,134,134,22:10-22:20,12.55352333333326
2025-03-02,136,136,22:30-22:40,5.513069999999971
2025-03-02,139,140,23:00-23:20,38.79545999999982
2025-03-02,142,142,23:30-23:40,18.378953333333584
2025-03-03,1,1,00:00-00:10,5.899443333333238
2025-03-03,4,4,00:30-00:40,27.748436666666635
2025-03-03,7,8,01:00-01:20,46.36825333333343
2025-03-03,10,11,01:30-01:50,34.102869999999825
2025-03-03,16,17,02:30-02:50,33.28117999999995
2025-03-03,19,21,03:00-03:30,57.32666666666637
2025-03-03,28,30,04:30-05:00,58.674666666666795
2025-03-03,32,33,05:10-05:30,14.49800999999988
2025-03-03,36,37,05:50-06:10,52.81458476190471
2025-03-03,43,44,07:00-07:20,73.91228000000027
2025-03-03,47,50,07:40-08:20,32.19238714285666
2025-03-03,52,54,08:30-09:00,54.18996428571438
2025-03-03,56,60,09:10-10:00,153.84576476190463
2025-03-03,65,66,10:40-11:00,23.180432857142705
2025-03-03,68,69,11:10-11:30,100.77174571428577
2025-03-03,75,76,12:20-12:40,25.293339523809664
2025-03-03,78,79,12:50-13:10,11.49051857142831
2025-03-03,82,100,13:30-16:40,1671.093278712837
2025-03-03,102,104,16:50-17:20,50.90265572419857
2025-03-03,106,107,17:30-17:50,32.98092914285728
2025-03-03,110,115,18:10-19:10,494.0248621412671
2025-03-03,118,118,19:30-19:40,18.884680000000003
2025-03-03,121,126,20:00-21:00,447.88924562415156
2025-03-03,129,130,21:20-21:40,58.361565999999925
2025-03-03,132,135,21:50-22:30,18.404479999999694
2025-03-03,141,143,23:20-23:50,49.65544
2025-03-04,2,3,00:10-00:30,17.320936666666626
2025-03-04,6,7,00:50-01:10,10.712923333333379
2025-03-04,10,12,01:30-02:00,59.044333333333384
2025-03-04,16,18,02:30-03:00,19.97299999999973
2025-03-04,20,21,03:10-03:30,44.962869999999725
2025-03-04,24,25,03:50-04:10,58.34603666666703
2025-03-04,28,29,04:30-04:50,25.73788285714282
2025-03-04,33,33,05:20-05:30,16.723123333333206
2025-03-04,37,38,06:00-06:20,19.3127290476192
2025-03-04,42,50,06:50-08:20,132.30946952380916
2025-03-04,53,54,08:40-09:00,15.856740000000059
2025-03-04,58,59,09:30-09:50,36.68538285714263
2025-03-04,62,63,10:10-10:30,93.06018238095226
2025-03-04,66,69,10:50-11:30,153.84807714285785
2025-03-04,73,74,12:00-12:20,70.77107142857085
2025-03-04,76,76,12:30-12:40,2.125918095237921
2025-03-04,85,86,14:00-14:20,43.60397190476143
2025-03-04,88,88,14:30-14:40,7.177313333332933
2025-03-04,94,95,15:30-15:50,26.707726690476193
2025-03-04,97,97,16:00-16:10,9.238620952381154
2025-03-04,102,104,16:50-17:20,44.45752904761903
2025-03-04,111,111,18:20-18:30,4.002466666666464
2025-03-04,113,115,18:40-19:10,12.781376666666688
2025-03-04,117,118,19:20-19:40,27.916241904761932
2025-03-04,121,123,20:00-20:30,45.99366666666663
2025-03-04,125,126,20:40-21:00,9.521766666666736
2025-03-04,129,129,21:20-21:30,2.8655200000004015
2025-03-04,134,135,22:10-22:30,50.661490000000185
2025-03-04,138,139,22:50-23:10,46.53397066666639
2025-03-04,142,143,23:30-23:50,24.41032333333328
2025-03-05,1,1,00:00-00:10,3.264440000000036
2025-03-05,4,6,00:30-01:00,32.243999999999915
2025-03-05,9,9,01:20-01:30,17.22417333333317
2025-03-05,12,12,01:50-02:00,17.73998999999992
2025-03-05,16,17,02:30-02:50,35.47755666666649
2025-03-05,19,20,03:00-03:20,38.62250000000006
2025-03-05,24,25,03:50-04:10,24.99912000000029
2025-03-05,30,32,04:50-05:20,35.496922380952064
2025-03-05,35,36,05:40-06:00,27.8422202619048
2025-03-05,41,42,06:40-07:00,45.51301333333302
2025-03-05,45,45,07:20-07:30,1.540918571428449
2025-03-05,50,50,08:10-08:20,2.6915047619048664
2025-03-05,54,55,08:50-09:10,39.15065714285703
2025-03-05,58,58,09:30-09:40,8.024385714285799
2025-03-05,60,61,09:50-10:10,74.1308771428578
2025-03-05,64,65,10:30-10:50,45.7325900000003
2025-03-05,81,81,13:20-13:30,35.109448095238456
2025-03-05,89,90,14:40-15:00,79.44581190476174
2025-03-05,109,110,18:00-18:20,31.50020605291108
2025-03-05,112,112,18:30-18:40,19.75918428571457
2025-03-05,115,115,19:00-19:10,28.64467333333323
2025-03-05,118,119,19:30-19:50,49.54897333333349
2025-03-05,121,121,20:00-20:10,4.791763333333392
2025-03-05,124,124,20:30-20:40,17.339626666666845
2025-03-05,127,128,21:00-21:20,43.63558999999998
2025-03-05,132,134,21:50-22:20,32.0448439999999
2025-03-05,136,136,22:30-22:40,20.076113333333524
2025-03-05,139,140,23:00-23:20,25.183476666667048
2025-03-05,143,144,23:40-24:00,47.5955133333332
2025-03-06,3,3,00:20-00:30,21.508133333333262
2025-03-06,6,8,00:50-01:20,12.344163333333427
2025-03-06,11,13,01:40-02:10,40.94697666666673
2025-03-06,16,16,02:30-02:40,52.88624666666669
2025-03-06,19,20,03:00-03:20,28.350086666666925
2025-03-06,22,22,03:30-03:40,5.591893333333132
2025-03-06,25,26,04:00-04:20,43.994369523809574
2025-03-06,29,30,04:40-05:00,28.252930000000113
2025-03-06,33,33,05:20-05:30,22.59772666666663
2025-03-06,38,39,06:10-06:30,45.64154523809515
2025-03-06,41,42,06:40-07:00,65.01587857142826
2025-03-06,47,47,07:40-07:50,19.690076666666414
2025-03-06,50,51,08:10-08:30,64.49431238095195
2025-03-06,53,54,08:40-09:00,69.38280476190496
2025-03-06,57,57,09:20-09:30,61.04300619047606
2025-03-06,63,64,10:20-10:40,110.78800523809514
2025-03-06,82,83,13:30-13:50,23.144444095237784
2025-03-06,86,87,14:10-14:30,64.00714000000005
2025-03-06,90,90,14:50-15:00,17.866896666666435
2025-03-06,94,95,15:30-15:50,11.737802380952303
2025-03-06,97,97,16:00-16:10,4.964592380952297
2025-03-06,100,101,16:30-16:50,6.595911904762062
2025-03-06,104,106,17:10-17:40,41.89860584896569
2025-03-06,112,113,18:30-18:50,37.84011000000003
2025-03-06,117,118,19:20-19:40,48.29403285714284
2025-03-06,121,122,20:00-20:20,17.512973333333548
2025-03-06,124,126,20:30-21:00,30.086333333333414
2025-03-06,132,138,21:50-23:00,55.279206666665914
2025-03-06,143,144,23:40-24:00,30.08875666666654
2025-03-07,1,1,00:00-00:10,22.887146666666695
2025-03-07,4,7,00:30-01:10,39.86595999999997
2025-03-07,11,12,01:40-02:00,18.756783333333374
2025-03-07,16,19,02:30-03:10,54.30330333333313
2025-03-07,22,23,03:30-03:50,16.88394666666676
2025-03-07,27,27,04:20-04:30,24.163780000000145
2025-03-07,30,31,04:50-05:10,24.09249285714276
2025-03-07,35,36,05:40-06:00,55.52510999999993
2025-03-07,39,39,06:20-06:30,27.33041952380961
2025-03-07,42,42,06:50-07:00,16.78004809523793
2025-03-07,45,45,07:20-07:30,1.5406900000001258
2025-03-07,49,51,08:00-08:30,87.7053928571429
2025-03-07,54,54,08:50-09:00,9.040988571428443
2025-03-07,56,57,09:10-09:30,93.95359523809543
2025-03-07,66,67,10:50-11:10,79.53947761904783
2025-03-07,95,95,15:40-15:50,7.275451428571337
2025-03-07,101,103,16:40-17:10,67.27590142857127
2025-03-07,106,107,17:30-17:50,53.82789714285715
2025-03-07,109,110,18:00-18:20,23.151603333333412
2025-03-07,112,113,18:30-18:50,30.119989999999916
2025-03-07,115,115,19:00-19:10,18.15925952380951
2025-03-07,118,118,19:30-19:40,25.786934285714153
2025-03-07,121,122,20:00-20:20,20.68504333333317
2025-03-07,125,126,20:40-21:00,57.28655666666651
2025-03-07,130,131,21:30-21:50,33.950283333333346
2025-03-07,134,135,22:10-22:30,36.895216666666556
2025-03-07,140,141,23:10-23:30,45.6125599999998
2025-03-07,144,144,23:50-24:00,16.564616666666552
2025-03-08,1,2,00:00-00:20,12.624783333333255
2025-03-08,5,6,00:40-01:00,23.09169999999989
2025-03-08,9,9,01:20-01:30,16.820873333333395
2025-03-08,11,12,01:40-02:00,42.21389333333332
2025-03-08,16,17,02:30-02:50,39.081906666666725
2025-03-08,20,21,03:10-03:30,20.398703333333287
2025-03-08,24,24,03:50-04:00,5.9638799999999605
2025-03-08,26,28,04:10-04:40,11.996209999999962
2025-03-08,34,34,05:30-05:40,1.9466033333332575
2025-03-08,37,41,06:00-06:50,51.69611428571437
2025-03-08,44,45,07:10-07:30,2.7937199999999507
2025-03-08,49,49,08:00-08:10,9.309929523809274
2025-03-08,52,52,08:30-08:40,16.32972523809508
2025-03-08,55,57,09:00-09:30,79.83064285714295
2025-03-08,60,60,09:50-10:00,4.08495285714298
2025-03-08,62,63,10:10-10:30,59.44463809523859
2025-03-08,65,67,10:40-11:10,64.5518390476193
2025-03-08,98,100,16:10-16:40,46.65205666666657
2025-03-08,103,104,17:00-17:20,5.368506190476253
2025-03-08,106,108,17:30-18:00,49.9334003171103
2025-03-08,111,112,18:20-18:40,27.27805380952384
2025-03-08,116,117,19:10-19:30,10.332234285714321
2025-03-08,120,121,19:50-20:10,23.165226666666626
2025-03-08,125,127,20:40-21:10,29.381663333333393
2025-03-08,129,130,21:20-21:40,29.84619666666663
2025-03-08,133,133,22:00-22:10,27.538620000000037
2025-03-08,136,136,22:30-22:40,37.65361000000007
2025-03-08,139,140,23:00-23:20,21.699483999999984
2025-03-08,142,143,23:30-23:50,16.704943333333404
2025-03-09,2,6,00:10-01:00,30.663896666666915
2025-03-09,8,9,01:10-01:30,22.341690000000085
2025-03-09,12,13,01:50-02:10,32.38634999999999
2025-03-09,17,19,02:40-03:10,45.42721000000006
2025-03-09,21,21,03:20-03:30,1.1919366666667202
2025-03-09,23,24,03:40-04:00,23.573149999999714
2025-03-09,27,30,04:20-05:00,49.44315904761868
2025-03-09,34,34,05:30-05:40,1.3241833333333943
2025-03-09,38,39,06:10-06:30,18.80135047619035
2025-03-09,42,43,06:50-07:10,20.869090000000227
2025-03-09,46,48,07:30-08:00,81.44145238095211
2025-03-09,55,56,09:00-09:20,36.95410095238074
2025-03-09,58,60,09:30-10:00,73.83011904761904
2025-03-09,63,64,10:20-10:40,38.77229904761862
2025-03-09,67,68,11:00-11:20,14.790824666667277
2025-03-09,85,85,14:00-14:10,6.153611904761924
2025-03-09,88,89,14:30-14:50,55.01469571428538
2025-03-09,108,108,17:50-18:00,9.784780000000069
2025-03-09,111,112,18:20-18:40,65.14372380952408
2025-03-09,118,118,19:30-19:40,11.198453333333077
2025-03-09,121,122,20:00-20:20,68.15131333333318
2025-03-09,125,126,20:40-21:00,55.27849666666657
2025-03-09,129,132,21:20-22:00,26.184456666666506
2025-03-09,136,136,22:30-22:40,8.978170000000091
2025-03-09,140,142,23:10-23:40,27.38361000000009
2025-03-10,1,1,00:00-00:10,19.63898000000006
2025-03-10,5,6,00:40-01:00,53.873860000000036
2025-03-10,10,10,01:30-01:40,18.147399999999834
2025-03-10,13,14,02:00-02:20,30.010310000000118
2025-03-10,20,21,03:10-03:30,58.64839666666694
2025-03-10,26,27,04:10-04:30,28.474443333333284
2025-03-10,29,30,04:40-05:00,23.48325666666677
2025-03-10,33,33,05:20-05:30,10.840671904761962
2025-03-10,36,37,05:50-06:10,25.98832095238106
2025-03-10,41,42,06:40-07:00,55.23870523809529
2025-03-10,44,45,07:10-07:30,96.81331761904727
2025-03-10,48,48,07:50-08:00,76.24064999999996
2025-03-10,51,53,08:20-08:50,76.1267580952383
2025-03-10,55,55,09:00-09:10,14.055400952380865
2025-03-10,58,59,09:30-09:50,43.315762380952506
2025-03-10,65,66,10:40-11:00,180.17677428571483
2025-03-10,69,69,11:20-11:30,17.13839333333317
2025-03-10,71,75,11:40-12:30,160.35715952380974
2025-03-10,84,85,13:50-14:10,39.620707619047494
2025-03-10,88,90,14:30-15:00,106.3729999999997
2025-03-10,102,102,16:50-17:00,34.193720761904814
2025-03-10,107,108,17:40-18:00,10.620536857142776
2025-03-10,110,111,18:10-18:30,37.457638571428674
2025-03-10,114,115,18:50-19:10,21.127752857142696
2025-03-10,117,119,19:20-19:50,48.79407333333336
2025-03-10,124,125,20:30-20:50,60.60147333333339
2025-03-10,127,128,21:00-21:20,49.12407333333317
2025-03-10,131,132,21:40-22:00,56.976593333333426
2025-03-10,134,135,22:10-22:30,47.76742666666678
2025-03-10,140,141,23:10-23:30,25.20505333333358
2025-03-10,144,144,23:50-24:00,36.986926666666704
2025-03-11,1,1,00:00-00:10,13.121416666666619
2025-03-11,4,4,00:30-00:40,8.829423333333239
2025-03-11,7,8,01:00-01:20,70.87867666666682
2025-03-11,14,14,02:10-02:20,4.592260000000124
2025-03-11,17,18,02:40-03:00,23.087240000000065
2025-03-11,22,22,03:30-03:40,24.0224433333334
2025-03-11,25,26,04:00-04:20,56.52770809523793
2025-03-11,29,30,04:40-05:00,56.71110666666664
2025-03-11,33,33,05:20-05:30,11.970879999999966
2025-03-11,39,40,06:20-06:40,25.812794285714176
2025-03-11,43,44,07:00-07:20,11.437440476190602
2025-03-11,48,49,07:50-08:10,16.184118571428485
2025-03-11,52,53,08:30-08:50,58.04872761904778
2025-03-11,59,62,09:40-10:20,289.896500476191
2025-03-11,65,65,10:40-10:50,18.985106666666525
2025-03-11,85,86,14:00-14:20,28.055742380952143
2025-03-11,88,90,14:30-15:00,78.48689285714255
2025-03-11,92,93,15:10-15:30,39.48794933333346
2025-03-11,96,97,15:50-16:10,30.988875714285882
2025-03-11,101,102,16:40-17:00,31.61634999999984
2025-03-11,105,107,17:20-17:50,28.67096333333356
2025-03-11,109,110,18:00-18:20,32.49100000000023
2025-03-11,114,114,18:50-19:00,9.545336666666572
2025-03-11,116,117,19:10-19:30,55.272986666666725
2025-03-11,120,121,19:50-20:10,16.13683666666668
2025-03-11,125,128,20:40-21:20,70.84051000000034
2025-03-11,132,133,21:50-22:10,38.92255
2025-03-11,136,136,22:30-22:40,41.84376999999972
2025-03-11,139,140,23:00-23:20,20.43820000000028
2025-03-11,143,144,23:40-24:00,28.782227333332912
2025-03-12,2,3,00:10-00:30,31.22254666666663
2025-03-12,8,11,01:10-01:50,76.21276333333356
2025-03-12,13,13,02:00-02:10,6.887023333333332
2025-03-12,17,18,02:40-03:00,53.73815333333323
2025-03-12,22,23,03:30-03:50,58.60224666666659
2025-03-12,26,28,04:10-04:40,52.730813333333224
2025-03-12,31,31,05:00-05:10,16.078800000000122
2025-03-12,34,35,05:30-05:50,48.778594761904706
2025-03-12,39,40,06:20-06:40,61.26025857142861
2025-03-12,43,45,07:00-07:30,46.68954761904769
2025-03-12,48,50,07:50-08:20,27.97072333333324
2025-03-12,55,55,09:00-09:10,12.511665238095304
2025-03-12,59,65,09:40-10:50,147.8630295238097
2025-03-12,86,86,14:10-14:20,8.364364761904586
2025-03-12,89,90,14:40-15:00,81.93576047619047
2025-03-12,99,99,16:20-16:30,22.472582857142754
2025-03-12,104,105,17:10-17:30,16.783920952380896
2025-03-12,107,108,17:40-18:00,33.945220476190244
2025-03-12,111,111,18:20-18:30,28.951004285714248
2025-03-12,114,115,18:50-19:10,9.46859095238085
2025-03-12,117,118,19:20-19:40,6.886065714285678
2025-03-12,121,122,20:00-20:20,40.27827666666656
2025-03-12,126,127,20:50-21:10,30.332769999999755
2025-03-12,130,133,21:30-22:10,73.87468333333322
2025-03-12,136,137,22:30-22:50,36.009623333333366
2025-03-12,140,141,23:10-23:30,9.873949999999923
2025-03-12,144,144,23:50-24:00,45.679613333333236
2025-03-13,1,1,00:00-00:10,28.247966666666684
2025-03-13,8,9,01:10-01:30,10.667370000000005
2025-03-13,11,12,01:40-02:00,65.48784999999987
2025-03-13,15,18,02:20-03:00,33.19983999999977
2025-03-13,25,26,04:00-04:20,40.68782476190461
2025-03-13,29,30,04:40-05:00,12.732839523809389
2025-03-13,35,36,05:40-06:00,39.19919190476185
2025-03-13,39,39,06:20-06:30,12.081964761904828
2025-03-13,44,45,07:10-07:30,93.37196857142857
2025-03-13,48,48,07:50-08:00,23.933724761904728
2025-03-13,51,53,08:20-08:50,87.07059571428567
2025-03-13,55,62,09:00-10:20,240.5882080952378
2025-03-13,65,66,10:40-11:00,4.740374761904583
2025-03-13,69,69,11:20-11:30,21.362220952380994
2025-03-13,72,73,11:50-12:10,23.32346238095215
2025-03-13,76,77,12:30-12:50,61.81238238095216
2025-03-13,79,80,13:00-13:20,14.212825714285486
2025-03-13,86,86,14:10-14:20,0.6642442857141084
2025-03-13,89,90,14:40-15:00,43.38754238095234
2025-03-13,93,94,15:20-15:40,45.36456333333388
2025-03-13,97,98,16:00-16:20,68.50164904761868
2025-03-13,100,103,16:30-17:10,52.6613128571428
2025-03-13,106,107,17:30-17:50,57.517056190476296
2025-03-13,112,113,18:30-18:50,21.818382857142865
2025-03-13,115,116,19:00-19:20,16.336199047618834
2025-03-13,118,119,19:30-19:50,38.53004666666652
2025-03-13,124,125,20:30-20:50,56.54374999999993
2025-03-13,128,129,21:10-21:30,41.471903333333216
2025-03-13,132,133,21:50-22:10,51.85673333333352
2025-03-13,139,140,23:00-23:20,41.641020000000026
2025-03-14,2,2,00:10-00:20,3.0331533333333027
2025-03-14,5,6,00:40-01:00,60.60007000000002
2025-03-14,9,11,01:20-01:50,68.10182666666674
2025-03-14,16,18,02:30-03:00,76.72866666666675
2025-03-14,23,25,03:40-04:10,58.50580333333329
2025-03-14,28,29,04:30-04:50,37.90803571428569
2025-03-14,32,32,05:10-05:20,2.795049047619159
2025-03-14,35,36,05:40-06:00,63.49306857142858
2025-03-14,39,40,06:20-06:40,3.0024204761905935
2025-03-14,43,43,07:00-07:10,1.9155157142856751
2025-03-14,46,48,07:30-08:00,40.95635714285713
2025-03-14,51,52,08:20-08:40,33.77398476190467
2025-03-14,55,56,09:00-09:20,19.329672857143123
2025-03-14,61,63,10:00-10:30,55.25470238095295
2025-03-14,66,67,10:50-11:10,24.552561428571153
2025-03-14,98,99,16:10-16:30,33.46602999999975
2025-03-14,103,105,17:00-17:30,71.4284642857143
2025-03-14,108,108,17:50-18:00,1.654578571428658
2025-03-14,110,111,18:10-18:30,22.13353619047615
2025-03-14,114,115,18:50-19:10,18.022295714285747
2025-03-14,118,119,19:30-19:50,46.614346666666506
2025-03-14,124,124,20:30-20:40,5.77379666666684
2025-03-14,128,129,21:10-21:30,33.483669999999904
2025-03-14,132,133,21:50-22:10,18.174286666666603
2025-03-14,135,137,22:20-22:50,15.342716666666774
2025-03-14,140,141,23:10-23:30,43.580516666666654
2025-03-15,1,2,00:00-00:20,37.14937000000009
2025-03-15,7,8,01:00-01:20,29.449533333333363
2025-03-15,13,16,02:00-02:40,57.32414999999992
2025-03-15,19,19,03:00-03:10,4.648746666666625
2025-03-15,22,23,03:30-03:50,21.294026666666753
2025-03-15,26,27,04:10-04:30,60.108113333333336
2025-03-15,31,32,05:00-05:20,53.97241000000007
2025-03-15,35,36,05:40-06:00,25.077717619047633
2025-03-15,38,39,06:10-06:30,15.73132476190483
2025-03-15,42,42,06:50-07:00,8.16850380952394
2025-03-15,45,46,07:20-07:40,22.27210333333349
2025-03-15,49,49,08:00-08:10,24.727085238095356
2025-03-15,52,53,08:30-08:50,16.247029523809715
2025-03-15,55,60,09:00-10:00,178.64132142857125
2025-03-15,64,64,10:30-10:40,28.034016190476223
2025-03-15,67,67,11:00-11:10,20.36072428571447
2025-03-15,70,71,11:30-11:50,139.5312257142856
2025-03-15,97,97,16:00-16:10,1.6799271428518523
2025-03-15,104,105,17:10-17:30,8.212900571428705
2025-03-15,107,111,17:40-18:30,78.45126276190445
2025-03-15,115,116,19:00-19:20,13.430056666666701
2025-03-15,120,121,19:50-20:10,58.82784000000015
2025-03-15,124,125,20:30-20:50,54.023310000000095
2025-03-15,129,130,21:20-21:40,17.07833999999997
2025-03-15,133,133,22:00-22:10,21.56529999999998
2025-03-15,136,137,22:30-22:50,53.431273333333365
2025-03-15,140,143,23:10-23:50,53.09312666666665
2025-03-16,1,1,00:00-00:10,2.1906633333333048
2025-03-16,3,3,00:20-00:30,7.77209333333326
2025-03-16,5,7,00:40-01:10,34.22601000000009
2025-03-16,12,13,01:50-02:10,21.587856666666653
2025-03-16,16,19,02:30-03:10,43.69479666666655
2025-03-16,22,23,03:30-03:50,45.946463333333554
2025-03-16,26,27,04:10-04:30,33.1410266666669
2025-03-16,31,36,05:00-06:00,83.43366666666684
2025-03-16,41,47,06:40-07:50,64.86587380952426
2025-03-16,50,51,08:10-08:30,11.285253333333344
2025-03-16,57,59,09:20-09:50,75.83150238095254
2025-03-16,61,61,10:00-10:10,38.95801952380998
2025-03-16,64,64,10:30-10:40,88.11941571428542
2025-03-16,74,74,12:10-12:20,27.99263190476222
2025-03-16,80,80,13:10-13:20,12.114316666666582
2025-03-16,84,84,13:50-14:00,4.0315938095235495
2025-03-16,87,87,14:20-14:30,22.05367666666656
2025-03-16,90,90,14:50-15:00,48.2261514285716
2025-03-16,96,96,15:50-16:00,7.272494426409708
2025-03-16,101,101,16:40-16:50,20.787935714285425
2025-03-16,105,105,17:20-17:30,19.810860858992456
2025-03-16,108,108,17:50-18:00,22.36690095238123
2025-03-16,113,114,18:40-19:00,19.966709047618565
2025-03-16,117,119,19:20-19:50,49.39929285714288
2025-03-16,122,123,20:10-20:30,21.093723333333514
2025-03-16,125,126,20:40-21:00,34.46884666666688
2025-03-16,129,129,21:20-21:30,37.39575666666667
2025-03-16,132,136,21:50-22:40,32.14482999999984
2025-03-16,139,140,23:00-23:20,20.103466666666463
2025-03-16,143,143,23:40-23:50,15.964843333332965
2025-03-17,3,3,00:20-00:30,23.488503333333256
2025-03-17,6,8,00:50-01:20,31.355796666666606
2025-03-17,11,12,01:40-02:00,35.25183666666669
2025-03-17,15,16,02:20-02:40,18.441589999999792
2025-03-17,20,21,03:10-03:30,31.085063333333323
2025-03-17,23,24,03:40-04:00,41.60323666666682
2025-03-17,28,29,04:30-04:50,52.846289047618825
2025-03-17,32,33,05:10-05:30,59.72382142857157
2025-03-17,36,37,05:50-06:10,15.621805714285756
2025-03-17,40,40,06:30-06:40,42.64130333333321
2025-03-17,43,44,07:00-07:20,53.45591142857114
2025-03-17,48,49,07:50-08:10,31.750215714285673
2025-03-17,55,56,09:00-09:20,33.55433047619047
2025-03-17,60,63,09:50-10:30,149.21424714285718
2025-03-17,65,65,10:40-10:50,4.858373333333702
2025-03-17,99,99,16:20-16:30,14.654453333333606
2025-03-17,109,109,18:00-18:10,12.930218571428554
2025-03-17,112,112,18:30-18:40,10.501266190476144
2025-03-17,116,117,19:10-19:30,33.20486809523834
2025-03-17,119,120,19:40-20:00,75.97741333333306
2025-03-17,123,123,20:20-20:30,49.165093333333175
2025-03-17,126,127,20:50-21:10,24.043760000000134
2025-03-17,130,131,21:30-21:50,55.210253333333526
2025-03-17,134,135,22:10-22:30,26.537006666667025
2025-03-17,140,141,23:10-23:30,38.82231866666666
2025-03-18,2,3,00:10-00:30,57.63279666666665
2025-03-18,6,10,00:50-01:40,38.78026333333332
2025-03-18,13,14,02:00-02:20,38.7901366666664
2025-03-18,17,18,02:40-03:00,9.551359999999818
2025-03-18,20,21,03:10-03:30,19.762470000000235
2025-03-18,24,25,03:50-04:10,27.56626904761891
2025-03-18,27,28,04:20-04:40,15.351692380952343
2025-03-18,31,32,05:00-05:20,32.070096666666714
2025-03-18,36,37,05:50-06:10,48.148407619047475
2025-03-18,41,43,06:40-07:10,70.62522285714283
2025-03-18,46,47,07:30-07:50,59.21134904761897
2025-03-18,49,50,08:00-08:20,54.57316190476172
2025-03-18,52,53,08:30-08:50,79.55541285714321
2025-03-18,55,55,09:00-09:10,3.078272857142963
2025-03-18,59,60,09:40-10:00,50.80712571428557
2025-03-18,64,64,10:30-10:40,7.180519999999888
2025-03-18,67,68,11:00-11:20,18.468703714284402
2025-03-18,86,87,14:10-14:30,15.925439142857506
2025-03-18,109,111,18:00-18:30,44.22767351369145
2025-03-18,114,116,18:50-19:20,28.94851476190479
2025-03-18,121,125,20:00-20:50,25.125919999999724
2025-03-18,129,132,21:20-22:00,63.91778666666664
2025-03-18,134,135,22:10-22:30,9.590226666666581
2025-03-18,137,138,22:40-23:00,29.54269333333309
2025-03-18,142,143,23:30-23:50,63.66461666666669
2025-03-19,1,1,00:00-00:10,15.761636666666618
2025-03-19,4,5,00:30-00:50,45.96491666666657
2025-03-19,8,9,01:10-01:30,15.790050000000065
2025-03-19,11,12,01:40-02:00,62.437119999999936
2025-03-19,16,17,02:30-02:50,23.0238966666667
2025-03-19,22,22,03:30-03:40,18.18829333333349
2025-03-19,25,26,04:00-04:20,16.93841666666655
2025-03-19,29,29,04:40-04:50,0.8323780952381412
2025-03-19,33,36,05:20-06:00,55.85707333333343
2025-03-19,42,42,06:50-07:00,23.733238095237937
2025-03-19,45,46,07:20-07:40,58.17899904761913
2025-03-19,49,50,08:00-08:20,69.09678380952357
2025-03-19,53,55,08:40-09:10,47.61570523809539
2025-03-19,61,62,10:00-10:20,9.809190000000171
2025-03-19,64,64,10:30-10:40,4.876810476190258
2025-03-19,87,88,14:20-14:40,62.67298733333355
2025-03-19,113,114,18:40-19:00,33.89676333333344
2025-03-19,118,122,19:30-20:20,20.207519999999704
2025-03-19,124,126,20:30-21:00,3.7726666666665096
2025-03-19,129,133,21:20-22:10,31.502950000000055
2025-03-19,136,140,22:30-23:20,30.616278000000193
2025-03-19,143,143,23:40-23:50,8.324703333333446
2025-03-20,2,3,00:10-00:30,73.12346666666667
2025-03-20,6,9,00:50-01:30,72.01712333333342
2025-03-20,12,12,01:50-02:00,14.258306666666499
2025-03-20,15,16,02:20-02:40,44.1896999999999
2025-03-20,19,20,03:00-03:20,47.66947666666647
2025-03-20,24,24,03:50-04:00,4.742633333333401
2025-03-20,27,30,04:20-05:00,41.79288333333337
2025-03-20,35,36,05:40-06:00,63.61799952380909
2025-03-20,39,41,06:20-06:50,10.476079999999826
2025-03-20,45,45,07:20-07:30,29.78750952380949
2025-03-20,48,50,07:50-08:20,89.87332571428584
2025-03-20,53,55,08:40-09:10,46.42843476190467
2025-03-20,59,60,09:40-10:00,56.481692857143116
2025-03-20,63,63,10:20-10:30,1.2504747619045702
2025-03-20,67,68,11:00-11:20,105.2460633333335
2025-03-20,75,75,12:20-12:30,11.21783257142829
2025-03-20,89,90,14:40-15:00,61.836827142857345
2025-03-20,92,92,15:10-15:20,2.793829440347963
2025-03-20,95,97,15:40-16:10,36.823912857143
2025-03-20,100,101,16:30-16:50,18.60957761904757
2025-03-20,103,103,17:00-17:10,5.0213447619050555
2025-03-20,108,110,17:50-18:20,50.29927380952383
2025-03-20,112,114,18:30-19:00,81.58899999999994
2025-03-20,118,121,19:30-20:10,65.36371666666662
2025-03-20,124,124,20:30-20:40,7.608913333333476
2025-03-20,127,129,21:00-21:30,63.805000000000405
2025-03-20,132,132,21:50-22:00,11.873419999999896
2025-03-20,138,139,22:50-23:10,10.526506666666592
2025-03-20,141,143,23:20-23:50,60.88284333333331
2025-03-21,2,3,00:10-00:30,35.316023333333305
2025-03-21,7,9,01:00-01:30,37.704666666666526
2025-03-21,13,14,02:00-02:20,18.378023333333317
2025-03-21,16,17,02:30-02:50,28.095546666666564
2025-03-21,21,22,03:20-03:40,30.022313333333273
2025-03-21,26,27,04:10-04:30,34.9605680952381
2025-03-21,30,32,04:50-05:20,45.92672666666662
2025-03-21,35,36,05:40-06:00,6.5270690476190225
2025-03-21,39,40,06:20-06:40,38.53659190476202
2025-03-21,44,45,07:10-07:30,5.409968095238057
2025-03-21,48,51,07:50-08:30,63.882396190476015
2025-03-21,54,57,08:50-09:30,136.40302047619048
2025-03-21,60,61,09:50-10:10,49.13935619047629
2025-03-21,65,66,10:40-11:00,56.67068095238119
2025-03-21,108,110,17:50-18:20,30.51453523809522
2025-03-21,112,114,18:30-19:00,43.09033333333315
2025-03-21,117,119,19:20-19:50,37.349486666666905
2025-03-21,122,123,20:10-20:30,27.71677666666659
2025-03-21,128,130,21:10-21:40,41.67432333333352
2025-03-21,133,135,22:00-22:30,61.145067333333714
2025-03-21,138,138,22:50-23:00,10.513020000000097
2025-03-21,140,141,23:10-23:30,57.950406666666595
2025-03-21,144,144,23:50-24:00,10.437859333333336
2025-03-22,2,3,00:10-00:30,9.370013333333361
2025-03-22,5,6,00:40-01:00,14.676483333333465
2025-03-22,9,10,01:20-01:40,67.46062666666671
2025-03-22,14,17,02:10-02:50,59.55111333333343
2025-03-22,21,21,03:20-03:30,6.886063333333311
2025-03-22,24,26,03:50-04:20,33.10260666666659
2025-03-22,28,29,04:30-04:50,19.374703333333343
2025-03-22,31,31,05:00-05:10,9.55821047619034
2025-03-22,34,35,05:30-05:50,15.595956666666615
2025-03-22,38,39,06:10-06:30,16.023619523809487
2025-03-22,42,43,06:50-07:10,35.56127238095212
2025-03-22,46,47,07:30-07:50,32.79944190476208
2025-03-22,49,50,08:00-08:20,47.92664047619019
2025-03-22,52,54,08:30-09:00,125.13209523809508
2025-03-22,57,59,09:20-09:50,90.67770761904762
2025-03-22,63,63,10:20-10:30,10.683733809524028
2025-03-22,66,66,10:50-11:00,64.96754095238111
2025-03-22,68,69,11:10-11:30,76.89613142857138
2025-03-22,96,96,15:50-16:00,4.036877142857044
2025-03-22,101,104,16:40-17:20,49.66295714285704
2025-03-22,107,108,17:40-18:00,34.13589238095236
2025-03-22,110,111,18:10-18:30,23.240820000000156
2025-03-22,114,114,18:50-19:00,27.341758095238163
2025-03-22,119,120,19:40-20:00,35.11688666666663
2025-03-22,123,123,20:20-20:30,22.43592333333322
2025-03-22,128,129,21:10-21:30,7.638223333333372
2025-03-22,131,132,21:40-22:00,14.702553333333356
2025-03-22,134,135,22:10-22:30,22.708646666666823
2025-03-22,138,138,22:50-23:00,6.003203333333204
2025-03-22,140,141,23:10-23:30,37.91326333333336
2025-03-23,3,5,00:20-00:50,30.251196666666715
2025-03-23,8,9,01:10-01:30,12.709246666666786
2025-03-23,12,12,01:50-02:00,8.9445566666667
2025-03-23,14,16,02:10-02:40,16.442020000000298
2025-03-23,20,21,03:10-03:30,50.36324000000013
2025-03-23,24,25,03:50-04:10,36.438034285714444
2025-03-23,28,29,04:30-04:50,6.890329999999998
2025-03-23,31,32,05:00-05:20,15.636716666666503
2025-03-23,35,37,05:40-06:10,48.37278999999978
2025-03-23,41,41,06:40-06:50,3.7498252380953545
2025-03-23,45,48,07:20-08:00,74.6168323809523
2025-03-23,53,58,08:40-09:40,221.16153142857155
2025-03-23,64,66,10:30-11:00,151.03153571428606
2025-03-23,69,69,11:20-11:30,27.879590476190288
2025-03-23,72,75,11:50-12:30,121.62388009523806
2025-03-23,77,78,12:40-13:00,109.15606190476228
2025-03-23,105,105,17:20-17:30,15.537689977688245
2025-03-23,108,108,17:50-18:00,15.780715238095194
2025-03-23,111,114,18:20-19:00,13.682692868901825
2025-03-23,116,117,19:10-19:30,25.72850000000028
2025-03-23,119,120,19:40-20:00,14.233636666666598
2025-03-23,122,123,20:10-20:30,73.90818333333334
2025-03-23,125,126,20:40-21:00,42.24271666666709
2025-03-23,129,129,21:20-21:30,31.035066666666694
2025-03-23,131,132,21:40-22:00,44.1658299999998
2025-03-23,135,136,22:20-22:40,15.382486666666637
2025-03-23,139,139,23:00-23:10,2.764073333333272
2025-03-23,142,144,23:30-24:00,29.83166666666716
2025-03-24,1,1,00:00-00:10,23.220166666666728
2025-03-24,4,5,00:30-00:50,33.69383666666681
2025-03-24,8,9,01:10-01:30,13.718825122635053
2025-03-24,11,12,01:40-02:00,11.588176666666527
2025-03-24,14,15,02:10-02:30,40.24559457613361
2025-03-24,18,18,02:50-03:00,19.2336866666667
2025-03-24,21,22,03:20-03:40,20.141383333333124
2025-03-24,25,27,04:00-04:30,23.41633333333331
2025-03-24,30,32,04:50-05:20,47.70260666666671
2025-03-24,38,38,06:10-06:20,1.9519709523809752
2025-03-24,43,44,07:00-07:20,26.918335238095267
2025-03-24,47,48,07:40-08:00,45.18864380952397
2025-03-24,51,51,08:20-08:30,35.530330476190386
2025-03-24,55,56,09:00-09:20,40.17609238095257
2025-03-24,62,66,10:10-11:00,84.55939428571469
2025-03-24,70,71,11:30-11:50,55.54778428571376
2025-03-24,74,75,12:10-12:30,75.76461238095203
2025-03-24,87,87,14:20-14:30,33.046463333333236
2025-03-24,89,90,14:40-15:00,42.331253809523645
2025-03-24,96,96,15:50-16:00,30.939029523809495
2025-03-24,99,99,16:20-16:30,34.442191904761614
2025-03-24,103,105,17:00-17:30,46.25365751945799
2025-03-24,108,109,17:50-18:10,29.46894285714243
2025-03-24,114,116,18:50-19:20,24.605257619047734
2025-03-24,119,120,19:40-20:00,13.23190999999997
2025-03-24,123,125,20:20-20:50,18.4929699999999
2025-03-24,128,129,21:10-21:30,12.471316666666553
2025-03-24,132,135,21:50-22:30,27.99481133333336
2025-03-24,137,138,22:40-23:00,53.737136666666856
2025-03-24,142,143,23:30-23:50,98.05579200000034
2025-03-25,2,2,00:10-00:20,9.011390000000006
2025-03-25,5,6,00:40-01:00,42.45065666666687
2025-03-25,9,10,01:20-01:40,73.1258633333332
2025-03-25,13,13,02:00-02:10,28.753180000000043
2025-03-25,16,17,02:30-02:50,56.374016666666535
2025-03-25,19,19,03:00-03:10,30.655740000000037
2025-03-25,22,23,03:30-03:50,86.97110333333319
2025-03-25,28,29,04:30-04:50,33.73390333333346
2025-03-25,31,33,05:00-05:30,44.28300000000009
2025-03-25,38,39,06:10-06:30,39.763902380952686
2025-03-25,41,42,06:40-07:00,19.19420238095205
2025-03-25,45,45,07:20-07:30,5.061056190476336
2025-03-25,50,51,08:10-08:30,48.18115952380964
2025-03-25,53,54,08:40-09:00,83.66145523809536
2025-03-25,57,65,09:20-10:50,245.63080000000028
2025-03-25,69,70,11:20-11:40,78.96325276190419
2025-03-25,74,75,12:10-12:30,15.409710000000132
2025-03-25,78,79,12:50-13:10,48.98398571428561
2025-03-25,84,85,13:50-14:10,66.26227095238073
2025-03-25,88,89,14:30-14:50,14.892075296885515
2025-03-25,92,92,15:10-15:20,5.537080476190795
2025-03-25,100,101,16:30-16:50,55.96323811577207
2025-03-25,112,114,18:30-19:00,11.033904571428423
2025-03-25,116,117,19:10-19:30,46.71036333333336
2025-03-25,120,122,19:50-20:20,27.142541428571576
2025-03-25,126,127,20:50-21:10,35.07447000000013
2025-03-25,131,132,21:40-22:00,21.32925666666688
2025-03-25,135,136,22:20-22:40,48.90723333333335
2025-03-25,139,140,23:00-23:20,30.21070666666651
2025-03-25,143,144,23:40-24:00,22.007256666666763
2025-03-26,3,3,00:20-00:30,29.78051333333326
2025-03-26,7,7,01:00-01:10,21.7437433333331
2025-03-26,10,11,01:30-01:50,38.47716333333335
2025-03-26,14,15,02:10-02:30,25.76508333333345
2025-03-26,18,19,02:50-03:10,49.766610000000014
2025-03-26,22,23,03:30-03:50,52.02413333333345
2025-03-26,26,27,04:10-04:30,39.490761904761825
2025-03-26,30,34,04:50-05:40,61.55174047619095
2025-03-26,40,41,06:30-06:50,10.49677999999966
2025-03-26,44,47,07:10-07:50,81.37087761904758
2025-03-26,49,49,08:00-08:10,7.850522857143233
2025-03-26,52,53,08:30-08:50,18.76302333333348
2025-03-26,57,57,09:20-09:30,7.732471904761951
2025-03-26,61,61,10:00-10:10,41.72220904761912
2025-03-26,64,64,10:30-10:40,24.711100476190495
2025-03-26,68,68,11:10-11:20,8.852592512514093
2025-03-26,73,73,12:00-12:10,35.56653723809541
2025-03-26,108,108,17:50-18:00,15.216414761904637
2025-03-26,113,114,18:40-19:00,35.423749999999956
2025-03-26,117,118,19:20-19:40,15.172593333333225
2025-03-26,121,122,20:00-20:20,17.043153333333407
2025-03-26,126,127,20:50-21:10,19.94109666666668
2025-03-26,130,130,21:30-21:40,20.721806666666453
2025-03-26,133,134,22:00-22:20,62.121662000000015
2025-03-26,137,137,22:40-22:50,11.738606666666783
2025-03-26,140,141,23:10-23:30,55.58013733333314
2025-03-27,4,4,00:30-00:40,2.691353999999933
2025-03-27,7,9,01:00-01:30,53.30781746501975
2025-03-27,12,15,01:50-02:30,52.15638999999999
2025-03-27,20,21,03:10-03:30,19.918610000000058
2025-03-27,23,24,03:40-04:00,42.867196666666814
2025-03-27,27,28,04:20-04:40,47.96342619047607
2025-03-27,34,35,05:30-05:50,21.52499904761885
2025-03-27,38,39,06:10-06:30,44.41226428571406
2025-03-27,47,49,07:40-08:10,81.39359285714261
2025-03-27,53,54,08:40-09:00,52.72621190476201
2025-03-27,57,57,09:20-09:30,2.7831461904760104
2025-03-27,60,61,09:50-10:10,85.74100142857083
2025-03-27,64,65,10:30-10:50,172.17410857142886
2025-03-27,70,70,11:30-11:40,15.1959957142858
2025-03-27,95,95,15:40-15:50,6.9290469523811
2025-03-27,97,98,16:00-16:20,17.57071190476188
2025-03-27,100,100,16:30-16:40,15.447851904762103
2025-03-27,108,109,17:50-18:10,25.434318095238055
2025-03-27,112,114,18:30-19:00,58.54456725864269
2025-03-27,118,120,19:30-20:00,49.94899999999973
2025-03-27,123,124,20:20-20:40,35.15112000000033
2025-03-27,127,131,21:00-21:50,55.66485666666654
2025-03-27,135,139,22:20-23:10,36.67088999999987
2025-03-27,143,144,23:40-24:00,5.60666121540703
2025-03-28,4,5,00:30-00:50,25.207600427983834
2025-03-28,7,7,01:00-01:10,33.299423333333266
2025-03-28,10,11,01:30-01:50,41.730189999999936
2025-03-28,14,15,02:10-02:30,6.463933333333273
2025-03-28,18,19,02:50-03:10,37.28325000000001
2025-03-28,25,25,04:00-04:10,1.8045200000000818
2025-03-28,28,28,04:30-04:40,2.3265142857143815
2025-03-28,32,33,05:10-05:30,50.93072666666683
2025-03-28,38,39,06:10-06:30,18.807311428571097
2025-03-28,42,44,06:50-07:20,76.81104761904751
2025-03-28,46,47,07:30-07:50,69.25213333333329
2025-03-28,51,52,08:20-08:40,19.594183809523656
2025-03-28,55,55,09:00-09:10,36.68972428571442
2025-03-28,58,59,09:30-09:50,85.07547809523862
2025-03-28,64,64,10:30-10:40,16.987964761904777
2025-03-28,67,68,11:00-11:20,40.571724190476516
2025-03-28,98,98,16:10-16:20,14.262601428571443
2025-03-28,101,101,16:40-16:50,8.111463809523741
2025-03-28,105,105,17:20-17:30,0.20680304761899038
2025-03-28,109,110,18:00-18:20,21.208854761904547
2025-03-28,115,116,19:00-19:20,54.751361904761836
2025-03-28,120,120,19:50-20:00,0.8950328571428372
2025-03-28,122,123,20:10-20:30,22.47189666666668
2025-03-28,127,128,21:00-21:20,95.29457666666673
2025-03-28,134,134,22:10-22:20,16.9616433333332
2025-03-28,136,137,22:30-22:50,26.276836666666668
2025-03-28,140,143,23:10-23:50,40.39631666666651
2025-03-29,1,1,00:00-00:10,15.245964666666623
2025-03-29,5,6,00:40-01:00,40.15086666666684
2025-03-29,8,9,01:10-01:30,26.82443333333339
2025-03-29,12,13,01:50-02:10,19.55040666666673
2025-03-29,17,18,02:40-03:00,31.652066666666713
2025-03-29,21,21,03:20-03:30,16.628153333333387
2025-03-29,25,26,04:00-04:20,43.40425333333343
2025-03-29,28,30,04:30-05:00,21.490333333333353
2025-03-29,33,33,05:20-05:30,2.963020952380873
2025-03-29,37,42,06:00-07:00,63.08019047619061
2025-03-29,46,47,07:30-07:50,6.831917142857037
2025-03-29,51,52,08:20-08:40,38.88538095238084
2025-03-29,56,57,09:10-09:30,26.3532704761908
2025-03-29,59,60,09:40-10:00,91.40199952380954
2025-03-29,62,63,10:10-10:30,27.553192380952623
2025-03-29,97,98,16:00-16:20,62.45689761904776
2025-03-29,103,104,17:00-17:20,5.323131428571486
2025-03-29,108,110,17:50-18:20,65.24027095238085
2025-03-29,112,113,18:30-18:50,21.918335714285718
2025-03-29,116,117,19:10-19:30,29.63045047619056
2025-03-29,119,120,19:40-20:00,74.00144571428581
2025-03-29,123,124,20:20-20:40,6.141080000000102
2025-03-29,127,127,21:00-21:10,4.237526666666724
2025-03-29,131,132,21:40-22:00,29.568703333333417
2025-03-29,134,135,22:10-22:30,17.435906666666654
2025-03-29,138,138,22:50-23:00,1.3625700000000052
2025-03-29,141,141,23:20-23:30,17.901536666666743
2025-03-29,144,144,23:50-24:00,16.948206666666692
2025-03-30,1,1,00:00-00:10,23.185396666666747
2025-03-30,7,7,01:00-01:10,2.633303333333288
2025-03-30,10,12,01:30-02:00,97.70566666666662
2025-03-30,17,18,02:40-03:00,61.47546666666676
2025-03-30,21,23,03:20-03:50,69.08200999999997
2025-03-30,25,25,04:00-04:10,8.833567619047699
2025-03-30,29,32,04:40-05:20,50.8729266666665
2025-03-30,37,38,06:00-06:20,29.551345238094882
2025-03-30,41,43,06:40-07:10,41.09253333333345
2025-03-30,46,47,07:30-07:50,15.544189999999958
2025-03-30,50,54,08:10-09:00,71.37602999999987
2025-03-30,58,61,09:30-10:10,107.89832000000024
2025-03-30,66,66,10:50-11:00,16.55806857142852
2025-03-30,70,71,11:30-11:50,82.49835761904774
2025-03-30,77,77,12:40-12:50,22.20479809523772
2025-03-30,86,86,14:10-14:20,28.6643569523809
2025-03-30,92,92,15:10-15:20,7.629164285713955
2025-03-30,96,96,15:50-16:00,2.6891603107433184
2025-03-30,110,110,18:10-18:20,25.6043661904763
2025-03-30,115,116,19:00-19:20,51.96435285714256
2025-03-30,119,120,19:40-20:00,42.81981285714289
2025-03-30,123,124,20:20-20:40,30.858743333333223
2025-03-30,127,128,21:00-21:20,32.95147333333341
2025-03-30,133,134,22:00-22:20,34.25929866666638
2025-03-30,136,137,22:30-22:50,14.297559999999748
2025-03-30,140,141,23:10-23:30,30.02059000000031
2025-03-31,1,1,00:00-00:10,18.316004666666686
2025-03-31,5,6,00:40-01:00,37.28161333333321
2025-03-31,9,11,01:20-01:50,58.71989666666627
2025-03-31,14,15,02:10-02:30,14.905240000000163
2025-03-31,18,18,02:50-03:00,11.50192666666669
2025-03-31,22,22,03:30-03:40,1.7507666666667774
2025-03-31,25,25,04:00-04:10,21.729470476190613
2025-03-31,28,29,04:30-04:50,75.2366904761902
2025-03-31,32,35,05:10-05:50,48.869863333333285
2025-03-31,39,39,06:20-06:30,29.059499047618942
2025-03-31,42,45,06:50-07:30,38.324160952380794
2025-03-31,50,51,08:10-08:30,28.305330476190534
2025-03-31,56,59,09:10-09:50,111.72212333333323
2025-03-31,62,63,10:10-10:30,108.67167666666705
2025-03-31,67,74,11:00-12:20,163.82416085714272
2025-03-31,88,88,14:30-14:40,53.47677761904773
2025-03-31,91,91,15:00-15:10,29.031520476190735
2025-03-31,94,95,15:30-15:50,66.93142190476192
2025-03-31,98,100,16:10-16:40,89.90351476190466
2025-03-31,105,106,17:20-17:40,9.478694285713829
2025-03-31,109,110,18:00-18:20,28.031151904761664
2025-03-31,113,114,18:40-19:00,24.967817142856916
2025-03-31,116,117,19:10-19:30,46.21798666666621
2025-03-31,120,121,19:50-20:10,18.74463333333324
2025-03-31,125,126,20:40-21:00,73.76900999999964
2025-03-31,129,129,21:20-21:30,36.378793333333306
2025-03-31,132,132,21:50-22:00,25.843249999999898
2025-03-31,137,137,22:40-22:50,5.0980899999999565
2025-03-31,140,141,23:10-23:30,46.71286666666697
2025-04-01,1,1,00:00-00:10,14.920993333333286
2025-04-01,4,5,00:30-00:50,27.05815333333362
2025-04-01,8,9,01:10-01:30,44.615633333333335
2025-04-01,12,13,01:50-02:10,43.72202333333337
2025-04-01,15,17,02:20-02:50,24.49440666666635
2025-04-01,21,22,03:20-03:40,22.95562999999993
2025-04-01,26,29,04:10-04:50,43.04379333333326
2025-04-01,33,34,05:20-05:40,12.943303333333233
2025-04-01,37,37,06:00-06:10,15.622901904761648
2025-04-01,40,41,06:30-06:50,33.3921723809525
2025-04-01,47,48,07:40-08:00,47.85340619047611
2025-04-01,51,51,08:20-08:30,30.68330285714279
2025-04-01,54,57,08:50-09:30,174.33015095238113
2025-04-01,59,60,09:40-10:00,82.94921714285738
2025-04-01,63,69,10:20-11:30,315.51612809523795
2025-04-01,72,72,11:50-12:00,29.35974523809523
2025-04-01,75,76,12:20-12:40,38.413073333333614
2025-04-01,81,82,13:20-13:40,51.77897190476165
2025-04-01,87,89,14:20-14:50,163.38348495238085
2025-04-01,91,92,15:00-15:20,87.09806742857165
2025-04-01,95,96,15:40-16:00,30.788967619047753
2025-04-01,98,99,16:10-16:30,22.213202095238103
2025-04-01,102,103,16:50-17:10,35.28243428571457
2025-04-01,106,109,17:30-18:10,95.30132685714258
2025-04-01,112,115,18:30-19:10,297.9550096190462
2025-04-01,118,118,19:30-19:40,16.57462000000021
2025-04-01,121,125,20:00-20:50,804.2741627482618
2025-04-01,129,130,21:20-21:40,65.4542133333332
2025-04-01,134,134,22:10-22:20,6.229093333333367
2025-04-01,137,138,22:40-23:00,45.51580333333368
2025-04-01,141,141,23:20-23:30,2.979990000000271
2025-04-01,143,144,23:40-24:00,31.203604666666706
2025-04-02,1,1,00:00-00:10,33.1640533333333
2025-04-02,8,9,01:10-01:30,9.209069999999883
2025-04-02,12,13,01:50-02:10,38.80095999999992
2025-04-02,16,17,02:30-02:50,39.320093333333375
2025-04-02,19,20,03:00-03:20,29.732039999999984
2025-04-02,22,23,03:30-03:50,26.10298000000023
2025-04-02,27,29,04:20-04:50,11.982840476190383
2025-04-02,32,33,05:10-05:30,23.62968857142849
2025-04-02,43,44,07:00-07:20,67.22525714285706
2025-04-02,46,50,07:30-08:20,98.13985809523808
2025-04-02,53,61,08:40-10:10,1176.4633659733295
2025-04-02,63,64,10:20-10:40,80.8084085714288
2025-04-02,67,68,11:00-11:20,17.731914761904818
2025-04-02,71,72,11:40-12:00,88.25485238095257
2025-04-02,76,76,12:30-12:40,58.383038095238135
2025-04-02,80,80,13:10-13:20,11.390202857142867
2025-04-02,84,84,13:50-14:00,42.2933123809521
2025-04-02,86,87,14:10-14:30,56.00565476190445
2025-04-02,90,90,14:50-15:00,7.616350952381026
2025-04-02,94,98,15:30-16:20,45.16855380952393
2025-04-02,100,101,16:30-16:50,21.458428095237764
2025-04-02,104,105,17:10-17:30,54.76732047619066
2025-04-02,107,110,17:40-18:20,56.3477903809523
2025-04-02,112,113,18:30-18:50,253.58832104761737
2025-04-02,116,118,19:10-19:40,76.94060666666667
2025-04-02,122,124,20:10-20:40,518.2186091609244
2025-04-02,126,127,20:50-21:10,7.08595333333335
2025-04-02,130,131,21:30-21:50,12.212113333333036
2025-04-02,133,133,22:00-22:10,6.056543333333138
2025-04-02,138,139,22:50-23:10,58.81927133333306
2025-04-02,142,142,23:30-23:40,34.720709999999826
2025-04-03,1,2,00:00-00:20,29.57586666666657
2025-04-03,5,6,00:40-01:00,12.137039999999729
2025-04-03,8,9,01:10-01:30,52.47480333333317
2025-04-03,12,13,01:50-02:10,52.02892333333318
2025-04-03,16,16,02:30-02:40,11.73897999999997
2025-04-03,19,20,03:00-03:20,32.23911333333331
2025-04-03,23,24,03:40-04:00,28.88225000000015
2025-04-03,26,27,04:10-04:30,29.51644000000014
2025-04-03,30,32,04:50-05:20,54.43627999999988
2025-04-03,36,36,05:50-06:00,23.99225000000024
2025-04-03,39,39,06:20-06:30,9.38162285714293
2025-04-03,41,42,06:40-07:00,52.51637190476191
2025-04-03,45,45,07:20-07:30,23.28944761904785
2025-04-03,47,48,07:40-08:00,71.76307857142871
2025-04-03,51,52,08:20-08:40,10.843594761904882
2025-04-03,55,56,09:00-09:20,49.52911190476203
2025-04-03,61,64,10:00-10:40,83.64165857142893
2025-04-03,68,69,11:10-11:30,34.91828380952347
2025-04-03,90,91,14:50-15:10,17.469455799798766
2025-04-03,98,98,16:10-16:20,14.414394571428545
2025-04-03,111,111,18:20-18:30,7.304423999999813
2025-04-03,113,114,18:40-19:00,47.96435761904752
2025-04-03,119,120,19:40-20:00,12.698659523809624
2025-04-03,122,123,20:10-20:30,68.16842047619059
2025-04-03,126,127,20:50-21:10,31.301156666666543
2025-04-03,130,131,21:30-21:50,18.900433333333353
2025-04-03,133,133,22:00-22:10,3.7536673333333965
2025-04-03,136,137,22:30-22:50,33.052031333333616
2025-04-03,141,142,23:20-23:40,60.37404333333325
2025-04-04,2,2,00:10-00:20,33.5998827407401
2025-04-04,5,6,00:40-01:00,28.01251666666667
2025-04-04,9,10,01:20-01:40,45.89902666666654
2025-04-04,13,16,02:00-02:40,38.33646333333331
2025-04-04,20,23,03:10-03:50,74.96265047619033
2025-04-04,27,28,04:20-04:40,23.106885238095117
2025-04-04,31,33,05:00-05:30,23.458666666666772
2025-04-04,37,41,06:00-06:50,74.17294761904756
2025-04-04,47,48,07:40-08:00,58.35856619047627
2025-04-04,52,52,08:30-08:40,4.7593842857143045
2025-04-04,54,55,08:50-09:10,50.64175380952372
2025-04-04,61,61,10:00-10:10,3.1043747619048645
2025-04-04,64,65,10:30-10:50,81.43591571428578
2025-04-04,109,111,18:00-18:30,79.93150000000009
2025-04-04,114,115,18:50-19:10,4.416418571428608
2025-04-04,119,120,19:40-20:00,72.5086623809521
2025-04-04,124,126,20:30-21:00,19.914333333333104
2025-04-04,128,129,21:10-21:30,24.30905333333328
2025-04-04,132,132,21:50-22:00,22.155506666666724
2025-04-04,135,138,22:20-23:00,42.766689999999926
2025-04-04,141,141,23:20-23:30,11.107676666666748
2025-04-04,143,143,23:40-23:50,8.361946666666654
2025-04-05,3,3,00:20-00:30,20.70847800952555
2025-04-05,6,8,00:50-01:20,53.4240566666665
2025-04-05,13,14,02:00-02:20,30.546470000000056
2025-04-05,18,19,02:50-03:10,56.20539000000002
2025-04-05,22,24,03:30-04:00,35.18233333333319
2025-04-05,27,27,04:20-04:30,5.621785714285636
2025-04-05,32,33,05:10-05:30,48.662406666666755
2025-04-05,37,38,06:00-06:20,10.978329523809577
2025-04-05,41,42,06:40-07:00,23.723556190476444
2025-04-05,46,47,07:30-07:50,51.205620952380855
2025-04-05,50,52,08:10-08:40,94.19943619047638
2025-04-05,55,56,09:00-09:20,13.414587142857272
2025-04-05,58,58,09:30-09:40,13.44541190476184
2025-04-05,61,62,10:00-10:20,86.90533952380974
2025-04-05,64,65,10:30-10:50,122.05820809523811
2025-04-05,99,99,16:20-16:30,21.342633809523875
2025-04-05,102,102,16:50-17:00,0.7223834015167654
2025-04-05,104,106,17:10-17:40,37.06533197514398
2025-04-05,109,109,18:00-18:10,0.25189047619056737
2025-04-05,112,113,18:30-18:50,31.27164666666681
2025-04-05,116,118,19:10-19:40,42.98407809523832
2025-04-05,122,125,20:10-20:50,40.416617619047486
2025-04-05,130,132,21:30-22:00,46.13033333333357
2025-04-05,136,137,22:30-22:50,20.896675333333405
2025-04-05,139,140,23:00-23:20,32.96658666666667
2025-04-06,7,8,01:00-01:20,16.626636666666627
2025-04-06,10,12,01:30-02:00,36.226745483009836
2025-04-06,16,16,02:30-02:40,33.05699333333337
2025-04-06,19,19,03:00-03:10,20.16648666666663
2025-04-06,22,24,03:30-04:00,30.18899999999997
2025-04-06,26,27,04:10-04:30,74.39533333333324
2025-04-06,30,30,04:50-05:00,39.91599285714301
2025-04-06,33,34,05:20-05:40,20.21142809523826
2025-04-06,37,37,06:00-06:10,10.118141904761728
2025-04-06,40,42,06:30-07:00,49.15985714285716
2025-04-06,45,48,07:20-08:00,72.42355999999998
2025-04-06,52,53,08:30-08:50,68.38197714285783
2025-04-06,57,57,09:20-09:30,6.461846190475853
2025-04-06,62,66,10:10-11:00,120.7323266666665
2025-04-06,68,69,11:10-11:30,6.997128095238168
2025-04-06,72,74,11:50-12:20,18.543759047618778
2025-04-06,89,89,14:40-14:50,31.01337971428586
2025-04-06,92,93,15:10-15:30,6.205553428571761
2025-04-06,113,114,18:40-19:00,90.67771000000005
2025-04-06,117,117,19:20-19:30,21.498293333333322
2025-04-06,119,120,19:40-20:00,24.79256238095263
2025-04-06,123,123,20:20-20:30,2.9259933333331674
2025-04-06,125,126,20:40-21:00,24.077543333333324
2025-04-06,129,130,21:20-21:40,50.22428666666656
2025-04-06,134,134,22:10-22:20,12.683686666666745
2025-04-06,136,137,22:30-22:50,4.915476666666564
2025-04-06,139,142,23:00-23:40,19.863566666666884
2025-04-07,2,2,00:10-00:20,20.73398999999972
2025-04-07,7,7,01:00-01:10,27.79818333333344
2025-04-07,11,12,01:40-02:00,13.48983666666686
2025-04-07,15,15,02:20-02:30,21.468239333333372
2025-04-07,18,18,02:50-03:00,14.402609999999754
2025-04-07,22,22,03:30-03:40,17.504770000000008
2025-04-07,25,26,04:00-04:20,44.7303690476192
2025-04-07,31,32,05:00-05:20,38.857732380952456
2025-04-07,37,39,06:00-06:30,21.339404761905143
2025-04-07,42,43,06:50-07:10,26.8389395238093
2025-04-07,46,47,07:30-07:50,30.28529238095234
2025-04-07,49,50,08:00-08:20,11.780079523809434
2025-04-07,54,54,08:50-09:00,21.0906257142857
2025-04-07,58,58,09:30-09:40,8.890398095238197
2025-04-07,63,63,10:20-10:30,9.832938571428713
2025-04-07,65,66,10:40-11:00,108.50381142857123
2025-04-07,71,72,11:40-12:00,96.72244771428632
2025-04-07,90,90,14:50-15:00,8.652662857142673
2025-04-07,108,110,17:50-18:20,10.799324857142713
2025-04-07,113,114,18:40-19:00,11.568887142856852
2025-04-07,117,117,19:20-19:30,39.034463333333406
2025-04-07,120,121,19:50-20:10,39.8718671428569
2025-04-07,125,127,20:40-21:10,86.0954333333334
2025-04-07,130,131,21:30-21:50,83.61226333333309
2025-04-07,133,134,22:00-22:20,14.412167333333286
2025-04-07,137,138,22:40-23:00,31.12961333333351
2025-04-07,140,141,23:10-23:30,6.11045333333368
2025-04-08,1,1,00:00-00:10,24.535809999999856
2025-04-08,5,6,00:40-01:00,3.373227572016958
2025-04-08,9,9,01:20-01:30,21.507963333333578
2025-04-08,11,12,01:40-02:00,13.965873333333434
2025-04-08,15,16,02:20-02:40,23.23740866666651
2025-04-08,20,20,03:10-03:20,7.682645999999977
2025-04-08,26,27,04:10-04:30,44.734703333333385
2025-04-08,31,31,05:00-05:10,23.482740000000035
2025-04-08,35,35,05:40-05:50,19.438709999999872
2025-04-08,38,39,06:10-06:30,74.1069252380953
2025-04-08,43,44,07:00-07:20,26.78150714285715
2025-04-08,46,46,07:30-07:40,15.556131428571234
2025-04-08,49,52,08:00-08:40,92.47100095238113
2025-04-08,56,58,09:10-09:40,77.63593714285753
2025-04-08,62,63,10:10-10:30,94.00963809523819
2025-04-08,77,78,12:40-13:00,58.019430476190564
2025-04-08,99,101,16:20-16:50,44.77636409956398
2025-04-08,103,104,17:00-17:20,7.761509523809735
2025-04-08,108,108,17:50-18:00,3.797238571428487
2025-04-08,110,111,18:10-18:30,5.78916380952387
2025-04-08,113,113,18:40-18:50,3.858059047619122
2025-04-08,117,117,19:20-19:30,15.61485666666681
2025-04-08,119,120,19:40-20:00,52.41674904761919
2025-04-08,123,124,20:20-20:40,29.84154000000001
2025-04-08,127,128,21:00-21:20,23.220940000000155
2025-04-08,133,134,22:00-22:20,16.817158666666273
2025-04-08,137,138,22:40-23:00,34.3250033333336
2025-04-08,141,141,23:20-23:30,0.2708233333332828
2025-04-08,143,144,23:40-24:00,28.488560000000007
2025-04-09,1,1,00:00-00:10,7.462269999999876
2025-04-09,3,3,00:20-00:30,20.45949999999982
2025-04-09,7,9,01:00-01:30,43.56766666666681
2025-04-09,12,12,01:50-02:00,13.020016666666379
2025-04-09,15,16,02:20-02:40,50.409473333333494
2025-04-09,18,18,02:50-03:00,1.4803133333333562
2025-04-09,21,24,03:20-04:00,52.57065666666654
2025-04-09,27,27,04:20-04:30,8.658278095238074
2025-04-09,32,33,05:10-05:30,35.34914333333314
2025-04-09,36,39,05:50-06:30,47.670902857143005
2025-04-09,41,42,06:40-07:00,32.575694285714064
2025-04-09,47,48,07:40-08:00,55.694015238095176
2025-04-09,51,51,08:20-08:30,41.18299476190481
2025-04-09,54,56,08:50-09:20,95.14546095238116
2025-04-09,58,58,09:30-09:40,9.424237142857692
2025-04-09,62,63,10:10-10:30,154.6599452380956
2025-04-09,66,69,10:50-11:30,92.95800238095194
2025-04-09,75,79,12:20-13:10,172.86761571428565
2025-04-09,83,85,13:40-14:10,94.659680952381
2025-04-09,87,96,14:20-16:00,513.4703170432705
2025-04-09,98,99,16:10-16:30,36.55090247619063
2025-04-09,102,103,16:50-17:10,74.53934238095223
2025-04-09,105,106,17:20-17:40,9.365502380952336
2025-04-09,109,114,18:00-19:00,239.08165049247688
2025-04-09,117,117,19:20-19:30,2.025513333333265
2025-04-09,120,125,19:50-20:50,515.8232129337744
2025-04-09,131,132,21:40-22:00,73.04094666666663
2025-04-09,135,135,22:20-22:30,43.73703333333333
2025-04-09,139,142,23:00-23:40,49.87829333333343
2025-04-10,2,5,00:10-00:50,47.5697366666667
2025-04-10,9,10,01:20-01:40,49.712923333333265
2025-04-10,13,13,02:00-02:10,4.715263333333382
2025-04-10,17,20,02:40-03:20,39.07678666666652
2025-04-10,22,22,03:30-03:40,15.49657666666667
2025-04-10,25,27,04:00-04:30,37.28833333333325
2025-04-10,29,30,04:40-05:00,10.839043333333251
2025-04-10,36,37,05:50-06:10,55.816663333333395
2025-04-10,40,40,06:30-06:40,31.72064714285716
2025-04-10,43,44,07:00-07:20,53.76092238095259
2025-04-10,47,49,07:40-08:10,36.26155809523789
2025-04-10,52,58,08:30-09:40,215.0765304761909
2025-04-10,61,62,10:00-10:20,10.649480000000267
2025-04-10,70,70,11:30-11:40,77.4186352380948
2025-04-10,77,78,12:40-13:00,89.33094047619011
2025-04-10,96,97,15:50-16:10,62.934961333333376
2025-04-10,102,103,16:50-17:10,22.226990952380675
2025-04-10,107,109,17:40-18:10,42.57761809523821
2025-04-10,112,112,18:30-18:40,21.09438142857162
2025-04-10,115,116,19:00-19:20,87.40249333333327
2025-04-10,119,120,19:40-20:00,31.331965238095336
2025-04-10,123,125,20:20-20:50,36.16483999999957
2025-04-10,129,131,21:20-21:50,55.4379266666665
2025-04-10,134,134,22:10-22:20,0.45892666666668447
2025-04-10,140,141,23:10-23:30,38.82178399999975
2025-04-10,144,144,23:50-24:00,2.822764666666444
2025-04-11,2,3,00:10-00:30,13.600736766120292
2025-04-11,7,9,01:00-01:30,67.51699999999977
2025-04-11,12,15,01:50-02:30,32.131169999999884
2025-04-11,18,21,02:50-03:30,55.50656666666657
2025-04-11,23,24,03:40-04:00,25.324046666666675
2025-04-11,30,31,04:50-05:10,23.4985985714286
2025-04-11,34,34,05:30-05:40,5.071721904761883
2025-04-11,37,37,06:00-06:10,26.12089714285719
2025-04-11,44,44,07:10-07:20,1.0552866666668592
2025-04-11,47,49,07:40-08:10,101.86762904761872
2025-04-11,52,56,08:30-09:20,22.134734285714103
2025-04-11,59,60,09:40-10:00,115.86257619047592
2025-04-11,64,65,10:30-10:50,49.49864047619053
2025-04-11,100,100,16:30-16:40,24.796433796558347
2025-04-11,104,105,17:10-17:30,32.14513705774243
2025-04-11,108,108,17:50-18:00,7.929355714285748
2025-04-11,112,113,18:30-18:50,76.81140333333343
2025-04-11,116,117,19:10-19:30,35.92026190476196
2025-04-11,121,122,20:00-20:20,10.58609999999993
2025-04-11,124,124,20:30-20:40,6.90984666666651
2025-04-11,127,128,21:00-21:20,36.01911999999993
2025-04-11,131,132,21:40-22:00,43.95021800000018
2025-04-11,134,135,22:10-22:30,30.15561666666673
2025-04-11,139,140,23:00-23:20,46.973270000000184
2025-04-11,142,143,23:30-23:50,26.327333333333627
2025-04-12,3,4,00:20-00:40,34.83532116872436
2025-04-12,7,7,01:00-01:10,0.05046000000004369
2025-04-12,10,11,01:30-01:50,52.31956333333335
2025-04-12,14,16,02:10-02:40,18.712409999999977
2025-04-12,19,20,03:00-03:20,25.111470000000168
2025-04-12,22,22,03:30-03:40,33.96614999999997
2025-04-12,26,28,04:10-04:40,32.72051333333337
2025-04-12,31,33,05:00-05:30,41.91799999999997
2025-04-12,36,36,05:50-06:00,13.675043333333349
2025-04-12,40,40,06:30-06:40,37.80414333333336
2025-04-12,43,44,07:00-07:20,75.015986666667
2025-04-12,47,48,07:40-08:00,20.276426666666794
2025-04-12,50,50,08:10-08:20,0.7790761904761894
2025-04-12,53,55,08:40-09:10,103.95228571428538
2025-04-12,58,61,09:30-10:10,116.30432142857194
2025-04-12,64,64,10:30-10:40,46.443440952381025
2025-04-12,98,100,16:10-16:40,42.93934076190472
2025-04-12,103,104,17:00-17:20,18.58711761904769
2025-04-12,106,108,17:30-18:00,68.72923809523796
2025-04-12,111,113,18:20-18:50,42.291478095238176
2025-04-12,116,118,19:10-19:40,33.83100666666661
2025-04-12,120,122,19:50-20:20,12.192013333333307
2025-04-12,127,128,21:00-21:20,29.33578333333338
2025-04-12,131,133,21:40-22:10,20.39600666666672
2025-04-12,136,137,22:30-22:50,48.61607533333358
2025-04-12,139,139,23:00-23:10,2.7065466666665543
2025-04-12,143,143,23:40-23:50,12.434743333333472
2025-04-13,1,1,00:00-00:10,10.15173666666658
2025-04-13,5,6,00:40-01:00,3.8511763621395403
2025-04-13,11,11,01:40-01:50,2.0083066666667264
2025-04-13,14,15,02:10-02:30,61.47543318518467
2025-04-13,19,20,03:00-03:20,26.09519620576259
2025-04-13,22,22,03:30-03:40,14.905219999999986
2025-04-13,26,26,04:10-04:20,1.1619916190477397
2025-04-13,30,31,04:50-05:10,49.408824761904754
2025-04-13,35,37,05:40-06:10,42.93722285714277
2025-04-13,40,42,06:30-07:00,54.52044047619063
2025-04-13,48,49,07:50-08:10,72.53232238095245
2025-04-13,52,54,08:30-09:00,82.91465476190477
2025-04-13,57,58,09:20-09:40,57.21736047619015
2025-04-13,61,61,10:00-10:10,2.8050842857142015
2025-04-13,64,64,10:30-10:40,54.12922285714308
2025-04-13,68,70,11:10-11:40,121.12138999999979
2025-04-13,73,76,12:00-12:40,61.93839571428566
2025-04-13,79,80,13:00-13:20,47.42510333333348
2025-04-13,100,101,16:30-16:50,45.04501775010522
2025-04-13,104,104,17:10-17:20,4.213267619047684
2025-04-13,111,112,18:20-18:40,27.30345142857152
2025-04-13,115,116,19:00-19:20,79.26432666666676
2025-04-13,119,120,19:40-20:00,50.7322395238092
2025-04-13,123,125,20:20-20:50,40.08369333333303
2025-04-13,127,127,21:00-21:10,11.048066666666614
2025-04-13,131,132,21:40-22:00,26.854436666666516
2025-04-13,135,138,22:20-23:00,49.56483333333358
2025-04-13,141,142,23:20-23:40,17.545417333333262
2025-04-14,2,2,00:10-00:20,4.492106584362318
2025-04-14,4,4,00:30-00:40,35.82997399999988
2025-04-14,7,8,01:00-01:20,47.63491333333343
2025-04-14,13,14,02:00-02:20,26.66796333333332
2025-04-14,16,18,02:30-03:00,34.30166666666662
2025-04-14,22,23,03:30-03:50,47.38577904761917
2025-04-14,25,25,04:00-04:10,8.99093999999998
2025-04-14,28,30,04:30-05:00,50.569999999999894
2025-04-14,34,36,05:30-06:00,44.89198809523782
2025-04-14,40,42,06:30-07:00,87.84302380952397
2025-04-14,46,46,07:30-07:40,11.980099523809145
2025-04-14,50,51,08:10-08:30,71.13600238095219
2025-04-14,54,56,08:50-09:20,61.397131904762034
2025-04-14,59,60,09:40-10:00,48.44048761904787
2025-04-14,63,64,10:20-10:40,99.83924523809537
2025-04-14,68,70,11:10-11:40,63.044871904761976
2025-04-14,72,74,11:50-12:20,149.93718666666678
2025-04-14,112,112,18:30-18:40,45.581677107585165
2025-04-14,115,116,19:00-19:20,19.935950952381063
2025-04-14,118,119,19:30-19:50,27.083074285714247
2025-04-14,122,124,20:10-20:40,30.26387619047614
2025-04-14,127,130,21:00-21:40,58.80212333333327
2025-04-14,133,134,22:00-22:20,17.55223533333333
2025-04-14,138,139,22:50-23:10,45.89655999999991
2025-04-14,142,143,23:30-23:50,22.96798800000056
2025-04-15,2,2,00:10-00:20,4.499850000000038
2025-04-15,8,8,01:10-01:20,6.577349333333359
2025-04-15,12,12,01:50-02:00,10.413259999999923
2025-04-15,14,15,02:10-02:30,60.04808999999989
2025-04-15,18,18,02:50-03:00,23.85663759670706
2025-04-15,24,24,03:50-04:00,26.140030476190304
2025-04-15,29,29,04:40-04:50,3.4840761904762303
2025-04-15,32,32,05:10-05:20,1.9183444761905548
2025-04-15,36,37,05:50-06:10,6.117011904761739
2025-04-15,40,41,06:30-06:50,36.12792857142853
2025-04-15,45,47,07:20-07:50,93.49539380952406
2025-04-15,51,51,08:20-08:30,2.379069523809136
2025-04-15,56,57,09:10-09:30,20.165075714285422
2025-04-15,60,62,09:50-10:20,133.35540047619043
2025-04-15,64,65,10:30-10:50,49.44205380952394
2025-04-15,67,68,11:00-11:20,71.09616952380998
2025-04-15,71,71,11:40-11:50,6.98902095238077
2025-04-15,91,92,15:00-15:20,28.255052380952208
2025-04-15,94,94,15:30-15:40,13.720758571428888
2025-04-15,97,97,16:00-16:10,1.8385776190474417
2025-04-15,111,112,18:20-18:40,6.692759904761942
2025-04-15,115,115,19:00-19:10,23.951403809523867
2025-04-15,118,119,19:30-19:50,34.752399999999966
2025-04-15,123,124,20:20-20:40,58.205430000000206
2025-04-15,127,127,21:00-21:10,5.147563333333437
2025-04-15,130,131,21:30-21:50,81.82247999999993
2025-04-15,137,138,22:40-23:00,50.303953333333084
2025-04-15,141,142,23:20-23:40,30.147827333333225
2025-04-16,2,2,00:10-00:20,5.061963333333097
2025-04-16,4,6,00:30-01:00,53.432666666666705
2025-04-16,9,12,01:20-02:00,23.548200000000293
2025-04-16,15,15,02:20-02:30,43.44837000000007
2025-04-16,19,21,03:00-03:30,17.762000000000057
2025-04-16,23,24,03:40-04:00,69.3348533333334
2025-04-16,27,27,04:20-04:30,6.57655619047614
2025-04-16,29,30,04:40-05:00,36.9924033333333
2025-04-16,35,36,05:40-06:00,44.86728619047602
2025-04-16,39,39,06:20-06:30,0.3257852380954773
2025-04-16,41,43,06:40-07:10,86.25216809523823
2025-04-16,46,46,07:30-07:40,50.3957442857145
2025-04-16,49,52,08:00-08:40,87.48644428571416
2025-04-16,57,59,09:20-09:50,113.41841238095276
2025-04-16,61,62,10:00-10:20,85.06516714285658
2025-04-16,66,67,10:50-11:10,93.5547861904763
2025-04-16,70,72,11:30-12:00,105.93935714285772
2025-04-16,75,76,12:20-12:40,5.095090952380815
2025-04-16,80,83,13:10-13:50,98.8426180952381
2025-04-16,87,88,14:20-14:40,63.681631428571905
2025-04-16,91,92,15:00-15:20,58.92166380952389
2025-04-16,97,97,16:00-16:10,26.828629999999407
2025-04-16,101,102,16:40-17:00,37.9590033333335
2025-04-16,105,105,17:20-17:30,10.683800000000105
2025-04-16,108,109,17:50-18:10,55.20924047619051
2025-04-16,112,113,18:30-18:50,53.03530047619037
2025-04-16,116,117,19:10-19:30,8.380086666666557
2025-04-16,122,124,20:10-20:40,44.94937666666681
2025-04-16,126,127,20:50-21:10,37.18299666666678
2025-04-16,130,130,21:30-21:40,16.941266666666706
2025-04-16,133,134,22:00-22:20,8.05544733333329
2025-04-16,136,138,22:30-23:00,42.24833333333345
2025-04-16,141,142,23:20-23:40,38.312556666666524
2025-04-17,4,6,00:30-01:00,38.19966666666653
2025-04-17,10,10,01:30-01:40,13.04286999999988
2025-04-17,13,14,02:00-02:20,26.061946666666927
2025-04-17,17,18,02:40-03:00,53.519129999999905
2025-04-17,21,21,03:20-03:30,24.21978666666655
2025-04-17,23,24,03:40-04:00,32.546063333333336
2025-04-17,27,28,04:20-04:40,18.240459523809673
2025-04-17,32,33,05:10-05:30,19.41749333333337
2025-04-17,37,37,06:00-06:10,11.004769047618993
2025-04-17,40,41,06:30-06:50,25.95032380952398
2025-04-17,43,44,07:00-07:20,42.93490666666656
2025-04-17,46,46,07:30-07:40,4.33861523809496
2025-04-17,49,50,08:00-08:20,70.38814809523785
2025-04-17,56,57,09:10-09:30,18.911417619047825
2025-04-17,60,66,09:50-11:00,248.73880904761927
2025-04-17,70,71,11:30-11:50,28.58716809523844
2025-04-17,73,73,12:00-12:10,19.17261095238132
2025-04-17,77,78,12:40-13:00,63.08563190476116
2025-04-17,91,91,15:00-15:10,0.3625166666669202
2025-04-17,98,99,16:10-16:30,10.675530952381052
2025-04-17,103,104,17:00-17:20,12.171650476190507
2025-04-17,107,109,17:40-18:10,48.50962904761885
2025-04-17,113,117,18:40-19:30,26.55589428571394
2025-04-17,119,120,19:40-20:00,33.657510000000116
2025-04-17,123,123,20:20-20:30,25.57787047619047
2025-04-17,127,129,21:00-21:30,33.02699999999993
2025-04-17,136,138,22:30-23:00,42.20753333333346
2025-04-17,141,141,23:20-23:30,6.575719999999819
2025-04-18,1,2,00:00-00:20,17.702169999999967
2025-04-18,4,4,00:30-00:40,2.417796666666618
2025-04-18,7,7,01:00-01:10,17.906939999999906
2025-04-18,11,12,01:40-02:00,43.22114333333337
2025-04-18,14,16,02:10-02:40,36.33043000000009
2025-04-18,20,21,03:10-03:30,40.20586000000009
2025-04-18,24,25,03:50-04:10,15.700549047619177
2025-04-18,31,31,05:00-05:10,0.41644190476188214
2025-04-18,38,39,06:10-06:30,10.4025442857143
2025-04-18,45,46,07:20-07:40,38.98447857142855
2025-04-18,49,50,08:00-08:20,112.46802333333335
2025-04-18,52,53,08:30-08:50,66.15695666666659
2025-04-18,57,57,09:20-09:30,11.385422857142657
2025-04-18,59,60,09:40-10:00,47.28919809523836
2025-04-18,64,65,10:30-10:50,52.7320552380952
2025-04-18,107,111,17:40-18:30,93.03688523809527
2025-04-18,116,117,19:10-19:30,7.427780476190549
2025-04-18,121,122,20:00-20:20,30.13093999999984
2025-04-18,124,125,20:30-20:50,20.29283333333325
2025-04-18,130,131,21:30-21:50,74.93537666666663
2025-04-18,138,139,22:50-23:10,59.32769333333317
2025-04-18,143,143,23:40-23:50,12.83429133333334
2025-04-19,1,1,00:00-00:10,24.37651666666676
2025-04-19,5,6,00:40-01:00,44.727836666666576
2025-04-19,9,9,01:20-01:30,1.3745517613179459
2025-04-19,11,13,01:40-02:10,70.74913666666686
2025-04-19,18,19,02:50-03:10,24.819196666666755
2025-04-19,22,23,03:30-03:50,27.773876666666776
2025-04-19,25,25,04:00-04:10,17.383906666666633
2025-04-19,28,29,04:30-04:50,45.96270666666658
2025-04-19,32,34,05:10-05:40,32.28127190476185
2025-04-19,38,39,06:10-06:30,41.569982857143
2025-04-19,42,48,06:50-08:00,127.08958619047624
2025-04-19,51,53,08:20-08:50,80.82017047619047
2025-04-19,55,56,09:00-09:20,17.807807619047708
2025-04-19,58,61,09:30-10:10,22.70101047619073
2025-04-19,65,66,10:40-11:00,73.265141904762
2025-04-19,100,100,16:30-16:40,7.4755423809524615
2025-04-19,105,105,17:20-17:30,4.173580490476468
2025-04-19,108,108,17:50-18:00,3.2476652380951236
2025-04-19,110,115,18:10-19:10,68.86298428571416
2025-04-19,118,118,19:30-19:40,0.6081966666666858
2025-04-19,121,122,20:00-20:20,23.291907619047436
2025-04-19,125,126,20:40-21:00,11.600020000000029
2025-04-19,128,129,21:10-21:30,14.230423333333306
2025-04-19,132,134,21:50-22:20,65.7126099999997
2025-04-19,138,138,22:50-23:00,23.80383466666649
2025-04-19,142,143,23:30-23:50,28.32140133333337
2025-04-20,3,4,00:20-00:40,7.433380131687613
2025-04-20,7,8,01:00-01:20,14.88671071604881
2025-04-20,13,14,02:00-02:20,35.32845999999995
2025-04-20,18,18,02:50-03:00,10.253575333333401
2025-04-20,24,24,03:50-04:00,4.093009999999708
2025-04-20,28,30,04:30-05:00,60.04833333333336
2025-04-20,33,33,05:20-05:30,25.551483333333408
2025-04-20,38,39,06:10-06:30,25.63676904761894
2025-04-20,43,47,07:00-07:50,128.74228857142856
2025-04-20,51,52,08:20-08:40,89.62989333333317
2025-04-20,55,56,09:00-09:20,27.593978571428273
2025-04-20,64,67,10:30-11:10,132.35786476190583
2025-04-20,70,75,11:30-12:30,135.978285714285
2025-04-20,99,99,16:20-16:30,48.454294285714525
2025-04-20,103,103,17:00-17:10,26.30980761904783
2025-04-20,106,107,17:30-17:50,29.71653619047669
2025-04-20,110,111,18:10-18:30,21.05257285714266
2025-04-20,114,116,18:50-19:20,27.31504523809565
2025-04-20,119,120,19:40-20:00,5.068073333333018
2025-04-20,123,125,20:20-20:50,13.80006428571437
2025-04-20,128,129,21:10-21:30,34.682013333333316
2025-04-20,132,133,21:50-22:10,17.424371333333056
2025-04-20,136,137,22:30-22:50,9.490443333333133
2025-04-20,139,140,23:00-23:20,22.262886666666645
2025-04-20,143,143,23:40-23:50,25.358136666666724
2025-04-21,1,1,00:00-00:10,6.029103333333296
2025-04-21,3,5,00:20-00:50,35.98692666666648
2025-04-21,8,9,01:10-01:30,38.26719000000014
2025-04-21,13,16,02:00-02:40,51.51959131687261
2025-04-21,19,20,03:00-03:20,47.445170000000076
2025-04-21,22,22,03:30-03:40,1.2653314285713835
2025-04-21,25,26,04:00-04:20,55.48310666666644
2025-04-21,28,30,04:30-05:00,24.474000000000075
2025-04-21,32,33,05:10-05:30,10.123954285714262
2025-04-21,37,39,06:00-06:30,50.23934523809544
2025-04-21,46,46,07:30-07:40,19.60974809523836
2025-04-21,49,50,08:00-08:20,88.21504809523816
2025-04-21,55,59,09:00-09:50,130.4095952380951
2025-04-21,61,61,10:00-10:10,8.67784238095237
2025-04-21,67,69,11:00-11:30,143.57719047619094
2025-04-21,108,109,17:50-18:10,32.78452019047626
2025-04-21,112,114,18:30-19:00,47.10699999999983
2025-04-21,119,122,19:40-20:20,52.218145238095076
2025-04-21,124,124,20:30-20:40,8.322220000000016
2025-04-21,127,128,21:00-21:20,50.29327000000001
2025-04-21,132,133,21:50-22:10,22.317584666666562
2025-04-21,136,137,22:30-22:50,58.49852333333297
2025-04-21,142,143,23:30-23:50,19.020058000000063
2025-04-22,2,4,00:10-00:40,23.58302800000024
2025-04-22,7,7,01:00-01:10,7.374563333333413
2025-04-22,10,11,01:30-01:50,24.418153333333066
2025-04-22,13,13,02:00-02:10,2.902879999999982
2025-04-22,16,17,02:30-02:50,32.75689999999986
2025-04-22,21,22,03:20-03:40,55.82019142857146
2025-04-22,26,27,04:10-04:30,17.768316666666806
2025-04-22,29,30,04:40-05:00,74.38282761904759
2025-04-22,35,36,05:40-06:00,12.985305714285573
2025-04-22,41,42,06:40-07:00,66.04155714285747
2025-04-22,45,46,07:20-07:40,36.852086190476456
2025-04-22,52,55,08:30-09:10,108.6423847619048
2025-04-22,61,62,10:00-10:20,87.41210714285717
2025-04-22,64,64,10:30-10:40,20.38761333333332
2025-04-22,68,72,11:10-12:00,209.19102952380968
2025-04-22,74,76,12:10-12:40,49.39633714285674
2025-04-22,81,81,13:20-13:30,24.45356782063186
2025-04-22,91,93,15:00-15:30,71.17696428571438
2025-04-22,98,99,16:10-16:30,17.836287782985437
2025-04-22,108,108,17:50-18:00,0.5559165714284973
2025-04-22,111,111,18:20-18:30,38.06197800000007
2025-04-22,114,115,18:50-19:10,15.798343809523999
2025-04-22,118,119,19:30-19:50,55.691461904762036
2025-04-22,121,121,20:00-20:10,11.4609733333333
2025-04-22,124,125,20:30-20:50,42.56138666666698
2025-04-22,127,130,21:00-21:40,55.93977666666672
2025-04-22,133,134,22:00-22:20,11.338854000000197
2025-04-22,139,140,23:00-23:20,41.462637333333305
2025-04-22,143,143,23:40-23:50,22.832509999999957
2025-04-23,1,1,00:00-00:10,34.60737999999992
2025-04-23,3,3,00:20-00:30,10.191320000000132
2025-04-23,5,6,00:40-01:00,30.29645000000005
2025-04-23,10,11,01:30-01:50,40.68888333333359
2025-04-23,14,14,02:10-02:20,1.9212233333332733
2025-04-23,17,18,02:40-03:00,37.59338666666679
2025-04-23,21,22,03:20-03:40,19.859211428571594
2025-04-23,25,26,04:00-04:20,21.22967333333323
2025-04-23,29,31,04:40-05:10,56.01407714285722
2025-04-23,34,34,05:30-05:40,25.312793809523843
2025-04-23,37,37,06:00-06:10,13.078703333333124
2025-04-23,40,40,06:30-06:40,13.325961428571077
2025-04-23,43,44,07:00-07:20,78.57604285714302
2025-04-23,48,48,07:50-08:00,46.491476666666586
2025-04-23,51,52,08:20-08:40,95.13611333333355
2025-04-23,56,57,09:10-09:30,37.3227152380955
2025-04-23,60,60,09:50-10:00,19.762127619047988
2025-04-23,63,65,10:20-10:50,123.4690242857148
2025-04-23,67,69,11:00-11:30,188.95538095238066
2025-04-23,73,74,12:00-12:20,10.90776714285721
2025-04-23,77,78,12:40-13:00,37.17567904761859
2025-04-23,90,90,14:50-15:00,9.77634238095277
2025-04-23,111,111,18:20-18:30,34.419978000000086
2025-04-23,115,116,19:00-19:20,35.70827238095228
2025-04-23,119,120,19:40-20:00,55.97906666666643
2025-04-23,124,125,20:30-20:50,21.48430666666684
2025-04-23,127,128,21:00-21:20,39.81015000000002
2025-04-23,130,131,21:30-21:50,18.04694999999981
2025-04-23,135,138,22:20-23:00,38.254647333333196
2025-04-23,143,143,23:40-23:50,11.183286666666618
2025-04-24,1,1,00:00-00:10,27.477089999999976
2025-04-24,4,5,00:30-00:50,59.00862000000018
2025-04-24,7,8,01:00-01:20,37.46434320164974
2025-04-24,11,12,01:40-02:00,29.536370666666585
2025-04-24,17,18,02:40-03:00,21.546963333333565
2025-04-24,21,22,03:20-03:40,29.292923333333043
2025-04-24,25,26,04:00-04:20,16.218763238095207
2025-04-24,37,38,06:00-06:20,38.404851428571305
2025-04-24,43,44,07:00-07:20,51.225473809523976
2025-04-24,46,46,07:30-07:40,27.405495238095106
2025-04-24,49,50,08:00-08:20,32.98541285714265
2025-04-24,53,54,08:40-09:00,25.75027476190491
2025-04-24,57,61,09:20-10:10,201.08676285714319
2025-04-24,64,65,10:30-10:50,75.21667095238081
2025-04-24,67,68,11:00-11:20,57.16085619047635
2025-04-24,71,72,11:40-12:00,60.38648190476192
2025-04-24,75,75,12:20-12:30,37.29898428571414
2025-04-24,103,103,17:00-17:10,15.969154666666611
2025-04-24,106,107,17:30-17:50,28.447010476190115
2025-04-24,110,111,18:10-18:30,40.24414380952356
2025-04-24,114,114,18:50-19:00,2.5542814285714712
2025-04-24,116,118,19:10-19:40,58.38657000000012
2025-04-24,122,123,20:10-20:30,65.87326666666661
2025-04-24,127,128,21:00-21:20,46.70869333333326
2025-04-24,130,130,21:30-21:40,11.633979999999951
2025-04-24,134,137,22:10-22:50,26.479003333332912
2025-04-24,140,141,23:10-23:30,24.49413666666669
2025-04-24,143,143,23:40-23:50,5.767553333333581
2025-04-25,1,1,00:00-00:10,11.292039999999986
2025-04-25,4,5,00:30-00:50,57.24519333333342
2025-04-25,8,9,01:10-01:30,42.26248666666686
2025-04-25,12,14,01:50-02:20,25.749760000000038
2025-04-25,17,18,02:40-03:00,21.51886666666678
2025-04-25,21,22,03:20-03:40,9.81161190476194
2025-04-25,25,26,04:00-04:20,72.46286333333336
2025-04-25,29,30,04:40-05:00,36.720033809523954
2025-04-25,33,33,05:20-05:30,13.62540904761902
2025-04-25,38,40,06:10-06:40,48.539072857142955
2025-04-25,44,46,07:10-07:40,96.91388761904761
2025-04-25,49,49,08:00-08:10,6.019202857143
2025-04-25,53,55,08:40-09:10,77.88201714285708
2025-04-25,58,58,09:30-09:40,35.071697619047654
2025-04-25,62,63,10:10-10:30,87.64087809523858
2025-04-25,103,103,17:00-17:10,17.74614190476206
2025-04-25,106,107,17:30-17:50,10.978837619047482
2025-04-25,111,113,18:20-18:50,76.06582523809533
2025-04-25,116,117,19:10-19:30,24.202516666666895
2025-04-25,120,122,19:50-20:20,48.77004333333343
2025-04-25,125,126,20:40-21:00,17.764929999999993
2025-04-25,129,130,21:20-21:40,43.62354333333326
2025-04-25,133,133,22:00-22:10,23.39457399999992
2025-04-25,136,137,22:30-22:50,52.162118666667084
2025-04-25,142,142,23:30-23:40,52.183551333333526
2025-04-26,2,2,00:10-00:20,23.73111
2025-04-26,4,5,00:30-00:50,24.936743333333254
2025-04-26,7,7,01:00-01:10,7.268136666666635
2025-04-26,11,12,01:40-02:00,29.165093333333402
2025-04-26,15,16,02:20-02:40,50.39598999999998
2025-04-26,19,20,03:00-03:20,18.55283333333324
2025-04-26,26,27,04:10-04:30,75.18436619047623
2025-04-26,30,31,04:50-05:10,80.02009904761906
2025-04-26,34,36,05:30-06:00,74.07429761904774
2025-04-26,41,42,06:40-07:00,63.79565666666674
2025-04-26,44,45,07:10-07:30,17.62697285714296
2025-04-26,48,48,07:50-08:00,45.13687809523799
2025-04-26,50,51,08:10-08:30,53.997774285714286
2025-04-26,54,54,08:50-09:00,8.822878571428873
2025-04-26,57,58,09:20-09:40,19.158438095238125
2025-04-26,60,62,09:50-10:20,35.85138095238108
2025-04-26,100,100,16:30-16:40,5.253309523809648
2025-04-26,103,103,17:00-17:10,18.379555714285615
2025-04-26,106,106,17:30-17:40,18.041964285714158
2025-04-26,110,112,18:10-18:40,100.18752047619046
2025-04-26,117,118,19:20-19:40,13.148294761904708
2025-04-26,121,122,20:00-20:20,36.944720000000075
2025-04-26,125,126,20:40-21:00,52.05428666666677
2025-04-26,129,131,21:20-21:50,47.22447666666682
2025-04-26,134,135,22:10-22:30,67.30749666666668
2025-04-26,138,138,22:50-23:00,6.168740000000071
2025-04-26,141,142,23:20-23:40,28.398756666666486
2025-04-27,2,4,00:10-00:40,76.99053333333302
2025-04-27,7,7,01:00-01:10,37.45430666666675
2025-04-27,10,10,01:30-01:40,11.611520000000041
2025-04-27,13,14,02:00-02:20,55.785950000000184
2025-04-27,17,18,02:40-03:00,6.11715666666646
2025-04-27,21,23,03:20-03:50,63.07991333333348
2025-04-27,27,27,04:20-04:30,15.057536666666692
2025-04-27,30,30,04:50-05:00,16.874023333333525
2025-04-27,34,36,05:30-06:00,54.108202380952314
2025-04-27,38,39,06:10-06:30,53.334574285714154
2025-04-27,42,45,06:50-07:30,80.54473380952393
2025-04-27,49,50,08:00-08:20,96.04951238095214
2025-04-27,53,55,08:40-09:10,30.548349047619197
2025-04-27,58,59,09:30-09:50,25.378024761904726
2025-04-27,63,65,10:20-10:50,173.95994380952402
2025-04-27,68,69,11:10-11:30,11.69516476190438
2025-04-27,75,77,12:20-12:50,136.03595238095227
2025-04-27,90,91,14:50-15:10,47.806039809523675
2025-04-27,97,98,16:00-16:20,46.51162095238101
2025-04-27,101,102,16:40-17:00,41.90169095238059
2025-04-27,108,109,17:50-18:10,48.038199523809524
2025-04-27,112,113,18:30-18:50,65.57401571428576
2025-04-27,115,116,19:00-19:20,11.186017142857509
2025-04-27,118,119,19:30-19:50,26.729290952381007
2025-04-27,121,121,20:00-20:10,14.570003333333261
2025-04-27,124,124,20:30-20:40,22.801833621342894
2025-04-27,127,128,21:00-21:20,49.412983333333614
2025-04-27,134,135,22:10-22:30,26.860790000000065
2025-04-27,138,139,22:50-23:10,41.1396266666668
2025-04-27,143,144,23:40-24:00,70.8581546666669
2025-04-28,1,1,00:00-00:10,15.031636666666714
2025-04-28,3,4,00:20-00:40,27.809120000000007
2025-04-28,6,7,00:50-01:10,21.335643333333564
2025-04-28,10,11,01:30-01:50,73.16339000000005
2025-04-28,15,15,02:20-02:30,32.84883333333312
2025-04-28,17,18,02:40-03:00,22.28049999999996
2025-04-28,20,21,03:10-03:30,16.335069999999746
2025-04-28,24,24,03:50-04:00,26.231576666666683
2025-04-28,26,27,04:10-04:30,24.16136761904751
2025-04-28,31,31,05:00-05:10,18.132720952380964
2025-04-28,34,36,05:30-06:00,56.907619047619114
2025-04-28,41,42,06:40-07:00,76.52958000000007
2025-04-28,45,45,07:20-07:30,12.533407619047864
2025-04-28,47,48,07:40-08:00,28.54477285714293
2025-04-28,50,51,08:10-08:30,132.9684028571435
2025-04-28,54,57,08:50-09:30,116.22458952380894
2025-04-28,62,65,10:10-10:50,142.8231271428565
2025-04-28,67,69,11:00-11:30,44.207285714285945
2025-04-28,79,81,13:00-13:30,30.53895238095265
2025-04-28,83,84,13:40-14:00,28.44919333333337
2025-04-28,86,98,14:10-16:20,710.3098408960486
2025-04-28,100,102,16:30-17:00,46.765184857141946
2025-04-28,105,108,17:20-18:00,63.34354067619135
2025-04-28,111,111,18:20-18:30,20.638780476190462
2025-04-28,113,116,18:40-19:20,1659.7064360619036
2025-04-28,118,126,19:30-21:00,1843.1979565276865
2025-04-28,129,133,21:20-22:10,26.463623333333544
2025-04-28,137,138,22:40-23:00,11.033256666666603
2025-04-28,140,141,23:10-23:30,30.510116666666363
2025-04-28,144,144,23:50-24:00,20.667487999999366
2025-04-29,3,4,00:20-00:40,42.83955666666668
2025-04-29,7,8,01:00-01:20,45.062786666666625
2025-04-29,10,11,01:30-01:50,10.089910000000032
2025-04-29,13,13,02:00-02:10,2.4548999999998387
2025-04-29,16,17,02:30-02:50,25.27819000000011
2025-04-29,20,24,03:10-04:00,45.43833333333323
2025-04-29,27,27,04:20-04:30,19.36868857142872
2025-04-29,30,30,04:50-05:00,2.9407223809524794
2025-04-29,35,35,05:40-05:50,1.1266623809522116
2025-04-29,40,41,06:30-06:50,25.994840476190404
2025-04-29,47,48,07:40-08:00,44.940696666666696
2025-04-29,51,52,08:20-08:40,57.12542714285699
2025-04-29,56,59,09:10-09:50,86.80148714285724
2025-04-29,61,61,10:00-10:10,29.168785714285605
2025-04-29,65,69,10:40-11:30,192.54606333333322
2025-04-29,72,72,11:50-12:00,32.67301095238099
2025-04-29,90,90,14:50-15:00,12.739942476190777
2025-04-29,93,94,15:20-15:40,67.41726095238118
2025-04-29,98,99,16:10-16:30,66.98625809523782
2025-04-29,103,103,17:00-17:10,2.980921428571378
2025-04-29,107,109,17:40-18:10,43.22227238095222
2025-04-29,112,112,18:30-18:40,28.285115238095358
2025-04-29,115,116,19:00-19:20,44.51818095238093
2025-04-29,118,123,19:30-20:30,44.83466666666675
2025-04-29,127,127,21:00-21:10,3.3777399999999034
2025-04-29,130,131,21:30-21:50,35.52650666666648
2025-04-29,134,135,22:10-22:30,40.24194333333355
2025-04-29,141,142,23:20-23:40,57.47001333333333
2025-04-30,1,2,00:00-00:20,11.88494999999989
2025-04-30,4,4,00:30-00:40,20.765909999999963
2025-04-30,7,8,01:00-01:20,64.04732364518384
2025-04-30,10,10,01:30-01:40,0.26617333333342685
2025-04-30,13,16,02:00-02:40,65.51713333333316
2025-04-30,20,20,03:10-03:20,3.339643333333356
2025-04-30,22,23,03:30-03:50,31.276790952380814
2025-04-30,27,28,04:20-04:40,50.05559904761901
2025-04-30,31,31,05:00-05:10,1.9002014285715632
2025-04-30,34,37,05:30-06:10,55.14758190476201
2025-04-30,40,41,06:30-06:50,56.752883333333386
2025-04-30,43,43,07:00-07:10,22.139476666666894
2025-04-30,47,47,07:40-07:50,1.4088642857143725
2025-04-30,51,51,08:20-08:30,5.051854285713944
2025-04-30,54,55,08:50-09:10,72.31879380952387
2025-04-30,60,63,09:50-10:30,303.2392299999997
2025-04-30,67,67,11:00-11:10,26.781498571428074
2025-04-30,70,70,11:30-11:40,38.64989761904758
2025-04-30,73,74,12:00-12:20,99.96244714285763
2025-04-30,76,77,12:30-12:50,46.493385714286205
2025-04-30,115,116,19:00-19:20,67.027498095238
2025-04-30,120,121,19:50-20:10,9.053231904762015
2025-04-30,124,126,20:30-21:00,64.43799999999976
2025-04-30,132,134,21:50-22:20,17.43429133333359
2025-04-30,137,138,22:40-23:00,23.56358999999975
2025-04-30,141,143,23:20-23:50,48.85072666666724
2025-05-01,1,1,00:00-00:10,34.641036666666764
2025-05-01,3,4,00:20-00:40,8.51220333333356
2025-05-01,7,7,01:00-01:10,11.421229999999923
2025-05-01,10,11,01:30-01:50,46.93993666666654
2025-05-01,13,14,02:00-02:20,39.18155999999988
2025-05-01,19,20,03:00-03:20,66.25038666666649
2025-05-01,23,24,03:40-04:00,23.736827142857084
2025-05-01,27,28,04:20-04:40,38.11487761904766
2025-05-01,31,32,05:00-05:20,89.93585714285729
2025-05-01,35,41,05:40-06:50,102.45823142857142
2025-05-01,43,43,07:00-07:10,26.35568000000012
2025-05-01,46,47,07:30-07:50,62.77020761904754
2025-05-01,51,52,08:20-08:40,59.10622619047592
2025-05-01,55,56,09:00-09:20,30.47953619047621
2025-05-01,63,63,10:20-10:30,23.432241428570933
2025-05-01,66,68,10:50-11:20,127.20098952380863
2025-05-01,70,70,11:30-11:40,20.987436666666554
2025-05-01,73,74,12:00-12:20,107.76003619047628
2025-05-01,78,78,12:50-13:00,68.67332666666653
2025-05-01,96,96,15:50-16:00,16.358492857142892
2025-05-01,99,99,16:20-16:30,33.38489380952399
2025-05-01,102,105,16:50-17:30,60.786049047619
2025-05-01,107,108,17:40-18:00,55.740177142857306
2025-05-01,112,112,18:30-18:40,9.453917142856895
2025-05-01,115,116,19:00-19:20,69.10937333333311
2025-05-01,118,119,19:30-19:50,43.756206666666685
2025-05-01,122,133,20:10-22:10,1176.8292510941967
2025-05-01,136,137,22:30-22:50,30.321930000000293
2025-05-01,140,141,23:10-23:30,62.48693999999978
2025-05-01,144,144,23:50-24:00,10.672889999999825
2025-05-02,1,1,00:00-00:10,26.63994666666673
2025-05-02,6,10,00:50-01:40,44.60214000000002
2025-05-02,13,13,02:00-02:10,16.025303333333284
2025-05-02,17,18,02:40-03:00,48.87228666666664
2025-05-02,21,22,03:20-03:40,43.48266904761891
2025-05-02,26,27,04:10-04:30,54.59507095238109
2025-05-02,30,31,04:50-05:10,20.48441714285707
2025-05-02,35,38,05:40-06:20,54.367126190476114
2025-05-02,41,42,06:40-07:00,57.93027142857156
2025-05-02,45,45,07:20-07:30,21.47211666666658
2025-05-02,48,49,07:50-08:10,13.828223333333085
2025-05-02,52,53,08:30-08:50,19.979599523809497
2025-05-02,57,65,09:20-10:50,134.5269861904767
2025-05-02,98,100,16:10-16:40,110.83069495238094
2025-05-02,104,104,17:10-17:20,16.551167142857196
2025-05-02,107,108,17:40-18:00,74.76021248381318
2025-05-02,112,113,18:30-18:50,83.45694742857125
2025-05-02,115,116,19:00-19:20,37.46480761904763
2025-05-02,118,119,19:30-19:50,52.228730952381056
2025-05-02,122,131,20:10-21:50,1512.6780698833268
2025-05-02,133,134,22:00-22:20,36.444643333333204
2025-05-02,138,139,22:50-23:10,36.29281999999989
2025-05-02,142,143,23:30-23:50,82.97428666666679
2025-05-03,1,1,00:00-00:10,3.431693333333328
2025-05-03,3,4,00:20-00:40,32.89971999999989
2025-05-03,7,8,01:00-01:20,102.29464666666655
2025-05-03,15,16,02:20-02:40,10.477199999999982
2025-05-03,19,21,03:00-03:30,23.027333333333274
2025-05-03,23,24,03:40-04:00,39.60544666666672
2025-05-03,27,27,04:20-04:30,21.16211047619049
2025-05-03,30,31,04:50-05:10,23.380969047619033
2025-05-03,34,35,05:30-05:50,26.952572380952354
2025-05-03,39,40,06:20-06:40,23.20385142857134
2025-05-03,42,44,06:50-07:20,68.10505000000006
2025-05-03,46,46,07:30-07:40,37.15868952380981
2025-05-03,49,50,08:00-08:20,27.92076952380944
2025-05-03,52,52,08:30-08:40,6.497032380952305
2025-05-03,55,56,09:00-09:20,45.02561333333301
2025-05-03,58,59,09:30-09:50,88.29358285714306
2025-05-03,62,62,10:10-10:20,3.01930666666658
2025-05-03,101,102,16:40-17:00,27.933882857142745
2025-05-03,104,105,17:10-17:30,26.89396761904767
2025-05-03,109,111,18:00-18:30,106.4455238095237
2025-05-03,114,114,18:50-19:00,69.37719428571421
2025-05-03,118,120,19:30-20:00,68.9853333333337
2025-05-03,123,123,20:20-20:30,8.238586666666833
2025-05-03,125,131,20:40-21:50,852.3023289350792
2025-05-03,134,135,22:10-22:30,63.89024666666677
2025-05-03,138,140,22:50-23:20,47.66770666666662
2025-05-03,144,144,23:50-24:00,12.114396666666607
2025-05-04,1,3,00:00-00:30,52.01799999999969
2025-05-04,7,7,01:00-01:10,20.60358666666673
2025-05-04,11,12,01:40-02:00,11.893253333333178
2025-05-04,15,19,02:20-03:10,56.66976333333355
2025-05-04,24,25,03:50-04:10,71.76871999999992
2025-05-04,28,28,04:30-04:40,14.883310952380839
2025-05-04,31,32,05:00-05:20,52.62771809523813
2025-05-04,37,38,06:00-06:20,29.352175238094958
2025-05-04,40,41,06:30-06:50,12.439762857142853
2025-05-04,44,45,07:10-07:30,44.07864095238102
2025-05-04,48,51,07:50-08:30,117.31678285714281
2025-05-04,55,56,09:00-09:20,30.590082857143216
2025-05-04,60,62,09:50-10:20,54.68677047618985
2025-05-04,65,69,10:40-11:30,220.4585733333331
2025-05-04,73,75,12:00-12:30,93.25278571428544
2025-05-04,100,101,16:30-16:50,8.602835714285561
2025-05-04,104,105,17:10-17:30,16.950040952380846
2025-05-04,107,109,17:40-18:10,44.95418809523774
2025-05-04,112,113,18:30-18:50,131.11639857142848
2025-05-04,118,119,19:30-19:50,33.00534333333337
2025-05-04,121,121,20:00-20:10,13.02726952380931
2025-05-04,124,125,20:30-20:50,63.1270199999999
2025-05-04,128,129,21:10-21:30,10.715226666666695
2025-05-04,131,132,21:40-22:00,49.80019999999979
2025-05-04,136,136,22:30-22:40,17.627476666666553
2025-05-04,139,140,23:00-23:20,26.625456666666878
2025-05-04,142,142,23:30-23:40,7.075223333333497
2025-05-05,1,2,00:00-00:20,73.07244333333335
2025-05-05,5,6,00:40-01:00,49.76940666666678
2025-05-05,9,10,01:20-01:40,60.75670666666656
2025-05-05,13,14,02:00-02:20,81.69516999999985
2025-05-05,19,24,03:00-04:00,63.70099999999985
2025-05-05,27,27,04:20-04:30,14.305080952381218
2025-05-05,29,30,04:40-05:00,39.99578000000014
2025-05-05,33,33,05:20-05:30,8.852726190476208
2025-05-05,37,38,06:00-06:20,45.78632999999991
2025-05-05,40,41,06:30-06:50,42.6464776190478
2025-05-05,43,47,07:00-07:50,113.03851857142834
2025-05-05,53,53,08:40-08:50,1.3098595238095072
2025-05-05,56,57,09:10-09:30,55.58515238095265
2025-05-05,60,60,09:50-10:00,12.161433333333207
2025-05-05,66,66,10:50-11:00,58.22158571428554
2025-05-05,69,70,11:20-11:40,28.620692380952732
2025-05-05,73,79,12:00-13:10,269.0241075238089
2025-05-05,82,83,13:30-13:50,92.47141714285726
2025-05-05,87,87,14:20-14:30,2.186369047618882
2025-05-05,92,93,15:10-15:30,67.37788523809479
2025-05-05,96,101,15:50-16:50,209.01566666666645
2025-05-05,103,106,17:00-17:40,65.85206904761881
2025-05-05,109,110,18:00-18:20,106.82720904761938
2025-05-05,112,113,18:30-18:50,24.994099523809545
2025-05-05,117,118,19:20-19:40,1.989089047619018
2025-05-05,121,122,20:00-20:20,52.61810999999989
2025-05-05,125,127,20:40-21:10,53.25486333333333
2025-05-05,132,133,21:50-22:10,52.335536666666485
2025-05-05,136,136,22:30-22:40,5.771750000000338
2025-05-05,139,141,23:00-23:30,46.192333333333636
2025-05-06,3,5,00:20-00:50,69.60415999999987
2025-05-06,12,15,01:50-02:30,36.23362000000043
2025-05-06,19,20,03:00-03:20,67.99400000000014
2025-05-06,23,27,03:40-04:30,62.904923333333244
2025-05-06,31,32,05:00-05:20,17.625131428571493
2025-05-06,36,37,05:50-06:10,29.781804285714543
2025-05-06,40,40,06:30-06:40,33.821602857142864
2025-05-06,43,45,07:00-07:30,86.76972619047615
2025-05-06,47,48,07:40-08:00,35.52903761904753
2025-05-06,50,51,08:10-08:30,74.44963999999982
2025-05-06,54,58,08:50-09:40,222.95443285714293
2025-05-06,61,61,10:00-10:10,8.194986666666637
2025-05-06,65,66,10:40-11:00,97.07656476190505
2025-05-06,69,70,11:20-11:40,61.39048238095211
2025-05-06,73,73,12:00-12:10,13.219863333333251
2025-05-06,79,80,13:00-13:20,114.78250333333312
2025-05-06,82,83,13:30-13:50,33.821062932911445
2025-05-06,95,95,15:40-15:50,25.00472952380943
2025-05-06,101,101,16:40-16:50,1.7657348571424905
2025-05-06,103,103,17:00-17:10,7.16611857142874
2025-05-06,106,106,17:30-17:40,19.596598571428586
2025-05-06,109,112,18:00-18:40,97.60818476190474
2025-05-06,115,116,19:00-19:20,54.3913633333334
2025-05-06,119,120,19:40-20:00,64.9135133333333
2025-05-06,123,125,20:20-20:50,56.35028333333378
2025-05-06,128,129,21:10-21:30,64.02842333333342
2025-05-06,131,132,21:40-22:00,95.21781666666652
2025-05-06,135,135,22:20-22:30,46.33075000000008
2025-05-06,141,141,23:20-23:30,13.187206666666725
2025-05-06,143,144,23:40-24:00,19.65903999999989
2025-05-07,3,4,00:20-00:40,81.21774666666659
2025-05-07,10,11,01:30-01:50,17.94964333333337
2025-05-07,14,15,02:10-02:30,39.63570000000027
2025-05-07,18,18,02:50-03:00,12.506150000000162
2025-05-07,22,22,03:30-03:40,11.395936666666444
2025-05-07,25,26,04:00-04:20,43.28935142857132
2025-05-07,28,32,04:30-05:20,41.35206904761886
2025-05-07,35,35,05:40-05:50,1.290371904761912
2025-05-07,39,41,06:20-06:50,68.2432985714288
2025-05-07,43,44,07:00-07:20,28.13103238095215
2025-05-07,47,48,07:40-08:00,23.279437142857006
2025-05-07,50,51,08:10-08:30,27.802605714286102
2025-05-07,53,55,08:40-09:10,89.68466619047571
2025-05-07,59,60,09:40-10:00,44.02872809523751
2025-05-07,62,63,10:10-10:30,87.91020904761899
2025-05-07,66,67,10:50-11:10,65.58074809523782
2025-05-07,72,73,11:50-12:10,16.77053285714237
2025-05-07,77,80,12:40-13:20,129.64773904761932
2025-05-07,89,90,14:40-15:00,13.940181904762134
2025-05-07,98,100,16:10-16:40,101.15350619047604
2025-05-07,103,105,17:00-17:30,89.86198809523839
2025-05-07,108,109,17:50-18:10,20.86439380952345
2025-05-07,112,114,18:30-19:00,72.08105952380933
2025-05-07,116,117,19:10-19:30,35.02972619047614
2025-05-07,120,123,19:50-20:30,52.24141666666628
2025-05-07,125,125,20:40-20:50,10.214245333333224
2025-05-07,127,128,21:00-21:20,36.43449999999996
2025-05-07,131,132,21:40-22:00,44.96076333333326
2025-05-07,135,135,22:20-22:30,4.863853333333054
2025-05-07,137,138,22:40-23:00,37.202929999999924
2025-05-07,143,144,23:40-24:00,53.74099999999987
2025-05-08,1,3,00:00-00:30,67.90400000000011
2025-05-08,6,7,00:50-01:10,32.64340333333337
2025-05-08,14,16,02:10-02:40,42.59372333333306
2025-05-08,19,20,03:00-03:20,29.687046666666895
2025-05-08,23,23,03:40-03:50,2.9982680952379757
2025-05-08,25,25,04:00-04:10,1.9926366666666127
2025-05-08,29,31,04:40-05:10,93.36236333333355
2025-05-08,35,35,05:40-05:50,2.6124014285714594
2025-05-08,37,37,06:00-06:10,8.168540476190401
2025-05-08,40,41,06:30-06:50,38.12961142857165
2025-05-08,44,45,07:10-07:30,48.30328095238059
2025-05-08,49,50,08:00-08:20,31.46317380952408
2025-05-08,52,53,08:30-08:50,86.61793666666662
2025-05-08,55,56,09:00-09:20,45.02185809523811
2025-05-08,60,61,09:50-10:10,52.22618238095197
2025-05-08,63,66,10:20-11:00,133.2427090476192
2025-05-08,72,73,11:50-12:10,140.090803809524
2025-05-08,76,77,12:30-12:50,30.59583190476178
2025-05-08,79,79,13:00-13:10,1.6062028571432165
2025-05-08,82,83,13:30-13:50,42.94478619047641
2025-05-08,85,85,14:00-14:10,3.7765509523812852
2025-05-08,87,88,14:20-14:40,85.67158771428615
2025-05-08,92,92,15:10-15:20,0.8505447619045015
2025-05-08,100,102,16:30-17:00,62.93441666666678
2025-05-08,107,107,17:40-17:50,64.89564295238122
2025-05-08,112,113,18:30-18:50,84.51851666666647
2025-05-08,116,117,19:10-19:30,16.017940952381196
2025-05-08,120,122,19:50-20:20,118.04799333333335
2025-05-08,126,127,20:50-21:10,21.815249999999764
2025-05-08,130,131,21:30-21:50,58.24658666666676
2025-05-08,135,135,22:20-22:30,58.69235666666668
2025-05-08,139,139,23:00-23:10,1.7466366666667454
2025-05-08,142,143,23:30-23:50,63.84121333333337
2025-05-09,1,1,00:00-00:10,33.39818333333335
2025-05-09,4,5,00:30-00:50,68.32327000000004
2025-05-09,10,11,01:30-01:50,42.24162333333334
2025-05-09,14,17,02:10-02:50,44.96205333333319
2025-05-09,23,24,03:40-04:00,24.93541333333343
2025-05-09,26,27,04:10-04:30,10.722923333333426
2025-05-09,30,30,04:50-05:00,15.788852857142842
2025-05-09,32,33,05:10-05:30,18.8320704761906
2025-05-09,37,38,06:00-06:20,22.915872857142745
2025-05-09,40,40,06:30-06:40,0.7273347619047286
2025-05-09,43,45,07:00-07:30,83.31423809523824
2025-05-09,50,55,08:10-09:10,99.29504952380933
2025-05-09,61,62,10:00-10:20,36.71028238095232
2025-05-09,64,66,10:30-11:00,131.67545238095295
2025-05-09,102,102,16:50-17:00,43.14463342857164
2025-05-09,108,109,17:50-18:10,59.9355076190476
2025-05-09,112,113,18:30-18:50,35.96678619047617
2025-05-09,115,117,19:00-19:30,57.96333333333325
2025-05-09,119,120,19:40-20:00,53.50094809523813
2025-05-09,123,125,20:20-20:50,37.47219000000007
2025-05-09,128,129,21:10-21:30,17.678546666666648
2025-05-09,133,133,22:00-22:10,2.4356266666666215
2025-05-09,136,139,22:30-23:10,25.280899999999747
2025-05-09,144,144,23:50-24:00,15.30225333333334
2025-05-10,2,4,00:10-00:40,27.180159999999887
2025-05-10,7,8,01:00-01:20,35.86821666666657
2025-05-10,11,12,01:40-02:00,52.48481333333331
2025-05-10,15,15,02:20-02:30,48.094083333333344
2025-05-10,18,20,02:50-03:20,32.11461904761899
2025-05-10,24,25,03:50-04:10,80.26654619047633
2025-05-10,28,30,04:30-05:00,26.763666666666722
2025-05-10,32,33,05:10-05:30,33.25904047619044
2025-05-10,38,42,06:10-07:00,20.161633333333413
2025-05-10,44,47,07:10-07:50,159.64245666666665
2025-05-10,52,53,08:30-08:50,118.52986761904776
2025-05-10,58,58,09:30-09:40,15.997520000000122
2025-05-10,61,62,10:00-10:20,88.80625666666651
2025-05-10,64,64,10:30-10:40,65.80056714285729
2025-05-10,98,98,16:10-16:20,14.518997619048058
2025-05-10,100,101,16:30-16:50,11.236700476190393
2025-05-10,107,109,17:40-18:10,55.605329523809445
2025-05-10,111,112,18:20-18:40,34.03165714285723
2025-05-10,116,118,19:10-19:40,82.31688380952369
2025-05-10,121,121,20:00-20:10,6.279695238095201
2025-05-10,124,126,20:30-21:00,73.9083333333333
2025-05-10,129,129,21:20-21:30,35.73622000000012
2025-05-10,134,135,22:10-22:30,34.30905333333334
2025-05-10,138,138,22:50-23:00,32.81815666666671
2025-05-10,144,144,23:50-24:00,46.57269666666673
2025-05-11,1,1,00:00-00:10,5.578606666666701
2025-05-11,3,3,00:20-00:30,11.828480000000127
2025-05-11,5,6,00:40-01:00,40.832466666666505
2025-05-11,9,9,01:20-01:30,30.7712200000002
2025-05-11,12,13,01:50-02:10,33.68736333333345
2025-05-11,16,16,02:30-02:40,22.389676666666674
2025-05-11,19,21,03:00-03:30,39.773000000000145
2025-05-11,23,24,03:40-04:00,40.54962333333359
2025-05-11,27,28,04:20-04:40,27.838807619047657
2025-05-11,31,31,05:00-05:10,20.881266666666647
2025-05-11,37,38,06:00-06:20,25.073224761905067
2025-05-11,40,40,06:30-06:40,8.093886190475928
2025-05-11,44,45,07:10-07:30,40.455934761904615
2025-05-11,48,49,07:50-08:10,91.10775952380988
2025-05-11,52,53,08:30-08:50,15.821717619047817
2025-05-11,55,59,09:00-09:50,176.0246004761907
2025-05-11,61,61,10:00-10:10,25.226384285713493
2025-05-11,64,68,10:30-11:20,124.4343914285721
2025-05-11,72,73,11:50-12:10,42.428315238095365
2025-05-11,87,87,14:20-14:30,5.4766895238091635
2025-05-11,92,93,15:10-15:30,6.959995238095331
2025-05-11,95,95,15:40-15:50,1.1901390476189704
2025-05-11,99,99,16:20-16:30,9.020750476190528
2025-05-11,107,107,17:40-17:50,8.516701904762044
2025-05-11,109,112,18:00-18:40,116.29026095238103
2025-05-11,115,117,19:00-19:30,86.90366666666671
2025-05-11,120,120,19:50-20:00,53.66669000000002
2025-05-11,123,123,20:20-20:30,21.576740000000086
2025-05-11,127,128,21:00-21:20,16.65057666666678
2025-05-11,131,131,21:40-21:50,2.830536666666603
2025-05-11,134,135,22:10-22:30,89.09299666666675
2025-05-11,138,139,22:50-23:10,56.6873700000001
2025-05-11,141,141,23:20-23:30,7.043093333333218
2025-05-12,1,1,00:00-00:10,14.067923333333283
2025-05-12,3,3,00:20-00:30,6.800759999999968
2025-05-12,5,6,00:40-01:00,33.99585333333334
2025-05-12,9,10,01:20-01:40,52.60991333333334
2025-05-12,14,15,02:10-02:30,42.44310666666661
2025-05-12,18,19,02:50-03:10,41.18684999999982
2025-05-12,23,24,03:40-04:00,42.68222000000007
2025-05-12,26,27,04:10-04:30,17.861916666666705
2025-05-12,30,30,04:50-05:00,15.233241428571546
2025-05-12,36,36,05:50-06:00,30.47869952380927
2025-05-12,43,43,07:00-07:10,3.1957780952379835
2025-05-12,49,49,08:00-08:10,13.828653809523814
2025-05-12,52,54,08:30-09:00,103.71069047619062
2025-05-12,58,59,09:30-09:50,78.53780809523823
2025-05-12,62,70,10:10-11:40,327.58033048787865
2025-05-12,95,95,15:40-15:50,7.153356190475819
2025-05-12,97,98,16:00-16:20,26.86907780952407
2025-05-12,101,101,16:40-16:50,16.462837142857154
2025-05-12,103,103,17:00-17:10,2.4328785714286028
2025-05-12,107,108,17:40-18:00,8.842390952380498
2025-05-12,110,111,18:10-18:30,65.68594952380947
2025-05-12,114,116,18:50-19:20,99.67601000000002
2025-05-12,121,122,20:00-20:20,57.53803000000016
2025-05-12,125,126,20:40-21:00,56.9204347619044
2025-05-12,129,132,21:20-22:00,51.433349999999564
2025-05-12,135,135,22:20-22:30,6.7498699999998735
2025-05-12,137,138,22:40-23:00,48.89111666666645
2025-05-12,141,141,23:20-23:30,14.989803333333157
2025-05-13,2,3,00:10-00:30,16.99482000000023
2025-05-13,5,6,00:40-01:00,49.476599999999735
2025-05-13,10,12,01:30-02:00,27.296333333333337
2025-05-13,15,16,02:20-02:40,14.064116666666905
2025-05-13,20,22,03:10-03:40,14.916709999999917
2025-05-13,25,26,04:00-04:20,69.21502666666683
2025-05-13,30,30,04:50-05:00,26.62899857142861
2025-05-13,33,33,05:20-05:30,3.5109933333333814
2025-05-13,35,36,05:40-06:00,34.157912666666704
2025-05-13,39,39,06:20-06:30,12.736767142857161
2025-05-13,42,44,06:50-07:20,69.89191809523837
2025-05-13,48,50,07:50-08:20,101.25675285714306
2025-05-13,54,55,08:50-09:10,14.948768571428403
2025-05-13,58,59,09:30-09:50,53.333283333333384
2025-05-13,61,63,10:00-10:30,78.43316666666692
2025-05-13,67,68,11:00-11:20,43.906023333332996
2025-05-13,70,72,11:30-12:00,182.71155952380923
2025-05-13,107,107,17:40-17:50,5.742294761904674
2025-05-13,110,111,18:10-18:30,24.274511904761816
2025-05-13,113,115,18:40-19:10,80.16364928630242
2025-05-13,118,119,19:30-19:50,24.088403333333417
2025-05-13,122,123,20:10-20:30,28.655834761904885
2025-05-13,126,126,20:50-21:00,51.11615333333316
2025-05-13,134,136,22:10-22:40,53.1797633333332
2025-05-13,139,141,23:00-23:30,13.412333333333436
2025-05-14,2,3,00:10-00:30,20.511553333333154
2025-05-14,6,6,00:50-01:00,5.594169999999963
2025-05-14,9,14,01:20-02:20,23.152313333333836
2025-05-14,19,24,03:00-04:00,53.44266666666622
2025-05-14,28,29,04:30-04:50,54.640812380952454
2025-05-14,33,33,05:20-05:30,9.817420952381006
2025-05-14,35,36,05:40-06:00,23.9591690476189
2025-05-14,38,40,06:10-06:40,65.13443952380953
2025-05-14,43,45,07:00-07:30,33.12236904761889
2025-05-14,49,50,08:00-08:20,34.48495238095265
2025-05-14,56,57,09:10-09:30,60.795305238095125
2025-05-14,59,63,09:40-10:30,125.67156238095231
2025-05-14,66,68,10:50-11:20,57.997946666666394
2025-05-14,75,75,12:20-12:30,33.63582123809533
2025-05-14,103,104,17:00-17:20,20.470084380951675
2025-05-14,106,107,17:30-17:50,7.265980476190492
2025-05-14,109,109,18:00-18:10,14.002705714285469
2025-05-14,112,113,18:30-18:50,36.17638047619029
2025-05-14,115,115,19:00-19:10,2.9997871428570306
2025-05-14,118,120,19:30-20:00,89.71833333333348
2025-05-14,123,124,20:20-20:40,38.292686666666896
2025-05-14,127,129,21:00-21:30,32.59933333333322
2025-05-14,132,132,21:50-22:00,2.5065166666665846
2025-05-14,136,136,22:30-22:40,44.2172566666668
2025-05-14,139,139,23:00-23:10,33.01423333333332
2025-05-14,142,143,23:30-23:50,56.07003000000009
2025-05-15,2,2,00:10-00:20,2.324583333333294
2025-05-15,6,6,00:50-01:00,7.7929266666667445
2025-05-15,8,9,01:10-01:30,12.777050000000145
2025-05-15,11,12,01:40-02:00,61.041383333333215
2025-05-15,15,17,02:20-02:50,53.59041666666667
2025-05-15,24,28,03:50-04:40,39.8820942857144
2025-05-15,32,33,05:10-05:30,20.565359999999945
2025-05-15,35,36,05:40-06:00,53.61051904761885
2025-05-15,39,39,06:20-06:30,8.148842857142995
2025-05-15,41,42,06:40-07:00,73.23473809523784
2025-05-15,44,46,07:10-07:40,76.43452904761878
2025-05-15,51,52,08:20-08:40,50.279373809523776
2025-05-15,55,59,09:00-09:50,96.90515142857134
2025-05-15,61,63,10:00-10:30,80.93009523809519
2025-05-15,66,66,10:50-11:00,20.51538857142873
2025-05-15,69,69,11:20-11:30,0.4037776190475597
2025-05-15,72,72,11:50-12:00,16.724244285714803
2025-05-15,87,87,14:20-14:30,8.845150190476488
2025-05-15,90,92,14:50-15:20,34.34834722045866
2025-05-15,95,96,15:40-16:00,69.44608857142882
2025-05-15,98,99,16:10-16:30,71.46702095238095
2025-05-15,104,105,17:10-17:30,82.44788428571394
2025-05-15,108,108,17:50-18:00,10.457725714285715
2025-05-15,111,114,18:20-19:00,81.91454761904754
2025-05-15,117,118,19:20-19:40,28.39348714285711
2025-05-15,121,122,20:00-20:20,44.46467333333351
2025-05-15,125,127,20:40-21:10,105.18083666666678
2025-05-15,131,135,21:40-22:30,43.83980333333341
2025-05-15,139,140,23:00-23:20,41.22727199999986
2025-05-15,143,144,23:40-24:00,23.446576666666544
2025-05-16,1,3,00:00-00:30,53.59600000000012
2025-05-16,8,10,01:10-01:40,41.1561866666666
2025-05-16,13,13,02:00-02:10,12.054450000000031
2025-05-16,16,16,02:30-02:40,10.1984966666667
2025-05-16,19,20,03:00-03:20,39.98079190476193
2025-05-16,22,24,03:30-04:00,41.4343333333332
2025-05-16,27,31,04:20-05:10,63.83026714285732
2025-05-16,35,36,05:40-06:00,38.2528147619046
2025-05-16,40,43,06:30-07:10,55.34384333333332
2025-05-16,46,46,07:30-07:40,20.922626190476194
2025-05-16,49,50,08:00-08:20,13.283867142857048
2025-05-16,53,55,08:40-09:10,72.58204476190463
2025-05-16,59,60,09:40-10:00,100.08696952380956
2025-05-16,109,110,18:00-18:20,114.11078428571426
2025-05-16,112,112,18:30-18:40,2.147097619047713
2025-05-16,116,118,19:10-19:40,8.85779714285701
2025-05-16,121,122,20:00-20:20,112.29455333333351
2025-05-16,126,128,20:50-21:20,117.98257999999998
2025-05-16,135,135,22:20-22:30,15.413459999999986
2025-05-16,137,138,22:40-23:00,45.65181000000007
2025-05-16,141,143,23:20-23:50,47.94979999999998
2025-05-17,1,2,00:00-00:20,28.286833333333277
2025-05-17,6,10,00:50-01:40,52.62389666666661
2025-05-17,13,14,02:00-02:20,39.3630133333333
2025-05-17,17,17,02:40-02:50,13.399423333333345
2025-05-17,20,22,03:10-03:40,60.549883333333355
2025-05-17,25,26,04:00-04:20,5.851130000000012
2025-05-17,29,31,04:40-05:10,29.997951428571383
2025-05-17,35,36,05:40-06:00,11.64638714285718
2025-05-17,38,39,06:10-06:30,25.367166190476254
2025-05-17,44,45,07:10-07:30,46.37143619047595
2025-05-17,47,48,07:40-08:00,31.18042142857132
2025-05-17,51,53,08:20-08:50,70.27425619047642
2025-05-17,55,55,09:00-09:10,40.122886190476265
2025-05-17,58,62,09:30-10:20,85.99135619047638
2025-05-17,100,102,16:30-17:00,103.32505952380953
2025-05-17,106,106,17:30-17:40,0.555541428571388
2025-05-17,109,110,18:00-18:20,95.84611523809536
2025-05-17,112,112,18:30-18:40,27.074083333333363
2025-05-17,115,118,19:00-19:40,120.8659695238095
2025-05-17,121,123,20:00-20:30,69.04866666666652
2025-05-17,126,126,20:50-21:00,3.0174899999999525
2025-05-17,131,133,21:40-22:10,34.01966999999979
2025-05-17,136,137,22:30-22:50,76.37235999999984
2025-05-17,141,142,23:20-23:40,26.962643333333517
2025-05-17,144,144,23:50-24:00,0.5053366666666079
2025-05-18,1,3,00:00-00:30,28.95066666666662
2025-05-18,8,10,01:10-01:40,73.77200000000028
2025-05-18,13,14,02:00-02:20,34.8685066666668
2025-05-18,17,18,02:40-03:00,40.14821999999981
2025-05-18,21,24,03:20-04:00,38.852473333333364
2025-05-18,26,27,04:10-04:30,14.152600000000007
2025-05-18,30,30,04:50-05:00,14.06329333333315
2025-05-18,33,34,05:20-05:40,39.78841333333315
2025-05-18,38,39,06:10-06:30,25.73422761904726
2025-05-18,41,42,06:40-07:00,35.167471428571275
2025-05-18,45,47,07:20-07:50,126.55444476190468
2025-05-18,50,51,08:10-08:30,40.83406714285704
2025-05-18,55,56,09:00-09:20,7.244203333333189
2025-05-18,59,60,09:40-10:00,65.7198761904765
2025-05-18,62,63,10:10-10:30,62.35012619047575
2025-05-18,66,67,10:50-11:10,95.92290952380995
2025-05-18,70,73,11:30-12:10,245.18408952380946
2025-05-18,81,81,13:20-13:30,13.960445238095417
2025-05-18,84,85,13:50-14:10,36.34640708112897
2025-05-18,107,107,17:40-17:50,6.918879523809522
2025-05-18,109,110,18:00-18:20,22.268740000000093
2025-05-18,115,116,19:00-19:20,34.581423333333305
2025-05-18,118,119,19:30-19:50,48.549536666666654
2025-05-18,122,123,20:10-20:30,90.80255380952383
2025-05-18,127,128,21:00-21:20,69.90341666666666
2025-05-18,130,130,21:30-21:40,11.021023333333233
2025-05-18,133,134,22:00-22:20,60.995219999999904
2025-05-18,138,139,22:50-23:10,57.45848666666666
2025-05-18,143,144,23:40-24:00,22.056343333333416
2025-05-19,1,1,00:00-00:10,10.672326666666663
2025-05-19,3,3,00:20-00:30,2.948750000000132
2025-05-19,9,12,01:20-02:00,45.551726666666696
2025-05-19,15,15,02:20-02:30,5.026986666666858
2025-05-19,18,19,02:50-03:10,39.410413333333395
2025-05-19,23,25,03:40-04:10,3.319735714285353
2025-05-19,28,28,04:30-04:40,3.331462380952434
2025-05-19,31,33,05:00-05:30,40.90664285714325
2025-05-19,37,39,06:00-06:30,42.39592857142861
2025-05-19,42,42,06:50-07:00,20.222477619047822
2025-05-19,44,45,07:10-07:30,5.8517138095238295
2025-05-19,47,49,07:40-08:10,71.13776952380965
2025-05-19,54,56,08:50-09:20,105.35554285714261
2025-05-19,59,60,09:40-10:00,85.0987404761911
2025-05-19,63,64,10:20-10:40,201.8474199999996
2025-05-19,67,68,11:00-11:20,48.81513523809508
2025-05-19,108,108,17:50-18:00,40.473820000000245
2025-05-19,112,112,18:30-18:40,26.36611085479124
2025-05-19,114,115,18:50-19:10,26.151224285714648
2025-05-19,118,118,19:30-19:40,14.456949523809385
2025-05-19,121,123,20:00-20:30,153.6473333333336
2025-05-19,128,129,21:10-21:30,96.66230666666684
2025-05-19,132,133,21:50-22:10,44.0935066666666
2025-05-19,136,136,22:30-22:40,2.7197833333332255
2025-05-19,139,140,23:00-23:20,55.65706133333333
2025-05-19,143,144,23:40-24:00,25.513740000000098
2025-05-20,1,1,00:00-00:10,25.06833000000006
2025-05-20,3,3,00:20-00:30,10.552506666666432
2025-05-20,6,6,00:50-01:00,17.86275000000012
2025-05-20,12,15,01:50-02:30,30.57093999999995
2025-05-20,18,18,02:50-03:00,4.215313333333256
2025-05-20,21,22,03:20-03:40,22.230557619047666
2025-05-20,29,31,04:40-05:10,30.290592380952273
2025-05-20,35,35,05:40-05:50,0.9202357142855817
2025-05-20,38,40,06:10-06:40,48.509331904762064
2025-05-20,44,45,07:10-07:30,47.47446904761895
2025-05-20,48,52,07:50-08:40,105.28885095238098
2025-05-20,56,57,09:10-09:30,23.046110952380786
2025-05-20,59,60,09:40-10:00,40.476265238095266
2025-05-20,63,63,10:20-10:30,3.110930476189651
2025-05-20,65,66,10:40-11:00,62.52216857142912
2025-05-20,69,74,11:20-12:20,132.6745257142859
2025-05-20,76,76,12:30-12:40,33.27022142857163
2025-05-20,80,80,13:10-13:20,5.691124498065392
2025-05-20,85,85,14:00-14:10,9.323025428570872
2025-05-20,89,89,14:40-14:50,29.719699999999875
2025-05-20,91,91,15:00-15:10,1.928925238094962
2025-05-20,93,94,15:20-15:40,69.77027333333305
2025-05-20,98,100,16:10-16:40,35.063105714285825
2025-05-20,108,109,17:50-18:10,40.57116904761898
2025-05-20,112,114,18:30-19:00,83.95207142857109
2025-05-20,117,117,19:20-19:30,52.02869999999996
2025-05-20,120,122,19:50-20:20,55.67554619047647
2025-05-20,125,125,20:40-20:50,23.777270476190665
2025-05-20,128,130,21:10-21:40,86.29318666666677
2025-05-20,133,133,22:00-22:10,35.1880799999999
2025-05-20,136,137,22:30-22:50,62.675486666666984
2025-05-20,140,142,23:10-23:40,35.0903500000004
2025-05-21,1,1,00:00-00:10,1.9674766666665846
2025-05-21,4,5,00:30-00:50,46.87316333333365
2025-05-21,7,8,01:00-01:20,31.657236666666563
2025-05-21,11,12,01:40-02:00,33.49747000000002
2025-05-21,15,18,02:20-03:00,77.05344666666645
2025-05-21,21,21,03:20-03:30,18.89064333333306
2025-05-21,24,24,03:50-04:00,18.44186190476171
2025-05-21,27,29,04:20-04:50,52.177080476190454
2025-05-21,32,33,05:10-05:30,22.39644952380945
2025-05-21,37,37,06:00-06:10,9.766721428571373
2025-05-21,40,40,06:30-06:40,14.260720952381007
2025-05-21,43,43,07:00-07:10,17.76311142857145
2025-05-21,46,47,07:30-07:50,13.827015238095356
2025-05-21,49,50,08:00-08:20,49.66087523809506
2025-05-21,52,55,08:30-09:10,102.76859428571404
2025-05-21,58,59,09:30-09:50,126.22139095238117
2025-05-21,63,64,10:20-10:40,71.58644047619032
2025-05-21,70,71,11:30-11:50,47.55884380952375
2025-05-21,89,94,14:40-15:40,127.51699761904742
2025-05-21,97,97,16:00-16:10,4.589183333333665
2025-05-21,100,101,16:30-16:50,18.27984190476201
2025-05-21,103,103,17:00-17:10,8.207262380952784
2025-05-21,106,108,17:30-18:00,42.78091666666637
2025-05-21,110,111,18:10-18:30,54.52616285714283
2025-05-21,114,114,18:50-19:00,4.35573428571422
2025-05-21,116,118,19:10-19:40,74.64432619047602
2025-05-21,121,121,20:00-20:10,3.245550000000094
2025-05-21,124,126,20:30-21:00,67.62633333333315
2025-05-21,130,130,21:30-21:40,37.058713333333344
2025-05-21,134,135,22:10-22:30,90.40637333333336
2025-05-21,138,138,22:50-23:00,19.4366
2025-05-21,140,142,23:10-23:40,58.82982333333325
2025-05-22,4,8,00:30-01:20,51.804160000000024
2025-05-22,10,10,01:30-01:40,3.531643333333136
2025-05-22,13,13,02:00-02:10,15.04090999999994
2025-05-22,16,16,02:30-02:40,13.269020000000069
2025-05-22,19,19,03:00-03:10,32.09996666666666
2025-05-22,22,25,03:30-04:10,53.00219476190453
2025-05-22,28,28,04:30-04:40,31.289166666666713
2025-05-22,31,33,05:00-05:30,34.39119047619046
2025-05-22,37,38,06:00-06:20,20.24228619047625
2025-05-22,40,42,06:30-07:00,36.23697619047624
2025-05-22,45,46,07:20-07:40,53.46124666666665
2025-05-22,49,50,08:00-08:20,26.04446619047613
2025-05-22,53,54,08:40-09:00,64.48283190476164
2025-05-22,57,57,09:20-09:30,38.575379999999996
2025-05-22,59,61,09:40-10:10,149.92296666666653
2025-05-22,66,68,10:50-11:20,102.83104000000048
2025-05-22,70,70,11:30-11:40,5.697062380952275
2025-05-22,73,73,12:00-12:10,56.72461809523793
2025-05-22,95,99,15:40-16:30,54.203267288067764
2025-05-22,109,110,18:00-18:20,58.72007638095242
2025-05-22,114,117,18:50-19:30,52.84122666666656
2025-05-22,120,120,19:50-20:00,16.853930000000105
2025-05-22,122,123,20:10-20:30,63.61265238095259
2025-05-22,126,126,20:50-21:00,26.97172666666677
2025-05-22,130,132,21:30-22:00,100.55400000000009
2025-05-22,134,135,22:10-22:30,35.460446666666485
2025-05-22,139,140,23:00-23:20,17.654959999999846
2025-05-23,2,3,00:10-00:30,15.673014666666631
2025-05-23,6,7,00:50-01:10,32.55726666666658
2025-05-23,11,12,01:40-02:00,50.48159666666663
2025-05-23,14,15,02:10-02:30,21.528190000000166
2025-05-23,18,20,02:50-03:20,60.49094333333318
2025-05-23,25,26,04:00-04:20,13.061504285714364
2025-05-23,28,30,04:30-05:00,20.759666666666533
2025-05-23,33,34,05:20-05:40,30.036410476190312
2025-05-23,37,38,06:00-06:20,17.600273333333348
2025-05-23,41,42,06:40-07:00,40.68247380952377
2025-05-23,45,48,07:20-08:00,57.36283380952386
2025-05-23,53,54,08:40-09:00,28.295193809523425
2025-05-23,57,58,09:20-09:40,58.83189380952331
2025-05-23,102,103,16:50-17:10,22.33473476190494
2025-05-23,108,108,17:50-18:00,7.68398809523805
2025-05-23,111,112,18:20-18:40,56.71884571428558
2025-05-23,115,115,19:00-19:10,45.05691142857131
2025-05-23,118,119,19:30-19:50,50.252284285714325
2025-05-23,123,126,20:20-21:00,39.21110142857151
2025-05-23,130,130,21:30-21:40,43.521633333333284
2025-05-23,133,134,22:00-22:20,70.00940066666658
2025-05-23,136,137,22:30-22:50,48.2789333333335
2025-05-23,141,141,23:20-23:30,12.44105333333323
2025-05-24,1,1,00:00-00:10,0.7093813333332832
2025-05-24,3,3,00:20-00:30,8.774186666666708
2025-05-24,6,7,00:50-01:10,19.21525666666662
2025-05-24,10,11,01:30-01:50,39.31562666666673
2025-05-24,13,16,02:00-02:40,21.12399999999991
2025-05-24,19,19,03:00-03:10,1.6848266666665381
2025-05-24,22,24,03:30-04:00,64.16766666666666
2025-05-24,28,29,04:30-04:50,39.56645761904758
2025-05-24,32,32,05:10-05:20,0.021215238095180666
2025-05-24,35,37,05:40-06:10,42.63491476190475
2025-05-24,40,41,06:30-06:50,32.44975047619049
2025-05-24,44,45,07:10-07:30,86.94223761904755
2025-05-24,47,48,07:40-08:00,112.01883619047612
2025-05-24,51,54,08:20-09:00,70.98825857142901
2025-05-24,56,57,09:10-09:30,5.2509361904762955
2025-05-24,108,109,17:50-18:10,28.888368857142723
2025-05-24,112,113,18:30-18:50,45.60668619047624
2025-05-24,115,116,19:00-19:20,85.97662619047622
2025-05-24,122,123,20:10-20:30,51.929167619047575
2025-05-24,126,128,20:50-21:20,16.557123333333493
2025-05-24,130,130,21:30-21:40,1.9976900000002615
2025-05-24,134,134,22:10-22:20,22.07295000000022
2025-05-24,136,136,22:30-22:40,23.98434999999995
2025-05-24,139,140,23:00-23:20,28.618926666666766
2025-05-25,1,2,00:00-00:20,23.550466666666807
2025-05-25,6,6,00:50-01:00,6.308250156379017
2025-05-25,8,9,01:10-01:30,4.418918666666968
2025-05-25,12,12,01:50-02:00,16.383163333333414
2025-05-25,16,17,02:30-02:50,19.66624933333344
2025-05-25,19,20,03:00-03:20,6.596302230452466
2025-05-25,25,25,04:00-04:10,11.165017714285902
2025-05-25,28,29,04:30-04:50,29.989645747207195
2025-05-25,32,33,05:10-05:30,2.638109999999763
2025-05-25,35,35,05:40-05:50,1.9498319047619361
2025-05-25,37,37,06:00-06:10,21.702841428571332
2025-05-25,40,41,06:30-06:50,109.60752476190464
2025-05-25,49,50,08:00-08:20,60.67228190476183
2025-05-25,52,54,08:30-09:00,141.42195238095218
2025-05-25,57,57,09:20-09:30,34.63413333333301
2025-05-25,60,61,09:50-10:10,47.01637857142873
2025-05-25,64,65,10:30-10:50,27.730110952380528
2025-05-25,67,67,11:00-11:10,26.20349619047647
2025-05-25,70,70,11:30-11:40,4.257429047619098
2025-05-25,73,73,12:00-12:10,25.1815204761906
2025-05-25,97,98,16:00-16:20,16.811098476190068
2025-05-25,111,111,18:20-18:30,1.615381999999883
2025-05-25,114,114,18:50-19:00,7.684379523809525
2025-05-25,117,118,19:20-19:40,83.81087666666667
2025-05-25,121,122,20:00-20:20,33.69003809523835
2025-05-25,124,126,20:30-21:00,92.8536666666663
2025-05-25,129,130,21:20-21:40,69.68321000000026
2025-05-25,134,137,22:10-22:50,46.03236999999979
2025-05-25,142,142,23:30-23:40,10.956009333332986
2025-05-26,9,9,01:20-01:30,39.99135599999988
2025-05-26,12,13,01:50-02:10,31.16156666666666
2025-05-26,16,17,02:30-02:50,59.03342331687111
2025-05-26,27,27,04:20-04:30,14.341883047619262
2025-05-26,30,31,04:50-05:10,25.583262857142813
2025-05-26,35,35,05:40-05:50,2.9695190476187463
2025-05-26,39,44,06:20-07:20,136.4284685714283
2025-05-26,49,50,08:00-08:20,94.95331095238106
2025-05-26,54,54,08:50-09:00,55.09362095238073
2025-05-26,57,66,09:20-11:00,320.57385571428586
2025-05-26,70,71,11:30-11:50,101.39232571428602
2025-05-26,74,75,12:10-12:30,117.63567619047626
2025-05-26,78,78,12:50-13:00,9.413097142857168
2025-05-26,81,82,13:20-13:40,69.90806571428584
2025-05-26,89,91,14:40-15:10,108.8054861904759
2025-05-26,95,99,15:40-16:30,99.95810904761913
2025-05-26,102,104,16:50-17:20,55.694735714286196
2025-05-26,108,108,17:50-18:00,30.623612380952324
2025-05-26,110,114,18:10-19:00,51.18861952380953
2025-05-26,118,119,19:30-19:50,20.482339523809515
2025-05-26,121,122,20:00-20:20,9.485804285714352
2025-05-26,124,124,20:30-20:40,25.174856666666642
2025-05-26,127,128,21:00-21:20,52.21970666666675
2025-05-26,130,130,21:30-21:40,45.1706233333332
2025-05-26,134,134,22:10-22:20,13.688550000000077
2025-05-26,136,137,22:30-22:50,52.544406666666646
2025-05-26,141,141,23:20-23:30,24.047366666666676
2025-05-26,144,144,23:50-24:00,20.565259999999967
2025-05-27,1,1,00:00-00:10,37.29903666666655
2025-05-27,7,10,01:00-01:40,59.0983733333336
2025-05-27,13,15,02:00-02:30,68.48266666666666
2025-05-27,17,18,02:40-03:00,31.821696666666526
2025-05-27,21,21,03:20-03:30,25.406906666666487
2025-05-27,23,24,03:40-04:00,18.745113333333393
2025-05-27,27,28,04:20-04:40,61.952067619047824
2025-05-27,32,33,05:10-05:30,5.892673333333036
2025-05-27,36,37,05:50-06:10,17.08754571428574
2025-05-27,42,45,06:50-07:30,115.39363190476192
2025-05-27,48,48,07:50-08:00,2.4635866666667994
2025-05-27,50,51,08:10-08:30,38.78592333333307
2025-05-27,55,57,09:00-09:30,117.55174999999986
2025-05-27,61,64,10:00-10:40,181.44255857142844
2025-05-27,70,71,11:30-11:50,34.82748000000015
2025-05-27,74,74,12:10-12:20,30.84665333333328
2025-05-27,97,97,16:00-16:10,17.78959761904764
2025-05-27,115,115,19:00-19:10,15.017263333333176
2025-05-27,118,118,19:30-19:40,30.38985333333335
2025-05-27,121,122,20:00-20:20,47.455232857142704
2025-05-27,127,130,21:00-21:40,11.96758333333321
2025-05-27,134,135,22:10-22:30,70.98995333333312
2025-05-27,138,138,22:50-23:00,50.36096666666663
2025-05-27,141,142,23:20-23:40,73.5370166666662
2025-05-28,2,3,00:10-00:30,58.51185666666686
2025-05-28,6,8,00:50-01:20,24.086739999999963
2025-05-28,12,13,01:50-02:10,57.62375999999995
2025-05-28,17,18,02:40-03:00,59.22651999999971
2025-05-28,22,22,03:30-03:40,27.754099047618922
2025-05-28,25,26,04:00-04:20,17.931499999999804
2025-05-28,28,29,04:30-04:50,21.042180000000194
2025-05-28,32,33,05:10-05:30,16.139537142857215
2025-05-28,35,36,05:40-06:00,48.57608142857151
2025-05-28,39,42,06:20-07:00,90.15610476190454
2025-05-28,47,48,07:40-08:00,69.1247633333337
2025-05-28,54,55,08:50-09:10,50.97324523809489
2025-05-28,58,59,09:30-09:50,91.42669238095209
2025-05-28,61,61,10:00-10:10,14.421230952380938
2025-05-28,65,67,10:40-11:10,120.15556571428647
2025-05-28,69,71,11:20-11:50,69.04907476190488
2025-05-28,75,75,12:20-12:30,14.805208571428693
2025-05-28,80,80,13:10-13:20,4.685480476190605
2025-05-28,83,84,13:40-14:00,73.83439857142889
2025-05-28,102,102,16:50-17:00,31.341788190476166
2025-05-28,114,114,18:50-19:00,34.80589619047623
2025-05-28,117,118,19:20-19:40,82.6335614285714
2025-05-28,121,121,20:00-20:10,38.27679333333333
2025-05-28,124,125,20:30-20:50,33.89790000000005
2025-05-28,127,127,21:00-21:10,5.260806666666781
2025-05-28,130,131,21:30-21:50,57.89148333333344
2025-05-28,136,136,22:30-22:40,32.391779999999926
2025-05-28,139,140,23:00-23:20,54.64930800000025
2025-05-29,1,2,00:00-00:20,32.51102999999978
2025-05-29,5,6,00:40-01:00,13.759343333333504
2025-05-29,8,9,01:10-01:30,28.581273333333115
2025-05-29,12,12,01:50-02:00,6.325303333333295
2025-05-29,14,18,02:10-03:00,63.6789200000004
2025-05-29,21,21,03:20-03:30,15.217859999999973
2025-05-29,24,27,03:50-04:30,67.99954333333305
2025-05-29,30,30,04:50-05:00,22.48638333333338
2025-05-29,33,34,05:20-05:40,18.104439544648102
2025-05-29,37,38,06:00-06:20,34.84719190476176
2025-05-29,41,42,06:40-07:00,104.45842476190472
2025-05-29,45,48,07:20-08:00,105.85897952380955
2025-05-29,50,51,08:10-08:30,11.571797142856553
2025-05-29,54,56,08:50-09:20,103.85569095238071
2025-05-29,58,61,09:30-10:10,76.81252761904784
2025-05-29,64,66,10:30-11:00,101.2315476190472
2025-05-29,69,70,11:20-11:40,148.52234523809557
2025-05-29,74,74,12:10-12:20,7.257494285714301
2025-05-29,78,81,12:50-13:30,134.79581380952368
2025-05-29,83,85,13:40-14:10,119.47731238095298
2025-05-29,90,91,14:50-15:10,51.79557809523783
2025-05-29,94,96,15:30-16:00,79.52752380952404
2025-05-29,99,99,16:20-16:30,0.6434683160932764
2025-05-29,111,111,18:20-18:30,20.02450438095231
2025-05-29,115,116,19:00-19:20,133.84003380952402
2025-05-29,119,120,19:40-20:00,37.105099999999766
2025-05-29,123,123,20:20-20:30,7.656932380952412
2025-05-29,126,127,20:50-21:10,38.66249000000005
2025-05-29,130,130,21:30-21:40,20.697880000000396
2025-05-29,133,134,22:00-22:20,18.5403639999995
2025-05-29,138,138,22:50-23:00,31.23456733333319
2025-05-29,141,141,23:20-23:30,11.832526666666809
2025-05-30,7,7,01:00-01:10,25.8248296872423
2025-05-30,10,13,01:30-02:10,49.36348736625513
2025-05-30,16,17,02:30-02:50,23.01152666666644
2025-05-30,20,22,03:10-03:40,95.58468000000005
2025-05-30,26,30,04:10-05:00,66.30787428571415
2025-05-30,34,36,05:30-06:00,74.76077380952377
2025-05-30,40,42,06:30-07:00,37.40459523809506
2025-05-30,45,46,07:20-07:40,55.15773904761909
2025-05-30,49,50,08:00-08:20,75.74500523809547
2025-05-30,53,55,08:40-09:10,96.74486380952351
2025-05-30,59,60,09:40-10:00,29.274098095237832
2025-05-30,63,65,10:20-10:50,148.40496142857114
2025-05-30,98,98,16:10-16:20,23.891602857142843
2025-05-30,101,102,16:40-17:00,27.438750476190307
2025-05-30,104,105,17:10-17:30,72.34186904761913
2025-05-30,110,111,18:10-18:30,19.664800476190464
2025-05-30,113,114,18:40-19:00,50.6059433333333
2025-05-30,117,120,19:20-20:00,31.647472857142986
2025-05-30,124,125,20:30-20:50,29.387711904762106
2025-05-30,128,129,21:10-21:30,37.621113333333255
2025-05-30,131,132,21:40-22:00,56.64273000000014
2025-05-30,135,136,22:20-22:40,28.60798666666642
2025-05-31,1,1,00:00-00:10,5.0784813333332295
2025-05-31,4,5,00:30-00:50,60.394048666666606
2025-05-31,9,10,01:20-01:40,40.230270000000075
2025-05-31,13,13,02:00-02:10,9.32789333333335
2025-05-31,16,17,02:30-02:50,60.74908666666664
2025-05-31,20,21,03:10-03:30,10.382928571428579
2025-05-31,23,25,03:40-04:10,35.14914761904754
2025-05-31,28,29,04:30-04:50,17.422333333333313
2025-05-31,31,31,05:00-05:10,18.286279047619004
2025-05-31,35,39,05:40-06:30,84.57151476190464
2025-05-31,42,42,06:50-07:00,16.732403809523973
2025-05-31,48,51,07:50-08:30,74.12096952380955
2025-05-31,54,54,08:50-09:00,8.343182380952499
2025-05-31,56,57,09:10-09:30,56.85100761904778
2025-05-31,59,60,09:40-10:00,20.015026666666472
2025-05-31,63,63,10:20-10:30,40.96818333333317
2025-05-31,108,108,17:50-18:00,34.76528849877798
2025-05-31,113,114,18:40-19:00,83.07737714285719
2025-05-31,119,121,19:40-20:10,56.02771666666632
2025-05-31,124,125,20:30-20:50,94.42879142857137
2025-05-31,127,128,21:00-21:20,16.75671333333355
2025-05-31,134,134,22:10-22:20,7.123303333333297
2025-05-31,138,139,22:50-23:10,32.82617666666647
2025-06-01,1,1,00:00-00:10,127.27423333333354
2025-06-01,4,6,00:30-01:00,32.38366666666673
2025-06-01,9,9,01:20-01:30,17.86827666666659
2025-06-01,11,12,01:40-02:00,70.78778666666653
2025-06-01,15,15,02:20-02:30,18.134343333333277
2025-06-01,17,18,02:40-03:00,18.368303333333415
2025-06-01,21,21,03:20-03:30,0.5510133333332305
2025-06-01,24,24,03:50-04:00,16.95623000000012
2025-06-01,26,27,04:10-04:30,19.857101904761976
2025-06-01,32,33,05:10-05:30,30.61050619047579
2025-06-01,36,37,05:50-06:10,20.533451428571425
2025-06-01,41,43,06:40-07:10,64.82094571428587
2025-06-01,46,48,07:30-08:00,48.86630952380972
2025-06-01,50,59,08:10-09:50,234.70189666666732
2025-06-01,62,69,10:10-11:30,678.5642450223752
2025-06-01,71,72,11:40-12:00,123.24359095238083
2025-06-01,76,79,12:30-13:10,302.8071315238092
2025-06-01,81,131,13:20-21:50,9479.516492742818
2025-06-01,133,133,22:00-22:10,23.904136666666773
2025-06-01,139,141,23:00-23:30,102.06299999999987
2025-06-02,1,1,00:00-00:10,107.87180333333333
2025-06-02,4,5,00:30-00:50,28.32270333333338
2025-06-02,7,8,01:00-01:20,18.79838666666683
2025-06-02,13,13,02:00-02:10,24.059193333333496
2025-06-02,16,16,02:30-02:40,22.97528333333321
2025-06-02,19,20,03:00-03:20,34.48340333333317
2025-06-02,22,22,03:30-03:40,0.6372242857142574
2025-06-02,25,28,04:00-04:40,77.67314095238086
2025-06-02,32,33,05:10-05:30,25.01533333333319
2025-06-02,35,36,05:40-06:00,86.36327666666668
2025-06-02,39,43,06:20-07:10,47.00180904761919
2025-06-02,46,49,07:30-08:10,157.67279523809515
2025-06-02,52,52,08:30-08:40,45.35218190476161
2025-06-02,55,56,09:00-09:20,126.42636107523683
2025-06-02,59,60,09:40-10:00,20.041957142857427
2025-06-02,63,64,10:20-10:40,109.29575999999997
2025-06-02,68,69,11:10-11:30,164.24421095238108
2025-06-02,71,80,11:40-13:20,394.3292999999999
2025-06-02,83,84,13:40-14:00,58.513316666667095
2025-06-02,86,117,14:10-19:30,5287.093424330329
2025-06-02,119,120,19:40-20:00,405.35952647619126
2025-06-02,122,133,20:10-22:10,786.7922320588854
2025-06-02,136,136,22:30-22:40,28.15657666666675
2025-06-02,139,139,23:00-23:10,61.56472999999983
2025-06-02,142,143,23:30-23:50,35.07220333333339
2025-06-03,1,2,00:00-00:20,121.23025000000007
2025-06-03,6,6,00:50-01:00,12.782493333333377
2025-06-03,8,9,01:10-01:30,61.488503333333256
2025-06-03,12,12,01:50-02:00,0.2412366666668504
2025-06-03,15,15,02:20-02:30,20.725930000000062
2025-06-03,17,18,02:40-03:00,34.85769999999968
2025-06-03,21,22,03:20-03:40,13.254403809523767
2025-06-03,25,25,04:00-04:10,31.561694761904697
2025-06-03,28,29,04:30-04:50,57.54026
2025-06-03,31,33,05:00-05:30,75.5297857142858
2025-06-03,35,36,05:40-06:00,69.37960761904758
2025-06-03,39,42,06:20-07:00,93.39641476190451
2025-06-03,45,46,07:20-07:40,23.273210952381078
2025-06-03,48,52,07:50-08:40,112.08631666666639
2025-06-03,56,62,09:10-10:20,538.0802406049651
2025-06-03,65,66,10:40-11:00,30.4331804761905
2025-06-03,68,69,11:10-11:30,38.921455238095405
2025-06-03,74,75,12:10-12:30,94.3837676190476
2025-06-03,80,82,13:10-13:40,143.69397999999978
2025-06-03,85,85,14:00-14:10,40.91879571428568
2025-06-03,87,89,14:20-14:50,225.60103824997424
2025-06-03,92,114,15:10-19:00,2279.2258424754405
2025-06-03,116,120,19:10-20:00,1086.0573362759528
2025-06-03,122,133,20:10-22:10,625.668771656317
2025-06-03,137,139,22:40-23:10,106.99075333333371
2025-06-03,143,144,23:40-24:00,49.004440000000045
2025-06-04,1,3,00:00-00:30,129.68266666666648
2025-06-04,7,8,01:00-01:20,76.11265333333313
2025-06-04,12,13,01:50-02:10,44.66587666666646
2025-06-04,18,21,02:50-03:30,77.09117333333307
2025-06-04,25,26,04:00-04:20,56.873956666666565
2025-06-04,29,30,04:40-05:00,54.52164285714275
2025-06-04,33,33,05:20-05:30,17.231049523809347
2025-06-04,36,36,05:50-06:00,34.228069047618874
2025-06-04,41,43,06:40-07:10,108.5758152380954
2025-06-04,45,45,07:20-07:30,9.384991904762103
2025-06-04,49,50,08:00-08:20,52.34237047619047
2025-06-04,52,53,08:30-08:50,37.731317619047616
2025-06-04,58,60,09:30-10:00,85.23292857142837
2025-06-04,64,64,10:30-10:40,12.261194285714282
2025-06-04,67,68,11:00-11:20,84.54007571428565
2025-06-04,70,71,11:30-11:50,140.72431809523778
2025-06-04,73,78,12:00-13:00,133.16517857142813
2025-06-04,82,83,13:30-13:50,31.904758095238066
2025-06-04,86,87,14:10-14:30,148.902287142857
2025-06-04,89,89,14:40-14:50,119.20337200000006
2025-06-04,92,99,15:10-16:30,245.55620148642504
2025-06-04,101,116,16:40-19:20,2041.398439217608
2025-06-04,118,125,19:30-20:50,1066.8816604384233
2025-06-04,127,129,21:00-21:30,56.95999999999958
2025-06-04,132,132,21:50-22:00,0.7335199999999986
2025-06-04,134,136,22:10-22:40,69.50725999999997
2025-06-04,139,139,23:00-23:10,33.96719666666672
2025-06-04,144,144,23:50-24:00,18.777863333333357
2025-06-05,1,1,00:00-00:10,90.25919266666665
2025-06-05,4,4,00:30-00:40,6.8266733333333605
2025-06-05,8,9,01:10-01:30,93.49485666666692
2025-06-05,12,12,01:50-02:00,0.5638199999998506
2025-06-05,17,19,02:40-03:10,44.98110523809493
2025-06-05,23,25,03:40-04:10,33.88896380952405
2025-06-05,29,31,04:40-05:10,60.364122380952345
2025-06-05,34,34,05:30-05:40,4.473625238095238
2025-06-05,38,39,06:10-06:30,97.48501523809495
2025-06-05,41,42,06:40-07:00,35.418389999999874
2025-06-05,47,49,07:40-08:10,54.39267714285711
2025-06-05,52,53,08:30-08:50,58.14771238095258
2025-06-05,55,59,09:00-09:50,472.5843387055552
2025-06-05,61,61,10:00-10:10,2.0628814285717
2025-06-05,65,68,10:40-11:20,161.90581857142797
2025-06-05,70,72,11:30-12:00,35.9175952380956
2025-06-05,75,76,12:20-12:40,77.58094714285699
2025-06-05,82,83,13:30-13:50,101.55676142857152
2025-06-05,85,86,14:00-14:20,92.21054238095218
2025-06-05,89,91,14:40-15:10,121.2268857142854
2025-06-05,93,96,15:20-16:00,469.2194353186029
2025-06-05,98,101,16:10-16:50,157.01715352380978
2025-06-05,105,114,17:20-19:00,377.3566180075163
2025-06-05,116,116,19:10-19:20,603.8890244966386
2025-06-05,119,121,19:40-20:10,379.2508057238105
2025-06-05,123,125,20:20-20:50,405.568176635924
2025-06-05,128,129,21:10-21:30,67.49222999999995
2025-06-05,132,132,21:50-22:00,24.466783333333524
2025-06-05,136,137,22:30-22:50,47.70911666666666
2025-06-05,139,139,23:00-23:10,3.9894999999999072
2025-06-05,142,143,23:30-23:50,41.470733333333555
2025-06-06,1,3,00:00-00:30,131.1973333333333
2025-06-06,6,6,00:50-01:00,33.72832333333315
2025-06-06,11,12,01:40-02:00,59.23478
2025-06-06,17,18,02:40-03:00,70.69416999999993
2025-06-06,24,25,03:50-04:10,32.26608571428574
2025-06-06,28,29,04:30-04:50,28.91111333333322
2025-06-06,32,35,05:10-05:50,198.88577672857383
2025-06-06,38,47,06:10-07:50,523.5593041904762
2025-06-06,51,52,08:20-08:40,41.52255285714284
2025-06-06,55,56,09:00-09:20,31.069858095238033
2025-06-06,59,63,09:40-10:30,123.03989904761943
2025-06-06,67,67,11:00-11:10,60.678061428571255
2025-06-06,70,71,11:30-11:50,144.94528000000014
2025-06-06,74,74,12:10-12:20,4.077516666666725
2025-06-06,92,94,15:10-15:40,67.67279809523819
2025-06-06,97,97,16:00-16:10,33.52865904761927
2025-06-06,100,101,16:30-16:50,28.888291904761928
2025-06-06,105,106,17:20-17:40,44.914319523809695
2025-06-06,110,111,18:10-18:30,15.567662857142935
2025-06-06,114,114,18:50-19:00,9.519405714285767
2025-06-06,116,117,19:10-19:30,3.426963333333731
2025-06-06,120,124,19:50-20:40,586.2435362647113
2025-06-06,126,128,20:50-21:20,87.52468190476213
2025-06-06,131,133,21:40-22:10,50.99848333333307
2025-06-06,137,138,22:40-23:00,71.96587666666665
2025-06-06,141,141,23:20-23:30,19.195450000000164
2025-06-07,1,3,00:00-00:30,125.67233333333343
2025-06-07,5,6,00:40-01:00,37.79509333333334
2025-06-07,10,12,01:30-02:00,55.81499999999977
2025-06-07,16,16,02:30-02:40,7.986350000000073
2025-06-07,19,19,03:00-03:10,20.341115238095313
2025-06-07,22,22,03:30-03:40,38.91593428571438
2025-06-07,25,26,04:00-04:20,35.99002999999999
2025-06-07,28,28,04:30-04:40,6.455755714285772
2025-06-07,31,32,05:00-05:20,21.551219523809607
2025-06-07,34,35,05:30-05:50,54.83527952380955
2025-06-07,38,40,06:10-06:40,27.531442857142878
2025-06-07,43,45,07:00-07:30,140.74673809523787
2025-06-07,48,50,07:50-08:20,79.00331047619056
2025-06-07,52,55,08:30-09:10,52.790697619047705
2025-06-07,58,60,09:30-10:00,92.75297619047626
2025-06-07,63,63,10:20-10:30,5.45971142857104
2025-06-07,67,67,11:00-11:10,5.013892857142764
2025-06-07,70,71,11:30-11:50,150.91672380952377
2025-06-07,73,74,12:00-12:20,98.4147766666672
2025-06-07,78,79,12:50-13:10,111.66539523809536
2025-06-07,96,97,15:50-16:10,103.02855571428574
2025-06-07,101,103,16:40-17:10,100.41695809523827
2025-06-07,111,112,18:20-18:40,55.05735857142842
2025-06-07,115,115,19:00-19:10,5.243556666666564
2025-06-07,118,121,19:30-20:10,63.95017999999993
2025-06-07,124,124,20:30-20:40,19.30202333333341
2025-06-07,127,129,21:00-21:30,41.27266666666674
2025-06-07,131,132,21:40-22:00,70.06352333333325
2025-06-07,136,137,22:30-22:50,35.367319999999836
2025-06-07,140,142,23:10-23:40,93.19747333333294
2025-06-08,1,3,00:00-00:30,98.06299999999976
2025-06-08,5,6,00:40-01:00,33.47879333333344
2025-06-08,10,11,01:30-01:50,61.67650333333347
2025-06-08,14,15,02:10-02:30,81.91527666666684
2025-06-08,18,18,02:50-03:00,17.947910000000206
2025-06-08,21,21,03:20-03:30,9.264773333333324
2025-06-08,36,39,05:50-06:30,57.390310952381355
2025-06-08,42,43,06:50-07:10,62.34970285714269
2025-06-08,46,47,07:30-07:50,15.753257619047588
2025-06-08,53,53,08:40-08:50,1.4778261904764918
2025-06-08,56,57,09:10-09:30,83.08309380952392
2025-06-08,60,63,09:50-10:30,87.32703428571449
2025-06-08,65,67,10:40-11:10,35.007651999999325
2025-06-08,85,86,14:00-14:20,85.30593000000033
2025-06-08,88,89,14:30-14:50,107.8453090476194
2025-06-08,107,107,17:40-17:50,5.424280000000039
2025-06-08,111,111,18:20-18:30,31.557192380952344
2025-06-08,114,116,18:50-19:20,72.07596857142856
2025-06-08,120,121,19:50-20:10,53.45586476190488
2025-06-08,125,127,20:40-21:10,87.67820000000026
2025-06-08,130,131,21:30-21:50,63.86785333333307
2025-06-08,134,135,22:10-22:30,47.6866366666668
2025-06-08,137,138,22:40-23:00,42.5456466666667
2025-06-08,141,142,23:20-23:40,22.402663333333294
2025-06-09,1,1,00:00-00:10,61.99249666666674
2025-06-09,3,5,00:20-00:50,65.69802000000016
2025-06-09,7,7,01:00-01:10,19.059080000000108
2025-06-09,13,14,02:00-02:20,18.322630000000004
2025-06-09,17,18,02:40-03:00,50.01595999999972
2025-06-09,20,21,03:10-03:30,30.011634965312965
2025-06-09,23,24,03:40-04:00,71.83918333333338
2025-06-09,27,28,04:20-04:40,49.10660190476177
2025-06-09,31,32,05:00-05:20,28.64121285714262
2025-06-09,37,40,06:00-06:40,69.10437000000024
2025-06-09,43,44,07:00-07:20,28.58081428571421
2025-06-09,46,47,07:30-07:50,33.78789238095243
2025-06-09,49,49,08:00-08:10,16.613637619047495
2025-06-09,52,52,08:30-08:40,25.727871904761628
2025-06-09,56,57,09:10-09:30,38.46942238095264
2025-06-09,61,63,10:00-10:30,146.57451190476218
2025-06-09,65,67,10:40-11:10,205.46636380952327
2025-06-09,70,70,11:30-11:40,61.92578666666668
2025-06-09,80,81,13:10-13:30,64.30859542857115
2025-06-09,86,89,14:10-14:50,118.21673761904756
2025-06-09,99,99,16:20-16:30,52.4791082857177
2025-06-09,102,102,16:50-17:00,33.264152857142676
2025-06-09,105,105,17:20-17:30,30.047523809523767
2025-06-09,111,114,18:20-19:00,44.04542904761901
2025-06-09,117,117,19:20-19:30,19.078162380952563
2025-06-09,119,120,19:40-20:00,28.880829999999833
2025-06-09,122,123,20:10-20:30,48.06054333333324
2025-06-09,126,126,20:50-21:00,1.041072380952528
2025-06-09,129,130,21:20-21:40,44.78526000000011
2025-06-09,134,135,22:10-22:30,21.949466666666694
2025-06-09,137,138,22:40-23:00,62.493876666667006
2025-06-09,141,143,23:20-23:50,89.61274666666691
2025-06-10,1,1,00:00-00:10,113.1513900000001
2025-06-10,4,4,00:30-00:40,12.397460000000024
2025-06-10,7,7,01:00-01:10,41.81733666666673
2025-06-10,10,11,01:30-01:50,72.38325666666651
2025-06-10,14,15,02:10-02:30,41.87419666666665
2025-06-10,19,20,03:00-03:20,35.918333333333116
2025-06-10,22,23,03:30-03:50,46.01278333333336
2025-06-10,27,27,04:20-04:30,1.4595859271042855
2025-06-10,29,30,04:40-05:00,26.44355885714276
2025-06-10,37,38,06:00-06:20,33.025769999999966
2025-06-10,42,43,06:50-07:10,27.43582380952398
2025-06-10,46,48,07:30-08:00,158.3239166666666
2025-06-10,51,56,08:20-09:20,161.48873571428615
2025-06-10,65,69,10:40-11:30,269.7337219047622
2025-06-10,83,85,13:40-14:10,108.79232666666668
2025-06-10,89,89,14:40-14:50,67.79391571428532
2025-06-10,100,100,16:30-16:40,8.000446380952269
2025-06-10,104,104,17:10-17:20,17.882810952380908
2025-06-10,110,111,18:10-18:30,77.33288047619054
2025-06-10,115,115,19:00-19:10,36.571199999999976
2025-06-10,118,119,19:30-19:50,34.86774380952363
2025-06-10,122,123,20:10-20:30,34.63683999999988
2025-06-10,125,127,20:40-21:10,42.89797000000012
2025-06-10,130,132,21:30-22:00,83.6433333333332
2025-06-10,136,137,22:30-22:50,65.4951766666668
2025-06-10,139,140,23:00-23:20,59.560573333333195
2025-06-10,143,144,23:40-24:00,28.624313333333248
2025-06-11,1,2,00:00-00:20,102.01797333333343
2025-06-11,6,6,00:50-01:00,6.089789999999994
2025-06-11,8,9,01:10-01:30,49.25069333333329
2025-06-11,12,13,01:50-02:10,57.17903666666655
2025-06-11,16,16,02:30-02:40,21.437209999999936
2025-06-11,19,20,03:00-03:20,11.978006666666623
2025-06-11,22,22,03:30-03:40,0.848893330209965
2025-06-11,36,39,05:50-06:30,69.49936761904769
2025-06-11,42,44,06:50-07:20,36.685930000000326
2025-06-11,46,47,07:30-07:50,1.9439333333334048
2025-06-11,49,49,08:00-08:10,3.6283176190473228
2025-06-11,53,57,08:40-09:30,244.61603714285718
2025-06-11,60,61,09:50-10:10,38.09749857142842
2025-06-11,68,70,11:10-11:40,57.50854285714286
2025-06-11,77,78,12:40-13:00,119.71736000000001
2025-06-11,81,85,13:20-14:10,125.84104333333335
2025-06-11,88,89,14:30-14:50,57.44723666666658
2025-06-11,91,92,15:00-15:20,33.23593380952366
2025-06-11,103,104,17:00-17:20,22.475679809523683
2025-06-11,108,108,17:50-18:00,11.334446666666764
2025-06-11,111,111,18:20-18:30,19.17730476190502
2025-06-11,113,115,18:40-19:10,25.1098790476187
2025-06-11,121,122,20:00-20:20,19.596099523809535
2025-06-11,124,124,20:30-20:40,32.7474000000002
2025-06-11,127,129,21:00-21:30,44.43333333333305
2025-06-11,134,135,22:10-22:30,32.8525533333335
2025-06-11,139,141,23:00-23:30,81.54633333333311
2025-06-11,144,144,23:50-24:00,15.528240000000096
2025-06-12,1,4,00:00-00:40,134.309666666667
2025-06-12,7,8,01:00-01:20,62.45115666666686
2025-06-12,10,11,01:30-01:50,22.458799999999997
2025-06-12,14,15,02:10-02:30,70.0479600000001
2025-06-12,18,18,02:50-03:00,33.2466327086114
2025-06-12,21,22,03:20-03:40,21.996641047619036
2025-06-12,36,36,05:50-06:00,42.2057304761903
2025-06-12,39,40,06:20-06:40,50.97906904761902
2025-06-12,43,45,07:00-07:30,85.53382142857129
2025-06-12,48,50,07:50-08:20,69.05746666666681
2025-06-12,55,57,09:00-09:30,23.331035714285846
2025-06-12,60,60,09:50-10:00,34.39358380952376
2025-06-12,62,63,10:10-10:30,69.58763714285737
2025-06-12,68,70,11:10-11:40,109.39592723809528
2025-06-12,80,81,13:10-13:30,59.10792428571499
2025-06-12,87,88,14:20-14:40,176.42160047619032
2025-06-12,105,105,17:20-17:30,19.33674657619119
2025-06-12,109,110,18:00-18:20,23.159784285714423
2025-06-12,113,114,18:40-19:00,16.661318095238368
2025-06-12,117,117,19:20-19:30,9.361426666666603
2025-06-12,119,120,19:40-20:00,19.984073333333527
2025-06-12,124,125,20:30-20:50,68.56963476190455
2025-06-12,128,129,21:10-21:30,37.7350133333332
2025-06-12,132,132,21:50-22:00,3.0814133333333302
2025-06-12,134,135,22:10-22:30,91.70930333333354
2025-06-12,138,138,22:50-23:00,36.709326666666584
2025-06-12,141,142,23:20-23:40,60.43917999999985
2025-06-13,1,2,00:00-00:20,65.55545000000018
2025-06-13,6,6,00:50-01:00,3.6333199999999124
2025-06-13,8,10,01:10-01:40,67.89645666666661
2025-06-13,16,19,02:30-03:10,33.73603952380961
2025-06-13,22,23,03:30-03:50,30.25182333333334
2025-06-13,26,27,04:10-04:30,28.325096666666468
2025-06-13,30,30,04:50-05:00,2.4640519047619023
2025-06-13,33,35,05:20-05:50,30.94309380952396
2025-06-13,38,39,06:10-06:30,40.480841904761775
2025-06-13,41,42,06:40-07:00,34.34137095238111
2025-06-13,45,45,07:20-07:30,12.459777619047614
2025-06-13,47,50,07:40-08:20,156.08154380952408
2025-06-13,53,55,08:40-09:10,81.35734380952351
2025-06-13,58,58,09:30-09:40,21.625201904761752
2025-06-13,61,64,10:00-10:40,81.70568000000037
2025-06-13,68,68,11:10-11:20,37.426892857143
2025-06-13,72,72,11:50-12:00,101.15370666666672
2025-06-13,100,100,16:30-16:40,6.275553333333221
2025-06-13,104,105,17:10-17:30,75.43692761904785
2025-06-13,110,114,18:10-19:00,59.30728761904819
2025-06-13,116,120,19:10-20:00,28.975236666666888
2025-06-13,124,125,20:30-20:50,78.8807404761906
2025-06-13,129,129,21:20-21:30,39.704196666666576
2025-06-13,132,135,21:50-22:30,60.637310000000184
2025-06-13,140,141,23:10-23:30,122.98854000000006
2025-06-13,144,144,23:50-24:00,52.68022666666661
2025-06-14,1,1,00:00-00:10,111.10918666666657
2025-06-14,5,6,00:40-01:00,24.87074333333328
2025-06-14,10,10,01:30-01:40,17.06573000000003
2025-06-14,13,14,02:00-02:20,78.83198666666658
2025-06-14,16,17,02:30-02:50,8.36852999999985
2025-06-14,21,23,03:20-03:50,30.681040000000078
2025-06-14,26,27,04:10-04:30,67.44890428571426
2025-06-14,30,30,04:50-05:00,1.3473723809522085
2025-06-14,32,33,05:10-05:30,52.23151476190476
2025-06-14,36,37,05:50-06:10,27.507830952380942
2025-06-14,40,42,06:30-07:00,40.29021428571426
2025-06-14,45,46,07:20-07:40,16.115336666666792
2025-06-14,52,53,08:30-08:50,36.45969952380926
2025-06-14,56,57,09:10-09:30,109.95368380952391
2025-06-14,60,61,09:50-10:10,50.716842380952585
2025-06-14,64,65,10:30-10:50,141.33329190476206
2025-06-14,104,104,17:10-17:20,9.345820952380791
2025-06-14,107,108,17:40-18:00,3.830466190476102
2025-06-14,113,115,18:40-19:10,75.69956666666684
2025-06-14,120,122,19:50-20:20,60.904356666666615
2025-06-14,124,125,20:30-20:50,30.630215714285903
2025-06-14,130,133,21:30-22:10,112.20066666666673
2025-06-14,136,137,22:30-22:50,63.88215999999977
2025-06-14,141,142,23:20-23:40,74.46333000000004
2025-06-15,1,2,00:00-00:20,61.07725333333326
2025-06-15,36,36,05:50-06:00,3.746238095238027
2025-06-15,39,39,06:20-06:30,23.325155714285813
2025-06-15,44,46,07:10-07:40,78.52419619047578
2025-06-15,49,53,08:00-08:50,99.55721285714247
2025-06-15,55,55,09:00-09:10,24.011275238095322
2025-06-15,59,64,09:40-10:40,171.93102571428565
2025-06-15,68,69,11:10-11:30,50.44492809523854
2025-06-15,79,80,13:00-13:20,40.353915861258365
2025-06-15,84,86,13:50-14:20,82.33333952380934
2025-06-15,117,118,19:20-19:40,88.45674523809532
2025-06-15,121,122,20:00-20:20,40.90978238095236
2025-06-15,127,129,21:00-21:30,99.69500000000028
2025-06-15,133,133,22:00-22:10,8.866380000000163
2025-06-15,136,137,22:30-22:50,68.46054666666646
2025-06-15,141,142,23:20-23:40,10.264181683599645
2025-06-16,3,3,00:20-00:30,3.2060747572016908
2025-06-16,16,16,02:30-02:40,11.001903333333189
2025-06-16,22,22,03:30-03:40,2.6354838095238664
2025-06-16,25,26,04:00-04:20,17.851992342153764
2025-06-16,31,31,05:00-05:10,0.6805580952380872
2025-06-16,35,35,05:40-05:50,21.505610000000118
2025-06-16,39,39,06:20-06:30,13.800458571428294
2025-06-16,44,46,07:10-07:40,17.377790476190796
2025-06-16,50,51,08:10-08:30,76.8214228571428
2025-06-16,53,54,08:40-09:00,50.349838571428364
2025-06-16,57,59,09:20-09:50,123.22962952381006
2025-06-16,65,66,10:40-11:00,13.915488571428568
2025-06-16,71,71,11:40-11:50,16.026943428570576
2025-06-16,83,86,13:40-14:20,146.2077938095239
2025-06-16,88,89,14:30-14:50,44.86391380952347
2025-06-16,108,108,17:50-18:00,34.09106
2025-06-16,115,116,19:00-19:20,48.63140476190492
2025-06-16,119,120,19:40-20:00,68.9950100000001
2025-06-16,124,125,20:30-20:50,78.98282000000015
2025-06-16,127,128,21:00-21:20,38.42042000000015
2025-06-16,132,132,21:50-22:00,7.931236666666791
2025-06-16,135,137,22:20-22:50,93.11481000000026
2025-06-16,142,143,23:30-23:50,49.15175666666653
2025-06-17,5,6,00:40-01:00,17.723947147486683
2025-06-17,18,18,02:50-03:00,18.992295333333573
2025-06-17,30,31,04:50-05:10,44.13210876190457
2025-06-17,37,38,06:00-06:20,59.06147523809523
2025-06-17,43,43,07:00-07:10,3.679229047619117
2025-06-17,47,48,07:40-08:00,88.25228380952399
2025-06-17,51,51,08:20-08:30,9.61200285714267
2025-06-17,54,55,08:50-09:10,14.666088571428958
2025-06-17,58,60,09:30-10:00,154.80805952380962
2025-06-17,62,64,10:10-10:40,125.58376238095198
2025-06-17,66,66,10:50-11:00,0.706961428571276
2025-06-17,69,70,11:20-11:40,114.4707332380948
2025-06-17,78,82,12:50-13:40,113.27052142857164
2025-06-17,86,87,14:10-14:30,101.5018090476193
2025-06-17,110,111,18:10-18:30,73.01224619047588
2025-06-17,116,117,19:10-19:30,107.17258666666689
2025-06-17,120,120,19:50-20:00,45.944703333332995
2025-06-17,123,124,20:20-20:40,37.906704761904734
2025-06-17,127,128,21:00-21:20,78.54878333333329
2025-06-17,132,132,21:50-22:00,39.212736666666615
2025-06-17,135,136,22:20-22:40,35.73498666666637
2025-06-17,139,140,23:00-23:20,78.1564699999999
2025-06-17,144,144,23:50-24:00,6.837673333333214
2025-06-18,1,3,00:00-00:30,48.96466666666652
2025-06-18,16,16,02:30-02:40,31.299063333333265
2025-06-18,27,27,04:20-04:30,0.047153999999977714
2025-06-18,37,38,06:00-06:20,89.46191380952416
2025-06-18,40,40,06:30-06:40,3.7848128571428106
2025-06-18,44,45,07:10-07:30,30.18653666666637
2025-06-18,50,53,08:10-08:50,85.56172190476175
2025-06-18,58,60,09:30-10:00,161.63120238095252
2025-06-18,63,63,10:20-10:30,43.95101761904766
2025-06-18,68,68,11:10-11:20,27.532672857142416
2025-06-18,71,71,11:40-11:50,24.004232952380107
2025-06-18,84,87,13:50-14:30,67.74346190476172
2025-06-18,107,107,17:40-17:50,6.509062380952514
2025-06-18,112,112,18:30-18:40,2.5395309523811207
2025-06-18,115,117,19:00-19:30,31.952833333333302
2025-06-18,119,120,19:40-20:00,54.27182666666681
2025-06-18,122,123,20:10-20:30,34.53176333333371
2025-06-18,126,129,20:50-21:30,114.71587285714327
2025-06-18,132,132,21:50-22:00,0.5379866666669386
2025-06-18,134,135,22:10-22:30,20.140103333333514
2025-06-18,137,138,22:40-23:00,17.02355333333344
2025-06-18,141,141,23:20-23:30,33.65136000000007
2025-06-19,29,30,04:40-05:00,30.327451999999838
2025-06-19,33,33,05:20-05:30,12.395587142857039
2025-06-19,37,38,06:00-06:20,57.73719285714276
2025-06-19,43,48,07:00-08:00,78.37219047619044
2025-06-19,50,53,08:10-08:50,74.69216666666665
2025-06-19,57,58,09:20-09:40,44.92329857142823
2025-06-19,61,61,10:00-10:10,11.964310952381084
2025-06-19,68,68,11:10-11:20,30.623545619047263
2025-06-19,84,84,13:50-14:00,46.01181476190479
2025-06-19,89,89,14:40-14:50,45.85247857142869
2025-06-19,109,111,18:00-18:30,43.294413473072
2025-06-19,115,117,19:00-19:30,111.34013095238089
2025-06-19,120,120,19:50-20:00,30.840619047618816
2025-06-19,123,126,20:20-21:00,84.89099333333328
2025-06-19,129,130,21:20-21:40,31.579300000000103
2025-06-19,134,135,22:10-22:30,15.361933333333127
2025-06-19,137,139,22:40-23:10,88.96649666666656
2025-06-19,143,144,23:40-24:00,109.52756511547591
2025-06-20,8,8,01:10-01:20,22.002333333333468
2025-06-20,10,10,01:30-01:40,0.17347333333327697
2025-06-20,16,16,02:30-02:40,0.8587133333333554
2025-06-20,19,21,03:00-03:30,15.307999999999936
2025-06-20,23,24,03:40-04:00,17.567302380952583
2025-06-20,32,33,05:10-05:30,39.54806714285705
2025-06-20,37,37,06:00-06:10,32.13196523809523
2025-06-20,40,41,06:30-06:50,38.4296457142857
2025-06-20,45,45,07:20-07:30,8.417090952381159
2025-06-20,47,48,07:40-08:00,68.92493095238092
2025-06-20,53,54,08:40-09:00,65.06071999999995
2025-06-20,57,58,09:20-09:40,115.36476571428545
2025-06-20,62,63,10:10-10:30,6.4902300000001105
2025-06-20,65,65,10:40-10:50,4.476088095238083
2025-06-20,108,109,17:50-18:10,21.09619190476201
2025-06-20,113,114,18:40-19:00,25.89064904761915
2025-06-20,116,117,19:10-19:30,64.86723666666654
2025-06-20,119,120,19:40-20:00,71.95022333333361
2025-06-20,124,126,20:30-21:00,79.0099999999999
2025-06-20,129,131,21:20-21:50,22.416566666666768
2025-06-20,135,138,22:20-23:00,52.88261000000011
2025-06-20,140,141,23:10-23:30,60.390993333333654
2025-06-21,3,3,00:20-00:30,30.55658466666648
2025-06-21,9,9,01:20-01:30,15.50369000000012
2025-06-21,17,18,02:40-03:00,56.82231333333334
2025-06-21,21,21,03:20-03:30,1.1862966666668058
2025-06-21,24,25,03:50-04:10,25.290567142857128
2025-06-21,29,30,04:40-05:00,12.211286666666751
2025-06-21,33,37,05:20-06:10,66.41582571428562
2025-06-21,41,42,06:40-07:00,20.883872857142904
2025-06-21,49,52,08:00-08:40,93.57965857142847
2025-06-21,54,55,08:50-09:10,55.042180000000144
2025-06-21,60,62,09:50-10:20,28.354987619047506
2025-06-21,67,67,11:00-11:10,55.30083476190498
2025-06-21,113,115,18:40-19:10,115.87267333333293
2025-06-21,118,119,19:30-19:50,48.23351285714307
2025-06-21,121,123,20:00-20:30,107.28900000000027
2025-06-21,127,130,21:00-21:40,102.76957999999979
2025-06-21,132,135,21:50-22:30,28.802023333333068
2025-06-22,7,7,01:00-01:10,9.341063333333295
2025-06-22,16,17,02:30-02:50,45.3571666666669
2025-06-22,38,40,06:10-06:40,46.604398095237855
2025-06-22,43,43,07:00-07:10,44.16460047619046
2025-06-22,46,47,07:30-07:50,48.21369857142838
2025-06-22,55,58,09:00-09:40,147.24581142857164
2025-06-22,62,63,10:10-10:30,54.87697666666668
2025-06-22,65,66,10:40-11:00,74.66506561904771
2025-06-22,68,69,11:10-11:30,95.08966180952325
2025-06-22,80,80,13:10-13:20,15.200756190476199
2025-06-22,85,86,14:00-14:20,105.0828566666662
2025-06-22,89,89,14:40-14:50,13.734443333333019
2025-06-22,114,114,18:50-19:00,7.090842857143002
2025-06-22,116,117,19:10-19:30,32.58597666666677
2025-06-22,123,125,20:20-20:50,53.55968523809559
2025-06-22,127,127,21:00-21:10,8.36514666666676
2025-06-22,130,131,21:30-21:50,20.24743000000001
2025-06-22,135,137,22:20-22:50,89.44595400000003
2025-06-22,141,141,23:20-23:30,4.100020000000086
2025-06-23,15,15,02:20-02:30,23.616567999999916
2025-06-23,21,21,03:20-03:30,0.5629520000001094
2025-06-23,23,24,03:40-04:00,17.14848857142863
2025-06-23,27,27,04:20-04:30,12.986154000000056
2025-06-23,30,30,04:50-05:00,20.723937904761875
2025-06-23,36,37,05:50-06:10,54.19701333333296
2025-06-23,40,41,06:30-06:50,57.0974638095239
2025-06-23,45,47,07:20-07:50,67.88881904761911
2025-06-23,50,51,08:10-08:30,51.984512857142875
2025-06-23,54,54,08:50-09:00,6.670128571428222
2025-06-23,57,57,09:20-09:30,11.750224285714381
2025-06-23,61,61,10:00-10:10,43.97311238095199
2025-06-23,65,66,10:40-11:00,127.63546047619025
2025-06-23,83,85,13:40-14:10,92.89962285714267
2025-06-23,88,88,14:30-14:40,24.105303809523917
2025-06-23,109,110,18:00-18:20,14.95242086586147
2025-06-23,115,117,19:00-19:30,67.06336904761915
2025-06-23,119,120,19:40-20:00,42.07776999999999
2025-06-23,123,125,20:20-20:50,73.19259095238101
2025-06-23,129,130,21:20-21:40,31.285873333333484
2025-06-23,133,134,22:00-22:20,36.89137666666659
2025-06-23,139,140,23:00-23:20,22.3433133333333
2025-06-24,36,36,05:50-06:00,10.928886190476192
2025-06-24,39,42,06:20-07:00,67.1922738095239
2025-06-24,44,49,07:10-08:10,132.99929476190493
2025-06-24,52,53,08:30-08:50,66.37246619047642
2025-06-24,55,57,09:00-09:30,60.789928571428504
2025-06-24,59,61,09:40-10:10,104.49923285714269
2025-06-24,67,67,11:00-11:10,13.580377142856946
2025-06-24,72,74,11:50-12:20,93.13848761904751
2025-06-24,79,82,13:00-13:40,141.50427523809515
2025-06-24,86,87,14:10-14:30,101.65044571428601
2025-06-24,89,91,14:40-15:10,20.93249361904745
2025-06-24,97,98,16:00-16:20,45.81345452476461
2025-06-24,108,108,17:50-18:00,21.583672136390646
2025-06-24,114,117,18:50-19:30,43.29870380952417
2025-06-24,120,122,19:50-20:20,67.92152380952376
2025-06-24,124,125,20:30-20:50,79.29119380952403
2025-06-24,127,128,21:00-21:20,28.495276666666655
2025-06-24,132,133,21:50-22:10,35.10164933333317
2025-06-24,136,137,22:30-22:50,51.19655666666654
2025-06-24,140,141,23:10-23:30,69.19600333333346
2025-06-25,16,16,02:30-02:40,9.973680666666723
2025-06-25,27,27,04:20-04:30,0.019339999999942847
2025-06-25,38,40,06:10-06:40,84.41628952380967
2025-06-25,44,46,07:10-07:40,35.12439285714282
2025-06-25,49,50,08:00-08:20,32.27161047619086
2025-06-25,52,53,08:30-08:50,38.45709571428563
2025-06-25,56,57,09:10-09:30,69.8205671428573
2025-06-25,59,61,09:40-10:10,106.89557428571504
2025-06-25,64,65,10:30-10:50,166.58761428571438
2025-06-25,68,68,11:10-11:20,18.06152761904775
2025-06-25,84,84,13:50-14:00,71.0738199999995
2025-06-25,86,88,14:10-14:40,204.71440857142846
2025-06-25,109,109,18:00-18:10,5.8199177999294704
2025-06-25,119,121,19:40-20:10,72.391793333333
2025-06-25,126,126,20:50-21:00,10.829793333333555
2025-06-25,129,132,21:20-22:00,89.53531999999984
2025-06-25,136,137,22:30-22:50,64.12313333333327
2025-06-26,36,39,05:50-06:30,59.37693666666655
2025-06-26,41,43,06:40-07:10,27.816417619047684
2025-06-26,50,51,08:10-08:30,92.18420619047617
2025-06-26,53,55,08:40-09:10,56.999966666667035
2025-06-26,58,59,09:30-09:50,52.316098095237706
2025-06-26,61,62,10:00-10:20,47.03210238095213
2025-06-26,65,66,10:40-11:00,60.839304285714434
2025-06-26,85,85,14:00-14:10,41.35600238095221
2025-06-26,88,89,14:30-14:50,97.11605428571417
2025-06-26,114,115,18:50-19:10,57.170296666666445
2025-06-26,118,119,19:30-19:50,51.84103809523833
2025-06-26,121,122,20:00-20:20,10.482232857143076
2025-06-26,124,124,20:30-20:40,20.720676666666805
2025-06-26,127,129,21:00-21:30,114.20733333333328
2025-06-26,134,135,22:10-22:30,19.025026666666804
2025-06-26,137,138,22:40-23:00,52.05483666666669
2025-06-26,142,142,23:30-23:40,10.538218099978167
2025-06-27,15,15,02:20-02:30,4.6756933333332995
2025-06-27,19,19,03:00-03:10,11.559195714285579
2025-06-27,22,24,03:30-04:00,58.87066666666652
2025-06-27,27,28,04:20-04:40,50.877263333333474
2025-06-27,31,31,05:00-05:10,0.4707533333333451
2025-06-27,34,35,05:30-05:50,22.1493109523809
2025-06-27,37,38,06:00-06:20,15.61203000000009
2025-06-27,43,44,07:00-07:20,40.29459857142868
2025-06-27,47,49,07:40-08:10,66.00291714285686
2025-06-27,54,57,08:50-09:30,111.14932190476179
2025-06-27,60,60,09:50-10:00,6.779647142856902
2025-06-27,114,114,18:50-19:00,64.91789619047603
2025-06-27,118,120,19:30-20:00,56.66266666666672
2025-06-27,124,124,20:30-20:40,15.00045
2025-06-27,128,129,21:10-21:30,154.1825366666668
2025-06-27,135,136,22:20-22:40,45.157379999999876
2025-06-27,139,140,23:00-23:20,51.67063333333317
2025-06-28,15,15,02:20-02:30,11.205030000000079
2025-06-28,18,20,02:50-03:20,56.159056666666686
2025-06-28,22,22,03:30-03:40,7.7829461904761805
2025-06-28,25,25,04:00-04:10,2.217715238095195
2025-06-28,28,29,04:30-04:50,69.20992999999993
2025-06-28,33,33,05:20-05:30,30.623296666666647
2025-06-28,35,36,05:40-06:00,40.84493999999995
2025-06-28,39,42,06:20-07:00,66.88192619047616
2025-06-28,45,47,07:20-07:50,84.94654142857155
2025-06-28,50,51,08:10-08:30,28.938246190475866
2025-06-28,53,54,08:40-09:00,74.1347000000003
2025-06-28,58,58,09:30-09:40,62.97945190476207
2025-06-28,61,62,10:00-10:20,34.69818047619037
2025-06-28,66,66,10:50-11:00,42.71043857142854
2025-06-28,95,95,15:40-15:50,4.88166523809533
2025-06-28,114,114,18:50-19:00,35.7503652380953
2025-06-28,119,120,19:40-20:00,73.34328666666636
2025-06-28,124,127,20:30-21:10,106.25559666666683
2025-06-28,130,133,21:30-22:10,69.39488000000017
2025-06-28,137,138,22:40-23:00,41.12619666666683
2025-06-28,140,141,23:10-23:30,63.21955000000003
2025-06-29,16,16,02:30-02:40,5.379393333333269
2025-06-29,27,27,04:20-04:30,15.204050000000052
2025-06-29,31,31,05:00-05:10,5.818553333333366
2025-06-29,37,38,06:00-06:20,5.9674652380954285
2025-06-29,41,43,06:40-07:10,83.27940619047604
2025-06-29,45,46,07:20-07:40,3.8348266666668565
2025-06-29,50,51,08:10-08:30,83.4384009523809
2025-06-29,54,54,08:50-09:00,5.979121904761826
2025-06-29,56,58,09:10-09:40,123.95356285714283
2025-06-29,61,61,10:00-10:10,10.660930000000235
2025-06-29,64,65,10:30-10:50,56.199209523809714
2025-06-29,68,71,11:10-11:50,188.10650571428505
2025-06-29,87,87,14:20-14:30,15.018147619047681
2025-06-29,89,89,14:40-14:50,53.56157238095246
2025-06-29,111,111,18:20-18:30,0.7805137523809691
2025-06-29,114,115,18:50-19:10,31.125230476190495
2025-06-29,118,120,19:30-20:00,65.97433333333322
2025-06-29,123,123,20:20-20:30,2.630332380952268
2025-06-29,126,129,20:50-21:30,48.65758904761924
2025-06-29,131,132,21:40-22:00,25.249286666666762
2025-06-29,139,140,23:00-23:20,65.40293600000064
2025-06-30,28,28,04:30-04:40,12.23288923809506
2025-06-30,36,38,05:50-06:20,55.695094761905125
2025-06-30,41,43,06:40-07:10,142.66791523809508
2025-06-30,51,54,08:20-09:00,47.81224666666668
2025-06-30,58,63,09:30-10:30,263.1020833333333
2025-06-30,71,72,11:40-12:00,101.42150657142815
2025-06-30,87,89,14:20-14:50,184.93036817048738
2025-06-30,109,109,18:00-18:10,6.747207655380151
2025-06-30,114,114,18:50-19:00,56.96324904761923
2025-06-30,117,118,19:20-19:40,78.51181476190516
2025-06-30,121,124,20:00-20:40,73.40379999999996
2025-06-30,127,129,21:00-21:30,41.90699999999981
2025-06-30,134,135,22:10-22:30,58.97195000000022
2025-06-30,138,138,22:50-23:00,17.775983333333443
2025-06-30,144,144,23:50-24:00,19.557707333333497
2025-07-01,3,3,00:20-00:30,4.234490000000051
2025-07-01,6,6,00:50-01:00,26.167383333333532
2025-07-01,8,10,01:10-01:40,56.21611999999982
2025-07-01,13,13,02:00-02:10,38.58288333333326
2025-07-01,16,17,02:30-02:50,39.23151333333328
2025-07-01,19,20,03:00-03:20,87.20092
2025-07-01,23,25,03:40-04:10,70.83951714285735
2025-07-01,28,29,04:30-04:50,16.398833333333073
2025-07-01,33,34,05:20-05:40,37.560529047619085
2025-07-01,37,37,06:00-06:10,19.703093333333186
2025-07-01,40,41,06:30-06:50,92.88338190476185
2025-07-01,44,45,07:10-07:30,83.75240190476165
2025-07-01,48,48,07:50-08:00,13.344833809523777
2025-07-01,51,54,08:20-09:00,62.7281804761904
2025-07-01,58,60,09:30-10:00,141.70346428571435
2025-07-01,63,66,10:20-11:00,117.89265857142846
2025-07-01,68,68,11:10-11:20,6.507509999999684
2025-07-01,71,71,11:40-11:50,18.20520000000056
2025-07-01,83,84,13:40-14:00,64.88079380952391
2025-07-01,87,87,14:20-14:30,51.65461619047616
2025-07-01,89,89,14:40-14:50,31.392288571428224
2025-07-01,110,112,18:10-18:40,95.72946904761884
2025-07-01,115,116,19:00-19:20,32.55360190476193
2025-07-01,118,120,19:30-20:00,46.60033333333331
2025-07-01,126,127,20:50-21:10,49.75129142857156
2025-07-01,130,130,21:30-21:40,50.02163666666661
2025-07-01,133,136,22:00-22:40,67.38094333333311
2025-07-01,139,140,23:00-23:20,69.2454133333332
2025-07-01,142,144,23:30-24:00,28.87866666666696
2025-07-02,1,1,00:00-00:10,71.36445212959165
2025-07-02,4,6,00:30-01:00,40.99733333333336
2025-07-02,9,11,01:20-01:50,74.64270666666653
2025-07-02,18,19,02:50-03:10,28.316404761904813
2025-07-02,22,23,03:30-03:50,65.70874333333354
2025-07-02,25,26,04:00-04:20,19.502823333333495
2025-07-02,30,31,04:50-05:10,55.938121904762355
2025-07-02,34,35,05:30-05:50,64.51868238095206
2025-07-02,40,41,06:30-06:50,41.68701428571427
2025-07-02,43,44,07:00-07:20,58.25247000000007
2025-07-02,48,48,07:50-08:00,40.088575714285696
2025-07-02,53,54,08:40-09:00,43.01597857142832
2025-07-02,57,58,09:20-09:40,74.28474142857107
2025-07-02,61,63,10:00-10:30,87.09445238095213
2025-07-02,69,69,11:20-11:30,9.638213809524132
2025-07-02,100,101,16:30-16:50,10.041585523809601
2025-07-02,108,110,17:50-18:20,87.11384142857125
2025-07-02,113,116,18:40-19:20,101.51118666666665
2025-07-02,119,120,19:40-20:00,126.31420666666668
2025-07-02,123,123,20:20-20:30,20.213642857142986
2025-07-02,125,126,20:40-21:00,14.498996666666425
2025-07-02,130,130,21:30-21:40,26.726330000000075
2025-07-02,133,134,22:00-22:20,111.92842666666684
2025-07-02,136,137,22:30-22:50,66.37599
2025-07-02,140,141,23:10-23:30,54.67982333333293
2025-07-02,144,144,23:50-24:00,12.13870333333341
2025-07-03,2,2,00:10-00:20,21.96533666666687
2025-07-03,6,7,00:50-01:10,11.331176666666465
2025-07-03,9,10,01:20-01:40,44.238863333333484
2025-07-03,13,15,02:00-02:30,100.3180000000001
2025-07-03,19,20,03:00-03:20,4.804550000000106
2025-07-03,22,23,03:30-03:50,46.57037666666646
2025-07-03,25,25,04:00-04:10,0.8145980952383098
2025-07-03,29,30,04:40-05:00,46.4596519047617
2025-07-03,33,34,05:20-05:40,56.02537047619043
2025-07-03,42,48,06:50-08:00,237.9284638095238
2025-07-03,54,57,08:50-09:30,163.44366476190467
2025-07-03,61,68,10:00-11:20,152.845763809524
2025-07-03,70,71,11:30-11:50,67.61836285714298
2025-07-03,79,84,13:00-14:00,167.00335714285694
2025-07-03,86,87,14:10-14:30,7.910386666666483
2025-07-03,90,93,14:50-15:30,32.87940714285753
2025-07-03,96,98,15:50-16:20,66.00208333333353
2025-07-03,101,102,16:40-17:00,24.73776523809545
2025-07-03,105,108,17:20-18:00,75.53295952380935
2025-07-03,111,113,18:20-18:50,137.32812333333342
2025-07-03,117,119,19:20-19:50,38.3661776190479
2025-07-03,122,124,20:10-20:40,80.29260666666659
2025-07-03,127,128,21:00-21:20,140.97868666666648
2025-07-03,130,133,21:30-22:10,89.1293974176148
2025-07-03,137,139,22:40-23:10,30.59373000000005
2025-07-03,144,144,23:50-24:00,24.320179999999937
2025-07-04,1,1,00:00-00:10,130.04836999999998
2025-07-04,4,6,00:30-01:00,108.73300000000006
2025-07-04,10,10,01:30-01:40,19.21086666666656
2025-07-04,13,14,02:00-02:20,58.050096666666605
2025-07-04,16,16,02:30-02:40,6.694749999999999
2025-07-04,22,24,03:30-04:00,26.444999999999844
2025-07-04,27,27,04:20-04:30,20.39522333333332
2025-07-04,29,37,04:40-06:10,906.5832133752368
2025-07-04,40,44,06:30-07:20,541.8354604761901
2025-07-04,46,51,07:30-08:30,124.51559523809522
2025-07-04,54,54,08:50-09:00,4.316384761904715
2025-07-04,57,57,09:20-09:30,7.590635714285781
2025-07-04,61,62,10:00-10:20,81.53264095238069
2025-07-04,96,96,15:50-16:00,9.388123809523982
2025-07-04,100,101,16:30-16:50,81.57285285714306
2025-07-04,103,105,17:00-17:30,24.53707621726022
2025-07-04,107,108,17:40-18:00,41.3300500000002
2025-07-04,111,113,18:20-18:50,100.46397666666688
2025-07-04,118,120,19:30-20:00,92.62300000000016
2025-07-04,123,123,20:20-20:30,3.3118976190476133
2025-07-04,126,127,20:50-21:10,37.5676819047618
2025-07-04,130,131,21:30-21:50,46.43642333333321
2025-07-04,134,135,22:10-22:30,87.71589000000017
2025-07-04,138,138,22:50-23:00,13.407713333333277
2025-07-04,141,141,23:20-23:30,29.25870666666674
2025-07-04,144,144,23:50-24:00,8.768703333333292
2025-07-05,1,3,00:00-00:30,165.43533333333346
2025-07-05,6,6,00:50-01:00,19.51615333333325
2025-07-05,8,9,01:10-01:30,26.398820000000228
2025-07-05,12,14,01:50-02:20,86.27595333333318
2025-07-05,17,19,02:40-03:10,88.1603280952381
2025-07-05,22,27,03:30-04:30,96.56000000000013
2025-07-05,30,45,04:50-07:30,1187.1011841723785
2025-07-05,51,51,08:20-08:30,20.84253523809525
2025-07-05,56,58,09:10-09:40,55.2665485714283
2025-07-05,61,62,10:00-10:20,100.53714857142859
2025-07-05,64,66,10:30-11:00,142.03641666666636
2025-07-05,68,68,11:10-11:20,25.084303333333082
2025-07-05,95,96,15:40-16:00,57.781249047618985
2025-07-05,98,99,16:10-16:30,107.9306200000002
2025-07-05,102,104,16:50-17:20,79.94370380952395
2025-07-05,107,108,17:40-18:00,51.464289047619104
2025-07-05,116,119,19:10-19:50,69.88621999999987
2025-07-05,123,124,20:20-20:40,16.94210904761883
2025-07-05,127,131,21:00-21:50,115.22912680679505
2025-07-05,133,134,22:00-22:20,59.20131333333313
2025-07-05,137,141,22:40-23:30,67.28638333333367
2025-07-06,1,1,00:00-00:10,76.16618333333327
2025-07-06,3,3,00:20-00:30,28.926469999999995
2025-07-06,6,7,00:50-01:10,27.79023333333305
2025-07-06,10,10,01:30-01:40,22.22879666666654
2025-07-06,13,13,02:00-02:10,71.65603666666664
2025-07-06,16,17,02:30-02:50,96.24423666666655
2025-07-06,20,20,03:10-03:20,11.008938571428416
2025-07-06,23,24,03:40-04:00,116.24400809523809
2025-07-06,27,28,04:20-04:40,76.83866380952388
2025-07-06,31,32,05:00-05:20,40.95671380952385
2025-07-06,34,35,05:30-05:50,23.43296190476231
2025-07-06,37,38,06:00-06:20,18.08671619047618
2025-07-06,42,42,06:50-07:00,0.30173666666655663
2025-07-06,47,49,07:40-08:10,118.99821571428572
2025-07-06,52,52,08:30-08:40,6.363845238094939
2025-07-06,55,57,09:00-09:30,71.26267857142834
2025-07-06,59,60,09:40-10:00,179.01182761904738
2025-07-06,64,67,10:30-11:10,99.28636190476232
2025-07-06,73,75,12:00-12:30,172.7121666666667
2025-07-06,77,78,12:40-13:00,101.07852904761921
2025-07-06,81,84,13:20-14:00,90.8500814285718
2025-07-06,87,88,14:20-14:40,97.2126380952385
2025-07-06,92,98,15:10-16:20,560.9250824428574
2025-07-06,100,104,16:30-17:20,245.78048469870492
2025-07-06,106,114,17:30-19:00,917.5793174547034
2025-07-06,116,126,19:10-21:00,1245.046930768066
2025-07-06,128,129,21:10-21:30,22.81296666666674
2025-07-06,131,133,21:40-22:10,103.3042499999998
2025-07-06,136,137,22:30-22:50,21.403713333333258
2025-07-06,140,141,23:10-23:30,115.87649666666675
2025-07-06,144,144,23:50-24:00,40.408879999999954
2025-07-07,1,1,00:00-00:10,73.58202000000006
2025-07-07,3,4,00:20-00:40,87.38906666666651
2025-07-07,6,6,00:50-01:00,1.831313333333469
2025-07-07,10,11,01:30-01:50,66.32361666666657
2025-07-07,13,13,02:00-02:10,50.10896333333312
2025-07-07,16,17,02:30-02:50,34.84721999999999
2025-07-07,20,21,03:10-03:30,19.70578952380947
2025-07-07,25,26,04:00-04:20,83.3587466666668
2025-07-07,29,30,04:40-05:00,43.04461476190477
2025-07-07,34,34,05:30-05:40,19.89694238095241
2025-07-07,37,38,06:00-06:20,52.29625761904754
2025-07-07,43,43,07:00-07:10,19.910049523809647
2025-07-07,49,50,08:00-08:20,122.90416428571405
2025-07-07,55,55,09:00-09:10,37.19610857142874
2025-07-07,58,59,09:30-09:50,96.34135476190477
2025-07-07,62,65,10:10-10:50,187.6726561904759
2025-07-07,69,70,11:20-11:40,34.40788809523815
2025-07-07,73,74,12:00-12:20,45.86114285714257
2025-07-07,76,78,12:30-13:00,145.7166309523816
2025-07-07,82,82,13:30-13:40,48.31303047619076
2025-07-07,88,90,14:30-15:00,89.38539285714327
2025-07-07,108,111,17:50-18:30,65.96573523809558
2025-07-07,114,115,18:50-19:10,45.81511000000012
2025-07-07,118,119,19:30-19:50,119.32320761904771
2025-07-07,122,124,20:10-20:40,28.75887333333351
2025-07-07,127,127,21:00-21:10,9.696060000000102
2025-07-07,130,131,21:30-21:50,55.55882000000008
2025-07-07,134,135,22:10-22:30,118.9280100000002
2025-07-07,139,140,23:00-23:20,51.71709999999996
2025-07-07,142,143,23:30-23:50,13.995513333333179
2025-07-08,1,4,00:00-00:40,128.12783333333357
2025-07-08,7,8,01:00-01:20,36.57018333333315
2025-07-08,10,10,01:30-01:40,24.159289999999828
2025-07-08,13,13,02:00-02:10,23.72050666666655
2025-07-08,16,18,02:30-03:00,144.24366666666697
2025-07-08,21,21,03:20-03:30,20.412070000000085
2025-07-08,23,24,03:40-04:00,26.58826047619027
2025-07-08,26,27,04:10-04:30,50.08487380952408
2025-07-08,29,30,04:40-05:00,71.59143285714288
2025-07-08,33,34,05:20-05:40,63.711743333333196
2025-07-08,37,38,06:00-06:20,45.159895238095146
2025-07-08,40,41,06:30-06:50,34.18670047619054
2025-07-08,43,45,07:00-07:30,49.35746428571403
2025-07-08,49,51,08:00-08:30,47.45659523809485
2025-07-08,58,62,09:30-10:20,138.14328857142868
2025-07-08,67,69,11:00-11:30,127.07025000000021
2025-07-08,76,77,12:30-12:50,96.32180428571473
2025-07-08,81,87,13:20-14:30,278.85874190476187
2025-07-08,90,91,14:50-15:10,32.7904523809525
2025-07-08,94,96,15:30-16:00,118.93625000000031
2025-07-08,102,103,16:50-17:10,59.53157952380974
2025-07-08,106,107,17:30-17:50,79.97248761904768
2025-07-08,110,111,18:10-18:30,32.41321380952381
2025-07-08,113,114,18:40-19:00,63.282198571428296
2025-07-08,117,120,19:20-20:00,74.65056666666646
2025-07-08,123,124,20:20-20:40,41.22449047619034
2025-07-08,127,129,21:00-21:30,86.18499999999995
2025-07-08,134,135,22:10-22:30,44.6485633333333
2025-07-08,138,138,22:50-23:00,10.740616666666483
2025-07-08,142,143,23:30-23:50,86.71170333333362
2025-07-09,1,3,00:00-00:30,87.61033333333353
2025-07-09,5,7,00:40-01:10,36.07351666666693
2025-07-09,10,11,01:30-01:50,18.587370000000305
2025-07-09,14,15,02:10-02:30,46.08310666666637
2025-07-09,17,18,02:40-03:00,77.83402666666689
2025-07-09,21,24,03:20-04:00,33.18730666666664
2025-07-09,28,28,04:30-04:40,18.194585714285797
2025-07-09,31,32,05:00-05:20,38.50637571428578
2025-07-09,34,34,05:30-05:40,34.33242428571445
2025-07-09,37,38,06:00-06:20,58.680229999999824
2025-07-09,40,41,06:30-06:50,21.16867380952408
2025-07-09,46,48,07:30-08:00,54.23007142857148
2025-07-09,54,55,08:50-09:10,16.30001809523803
2025-07-09,58,59,09:30-09:50,100.7255914285713
2025-07-09,61,66,10:00-11:00,253.85719047619068
2025-07-09,70,71,11:30-11:50,140.02553714285705
2025-07-09,75,77,12:20-12:50,87.20537095238046
2025-07-09,80,81,13:10-13:30,33.16368047619085
2025-07-09,85,86,14:00-14:20,140.53410714285707
2025-07-09,89,89,14:40-14:50,0.2338900000000308
2025-07-09,93,95,15:20-15:50,74.97242278484055
2025-07-09,106,106,17:30-17:40,61.25859666666645
2025-07-09,109,110,18:00-18:20,53.87380523809536
2025-07-09,116,117,19:10-19:30,115.63824666666613
2025-07-09,120,120,19:50-20:00,10.927747142857015
2025-07-09,123,126,20:20-21:00,60.35153238095277
2025-07-09,129,129,21:20-21:30,18.692893333333586
2025-07-09,132,134,21:50-22:20,83.25271333333319
2025-07-09,138,141,22:50-23:30,94.69438666666679
2025-07-10,1,3,00:00-00:30,136.0856666666666
2025-07-10,6,6,00:50-01:00,71.94561666666641
2025-07-10,10,13,01:30-02:10,124.8226199999998
2025-07-10,16,17,02:30-02:50,73.4560466666668
2025-07-10,20,21,03:10-03:30,45.42823333333308
2025-07-10,25,27,04:00-04:30,147.275
2025-07-10,31,31,05:00-05:10,37.71243666666665
2025-07-10,35,35,05:40-05:50,5.3379285714285345
2025-07-10,38,40,06:10-06:40,67.0663966666661
2025-07-10,43,44,07:00-07:20,79.53232619047617
2025-07-10,46,46,07:30-07:40,22.65580666666642
2025-07-10,49,50,08:00-08:20,38.066697619047545
2025-07-10,53,54,08:40-09:00,116.14800333333343
2025-07-10,57,58,09:20-09:40,64.84961714285669
2025-07-10,61,61,10:00-10:10,21.099417619047472
2025-07-10,64,64,10:30-10:40,6.220136666666576
2025-07-10,68,68,11:10-11:20,73.62757761904732
2025-07-10,72,75,11:50-12:30,168.10272571428573
2025-07-10,85,86,14:00-14:20,49.622929904763
2025-07-10,89,89,14:40-14:50,30.723648095238175
2025-07-10,94,95,15:30-15:50,72.62469571428579
2025-07-10,100,100,16:30-16:40,24.59041380952408
2025-07-10,104,104,17:10-17:20,24.264890952380995
2025-07-10,108,108,17:50-18:00,14.2663257142857
2025-07-10,113,114,18:40-19:00,93.16408571428593
2025-07-10,117,117,19:20-19:30,28.4136542857143
2025-07-10,120,120,19:50-20:00,16.663587142856954
2025-07-10,122,123,20:10-20:30,92.60512000000023
2025-07-10,126,126,20:50-21:00,52.68468857142898
2025-07-10,129,129,21:20-21:30,39.07876333333297
2025-07-10,131,133,21:40-22:10,83.62080999999989
2025-07-10,136,137,22:30-22:50,90.68943999999976
2025-07-10,139,139,23:00-23:10,7.12035666666668
2025-07-11,1,2,00:00-00:20,75.15895333333333
2025-07-11,4,7,00:30-01:10,29.166363333333493
2025-07-11,10,14,01:30-02:20,37.291636666666705
2025-07-11,19,21,03:00-03:30,84.39833333333343
2025-07-11,24,26,03:50-04:20,75.12992666666662
2025-07-11,30,31,04:50-05:10,89.05911238095229
2025-07-11,34,36,05:30-06:00,47.50586904761889
2025-07-11,38,40,06:10-06:40,60.51451190476206
2025-07-11,43,43,07:00-07:10,13.111362380952386
2025-07-11,46,46,07:30-07:40,3.505539047619095
2025-07-11,49,54,08:00-09:00,138.83096428571423
2025-07-11,56,56,09:10-09:20,0.8771552380953835
2025-07-11,59,60,09:40-10:00,117.53412380952341
2025-07-11,62,63,10:10-10:30,113.82670571428548
2025-07-11,67,71,11:00-11:50,73.00335047619046
2025-07-11,99,99,16:20-16:30,6.843099176191231
2025-07-11,107,108,17:40-18:00,42.77507761904761
2025-07-11,111,115,18:20-19:10,43.64676333333351
2025-07-11,118,119,19:30-19:50,57.93061952380958
2025-07-11,123,126,20:20-21:00,106.10444476190472
2025-07-11,132,133,21:50-22:10,38.238793333333206
2025-07-11,136,137,22:30-22:50,25.033166666666602
2025-07-11,141,144,23:20-24:00,68.71301666666659
2025-07-12,1,1,00:00-00:10,88.79773666666676
2025-07-12,3,4,00:20-00:40,41.119220000000155
2025-07-12,8,9,01:10-01:30,67.15502000000026
2025-07-12,12,12,01:50-02:00,25.671393333333413
2025-07-12,15,16,02:20-02:40,50.81836333333354
2025-07-12,19,20,03:00-03:20,19.493900000000195
2025-07-12,25,26,04:00-04:20,60.039160000000095
2025-07-12,28,28,04:30-04:40,16.535126666666656
2025-07-12,31,33,05:00-05:30,54.343047619047624
2025-07-12,36,36,05:50-06:00,4.736852857142765
2025-07-12,38,39,06:10-06:30,43.906114761904604
2025-07-12,41,42,06:40-07:00,53.09964809523808
2025-07-12,45,47,07:20-07:50,87.79016047619052
2025-07-12,50,51,08:10-08:30,89.58598952380942
2025-07-12,54,58,08:50-09:40,142.80505095238107
2025-07-12,61,62,10:00-10:20,16.153301904761975
2025-07-12,64,66,10:30-11:00,115.9679047619054
2025-07-12,94,94,15:30-15:40,45.646444654909146
2025-07-12,97,98,16:00-16:20,88.49161952380953
2025-07-12,102,103,16:50-17:10,93.22744238095243
2025-07-12,106,107,17:30-17:50,88.7922995238097
2025-07-12,109,110,18:00-18:20,13.963998571428505
2025-07-12,115,117,19:00-19:30,28.946666666667056
2025-07-12,120,120,19:50-20:00,0.755925714285695
2025-07-12,125,126,20:40-21:00,69.42926666666676
2025-07-12,129,129,21:20-21:30,11.50585666666666
2025-07-12,131,132,21:40-22:00,56.24569666666673
2025-07-12,135,135,22:20-22:30,17.43180333333362
2025-07-12,138,141,22:50-23:30,66.7354933333337
2025-07-13,1,1,00:00-00:10,79.01802999999995
2025-07-13,4,4,00:30-00:40,7.691400000000044
2025-07-13,7,8,01:00-01:20,34.11737000000005
2025-07-13,11,12,01:40-02:00,56.7707566666669
2025-07-13,16,21,02:30-03:30,50.53733333333323
2025-07-13,28,29,04:30-04:50,68.00909666666678
2025-07-13,36,37,05:50-06:10,43.77873952380969
2025-07-13,40,42,06:30-07:00,119.01207142857146
2025-07-13,45,47,07:20-07:50,127.78975190476207
2025-07-13,49,50,08:00-08:20,18.822508095238106
2025-07-13,53,54,08:40-09:00,13.990464761904605
2025-07-13,56,57,09:10-09:30,73.10768666666672
2025-07-13,60,60,09:50-10:00,5.038402380952448
2025-07-13,63,65,10:20-10:50,92.76419666666675
2025-07-13,71,72,11:40-12:00,5.996586190476364
2025-07-13,87,90,14:20-15:00,84.45028247619048
2025-07-13,108,110,17:50-18:20,84.55877857142897
2025-07-13,114,116,18:50-19:20,80.09500476190516
2025-07-13,119,120,19:40-20:00,59.42568333333281
2025-07-13,123,125,20:20-20:50,78.58747476190428
2025-07-13,131,133,21:40-22:10,69.63418333333368
2025-07-13,136,137,22:30-22:50,79.01598999999976
2025-07-13,140,142,23:10-23:40,88.34171333333347
2025-07-14,1,1,00:00-00:10,84.82995666666659
2025-07-14,4,4,00:30-00:40,28.956593333333558
2025-07-14,7,7,01:00-01:10,24.677076666666608
2025-07-14,10,11,01:30-01:50,55.40733333333333
2025-07-14,14,15,02:10-02:30,23.815259999999853
2025-07-14,17,19,02:40-03:10,48.948106666666554
2025-07-14,22,22,03:30-03:40,16.83010095238084
2025-07-14,28,28,04:30-04:40,8.931247619047616
2025-07-14,31,32,05:00-05:20,55.73763523809519
2025-07-14,35,36,05:40-06:00,34.40286647619021
2025-07-14,39,40,06:20-06:40,47.61489523809519
2025-07-14,45,47,07:20-07:50,24.784584285714118
2025-07-14,49,49,08:00-08:10,13.564533809523596
2025-07-14,53,56,08:40-09:20,225.85685238095238
2025-07-14,59,62,09:40-10:20,75.25036809523817
2025-07-14,65,66,10:40-11:00,113.92800095238067
2025-07-14,72,73,11:50-12:10,36.02165952380915
2025-07-14,84,84,13:50-14:00,0.16866704761878282
2025-07-14,88,89,14:30-14:50,25.426399523809575
2025-07-14,107,108,17:40-18:00,89.00949790476159
2025-07-14,112,114,18:30-19:00,55.77251190476181
2025-07-14,117,119,19:20-19:50,58.417779047619206
2025-07-14,125,127,20:40-21:10,41.16362999999959
2025-07-14,131,132,21:40-22:00,27.537023333333423
2025-07-14,134,135,22:10-22:30,20.56498333333343
2025-07-14,138,140,22:50-23:20,14.505813333333663
2025-07-14,144,144,23:50-24:00,28.542986666666593
2025-07-15,1,1,00:00-00:10,80.74167333333344
2025-07-15,4,5,00:30-00:50,91.50038666666671
2025-07-15,8,9,01:10-01:30,36.12713000000019
2025-07-15,12,15,01:50-02:30,80.59611333333339
2025-07-15,18,21,02:50-03:30,88.9916999999997
2025-07-15,24,24,03:50-04:00,10.070933333333528
2025-07-15,36,37,05:50-06:10,82.15691666666692
2025-07-15,40,40,06:30-06:40,3.1734728571427695
2025-07-15,43,43,07:00-07:10,59.26563809523822
2025-07-15,47,48,07:40-08:00,70.08252333333314
2025-07-15,52,53,08:30-08:50,33.04707428571423
2025-07-15,56,57,09:10-09:30,136.37133380952378
2025-07-15,60,61,09:50-10:10,48.04711333333353
2025-07-15,64,66,10:30-11:00,81.10104761904722
2025-07-15,68,71,11:10-11:50,207.59223428571522
2025-07-15,73,74,12:00-12:20,110.30699904761923
2025-07-15,82,83,13:30-13:50,15.068196666666676
2025-07-15,87,88,14:20-14:40,23.01562571428547
2025-07-15,105,105,17:20-17:30,27.69669047619044
2025-07-15,108,109,17:50-18:10,68.26081809523842
2025-07-15,113,114,18:40-19:00,26.3752071428569
2025-07-15,118,118,19:30-19:40,16.280483333333223
2025-07-15,121,121,20:00-20:10,8.54541666666671
2025-07-15,124,126,20:30-21:00,34.435333333333794
2025-07-15,128,129,21:10-21:30,69.03075333333345
2025-07-15,137,138,22:40-23:00,100.19928666666692
2025-07-15,141,141,23:20-23:30,36.18676266666671
2025-07-15,144,144,23:50-24:00,8.183949999999982
2025-07-16,1,1,00:00-00:10,54.49351666666655
2025-07-16,4,5,00:30-00:50,55.38711666666666
2025-07-16,7,8,01:00-01:20,12.094473333333667
2025-07-16,14,14,02:10-02:20,20.48853666666662
2025-07-16,22,22,03:30-03:40,11.010901809523716
2025-07-16,25,25,04:00-04:10,22.51697542034125
2025-07-16,28,28,04:30-04:40,13.137504761904566
2025-07-16,32,32,05:10-05:20,10.822349999998885
2025-07-16,35,36,05:40-06:00,112.43938619047597
2025-07-16,41,42,06:40-07:00,22.123191904762166
2025-07-16,44,46,07:10-07:40,79.67189428571439
2025-07-16,50,51,08:10-08:30,58.74029333333351
2025-07-16,55,56,09:00-09:20,99.5439704761909
2025-07-16,58,59,09:30-09:50,79.54968666666696
2025-07-16,62,64,10:10-10:40,193.03501285714265
2025-07-16,66,67,10:50-11:10,67.08204809523818
2025-07-16,71,73,11:40-12:10,267.449839047619
2025-07-16,87,87,14:20-14:30,65.73172523809532
2025-07-16,89,90,14:40-15:00,254.3074938095239
2025-07-16,93,93,15:20-15:30,43.63523523809522
2025-07-16,96,98,15:50-16:20,43.32895857142819
2025-07-16,102,102,16:50-17:00,47.711612857143166
2025-07-16,106,106,17:30-17:40,31.158759999999745
2025-07-16,110,111,18:10-18:30,100.930019047619
2025-07-16,114,114,18:50-19:00,57.33349238095252
2025-07-16,117,118,19:20-19:40,56.20329428571415
2025-07-16,121,122,20:00-20:20,62.14081380952388
2025-07-16,126,129,20:50-21:30,36.77229999999963
2025-07-16,131,132,21:40-22:00,91.8062666666666
2025-07-16,134,135,22:10-22:30,70.13128666666682
2025-07-16,138,138,22:50-23:00,74.73598666666658
2025-07-16,141,142,23:20-23:40,43.26555666666627
2025-07-17,1,1,00:00-00:10,58.78907333333348
2025-07-17,4,6,00:30-01:00,114.60500000000002
2025-07-17,9,9,01:20-01:30,22.543036666666808
2025-07-17,11,12,01:40-02:00,53.27636333333339
2025-07-17,15,15,02:20-02:30,49.24405999999976
2025-07-17,22,23,03:30-03:50,19.89939133333328
2025-07-17,28,30,04:30-05:00,43.56488090416864
2025-07-17,35,37,05:40-06:10,35.98099999999985
2025-07-17,40,42,06:30-07:00,125.32686904761891
2025-07-17,45,47,07:20-07:50,46.056337619047696
2025-07-17,50,53,08:10-08:50,165.97767333333326
2025-07-17,55,56,09:00-09:20,60.108430952380985
2025-07-17,61,61,10:00-10:10,39.53704190476242
2025-07-17,66,66,10:50-11:00,22.60104142857176
2025-07-17,68,68,11:10-11:20,58.59212999999977
2025-07-17,70,70,11:30-11:40,21.80547504761921
2025-07-17,73,73,12:00-12:10,63.20070047619015
2025-07-17,85,86,14:00-14:20,107.19368295238093
2025-07-17,98,99,16:10-16:30,97.69319085714278
2025-07-17,105,105,17:20-17:30,0.07135761904805804
2025-07-17,107,107,17:40-17:50,1.729031904761996
2025-07-17,111,112,18:20-18:40,48.3175790476192
2025-07-17,115,116,19:00-19:20,52.12877571428584
2025-07-17,118,118,19:30-19:40,30.563573333333352
2025-07-17,121,122,20:00-20:20,67.31353428571417
2025-07-17,124,124,20:30-20:40,19.614293333333762
2025-07-17,127,127,21:00-21:10,42.529489999999896
2025-07-17,130,130,21:30-21:40,30.613550000000032
2025-07-17,133,134,22:00-22:20,38.82498866666674
2025-07-17,136,137,22:30-22:50,40.23437333333334
2025-07-17,141,142,23:20-23:40,71.43670999999995
2025-07-18,1,4,00:00-00:40,74.41682666666657
2025-07-18,7,7,01:00-01:10,22.359830000000102
2025-07-18,11,12,01:40-02:00,22.29293666666672
2025-07-18,14,15,02:10-02:30,51.67483666666669
2025-07-18,18,18,02:50-03:00,46.25250666666682
2025-07-18,21,21,03:20-03:30,50.482586666666634
2025-07-18,25,27,04:00-04:30,48.08466666666686
2025-07-18,30,31,04:50-05:10,32.906959047619004
2025-07-18,34,35,05:30-05:50,23.452174761904587
2025-07-18,37,37,06:00-06:10,11.621775238095154
2025-07-18,41,48,06:40-08:00,190.91626619047605
2025-07-18,51,53,08:20-08:50,68.69922142857149
2025-07-18,55,56,09:00-09:20,20.237587142857365
2025-07-18,58,59,09:30-09:50,14.841257142856989
2025-07-18,64,64,10:30-10:40,29.97106904761904
2025-07-18,67,67,11:00-11:10,32.56173047619086
2025-07-18,95,96,15:40-16:00,56.82114190476196
2025-07-18,99,99,16:20-16:30,17.121069523809865
2025-07-18,103,103,17:00-17:10,7.880303428571324
2025-07-18,107,107,17:40-17:50,20.05570238095163
2025-07-18,115,116,19:00-19:20,73.08479904761907
2025-07-18,120,122,19:50-20:20,75.38186142857184
2025-07-18,127,128,21:00-21:20,91.66909333333354
2025-07-18,130,134,21:30-22:20,86.61041333333367
2025-07-18,137,138,22:40-23:00,39.98622666666654
2025-07-18,142,142,23:30-23:40,29.898549999999886
2025-07-19,1,2,00:00-00:20,43.881406666666635
2025-07-19,4,4,00:30-00:40,58.15813000000014
2025-07-19,7,8,01:00-01:20,121.66378666666651
2025-07-19,14,15,02:10-02:30,133.41459666666663
2025-07-19,18,18,02:50-03:00,34.694886666666775
2025-07-19,21,22,03:20-03:40,80.87079190476183
2025-07-19,25,26,04:00-04:20,70.49312666666657
2025-07-19,30,32,04:50-05:20,65.21358095238082
2025-07-19,37,37,06:00-06:10,38.73250047619047
2025-07-19,40,41,06:30-06:50,89.99113857142859
2025-07-19,43,44,07:00-07:20,32.94609619047628
2025-07-19,47,48,07:40-08:00,136.95376333333354
2025-07-19,51,53,08:20-08:50,103.91925666666657
2025-07-19,57,58,09:20-09:40,104.38587000000052
2025-07-19,61,63,10:00-10:30,120.32347619047664
2025-07-19,102,102,16:50-17:00,22.95592293827184
2025-07-19,105,105,17:20-17:30,25.410095184008355
2025-07-19,108,109,17:50-18:10,11.210840476190342
2025-07-19,112,113,18:30-18:50,46.361230952381185
2025-07-19,116,117,19:10-19:30,120.12704000000019
2025-07-19,121,121,20:00-20:10,8.152653333333433
2025-07-19,125,127,20:40-21:10,60.45651000000021
2025-07-19,130,131,21:30-21:50,17.777650000000108
2025-07-19,135,135,22:20-22:30,25.224426666666886
2025-07-19,139,143,23:00-23:50,121.65749333333326
2025-07-20,1,1,00:00-00:10,38.924706666666566
2025-07-20,3,7,00:20-01:10,79.41090666666685
2025-07-20,10,11,01:30-01:50,71.14087666666671
2025-07-20,14,17,02:10-02:50,57.31439333333333
2025-07-20,22,23,03:30-03:50,52.514796666666435
2025-07-20,36,36,05:50-06:00,45.48550714285727
2025-07-20,38,40,06:10-06:40,84.84519142857118
2025-07-20,43,45,07:00-07:30,52.92641666666668
2025-07-20,48,52,07:50-08:40,33.918670952380836
2025-07-20,56,60,09:10-10:00,182.06493238095277
2025-07-20,62,63,10:10-10:30,19.612490952380995
2025-07-20,66,69,10:50-11:30,206.02315352380947
2025-07-20,74,75,12:10-12:30,79.08629190476199
2025-07-20,86,86,14:10-14:20,15.114509047619109
2025-07-20,88,90,14:30-15:00,131.3987857142858
2025-07-20,113,116,18:40-19:20,83.52700952380971
2025-07-20,120,122,19:50-20:20,50.0593680952381
2025-07-20,124,125,20:30-20:50,38.36213523809522
2025-07-20,128,129,21:10-21:30,69.66615000000024
2025-07-20,132,132,21:50-22:00,7.996406666666644
2025-07-20,134,135,22:10-22:30,67.79853666666634
2025-07-20,138,139,22:50-23:10,15.795116666666445
2025-07-20,142,143,23:30-23:50,45.374639999999886
2025-07-21,1,1,00:00-00:10,54.70765333333327
2025-07-21,4,4,00:30-00:40,6.121366666666631
2025-07-21,7,8,01:00-01:20,87.10938666666664
2025-07-21,11,13,01:40-02:10,126.44311333333349
2025-07-21,16,16,02:30-02:40,12.26364000000035
2025-07-21,22,22,03:30-03:40,10.22766247619051
2025-07-21,25,25,04:00-04:10,29.843381758965805
2025-07-21,32,32,05:10-05:20,17.45777019047586
2025-07-21,35,35,05:40-05:50,7.721684761904925
2025-07-21,38,39,06:10-06:30,144.14745904761918
2025-07-21,42,43,06:50-07:10,33.233248095237855
2025-07-21,46,47,07:30-07:50,131.0328176190476
2025-07-21,50,51,08:10-08:30,66.03048380952316
2025-07-21,54,57,08:50-09:30,156.5400742857146
2025-07-21,62,63,10:10-10:30,77.71709142857162
2025-07-21,66,66,10:50-11:00,25.10916238095251
2025-07-21,69,69,11:20-11:30,20.118703238095804
2025-07-21,71,73,11:40-12:10,175.24355571428578
2025-07-21,88,89,14:30-14:50,81.02733476190491
2025-07-21,95,96,15:40-16:00,83.69193866666626
2025-07-21,100,100,16:30-16:40,34.79095904761908
2025-07-21,104,105,17:10-17:30,39.265488561904306
2025-07-21,108,108,17:50-18:00,3.9089519047619206
2025-07-21,111,113,18:20-18:50,71.939002857143
2025-07-21,115,115,19:00-19:10,4.162750000000187
2025-07-21,119,120,19:40-20:00,27.4118900000002
2025-07-21,123,124,20:20-20:40,71.31171904761891
2025-07-21,127,128,21:00-21:20,55.45243666666647
2025-07-21,131,131,21:40-21:50,8.426826666666443
2025-07-21,135,137,22:20-22:50,54.53991266666674
2025-07-21,139,142,23:00-23:40,43.68589333333318
2025-07-22,1,7,00:00-01:10,91.8171966666664
2025-07-22,10,11,01:30-01:50,112.69128333333333
2025-07-22,20,20,03:10-03:20,21.528450000000134
2025-07-22,22,22,03:30-03:40,1.4378061904762456
2025-07-22,25,25,04:00-04:10,39.773854761904644
2025-07-22,33,33,05:20-05:30,2.01180238095219
2025-07-22,36,37,05:50-06:10,29.276823333333596
2025-07-22,40,41,06:30-06:50,29.057274285714243
2025-07-22,44,45,07:10-07:30,42.081479999999715
2025-07-22,52,56,08:30-09:20,219.4367195238096
2025-07-22,60,62,09:50-10:20,65.92551380952409
2025-07-22,64,66,10:30-11:00,93.49117857142892
2025-07-22,71,71,11:40-11:50,15.7049128571432
2025-07-22,81,82,13:20-13:40,110.09046619047609
2025-07-22,87,89,14:20-14:50,78.74600142857159
2025-07-22,92,92,15:10-15:20,19.819735238095518
2025-07-22,109,109,18:00-18:10,24.89615999999998
2025-07-22,116,120,19:10-20:00,89.98791666666676
2025-07-22,124,125,20:30-20:50,39.53948619047628
2025-07-22,130,132,21:30-22:00,56.967000000000326
2025-07-22,134,135,22:10-22:30,47.8988700000001
2025-07-22,138,138,22:50-23:00,29.514323333333323
2025-07-22,141,141,23:20-23:30,13.920586666666622
2025-07-23,20,20,03:10-03:20,6.367469999999798
2025-07-23,24,24,03:50-04:00,0.7996360000004188
2025-07-23,33,33,05:20-05:30,3.072923729296825
2025-07-23,36,39,05:50-06:30,73.98341857142861
2025-07-23,41,43,06:40-07:10,132.91043142857137
2025-07-23,47,48,07:40-08:00,80.26164952380952
2025-07-23,51,51,08:20-08:30,15.193081904761698
2025-07-23,54,54,08:50-09:00,12.656972857142875
2025-07-23,60,63,09:50-10:30,135.90787095238034
2025-07-23,65,67,10:40-11:10,176.69143571428617
2025-07-23,70,70,11:30-11:40,0.2872623809523702
2025-07-23,81,81,13:20-13:30,4.865371428571052
2025-07-23,86,87,14:10-14:30,116.06894619047625
2025-07-23,95,95,15:40-15:50,24.870866666666757
2025-07-23,111,111,18:20-18:30,2.9254309523811557
2025-07-23,114,115,18:50-19:10,24.597425238095525
2025-07-23,118,118,19:30-19:40,53.393196666666654
2025-07-23,122,127,20:10-21:10,90.73099666666651
2025-07-23,130,134,21:30-22:20,48.42163666666727
2025-07-23,137,138,22:40-23:00,29.7247633333335
2025-07-23,141,143,23:20-23:50,62.06029066666645
2025-07-24,11,11,01:40-01:50,1.4623366666666016
2025-07-24,20,20,03:10-03:20,14.588530000000219
2025-07-24,31,31,05:00-05:10,0.9667048418576236
2025-07-24,36,36,05:50-06:00,24.283964285714205
2025-07-24,41,42,06:40-07:00,24.060846666666748
2025-07-24,46,47,07:30-07:50,41.53866285714278
2025-07-24,52,53,08:30-08:50,50.84612523809558
2025-07-24,56,57,09:10-09:30,17.722093333333532
2025-07-24,60,65,09:50-10:50,178.54537285714332
2025-07-24,78,78,12:50-13:00,25.343659523809492
2025-07-24,82,83,13:30-13:50,42.73028285714311
2025-07-24,87,89,14:20-14:50,101.94261714285695
2025-07-24,91,91,15:00-15:10,13.108943333333059
2025-07-24,95,96,15:40-16:00,156.8230285714286
2025-07-24,99,99,16:20-16:30,29.068641904761876
2025-07-24,101,102,16:40-17:00,32.46515952381009
2025-07-24,108,108,17:50-18:00,58.7901998095241
2025-07-24,114,114,18:50-19:00,52.16650523809517
2025-07-24,117,117,19:20-19:30,31.389134285714476
2025-07-24,119,120,19:40-20:00,16.995583333333116
2025-07-24,124,124,20:30-20:40,15.655376666666825
2025-07-24,127,129,21:00-21:30,42.241333333333614
2025-07-24,131,132,21:40-22:00,58.331526666666605
2025-07-24,135,135,22:20-22:30,5.900229999999965
2025-07-24,138,141,22:50-23:30,69.44715000000019
2025-07-25,15,16,02:20-02:40,32.25971666666658
2025-07-25,19,20,03:00-03:20,49.735863333333384
2025-07-25,22,22,03:30-03:40,46.05610333333319
2025-07-25,25,26,04:00-04:20,78.29854333333344
2025-07-25,28,29,04:30-04:50,87.3641233333334
2025-07-25,31,31,05:00-05:10,25.93969761904779
2025-07-25,34,35,05:30-05:50,31.840187142857303
2025-07-25,39,39,06:20-06:30,14.347037619047683
2025-07-25,41,42,06:40-07:00,23.112344761904694
2025-07-25,45,47,07:20-07:50,228.00319000000013
2025-07-25,52,53,08:30-08:50,132.45745666666664
2025-07-25,57,58,09:20-09:40,118.13783904761908
2025-07-25,61,64,10:00-10:40,164.83975904761883
2025-07-25,108,108,17:50-18:00,15.893130476190578
2025-07-25,110,111,18:10-18:30,33.5702423809523
2025-07-25,115,118,19:00-19:40,60.66115999999988
2025-07-25,121,122,20:00-20:20,56.61461190476187
2025-07-25,127,129,21:00-21:30,88.05699999999979
2025-07-25,132,132,21:50-22:00,12.02420333333339
2025-07-25,135,136,22:20-22:40,14.557860000000119
2025-07-25,139,140,23:00-23:20,44.29470000000015
2025-07-25,142,143,23:30-23:50,41.21338999999978
2025-07-26,16,17,02:30-02:50,28.170250666666902
2025-07-26,23,24,03:40-04:00,89.83445285714288
2025-07-26,28,31,04:30-05:10,60.5207052380951
2025-07-26,34,35,05:30-05:50,52.94522333333333
2025-07-26,38,39,06:10-06:30,79.80242952380962
2025-07-26,45,46,07:20-07:40,46.166083809524025
2025-07-26,48,50,07:50-08:20,72.75175285714272
2025-07-26,53,54,08:40-09:00,188.4503438095237
2025-07-26,57,57,09:20-09:30,57.38051333333351
2025-07-26,60,60,09:50-10:00,52.65696095238104
2025-07-26,63,64,10:20-10:40,89.13963299705733
2025-07-26,111,111,18:20-18:30,9.629461238095082
2025-07-26,115,117,19:00-19:30,66.6633333333333
2025-07-26,120,120,19:50-20:00,8.587932380952225
2025-07-26,122,123,20:10-20:30,40.00578999999982
2025-07-26,127,128,21:00-21:20,37.17800666666699
2025-07-26,134,134,22:10-22:20,1.9644366666666429
2025-07-26,136,136,22:30-22:40,71.06258333333358
2025-07-26,139,140,23:00-23:20,74.13588333333325
2025-07-26,143,144,23:40-24:00,82.38690333333352
2025-07-27,1,1,00:00-00:10,21.701006666666558
2025-07-27,9,9,01:20-01:30,29.543109333333177
2025-07-27,29,29,04:40-04:50,5.3979787619047075
2025-07-27,36,39,05:50-06:30,76.12260857142826
2025-07-27,42,46,06:50-07:40,103.31076761904743
2025-07-27,49,52,08:00-08:40,104.966597619048
2025-07-27,55,55,09:00-09:10,44.009618571428234
2025-07-27,59,59,09:40-09:50,5.98832857142861
2025-07-27,61,62,10:00-10:20,32.49515904761938
2025-07-27,64,65,10:30-10:50,56.752324285714394
2025-07-27,72,77,11:50-12:50,190.35585238095177
2025-07-27,84,84,13:50-14:00,21.19049895238163
2025-07-27,87,88,14:20-14:40,27.667291428571374
2025-07-27,109,109,18:00-18:10,16.578344063011357
2025-07-27,113,113,18:40-18:50,27.40432714285714
2025-07-27,116,117,19:10-19:30,42.52303047619034
2025-07-27,122,123,20:10-20:30,68.66182333333336
2025-07-27,127,128,21:00-21:20,33.93959000000041
2025-07-27,134,135,22:10-22:30,72.71951666666644
2025-07-27,137,138,22:40-23:00,94.45431666666661
2025-07-27,143,143,23:40-23:50,7.485296666666613
2025-07-28,20,20,03:10-03:20,3.671266666666611
2025-07-28,37,39,06:00-06:30,109.0371071428574
2025-07-28,42,42,06:50-07:00,13.548437619047661
2025-07-28,45,48,07:20-08:00,82.15291809523828
2025-07-28,50,51,08:10-08:30,151.06341619047618
2025-07-28,54,54,08:50-09:00,4.643449523809267
2025-07-28,56,57,09:10-09:30,119.86815285714307
2025-07-28,60,63,09:50-10:30,87.91772523809482
2025-07-28,67,69,11:00-11:30,89.5954733038784
2025-07-28,72,74,11:50-12:20,202.42703285714333
2025-07-28,83,84,13:40-14:00,73.38119476190423
2025-07-28,87,88,14:20-14:40,60.12945190476211
2025-07-28,93,94,15:20-15:40,47.54276142857111
2025-07-28,97,98,16:00-16:20,63.80907714285718
2025-07-28,102,103,16:50-17:10,40.30649571428546
2025-07-28,106,107,17:30-17:50,86.91085000000004
2025-07-28,109,110,18:00-18:20,37.261410952381155
2025-07-28,115,116,19:00-19:20,68.5860257142856
2025-07-28,118,119,19:30-19:50,18.488672857142888
2025-07-28,121,123,20:00-20:30,43.328000000000316
2025-07-28,126,128,20:50-21:20,81.29043333333334
2025-07-28,132,132,21:50-22:00,32.022216666666736
2025-07-28,136,136,22:30-22:40,28.137807333333285
2025-07-28,139,141,23:00-23:30,146.39
2025-07-29,2,3,00:10-00:30,93.47666333333325
2025-07-29,38,39,06:10-06:30,50.42167142857119
2025-07-29,41,43,06:40-07:10,79.97724285714281
2025-07-29,46,47,07:30-07:50,33.57039095238068
2025-07-29,50,51,08:10-08:30,56.58739761904741
2025-07-29,54,60,08:50-10:00,195.35244666666688
2025-07-29,63,66,10:20-11:00,142.41510428571416
2025-07-29,71,72,11:40-12:00,64.38528190476245
2025-07-29,83,84,13:40-14:00,21.223389523809843
2025-07-29,88,88,14:30-14:40,40.91536476190518
2025-07-29,109,109,18:00-18:10,10.435045305869494
2025-07-29,113,114,18:40-19:00,25.638556190476038
2025-07-29,117,117,19:20-19:30,21.132714761904708
2025-07-29,120,120,19:50-20:00,12.437780476190596
2025-07-29,123,125,20:20-20:50,49.03664476190443
2025-07-29,129,130,21:20-21:40,53.46122333333324
2025-07-29,134,135,22:10-22:30,76.30351666666672
2025-07-29,139,140,23:00-23:20,35.62893999999983
2025-07-30,37,38,06:00-06:20,137.60971666666683
2025-07-30,40,41,06:30-06:50,42.62186000000008
2025-07-30,44,45,07:10-07:30,126.6982885714284
2025-07-30,48,48,07:50-08:00,29.2811138095239
2025-07-30,50,51,08:10-08:30,78.75933571428561
2025-07-30,54,54,08:50-09:00,34.326386666666394
2025-07-30,58,60,09:30-10:00,69.74007142857135
2025-07-30,65,66,10:40-11:00,88.14909276190497
2025-07-30,72,74,11:50-12:20,39.842640000000074
2025-07-30,88,89,14:30-14:50,125.0612897142854
2025-07-30,92,92,15:10-15:20,0.7067238095236235
2025-07-30,109,109,18:00-18:10,1.1116499666666613
2025-07-30,113,113,18:40-18:50,9.37732600000004
2025-07-30,117,119,19:20-19:50,69.80131000000006
2025-07-30,122,126,20:10-21:00,71.36880761904729
2025-07-30,129,130,21:20-21:40,41.5774866666668
2025-07-30,137,138,22:40-23:00,46.898296666666965
2025-07-31,15,15,02:20-02:30,8.707750000000033
2025-07-31,37,37,06:00-06:10,27.39736047619033
2025-07-31,40,40,06:30-06:40,14.314577619047498
2025-07-31,43,44,07:00-07:20,73.64279999999985
2025-07-31,46,50,07:30-08:20,144.2835352380949
2025-07-31,55,59,09:00-09:50,160.94017809523797
2025-07-31,63,65,10:20-10:50,136.06112619047667
2025-07-31,71,73,11:40-12:10,27.028761428571215
2025-07-31,83,84,13:40-14:00,15.636274761904598
2025-07-31,86,87,14:10-14:30,49.85733999999968
2025-07-31,115,116,19:00-19:20,49.2833404761908
2025-07-31,118,120,19:30-20:00,15.69933333333313
2025-07-31,124,125,20:30-20:50,22.290986666666868
2025-07-31,129,130,21:20-21:40,23.06035666666685
2025-07-31,136,136,22:30-22:40,16.14879666666684
2025-07-31,139,140,23:00-23:20,48.655316666666636
2025-08-01,19,19,03:00-03:10,25.600789999999847
2025-08-01,23,24,03:40-04:00,37.675386190476274
2025-08-01,26,27,04:10-04:30,33.84590523809527
2025-08-01,30,31,04:50-05:10,40.35227285714291
2025-08-01,36,36,05:50-06:00,3.3847009523808538
2025-08-01,39,39,06:20-06:30,1.131540000000001
2025-08-01,43,45,07:00-07:30,54.7796428571429
2025-08-01,48,49,07:50-08:10,148.1616504761903
2025-08-01,55,56,09:00-09:20,73.84288714285708
2025-08-01,58,61,09:30-10:10,86.33854000000065
2025-08-01,112,112,18:30-18:40,0.19527896531302957
2025-08-01,116,118,19:10-19:40,41.680955238095294
2025-08-01,121,123,20:00-20:30,88.11299999999983
2025-08-01,128,129,21:10-21:30,49.52959666666686
2025-08-01,134,134,22:10-22:20,28.981586666666544
2025-08-01,137,138,22:40-23:00,101.33697999999993
2025-08-02,19,21,03:00-03:30,42.31799999999993
2025-08-02,23,24,03:40-04:00,39.436936666666554
2025-08-02,27,28,04:20-04:40,59.99105714285713
2025-08-02,31,32,05:00-05:20,28.79090857142876
2025-08-02,35,37,05:40-06:10,53.43824428571435
2025-08-02,41,45,06:40-07:30,49.82151285714299
2025-08-02,47,48,07:40-08:00,6.867025238095266
2025-08-02,51,51,08:20-08:30,33.53601714285708
2025-08-02,53,54,08:40-09:00,29.928248095238132
2025-08-02,59,60,09:40-10:00,176.53378571428607
2025-08-02,111,111,18:20-18:30,0.7451736190473852
2025-08-02,114,114,18:50-19:00,34.62045571428553
2025-08-02,118,120,19:30-20:00,49.07866666666678
2025-08-02,122,123,20:10-20:30,27.266301428571296
2025-08-02,125,126,20:40-21:00,27.337660476190536
2025-08-02,129,129,21:20-21:30,44.4920833333332
2025-08-02,134,134,22:10-22:20,16.906113333333337
2025-08-02,137,141,22:40-23:30,35.160993333332954
2025-08-03,39,40,06:20-06:40,74.09068809523808
2025-08-03,46,46,07:30-07:40,28.492391428571636
2025-08-03,49,49,08:00-08:10,0.5093114285714364
2025-08-03,55,56,09:00-09:20,79.14756523809501
2025-08-03,59,60,09:40-10:00,53.205876666666654
2025-08-03,62,63,10:10-10:30,118.35601571428606
2025-08-03,116,119,19:10-19:50,47.99777476190479
2025-08-03,123,125,20:20-20:50,39.146150000000034
2025-08-03,127,130,21:00-21:40,50.89209666666625
2025-08-03,133,134,22:00-22:20,84.48575466666694
2025-08-03,140,141,23:10-23:30,25.020064666666713
2025-08-03,144,144,23:50-24:00,14.466799999999921
2025-08-04,1,1,00:00-00:10,20.403316666666683
2025-08-04,27,27,04:20-04:30,1.1597227619045043
2025-08-04,36,36,05:50-06:00,23.01786238095235
2025-08-04,39,40,06:20-06:40,54.99039095238072
2025-08-04,43,43,07:00-07:10,33.17215476190492
2025-08-04,46,46,07:30-07:40,45.12800666666658
2025-08-04,49,49,08:00-08:10,22.20613095238116
2025-08-04,52,53,08:30-08:50,108.81510428571437
2025-08-04,58,58,09:30-09:40,78.47689190476171
2025-08-04,61,62,10:00-10:20,94.03138904761909
2025-08-04,64,64,10:30-10:40,3.5539933333329827
2025-08-04,113,113,18:40-18:50,3.582328190476346
2025-08-04,117,117,19:20-19:30,23.263539999999693
2025-08-04,119,121,19:40-20:10,44.15735285714288
2025-08-04,125,126,20:40-21:00,53.82179047619047
2025-08-04,129,131,21:20-21:50,40.992743333333806
2025-08-04,133,134,22:00-22:20,31.442679999999996
2025-08-04,139,140,23:00-23:20,79.98351333333369
2025-08-05,38,39,06:10-06:30,71.63354904761871
2025-08-05,47,50,07:40-08:20,143.8925890476189
2025-08-05,53,54,08:40-09:00,109.63006952380977
2025-08-05,59,60,09:40-10:00,74.98806523809503
2025-08-05,62,63,10:10-10:30,155.66219142857085
2025-08-05,89,89,14:40-14:50,6.371513619047391
2025-08-05,114,115,18:50-19:10,4.735666190476081
2025-08-05,118,119,19:30-19:50,92.23272666666662
2025-08-05,121,121,20:00-20:10,19.388397142857116
2025-08-05,125,127,20:40-21:10,105.33527190476161
2025-08-05,130,131,21:30-21:50,44.389066666666736
2025-08-05,133,135,22:00-22:30,33.956540000000246
2025-08-05,138,138,22:50-23:00,15.155903333333526
2025-08-06,38,39,06:10-06:30,58.792320000000245
2025-08-06,42,42,06:50-07:00,83.78758809523805
2025-08-06,45,47,07:20-07:50,48.489113333333194
2025-08-06,49,50,08:00-08:20,76.3610857142856
2025-08-06,52,52,08:30-08:40,34.36580809523811
2025-08-06,55,57,09:00-09:30,59.954833333333
2025-08-06,60,60,09:50-10:00,67.29189333333284
2025-08-06,63,64,10:20-10:40,114.39397285714267
2025-08-06,68,68,11:10-11:20,37.8400971428573
2025-08-06,86,87,14:10-14:30,74.18521571428536
2025-08-06,89,90,14:40-15:00,79.39211523809522
2025-08-06,95,96,15:40-16:00,58.06016333333366
2025-08-06,102,103,16:50-17:10,28.44000523809484
2025-08-06,115,116,19:00-19:20,42.27694666666662
2025-08-06,118,119,19:30-19:50,73.78263333333337
2025-08-06,121,121,20:00-20:10,17.973227619047634
2025-08-06,124,125,20:30-20:50,38.60219333333339
2025-08-06,127,128,21:00-21:20,57.2171166666667
2025-08-06,131,131,21:40-21:50,10.86164999999994
2025-08-06,134,136,22:10-22:40,19.72367666666662
2025-08-06,139,140,23:00-23:20,95.72342999999978
2025-08-07,36,39,05:50-06:30,63.145001428571504
2025-08-07,41,42,06:40-07:00,47.00976238095234
2025-08-07,44,45,07:10-07:30,87.51204142857151
2025-08-07,48,48,07:50-08:00,23.586523809523726
2025-08-07,51,52,08:20-08:40,76.95827380952365
2025-08-07,56,61,09:10-10:10,125.47475999999983
2025-08-07,64,65,10:30-10:50,118.16707190476154
2025-08-07,68,68,11:10-11:20,2.7064057142852107
2025-08-07,116,118,19:10-19:40,71.92254952380915
2025-08-07,121,121,20:00-20:10,43.00140476190472
2025-08-07,125,127,20:40-21:10,31.560541904762204
2025-08-07,131,133,21:40-22:10,115.31607999999983
2025-08-07,138,138,22:50-23:00,6.972063333333381
2025-08-07,141,141,23:20-23:30,19.07056333333344
2025-08-08,15,15,02:20-02:30,24.302873333333196
2025-08-08,18,18,02:50-03:00,57.53491000000008
2025-08-08,21,21,03:20-03:30,7.78334904761914
2025-08-08,24,24,03:50-04:00,35.396600000000035
2025-08-08,26,27,04:10-04:30,23.23162333333312
2025-08-08,32,34,05:10-05:40,77.13762476190462
2025-08-08,36,36,05:50-06:00,12.091075238095073
2025-08-08,38,40,06:10-06:40,69.45565904761892
2025-08-08,44,45,07:10-07:30,63.60455666666678
2025-08-08,48,49,07:50-08:10,64.30358238095243
2025-08-08,53,54,08:40-09:00,100.30017095238077
2025-08-08,57,57,09:20-09:30,25.1270947619048
2025-08-08,108,109,17:50-18:10,24.13262152380959
2025-08-08,116,118,19:10-19:40,65.93095333333315
2025-08-08,121,122,20:00-20:20,92.01824333333366
2025-08-08,125,126,20:40-21:00,40.258954761904874
2025-08-08,130,132,21:30-22:00,108.25933333333342
2025-08-08,135,135,22:20-22:30,7.735880666666617
2025-08-08,141,141,23:20-23:30,6.350418000000445
2025-08-09,15,16,02:20-02:40,34.25642999999991
2025-08-09,20,21,03:10-03:30,27.93360999999993
2025-08-09,23,24,03:40-04:00,48.70454333333319
2025-08-09,27,27,04:20-04:30,52.9559471428571
2025-08-09,32,33,05:10-05:30,100.86908714285718
2025-08-09,36,37,05:50-06:10,72.48017904761929
2025-08-09,41,43,06:40-07:10,164.39518142857125
2025-08-09,47,47,07:40-07:50,25.883701428571385
2025-08-09,50,51,08:10-08:30,54.18091476190466
2025-08-09,54,55,08:50-09:10,31.62442666666675
2025-08-09,58,58,09:30-09:40,25.814703333332773
2025-08-09,101,101,16:40-16:50,5.798580000000129
2025-08-09,114,115,18:50-19:10,31.888041904761963
2025-08-09,119,120,19:40-20:00,56.69487095238105
2025-08-09,124,128,20:30-21:20,107.29809666666665
2025-08-09,131,132,21:40-22:00,46.75357000000008
2025-08-09,134,135,22:10-22:30,36.37504666666689
2025-08-09,138,138,22:50-23:00,9.982089999999971
2025-08-10,38,39,06:10-06:30,10.187016666666636
2025-08-10,42,44,06:50-07:20,63.21116095238085
2025-08-10,47,48,07:40-08:00,46.000269047619284
2025-08-10,50,51,08:10-08:30,54.62693476190455
2025-08-10,55,56,09:00-09:20,52.80812666666657
2025-08-10,58,59,09:30-09:50,149.60678476190515
2025-08-10,62,63,10:10-10:30,16.61767714285702
2025-08-10,66,68,10:50-11:20,84.82565428571388
2025-08-10,70,73,11:30-12:10,220.6654500187508
2025-08-10,101,101,16:40-16:50,0.9090514285715585
2025-08-10,104,105,17:10-17:30,20.590378277443847
2025-08-10,115,116,19:00-19:20,8.34510999999975
2025-08-10,119,124,19:40-20:40,37.85492238095219
2025-08-10,127,127,21:00-21:10,12.948863333333293
2025-08-10,130,130,21:30-21:40,25.883766666666588
2025-08-10,133,134,22:00-22:20,50.02548866666655
2025-08-10,137,138,22:40-23:00,110.10810666666634
2025-08-10,141,141,23:20-23:30,20.732716666666647
2025-08-11,3,3,00:20-00:30,0.6764706666668872
2025-08-11,36,37,05:50-06:10,48.689515238095396
2025-08-11,40,41,06:30-06:50,87.57705619047613
2025-08-11,43,46,07:00-07:40,142.59200428571418
2025-08-11,49,49,08:00-08:10,7.149330952381149
2025-08-11,52,54,08:30-09:00,154.19629761904807
2025-08-11,56,57,09:10-09:30,53.883366190476096
2025-08-11,60,60,09:50-10:00,5.979256190476235
2025-08-11,64,65,10:30-10:50,36.9256842857144
2025-08-11,67,68,11:00-11:20,177.75585333333356
2025-08-11,71,72,11:40-12:00,78.13474114285691
2025-08-11,89,89,14:40-14:50,12.309620952380712
2025-08-11,110,111,18:10-18:30,24.308409809524353
2025-08-11,114,114,18:50-19:00,78.24077333333344
2025-08-11,116,117,19:10-19:30,66.0833785714284
2025-08-11,120,121,19:50-20:10,71.8641528571427
2025-08-11,124,125,20:30-20:50,22.06893333333312
2025-08-11,129,133,21:20-22:10,127.70518000000027
2025-08-11,136,138,22:30-23:00,33.43599999999992
2025-08-11,141,142,23:20-23:40,32.581892967666136
2025-08-12,2,2,00:10-00:20,15.082927078190323
2025-08-12,30,30,04:50-05:00,7.496136666666644
2025-08-12,39,39,06:20-06:30,1.5374142857142488
2025-08-12,41,42,06:40-07:00,53.53460523809497
2025-08-12,45,46,07:20-07:40,37.008283809524045
2025-08-12,49,49,08:00-08:10,45.50900714285689
2025-08-12,52,54,08:30-09:00,170.8690595238088
2025-08-12,57,58,09:20-09:40,112.86143142857236
2025-08-12,61,62,10:00-10:20,121.62392190476157
2025-08-12,65,66,10:40-11:00,41.26164000000017
2025-08-12,70,70,11:30-11:40,10.271692380952118
2025-08-12,87,87,14:20-14:30,37.123742857143064
2025-08-12,91,93,15:00-15:30,86.79872619047603
2025-08-12,97,99,16:00-16:30,63.078500000000076
2025-08-12,104,105,17:10-17:30,38.8960688143423
2025-08-12,110,112,18:10-18:40,34.28402571428572
2025-08-12,115,116,19:00-19:20,50.905010000000175
2025-08-12,119,119,19:40-19:50,4.610704761904572
2025-08-12,122,123,20:10-20:30,19.53355476190484
2025-08-12,125,126,20:40-21:00,57.6879399999998
2025-08-12,130,135,21:30-22:30,63.894821333333084
2025-08-12,139,141,23:00-23:30,42.621280000000525
2025-08-13,6,6,00:50-01:00,33.834280299998454
2025-08-13,36,36,05:50-06:00,46.69070380952371
2025-08-13,40,40,06:30-06:40,41.185397142856914
2025-08-13,43,44,07:00-07:20,50.53132095238104
2025-08-13,46,46,07:30-07:40,3.479461904761706
2025-08-13,49,52,08:00-08:40,51.33057714285731
2025-08-13,56,57,09:10-09:30,69.77683000000002
2025-08-13,59,60,09:40-10:00,58.60984523809566
2025-08-13,62,64,10:10-10:40,149.68208428571415
2025-08-13,68,68,11:10-11:20,25.45763476190382
2025-08-13,72,72,11:50-12:00,12.762612857142813
2025-08-13,74,75,12:10-12:30,58.98765476190465
2025-08-13,85,85,14:00-14:10,29.609883333333528
2025-08-13,109,110,18:00-18:20,17.561535631455186
2025-08-13,112,112,18:30-18:40,15.130035378015396
2025-08-13,115,116,19:00-19:20,47.78715666666676
2025-08-13,120,124,19:50-20:40,118.39087619047632
2025-08-13,127,128,21:00-21:20,38.518306666666604
2025-08-13,131,132,21:40-22:00,33.789426666666714
2025-08-13,136,137,22:30-22:50,59.1258200000002
2025-08-14,36,36,05:50-06:00,19.621237619047974
2025-08-14,38,39,06:10-06:30,67.2474166666666
2025-08-14,42,42,06:50-07:00,19.15471333333312
2025-08-14,45,47,07:20-07:50,63.39059523809519
2025-08-14,49,49,08:00-08:10,114.66882285714337
2025-08-14,52,53,08:30-08:50,120.8040280952383
2025-08-14,56,56,09:10-09:20,14.161908095238232
2025-08-14,59,60,09:40-10:00,124.21219857142887
2025-08-14,63,63,10:20-10:30,60.10328428571461
2025-08-14,68,69,11:10-11:30,127.27115714285674
2025-08-14,71,73,11:40-12:10,123.7316526666666
2025-08-14,77,77,12:40-12:50,21.281937619047767
2025-08-14,107,107,17:40-17:50,11.232023142856946
2025-08-14,111,111,18:20-18:30,30.999949047618927
2025-08-14,114,114,18:50-19:00,28.544003333333308
2025-08-14,118,119,19:30-19:50,4.465876666666645
2025-08-14,123,125,20:20-20:50,79.24482999999987
2025-08-14,127,127,21:00-21:10,28.00340333333361
2025-08-14,130,131,21:30-21:50,34.752160000000345
2025-08-14,134,134,22:10-22:20,2.3692133333330503
2025-08-14,136,137,22:30-22:50,61.642685333333475
2025-08-14,142,142,23:30-23:40,34.536183333333156
2025-08-15,9,9,01:20-01:30,16.943616666666344
2025-08-15,12,12,01:50-02:00,8.149053333333427
2025-08-15,15,15,02:20-02:30,39.61391666666657
2025-08-15,19,19,03:00-03:10,10.511313333333305
2025-08-15,23,25,03:40-04:10,88.95971333333341
2025-08-15,28,29,04:30-04:50,60.33618476190463
2025-08-15,31,34,05:00-05:40,56.17017952380935
2025-08-15,37,40,06:00-06:40,113.8953928571429
2025-08-15,43,43,07:00-07:10,16.05348476190457
2025-08-15,47,48,07:40-08:00,51.67513761904763
2025-08-15,51,53,08:20-08:50,130.90782857142847
2025-08-15,58,59,09:30-09:50,104.53995428571443
2025-08-15,98,99,16:10-16:30,43.834422171807546
2025-08-15,102,102,16:50-17:00,2.896420952380936
2025-08-15,114,114,18:50-19:00,25.741646666666497
2025-08-15,118,120,19:30-20:00,80.83699999999976
2025-08-15,124,124,20:30-20:40,35.45851666666658
2025-08-15,127,128,21:00-21:20,64.0771266666668
2025-08-15,130,130,21:30-21:40,34.374133333333475
2025-08-15,134,134,22:10-22:20,7.2382266666666055
2025-08-15,138,140,22:50-23:20,64.22455000000014
2025-08-16,7,7,01:00-01:10,1.9124140000001262
2025-08-16,11,11,01:40-01:50,11.589897333333283
2025-08-16,13,14,02:00-02:20,12.388163333333296
2025-08-16,16,16,02:30-02:40,14.163000000000125
2025-08-16,19,19,03:00-03:10,30.869276666666906
2025-08-16,22,23,03:30-03:50,67.10480142857125
2025-08-16,27,30,04:20-05:00,88.78218333333336
2025-08-16,33,36,05:20-06:00,74.83515428571408
2025-08-16,39,39,06:20-06:30,27.89996952380949
2025-08-16,41,43,06:40-07:10,96.58916999999987
2025-08-16,48,48,07:50-08:00,13.633824761904862
2025-08-16,52,53,08:30-08:50,67.27124333333336
2025-08-16,55,57,09:00-09:30,133.88890476190477
2025-08-16,60,60,09:50-10:00,10.318975201644434
2025-08-16,100,101,16:30-16:50,49.04822047619041
2025-08-16,109,112,18:00-18:40,31.15346278071725
2025-08-16,116,117,19:10-19:30,33.46045142857133
2025-08-16,121,123,20:00-20:30,111.9033333333332
2025-08-16,126,127,20:50-21:10,64.4233966666668
2025-08-16,130,131,21:30-21:50,17.828739999999698
2025-08-16,133,134,22:00-22:20,34.59019599999999
2025-08-16,138,138,22:50-23:00,18.569970000000012
2025-08-17,37,37,06:00-06:10,32.053466190476
2025-08-17,40,44,06:30-07:20,152.38175666666643
2025-08-17,50,51,08:10-08:30,152.4638938095236
2025-08-17,54,54,08:50-09:00,20.26784857142822
2025-08-17,56,57,09:10-09:30,54.32019952380983
2025-08-17,66,66,10:50-11:00,33.21003142857148
2025-08-17,68,71,11:10-11:50,182.2629952380962
2025-08-17,98,98,16:10-16:20,17.87296476190511
2025-08-17,100,100,16:30-16:40,35.61172380952394
2025-08-17,110,112,18:10-18:40,35.12914495238097
2025-08-17,115,116,19:00-19:20,74.04101714285719
2025-08-17,118,118,19:30-19:40,12.699087619047873
2025-08-17,121,123,20:00-20:30,81.63666666666654
2025-08-17,126,131,20:50-21:50,70.13413333333335
2025-08-17,137,138,22:40-23:00,46.83045066666659
2025-08-17,141,142,23:20-23:40,42.74212999999986
2025-08-18,9,10,01:20-01:40,28.77171333333297
2025-08-18,13,14,02:00-02:20,55.14472666666677
2025-08-18,24,24,03:50-04:00,15.460051047619004
2025-08-18,35,37,05:40-06:10,48.60767761904748
2025-08-18,41,42,06:40-07:00,22.336517619047527
2025-08-18,44,45,07:10-07:30,103.45047666666676
2025-08-18,48,52,07:50-08:40,186.45234142857151
2025-08-18,55,55,09:00-09:10,30.629897142857097
2025-08-18,58,59,09:30-09:50,97.00988857142852
2025-08-18,62,64,10:10-10:40,22.872794285714463
2025-08-18,70,71,11:30-11:50,102.80244057142863
2025-08-18,99,99,16:20-16:30,29.233373799201445
2025-08-18,101,102,16:40-17:00,34.46863095238115
2025-08-18,105,105,17:20-17:30,82.82676190476192
2025-08-18,109,110,18:00-18:20,27.38150999999977
2025-08-18,114,115,18:50-19:10,71.78685523809554
2025-08-18,119,120,19:40-20:00,86.75531428571401
2025-08-18,122,123,20:10-20:30,83.81051142857154
2025-08-18,129,131,21:20-21:50,71.06025999999997
2025-08-18,135,135,22:20-22:30,18.790775333333386
2025-08-18,137,138,22:40-23:00,46.11713466666697
2025-08-18,142,142,23:30-23:40,23.432312666666803
2025-08-19,12,12,01:50-02:00,54.49792333333335
2025-08-19,22,22,03:30-03:40,0.9882720952382155
2025-08-19,38,39,06:10-06:30,54.63039047619037
2025-08-19,42,43,06:50-07:10,32.28009666666662
2025-08-19,47,51,07:40-08:30,153.8176380952381
2025-08-19,55,55,09:00-09:10,38.60997714285736
2025-08-19,58,59,09:30-09:50,57.128375238095714
2025-08-19,61,62,10:00-10:20,31.663593333333665
2025-08-19,65,69,10:40-11:30,205.49122571428552
2025-08-19,73,73,12:00-12:10,3.1276076190479216
2025-08-19,89,89,14:40-14:50,38.24783999999991
2025-08-19,96,96,15:50-16:00,21.184461428571353
2025-08-19,99,99,16:20-16:30,11.751285238095193
2025-08-19,111,111,18:20-18:30,26.773985333333076
2025-08-19,114,114,18:50-19:00,15.608571904761902
2025-08-19,116,117,19:10-19:30,120.74280238095241
2025-08-19,120,121,19:50-20:10,26.532079523809443
2025-08-19,124,126,20:30-21:00,83.3556666666667
2025-08-19,129,130,21:20-21:40,79.05385999999999
2025-08-19,133,134,22:00-22:20,25.47544333333326
2025-08-19,136,136,22:30-22:40,46.639523333333045
2025-08-19,139,140,23:00-23:20,25.189813333333177
2025-08-19,142,142,23:30-23:40,36.561930000000075
2025-08-20,2,3,00:10-00:30,49.06632666666667
2025-08-20,12,12,01:50-02:00,20.172693333333086
2025-08-20,18,18,02:50-03:00,3.2796666666669125
2025-08-20,33,33,05:20-05:30,10.329181047619272
2025-08-20,38,44,06:10-07:20,90.07998000000038
2025-08-20,46,49,07:30-08:10,75.06010428571435
2025-08-20,52,54,08:30-09:00,101.32495238095214
2025-08-20,61,65,10:00-10:50,140.59974666666744
2025-08-20,67,67,11:00-11:10,8.577985714285433
2025-08-20,69,70,11:20-11:40,111.46609619047672
2025-08-20,73,74,12:00-12:20,80.97385714285701
2025-08-20,79,82,13:00-13:40,209.74585761904746
2025-08-20,85,89,14:00-14:50,243.63555574164835
2025-08-20,93,93,15:20-15:30,54.506672857143144
2025-08-20,98,100,16:10-16:40,151.76185714285702
2025-08-20,103,105,17:00-17:30,48.26854380952375
2025-08-20,107,109,17:40-18:10,137.62235539547225
2025-08-20,111,112,18:20-18:40,46.02476142857108
2025-08-20,115,116,19:00-19:20,72.34567238095224
2025-08-20,119,126,19:40-21:00,354.1638127276231
2025-08-20,129,129,21:20-21:30,58.163659999999936
2025-08-20,132,133,21:50-22:10,25.257712666666748
2025-08-20,138,140,22:50-23:20,47.96530333333317
2025-08-20,144,144,23:50-24:00,24.374336666666522
2025-08-21,1,1,00:00-00:10,13.389276666666774
2025-08-21,5,6,00:40-01:00,30.374289999999974
2025-08-21,12,13,01:50-02:10,8.69922999999983
2025-08-21,16,18,02:30-03:00,70.59299999999985
2025-08-21,23,24,03:40-04:00,35.88785523809531
2025-08-21,27,27,04:20-04:30,9.574779047619018
2025-08-21,29,30,04:40-05:00,57.07350000000008
2025-08-21,38,39,06:10-06:30,92.30603238095233
2025-08-21,43,44,07:00-07:20,88.91027523809552
2025-08-21,48,48,07:50-08:00,40.90492285714299
2025-08-21,53,55,08:40-09:10,119.28845095238103
2025-08-21,57,58,09:20-09:40,75.42411095238117
2025-08-21,61,62,10:00-10:20,79.79541523809485
2025-08-21,66,71,10:50-11:50,112.20410952380985
2025-08-21,85,85,14:00-14:10,3.1393333333332976
2025-08-21,91,93,15:00-15:30,93.32901190476184
2025-08-21,96,97,15:50-16:10,85.41833198015684
2025-08-21,108,109,17:50-18:10,89.81018428571407
2025-08-21,112,113,18:30-18:50,64.09463190476183
2025-08-21,115,116,19:00-19:20,51.23330238095252
2025-08-21,118,118,19:30-19:40,5.658204761904813
2025-08-21,122,123,20:10-20:30,49.618993333333336
2025-08-21,125,126,20:40-21:00,29.56340666666665
2025-08-21,129,129,21:20-21:30,38.987016666666705
2025-08-21,131,132,21:40-22:00,30.179393333333337
2025-08-21,138,141,22:50-23:30,29.30298533333371
2025-08-22,3,3,00:20-00:30,14.916702000000214
2025-08-22,10,10,01:30-01:40,31.067972063558727
2025-08-22,13,14,02:00-02:20,13.886220000000208
2025-08-22,16,17,02:30-02:50,59.71255000000008
2025-08-22,19,19,03:00-03:10,7.238080000000082
2025-08-22,22,24,03:30-04:00,108.96466666666677
2025-08-22,27,28,04:20-04:40,26.137250952380896
2025-08-22,32,34,05:10-05:40,101.08005380952376
2025-08-22,40,40,06:30-06:40,18.020493809523828
2025-08-22,43,44,07:00-07:20,42.881922857143024
2025-08-22,46,47,07:30-07:50,50.36074952380977
2025-08-22,50,51,08:10-08:30,71.39996809523836
2025-08-22,54,58,08:50-09:40,114.49872428571416
2025-08-22,62,63,10:10-10:30,37.510271428571514
2025-08-22,97,99,16:00-16:30,57.25666666666655
2025-08-22,103,103,17:00-17:10,9.097124285714244
2025-08-22,109,110,18:00-18:20,65.93566476190466
2025-08-22,113,114,18:40-19:00,110.40881714285706
2025-08-22,117,117,19:20-19:30,4.375092857142818
2025-08-22,119,120,19:40-20:00,42.1958699999999
2025-08-22,122,123,20:10-20:30,135.91042666666658
2025-08-22,127,128,21:00-21:20,29.081299999999942
2025-08-22,133,134,22:00-22:20,70.85624999999993
2025-08-22,140,141,23:10-23:30,28.22976333333304
2025-08-23,2,3,00:10-00:30,34.407496666666816
2025-08-23,6,6,00:50-01:00,1.841389999999933
2025-08-23,10,11,01:30-01:50,88.07365666666692
2025-08-23,14,14,02:10-02:20,16.844929999999977
2025-08-23,18,19,02:50-03:10,117.00605000000002
2025-08-23,22,23,03:30-03:50,74.34403333333326
2025-08-23,25,26,04:00-04:20,52.27496333333329
2025-08-23,29,30,04:40-05:00,58.89201142857155
2025-08-23,33,34,05:20-05:40,50.60855285714267
2025-08-23,38,38,06:10-06:20,18.91471095238083
2025-08-23,41,42,06:40-07:00,40.71020047619051
2025-08-23,44,45,07:10-07:30,52.40506380952388
2025-08-23,47,48,07:40-08:00,35.0256999999998
2025-08-23,51,56,08:20-09:20,172.08385190476224
2025-08-23,59,60,09:40-10:00,29.693254285714147
2025-08-23,62,65,10:10-10:50,63.733132380952384
2025-08-23,96,96,15:50-16:00,7.460239523809264
2025-08-23,99,99,16:20-16:30,14.884812857142819
2025-08-23,104,105,17:10-17:30,29.85977380952363
2025-08-23,108,109,17:50-18:10,25.390596190476153
2025-08-23,113,114,18:40-19:00,23.338536666666585
2025-08-23,117,118,19:20-19:40,35.91686142857134
2025-08-23,121,123,20:00-20:30,48.7496666666666
2025-08-23,127,130,21:00-21:40,87.30252666666695
2025-08-23,134,135,22:10-22:30,85.39169666666692
2025-08-23,137,138,22:40-23:00,33.841396666666924
2025-08-23,141,142,23:20-23:40,36.16341666666676
2025-08-24,2,2,00:10-00:20,21.608730000000264
2025-08-24,4,4,00:30-00:40,2.967413333333184
2025-08-24,7,7,01:00-01:10,25.66820333333328
2025-08-24,10,14,01:30-02:20,87.98481333333336
2025-08-24,18,21,02:50-03:30,75.94277666666687
2025-08-24,33,33,05:20-05:30,1.9693530476188243
2025-08-24,37,38,06:00-06:20,46.32011523809501
2025-08-24,40,41,06:30-06:50,30.94077142857128
2025-08-24,43,43,07:00-07:10,1.1375609523810226
2025-08-24,46,46,07:30-07:40,38.634739523809344
2025-08-24,49,50,08:00-08:20,63.70847666666663
2025-08-24,53,54,08:40-09:00,121.79229428571476
2025-08-24,57,57,09:20-09:30,64.97397809523864
2025-08-24,60,61,09:50-10:10,140.16601761904758
2025-08-24,64,64,10:30-10:40,116.29376761904746
2025-08-24,67,68,11:00-11:20,144.0437547619049
2025-08-24,70,70,11:30-11:40,14.98242428571416
2025-08-24,86,86,14:10-14:20,15.845903809524089
2025-08-24,88,88,14:30-14:40,15.193712857143069
2025-08-24,92,92,15:10-15:20,24.545796190475812
2025-08-24,96,99,15:50-16:30,67.68095380952366
2025-08-24,102,105,16:50-17:30,60.678263333333376
2025-08-24,108,109,17:50-18:10,58.73489190476191
2025-08-24,112,112,18:30-18:40,10.372569047618981
2025-08-24,117,119,19:20-19:50,88.8694776190473
2025-08-24,122,126,20:10-21:00,34.7340299999997
2025-08-24,128,129,21:10-21:30,34.67797333333351
2025-08-24,134,135,22:10-22:30,45.7448499999997
2025-08-24,139,140,23:00-23:20,76.61189866666678
2025-08-24,143,143,23:40-23:50,5.563116666666474
2025-08-25,3,6,00:20-01:00,38.311779432099
2025-08-25,10,10,01:30-01:40,13.408244030832861
2025-08-25,17,17,02:40-02:50,1.1591383916553468
2025-08-25,19,19,03:00-03:10,4.7862366666668095
2025-08-25,24,24,03:50-04:00,17.65972714285715
2025-08-25,29,30,04:40-05:00,96.13771212228062
2025-08-25,33,33,05:20-05:30,27.225174883009117
2025-08-25,37,40,06:00-06:40,56.32462999999996
2025-08-25,43,45,07:00-07:30,66.0581190476193
2025-08-25,48,48,07:50-08:00,37.49995761904802
2025-08-25,52,52,08:30-08:40,7.328982380952127
2025-08-25,55,56,09:00-09:20,59.564440476190384
2025-08-25,59,64,09:40-10:40,146.36271999999963
2025-08-25,69,72,11:20-12:00,159.3504980952382
2025-08-25,76,78,12:30-13:00,140.6988571428567
2025-08-25,85,88,14:00-14:40,78.77758238095251
2025-08-25,91,92,15:00-15:20,87.91903142857086
2025-08-25,95,96,15:40-16:00,80.2882466666664
2025-08-25,98,103,16:10-17:10,251.99349446926226
2025-08-25,106,107,17:30-17:50,72.36852095238072
2025-08-25,109,110,18:00-18:20,13.990664761904654
2025-08-25,115,117,19:00-19:30,80.50666666666655
2025-08-25,121,126,20:00-21:00,121.5800364571378
2025-08-25,129,132,21:20-22:00,68.25480333333314
2025-08-25,135,139,22:20-23:10,65.39621000000011
2025-08-25,143,144,23:40-24:00,21.91298999999981
2025-08-26,4,8,00:30-01:20,75.29458666666676
2025-08-26,13,17,02:00-02:50,132.91774000000044
2025-08-26,21,22,03:20-03:40,86.61020333333346
2025-08-26,25,27,04:00-04:30,58.153666666666346
2025-08-26,31,33,05:00-05:30,36.932773809523844
2025-08-26,36,37,05:50-06:10,86.2936428571428
2025-08-26,40,40,06:30-06:40,22.35035999999991
2025-08-26,43,44,07:00-07:20,81.2804804761904
2025-08-26,47,47,07:40-07:50,7.692467619047477
2025-08-26,50,51,08:10-08:30,79.55848761904744
2025-08-26,55,56,09:00-09:20,20.845799523809546
2025-08-26,62,64,10:10-10:40,93.04678285714249
2025-08-26,67,67,11:00-11:10,4.4626685714288215
2025-08-26,97,98,16:00-16:20,61.340365047619116
2025-08-26,100,103,16:30-17:10,82.22507333333351
2025-08-26,106,107,17:30-17:50,32.86044142857122
2025-08-26,109,111,18:00-18:30,34.78022619047659
2025-08-26,114,115,18:50-19:10,47.54598047619038
2025-08-26,118,119,19:30-19:50,54.40196142857167
2025-08-26,124,125,20:30-20:50,56.453833333333705
2025-08-26,127,129,21:00-21:30,42.80200000000002
2025-08-26,132,133,21:50-22:10,30.932463333333544
2025-08-26,137,137,22:40-22:50,26.89318533333335
2025-08-26,141,141,23:20-23:30,39.92781333333323
2025-08-27,2,2,00:10-00:20,0.1449566666666442
2025-08-27,7,8,01:00-01:20,112.44834333333324
2025-08-27,10,10,01:30-01:40,1.4011966666666922
2025-08-27,13,14,02:00-02:20,75.26214000000027
2025-08-27,18,18,02:50-03:00,10.277296666666416
2025-08-27,20,22,03:10-03:40,71.6515090476189
2025-08-27,25,25,04:00-04:10,16.41896000000022
2025-08-27,32,32,05:10-05:20,23.188219428571415
2025-08-27,35,37,05:40-06:10,24.988212857142635
2025-08-27,40,42,06:30-07:00,73.39869047619032
2025-08-27,45,45,07:20-07:30,0.4351404761903268
2025-08-27,47,49,07:40-08:10,120.04766285714334
2025-08-27,51,54,08:20-09:00,120.1248561904761
2025-08-27,57,57,09:20-09:30,56.44884142857154
2025-08-27,60,60,09:50-10:00,0.776862380952025
2025-08-27,63,66,10:20-11:00,161.26985761904757
2025-08-27,68,70,11:10-11:40,52.53705999999988
2025-08-27,86,87,14:10-14:30,95.65356047619065
2025-08-27,97,99,16:00-16:30,35.556773809523804
2025-08-27,103,104,17:00-17:20,40.31989523809531
2025-08-27,110,111,18:10-18:30,113.05912428571419
2025-08-27,114,114,18:50-19:00,25.13026190476205
2025-08-27,116,117,19:10-19:30,39.543796666666594
2025-08-27,120,120,19:50-20:00,25.440976190475908
2025-08-27,123,124,20:20-20:40,8.284317142857276
2025-08-27,127,127,21:00-21:10,3.9778299999999263
2025-08-27,129,131,21:20-21:50,40.83908666666696
2025-08-27,133,134,22:00-22:20,20.83470666666676
2025-08-27,136,136,22:30-22:40,2.9662766666665448
2025-08-27,139,140,23:00-23:20,51.783046666666905
2025-08-28,6,7,00:50-01:10,60.54493733333322
2025-08-28,10,10,01:30-01:40,53.97736999999984
2025-08-28,13,14,02:00-02:20,90.17118333333303
2025-08-28,16,19,02:30-03:10,69.5320366666665
2025-08-28,23,24,03:40-04:00,26.810482380952294
2025-08-28,26,27,04:10-04:30,82.79384523809495
2025-08-28,31,32,05:00-05:20,46.354089999999594
2025-08-28,36,36,05:50-06:00,32.99791952380974
2025-08-28,42,42,06:50-07:00,12.9792423809522
2025-08-28,44,46,07:10-07:40,40.18790428571404
2025-08-28,50,50,08:10-08:20,0.8815628571431375
2025-08-28,54,56,08:50-09:20,173.1400685714285
2025-08-28,58,60,09:30-10:00,78.39908333333368
2025-08-28,62,63,10:10-10:30,83.96506
2025-08-28,65,66,10:40-11:00,104.84220666666693
2025-08-28,71,73,11:40-12:10,105.77910142857172
2025-08-28,80,82,13:10-13:40,114.43653857142908
2025-08-28,86,87,14:10-14:30,105.64222619047632
2025-08-28,89,90,14:40-15:00,150.37872742857166
2025-08-28,94,98,15:30-16:20,109.73203761904756
2025-08-28,100,100,16:30-16:40,36.80330380952398
2025-08-28,103,104,17:00-17:20,135.91501619047668
2025-08-28,109,111,18:00-18:30,72.1081309523804
2025-08-28,113,114,18:40-19:00,39.204633333333305
2025-08-28,117,117,19:20-19:30,30.562111428571257
2025-08-28,119,120,19:40-20:00,71.35857666666675
2025-08-28,123,124,20:20-20:40,34.028320735969146
2025-08-28,127,130,21:00-21:40,82.59284333333346
2025-08-28,134,134,22:10-22:20,8.370036666666465
2025-08-28,138,138,22:50-23:00,120.24093333333349
2025-08-28,141,141,23:20-23:30,43.211486666666815
2025-08-29,4,5,00:30-00:50,86.26744666666639
2025-08-29,9,9,01:20-01:30,14.44872666666663
2025-08-29,13,13,02:00-02:10,29.03368999999998
2025-08-29,16,17,02:30-02:50,36.87403666666643
2025-08-29,21,24,03:20-04:00,101.17712666666631
2025-08-29,27,28,04:20-04:40,26.02940095238114
2025-08-29,32,33,05:10-05:30,67.28617571428566
2025-08-29,36,39,05:50-06:30,64.90895476190485
2025-08-29,42,44,06:50-07:20,80.37748952380946
2025-08-29,50,52,08:10-08:40,57.930535714285725
2025-08-29,55,56,09:00-09:20,58.551726666666355
2025-08-29,59,60,09:40-10:00,31.618607142856945
2025-08-29,63,63,10:20-10:30,42.75355285714295
2025-08-29,66,66,10:50-11:00,3.074628095237813
2025-08-29,98,99,16:10-16:30,28.12950963315575
2025-08-29,101,102,16:40-17:00,77.35225500970023
2025-08-29,105,106,17:20-17:40,40.486981428571596
2025-08-29,109,110,18:00-18:20,35.098006666666734
2025-08-29,112,113,18:30-18:50,25.377438571428684
2025-08-29,116,117,19:10-19:30,43.07328000000018
2025-08-29,119,121,19:40-20:10,78.81224333333296
2025-08-29,124,125,20:30-20:50,36.46706999999992
2025-08-29,129,129,21:20-21:30,13.572693333333405
2025-08-29,131,133,21:40-22:10,71.30665666666675
2025-08-29,136,137,22:30-22:50,43.11053333333348
2025-08-29,140,141,23:10-23:30,30.10169000000019
2025-08-30,1,2,00:00-00:20,21.493433333333314
2025-08-30,4,5,00:30-00:50,58.197673333333455
2025-08-30,9,11,01:20-01:50,52.02296999999976
2025-08-30,13,14,02:00-02:20,13.259753333333265
2025-08-30,18,18,02:50-03:00,2.4711099999999533
2025-08-30,20,21,03:10-03:30,14.94887000000017
2025-08-30,24,26,03:50-04:20,105.5168000000001
2025-08-30,31,33,05:00-05:30,71.88466666666677
2025-08-30,37,37,06:00-06:10,36.6952828571429
2025-08-30,40,43,06:30-07:10,58.0744728571428
2025-08-30,46,47,07:30-07:50,19.99039476190501
2025-08-30,49,49,08:00-08:10,18.52026857142903
2025-08-30,52,52,08:30-08:40,21.380691904761875
2025-08-30,55,56,09:00-09:20,155.30320333333316
2025-08-30,58,58,09:30-09:40,11.416565238095018
2025-08-30,96,96,15:50-16:00,25.640790723810596
2025-08-30,98,99,16:10-16:30,35.3569418333318
2025-08-30,103,106,17:00-17:40,98.59884476190473
2025-08-30,109,110,18:00-18:20,53.05365190476181
2025-08-30,113,116,18:40-19:20,91.84050238095239
2025-08-30,121,121,20:00-20:10,43.02895666666666
2025-08-30,124,125,20:30-20:50,74.20369666666659
2025-08-30,128,131,21:10-21:50,80.65030666666678
2025-08-30,134,136,22:10-22:40,64.51784333333308
2025-08-30,140,141,23:10-23:30,95.81975333333321
2025-08-31,2,3,00:10-00:30,36.28322000000037
2025-08-31,6,7,00:50-01:10,20.8500733333334
2025-08-31,10,12,01:30-02:00,62.183333333333394
2025-08-31,17,19,02:40-03:10,70.99419333333333
2025-08-31,22,23,03:30-03:50,38.22980666666683
2025-08-31,25,27,04:00-04:30,48.39366666666651
2025-08-31,30,31,04:50-05:10,49.19485142857107
2025-08-31,35,36,05:40-06:00,36.53798666666698
2025-08-31,38,39,06:10-06:30,1.0132019047618996
2025-08-31,42,44,06:50-07:20,107.20376142857145
2025-08-31,46,46,07:30-07:40,15.304203809524012
2025-08-31,50,52,08:10-08:40,28.344970952380464
2025-08-31,56,59,09:10-09:50,234.3794785714283
2025-08-31,63,64,10:20-10:40,41.852029047619
2025-08-31,66,66,10:50-11:00,1.7197799999996732
2025-08-31,71,72,11:40-12:00,106.82099666666659
2025-08-31,76,77,12:30-12:50,46.93277952380913
2025-08-31,81,81,13:20-13:30,6.8847842857144315
2025-08-31,88,89,14:30-14:50,120.6175490476187
2025-08-31,98,98,16:10-16:20,1.5444285714291937
2025-08-31,101,101,16:40-16:50,9.83405952380923
2025-08-31,105,105,17:20-17:30,3.9057267619047877
2025-08-31,109,109,18:00-18:10,18.334975221904674
2025-08-31,113,116,18:40-19:20,22.37091333333347
2025-08-31,120,121,19:50-20:10,65.78603619047612
2025-08-31,124,125,20:30-20:50,44.344176666666726
2025-08-31,128,130,21:10-21:40,70.46667333333346
2025-08-31,134,134,22:10-22:20,16.132769999999823
2025-08-31,137,138,22:40-23:00,59.028395333333265
2025-08-31,141,141,23:20-23:30,18.21049666666704
2025-09-01,2,2,00:10-00:20,2.4809480905352075
2025-09-01,38,39,06:10-06:30,36.11130571428578
2025-09-01,48,50,07:50-08:20,108.67951476190447
2025-09-01,52,52,08:30-08:40,9.253609047619705
2025-09-01,56,61,09:10-10:10,271.9341880952379
2025-09-01,66,67,10:50-11:10,52.26004809523829
2025-09-01,70,71,11:30-11:50,144.25255952380962
2025-09-01,115,115,19:00-19:10,35.91870999999992
2025-09-01,118,119,19:30-19:50,31.612222380952176
2025-09-01,123,124,20:20-20:40,23.659047619047783
2025-09-01,127,127,21:00-21:10,26.571453333333466
2025-09-01,131,131,21:40-21:50,16.774220000000014
2025-09-01,134,134,22:10-22:20,4.120406666666668
2025-09-02,28,28,04:30-04:40,2.4259142857143843
2025-09-02,30,31,04:50-05:10,10.670352578482152
2025-09-02,36,36,05:50-06:00,18.919051428571606
2025-09-02,39,41,06:20-06:50,46.55797571428565
2025-09-02,49,50,08:00-08:20,18.378227142857327
2025-09-02,52,52,08:30-08:40,45.53733619047631
2025-09-02,55,55,09:00-09:10,21.383953809524044
2025-09-02,58,59,09:30-09:50,48.870685238095575
2025-09-02,61,62,10:00-10:20,50.58529238095184
2025-09-02,69,70,11:20-11:40,84.64686333333361
2025-09-02,115,115,19:00-19:10,20.45101333333332
2025-09-02,118,119,19:30-19:50,34.66404619047637
2025-09-02,124,124,20:30-20:40,40.02481
2025-09-02,127,127,21:00-21:10,12.405510000000163
2025-09-02,130,131,21:30-21:50,34.5224066666666
2025-09-02,134,134,22:10-22:20,1.8671633333334512
2025-09-02,137,137,22:40-22:50,0.6211566666665931
2025-09-02,139,139,23:00-23:10,6.189103333333378
2025-09-03,2,2,00:10-00:20,51.616080000000125
2025-09-03,30,30,04:50-05:00,37.675292666666564
2025-09-03,36,36,05:50-06:00,3.861405714285638
2025-09-03,39,40,06:20-06:40,32.9265914285715
2025-09-03,43,43,07:00-07:10,23.736788095238012
2025-09-03,46,46,07:30-07:40,25.608788095238324
2025-09-03,52,56,08:30-09:20,139.80495476190436
2025-09-03,58,58,09:30-09:40,37.42524619047663
2025-09-03,61,61,10:00-10:10,11.18988047619041
2025-09-03,64,66,10:30-11:00,126.91411904761821
2025-09-03,95,95,15:40-15:50,0.4545876190478566
2025-09-03,114,114,18:50-19:00,31.509006666666664
2025-09-03,120,121,19:50-20:10,45.44873380952379
2025-09-03,124,125,20:30-20:50,105.06286333333344
2025-09-03,130,131,21:30-21:50,12.838200000000029
2025-09-03,134,134,22:10-22:20,6.248199999999883
2025-09-03,137,138,22:40-23:00,69.29763333333335
2025-09-04,28,28,04:30-04:40,7.764508952380879
2025-09-04,37,38,06:00-06:20,43.22565666666651
2025-09-04,40,40,06:30-06:40,25.146692380952572
2025-09-04,43,44,07:00-07:20,31.20750476190466
2025-09-04,46,48,07:30-08:00,66.40670238095223
2025-09-04,51,51,08:20-08:30,25.445474761904848
2025-09-04,57,58,09:20-09:40,27.26371999999924
2025-09-04,61,62,10:00-10:20,137.4174061904755
2025-09-04,65,66,10:40-11:00,148.91080190476168
2025-09-04,68,69,11:10-11:30,91.09472333333338
2025-09-04,88,88,14:30-14:40,9.528099223985919
2025-09-04,114,114,18:50-19:00,13.590524285714082
2025-09-04,118,119,19:30-19:50,78.61841285714263
2025-09-04,121,121,20:00-20:10,11.24321000000009
2025-09-04,124,125,20:30-20:50,51.174886666666794
2025-09-04,130,131,21:30-21:50,49.732003333333296
2025-09-04,134,134,22:10-22:20,20.52098333333356
2025-09-04,137,141,22:40-23:30,67.79468866666616
2025-09-05,16,20,02:30-03:20,42.73710333333338
2025-09-05,24,26,03:50-04:20,42.82449809523797
2025-09-05,29,31,04:40-05:10,57.488824285714145
2025-09-05,34,38,05:30-06:20,122.32374761904754
2025-09-05,42,42,06:50-07:00,44.85749952380955
2025-09-05,46,47,07:30-07:50,92.68960523809517
2025-09-05,50,52,08:10-08:40,52.52682714285686
2025-09-05,55,55,09:00-09:10,13.769488095238103
2025-09-05,58,58,09:30-09:40,41.29162333333329
2025-09-05,109,109,18:00-18:10,4.996383525713904
2025-09-05,113,115,18:40-19:10,104.98304095238069
2025-09-05,118,119,19:30-19:50,70.85864714285685
2025-09-05,124,125,20:30-20:50,58.990610000000174
2025-09-05,128,129,21:10-21:30,19.455526666666515
2025-09-05,131,132,21:40-22:00,46.15230333333318
2025-09-05,135,135,22:20-22:30,19.985856666666677
2025-09-05,139,140,23:00-23:20,67.25504666666654
2025-09-05,143,143,23:40-23:50,17.13572000000022
2025-09-06,15,15,02:20-02:30,43.622083333333364
2025-09-06,18,18,02:50-03:00,19.010626666666553
2025-09-06,21,22,03:20-03:40,61.42597000000006
2025-09-06,25,26,04:00-04:20,16.958310476190434
2025-09-06,29,31,04:40-05:10,63.3715323809522
2025-09-06,34,35,05:30-05:50,58.76957285714286
2025-09-06,38,40,06:10-06:40,42.48875952380956
2025-09-06,43,46,07:00-07:40,114.74738095238095
2025-09-06,49,50,08:00-08:20,39.493986190475994
2025-09-06,53,54,08:40-09:00,106.79696952380948
2025-09-06,56,57,09:10-09:30,69.06704380952385
2025-09-06,64,64,10:30-10:40,14.019389047619597
2025-09-06,108,109,17:50-18:10,54.11140351910607
2025-09-06,113,113,18:40-18:50,9.873856666666711
2025-09-06,117,119,19:20-19:50,127.81946333333309
2025-09-06,125,128,20:40-21:20,56.52547333333325
2025-09-06,136,139,22:30-23:10,73.25774400000012
2025-09-07,2,2,00:10-00:20,8.919546172838636
2025-09-07,33,33,05:20-05:30,3.2294176190474673
2025-09-07,36,37,05:50-06:10,31.518050952380804
2025-09-07,39,41,06:20-06:50,27.275917619048073
2025-09-07,44,45,07:10-07:30,14.619465714285525
2025-09-07,47,50,07:40-08:20,147.98214761904748
2025-09-07,54,55,08:50-09:10,58.805072380952645
2025-09-07,58,58,09:30-09:40,25.153067142857253
2025-09-07,61,61,10:00-10:10,56.898704285714075
2025-09-07,67,68,11:00-11:20,28.028438095238243
2025-09-07,70,71,11:30-11:50,37.26423523809581
2025-09-07,74,75,12:10-12:30,97.28292190476145
2025-09-07,113,113,18:40-18:50,4.679876666666587
2025-09-07,117,117,19:20-19:30,0.7156257142855793
2025-09-07,119,121,19:40-20:10,25.306405238094953
2025-09-07,126,127,20:50-21:10,91.61198666666678
2025-09-07,131,132,21:40-22:00,18.836503333333212
2025-09-07,136,137,22:30-22:50,20.26209533333315
2025-09-07,139,141,23:00-23:30,61.799000000000206
2025-09-08,28,29,04:30-04:50,62.97348133333359
2025-09-08,31,31,05:00-05:10,38.56232666666676
2025-09-08,35,35,05:40-05:50,3.8029190476189445
2025-09-08,37,37,06:00-06:10,18.023888571428756
2025-09-08,41,43,06:40-07:10,52.97824809523837
2025-09-08,48,50,07:50-08:20,74.92111142857155
2025-09-08,52,56,08:30-09:20,50.64078857142871
2025-09-08,58,60,09:30-10:00,141.1001666666666
2025-09-08,64,64,10:30-10:40,69.56610047619051
2025-09-08,67,67,11:00-11:10,27.974443809523336
2025-09-08,71,72,11:40-12:00,137.22206285714265
2025-09-08,75,75,12:20-12:30,2.017640000000256
2025-09-08,87,90,14:20-15:00,79.17676857142897
2025-09-08,99,101,16:20-16:50,37.18831619047626
2025-09-08,110,111,18:10-18:30,32.165778095238124
2025-09-08,115,115,19:00-19:10,5.643100952380792
2025-09-08,118,118,19:30-19:40,4.412736666666433
2025-09-08,121,122,20:00-20:20,45.5814266666664
2025-09-08,125,127,20:40-21:10,59.5778466666668
2025-09-08,130,130,21:30-21:40,14.136016666666592
2025-09-08,133,133,22:00-22:10,4.440685999999914
2025-09-08,137,138,22:40-23:00,85.05111333333343
2025-09-08,141,141,23:20-23:30,8.582703333333257
2025-09-08,143,144,23:40-24:00,73.81498666666664
2025-09-09,3,3,00:20-00:30,30.250026666666713
2025-09-09,12,12,01:50-02:00,2.886961999999812
2025-09-09,25,25,04:00-04:10,28.04588580952361
2025-09-09,29,30,04:40-05:00,18.489030000000323
2025-09-09,33,33,05:20-05:30,1.814085142857266
2025-09-09,36,37,05:50-06:10,40.1641557142857
2025-09-09,40,40,06:30-06:40,35.52815952380956
2025-09-09,43,45,07:00-07:30,59.11980952380918
2025-09-09,49,50,08:00-08:20,22.39468619047662
2025-09-09,52,52,08:30-08:40,15.267537142857265
2025-09-09,56,58,09:10-09:40,41.01431476190419
2025-09-09,61,61,10:00-10:10,8.58992000000012
2025-09-09,64,66,10:30-11:00,131.86373809523775
2025-09-09,70,71,11:30-11:50,77.41625761904811
2025-09-09,88,89,14:30-14:50,56.530615999999696
2025-09-09,109,109,18:00-18:10,21.906769523809658
2025-09-09,115,117,19:00-19:30,20.635000000000105
2025-09-09,121,122,20:00-20:20,91.81042666666656
2025-09-09,126,126,20:50-21:00,30.369433333333177
2025-09-09,128,129,21:10-21:30,14.717763333333437
2025-09-09,131,132,21:40-22:00,71.32228999999995
2025-09-09,135,139,22:20-23:10,76.09069333333389
2025-09-09,143,144,23:40-24:00,81.36932000000013
2025-09-10,3,6,00:20-01:00,91.20057666666662
2025-09-10,28,28,04:30-04:40,9.41125951910783
2025-09-10,35,36,05:40-06:00,102.01741476190452
2025-09-10,38,39,06:10-06:30,56.0976676190478
2025-09-10,42,44,06:50-07:20,65.95793285714308
2025-09-10,49,52,08:00-08:40,86.91941619047643
2025-09-10,55,57,09:00-09:30,16.179928571428576
2025-09-10,61,62,10:00-10:20,46.12323619047652
2025-09-10,65,66,10:40-11:00,53.621523809523524
2025-09-10,69,69,11:20-11:30,4.985601428571044
2025-09-10,71,72,11:40-12:00,63.317859523809375
2025-09-10,75,77,12:20-12:50,176.5207200000002
2025-09-10,79,80,13:00-13:20,135.37650333333318
2025-09-10,83,84,13:40-14:00,58.03819333333365
2025-09-10,89,90,14:40-15:00,8.215158535954927
2025-09-10,93,93,15:20-15:30,10.871229523810143
2025-09-10,96,96,15:50-16:00,28.34660333333352
2025-09-10,99,99,16:20-16:30,7.535099523809663
2025-09-10,102,105,16:50-17:30,76.47172428571434
2025-09-10,108,108,17:50-18:00,51.13675571428603
2025-09-10,112,114,18:30-19:00,120.6390000000004
2025-09-10,117,118,19:20-19:40,58.5205171428571
2025-09-10,121,123,20:00-20:30,93.49666666666633
2025-09-10,126,126,20:50-21:00,45.29689333333317
2025-09-10,129,130,21:20-21:40,64.82922000000053
2025-09-10,134,134,22:10-22:20,2.379810000000248
2025-09-10,137,138,22:40-23:00,92.0777800000003
2025-09-10,143,144,23:40-24:00,14.5626666666667
2025-09-11,6,8,00:50-01:20,55.35676333333356
2025-09-11,28,28,04:30-04:40,8.217286666666837
2025-09-11,37,38,06:00-06:20,45.441135714285906
2025-09-11,40,41,06:30-06:50,16.436032380952042
2025-09-11,43,43,07:00-07:10,14.466153333333352
2025-09-11,46,46,07:30-07:40,2.1679609523813497
2025-09-11,49,51,08:00-08:30,165.91904761904732
2025-09-11,55,55,09:00-09:10,8.193923809523888
2025-09-11,62,63,10:10-10:30,47.40843761904739
2025-09-11,65,66,10:40-11:00,36.27197047619029
2025-09-11,69,69,11:20-11:30,17.896768571428538
2025-09-11,109,110,18:00-18:20,42.613599943140535
2025-09-11,114,116,18:50-19:20,36.1087799999998
2025-09-11,119,120,19:40-20:00,55.14837428571434
2025-09-11,122,123,20:10-20:30,54.84045619047595
2025-09-11,126,129,20:50-21:30,41.77459666666641
2025-09-11,134,136,22:10-22:40,47.42750000000012
2025-09-11,139,140,23:00-23:20,85.80602333333309
2025-09-11,143,144,23:40-24:00,33.25692333333325
2025-09-12,2,3,00:10-00:30,45.4684933333333
2025-09-12,16,17,02:30-02:50,31.02436333333344
2025-09-12,21,24,03:20-04:00,45.32619666666665
2025-09-12,27,27,04:20-04:30,13.49718095238103
2025-09-12,29,31,04:40-05:10,55.67528666666669
2025-09-12,34,42,05:30-07:00,88.1523690476192
2025-09-12,44,46,07:10-07:40,83.64626619047598
2025-09-12,49,50,08:00-08:20,12.82403428571422
2025-09-12,52,53,08:30-08:50,16.354620476190348
2025-09-12,56,56,09:10-09:20,4.832870952380745
2025-09-12,60,63,09:50-10:30,132.83993857142923
2025-09-12,108,108,17:50-18:00,19.6461647619047
2025-09-12,111,111,18:20-18:30,40.9452033333331
2025-09-12,114,116,18:50-19:20,33.117620000000045
2025-09-12,121,124,20:00-20:40,69.56758666666656
2025-09-12,127,128,21:00-21:20,82.35635333333357
2025-09-12,131,133,21:40-22:10,18.688476666666475
2025-09-12,136,137,22:30-22:50,38.071809999999914
2025-09-12,139,140,23:00-23:20,36.30191000000002
2025-09-12,144,144,23:50-24:00,12.384186666666665
2025-09-13,2,2,00:10-00:20,1.8166866666666692
2025-09-13,5,6,00:40-01:00,24.950210000000084
2025-09-13,8,9,01:10-01:30,54.24342333333334
2025-09-13,20,22,03:10-03:40,39.30763666666678
2025-09-13,25,26,04:00-04:20,86.60830285714292
2025-09-13,29,31,04:40-05:10,40.76798999999994
2025-09-13,34,35,05:30-05:50,15.605103333333375
2025-09-13,37,40,06:00-06:40,73.30730190476189
2025-09-13,44,45,07:10-07:30,33.021733333333266
2025-09-13,48,49,07:50-08:10,73.03936666666664
2025-09-13,52,52,08:30-08:40,21.375070476190558
2025-09-13,57,59,09:20-09:50,39.62033809523814
2025-09-13,108,108,17:50-18:00,0.30098571428545995
2025-09-13,111,112,18:20-18:40,36.99916904761894
2025-09-13,115,116,19:00-19:20,35.49481000000014
2025-09-13,118,118,19:30-19:40,6.9091528571428285
2025-09-13,121,122,20:00-20:20,40.68559999999985
2025-09-13,125,126,20:40-21:00,45.262429999999995
2025-09-13,129,132,21:20-22:00,68.70458999999971
2025-09-13,136,137,22:30-22:50,93.71475399999963
2025-09-13,140,140,23:10-23:20,10.90072333333319
2025-09-13,144,144,23:50-24:00,18.135116666666704
2025-09-14,4,4,00:30-00:40,30.67753666666681
2025-09-14,25,25,04:00-04:10,25.91359228571423
2025-09-14,28,29,04:30-04:50,48.46399083362823
2025-09-14,32,33,05:10-05:30,61.222071132274564
2025-09-14,36,39,05:50-06:30,87.88599380952348
2025-09-14,42,42,06:50-07:00,0.043215714285679496
2025-09-14,45,49,07:20-08:10,108.86977190476222
2025-09-14,52,55,08:30-09:10,96.17336714285713
2025-09-14,58,61,09:30-10:10,98.2037366666666
2025-09-14,66,66,10:50-11:00,30.459512380952674
2025-09-14,68,69,11:10-11:30,68.0165561904762
2025-09-14,72,75,11:50-12:30,108.96762285714317
2025-09-14,78,78,12:50-13:00,7.815212857143024
2025-09-14,82,84,13:30-14:00,89.12690476190483
2025-09-14,90,90,14:50-15:00,43.282548095237985
2025-09-14,108,108,17:50-18:00,6.991039523809192
2025-09-14,110,111,18:10-18:30,52.47532333333356
2025-09-14,114,115,18:50-19:10,54.54053714285749
2025-09-14,119,120,19:40-20:00,102.99474857142843
2025-09-14,125,126,20:40-21:00,104.64307333333363
2025-09-14,129,132,21:20-22:00,73.00806333333287
2025-09-14,134,134,22:10-22:20,5.050119999999993
2025-09-14,138,140,22:50-23:20,82.22540666666646
2025-09-14,144,144,23:50-24:00,33.43723000000011
2025-09-15,4,5,00:30-00:50,113.15143999999975
2025-09-15,8,11,01:10-01:50,83.60785335107778
2025-09-15,22,22,03:30-03:40,16.147948190476086
2025-09-15,35,36,05:40-06:00,14.709813999999767
2025-09-15,38,40,06:10-06:40,41.314789523809395
2025-09-15,43,44,07:00-07:20,40.507318571428584
2025-09-15,47,48,07:40-08:00,6.880356666666728
2025-09-15,52,53,08:30-08:50,140.71011333333337
2025-09-15,57,57,09:20-09:30,13.298743333333505
2025-09-15,62,62,10:10-10:20,5.2604880952383155
2025-09-15,66,70,10:50-11:40,205.61416428571442
2025-09-15,74,74,12:10-12:20,3.8794870107567476
2025-09-15,89,90,14:40-15:00,31.958708865372458
2025-09-15,108,108,17:50-18:00,51.43934238095217
2025-09-15,111,113,18:20-18:50,57.601800000000274
2025-09-15,118,119,19:30-19:50,91.91886999999986
2025-09-15,121,122,20:00-20:20,15.134056666666424
2025-09-15,124,126,20:30-21:00,23.86100000000033
2025-09-15,130,130,21:30-21:40,12.673636666666653
2025-09-15,134,136,22:10-22:40,64.78832999999986
2025-09-15,140,141,23:10-23:30,69.66211000000021
2025-09-15,144,144,23:50-24:00,21.69733666666673
2025-09-16,2,2,00:10-00:20,19.78422666666677
2025-09-16,6,8,00:50-01:20,28.062843333333035
2025-09-16,10,12,01:30-02:00,47.132999999999925
2025-09-16,15,16,02:20-02:40,59.43864999999994
2025-09-16,19,19,03:00-03:10,34.05854666666653
2025-09-16,22,25,03:30-04:10,93.69774333333328
2025-09-16,28,28,04:30-04:40,7.676556666666784
2025-09-16,36,39,05:50-06:30,19.3602414285715
2025-09-16,41,42,06:40-07:00,13.872537619047819
2025-09-16,45,46,07:20-07:40,29.900436190476228
2025-09-16,54,56,08:50-09:20,66.13005428571375
2025-09-16,59,60,09:40-10:00,99.39596904761925
2025-09-16,63,65,10:20-10:50,191.59317619047624
2025-09-16,67,68,11:00-11:20,46.71273285714324
2025-09-16,70,72,11:30-12:00,77.34059523809583
2025-09-16,75,75,12:20-12:30,55.174502857143125
2025-09-16,79,79,13:00-13:10,1.6243914285716983
2025-09-16,88,88,14:30-14:40,40.38949714285762
2025-09-16,108,108,17:50-18:00,5.495148095238029
2025-09-16,111,112,18:20-18:40,64.9417271428572
2025-09-16,115,116,19:00-19:20,73.53715333333366
2025-09-16,119,120,19:40-20:00,17.940136666666376
2025-09-16,122,124,20:10-20:40,85.52154047619035
2025-09-16,127,127,21:00-21:10,21.966839999999934
2025-09-16,130,132,21:30-22:00,74.94299999999998
2025-09-16,135,135,22:20-22:30,26.644860000000108
2025-09-16,137,138,22:40-23:00,38.631276666666395
2025-09-16,140,141,23:10-23:30,20.062556666666637
2025-09-16,143,144,23:40-24:00,61.828503333333174
2025-09-17,3,3,00:20-00:30,5.757146666666699
2025-09-17,6,7,00:50-01:10,57.95162000000016
2025-09-17,11,13,01:40-02:10,32.64688666666689
2025-09-17,16,17,02:30-02:50,26.305033333333313
2025-09-17,20,21,03:10-03:30,66.05552666666654
2025-09-17,36,36,05:50-06:00,33.737410476190576
2025-09-17,39,41,06:20-06:50,35.457826190476
2025-09-17,45,47,07:20-07:50,34.32877476190504
2025-09-17,49,50,08:00-08:20,47.65961904761872
2025-09-17,53,54,08:40-09:00,59.97501380952406
2025-09-17,57,61,09:20-10:10,106.23224047619063
2025-09-17,65,66,10:40-11:00,48.484160476191164
2025-09-17,68,69,11:10-11:30,43.953871904762536
2025-09-17,73,73,12:00-12:10,4.316554761904854
2025-09-17,77,82,12:40-13:40,139.02796000000012
2025-09-17,85,85,14:00-14:10,11.73146095238144
2025-09-17,109,110,18:00-18:20,16.46975775394369
2025-09-17,113,115,18:40-19:10,46.882351428571766
2025-09-17,119,121,19:40-20:10,42.40723333333358
2025-09-17,127,128,21:00-21:20,79.75736999999981
2025-09-17,130,130,21:30-21:40,0.6938999999997577
2025-09-17,135,137,22:20-22:50,108.74753333333354
2025-09-17,140,142,23:10-23:40,54.76305333333346
2025-09-17,144,144,23:50-24:00,3.398580000000038
2025-09-18,4,5,00:30-00:50,40.745030000000156
2025-09-18,7,9,01:00-01:30,24.44433333333336
2025-09-18,13,14,02:00-02:20,23.376746666666577
2025-09-18,16,18,02:30-03:00,35.13466666666659
2025-09-18,32,33,05:10-05:30,55.47801688183358
2025-09-18,36,37,05:50-06:10,89.08302952380973
2025-09-18,40,41,06:30-06:50,12.087257142857311
2025-09-18,44,45,07:10-07:30,29.757025238095252
2025-09-18,48,51,07:50-08:30,50.68998904761918
2025-09-18,53,54,08:40-09:00,88.84106809523792
2025-09-18,56,57,09:10-09:30,50.36204428571439
2025-09-18,59,60,09:40-10:00,66.66169095238115
2025-09-18,64,65,10:30-10:50,50.06940761904775
2025-09-18,69,69,11:20-11:30,8.184468095237662
2025-09-18,71,73,11:40-12:10,111.7877431428567
2025-09-18,76,78,12:30-13:00,178.2363809523806
2025-09-18,89,89,14:40-14:50,12.14166761904804
2025-09-18,108,111,17:50-18:30,49.10246454612282
2025-09-18,114,115,18:50-19:10,72.37409904761887
2025-09-18,118,118,19:30-19:40,42.78519904761913
2025-09-18,121,122,20:00-20:20,92.12884333333318
2025-09-18,125,126,20:40-21:00,4.70719000000031
2025-09-18,129,130,21:20-21:40,76.85934000000009
2025-09-18,133,134,22:00-22:20,72.11779066666668
2025-09-18,138,140,22:50-23:20,27.531889999999862
2025-09-18,142,142,23:30-23:40,25.34726999999998
2025-09-19,2,3,00:10-00:30,39.9279466666668
2025-09-19,6,7,00:50-01:10,97.22962333333334
2025-09-19,10,11,01:30-01:50,86.2035699999999
2025-09-19,15,18,02:20-03:00,89.53357999999992
2025-09-19,21,22,03:20-03:40,11.332746666666765
2025-09-19,26,27,04:10-04:30,93.24175428571436
2025-09-19,30,30,04:50-05:00,9.67083190476177
2025-09-19,33,33,05:20-05:30,20.1293204761904
2025-09-19,36,38,05:50-06:20,37.09080809523806
2025-09-19,45,48,07:20-08:00,113.70486000000011
2025-09-19,52,52,08:30-08:40,25.71350571428559
2025-09-19,55,57,09:00-09:30,19.352309523809367
2025-09-19,59,62,09:40-10:20,48.22701809523846
2025-09-19,64,65,10:30-10:50,36.99009857142846
2025-09-19,96,97,15:50-16:10,34.8977414171427
2025-09-19,102,102,16:50-17:00,32.83333854761969
2025-09-19,105,106,17:20-17:40,37.35382761904769
2025-09-19,109,110,18:00-18:20,29.59622190476177
2025-09-19,112,112,18:30-18:40,21.56575761904776
2025-09-19,115,115,19:00-19:10,35.86024095238116
2025-09-19,118,119,19:30-19:50,43.453722380952456
2025-09-19,121,121,20:00-20:10,15.840389999999843
2025-09-19,125,126,20:40-21:00,85.24042333333341
2025-09-19,128,129,21:10-21:30,58.01472666666689
2025-09-19,132,132,21:50-22:00,30.601766666666663
2025-09-19,134,136,22:10-22:40,96.5836066666667
2025-09-19,142,144,23:30-24:00,36.789000000000215
2025-09-20,5,6,00:40-01:00,64.10474666666653
2025-09-20,9,10,01:20-01:40,20.602693333333264
2025-09-20,16,16,02:30-02:40,25.826376666666818
2025-09-20,19,21,03:00-03:30,86.76033333333328
2025-09-20,24,25,03:50-04:10,30.608526666666535
2025-09-20,29,30,04:40-05:00,65.52553619047637
2025-09-20,35,42,05:40-07:00,97.02311238095271
2025-09-20,45,46,07:20-07:40,45.60798047619036
2025-09-20,49,51,08:00-08:30,118.19236904761897
2025-09-20,56,56,09:10-09:20,7.804633809523807
2025-09-20,60,63,09:50-10:30,97.87890809523765
2025-09-20,103,103,17:00-17:10,1.873599999999982
2025-09-20,107,108,17:40-18:00,38.82978238095237
2025-09-20,112,115,18:30-19:10,90.92456666666664
2025-09-20,118,120,19:30-20:00,98.96766666666696
2025-09-20,123,123,20:20-20:30,48.43710666666658
2025-09-20,125,126,20:40-21:00,45.164670000000115
2025-09-20,129,129,21:20-21:30,60.462400000000116
2025-09-20,131,132,21:40-22:00,116.86224666666658
2025-09-20,135,135,22:20-22:30,11.35591999999997
2025-09-20,139,139,23:00-23:10,26.562540000000013
2025-09-20,142,143,23:30-23:50,77.61406999999997
2025-09-21,3,5,00:20-00:50,57.611823333333405
2025-09-21,8,10,01:10-01:40,53.89332333333323
2025-09-21,14,15,02:10-02:30,28.017503333333025
2025-09-21,18,20,02:50-03:20,41.48363333333339
2025-09-21,23,24,03:40-04:00,54.41429333333326
2025-09-21,27,28,04:20-04:40,43.91449285714265
2025-09-21,32,33,05:10-05:30,40.47910952380937
2025-09-21,37,39,06:00-06:30,21.99470238095205
2025-09-21,45,46,07:20-07:40,22.258653333333257
2025-09-21,49,49,08:00-08:10,8.687896666666404
2025-09-21,55,56,09:00-09:20,124.40150666666682
2025-09-21,58,60,09:30-10:00,76.45972619047643
2025-09-21,63,66,10:20-11:00,127.1810028571424
2025-09-21,68,69,11:10-11:30,42.11166380952409
2025-09-21,108,109,17:50-18:10,45.92328619047578
2025-09-21,112,113,18:30-18:50,41.74612857142866
2025-09-21,117,117,19:20-19:30,7.817694285714651
2025-09-21,119,120,19:40-20:00,11.277109523809486
2025-09-21,123,124,20:20-20:40,35.450113333333206
2025-09-21,127,127,21:00-21:10,31.557570000000055
2025-09-21,130,131,21:30-21:50,58.23831000000007
2025-09-21,136,137,22:30-22:50,35.793103333333306
2025-09-21,141,144,23:20-24:00,37.45080666666661
2025-09-22,4,5,00:30-00:50,72.05133666666654
2025-09-22,7,11,01:00-01:50,64.88963666666689
2025-09-22,15,17,02:20-02:50,54.31771000000026
2025-09-22,21,22,03:20-03:40,49.200360000000046
2025-09-22,25,26,04:00-04:20,36.92538714285709
2025-09-22,29,33,04:40-05:30,68.85923190476201
2025-09-22,37,38,06:00-06:20,47.58181428571436
2025-09-22,41,42,06:40-07:00,63.356098571428845
2025-09-22,45,45,07:20-07:30,12.357330952380948
2025-09-22,47,48,07:40-08:00,37.817582857142725
2025-09-22,54,54,08:50-09:00,33.786439523809804
2025-09-22,57,57,09:20-09:30,19.451424285714438
2025-09-22,59,61,09:40-10:10,24.53369571428584
2025-09-22,64,66,10:30-11:00,79.7000833333334
2025-09-22,69,70,11:20-11:40,47.05026714285714
2025-09-22,73,75,12:00-12:30,129.5677857142855
2025-09-22,79,79,13:00-13:10,41.847422380951684
2025-09-22,88,88,14:30-14:40,3.30706409523782
2025-09-22,99,99,16:20-16:30,7.4124901740161135
2025-09-22,102,104,16:50-17:20,45.76244285714259
2025-09-22,108,108,17:50-18:00,7.804956666666385
2025-09-22,110,111,18:10-18:30,40.3375914285715
2025-09-22,114,114,18:50-19:00,27.032403809524112
2025-09-22,117,119,19:20-19:50,90.19703952380951
2025-09-22,121,121,20:00-20:10,7.600483333333386
2025-09-22,124,125,20:30-20:50,20.206113333333292
2025-09-22,127,128,21:00-21:20,85.22365666666701
2025-09-22,130,131,21:30-21:50,28.967270000000212
2025-09-22,135,138,22:20-23:00,109.56162000000018
2025-09-22,140,141,23:10-23:30,62.469983333333516
2025-09-23,3,5,00:20-00:50,75.26542333333362
2025-09-23,7,7,01:00-01:10,15.403486666666936
2025-09-23,10,11,01:30-01:50,42.291880000000106
2025-09-23,13,14,02:00-02:20,34.16036333333352
2025-09-23,19,20,03:00-03:20,30.805956666666816
2025-09-23,22,24,03:30-04:00,44.32866666666655
2025-09-23,27,27,04:20-04:30,18.361963333333392
2025-09-23,29,31,04:40-05:10,59.88740380952379
2025-09-23,34,35,05:30-05:50,27.68640301352781
2025-09-23,37,39,06:00-06:30,31.32359523809498
2025-09-23,41,42,06:40-07:00,43.909019047619154
2025-09-23,45,47,07:20-07:50,45.612013333333664
2025-09-23,51,51,08:20-08:30,26.556593809524145
2025-09-23,55,59,09:00-09:50,144.7093952380955
2025-09-23,61,61,10:00-10:10,24.47747428571438
2025-09-23,64,65,10:30-10:50,38.8738500000004
2025-09-23,70,70,11:30-11:40,53.021320000000514
2025-09-23,73,75,12:00-12:30,68.05770238095192
2025-09-23,77,78,12:40-13:00,93.49387904761943
2025-09-23,81,81,13:20-13:30,13.116755714285091
2025-09-23,87,89,14:20-14:50,81.40894257142904
2025-09-23,95,97,15:40-16:10,133.85913761904783
2025-09-23,100,100,16:30-16:40,7.385425714285759
2025-09-23,103,104,17:00-17:20,12.118173809523825
2025-09-23,106,106,17:30-17:40,9.890947142857165
2025-09-23,109,110,18:00-18:20,60.978834285714186
2025-09-23,112,112,18:30-18:40,11.781426666666675
2025-09-23,115,116,19:00-19:20,35.48510952380951
2025-09-23,119,123,19:40-20:30,120.86355666666691
2025-09-23,125,126,20:40-21:00,75.58500666666691
2025-09-23,129,129,21:20-21:30,9.64883999999995
2025-09-23,131,132,21:40-22:00,27.472996666666518
2025-09-23,134,135,22:10-22:30,109.12610333333328
2025-09-23,138,138,22:50-23:00,40.96216666666692
2025-09-23,140,142,23:10-23:40,46.83102666666696
2025-09-24,2,2,00:10-00:20,28.412436666666736
2025-09-24,5,6,00:40-01:00,26.577209999999923
2025-09-24,8,10,01:10-01:40,42.361213333333126
2025-09-24,13,14,02:00-02:20,33.01222666666672
2025-09-24,17,19,02:40-03:10,22.62409666666656
2025-09-24,21,22,03:20-03:40,43.05897333333314
2025-09-24,25,26,04:00-04:20,61.818593333333446
2025-09-24,29,30,04:40-05:00,15.57910333333325
2025-09-24,36,41,05:50-06:50,109.47329904761943
2025-09-24,44,47,07:10-07:50,41.60967380952388
2025-09-24,50,51,08:10-08:30,45.25146904761846
2025-09-24,54,55,08:50-09:10,69.00425714285694
2025-09-24,58,58,09:30-09:40,12.10577190476215
2025-09-24,61,62,10:00-10:20,109.94010523809561
2025-09-24,65,66,10:40-11:00,49.79313571428543
2025-09-24,68,70,11:10-11:40,107.65944238095199
2025-09-24,72,72,11:50-12:00,11.05409142857161
2025-09-24,74,76,12:10-12:40,71.08435523809544
2025-09-24,84,84,13:50-14:00,55.721607142857465
2025-09-24,109,111,18:00-18:30,86.21527380952367
2025-09-24,114,115,18:50-19:10,76.5082871428574
2025-09-24,118,119,19:30-19:50,134.93663571428579
2025-09-24,122,123,20:10-20:30,49.67052666666655
2025-09-24,127,128,21:00-21:20,65.84809000000007
2025-09-24,132,132,21:50-22:00,24.65441666666652
2025-09-24,135,136,22:20-22:40,47.902790000000095
2025-09-24,139,140,23:00-23:20,33.50084000000027
2025-09-24,142,143,23:30-23:50,71.64010999999971
2025-09-25,2,3,00:10-00:30,101.43762333333314
2025-09-25,7,8,01:00-01:20,36.07506333333322
2025-09-25,12,14,01:50-02:20,48.406986666666626
2025-09-25,17,19,02:40-03:10,79.71252999999979
2025-09-25,24,25,03:50-04:10,16.211789047618844
2025-09-25,28,29,04:30-04:50,41.46764333333306
2025-09-25,31,31,05:00-05:10,11.629195238095349
2025-09-25,35,40,05:40-06:40,105.29321190476185
2025-09-25,43,44,07:00-07:20,29.253000000000213
2025-09-25,46,47,07:30-07:50,7.008296666666581
2025-09-25,53,54,08:40-09:00,16.957360000000108
2025-09-25,57,60,09:20-10:00,96.64936523809479
2025-09-25,62,63,10:10-10:30,25.574290476190527
2025-09-25,68,68,11:10-11:20,6.955279999999902
2025-09-25,70,70,11:30-11:40,35.37097000000017
2025-09-25,73,74,12:00-12:20,58.318327619047295
2025-09-25,90,90,14:50-15:00,9.686485714285709
2025-09-25,95,95,15:40-15:50,40.62778714285702
2025-09-25,99,99,16:20-16:30,15.704079237603821
2025-09-25,103,103,17:00-17:10,35.16182075462291
2025-09-25,107,107,17:40-17:50,29.510016190476144
2025-09-25,111,114,18:20-19:00,160.02074285714264
2025-09-25,119,123,19:40-20:30,69.59057333333294
2025-09-25,125,127,20:40-21:10,96.68702999999982
2025-09-25,131,132,21:40-22:00,21.965826666666658
2025-09-25,135,137,22:20-22:50,138.3592699999998
2025-09-25,141,141,23:20-23:30,6.61620999999991
2025-09-25,144,144,23:50-24:00,4.098020000000076
2025-09-26,2,3,00:10-00:30,20.9917200000001
2025-09-26,8,9,01:10-01:30,33.15501666666654
2025-09-26,11,12,01:40-02:00,82.32076333333316
2025-09-26,15,18,02:20-03:00,16.289116666666587
2025-09-26,20,21,03:10-03:30,46.04565666666673
2025-09-26,24,26,03:50-04:20,58.65453333333318
2025-09-26,28,31,04:30-05:10,60.95243238095226
2025-09-26,34,34,05:30-05:40,3.571737142857163
2025-09-26,37,38,06:00-06:20,38.41162333333341
2025-09-26,41,45,06:40-07:30,69.83540238095247
2025-09-26,48,49,07:50-08:10,48.68369476190503
2025-09-26,51,55,08:20-09:10,204.45841380952356
2025-09-26,59,59,09:40-09:50,19.573917619047847
2025-09-26,64,66,10:30-11:00,93.32941666666738
2025-09-26,68,69,11:10-11:30,54.88753523809487
2025-09-26,97,97,16:00-16:10,22.721957619047203
2025-09-26,100,101,16:30-16:50,35.709064285714476
2025-09-26,104,105,17:10-17:30,33.065979047619024
2025-09-26,109,110,18:00-18:20,61.09798761904774
2025-09-26,112,113,18:30-18:50,34.299287619047675
2025-09-26,115,116,19:00-19:20,36.71633666666651
2025-09-26,119,120,19:40-20:00,32.340160000000196
2025-09-26,124,127,20:30-21:10,48.92439999999999
2025-09-26,130,131,21:30-21:50,102.63715666666678
2025-09-26,135,138,22:20-23:00,49.547289999999975
2025-09-26,141,142,23:20-23:40,55.51206333333312
2025-09-27,3,4,00:20-00:40,66.90922000000006
2025-09-27,7,8,01:00-01:20,75.89661666666677
2025-09-27,11,14,01:40-02:20,30.193039999999996
2025-09-27,17,19,02:40-03:10,49.84384666666659
2025-09-27,23,24,03:40-04:00,47.64734666666675
2025-09-27,27,28,04:20-04:40,52.25556666666648
2025-09-27,31,32,05:00-05:20,46.05999666666655
2025-09-27,34,35,05:30-05:50,33.63365999999985
2025-09-27,37,38,06:00-06:20,32.988220952381084
2025-09-27,40,41,06:30-06:50,57.93053619047646
2025-09-27,45,45,07:20-07:30,10.588473333333525
2025-09-27,48,49,07:50-08:10,34.54111
2025-09-27,54,54,08:50-09:00,16.360819999999876
2025-09-27,58,58,09:30-09:40,52.61944999999969
2025-09-27,61,63,10:00-10:30,109.64219047619054
2025-09-27,65,66,10:40-11:00,50.46546666666654
2025-09-27,96,97,15:50-16:10,65.7522261904763
2025-09-27,106,107,17:30-17:50,82.48510761904774
2025-09-27,109,112,18:00-18:40,62.602573809523975
2025-09-27,115,117,19:00-19:30,16.306666666666445
2025-09-27,120,120,19:50-20:00,7.5073519047617765
2025-09-27,122,123,20:10-20:30,19.502866666666932
2025-09-27,126,128,20:50-21:20,99.74633333333304
2025-09-27,130,130,21:30-21:40,9.997656666666785
2025-09-27,133,133,22:00-22:10,11.075046666666594
2025-09-27,136,137,22:30-22:50,54.45915666666667
2025-09-27,139,140,23:00-23:20,77.90679
2025-09-27,142,142,23:30-23:40,4.942836666666608
2025-09-28,2,2,00:10-00:20,12.911456666666709
2025-09-28,5,6,00:40-01:00,30.574733333333256
2025-09-28,9,11,01:20-01:50,40.63397666666674
2025-09-28,13,14,02:00-02:20,31.65122666666673
2025-09-28,16,16,02:30-02:40,8.44222666666667
2025-09-28,20,21,03:10-03:30,52.84908333333328
2025-09-28,23,24,03:40-04:00,22.097366666666744
2025-09-28,27,27,04:20-04:30,18.859816666666802
2025-09-28,29,30,04:40-05:00,38.56037714285719
2025-09-28,35,36,05:40-06:00,26.792500476190185
2025-09-28,38,39,06:10-06:30,52.316217142856885
2025-09-28,42,43,06:50-07:10,24.689467142857268
2025-09-28,49,53,08:00-08:50,52.14404809523836
2025-09-28,55,55,09:00-09:10,16.750785238095204
2025-09-28,58,59,09:30-09:50,56.9461204761903
2025-09-28,62,63,10:10-10:30,125.33077238095234
2025-09-28,66,66,10:50-11:00,17.50153476190485
2025-09-28,72,73,11:50-12:10,65.79363380952395
2025-09-28,75,78,12:20-13:00,146.0127342857145
2025-09-28,82,82,13:30-13:40,33.876895714285865
2025-09-28,86,86,14:10-14:20,10.646750476190618
2025-09-28,90,93,14:50-15:30,38.478169999999864
2025-09-28,97,98,16:00-16:20,44.13966999999917
2025-09-28,100,101,16:30-16:50,30.882543333333558
2025-09-28,103,106,17:00-17:40,83.2764961904762
2025-09-28,110,110,18:10-18:20,2.8217285714285634
2025-09-28,113,117,18:40-19:30,131.53958999999992
2025-09-28,124,124,20:30-20:40,17.759006666666664
2025-09-28,127,127,21:00-21:10,42.63885333333337
2025-09-28,130,132,21:30-22:00,73.178
2025-09-28,134,134,22:10-22:20,3.137773333333371
2025-09-28,138,139,22:50-23:10,68.85853000000009
2025-09-28,142,144,23:30-24:00,70.71266666666679
2025-09-29,2,3,00:10-00:30,50.215269999999805
2025-09-29,8,9,01:10-01:30,41.872423333333245
2025-09-29,12,14,01:50-02:20,60.6584233333333
2025-09-29,17,19,02:40-03:10,67.88343666666697
2025-09-29,22,25,03:30-04:10,65.41857952380951
2025-09-29,28,29,04:30-04:50,22.871153333333716
2025-09-29,32,33,05:10-05:30,7.24054190476204
2025-09-29,35,37,05:40-06:10,57.57061380952405
2025-09-29,41,42,06:40-07:00,52.40981523809532
2025-09-29,45,47,07:20-07:50,55.51247809523801
2025-09-29,49,50,08:00-08:20,30.907059523809153
2025-09-29,53,54,08:40-09:00,32.802539047618865
2025-09-29,57,58,09:20-09:40,105.68189238095238
2025-09-29,62,65,10:10-10:50,96.19804666666687
2025-09-29,67,67,11:00-11:10,18.741475714285798
2025-09-29,75,78,12:20-13:00,124.05593857142867
2025-09-29,81,81,13:20-13:30,3.727254285713798
2025-09-29,86,87,14:10-14:30,64.7781090476185
2025-09-29,96,97,15:50-16:10,18.31853932072943
2025-09-29,101,103,16:40-17:10,78.26049333333333
2025-09-29,108,113,17:50-18:50,84.842540952381
2025-09-29,116,117,19:10-19:30,47.09689000000003
2025-09-29,120,124,19:50-20:40,77.14525190476206
2025-09-29,128,130,21:10-21:40,74.84013333333348
2025-09-29,133,137,22:00-22:50,90.8174833333336
2025-09-29,141,144,23:20-24:00,104.96195666666665
2025-09-30,3,5,00:20-00:50,29.225746666666623
2025-09-30,7,7,01:00-01:10,12.53389333333348
2025-09-30,11,15,01:40-02:30,39.557723333333115
2025-09-30,17,19,02:40-03:10,43.996956666666506
2025-09-30,21,22,03:20-03:40,13.228660000000104
2025-09-30,25,25,04:00-04:10,12.156212857142577
2025-09-30,28,29,04:30-04:50,64.78978
2025-09-30,35,36,05:40-06:00,3.603067142857185
2025-09-30,38,43,06:10-07:10,94.26783095238088
2025-09-30,46,47,07:30-07:50,90.52439857142883
2025-09-30,52,56,08:30-09:20,88.40823190476183
2025-09-30,60,61,09:50-10:10,80.95448333333275
2025-09-30,64,64,10:30-10:40,15.013556666667
2025-09-30,70,70,11:30-11:40,3.37317952380954
2025-09-30,73,73,12:00-12:10,22.690559523809497
2025-09-30,77,84,12:40-14:00,324.7104857142857
2025-09-30,90,92,14:50-15:20,35.960668095238134
2025-09-30,100,100,16:30-16:40,13.186327142857238
2025-09-30,103,104,17:00-17:20,3.21419714285733
2025-09-30,106,107,17:30-17:50,16.112123809524
2025-09-30,110,114,18:10-19:00,159.72712194945447
2025-09-30,116,117,19:10-19:30,252.98261879142868
2025-09-30,119,125,19:40-20:50,1115.7659236847633
2025-09-30,127,128,21:00-21:20,21.675486066666735
2025-09-30,131,132,21:40-22:00,49.939413333333164
2025-09-30,136,140,22:30-23:20,66.91476333333298
2025-09-30,142,142,23:30-23:40,16.102539999999863
2025-10-01,2,4,00:10-00:40,28.78270733333295
2025-10-01,7,8,01:00-01:20,36.6799133333335
2025-10-01,10,12,01:30-02:00,77.8349999999997
2025-10-01,15,15,02:20-02:30,14.99639333333323
2025-10-01,17,18,02:40-03:00,23.652239999999892
2025-10-01,21,21,03:20-03:30,20.434610000000134
2025-10-01,23,24,03:40-04:00,29.177083333333258
2025-10-01,26,27,04:10-04:30,43.666355714286055
2025-10-01,30,31,04:50-05:10,42.90208999999987
2025-10-01,34,35,05:30-05:50,24.964220095237874
2025-10-01,38,39,06:10-06:30,26.077129523809504
2025-10-01,42,42,06:50-07:00,22.372773809524006
2025-10-01,45,46,07:20-07:40,28.027776190476345
2025-10-01,52,52,08:30-08:40,18.850318571428375
2025-10-01,57,57,09:20-09:30,3.6067533333330175
2025-10-01,60,62,09:50-10:20,57.67032476190502
2025-10-01,65,66,10:40-11:00,20.733641428571673
2025-10-01,69,69,11:20-11:30,45.94807380952352
2025-10-01,88,88,14:30-14:40,3.9223033333331614
2025-10-01,107,107,17:40-17:50,6.321660476190515
2025-10-01,110,111,18:10-18:30,50.78845333333351
2025-10-01,114,114,18:50-19:00,18.394866666666303
2025-10-01,116,119,19:10-19:50,59.38883523809511
2025-10-01,122,123,20:10-20:30,9.931579999999599
2025-10-01,126,126,20:50-21:00,12.2815599999999
2025-10-01,128,129,21:10-21:30,24.164639999999963
2025-10-01,132,135,21:50-22:30,66.14089000000024
2025-10-01,138,143,22:50-23:50,83.15745000000038
2025-10-02,2,2,00:10-00:20,0.831049999999891
2025-10-02,5,6,00:40-01:00,10.818763333333322
2025-10-02,8,9,01:10-01:30,58.11886333333325
2025-10-02,12,14,01:50-02:20,30.317700000000173
2025-10-02,18,18,02:50-03:00,24.9139133333332
2025-10-02,21,24,03:20-04:00,35.38256666666666
2025-10-02,27,28,04:20-04:40,39.659203809524
2025-10-02,32,36,05:10-06:00,65.6434347619049
2025-10-02,39,39,06:20-06:30,32.42020714285718
2025-10-02,41,42,06:40-07:00,19.211038571428674
2025-10-02,47,48,07:40-08:00,46.04052761904774
2025-10-02,50,51,08:10-08:30,40.8818990476189
2025-10-02,55,56,09:00-09:20,65.06292761904754
2025-10-02,61,62,10:00-10:20,61.146738095238106
2025-10-02,65,66,10:40-11:00,47.37903619047643
2025-10-02,68,69,11:10-11:30,69.59645809523795
2025-10-02,104,104,17:10-17:20,10.131289523809727
2025-10-02,112,113,18:30-18:50,39.178306190476206
2025-10-02,116,117,19:10-19:30,69.04041999999981
2025-10-02,122,123,20:10-20:30,47.738573333333534
2025-10-02,126,129,20:50-21:30,55.36947000000032
2025-10-02,131,133,21:40-22:10,55.56419333333349
2025-10-02,135,136,22:20-22:40,31.689173333332974
2025-10-02,139,140,23:00-23:20,20.483289999999784
2025-10-02,142,143,23:30-23:50,22.70322333333354
2025-10-03,2,5,00:10-00:50,45.93496666666675
2025-10-03,8,9,01:10-01:30,45.817106666666746
2025-10-03,15,16,02:20-02:40,44.15467666666666
2025-10-03,19,20,03:00-03:20,42.60086666666672
2025-10-03,23,24,03:40-04:00,3.813823333333346
2025-10-03,26,27,04:10-04:30,31.240829523809566
2025-10-03,30,31,04:50-05:10,28.649230476190496
2025-10-03,33,35,05:20-05:50,41.902035238095266
2025-10-03,40,41,06:30-06:50,45.36126571428565
2025-10-03,45,45,07:20-07:30,25.01163000000011
2025-10-03,48,48,07:50-08:00,15.326563809524146
2025-10-03,52,53,08:30-08:50,47.51446619047613
2025-10-03,55,58,09:00-09:40,83.81733285714267
2025-10-03,61,62,10:00-10:20,27.87037904761928
2025-10-03,104,105,17:10-17:30,32.80158714285723
2025-10-03,110,114,18:10-19:00,25.22430095238093
2025-10-03,116,117,19:10-19:30,15.7428533333333
2025-10-03,120,120,19:50-20:00,0.6445571428569679
2025-10-03,122,124,20:10-20:40,68.48820666666671
2025-10-03,129,130,21:20-21:40,35.512066666666556
2025-10-03,133,134,22:00-22:20,18.88639666666643
2025-10-03,136,138,22:30-23:00,42.5633333333335
2025-10-03,140,141,23:10-23:30,51.329106666666576
2025-10-04,2,3,00:10-00:30,31.4953000000001
2025-10-04,6,6,00:50-01:00,1.6335466666667458
2025-10-04,9,10,01:20-01:40,26.558789999999874
2025-10-04,13,17,02:00-02:50,49.49065333333323
2025-10-04,22,23,03:30-03:50,13.308433333333312
2025-10-04,26,27,04:10-04:30,32.80917714285715
2025-10-04,29,30,04:40-05:00,13.530720952380761
2025-10-04,35,36,05:40-06:00,99.24181952380957
2025-10-04,40,40,06:30-06:40,2.199759047619068
2025-10-04,43,45,07:00-07:30,64.10582142857129
2025-10-04,49,50,08:00-08:20,27.9315347619048
2025-10-04,53,57,08:40-09:30,82.99622952380935
2025-10-04,63,65,10:20-10:50,29.707329047618714
2025-10-04,67,68,11:00-11:20,28.40909238095219
2025-10-04,97,97,16:00-16:10,24.710874285714226
2025-10-04,100,101,16:30-16:50,49.02605619047631
2025-10-04,103,104,17:00-17:20,26.765937403834343
2025-10-04,110,112,18:10-18:40,73.74311523809519
2025-10-04,115,116,19:00-19:20,42.89373333333333
2025-10-04,118,119,19:30-19:50,7.258373333333225
2025-10-04,122,124,20:10-20:40,17.36508666666674
2025-10-04,127,128,21:00-21:20,51.642363333333265
2025-10-04,133,134,22:00-22:20,59.15300533333328
2025-10-04,137,139,22:40-23:10,39.611083333333454
2025-10-04,142,143,23:30-23:50,47.07876333333354
2025-10-05,2,2,00:10-00:20,20.534666666666794
2025-10-05,5,7,00:40-01:10,42.99804666666671
2025-10-05,11,12,01:40-02:00,25.16700333333324
2025-10-05,15,17,02:20-02:50,76.29014000000018
2025-10-05,20,21,03:10-03:30,44.63686666666649
2025-10-05,24,25,03:50-04:10,23.552453333333006
2025-10-05,28,30,04:30-05:00,51.80466666666656
2025-10-05,36,38,05:50-06:20,48.39083952380963
2025-10-05,40,40,06:30-06:40,3.0480195238095575
2025-10-05,44,45,07:10-07:30,16.946946666666747
2025-10-05,47,48,07:40-08:00,43.42479285714296
2025-10-05,53,56,08:40-09:20,63.00721238095248
2025-10-05,59,61,09:40-10:10,156.15946571428594
2025-10-05,66,68,10:50-11:20,74.70882142857135
2025-10-05,72,74,11:50-12:20,38.72828809523821
2025-10-05,92,92,15:10-15:20,11.346778571428558
2025-10-05,100,100,16:30-16:40,0.18825676190471086
2025-10-05,104,104,17:10-17:20,5.895376761904629
2025-10-05,106,106,17:30-17:40,0.9475928571428618
2025-10-05,110,111,18:10-18:30,28.943210476190416
2025-10-05,114,114,18:50-19:00,30.969474285714227
2025-10-05,117,118,19:20-19:40,14.984959523809835
2025-10-05,121,122,20:00-20:20,49.57372333333308
2025-10-05,126,128,20:50-21:20,80.01588666666646
2025-10-05,131,132,21:40-22:00,42.84604666666678
2025-10-05,134,136,22:10-22:40,87.27350666666655
2025-10-05,140,144,23:10-24:00,49.27627666666638
2025-10-06,2,3,00:10-00:30,32.27076000000022
2025-10-06,6,6,00:50-01:00,12.77899333333346
2025-10-06,10,15,01:30-02:30,68.07499999999993
2025-10-06,18,18,02:50-03:00,8.987639999999942
2025-10-06,21,21,03:20-03:30,1.2154333333332943
2025-10-06,23,24,03:40-04:00,39.51473666666675
2025-10-06,27,27,04:20-04:30,12.72733380952377
2025-10-06,29,31,04:40-05:10,34.04585857142858
2025-10-06,37,39,06:00-06:30,70.85951190476226
2025-10-06,43,43,07:00-07:10,27.26537095238109
2025-10-06,47,50,07:40-08:20,53.445643809523915
2025-10-06,53,55,08:40-09:10,101.99552095238066
2025-10-06,64,66,10:30-11:00,96.21646428571421
2025-10-06,68,73,11:10-12:10,143.82050000000004
2025-10-06,76,77,12:30-12:50,41.773273333333236
2025-10-06,85,86,14:00-14:20,29.506744761904883
2025-10-06,89,90,14:40-15:00,18.361141428571464
2025-10-06,93,94,15:20-15:40,17.008676190476308
2025-10-06,97,98,16:00-16:20,39.49837619047622
2025-10-06,101,102,16:40-17:00,42.041437619047684
2025-10-06,108,108,17:50-18:00,27.505330476190352
2025-10-06,111,111,18:20-18:30,28.927379047619183
2025-10-06,115,117,19:00-19:30,83.85733333333371
2025-10-06,120,120,19:50-20:00,10.801160000000209
2025-10-06,122,123,20:10-20:30,18.027173333333394
2025-10-06,126,126,20:50-21:00,4.145049999999856
2025-10-06,128,130,21:10-21:40,30.09274000000005
2025-10-06,133,133,22:00-22:10,27.370209999999815
2025-10-06,136,137,22:30-22:50,29.749166666666724
2025-10-06,139,142,23:00-23:40,50.13749666666695
2025-10-07,2,4,00:10-00:40,36.48839933333295
2025-10-07,6,9,00:50-01:30,37.719086666666726
2025-10-07,12,12,01:50-02:00,8.624059999999872
2025-10-07,15,17,02:20-02:50,42.82404333333318
2025-10-07,23,24,03:40-04:00,26.90941999999984
2025-10-07,27,27,04:20-04:30,15.39521476190464
2025-10-07,30,32,04:50-05:20,38.0913023809521
2025-10-07,35,36,05:40-06:00,5.673834761904811
2025-10-07,38,39,06:10-06:30,21.05073523809517
2025-10-07,42,45,06:50-07:30,32.84942571428542
2025-10-07,47,54,07:40-09:00,97.2435842857142
2025-10-07,57,58,09:20-09:40,11.511841428571401
2025-10-07,61,62,10:00-10:20,18.561806190476318
2025-10-07,64,65,10:30-10:50,36.938498571428454
2025-10-07,67,67,11:00-11:10,6.135961428571363
2025-10-07,70,70,11:30-11:40,35.459020952381024
2025-10-07,73,74,12:00-12:20,41.1142247619041
2025-10-07,76,77,12:30-12:50,37.95449095238109
2025-10-07,84,87,13:50-14:30,57.112333333333254
2025-10-07,89,90,14:40-15:00,9.713371428571541
2025-10-07,92,93,15:10-15:30,70.66691714285753
2025-10-07,96,96,15:50-16:00,2.9406142857143323
2025-10-07,99,100,16:20-16:40,45.93575904761917
2025-10-07,106,106,17:30-17:40,0.7470690476188668
2025-10-07,110,113,18:10-18:50,21.81834285714266
2025-10-07,117,119,19:20-19:50,37.04270142857115
2025-10-07,122,123,20:10-20:30,49.720433333333176
2025-10-07,128,129,21:10-21:30,58.23059000000012
2025-10-07,133,134,22:00-22:20,28.758730000000014
2025-10-07,137,139,22:40-23:10,59.28743999999995
2025-10-07,143,144,23:40-24:00,70.59766666666656
2025-10-08,3,3,00:20-00:30,2.8494233333332204
2025-10-08,5,6,00:40-01:00,52.61302999999998
2025-10-08,9,11,01:20-01:50,48.267963333333114
2025-10-08,13,14,02:00-02:20,10.413586666666788
2025-10-08,16,17,02:30-02:50,33.604180000000156
2025-10-08,20,21,03:10-03:30,19.714516666666896
2025-10-08,24,24,03:50-04:00,7.000680000000216
2025-10-08,27,29,04:20-04:50,23.534709523809344
2025-10-08,34,34,05:30-05:40,9.20434095238079
2025-10-08,37,41,06:00-06:50,83.82445809523801
2025-10-08,44,46,07:10-07:40,12.178549523809295
2025-10-08,49,49,08:00-08:10,32.95424238095251
2025-10-08,53,54,08:40-09:00,65.75041571428527
2025-10-08,57,58,09:20-09:40,26.586940952380928
2025-10-08,61,62,10:00-10:20,59.161066666666784
2025-10-08,64,65,10:30-10:50,27.627132380952844
2025-10-08,67,67,11:00-11:10,10.922051904762156
2025-10-08,70,73,11:30-12:10,127.0561085714287
2025-10-08,77,77,12:40-12:50,9.723598095237776
2025-10-08,85,86,14:00-14:20,15.490399047618894
2025-10-08,89,90,14:40-15:00,43.2978261904766
2025-10-08,92,93,15:10-15:30,97.9142090476189
2025-10-08,96,97,15:50-16:10,27.109975238095444
2025-10-08,100,103,16:30-17:10,100.77455666666665
2025-10-08,106,108,17:30-18:00,57.4963809523809
2025-10-08,111,111,18:20-18:30,16.006699047619122
2025-10-08,114,118,18:50-19:40,73.70556333333332
2025-10-08,122,123,20:10-20:30,34.76475999999991
2025-10-08,128,129,21:10-21:30,27.64474666666638
2025-10-08,131,132,21:40-22:00,27.304743333333136
2025-10-08,134,135,22:10-22:30,53.60867000000019
2025-10-08,139,141,23:00-23:30,82.93466666666632
2025-10-08,144,144,23:50-24:00,22.426373333333345
2025-10-09,2,3,00:10-00:30,39.107996666666736
2025-10-09,6,8,00:50-01:20,15.606300000000033
2025-10-09,12,13,01:50-02:10,45.33170333333317
2025-10-09,17,19,02:40-03:10,30.151429999999777
2025-10-09,22,23,03:30-03:50,33.649249999999824
2025-10-09,25,27,04:00-04:30,27.01300000000024
2025-10-09,29,30,04:40-05:00,16.64063333333358
2025-10-09,33,34,05:20-05:40,79.1538957142858
2025-10-09,37,38,06:00-06:20,62.80904857142889
2025-10-09,40,41,06:30-06:50,21.34681904761908
2025-10-09,43,47,07:00-07:50,61.606846666666684
2025-10-09,55,56,09:00-09:20,21.229246190476033
2025-10-09,58,58,09:30-09:40,34.1802709523804
2025-10-09,61,65,10:00-10:50,132.45461285714305
2025-10-09,67,67,11:00-11:10,29.36801047619042
2025-10-09,73,74,12:00-12:20,40.905599523809315
2025-10-09,78,78,12:50-13:00,20.698267142857503
2025-10-09,81,81,13:20-13:30,1.0451871428574577
2025-10-09,94,94,15:30-15:40,12.264615714285469
2025-10-09,98,100,16:10-16:40,24.154384255144294
2025-10-09,103,104,17:00-17:20,32.59571047619066
2025-10-09,107,108,17:40-18:00,12.685521904762254
2025-10-09,111,111,18:20-18:30,19.622316666666734
2025-10-09,113,114,18:40-19:00,23.004426666666745
2025-10-09,116,117,19:10-19:30,45.637549523809525
2025-10-09,120,120,19:50-20:00,21.98990333333313
2025-10-09,123,124,20:20-20:40,44.013893333333385
2025-10-09,128,130,21:10-21:40,31.913329999999974
2025-10-09,134,135,22:10-22:30,29.09450333333359
2025-10-09,137,138,22:40-23:00,17.566023333333305
2025-10-09,141,141,23:20-23:30,28.967403333333323
2025-10-09,144,144,23:50-24:00,20.911880000000053
2025-10-10,1,1,00:00-00:10,25.670296666666673
2025-10-10,4,6,00:30-01:00,54.6400000000001
2025-10-10,10,10,01:30-01:40,12.636973333333401
2025-10-10,13,14,02:00-02:20,21.76726000000008
2025-10-10,16,16,02:30-02:40,1.4689566666665996
2025-10-10,19,20,03:00-03:20,38.606133333333275
2025-10-10,22,22,03:30-03:40,32.00667999999985
2025-10-10,25,25,04:00-04:10,8.501796666666678
2025-10-10,28,29,04:30-04:50,49.26830666666666
2025-10-10,31,32,05:00-05:20,25.823021904761788
2025-10-10,34,36,05:30-06:00,30.86099999999999
2025-10-10,38,40,06:10-06:40,38.341353809523696
2025-10-10,42,44,06:50-07:20,84.91507809523833
2025-10-10,49,51,08:00-08:30,90.30140476190479
2025-10-10,54,55,08:50-09:10,114.43824047619023
2025-10-10,58,59,09:30-09:50,16.17802523809428
2025-10-10,62,63,10:10-10:30,27.941156666666302
2025-10-10,66,67,10:50-11:10,44.16981380952393
2025-10-10,96,96,15:50-16:00,22.201605523809462
2025-10-10,99,100,16:20-16:40,39.605803333333455
2025-10-10,103,104,17:00-17:20,45.88674476190489
2025-10-10,110,111,18:10-18:30,20.011255714285824
2025-10-10,116,117,19:10-19:30,50.921399047619104
2025-10-10,121,122,20:00-20:20,47.30734999999993
2025-10-10,125,126,20:40-21:00,35.63472000000007
2025-10-10,129,129,21:20-21:30,50.69314666666662
2025-10-10,132,135,21:50-22:30,77.50558666666683
2025-10-10,137,138,22:40-23:00,18.195840000000317
2025-10-10,140,141,23:10-23:30,45.639650000000074
2025-10-10,143,144,23:40-24:00,52.68310333333329
2025-10-11,1,1,00:00-00:10,2.0837099999999964
2025-10-11,4,5,00:30-00:50,22.56127333333336
2025-10-11,7,10,01:00-01:40,54.61272000000008
2025-10-11,13,14,02:00-02:20,48.14323999999999
2025-10-11,16,17,02:30-02:50,23.53097000000008
2025-10-11,21,22,03:20-03:40,28.21298333333351
2025-10-11,25,25,04:00-04:10,23.493483333333472
2025-10-11,28,28,04:30-04:40,22.33974666666677
2025-10-11,31,32,05:00-05:20,62.83563190476207
2025-10-11,35,36,05:40-06:00,31.6060599999999
2025-10-11,39,42,06:20-07:00,64.74246142857135
2025-10-11,46,46,07:30-07:40,1.0825071428570539
2025-10-11,49,53,08:00-08:50,123.00021809523844
2025-10-11,58,60,09:30-10:00,82.81883333333326
2025-10-11,65,66,10:40-11:00,86.76393047619035
2025-10-11,68,69,11:10-11:30,122.40696619047571
2025-10-11,98,98,16:10-16:20,6.633831904761934
2025-10-11,101,102,16:40-17:00,7.120574285714156
2025-10-11,104,105,17:10-17:30,40.79311952380941
2025-10-11,108,108,17:50-18:00,2.749533333333318
2025-10-11,110,111,18:10-18:30,40.31556380952384
2025-10-11,114,117,18:50-19:30,54.9084533333334
2025-10-11,120,123,19:50-20:30,49.250683333333086
2025-10-11,127,129,21:00-21:30,53.14466666666641
2025-10-11,132,132,21:50-22:00,21.793316666666897
2025-10-11,134,135,22:10-22:30,110.54582666666676
2025-10-11,138,138,22:50-23:00,24.431206666666412
2025-10-11,141,143,23:20-23:50,73.26445333333334
2025-10-12,3,4,00:20-00:40,32.20219666666685
2025-10-12,7,7,01:00-01:10,30.27853666666681
2025-10-12,10,11,01:30-01:50,83.24765999999988
2025-10-12,15,16,02:20-02:40,42.74596333333352
2025-10-12,22,23,03:30-03:50,37.49433333333343
2025-10-12,25,25,04:00-04:10,10.017006666666362
2025-10-12,28,31,04:30-05:10,70.8839333333331
2025-10-12,37,37,06:00-06:10,53.473176666666745
2025-10-12,40,41,06:30-06:50,28.11063476190475
2025-10-12,43,43,07:00-07:10,11.668712380952542
2025-10-12,46,47,07:30-07:50,61.74481190476189
2025-10-12,52,54,08:30-09:00,53.09678571428546
2025-10-12,57,57,09:20-09:30,13.281642380952235
2025-10-12,59,60,09:40-10:00,51.88864380952327
2025-10-12,64,68,10:30-11:20,170.04241000000002
2025-10-12,70,71,11:30-11:50,27.56370666666612
2025-10-12,75,79,12:20-13:10,127.96663619047604
2025-10-12,83,84,13:40-14:00,63.81051523809492
2025-10-12,87,87,14:20-14:30,1.3179785714289665
2025-10-12,93,94,15:20-15:40,20.996319523809575
2025-10-12,98,98,16:10-16:20,6.122257619047502
2025-10-12,100,101,16:30-16:50,53.350731428571635
2025-10-12,108,110,17:50-18:20,46.22493333333334
2025-10-12,113,114,18:40-19:00,43.0091414285713
2025-10-12,117,117,19:20-19:30,3.0458099999999604
2025-10-12,119,121,19:40-20:10,23.431061428571525
2025-10-12,126,128,20:50-21:20,43.75277333333338
2025-10-12,131,133,21:40-22:10,27.875819999999862
2025-10-12,136,137,22:30-22:50,53.69071333333318
2025-10-12,140,142,23:10-23:40,30.148453333333464
2025-10-13,2,3,00:10-00:30,25.443186666666747
2025-10-13,5,6,00:40-01:00,10.916486666666287
2025-10-13,8,9,01:10-01:30,45.07034666666675
2025-10-13,12,13,01:50-02:10,53.87828333333346
2025-10-13,16,17,02:30-02:50,53.719029999999975
2025-10-13,26,30,04:10-05:00,57.10290666666691
2025-10-13,35,35,05:40-05:50,9.106199809523748
2025-10-13,38,39,06:10-06:30,47.31732476190484
2025-10-13,43,43,07:00-07:10,3.7892414285713585
2025-10-13,46,47,07:30-07:50,33.26377952380972
2025-10-13,49,51,08:00-08:30,48.96744047619012
2025-10-13,54,55,08:50-09:10,37.91173619047626
2025-10-13,58,58,09:30-09:40,5.914847619047578
2025-10-13,61,62,10:00-10:20,55.78869285714313
2025-10-13,66,66,10:50-11:00,16.058650952381186
2025-10-13,69,69,11:20-11:30,20.974924761905413
2025-10-13,71,71,11:40-11:50,8.857914285714742
2025-10-13,74,76,12:10-12:40,126.08673190476225
2025-10-13,88,88,14:30-14:40,31.120268285714587
2025-10-13,95,95,15:40-15:50,12.524677523809146
2025-10-13,100,101,16:30-16:50,55.02534238095254
2025-10-13,103,104,17:00-17:20,9.033686666666298
2025-10-13,108,108,17:50-18:00,3.141173333333313
2025-10-13,113,113,18:40-18:50,0.47812714285737457
2025-10-13,116,117,19:10-19:30,85.04287809523817
2025-10-13,120,120,19:50-20:00,2.7947566666666717
2025-10-13,122,123,20:10-20:30,15.825266666666835
2025-10-13,126,126,20:50-21:00,10.412120000000073
2025-10-13,129,132,21:20-22:00,45.12936000000013
2025-10-13,134,135,22:10-22:30,23.864566666666747
2025-10-13,138,140,22:50-23:20,38.165410000000065
2025-10-13,142,142,23:30-23:40,10.216906666666773
2025-10-14,2,3,00:10-00:30,58.47232666666673
2025-10-14,6,7,00:50-01:10,31.049233333333405
2025-10-14,10,10,01:30-01:40,14.512306666666632
2025-10-14,13,14,02:00-02:20,52.59307666666666
2025-10-14,19,20,03:00-03:20,70.6499133333333
2025-10-14,23,23,03:40-03:50,4.721763333333229
2025-10-14,27,29,04:20-04:50,54.40423000000018
2025-10-14,32,33,05:10-05:30,7.787129999999943
2025-10-14,37,39,06:00-06:30,54.08760714285722
2025-10-14,42,45,06:50-07:30,78.58352857142893
2025-10-14,47,48,07:40-08:00,5.860599047618962
2025-10-14,51,52,08:20-08:40,41.300471904761935
2025-10-14,56,58,09:10-09:40,30.112791428571356
2025-10-14,62,64,10:10-10:40,106.91323952380958
2025-10-14,67,67,11:00-11:10,12.630051428571278
2025-10-14,71,72,11:40-12:00,65.3897099999997
2025-10-14,77,79,12:40-13:10,152.34200333333297
2025-10-14,81,83,13:20-13:50,51.717445238095706
2025-10-14,88,89,14:30-14:50,59.028998095238045
2025-10-14,91,92,15:00-15:20,11.919051428571322
2025-10-14,94,96,15:30-16:00,29.272630952380837
2025-10-14,100,101,16:30-16:50,11.831574761904932
2025-10-14,107,108,17:40-18:00,18.49649190476191
2025-10-14,112,115,18:30-19:10,61.39563190476209
2025-10-14,118,120,19:30-20:00,61.236666666666565
2025-10-14,123,123,20:20-20:30,29.622899999999845
2025-10-14,126,130,20:50-21:40,80.59704999999985
2025-10-14,133,134,22:00-22:20,59.84735333333333
2025-10-14,137,138,22:40-23:00,20.693013333333738
2025-10-14,140,141,23:10-23:30,58.32360333333327
2025-10-15,1,1,00:00-00:10,1.87877333333347
2025-10-15,4,5,00:30-00:50,70.25034333333326
2025-10-15,7,8,01:00-01:20,33.81973999999991
2025-10-15,11,12,01:40-02:00,60.96295333333342
2025-10-15,15,18,02:20-03:00,43.9778033333331
2025-10-15,22,25,03:30-04:10,59.97004333333325
2025-10-15,28,29,04:30-04:50,37.7960342857144
2025-10-15,33,33,05:20-05:30,11.12645428571443
2025-10-15,37,38,06:00-06:20,44.34066142857114
2025-10-15,40,41,06:30-06:50,24.315177619047518
2025-10-15,43,48,07:00-08:00,38.836357142857
2025-10-15,51,51,08:20-08:30,2.8972585714284946
2025-10-15,53,54,08:40-09:00,41.94459857142883
2025-10-15,57,57,09:20-09:30,33.22439380952369
2025-10-15,60,61,09:50-10:10,109.3818014285714
2025-10-15,64,67,10:30-11:10,74.93516619047614
2025-10-15,70,71,11:30-11:50,38.92872476190496
2025-10-15,74,76,12:10-12:40,110.24288238095278
2025-10-15,79,80,13:00-13:20,79.0659338095245
2025-10-15,84,85,13:50-14:10,54.57977095238107
2025-10-15,88,89,14:30-14:50,14.073931904761992
2025-10-15,93,94,15:20-15:40,26.71332714285745
2025-10-15,97,98,16:00-16:20,54.79203380952396
2025-10-15,100,100,16:30-16:40,6.1157057142857525
2025-10-15,103,103,17:00-17:10,14.128460476190966
2025-10-15,106,107,17:30-17:50,40.631760476190934
2025-10-15,109,109,18:00-18:10,1.5308271428574045
2025-10-15,113,114,18:40-19:00,18.071270476190307
2025-10-15,116,117,19:10-19:30,33.04030761904755
2025-10-15,120,120,19:50-20:00,10.110651876462384
2025-10-15,122,127,20:10-21:10,778.6183705965177
2025-10-15,131,134,21:40-22:20,28.322816666666768
2025-10-15,138,141,22:50-23:30,79.50003666666635
2025-10-15,144,144,23:50-24:00,16.018436666666503
2025-10-16,2,3,00:10-00:30,35.877759333333074
2025-10-16,5,6,00:40-01:00,24.436336666666648
2025-10-16,10,11,01:30-01:50,7.522926666666649
2025-10-16,14,16,02:10-02:40,48.29134666666664
2025-10-16,19,19,03:00-03:10,14.225149999999871
2025-10-16,22,23,03:30-03:50,41.4460600000001
2025-10-16,26,27,04:10-04:30,18.589653333333217
2025-10-16,30,31,04:50-05:10,34.3110866666666
2025-10-16,35,35,05:40-05:50,7.097785714285594
2025-10-16,38,39,06:10-06:30,11.271362380952382
2025-10-16,41,43,06:40-07:10,49.65218333333368
2025-10-16,45,46,07:20-07:40,12.582290952380845
2025-10-16,50,51,08:10-08:30,48.53047666666646
2025-10-16,53,54,08:40-09:00,18.425486190476363
2025-10-16,57,58,09:20-09:40,32.24060904761927
2025-10-16,63,65,10:20-10:50,43.63399999999956
2025-10-16,69,79,11:20-13:10,154.62199666666697
2025-10-16,82,86,13:30-14:20,141.207866190476
2025-10-16,90,91,14:50-15:10,56.54405428571462
2025-10-16,96,96,15:50-16:00,25.519807619047413
2025-10-16,101,102,16:40-17:00,7.138124285713815
2025-10-16,105,105,17:20-17:30,20.76579809523805
2025-10-16,107,109,17:40-18:10,14.84429324289754
2025-10-16,111,113,18:20-18:50,80.47959651046874
2025-10-16,116,120,19:10-20:00,204.25054797328164
2025-10-16,122,125,20:10-20:50,670.1436375764214
2025-10-16,128,131,21:10-21:50,49.44323666666696
2025-10-16,134,136,22:10-22:40,75.27403200000003
2025-10-16,140,141,23:10-23:30,37.80089000000021
2025-10-16,143,144,23:40-24:00,57.26068333333319
2025-10-17,1,1,00:00-00:10,11.507120000000043
2025-10-17,4,5,00:30-00:50,31.265510000000006
2025-10-17,7,8,01:00-01:20,23.74302
2025-10-17,10,10,01:30-01:40,16.766329999999982
2025-10-17,13,15,02:00-02:30,50.63900000000007
2025-10-17,18,21,02:50-03:30,58.43148333333352
2025-10-17,24,25,03:50-04:10,8.69265333333334
2025-10-17,27,31,04:20-05:10,18.093561428571377
2025-10-17,33,34,05:20-05:40,9.565982857142899
2025-10-17,37,40,06:00-06:40,55.490389047619146
2025-10-17,43,44,07:00-07:20,8.401162857142737
2025-10-17,47,48,07:40-08:00,20.206634285714497
2025-10-17,52,52,08:30-08:40,22.860347619047616
2025-10-17,55,57,09:00-09:30,103.81765476190526
2025-10-17,59,60,09:40-10:00,35.48056523809487
2025-10-17,62,63,10:10-10:30,83.79559380952355
2025-10-17,66,67,10:50-11:10,30.010716666666895
2025-10-17,96,97,15:50-16:10,26.427923333333332
2025-10-17,100,101,16:30-16:50,98.19293857142853
2025-10-17,103,104,17:00-17:20,24.787741428571614
2025-10-17,106,106,17:30-17:40,21.274404761904787
2025-10-17,109,109,18:00-18:10,19.60987428571434
2025-10-17,112,113,18:30-18:50,51.99690999999996
2025-10-17,115,116,19:00-19:20,48.075346666666576
2025-10-17,119,120,19:40-20:00,41.672308571428346
2025-10-17,123,125,20:20-20:50,36.70987999999994
2025-10-17,128,130,21:10-21:40,50.082503333333534
2025-10-17,135,140,22:20-23:20,72.64687333333336
2025-10-17,142,142,23:30-23:40,17.71250000000009
2025-10-18,2,3,00:10-00:30,82.9031966666667
2025-10-18,6,6,00:50-01:00,5.378883333333306
2025-10-18,9,9,01:20-01:30,8.258246666666707
2025-10-18,11,12,01:40-02:00,34.541120000000035
2025-10-18,15,15,02:20-02:30,4.3083166666667125
2025-10-18,17,18,02:40-03:00,73.68567999999982
2025-10-18,21,21,03:20-03:30,55.42952999999994
2025-10-18,24,24,03:50-04:00,21.280596666666725
2025-10-18,28,29,04:30-04:50,58.72744666666671
2025-10-18,32,33,05:10-05:30,27.520703333333472
2025-10-18,38,39,06:10-06:30,43.74997523809543
2025-10-18,42,42,06:50-07:00,12.815280952381045
2025-10-18,45,48,07:20-08:00,52.19351285714308
2025-10-18,52,52,08:30-08:40,15.867546190475991
2025-10-18,55,58,09:00-09:40,57.634645714285625
2025-10-18,62,63,10:10-10:30,122.47441476190534
2025-10-18,98,99,16:10-16:30,63.69940809523797
2025-10-18,104,105,17:10-17:30,39.26257571428584
2025-10-18,110,111,18:10-18:30,8.314636190476108
2025-10-18,113,114,18:40-19:00,23.472217619047512
2025-10-18,117,118,19:20-19:40,20.26021285714279
2025-10-18,124,126,20:30-21:00,27.571000000000026
2025-10-18,129,131,21:20-21:50,45.67106000000007
2025-10-18,134,135,22:10-22:30,53.36472333333336
2025-10-18,138,138,22:50-23:00,0.19116333333340663
2025-10-18,140,141,23:10-23:30,48.91493999999989
2025-10-19,2,3,00:10-00:30,54.16837333333319
2025-10-19,6,8,00:50-01:20,53.77945
2025-10-19,14,16,02:10-02:40,53.38377999999989
2025-10-19,19,19,03:00-03:10,17.98931666666681
2025-10-19,22,23,03:30-03:50,44.040613333333454
2025-10-19,26,27,04:10-04:30,57.709093333333385
2025-10-19,30,30,04:50-05:00,36.992393333333325
2025-10-19,35,36,05:40-06:00,27.92516171428565
2025-10-19,38,39,06:10-06:30,45.089327142857314
2025-10-19,43,46,07:00-07:40,65.58070666666671
2025-10-19,49,50,08:00-08:20,36.59307761904756
2025-10-19,53,54,08:40-09:00,28.47498238095241
2025-10-19,56,57,09:10-09:30,91.6665119047623
2025-10-19,60,62,09:50-10:20,58.26589476190475
2025-10-19,68,68,11:10-11:20,15.119989523810546
2025-10-19,74,75,12:10-12:30,62.09623857142856
2025-10-19,85,86,14:00-14:20,41.63079428571379
2025-10-19,88,90,14:30-15:00,81.37870238095257
2025-10-19,93,94,15:20-15:40,61.86767333333307
2025-10-19,103,103,17:00-17:10,2.1540700000001465
2025-10-19,109,110,18:00-18:20,43.223023809523525
2025-10-19,112,112,18:30-18:40,3.541705238095119
2025-10-19,115,115,19:00-19:10,26.297954761904634
2025-10-19,118,120,19:30-20:00,58.58166666666648
2025-10-19,123,123,20:20-20:30,2.1562833333331355
2025-10-19,128,129,21:10-21:30,50.99010333333308
2025-10-19,132,132,21:50-22:00,6.880589999999984
2025-10-19,134,136,22:10-22:40,46.06012999999996
2025-10-19,139,140,23:00-23:20,31.73494666666693
2025-10-19,143,144,23:40-24:00,25.94167000000016
2025-10-20,5,7,00:40-01:10,69.5649833333332
2025-10-20,11,16,01:40-02:40,70.24677333333364
2025-10-20,20,21,03:10-03:30,26.049106666666717
2025-10-20,23,24,03:40-04:00,6.951803333333601
2025-10-20,27,28,04:20-04:40,27.561256666666743
2025-10-20,33,33,05:20-05:30,26.547616190475992
2025-10-20,37,39,06:00-06:30,46.765416666666965
2025-10-20,42,45,06:50-07:30,51.088187142856924
2025-10-20,47,48,07:40-08:00,60.81432761904796
2025-10-20,51,52,08:20-08:40,119.55370285714281
2025-10-20,55,59,09:00-09:50,72.85213238095213
2025-10-20,64,64,10:30-10:40,3.73795571428559
2025-10-20,70,72,11:30-12:00,92.3341309523812
2025-10-20,77,81,12:40-13:30,156.20270333333292
2025-10-20,84,84,13:50-14:00,0.8770376190477691
2025-10-20,87,89,14:20-14:50,62.40503571428556
2025-10-20,101,101,16:40-16:50,8.527413523809827
2025-10-20,109,112,18:00-18:40,20.86854666666672
2025-10-20,115,115,19:00-19:10,21.521537619047763
2025-10-20,118,118,19:30-19:40,8.577286666666623
2025-10-20,121,122,20:00-20:20,32.43401333333327
2025-10-20,125,125,20:40-20:50,1.7241066666667848
2025-10-20,127,129,21:00-21:30,28.55633333333344
2025-10-20,131,132,21:40-22:00,76.5007966666667
2025-10-20,135,136,22:20-22:40,17.703796666666676
2025-10-20,140,144,23:10-24:00,42.02242333333368
2025-10-21,3,4,00:20-00:40,44.70465999999999
2025-10-21,9,11,01:20-01:50,42.95882333333327
2025-10-21,14,15,02:10-02:30,9.367086666666523
2025-10-21,17,18,02:40-03:00,18.26111666666668
2025-10-21,21,22,03:20-03:40,45.168189999999754
2025-10-21,25,26,04:00-04:20,21.264686666666762
2025-10-21,28,28,04:30-04:40,22.77485809523817
2025-10-21,31,33,05:00-05:30,68.30899999999987
2025-10-21,35,35,05:40-05:50,4.658815714285765
2025-10-21,38,39,06:10-06:30,69.51258666666695
2025-10-21,42,42,06:50-07:00,36.66515857142842
2025-10-21,44,45,07:10-07:30,14.304552380952458
2025-10-21,48,48,07:50-08:00,25.08933190476182
2025-10-21,50,52,08:10-08:40,68.08921904761917
2025-10-21,55,56,09:00-09:20,71.09384190476132
2025-10-21,58,59,09:30-09:50,49.684336666666766
2025-10-21,68,69,11:10-11:30,30.489836666667088
2025-10-21,71,72,11:40-12:00,59.70818428571465
2025-10-21,76,76,12:30-12:40,7.277600952380681
2025-10-21,79,80,13:00-13:20,42.335194285714124
2025-10-21,83,84,13:40-14:00,17.670439523809705
2025-10-21,86,87,14:10-14:30,37.822742857142714
2025-10-21,90,90,14:50-15:00,8.588924285714256
2025-10-21,94,95,15:30-15:50,34.955218571428304
2025-10-21,99,99,16:20-16:30,17.684216666666714
2025-10-21,101,102,16:40-17:00,30.63757857142832
2025-10-21,105,105,17:20-17:30,28.613353809523982
2025-10-21,108,108,17:50-18:00,0.0925433333335377
2025-10-21,113,114,18:40-19:00,47.41736571428575
2025-10-21,117,117,19:20-19:30,26.116391904761713
2025-10-21,121,121,20:00-20:10,4.726269999999772
2025-10-21,124,125,20:30-20:50,20.084606666667014
2025-10-21,128,129,21:10-21:30,39.19696999999974
2025-10-21,133,133,22:00-22:10,32.37669333333338
2025-10-21,136,137,22:30-22:50,68.4197433333336
2025-10-21,139,140,23:00-23:20,53.16773666666654
2025-10-21,144,144,23:50-24:00,3.3785199999999804
2025-10-22,4,5,00:30-00:50,39.01068000000009
2025-10-22,7,10,01:00-01:40,51.6356599999998
2025-10-22,13,14,02:00-02:20,36.342786666666825
2025-10-22,17,18,02:40-03:00,38.884446666666804
2025-10-22,21,22,03:20-03:40,62.14081666666664
2025-10-22,25,26,04:00-04:20,16.067793333333157
2025-10-22,29,30,04:40-05:00,36.196946190475956
2025-10-22,33,33,05:20-05:30,1.235320952380789
2025-10-22,37,37,06:00-06:10,2.201408571428715
2025-10-22,40,41,06:30-06:50,27.261764285714165
2025-10-22,43,45,07:00-07:30,95.43786904761924
2025-10-22,48,49,07:50-08:10,59.001936190476044
2025-10-22,51,56,08:20-09:20,126.63791619047612
2025-10-22,58,58,09:30-09:40,26.460679999999826
2025-10-22,61,61,10:00-10:10,11.937234761904762
2025-10-22,67,68,11:00-11:20,46.9370233333334
2025-10-22,70,72,11:30-12:00,84.4661904761906
2025-10-22,75,76,12:20-12:40,70.14375190476198
2025-10-22,80,81,13:10-13:30,24.255165714286022
2025-10-22,83,84,13:40-14:00,27.4159057142856
2025-10-22,95,95,15:40-15:50,3.708890857142933
2025-10-22,101,101,16:40-16:50,7.52315047619058
2025-10-22,107,109,17:40-18:10,57.765757619047626
2025-10-22,112,112,18:30-18:40,7.533849999999688
2025-10-22,116,117,19:10-19:30,62.01005809523815
2025-10-22,123,125,20:20-20:50,66.74203000000034
2025-10-22,129,131,21:20-21:50,49.1389033333337
2025-10-22,135,135,22:20-22:30,17.758740000000216
2025-10-22,138,140,22:50-23:20,71.10137333333319
2025-10-22,144,144,23:50-24:00,8.281396666666637
2025-10-23,2,3,00:10-00:30,6.751773333333631
2025-10-23,8,11,01:10-01:50,68.42862333333346
2025-10-23,13,13,02:00-02:10,3.6912833333334447
2025-10-23,16,16,02:30-02:40,18.043923333333055
2025-10-23,20,22,03:10-03:40,47.3130666666666
2025-10-23,25,26,04:00-04:20,44.12953333333314
2025-10-23,32,33,05:10-05:30,22.067570952380947
2025-10-23,37,41,06:00-06:50,45.660514285714214
2025-10-23,47,48,07:40-08:00,35.73612428571414
2025-10-23,51,53,08:20-08:50,89.96736476190438
2025-10-23,56,57,09:10-09:30,16.862538571428814
2025-10-23,60,60,09:50-10:00,0.97400190476219
2025-10-23,64,66,10:30-11:00,95.69959523809575
2025-10-23,72,74,11:50-12:20,82.07861171428476
2025-10-23,87,88,14:20-14:40,47.36039142857138
2025-10-23,103,103,17:00-17:10,13.690122571428432
2025-10-23,106,107,17:30-17:50,31.712143809523745
2025-10-23,112,112,18:30-18:40,10.72852000000023
2025-10-23,115,115,19:00-19:10,39.44870142857167
2025-10-23,118,119,19:30-19:50,59.427983333333145
2025-10-23,121,121,20:00-20:10,1.8714600000001838
2025-10-23,126,127,20:50-21:10,44.82786333333331
2025-10-23,130,131,21:30-21:50,36.515289999999936
2025-10-23,133,134,22:00-22:20,25.76494333333335
2025-10-23,136,136,22:30-22:40,3.0755833333332703
2025-10-23,139,140,23:00-23:20,22.191603333333205
2025-10-23,143,144,23:40-24:00,69.27320999999995
2025-10-24,3,5,00:20-00:50,35.612826666666535
2025-10-24,7,7,01:00-01:10,3.7759333333332847
2025-10-24,11,16,01:40-02:40,54.08842666666669
2025-10-24,19,19,03:00-03:10,15.335336666666706
2025-10-24,22,23,03:30-03:50,37.21716333333336
2025-10-24,25,25,04:00-04:10,16.691750000000013
2025-10-24,28,30,04:30-05:00,49.92066666666682
2025-10-24,33,35,05:20-05:50,64.55737095238092
2025-10-24,39,39,06:20-06:30,13.523452857142786
2025-10-24,41,46,06:40-07:40,94.20970333333312
2025-10-24,50,50,08:10-08:20,8.042762857142861
2025-10-24,54,54,08:50-09:00,52.2634209523809
2025-10-24,58,60,09:30-10:00,68.32946428571404
2025-10-24,64,67,10:30-11:10,77.77307857142841
2025-10-24,95,95,15:40-15:50,0.3495776190476576
2025-10-24,99,101,16:20-16:50,45.64335999999972
2025-10-24,104,104,17:10-17:20,1.5099347619047734
2025-10-24,107,108,17:40-18:00,12.87002142857142
2025-10-24,110,111,18:10-18:30,55.04190666666676
2025-10-24,114,115,18:50-19:10,40.89061333333319
2025-10-24,118,118,19:30-19:40,34.68694333333332
2025-10-24,121,122,20:00-20:20,52.97416000000004
2025-10-24,125,127,20:40-21:10,59.59048333333328
2025-10-24,131,134,21:40-22:20,29.166423333333228
2025-10-24,137,138,22:40-23:00,90.6248700000001
2025-10-24,141,144,23:20-24:00,17.701139999999953
2025-10-25,2,3,00:10-00:30,56.82135999999991
2025-10-25,8,9,01:10-01:30,72.19741999999997
2025-10-25,14,15,02:10-02:30,27.9496400000001
2025-10-25,21,22,03:20-03:40,53.56118333333336
2025-10-25,25,26,04:00-04:20,32.44878333333338
2025-10-25,28,29,04:30-04:50,34.64734666666669
2025-10-25,33,34,05:20-05:40,74.41869619047634
2025-10-25,38,41,06:10-06:50,62.382890476190425
2025-10-25,46,48,07:30-08:00,36.01151190476182
2025-10-25,52,53,08:30-08:50,35.069407619047524
2025-10-25,55,56,09:00-09:20,19.314511428571564
2025-10-25,58,59,09:30-09:50,108.08272857142867
2025-10-25,61,61,10:00-10:10,8.88343333333296
2025-10-25,65,65,10:40-10:50,3.230402380952455
2025-10-25,97,98,16:00-16:20,38.80463476190479
2025-10-25,103,103,17:00-17:10,44.48560333333327
2025-10-25,106,107,17:30-17:50,23.58456095238101
2025-10-25,110,111,18:10-18:30,20.758826666666607
2025-10-25,114,117,18:50-19:30,46.66637476190476
2025-10-25,120,124,19:50-20:40,65.05990333333341
2025-10-25,127,127,21:00-21:10,68.14874666666663
2025-10-25,130,131,21:30-21:50,62.02270333333331
2025-10-25,133,134,22:00-22:20,16.47745666666674
2025-10-25,137,139,22:40-23:10,50.361360000000104
2025-10-25,144,144,23:50-24:00,26.595393333333277
2025-10-26,1,1,00:00-00:10,16.305573333333427
2025-10-26,4,5,00:30-00:50,25.28228666666689
2025-10-26,8,9,01:10-01:30,35.500926666666714
2025-10-26,14,15,02:10-02:30,31.36454999999978
2025-10-26,20,21,03:10-03:30,28.00480333333337
2025-10-26,24,24,03:50-04:00,5.098853333333182
2025-10-26,27,27,04:20-04:30,6.808826666666846
2025-10-26,32,33,05:10-05:30,84.93561952380969
2025-10-26,36,36,05:50-06:00,15.953393333333338
2025-10-26,38,39,06:10-06:30,26.12777238095248
2025-10-26,42,42,06:50-07:00,33.06371142857144
2025-10-26,44,45,07:10-07:30,35.12901238095236
2025-10-26,47,48,07:40-08:00,22.421403333333444
2025-10-26,51,52,08:20-08:40,53.20345476190471
2025-10-26,55,55,09:00-09:10,27.576863809523417
2025-10-26,58,59,09:30-09:50,38.77499000000046
2025-10-26,61,63,10:00-10:30,106.37505952380957
2025-10-26,65,66,10:40-11:00,35.7633871428568
2025-10-26,73,74,12:00-12:20,101.43192864530215
2025-10-26,84,84,13:50-14:00,11.18967152380958
2025-10-26,88,88,14:30-14:40,13.319152380952374
2025-10-26,107,108,17:40-18:00,25.804350000000184
2025-10-26,111,111,18:20-18:30,35.23925571428572
2025-10-26,114,114,18:50-19:00,10.313382380952362
2025-10-26,116,117,19:10-19:30,9.222509999999943
2025-10-26,120,122,19:50-20:20,56.889580000000024
2025-10-26,125,126,20:40-21:00,20.84241333333307
2025-10-26,129,130,21:20-21:40,15.018423333333203
2025-10-26,135,137,22:20-22:50,44.06700666666643
2025-10-26,139,140,23:00-23:20,13.522530000000074
2025-10-26,142,143,23:30-23:50,25.37027000000046
2025-10-27,2,3,00:10-00:30,48.171200000000226
2025-10-27,6,6,00:50-01:00,31.209103333333246
2025-10-27,8,9,01:10-01:30,20.2828199999999
2025-10-27,11,12,01:40-02:00,24.882850000000076
2025-10-27,15,15,02:20-02:30,20.669969999999807
2025-10-27,19,20,03:00-03:20,57.77371333333326
2025-10-27,22,23,03:30-03:50,48.011960000000045
2025-10-27,26,26,04:10-04:20,3.727576666666778
2025-10-27,29,30,04:40-05:00,7.448389047619116
2025-10-27,33,33,05:20-05:30,28.87135333333333
2025-10-27,36,37,05:50-06:10,17.935264761904932
2025-10-27,41,47,06:40-07:50,54.25768895238146
2025-10-27,50,51,08:10-08:30,34.11017333333359
2025-10-27,59,61,09:40-10:10,129.4035376190477
2025-10-27,64,64,10:30-10:40,4.93424095238106
2025-10-27,86,87,14:10-14:30,5.715180000000089
2025-10-27,89,91,14:40-15:10,98.21148142857155
2025-10-27,95,96,15:40-16:00,35.12792047619058
2025-10-27,102,102,16:50-17:00,3.8639633333332313
2025-10-27,106,106,17:30-17:40,14.91119285714285
2025-10-27,109,110,18:00-18:20,27.132762857143
2025-10-27,112,113,18:30-18:50,42.321892380952235
2025-10-27,115,115,19:00-19:10,7.952509999999847
2025-10-27,118,119,19:30-19:50,57.11685999999986
2025-10-27,125,129,20:40-21:30,30.194560000000024
2025-10-27,132,134,21:50-22:20,69.5772966666666
2025-10-27,136,136,22:30-22:40,8.245606666666617
2025-10-27,139,139,23:00-23:10,47.6330733333333
2025-10-27,142,143,23:30-23:50,37.117626666666524
2025-10-28,1,2,00:00-00:20,22.131813333333298
2025-10-28,6,9,00:50-01:30,60.40196000000026
2025-10-28,15,18,02:20-03:00,72.03474333333338
2025-10-28,21,22,03:20-03:40,26.365393333333373
2025-10-28,26,27,04:10-04:30,36.36511000000007
2025-10-28,30,33,04:50-05:30,32.232669999999956
2025-10-28,36,36,05:50-06:00,42.7184533333334
2025-10-28,39,39,06:20-06:30,9.743273809524112
2025-10-28,41,42,06:40-07:00,27.242213333333503
2025-10-28,44,45,07:10-07:30,34.346746190476125
2025-10-28,47,49,07:40-08:10,75.55727904761903
2025-10-28,52,53,08:30-08:50,49.50100523809499
2025-10-28,59,60,09:40-10:00,81.12088761904738
2025-10-28,63,63,10:20-10:30,43.531060000000025
2025-10-28,66,67,10:50-11:10,8.496135714285629
2025-10-28,70,71,11:30-11:50,51.050678095238254
2025-10-28,75,75,12:20-12:30,37.180028095238185
2025-10-28,87,87,14:20-14:30,29.126253333333153
2025-10-28,89,90,14:40-15:00,68.43722428571422
2025-10-28,98,98,16:10-16:20,2.7081680952375677
2025-10-28,102,102,16:50-17:00,0.2524647619045055
2025-10-28,108,109,17:50-18:10,19.65234333333342
2025-10-28,112,113,18:30-18:50,54.719845714285626
2025-10-28,116,117,19:10-19:30,25.525043333333542
2025-10-28,120,120,19:50-20:00,15.12135666666643
2025-10-28,123,124,20:20-20:40,30.582403333333332
2025-10-28,127,128,21:00-21:20,23.040896666666526
2025-10-28,130,130,21:30-21:40,8.28006333333326
2025-10-28,133,134,22:00-22:20,67.75093333333325
2025-10-28,136,137,22:30-22:50,20.039656666666588
2025-10-28,143,144,23:40-24:00,75.93889666666678
2025-10-29,3,4,00:20-00:40,23.239416666666443
2025-10-29,8,9,01:10-01:30,38.82985333333329
2025-10-29,11,12,01:40-02:00,14.222886666666568
2025-10-29,15,16,02:20-02:40,69.34254999999996
2025-10-29,19,20,03:00-03:20,22.419086666666658
2025-10-29,22,23,03:30-03:50,13.703436666666676
2025-10-29,26,27,04:10-04:30,55.762403333333395
2025-10-29,31,33,05:00-05:30,66.56666666666656
2025-10-29,37,38,06:00-06:20,44.811393333333285
2025-10-29,41,42,06:40-07:00,23.994677619047685
2025-10-29,44,49,07:10-08:10,54.484408571428816
2025-10-29,52,53,08:30-08:50,54.84120904761886
2025-10-29,55,56,09:00-09:20,54.63984428571399
2025-10-29,58,59,09:30-09:50,49.624205714285125
2025-10-29,61,64,10:00-10:40,48.91594380952293
2025-10-29,67,69,11:00-11:30,122.03578571428534
2025-10-29,77,78,12:40-13:00,84.60628190476177
2025-10-29,80,81,13:10-13:30,57.54034761904745
2025-10-29,87,90,14:20-15:00,38.40623714285712
2025-10-29,95,96,15:40-16:00,41.12299952380954
2025-10-29,99,100,16:20-16:40,55.55905999999979
2025-10-29,103,104,17:00-17:20,33.80612000000059
2025-10-29,107,109,17:40-18:10,14.35134000000036
2025-10-29,112,113,18:30-18:50,53.447265714285834
2025-10-29,117,117,19:20-19:30,11.855069523809448
2025-10-29,120,126,19:50-21:00,372.6380768132084
2025-10-29,128,134,21:10-22:20,74.91544898000032
2025-10-29,138,140,22:50-23:20,6.62136666666629
2025-10-29,142,144,23:30-24:00,14.941333333333205
2025-10-30,1,1,00:00-00:10,7.8381100000001425
2025-10-30,4,6,00:30-01:00,42.357666666666546
2025-10-30,9,9,01:20-01:30,4.226416666666523
2025-10-30,11,12,01:40-02:00,8.122276666666721
2025-10-30,14,15,02:10-02:30,33.2892599999999
2025-10-30,17,20,02:40-03:20,50.84099666666668
2025-10-30,23,25,03:40-04:10,46.77131333333307
2025-10-30,28,29,04:30-04:50,57.405320000000074
2025-10-30,32,33,05:10-05:30,34.212786190476095
2025-10-30,36,37,05:50-06:10,32.74713523809521
2025-10-30,40,41,06:30-06:50,42.702992857142796
2025-10-30,43,44,07:00-07:20,39.22003142857176
2025-10-30,46,46,07:30-07:40,24.893974857143178
2025-10-30,49,50,08:00-08:20,79.11011095238064
2025-10-30,53,54,08:40-09:00,17.425534285713923
2025-10-30,57,57,09:20-09:30,30.59967047619007
2025-10-30,62,64,10:10-10:40,156.11468380952397
2025-10-30,68,69,11:10-11:30,58.50474384425024
2025-10-30,71,72,11:40-12:00,58.433562380952026
2025-10-30,85,86,14:00-14:20,61.42452152380989
2025-10-30,89,90,14:40-15:00,46.16993619047611
2025-10-30,102,102,16:50-17:00,6.936749999999861
2025-10-30,105,107,17:20-17:50,23.60585761904818
2025-10-30,110,111,18:10-18:30,68.93403000000022
2025-10-30,115,116,19:00-19:20,35.53268761904769
2025-10-30,120,121,19:50-20:10,29.47145333333333
2025-10-30,124,126,20:30-21:00,50.848999999999705
2025-10-30,128,129,21:10-21:30,66.37468666666655
2025-10-30,132,132,21:50-22:00,20.238726666666935
2025-10-30,136,137,22:30-22:50,25.081403333333355
2025-10-30,139,140,23:00-23:20,42.196983333333264
2025-10-30,143,144,23:40-24:00,8.235686666666538
2025-10-31,1,3,00:00-00:30,9.692000000000064
2025-10-31,5,6,00:40-01:00,18.925746666666782
2025-10-31,9,10,01:20-01:40,21.050666666666643
2025-10-31,14,15,02:10-02:30,26.570863333333364
2025-10-31,18,19,02:50-03:10,29.94272999999987
2025-10-31,22,24,03:30-04:00,28.954333333333466
2025-10-31,27,28,04:20-04:40,35.313806190476214
2025-10-31,31,33,05:00-05:30,69.21333333333338
2025-10-31,38,40,06:10-06:40,37.57020999999986
2025-10-31,43,45,07:00-07:30,7.363309523809505
2025-10-31,49,51,08:00-08:30,107.50309523809511
2025-10-31,53,55,08:40-09:10,53.622350000000324
2025-10-31,58,58,09:30-09:40,10.538308095238108
2025-10-31,61,61,10:00-10:10,1.5022471428574136
2025-10-31,64,65,10:30-10:50,58.43379095238129
2025-10-31,67,69,11:00-11:30,107.88384523809532
2025-10-31,93,94,15:20-15:40,11.822765714285651
2025-10-31,97,99,16:00-16:30,40.014571428571344
2025-10-31,104,105,17:10-17:30,30.742164761904775
2025-10-31,108,109,17:50-18:10,56.51036142857134
2025-10-31,116,118,19:10-19:40,57.791079999999965
2025-10-31,121,122,20:00-20:20,30.151693333333526
2025-10-31,125,126,20:40-21:00,35.56328333333346
2025-10-31,128,129,21:10-21:30,21.087886666666748
2025-10-31,132,133,21:50-22:10,49.07229333333339
2025-10-31,136,136,22:30-22:40,14.242783333333364
2025-10-31,139,139,23:00-23:10,23.032080000000178
2025-10-31,142,143,23:30-23:50,63.492849999999976
2025-11-01,2,3,00:10-00:30,1.5319266666666636
2025-11-01,6,6,00:50-01:00,2.3982966666665675
2025-11-01,9,12,01:20-02:00,46.9238033333333
2025-11-01,16,17,02:30-02:50,54.95561000000009
2025-11-01,20,21,03:10-03:30,59.946723333333466
2025-11-01,25,28,04:00-04:40,50.97718095238082
2025-11-01,31,32,05:00-05:20,49.29647999999999
2025-11-01,34,35,05:30-05:50,7.413279999999953
2025-11-01,41,42,06:40-07:00,40.22005047619052
2025-11-01,44,46,07:10-07:40,60.95168904761903
2025-11-01,50,51,08:10-08:30,78.78594047619026
2025-11-01,54,54,08:50-09:00,7.047357619047716
2025-11-01,56,57,09:10-09:30,109.06835714285705
2025-11-01,60,60,09:50-10:00,45.90102761904768
2025-11-01,63,64,10:20-10:40,41.06229809523825
2025-11-01,67,68,11:00-11:20,65.4043904761902
2025-11-01,70,70,11:30-11:40,4.2825166666664245
2025-11-01,94,94,15:30-15:40,12.247301428571514
2025-11-01,97,98,16:00-16:20,52.835372380952265
2025-11-01,101,102,16:40-17:00,51.16954761904766
2025-11-01,105,105,17:20-17:30,0.7897776190476407
2025-11-01,108,109,17:50-18:10,32.302099523809545
2025-11-01,111,111,18:20-18:30,0.8432042857141937
2025-11-01,117,118,19:20-19:40,48.412324761904586
2025-11-01,121,121,20:00-20:10,39.366353333333336
2025-11-01,124,125,20:30-20:50,83.30393666666663
2025-11-01,128,129,21:10-21:30,32.24463666666662
2025-11-01,131,133,21:40-22:10,34.687200000000075
2025-11-01,136,138,22:30-23:00,39.00933333333319
2025-11-01,141,141,23:20-23:30,0.409746666666706
2025-11-01,144,144,23:50-24:00,27.446210000000065
2025-11-02,1,1,00:00-00:10,0.6681500000000824
2025-11-02,4,5,00:30-00:50,28.745969999999943
2025-11-02,8,9,01:10-01:30,12.094266666666726
2025-11-02,12,14,01:50-02:20,11.35256333333325
2025-11-02,17,18,02:40-03:00,24.138666666666495
2025-11-02,22,23,03:30-03:50,11.149786666666614
2025-11-02,25,31,04:00-05:10,52.61421285714265
2025-11-02,37,38,06:00-06:20,0.4515800000000354
2025-11-02,40,41,06:30-06:50,17.899313333333232
2025-11-02,43,45,07:00-07:30,63.77319047619076
2025-11-02,48,48,07:50-08:00,2.646218571428335
2025-11-02,50,51,08:10-08:30,21.44634238095216
2025-11-02,53,55,08:40-09:10,40.55830095238082
2025-11-02,57,59,09:20-09:50,67.02670857142866
2025-11-02,63,64,10:20-10:40,53.984544761904544
2025-11-02,70,71,11:30-11:50,36.53430857142848
2025-11-02,75,75,12:20-12:30,80.48392571428599
2025-11-02,81,82,13:20-13:40,25.690173047618714
2025-11-02,102,102,16:50-17:00,26.16827380952408
2025-11-02,109,112,18:00-18:40,45.87424999999983
2025-11-02,115,118,19:00-19:40,39.73909666666668
2025-11-02,122,123,20:10-20:30,35.678490000000124
2025-11-02,126,126,20:50-21:00,6.145036666666556
2025-11-02,129,132,21:20-22:00,61.26625000000013
2025-11-02,136,138,22:30-23:00,40.89133333333325
2025-11-02,142,142,23:30-23:40,33.07082000000014
2025-11-03,2,2,00:10-00:20,28.455653333333316
2025-11-03,5,6,00:40-01:00,29.276546666666718
2025-11-03,9,10,01:20-01:40,28.52229000000034
2025-11-03,14,15,02:10-02:30,50.63631333333353
2025-11-03,18,18,02:50-03:00,16.030033333333563
2025-11-03,20,21,03:10-03:30,6.942680000000109
2025-11-03,23,24,03:40-04:00,41.15745000000027
2025-11-03,27,28,04:20-04:40,20.66153619047634
2025-11-03,31,32,05:00-05:20,46.62515666666671
2025-11-03,36,36,05:50-06:00,20.78338999999994
2025-11-03,39,41,06:20-06:50,85.48360714285685
2025-11-03,48,50,07:50-08:20,32.362212380952315
2025-11-03,52,52,08:30-08:40,7.168651428571309
2025-11-03,55,56,09:00-09:20,60.26831714285677
2025-11-03,58,60,09:30-10:00,78.80297619047589
2025-11-03,63,65,10:20-10:50,62.917824285714005
2025-11-03,67,69,11:00-11:30,31.159619047619344
2025-11-03,71,72,11:40-12:00,16.17654857142861
2025-11-03,74,75,12:10-12:30,33.88223333333258
2025-11-03,84,84,13:50-14:00,5.389033428571565
2025-11-03,87,88,14:20-14:40,12.502606190476484
2025-11-03,106,108,17:30-18:00,45.27722442680692
2025-11-03,114,115,18:50-19:10,24.935476190476265
2025-11-03,118,119,19:30-19:50,33.39367000000004
2025-11-03,123,125,20:20-20:50,41.69388000000015
2025-11-03,128,128,21:10-21:20,1.6978066666664517
2025-11-03,131,132,21:40-22:00,62.8966200000001
2025-11-03,137,138,22:40-23:00,7.64717666666661
2025-11-03,141,143,23:20-23:50,78.99865999999997
2025-11-04,1,1,00:00-00:10,14.746676666666758
2025-11-04,4,5,00:30-00:50,51.791330000000244
2025-11-04,8,10,01:10-01:40,33.54617333333351
2025-11-04,13,14,02:00-02:20,34.2185066666666
2025-11-04,17,17,02:40-02:50,0.15229333333320483
2025-11-04,20,22,03:10-03:40,55.48107333333314
2025-11-04,27,27,04:20-04:30,6.451653333333297
2025-11-04,30,32,04:50-05:20,55.247840000000224
2025-11-04,36,37,05:50-06:10,39.41110238095234
2025-11-04,40,40,06:30-06:40,5.028667142857067
2025-11-04,44,45,07:10-07:30,25.597548095238267
2025-11-04,47,48,07:40-08:00,15.748363809523823
2025-11-04,52,52,08:30-08:40,50.406504285714675
2025-11-04,55,60,09:00-10:00,138.43954761904791
2025-11-04,64,67,10:30-11:10,38.82318333333319
2025-11-04,85,85,14:00-14:10,33.13683999999963
2025-11-04,88,89,14:30-14:50,90.88440619047606
2025-11-04,104,104,17:10-17:20,23.379757142857294
2025-11-04,109,109,18:00-18:10,1.6103166666669182
2025-11-04,112,113,18:30-18:50,17.839929523809076
2025-11-04,115,116,19:00-19:20,12.796461428571433
2025-11-04,120,120,19:50-20:00,7.308673333333218
2025-11-04,126,127,20:50-21:10,56.34279333333325
2025-11-04,131,134,21:40-22:20,63.53013333333331
2025-11-04,139,140,23:00-23:20,4.371903333333648
2025-11-04,142,143,23:30-23:50,25.32651666666675
2025-11-05,2,4,00:10-00:40,33.97615666666627
2025-11-05,7,9,01:00-01:30,61.55833333333305
2025-11-05,12,13,01:50-02:10,28.771263333333195
2025-11-05,16,16,02:30-02:40,15.859133333333602
2025-11-05,19,19,03:00-03:10,28.883383333333313
2025-11-05,22,24,03:30-04:00,38.080999999999904
2025-11-05,27,30,04:20-05:00,58.48853666666673
2025-11-05,33,33,05:20-05:30,0.5161699999999882
2025-11-05,37,37,06:00-06:10,19.118429999999876
2025-11-05,40,41,06:30-06:50,64.04996000000023
2025-11-05,47,47,07:40-07:50,25.81395190476178
2025-11-05,50,51,08:10-08:30,39.22701047619023
2025-11-05,56,57,09:10-09:30,26.41092476190471
2025-11-05,60,61,09:50-10:10,58.35623095238081
2025-11-05,64,67,10:30-11:10,137.20964047619032
2025-11-05,70,71,11:30-11:50,109.910844380953
2025-11-05,74,75,12:10-12:30,26.179830952380826
2025-11-05,86,90,14:10-15:00,96.1034171428567
2025-11-05,95,95,15:40-15:50,4.178281392570909
2025-11-05,99,101,16:20-16:50,23.78557707012463
2025-11-05,104,104,17:10-17:20,11.037541904761975
2025-11-05,107,109,17:40-18:10,79.33241571428614
2025-11-05,112,113,18:30-18:50,49.01843809523804
2025-11-05,115,116,19:00-19:20,32.85009904761898
2025-11-05,122,123,20:10-20:30,28.961663333333263
2025-11-05,125,126,20:40-21:00,39.163996666666435
2025-11-05,129,132,21:20-22:00,71.1211666666668
2025-11-05,135,135,22:20-22:30,22.795749999999998
2025-11-05,141,141,23:20-23:30,25.075219999999945
2025-11-06,2,3,00:10-00:30,40.40472999999986
2025-11-06,7,7,01:00-01:10,12.171633333333375
2025-11-06,10,11,01:30-01:50,53.76973333333308
2025-11-06,15,18,02:20-03:00,56.49103333333346
2025-11-06,22,23,03:30-03:50,54.13442999999995
2025-11-06,29,33,04:40-05:30,69.691816666667
2025-11-06,37,37,06:00-06:10,10.57463000000007
2025-11-06,40,41,06:30-06:50,43.551940952381116
2025-11-06,44,48,07:10-08:00,117.68423190476196
2025-11-06,50,51,08:10-08:30,17.116370000000302
2025-11-06,57,59,09:20-09:50,72.25997999999996
2025-11-06,62,63,10:10-10:30,48.97314142857131
2025-11-06,66,67,10:50-11:10,53.68811380952411
2025-11-06,70,72,11:30-12:00,89.8976513333339
2025-11-06,77,79,12:40-13:10,76.18519619047629
2025-11-06,82,82,13:30-13:40,2.059490952381111
2025-11-06,87,88,14:20-14:40,28.53977666666698
2025-11-06,93,94,15:20-15:40,39.604408095237886
2025-11-06,102,102,16:50-17:00,8.644970476190693
2025-11-06,106,107,17:30-17:50,23.64762638095244
2025-11-06,110,112,18:10-18:40,12.844767142857123
2025-11-06,117,117,19:20-19:30,6.481720000000109
2025-11-06,120,123,19:50-20:30,51.752156666666565
2025-11-06,125,126,20:40-21:00,35.47511999999983
2025-11-06,129,130,21:20-21:40,20.848569999999995
2025-11-06,133,135,22:00-22:30,39.17499999999984
2025-11-06,138,139,22:50-23:10,47.13469666666674
2025-11-07,2,4,00:10-00:40,27.081510000000094
2025-11-07,7,8,01:00-01:20,21.797579999999982
2025-11-07,11,12,01:40-02:00,9.660676666666632
2025-11-07,14,15,02:10-02:30,17.424826666666604
2025-11-07,21,22,03:20-03:40,38.19530000000003
2025-11-07,26,27,04:10-04:30,4.502019999999959
2025-11-07,30,33,04:50-05:30,43.30079666666683
2025-11-07,36,39,05:50-06:30,59.51739904761888
2025-11-07,42,43,06:50-07:10,49.628552380952385
2025-11-07,46,47,07:30-07:50,62.18952285714286
2025-11-07,50,51,08:10-08:30,63.693787619047626
2025-11-07,53,54,08:40-09:00,29.895424285714284
2025-11-07,59,60,09:40-10:00,52.802928571428424
2025-11-07,62,63,10:10-10:30,57.733052857142866
2025-11-07,66,66,10:50-11:00,17.54269428571365
2025-11-07,72,74,11:50-12:20,101.94957190476248
2025-11-07,103,104,17:00-17:20,41.46599657142832
2025-11-07,106,106,17:30-17:40,0.1828961904761499
2025-11-07,110,110,18:10-18:20,2.5335300000000416
2025-11-07,114,114,18:50-19:00,11.471199999999953
2025-11-07,117,119,19:20-19:50,45.38508000000013
2025-11-07,122,123,20:10-20:30,32.84928666666673
2025-11-07,126,127,20:50-21:10,11.296389999999917
2025-11-07,130,134,21:30-22:20,57.359963333333155
2025-11-07,136,137,22:30-22:50,12.609723333333477
2025-11-07,143,144,23:40-24:00,54.50888666666674
2025-11-08,1,1,00:00-00:10,53.626756666666665
2025-11-08,4,5,00:30-00:50,26.427063333333365
2025-11-08,7,8,01:00-01:20,48.96878000000004
2025-11-08,10,10,01:30-01:40,6.5336033333333035
2025-11-08,13,14,02:00-02:20,55.594613333333314
2025-11-08,18,19,02:50-03:10,34.86131333333333
2025-11-08,22,24,03:30-04:00,29.79299999999995
2025-11-08,26,28,04:10-04:40,28.950036666666563
2025-11-08,31,35,05:00-05:50,36.42121809523837
2025-11-08,37,38,06:00-06:20,20.711569047619037
2025-11-08,41,41,06:40-06:50,4.974973333333423
2025-11-08,46,48,07:30-08:00,25.33803571428568
2025-11-08,51,55,08:20-09:10,68.51881523809504
2025-11-08,58,58,09:30-09:40,4.2978647619045205
2025-11-08,61,63,10:00-10:30,89.35592857142876
2025-11-08,66,66,10:50-11:00,30.027316666666593
2025-11-08,68,69,11:10-11:30,19.73579523809508
2025-11-08,72,72,11:50-12:00,8.05244380952331
2025-11-08,98,99,16:10-16:30,72.65116428571432
2025-11-08,102,102,16:50-17:00,31.31206380952377
2025-11-08,106,106,17:30-17:40,2.85248
2025-11-08,109,109,18:00-18:10,6.426698571428574
2025-11-08,112,114,18:30-19:00,59.60400000000004
2025-11-08,117,118,19:20-19:40,16.28309333333334
2025-11-08,123,125,20:20-20:50,53.57585333333327
2025-11-08,128,129,21:10-21:30,46.150516666666704
2025-11-08,132,134,21:50-22:20,31.12669666666659
2025-11-08,137,138,22:40-23:00,4.193093333333309
2025-11-08,140,141,23:10-23:30,29.049796666666907
2025-11-08,143,144,23:40-24:00,32.91945666666652
2025-11-09,2,3,00:10-00:30,73.15028333333362
2025-11-09,6,6,00:50-01:00,3.732330000000047
2025-11-09,8,9,01:10-01:30,67.38117666666665
2025-11-09,12,13,01:50-02:10,54.38520000000028
2025-11-09,16,17,02:30-02:50,13.0924366666668
2025-11-09,19,21,03:00-03:30,37.136666666666656
2025-11-09,25,25,04:00-04:10,2.2346466666667766
2025-11-09,31,32,05:00-05:20,60.889267619047686
2025-11-09,39,39,06:20-06:30,26.34316999999976
2025-11-09,41,42,06:40-07:00,51.49320571428562
2025-11-09,45,45,07:20-07:30,0.6163833333334878
2025-11-09,49,50,08:00-08:20,44.60184476190511
2025-11-09,55,58,09:00-09:40,37.465173809524316
2025-11-09,61,62,10:00-10:20,34.90447761904739
2025-11-09,66,66,10:50-11:00,22.955284285714015
2025-11-09,69,70,11:20-11:40,86.64957800000025
2025-11-09,73,73,12:00-12:10,4.938602857142769
2025-11-09,84,86,13:50-14:20,89.61347390476209
2025-11-09,88,89,14:30-14:50,38.7511566666667
2025-11-09,98,99,16:10-16:30,24.79838761904736
2025-11-09,101,102,16:40-17:00,18.679118095238366
2025-11-09,105,105,17:20-17:30,3.7781290476191316
2025-11-09,108,109,17:50-18:10,18.51724857142849
2025-11-09,112,112,18:30-18:40,49.78018047619058
2025-11-09,115,116,19:00-19:20,25.17811000000006
2025-11-09,118,119,19:30-19:50,26.998170000000073
2025-11-09,125,126,20:40-21:00,38.61336333333338
2025-11-09,130,131,21:30-21:50,36.202576666666346
2025-11-09,133,134,22:00-22:20,26.083906666666735
2025-11-09,137,137,22:40-22:50,1.6949166666668134
2025-11-09,142,144,23:30-24:00,53.302333333333536
2025-11-10,2,3,00:10-00:30,51.27917333333346
2025-11-10,7,9,01:00-01:30,80.4820000000002
2025-11-10,12,12,01:50-02:00,25.907996666666577
2025-11-10,16,17,02:30-02:50,45.105809999999906
2025-11-10,20,21,03:10-03:30,40.0445866666671
2025-11-10,23,25,03:40-04:10,45.333060000000046
2025-11-10,28,28,04:30-04:40,1.8389299999998912
2025-11-10,36,36,05:50-06:00,7.974239523809501
2025-11-10,40,42,06:30-07:00,54.06007142857137
2025-11-10,45,47,07:20-07:50,59.95662895238132
2025-11-10,49,52,08:00-08:40,69.41074000000003
2025-11-10,55,55,09:00-09:10,7.541668571428318
2025-11-10,61,66,10:00-11:00,124.50140476190472
2025-11-10,70,73,11:30-12:10,98.98256066666659
2025-11-10,76,76,12:30-12:40,5.840126190475985
2025-11-10,79,79,13:00-13:10,0.9031309523807067
2025-11-10,83,83,13:40-13:50,10.991785238094831
2025-11-10,86,87,14:10-14:30,74.01540666666679
2025-11-10,92,92,15:10-15:20,5.833584285714551
2025-11-10,94,96,15:30-16:00,18.75340476190479
2025-11-10,102,103,16:50-17:10,25.266064761904495
2025-11-10,106,106,17:30-17:40,32.23438904761892
2025-11-10,109,109,18:00-18:10,51.6701247619045
2025-11-10,112,113,18:30-18:50,45.592443333332945
2025-11-10,116,117,19:10-19:30,18.277387142857037
2025-11-10,120,121,19:50-20:10,35.9170766666665
2025-11-10,125,126,20:40-21:00,85.86596333333318
2025-11-10,129,130,21:20-21:40,65.53750666666656
2025-11-10,132,132,21:50-22:00,1.3961499999998068
2025-11-10,135,138,22:20-23:00,39.06960666666669
2025-11-10,141,142,23:20-23:40,24.896696666666458
2025-11-11,1,2,00:00-00:20,19.434303333333332
2025-11-11,5,6,00:40-01:00,34.64361333333329
2025-11-11,9,11,01:20-01:50,31.411866666666697
2025-11-11,15,17,02:20-02:50,13.308613333333142
2025-11-11,20,22,03:10-03:40,54.32226000000014
2025-11-11,25,26,04:00-04:20,9.793933333333143
2025-11-11,28,28,04:30-04:40,4.2668299999999135
2025-11-11,31,32,05:00-05:20,26.697890952381094
2025-11-11,38,39,06:10-06:30,37.93044999999984
2025-11-11,41,42,06:40-07:00,46.608915714285786
2025-11-11,45,45,07:20-07:30,11.30510619047621
2025-11-11,50,51,08:10-08:30,50.604678571428394
2025-11-11,53,54,08:40-09:00,63.423147619047484
2025-11-11,56,57,09:10-09:30,45.50963999999982
2025-11-11,60,61,09:50-10:10,33.610305714286014
2025-11-11,64,65,10:30-10:50,60.647644761904985
2025-11-11,85,86,14:00-14:20,43.73096714285721
2025-11-11,88,89,14:30-14:50,44.56761000000003
2025-11-11,104,104,17:10-17:20,21.24082904761883
2025-11-11,107,108,17:40-18:00,53.90417761904769
2025-11-11,111,112,18:20-18:40,12.374800476190494
2025-11-11,115,116,19:00-19:20,56.859080000000176
2025-11-11,118,119,19:30-19:50,26.508850000000052
2025-11-11,125,126,20:40-21:00,31.854136666666363
2025-11-11,128,130,21:10-21:40,30.53044000000034
2025-11-11,133,134,22:00-22:20,29.902399999999943
2025-11-11,139,140,23:00-23:20,61.87621000000013
2025-11-11,143,144,23:40-24:00,43.38882666666677
2025-11-12,3,3,00:20-00:30,26.873923333333096
2025-11-12,6,8,00:50-01:20,34.21616333333327
2025-11-12,11,12,01:40-02:00,22.26699666666684
2025-11-12,15,16,02:20-02:40,6.029963333333285
2025-11-12,19,19,03:00-03:10,28.781330000000025
2025-11-12,22,23,03:30-03:50,41.97513999999967
2025-11-12,26,28,04:10-04:40,22.986310000000003
2025-11-12,32,33,05:10-05:30,40.89695666666671
2025-11-12,36,39,05:50-06:30,93.8878890476191
2025-11-12,41,42,06:40-07:00,50.15438904761911
2025-11-12,45,46,07:20-07:40,53.671311428571414
2025-11-12,49,50,08:00-08:20,111.0799776190479
2025-11-12,52,53,08:30-08:50,26.155549523809498
2025-11-12,57,57,09:20-09:30,19.231194285714253
2025-11-12,59,60,09:40-10:00,47.12221809523811
2025-11-12,63,64,10:20-10:40,38.43537380952375
2025-11-12,82,83,13:30-13:50,43.04620923809503
2025-11-12,87,87,14:20-14:30,12.136106666666677
2025-11-12,101,102,16:40-17:00,17.74702685714302
2025-11-12,105,105,17:20-17:30,26.594754761904483
2025-11-12,108,108,17:50-18:00,5.504259999999817
2025-11-12,110,112,18:10-18:40,70.48636095238082
2025-11-12,115,116,19:00-19:20,39.287319999999795
2025-11-12,119,121,19:40-20:10,34.0328333333332
2025-11-12,124,124,20:30-20:40,2.255480000000148
2025-11-12,127,128,21:00-21:20,51.812070000000176
2025-11-12,130,131,21:30-21:50,51.91692333333344
2025-11-12,133,133,22:00-22:10,0.853460000000041
2025-11-12,136,136,22:30-22:40,27.86749666666651
2025-11-12,139,139,23:00-23:10,8.0303233333334
2025-11-12,142,144,23:30-24:00,35.18133333333333
2025-11-13,1,3,00:00-00:30,18.899666666666576
2025-11-13,6,7,00:50-01:10,40.77739999999994
2025-11-13,11,12,01:40-02:00,60.8503966666666
2025-11-13,15,15,02:20-02:30,1.308430000000044
2025-11-13,17,18,02:40-03:00,28.912259999999947
2025-11-13,21,21,03:20-03:30,6.301773333333472
2025-11-13,23,25,03:40-04:10,53.22909999999979
2025-11-13,28,29,04:30-04:50,34.307004761904835
2025-11-13,31,31,05:00-05:10,14.010693333333165
2025-11-13,36,36,05:50-06:00,31.4295076190474
2025-11-13,41,42,06:40-07:00,82.62208999999976
2025-11-13,45,45,07:20-07:30,35.73471095238082
2025-11-13,52,53,08:30-08:50,43.33114095238113
2025-11-13,59,61,09:40-10:10,92.7073304761901
2025-11-13,64,64,10:30-10:40,39.587580476190624
2025-11-13,68,70,11:10-11:40,36.160248857143415
2025-11-13,81,85,13:20-14:10,50.1269925714288
2025-11-13,88,89,14:30-14:50,14.39989285714313
2025-11-13,91,91,15:00-15:10,0.67745952380983
2025-11-13,97,98,16:00-16:20,15.458799019394746
2025-11-13,105,105,17:20-17:30,0.7410000000002128
2025-11-13,109,110,18:00-18:20,13.243590000000005
2025-11-13,112,114,18:30-19:00,48.02033333333342
2025-11-13,118,119,19:30-19:50,10.266053333333048
2025-11-13,121,122,20:00-20:20,12.303709999999796
2025-11-13,127,128,21:00-21:20,38.96400333333327
2025-11-13,130,133,21:30-22:10,39.39351666666664
2025-11-13,136,136,22:30-22:40,33.89544666666666
2025-11-13,139,139,23:00-23:10,40.48492333333343
2025-11-13,142,143,23:30-23:50,19.344163333333427
2025-11-14,2,3,00:10-00:30,41.881926666666686
2025-11-14,8,9,01:10-01:30,18.174573333333285
2025-11-14,11,12,01:40-02:00,53.36383999999998
2025-11-14,15,15,02:20-02:30,10.431856666666647
2025-11-14,17,18,02:40-03:00,25.512693333333345
2025-11-14,22,24,03:30-04:00,17.346333333333348
2025-11-14,26,27,04:10-04:30,66.1338066666666
2025-11-14,30,32,04:50-05:20,54.57037523809532
2025-11-14,36,36,05:50-06:00,12.94773333333336
2025-11-14,39,40,06:20-06:40,28.326525714285765
2025-11-14,43,45,07:00-07:30,42.615392857142865
2025-11-14,49,49,08:00-08:10,3.265403333333282
2025-11-14,52,53,08:30-08:50,24.17654476190478
2025-11-14,56,57,09:10-09:30,66.3990661904761
2025-11-14,61,62,10:00-10:20,36.73925809523814
2025-11-14,64,66,10:30-11:00,116.91241666666679
2025-11-14,71,74,11:40-12:20,62.587569047619354
2025-11-14,94,94,15:30-15:40,33.08262571428571
2025-11-14,98,99,16:10-16:30,49.611060476190545
2025-11-14,102,102,16:50-17:00,11.958420952380656
2025-11-14,107,108,17:40-18:00,28.15716761904764
2025-11-14,111,113,18:20-18:50,29.42230333333339
2025-11-14,117,117,19:20-19:30,19.410539999999912
2025-11-14,119,121,19:40-20:10,25.798369999999863
2025-11-14,124,124,20:30-20:40,14.388673333333372
2025-11-14,127,128,21:00-21:20,69.94507333333343
2025-11-14,131,132,21:40-22:00,20.102239999999938
2025-11-14,136,137,22:30-22:50,15.433893333333117
2025-11-14,139,140,23:00-23:20,28.137710000000197
2025-11-14,142,143,23:30-23:50,23.912176666666483
2025-11-15,2,3,00:10-00:30,14.669983333333278
2025-11-15,6,6,00:50-01:00,11.601450000000057
2025-11-15,9,10,01:20-01:40,1.2906600000000026
2025-11-15,13,13,02:00-02:10,4.334733333333304
2025-11-15,16,18,02:30-03:00,38.665333333333365
2025-11-15,20,21,03:10-03:30,14.642613333333259
2025-11-15,24,25,03:50-04:10,30.486216666666678
2025-11-15,28,29,04:30-04:50,15.179029523809447
2025-11-15,31,32,05:00-05:20,19.861872857142885
2025-11-15,35,35,05:40-05:50,1.6019600000000196
2025-11-15,38,39,06:10-06:30,34.36429000000004
2025-11-15,42,44,06:50-07:20,61.378094285714155
2025-11-15,47,50,07:40-08:20,25.924513333333124
2025-11-15,53,55,08:40-09:10,92.70513095238096
2025-11-15,59,61,09:40-10:10,100.00140571428562
2025-11-15,64,64,10:30-10:40,1.1263261904762203
2025-11-15,68,69,11:10-11:30,14.844211904762005
2025-11-15,71,72,11:40-12:00,91.72564952381026
2025-11-15,75,76,12:20-12:40,42.876793333333126
2025-11-15,96,96,15:50-16:00,19.40333809523827
2025-11-15,104,105,17:10-17:30,17.68145428571421
2025-11-15,108,110,17:50-18:20,30.70114666666649
2025-11-15,112,113,18:30-18:50,16.32823666666667
2025-11-15,116,117,19:10-19:30,6.512531904762
2025-11-15,119,120,19:40-20:00,25.246903333333364
2025-11-15,123,123,20:20-20:30,4.792183333333355
2025-11-15,127,127,21:00-21:10,20.99043000000006
2025-11-15,130,131,21:30-21:50,58.30186333333347
2025-11-15,136,138,22:30-23:00,55.58233333333328
2025-11-15,144,144,23:50-24:00,25.22943666666663
2025-11-16,1,2,00:00-00:20,16.601869999999963
2025-11-16,5,6,00:40-01:00,43.59911666666653
2025-11-16,9,9,01:20-01:30,4.72449000000006
2025-11-16,11,12,01:40-02:00,71.04810666666674
2025-11-16,15,16,02:20-02:40,42.06487333333348
2025-11-16,19,21,03:00-03:30,64.27233333333345
2025-11-16,24,25,03:50-04:10,54.17354
2025-11-16,28,28,04:30-04:40,16.318136666666646
2025-11-16,31,33,05:00-05:30,62.10233333333321
2025-11-16,36,36,05:50-06:00,29.10249380952405
2025-11-16,39,40,06:20-06:40,58.22425238095241
2025-11-16,44,45,07:10-07:30,19.79614571428567
2025-11-16,50,51,08:10-08:30,115.65925619047607
2025-11-16,54,54,08:50-09:00,41.42954761904747
2025-11-16,57,57,09:20-09:30,1.567750952380777
2025-11-16,59,60,09:40-10:00,86.86541999999994
2025-11-16,63,66,10:20-11:00,72.23010190476248
2025-11-16,69,69,11:20-11:30,27.581460476191523
2025-11-16,78,78,12:50-13:00,13.608651083125778
2025-11-16,82,83,13:30-13:50,32.21144161904718
2025-11-16,87,87,14:20-14:30,15.444258095238013
2025-11-16,89,90,14:40-15:00,50.231971428571455
2025-11-16,101,102,16:40-17:00,22.598158571428577
2025-11-16,105,105,17:20-17:30,19.286973333333208
2025-11-16,107,108,17:40-18:00,68.23679619047618
2025-11-16,111,112,18:20-18:40,58.27255000000012
2025-11-16,116,118,19:10-19:40,46.56282190476213
2025-11-16,122,124,20:10-20:40,71.78104000000019
2025-11-16,128,129,21:10-21:30,47.26486666666676
2025-11-16,132,135,21:50-22:30,36.98379
2025-11-16,138,139,22:50-23:10,12.457133333333104
2025-11-16,143,144,23:40-24:00,67.90606000000002
2025-11-17,3,3,00:20-00:30,44.3053133333334
2025-11-17,5,7,00:40-01:10,68.95597333333353
2025-11-17,11,12,01:40-02:00,59.28350333333344
2025-11-17,16,18,02:30-03:00,66.98499999999956
2025-11-17,21,22,03:20-03:40,15.214213333333419
2025-11-17,28,28,04:30-04:40,32.816130000000044
2025-11-17,31,32,05:00-05:20,70.19655619047634
2025-11-17,36,40,05:50-06:40,64.647451904762
2025-11-17,44,47,07:10-07:50,37.75106961904808
2025-11-17,49,49,08:00-08:10,25.979949999999576
2025-11-17,53,54,08:40-09:00,46.629763809524036
2025-11-17,56,57,09:10-09:30,70.53861571428541
2025-11-17,63,64,10:20-10:40,61.18665571428585
2025-11-17,67,69,11:00-11:30,28.592964285714288
2025-11-17,85,86,14:00-14:20,50.50499571428561
2025-11-17,101,101,16:40-16:50,11.62107666666651
2025-11-17,105,105,17:20-17:30,9.49243999999976
2025-11-17,110,111,18:10-18:30,27.656510095238218
2025-11-17,114,115,18:50-19:10,21.31378761904739
2025-11-17,117,117,19:20-19:30,0.19291333333364946
2025-11-17,122,124,20:10-20:40,57.21794666666665
2025-11-17,128,133,21:10-22:10,57.645206666666354
2025-11-17,138,139,22:50-23:10,38.8005233333331
2025-11-18,1,2,00:00-00:20,28.8824933333334
2025-11-18,4,8,00:30-01:20,41.72908000000018
2025-11-18,12,13,01:50-02:10,26.3979466666666
2025-11-18,16,17,02:30-02:50,38.74034333333327
2025-11-18,19,20,03:00-03:20,31.9135633333334
2025-11-18,24,26,03:50-04:20,74.70016000000021
2025-11-18,28,28,04:30-04:40,15.876906666666741
2025-11-18,31,31,05:00-05:10,28.328373333333275
2025-11-18,37,37,06:00-06:10,15.661489999999958
2025-11-18,40,41,06:30-06:50,35.405027142857264
2025-11-18,43,43,07:00-07:10,7.727374761904855
2025-11-18,47,49,07:40-08:10,25.115230952380728
2025-11-18,51,52,08:20-08:40,9.812051904761972
2025-11-18,56,57,09:10-09:30,23.733990952381134
2025-11-18,61,63,10:00-10:30,66.47270238095243
2025-11-18,65,66,10:40-11:00,30.496615238095124
2025-11-18,69,74,11:20-12:20,177.24125714285708
2025-11-18,81,81,13:20-13:30,11.228744761904537
2025-11-18,84,85,13:50-14:10,100.68091904761893
2025-11-18,88,89,14:30-14:50,61.032691428571695
2025-11-18,91,91,15:00-15:10,10.655200952381051
2025-11-18,98,98,16:10-16:20,10.024396190476182
2025-11-18,103,103,17:00-17:10,2.133552952380442
2025-11-18,111,112,18:20-18:40,20.094490075249617
2025-11-18,114,117,18:50-19:30,10.56364333333363
2025-11-18,121,121,20:00-20:10,25.895230000000083
2025-11-18,124,126,20:30-21:00,69.11699999999985
2025-11-18,129,129,21:20-21:30,5.514830000000188
2025-11-18,131,132,21:40-22:00,38.20217666666656
2025-11-18,134,135,22:10-22:30,53.2391866666668
2025-11-18,137,138,22:40-23:00,32.34240333333332
2025-11-18,141,142,23:20-23:40,64.35703866666677
2025-11-19,2,2,00:10-00:20,13.647910000000024
2025-11-19,4,5,00:30-00:50,33.69384333333312
2025-11-19,9,12,01:20-02:00,31.39596666666671
2025-11-19,15,15,02:20-02:30,1.0249433333332263
2025-11-19,18,20,02:50-03:20,72.00455333333298
2025-11-19,23,24,03:40-04:00,44.55536666666626
2025-11-19,27,28,04:20-04:40,36.454889999999864
2025-11-19,30,31,04:50-05:10,21.144065714285603
2025-11-19,35,36,05:40-06:00,19.95031914285728
2025-11-19,39,39,06:20-06:30,45.208798571428474
2025-11-19,41,42,06:40-07:00,21.875095714285514
2025-11-19,48,52,07:50-08:40,80.42125142857174
2025-11-19,55,57,09:00-09:30,52.374952380952266
2025-11-19,59,60,09:40-10:00,34.86089476190489
2025-11-19,63,63,10:20-10:30,26.76513333333331
2025-11-19,66,66,10:50-11:00,30.740726190475925
2025-11-19,68,69,11:10-11:30,28.007920000000013
2025-11-19,77,77,12:40-12:50,3.8581023809520048
2025-11-19,85,86,14:00-14:20,52.64315904761904
2025-11-19,90,91,14:50-15:10,44.70117428571393
2025-11-19,99,99,16:20-16:30,10.801158476190295
2025-11-19,108,108,17:50-18:00,0.29457333333346014
2025-11-19,111,111,18:20-18:30,7.656103333333363
2025-11-19,114,115,18:50-19:10,34.38168523809509
2025-11-19,118,119,19:30-19:50,50.792476666666744
2025-11-19,121,122,20:00-20:20,12.25954000000013
2025-11-19,125,126,20:40-21:00,38.09057999999982
2025-11-19,130,130,21:30-21:40,15.042823333333331
2025-11-19,134,138,22:10-23:00,53.323589999999854
2025-11-19,142,144,23:30-24:00,39.81633333333343
2025-11-20,1,1,00:00-00:10,8.041900000000055
2025-11-20,3,3,00:20-00:30,4.024206666666942
2025-11-20,5,7,00:40-01:10,44.420363333333285
2025-11-20,10,10,01:30-01:40,31.274159999999938
2025-11-20,13,13,02:00-02:10,34.28169000000025
2025-11-20,16,17,02:30-02:50,67.83711000000017
2025-11-20,20,22,03:10-03:40,50.19831333333332
2025-11-20,25,25,04:00-04:10,0.07006999999998698
2025-11-20,28,29,04:30-04:50,32.53546952380941
2025-11-20,32,33,05:10-05:30,35.3737866666669
2025-11-20,38,43,06:10-07:10,38.62133571428578
2025-11-20,47,49,07:40-08:10,67.73485285714281
2025-11-20,52,53,08:30-08:50,16.18907380952379
2025-11-20,58,59,09:30-09:50,25.780792857142586
2025-11-20,63,63,10:20-10:30,1.9401923809521122
2025-11-20,65,65,10:40-10:50,20.82239047619055
2025-11-20,70,70,11:30-11:40,8.253780666667353
2025-11-20,72,72,11:50-12:00,19.792937142857
2025-11-20,79,79,13:00-13:10,35.32684333333321
2025-11-20,82,85,13:30-14:10,64.16744904761921
2025-11-20,88,88,14:30-14:40,24.28518523809521
2025-11-20,91,92,15:00-15:20,23.659044761904624
2025-11-20,102,102,16:50-17:00,34.288988190475905
2025-11-20,105,105,17:20-17:30,25.77644333333319
2025-11-20,108,109,17:50-18:10,45.673365238095194
2025-11-20,112,115,18:30-19:10,46.18329619047621
2025-11-20,121,122,20:00-20:20,24.777486666666732
2025-11-20,124,125,20:30-20:50,32.02873666666676
2025-11-20,127,128,21:00-21:20,16.874403333333134
2025-11-20,132,132,21:50-22:00,29.29534333333322
2025-11-20,135,136,22:20-22:40,26.11653666666666
2025-11-20,140,142,23:10-23:40,61.7378333333329
2025-11-21,2,2,00:10-00:20,23.373133333333328
2025-11-21,5,6,00:40-01:00,21.811543333333304
2025-11-21,9,10,01:20-01:40,56.513750000000016
2025-11-21,13,13,02:00-02:10,16.93061333333327
2025-11-21,16,17,02:30-02:50,61.237643333333324
2025-11-21,20,21,03:10-03:30,62.6317766666665
2025-11-21,27,28,04:20-04:40,36.010899999999936
2025-11-21,31,32,05:00-05:20,10.500364761904791
2025-11-21,34,35,05:30-05:50,17.363438571428617
2025-11-21,37,37,06:00-06:10,11.686489999999992
2025-11-21,40,41,06:30-06:50,35.71987333333328
2025-11-21,43,45,07:00-07:30,41.38383333333326
2025-11-21,49,49,08:00-08:10,9.433803333333401
2025-11-21,53,54,08:40-09:00,79.71196714285713
2025-11-21,61,61,10:00-10:10,10.258616190476005
2025-11-21,64,64,10:30-10:40,7.711169523809531
2025-11-21,67,71,11:00-11:50,147.06612142857216
2025-11-21,73,74,12:00-12:20,42.215453809523524
2025-11-21,93,93,15:20-15:30,5.5964479549318185
2025-11-21,96,96,15:50-16:00,48.70723000000004
2025-11-21,102,103,16:50-17:10,7.046937838095789
2025-11-21,106,108,17:30-18:00,34.855666666666956
2025-11-21,111,111,18:20-18:30,7.797743333333358
2025-11-21,113,115,18:40-19:10,32.81690619047629
2025-11-21,118,119,19:30-19:50,34.67842000000002
2025-11-21,121,121,20:00-20:10,6.263289999999927
2025-11-21,125,127,20:40-21:10,62.73207333333335
2025-11-21,130,131,21:30-21:50,18.487539999999854
2025-11-21,134,136,22:10-22:40,32.544786666666596
2025-11-21,139,140,23:00-23:20,8.38387133333299
2025-11-21,142,142,23:30-23:40,22.284823333333406
2025-11-22,1,2,00:00-00:20,35.60048000000006
2025-11-22,4,5,00:30-00:50,22.873740000000055
2025-11-22,7,8,01:00-01:20,14.027053333333242
2025-11-22,12,15,01:50-02:30,51.120953333333205
2025-11-22,17,19,02:40-03:10,59.06024333333335
2025-11-22,22,23,03:30-03:50,42.60537666666664
2025-11-22,28,28,04:30-04:40,8.942830000000129
2025-11-22,31,32,05:00-05:20,28.6078580952381
2025-11-22,35,36,05:40-06:00,61.639946666666674
2025-11-22,39,42,06:20-07:00,25.312354285714207
2025-11-22,45,46,07:20-07:40,41.74258619047623
2025-11-22,49,50,08:00-08:20,31.095146666666707
2025-11-22,52,53,08:30-08:50,18.953918095238123
2025-11-22,55,57,09:00-09:30,44.43967857142866
2025-11-22,63,67,10:20-11:10,33.37481619047594
2025-11-22,70,73,11:30-12:10,81.79866190476127
2025-11-22,76,76,12:30-12:40,15.922620952381067
2025-11-22,97,98,16:00-16:20,24.636041427398055
2025-11-22,105,106,17:20-17:40,27.453122380952514
2025-11-22,108,108,17:50-18:00,4.509736666666697
2025-11-22,111,112,18:20-18:40,46.08006571428575
2025-11-22,116,117,19:10-19:30,39.129029523809436
2025-11-22,120,121,19:50-20:10,26.514013333333367
2025-11-22,124,126,20:30-21:00,38.5036666666669
2025-11-22,129,132,21:20-22:00,20.81069000000025
2025-11-22,134,135,22:10-22:30,50.16069333333337
2025-11-22,138,139,22:50-23:10,48.903943333333245
2025-11-22,143,144,23:40-24:00,14.87610333333339
2025-11-23,1,1,00:00-00:10,9.534926666666593
2025-11-23,4,5,00:30-00:50,37.538673333333236
2025-11-23,8,9,01:10-01:30,55.03305333333344
2025-11-23,12,12,01:50-02:00,40.64480666666668
2025-11-23,17,18,02:40-03:00,58.60827999999981
2025-11-23,21,21,03:20-03:30,40.443946666666534
2025-11-23,25,26,04:00-04:20,60.05588666666654
2025-11-23,29,30,04:40-05:00,30.062370000000328
2025-11-23,33,33,05:20-05:30,34.046311428571585
2025-11-23,40,42,06:30-07:00,46.53671428571433
2025-11-23,44,46,07:10-07:40,35.495809523809285
2025-11-23,49,50,08:00-08:20,33.385478095238454
2025-11-23,53,54,08:40-09:00,33.34512333333271
2025-11-23,57,61,09:20-10:10,126.30018190476221
2025-11-23,65,65,10:40-10:50,2.034326190476179
2025-11-23,68,69,11:10-11:30,30.39369619047625
2025-11-23,84,85,13:50-14:10,33.000847619047846
2025-11-23,89,90,14:40-15:00,14.440919999999892
2025-11-23,103,103,17:00-17:10,0.4301536190475197
2025-11-23,108,108,17:50-18:00,7.615679999999884
2025-11-23,110,110,18:10-18:20,4.479282380952213
2025-11-23,113,114,18:40-19:00,45.46998095238109
2025-11-23,117,118,19:20-19:40,12.792099999999891
2025-11-23,121,122,20:00-20:20,14.617623333333427
2025-11-23,124,125,20:30-20:50,46.70880333333298
2025-11-23,127,127,21:00-21:10,36.40576999999996
2025-11-23,131,134,21:40-22:20,34.796680666666475
2025-11-23,139,140,23:00-23:20,18.738112
2025-11-23,142,144,23:30-24:00,16.322000000000116
2025-11-24,1,2,00:00-00:20,30.841506666666533
2025-11-24,5,6,00:40-01:00,19.80583333333334
2025-11-24,8,9,01:10-01:30,17.596656666666945
2025-11-24,16,21,02:30-03:30,43.62466666666637
2025-11-24,27,29,04:20-04:50,31.301833333333434
2025-11-24,32,33,05:10-05:30,44.398816666666555
2025-11-24,36,37,05:50-06:10,70.69235571428555
2025-11-24,40,42,06:30-07:00,35.411297619047645
2025-11-24,49,49,08:00-08:10,1.9033619047621642
2025-11-24,52,54,08:30-09:00,90.51945238095186
2025-11-24,57,58,09:20-09:40,47.79124428571413
2025-11-24,80,81,13:10-13:30,50.02967618786205
2025-11-24,84,86,13:50-14:20,100.80744809523806
2025-11-24,110,111,18:10-18:30,34.8541125714288
2025-11-24,113,114,18:40-19:00,32.42374476190491
2025-11-24,117,121,19:20-20:10,63.63604999999973
2025-11-24,124,126,20:30-21:00,27.717333333333045
2025-11-24,129,129,21:20-21:30,18.61982999999998
2025-11-24,131,132,21:40-22:00,24.340193333333445
2025-11-24,135,139,22:20-23:10,87.09312333333332
2025-11-24,143,143,23:40-23:50,13.050799999999981
2025-11-25,2,3,00:10-00:30,30.65402333333327
2025-11-25,6,7,00:50-01:10,30.903073333333282
2025-11-25,9,9,01:20-01:30,9.13657000000012
2025-11-25,13,15,02:00-02:30,34.96233333333339
2025-11-25,18,20,02:50-03:20,26.528613333333055
2025-11-25,23,25,03:40-04:10,32.25673333333327
2025-11-25,28,30,04:30-05:00,31.159666666666567
2025-11-25,37,38,06:00-06:20,67.71950380952379
2025-11-25,40,41,06:30-06:50,29.96547904761926
2025-11-25,46,47,07:30-07:50,32.90437847619009
2025-11-25,50,51,08:10-08:30,51.11330666666686
2025-11-25,53,54,08:40-09:00,52.58382523809513
2025-11-25,58,59,09:30-09:50,28.43456142857167
2025-11-25,61,62,10:00-10:20,41.208405238095224
2025-11-25,65,68,10:40-11:20,93.79207476190436
2025-11-25,71,72,11:40-12:00,6.2456253333323275
2025-11-25,75,75,12:20-12:30,2.070536666666385
2025-11-25,80,81,13:10-13:30,78.33345383809458
2025-11-25,84,84,13:50-14:00,63.224564761905114
2025-11-25,87,87,14:20-14:30,12.153121428571438
2025-11-25,91,91,15:00-15:10,51.30604333333338
2025-11-25,110,111,18:10-18:30,19.593179047619515
2025-11-25,113,114,18:40-19:00,28.32302952380951
2025-11-25,117,117,19:20-19:30,8.302740000000199
2025-11-25,120,120,19:50-20:00,13.089193333333355
2025-11-25,122,123,20:10-20:30,37.08075666666696
2025-11-25,128,129,21:10-21:30,72.71384999999998
2025-11-25,135,135,22:20-22:30,17.10310000000004
2025-11-25,137,138,22:40-23:00,11.76846999999998
2025-11-25,140,142,23:10-23:40,38.35807
2025-11-26,2,3,00:10-00:30,28.81767666666633
2025-11-26,5,6,00:40-01:00,45.0332166666667
2025-11-26,11,12,01:40-02:00,12.245902000664614
2025-11-26,14,16,02:10-02:40,35.68344666666678
2025-11-26,19,19,03:00-03:10,3.363366666666593
2025-11-26,22,22,03:30-03:40,29.93920333333358
2025-11-26,25,26,04:00-04:20,27.06538157201976
2025-11-26,33,33,05:20-05:30,1.9936496190476873
2025-11-26,36,37,05:50-06:10,51.91709904761899
2025-11-26,42,44,06:50-07:20,74.10651190476167
2025-11-26,47,48,07:40-08:00,33.709276190475805
2025-11-26,50,51,08:10-08:30,75.84890142857148
2025-11-26,54,54,08:50-09:00,12.174384761904946
2025-11-26,56,57,09:10-09:30,22.247280476190383
2025-11-26,60,62,09:50-10:20,34.80952809523774
2025-11-26,64,64,10:30-10:40,32.42122285714236
2025-11-26,67,68,11:00-11:20,79.45854904761904
2025-11-26,70,72,11:30-12:00,69.64926228571471
2025-11-26,74,75,12:10-12:30,30.809988571428676
2025-11-26,79,80,13:00-13:20,25.30191285714264
2025-11-26,84,85,13:50-14:10,70.27068952380938
2025-11-26,89,90,14:40-15:00,68.06777190476225
2025-11-26,96,96,15:50-16:00,4.74946437619036
2025-11-26,109,110,18:00-18:20,30.12468828571426
2025-11-26,112,114,18:30-19:00,21.384333333333156
2025-11-26,118,119,19:30-19:50,18.871496666666758
2025-11-26,121,122,20:00-20:20,49.69996333333336
2025-11-26,126,127,20:50-21:10,45.741859999999974
2025-11-26,131,131,21:40-21:50,4.887120000000209
2025-11-26,134,135,22:10-22:30,15.239466666666772
2025-11-26,138,140,22:50-23:20,64.7925613333332
2025-11-26,143,143,23:40-23:50,3.5649166666669316
2025-11-27,4,4,00:30-00:40,0.5112599999997656
2025-11-27,14,15,02:10-02:30,27.74533600000018
2025-11-27,20,20,03:10-03:20,14.273166666666839
2025-11-27,25,25,04:00-04:10,6.284606666666605
2025-11-27,28,30,04:30-05:00,52.90999999999997
2025-11-27,33,33,05:20-05:30,1.5183314285714005
2025-11-27,36,36,05:50-06:00,13.182516190476122
2025-11-27,38,39,06:10-06:30,46.58270000000028
2025-11-27,42,42,06:50-07:00,56.33252047619062
2025-11-27,45,46,07:20-07:40,15.884188476191014
2025-11-27,52,56,08:30-09:20,64.16451619047643
2025-11-27,58,60,09:30-10:00,44.993630952381665
2025-11-27,62,63,10:10-10:30,61.7048990476194
2025-11-27,66,67,10:50-11:10,52.08624514285668
2025-11-27,73,73,12:00-12:10,6.610505333333094
2025-11-27,79,79,13:00-13:10,8.827759999999884
2025-11-27,83,84,13:40-14:00,64.48847809523824
2025-11-27,88,89,14:30-14:50,70.71177333333333
2025-11-27,91,91,15:00-15:10,5.8437661904763445
2025-11-27,97,98,16:00-16:20,25.25019666666674
2025-11-27,105,105,17:20-17:30,13.865899198018724
2025-11-27,110,111,18:10-18:30,24.18435428571422
2025-11-27,114,115,18:50-19:10,18.67492333333314
2025-11-27,118,120,19:30-20:00,12.80900000000031
2025-11-27,122,123,20:10-20:30,49.775719999999865
2025-11-27,127,130,21:00-21:40,32.17020666666701
2025-11-27,133,133,22:00-22:10,13.097898666666651
2025-11-27,136,137,22:30-22:50,38.05230666666694
2025-11-27,139,140,23:00-23:20,17.07850133333318
2025-11-27,142,142,23:30-23:40,11.341336666666848
2025-11-28,2,3,00:10-00:30,31.302483333333328
2025-11-28,8,9,01:10-01:30,14.96928999999983
2025-11-28,12,15,01:50-02:30,41.96022999999997
2025-11-28,19,20,03:00-03:20,34.67096999999984
2025-11-28,22,23,03:30-03:50,29.78554666666662
2025-11-28,25,26,04:00-04:20,33.66677333333331
2025-11-28,29,30,04:40-05:00,52.440886666666586
2025-11-28,33,33,05:20-05:30,16.258978095238206
2025-11-28,35,36,05:40-06:00,53.46843000000007
2025-11-28,41,42,06:40-07:00,14.681010476190579
2025-11-28,45,48,07:20-08:00,62.948152380952536
2025-11-28,52,53,08:30-08:50,39.68103857142867
2025-11-28,55,58,09:00-09:40,47.791269523809774
2025-11-28,61,62,10:00-10:20,57.87279333333311
2025-11-28,64,64,10:30-10:40,4.06533619047616
2025-11-28,70,72,11:30-12:00,143.39990476190542
2025-11-28,78,78,12:50-13:00,23.37040476190441
2025-11-28,91,91,15:00-15:10,9.915677619047713
2025-11-28,96,97,15:50-16:10,35.11328887472024
2025-11-28,103,103,17:00-17:10,11.870374300000757
2025-11-28,107,107,17:40-17:50,7.235449047618999
2025-11-28,110,111,18:10-18:30,57.63060095238103
2025-11-28,113,114,18:40-19:00,67.92806190476205
2025-11-28,117,118,19:20-19:40,30.73313999999999
2025-11-28,124,124,20:30-20:40,12.797833333333244
2025-11-28,130,131,21:30-21:50,23.208176666666645
2025-11-28,136,137,22:30-22:50,31.691860725498145
2025-11-28,139,140,23:00-23:20,6.247924666666677
2025-11-28,142,143,23:30-23:50,26.45757266666692
2025-11-29,1,1,00:00-00:10,6.969776666666689
2025-11-29,7,7,01:00-01:10,8.157211333333407
2025-11-29,11,12,01:40-02:00,52.37707933333314
2025-11-29,15,15,02:20-02:30,21.899776666666696
2025-11-29,20,23,03:10-03:50,70.80426
2025-11-29,26,27,04:10-04:30,91.39612333333326
2025-11-29,30,31,04:50-05:10,19.40241000000003
2025-11-29,36,38,05:50-06:20,60.69149285714286
2025-11-29,40,40,06:30-06:40,0.636272857142842
2025-11-29,43,45,07:00-07:30,72.2519285714285
2025-11-29,47,48,07:40-08:00,37.93221047619062
2025-11-29,51,53,08:20-08:50,50.46910095238127
2025-11-29,56,57,09:10-09:30,37.272979047619174
2025-11-29,59,60,09:40-10:00,41.31921761904789
2025-11-29,63,66,10:20-11:00,91.04489809523795
2025-11-29,68,72,11:10-12:00,107.01098476190498
2025-11-29,75,76,12:20-12:40,79.46217095238092
2025-11-29,79,79,13:00-13:10,14.866311904761915
2025-11-29,83,85,13:40-14:10,13.460987619047728
2025-11-29,88,90,14:30-15:00,36.60435714285705
2025-11-29,93,93,15:20-15:30,9.701280952381012
2025-11-29,98,99,16:10-16:30,32.6281904761903
2025-11-29,102,103,16:50-17:10,14.379009523809556
2025-11-29,106,106,17:30-17:40,26.1287609523809
2025-11-29,109,111,18:00-18:30,22.325000000000045
2025-11-29,113,115,18:40-19:10,11.8918390476191
2025-11-29,119,121,19:40-20:10,46.53563666666673
2025-11-29,125,126,20:40-21:00,24.91742000000005
2025-11-29,128,129,21:10-21:30,47.94857666666678
2025-11-29,132,133,21:50-22:10,28.67012333333355
2025-11-29,136,137,22:30-22:50,48.54975599999989
2025-11-29,141,143,23:20-23:50,68.34149333333312
2025-11-30,1,1,00:00-00:10,4.896203333333233
2025-11-30,6,10,00:50-01:40,29.10424000000046
2025-11-30,14,15,02:10-02:30,15.6549366666668
2025-11-30,22,23,03:30-03:50,37.009191999999985
2025-11-30,26,27,04:10-04:30,24.784499999999753
2025-11-30,30,31,04:50-05:10,43.37172333333308
2025-11-30,37,38,06:00-06:20,55.61364095238093
2025-11-30,40,41,06:30-06:50,64.89886666666655
2025-11-30,47,47,07:40-07:50,22.93315047619035
2025-11-30,49,50,08:00-08:20,94.46120571428605
2025-11-30,54,56,08:50-09:20,48.15567238095275
2025-11-30,59,61,09:40-10:10,63.508821428571565
2025-11-30,64,70,10:30-11:40,66.333355238096
2025-11-30,73,73,12:00-12:10,49.215337619048
2025-11-30,76,77,12:30-12:50,55.993980476190245
2025-11-30,83,84,13:40-14:00,67.17365523809508
2025-11-30,87,87,14:20-14:30,36.62406857142878
2025-11-30,89,90,14:40-15:00,36.958675238095054
2025-11-30,93,93,15:20-15:30,23.510745714285747
2025-11-30,96,96,15:50-16:00,23.29564523809546
2025-11-30,101,102,16:40-17:00,19.737333809523584
2025-11-30,105,107,17:20-17:50,23.787680952380537
2025-11-30,110,111,18:10-18:30,18.308163809524117
2025-11-30,113,114,18:40-19:00,48.9447252380952
2025-11-30,120,120,19:50-20:00,21.0295766666668
2025-11-30,122,123,20:10-20:30,40.008326666666676
2025-11-30,127,129,21:00-21:30,78.0196666666667
2025-11-30,132,133,21:50-22:10,21.827093333333096
2025-11-30,136,137,22:30-22:50,30.392755999999963
2025-11-30,139,140,23:00-23:20,19.995836666666946
2025-11-30,144,144,23:50-24:00,19.016923333333352
2025-12-01,1,1,00:00-00:10,72.09747333333337
2025-12-01,4,5,00:30-00:50,19.597036666666668
2025-12-01,8,10,01:10-01:40,63.81472333333306
2025-12-01,13,15,02:00-02:30,41.07399999999973
2025-12-01,17,18,02:40-03:00,10.116889999999898
2025-12-01,20,21,03:10-03:30,19.473653333333345
2025-12-01,24,28,03:50-04:40,45.31765666666661
2025-12-01,31,33,05:00-05:30,80.35552059225238
2025-12-01,35,39,05:40-06:30,131.24651137173538
2025-12-01,41,45,06:40-07:30,382.35078273969236
2025-12-01,47,49,07:40-08:10,134.01035400000083
2025-12-01,51,52,08:20-08:40,8.521753333333663
2025-12-01,55,65,09:00-10:50,2649.548919826666
2025-12-01,70,70,11:30-11:40,33.64003076190534
2025-12-01,73,75,12:00-12:30,64.01048809523809
2025-12-01,77,79,12:40-13:10,105.6168395238097
2025-12-01,82,82,13:30-13:40,31.34048476190469
2025-12-01,87,90,14:20-15:00,485.0997789923219
2025-12-01,93,94,15:20-15:40,31.664982190476167
2025-12-01,97,99,16:00-16:30,40.8838333333336
2025-12-01,101,101,16:40-16:50,1.6603947619046338
2025-12-01,105,111,17:20-18:30,126.1917161142842
2025-12-01,113,114,18:40-19:00,188.59559891294586
2025-12-01,117,117,19:20-19:30,31.76225999999997
2025-12-01,120,124,19:50-20:40,413.85132000000226
2025-12-01,126,127,20:50-21:10,50.93432666666661
2025-12-01,130,130,21:30-21:40,9.550966666666795
2025-12-01,133,133,22:00-22:10,19.665113333333466
2025-12-01,136,137,22:30-22:50,39.9434053333332
2025-12-01,142,144,23:30-24:00,68.52866666666637
2025-12-02,1,1,00:00-00:10,30.020626666666658
2025-12-02,3,3,00:20-00:30,27.171760000000063
2025-12-02,8,9,01:10-01:30,38.19436333333351
2025-12-02,11,12,01:40-02:00,67.80282333333332
2025-12-02,15,15,02:20-02:30,18.946286666666424
2025-12-02,17,18,02:40-03:00,24.30282999999997
2025-12-02,21,25,03:20-04:10,61.90522666666641
2025-12-02,28,31,04:30-05:10,103.93596999999977
2025-12-02,34,35,05:30-05:50,59.370150952381124
2025-12-02,37,37,06:00-06:10,35.41800047619029
2025-12-02,40,41,06:30-06:50,13.458012857142847
2025-12-02,44,50,07:10-08:20,329.3824845714282
2025-12-02,54,66,08:50-11:00,3291.3975200154373
2025-12-02,70,70,11:30-11:40,4.83678523809499
2025-12-02,73,74,12:00-12:20,83.56248904761924
2025-12-02,78,79,12:50-13:10,23.632023809523943
2025-12-02,82,82,13:30-13:40,40.01013285714282
2025-12-02,85,89,14:00-14:50,1000.2538818495241
2025-12-02,91,92,15:00-15:20,6.612412380952662
2025-12-02,97,98,16:00-16:20,36.23992457142842
2025-12-02,101,105,16:40-17:30,58.84780382353179
2025-12-02,108,113,17:50-18:50,575.2192598229989
2025-12-02,117,117,19:20-19:30,52.98314000000016
2025-12-02,120,120,19:50-20:00,16.24002999999982
2025-12-02,122,125,20:10-20:50,374.7473558195231
2025-12-02,128,129,21:10-21:30,41.19425000000024
2025-12-02,132,132,21:50-22:00,11.636286666666592
2025-12-02,135,135,22:20-22:30,25.687669999999798
2025-12-02,138,140,22:50-23:20,44.067356666666456
2025-12-02,142,142,23:30-23:40,9.775803333333442
2025-12-03,1,2,00:00-00:20,50.790950000000066
2025-12-03,4,4,00:30-00:40,6.945156666666662
2025-12-03,7,8,01:00-01:20,59.92361666666659
2025-12-03,10,11,01:30-01:50,24.585933333333173
2025-12-03,14,15,02:10-02:30,31.805066666666335
2025-12-03,18,18,02:50-03:00,28.68759
2025-12-03,21,25,03:20-04:10,69.37580666666702
2025-12-03,28,29,04:30-04:50,25.098173333333534
2025-12-03,32,36,05:10-06:00,51.243503809524
2025-12-03,39,40,06:20-06:40,36.907120476190435
2025-12-03,43,45,07:00-07:30,82.53332142857137
2025-12-03,48,51,07:50-08:30,27.074270571427974
2025-12-03,53,54,08:40-09:00,78.98184523809516
2025-12-03,57,59,09:20-09:50,885.8892664761902
2025-12-03,61,64,10:00-10:40,669.1839771343623
2025-12-03,68,69,11:10-11:30,132.21393476190542
2025-12-03,72,73,11:50-12:10,61.28227809523776
2025-12-03,76,77,12:30-12:50,57.76308047619045
2025-12-03,81,82,13:20-13:40,89.86110238095259
2025-12-03,86,89,14:10-14:50,939.0630563921106
2025-12-03,96,96,15:50-16:00,29.117606190476238
2025-12-03,98,100,16:10-16:40,59.351262130512126
2025-12-03,105,111,17:20-18:30,101.54875626910304
2025-12-03,113,115,18:40-19:10,273.7989954936886
2025-12-03,120,126,19:50-21:00,127.22671666666304
2025-12-03,129,130,21:20-21:40,37.621930000000134
2025-12-03,133,133,22:00-22:10,1.7569733333332351
2025-12-03,136,137,22:30-22:50,17.017843999999968
2025-12-03,139,140,23:00-23:20,35.70493666666698
2025-12-03,142,142,23:30-23:40,22.470923333333303
2025-12-04,1,1,00:00-00:10,48.36961999999983
2025-12-04,5,6,00:40-01:00,88.20605333333333
2025-12-04,9,9,01:20-01:30,44.22415666666666
2025-12-04,12,14,01:50-02:20,29.041116666666767
2025-12-04,16,17,02:30-02:50,10.750930000000153
2025-12-04,20,22,03:10-03:40,65.68129333333331
2025-12-04,25,26,04:00-04:20,32.68299999999999
2025-12-04,28,28,04:30-04:40,16.316673333333483
2025-12-04,31,32,05:00-05:20,33.608636666666655
2025-12-04,35,36,05:40-06:00,51.1970414285712
2025-12-04,39,40,06:20-06:40,65.42031857142841
2025-12-04,43,43,07:00-07:10,48.34030666666689
2025-12-04,48,50,07:50-08:20,126.37490095238138
2025-12-04,54,54,08:50-09:00,18.173900000000458
2025-12-04,56,62,09:10-10:20,2256.175975775585
2025-12-04,64,65,10:30-10:50,182.9014410476192
2025-12-04,67,68,11:00-11:20,28.698698095238115
2025-12-04,75,75,12:20-12:30,17.914271142856933
2025-12-04,82,83,13:30-13:50,64.80033047619023
2025-12-04,85,86,14:00-14:20,42.71074666666635
2025-12-04,88,88,14:30-14:40,18.332539047619434
2025-12-04,92,97,15:10-16:10,51.29142095238106
2025-12-04,100,100,16:30-16:40,36.67187095238113
2025-12-04,103,104,17:00-17:20,35.20626666666678
2025-12-04,106,108,17:30-18:00,55.83933333333357
2025-12-04,113,114,18:40-19:00,25.76580857142835
2025-12-04,119,120,19:40-20:00,57.26695666666683
2025-12-04,123,124,20:20-20:40,64.42612999999994
2025-12-04,127,128,21:00-21:20,17.347130000000107
2025-12-04,131,133,21:40-22:10,39.89722333333361
2025-12-04,137,138,22:40-23:00,60.88182333333339
2025-12-04,140,141,23:10-23:30,28.129886666666607
2025-12-05,1,3,00:00-00:30,47.07566666666662
2025-12-05,6,7,00:50-01:10,82.33193000000006
2025-12-05,10,12,01:30-02:00,58.95433333333324
2025-12-05,15,18,02:20-03:00,67.54539666666676
2025-12-05,21,23,03:20-03:50,39.980310000000145
2025-12-05,25,26,04:00-04:20,49.93799333333334
2025-12-05,29,30,04:40-05:00,74.44678333333349
2025-12-05,33,33,05:20-05:30,16.52271666666661
2025-12-05,36,37,05:50-06:10,32.22194380952391
2025-12-05,40,42,06:30-07:00,92.19513095238085
2025-12-05,45,48,07:20-08:00,62.08028095238109
2025-12-05,50,57,08:10-09:30,895.879069806669
2025-12-05,60,63,09:50-10:30,104.76975142857157
2025-12-05,66,66,10:50-11:00,0.9525952380953413
2025-12-05,69,70,11:20-11:40,23.019785238095437
2025-12-05,73,74,12:00-12:20,30.173445809523628
2025-12-05,77,81,12:40-13:30,124.96631238095199
2025-12-05,84,84,13:50-14:00,19.493160476190496
2025-12-05,87,87,14:20-14:30,5.104382380952529
2025-12-05,91,91,15:00-15:10,26.857276666666905
2025-12-05,94,95,15:30-15:50,39.69579619047579
2025-12-05,100,104,16:30-17:20,69.07783809523819
2025-12-05,107,108,17:40-18:00,10.245932380952285
2025-12-05,111,112,18:20-18:40,24.7648242857141
2025-12-05,115,115,19:00-19:10,2.9658766666665883
2025-12-05,118,119,19:30-19:50,42.176426666666714
2025-12-05,123,123,20:20-20:30,6.293353333333414
2025-12-05,125,126,20:40-21:00,15.88823333333329
2025-12-05,129,131,21:20-21:50,90.59816333333339
2025-12-05,134,135,22:10-22:30,74.66126999999989
2025-12-05,138,138,22:50-23:00,23.752656666666553
2025-12-05,140,141,23:10-23:30,84.99318999999991
2025-12-05,144,144,23:50-24:00,32.005769999999984
2025-12-06,1,3,00:00-00:30,61.25166666666678
2025-12-06,6,6,00:50-01:00,33.913573333333375
2025-12-06,9,9,01:20-01:30,8.326936666666711
2025-12-06,11,13,01:40-02:10,53.73669666666666
2025-12-06,16,17,02:30-02:50,58.682296666666616
2025-12-06,20,24,03:10-04:00,70.21031666666647
2025-12-06,27,30,04:20-05:00,49.454249999999774
2025-12-06,33,36,05:20-06:00,50.35895000000019
2025-12-06,38,39,06:10-06:30,27.3152504761905
2025-12-06,41,42,06:40-07:00,45.74842190476204
2025-12-06,45,46,07:20-07:40,24.097365238095392
2025-12-06,49,59,08:00-09:50,861.7198014590433
2025-12-06,62,66,10:10-11:00,90.48012428571417
2025-12-06,68,68,11:10-11:20,10.875839523809532
2025-12-06,71,72,11:40-12:00,64.92508809523838
2025-12-06,75,75,12:20-12:30,12.680870476190762
2025-12-06,78,78,12:50-13:00,14.349845238095213
2025-12-06,80,81,13:10-13:30,43.677170952381175
2025-12-06,85,86,14:00-14:20,92.18960047619044
2025-12-06,91,92,15:00-15:20,114.49923619047627
2025-12-06,94,94,15:30-15:40,0.8270780952379937
2025-12-06,96,98,15:50-16:20,61.31707171428573
2025-12-06,100,101,16:30-16:50,76.81617871252362
2025-12-06,103,104,17:00-17:20,41.86941285714279
2025-12-06,107,108,17:40-18:00,176.08291393930756
2025-12-06,111,112,18:20-18:40,101.82551857143199
2025-12-06,114,117,18:50-19:30,49.59504571428579
2025-12-06,121,123,20:00-20:30,148.2569876190471
2025-12-06,125,127,20:40-21:10,456.00071999999994
2025-12-06,131,132,21:40-22:00,72.42164666666679
2025-12-06,136,137,22:30-22:50,15.187275333333446
2025-12-06,139,143,23:00-23:50,53.30008333333353
2025-12-07,1,5,00:00-00:50,53.537126666666836
2025-12-07,8,9,01:10-01:30,59.82099000000005
2025-12-07,13,14,02:00-02:20,42.97719000000029
2025-12-07,16,16,02:30-02:40,7.345060000000103
2025-12-07,19,19,03:00-03:10,53.30548666666664
2025-12-07,22,24,03:30-04:00,52.49433333333343
2025-12-07,27,28,04:20-04:40,38.185613333333094
2025-12-07,31,32,05:00-05:20,29.35160000000009
2025-12-07,35,36,05:40-06:00,76.25367809523823
2025-12-07,39,40,06:20-06:40,49.67717904761921
2025-12-07,43,43,07:00-07:10,2.5336066666667776
2025-12-07,46,48,07:30-08:00,55.037319142856774
2025-12-07,55,61,09:00-10:10,62.761137619047645
2025-12-07,64,65,10:30-10:50,77.95262190476242
2025-12-07,70,70,11:30-11:40,25.907523333333415
2025-12-07,75,75,12:20-12:30,16.532033904761647
2025-12-07,78,78,12:50-13:00,37.26187809523822
2025-12-07,82,83,13:30-13:50,96.96445428571434
2025-12-07,85,85,14:00-14:10,29.654625714285714
2025-12-07,88,90,14:30-15:00,78.24326190476171
2025-12-07,94,94,15:30-15:40,3.5716970679572455
2025-12-07,97,97,16:00-16:10,3.6463357730732184
2025-12-07,100,100,16:30-16:40,19.31721076190432
2025-12-07,106,106,17:30-17:40,13.14498980952385
2025-12-07,109,110,18:00-18:20,23.49601095238105
2025-12-07,112,112,18:30-18:40,32.30403999999987
2025-12-07,115,117,19:00-19:30,51.91066666666666
2025-12-07,120,123,19:50-20:30,67.70833666666681
2025-12-07,126,126,20:50-21:00,14.3677899999999
2025-12-07,128,129,21:10-21:30,53.051889999999844
2025-12-07,132,134,21:50-22:20,37.630179999999996
2025-12-07,138,141,22:50-23:30,64.9991733333336
2025-12-08,14,14,02:10-02:20,2.5691699999999855
2025-12-08,22,23,03:30-03:50,4.706486666666706
2025-12-08,39,40,06:20-06:40,64.65722285714304
2025-12-08,43,43,07:00-07:10,31.777650000000058
2025-12-08,50,51,08:10-08:30,9.243554285713685
2025-12-08,55,58,09:00-09:40,92.06716714285722
2025-12-08,61,61,10:00-10:10,3.6383652380949343
2025-12-08,64,68,10:30-11:20,130.51280904761913
2025-12-08,72,73,11:50-12:10,43.60388676190496
2025-12-08,79,80,13:00-13:20,49.092969047619164
2025-12-08,82,82,13:30-13:40,23.402551428571314
2025-12-08,86,87,14:10-14:30,22.232775238095257
2025-12-08,90,91,14:50-15:10,40.389906190476324
2025-12-08,109,109,18:00-18:10,7.579008013374278
2025-12-08,113,114,18:40-19:00,33.90688333333327
2025-12-08,117,119,19:20-19:50,28.582456666666303
2025-12-08,123,124,20:20-20:40,74.07227333333321
2025-12-08,127,128,21:00-21:20,40.583740000000375
2025-12-08,130,131,21:30-21:50,20.26293333333342
2025-12-08,133,134,22:00-22:20,31.080484666666507
2025-12-08,140,143,23:10-23:50,34.48208333333332
2025-12-09,3,3,00:20-00:30,17.667314000000147
2025-12-09,5,6,00:40-01:00,43.97505333333322
2025-12-09,10,10,01:30-01:40,26.785383333333243
2025-12-09,19,20,03:00-03:20,21.041596666666464
2025-12-09,36,36,05:50-06:00,21.612456666666617
2025-12-09,38,39,06:10-06:30,37.542352857143214
2025-12-09,42,42,06:50-07:00,2.0900866666667524
2025-12-09,44,45,07:10-07:30,63.475371428571535
2025-12-09,48,49,07:50-08:10,51.90741190476183
2025-12-09,52,52,08:30-08:40,26.47611809523812
2025-12-09,55,55,09:00-09:10,29.13313095238061
2025-12-09,58,60,09:30-10:00,59.89155952380918
2025-12-09,63,63,10:20-10:30,21.521687619047952
2025-12-09,65,65,10:40-10:50,13.048294285714064
2025-12-09,69,69,11:20-11:30,14.033704952380276
2025-12-09,79,80,13:00-13:20,53.792532476190985
2025-12-09,83,84,13:40-14:00,44.943246190475975
2025-12-09,88,90,14:30-15:00,61.586119047618865
2025-12-09,103,103,17:00-17:10,7.193550380952047
2025-12-09,106,106,17:30-17:40,23.04531743945904
2025-12-09,109,111,18:00-18:30,32.88666666666664
2025-12-09,117,118,19:20-19:40,72.75995999999998
2025-12-09,121,123,20:00-20:30,67.89866666666694
2025-12-09,126,127,20:50-21:10,11.270286666666834
2025-12-09,131,132,21:40-22:00,44.91997333333302
2025-12-09,135,136,22:20-22:40,34.474113333333435
2025-12-09,139,140,23:00-23:20,17.412496666666584
2025-12-09,142,143,23:30-23:50,11.336396666666815
2025-12-10,3,3,00:20-00:30,7.913610000000176
2025-12-10,7,8,01:00-01:20,34.247164864197885
2025-12-10,20,21,03:10-03:30,17.30083066666657
2025-12-10,37,38,06:00-06:20,44.442886666666595
2025-12-10,43,44,07:00-07:20,57.12524047619042
2025-12-10,51,51,08:20-08:30,13.219822380952223
2025-12-10,53,57,08:40-09:30,76.23686857142917
2025-12-10,62,64,10:10-10:40,147.1640795238096
2025-12-10,67,67,11:00-11:10,15.58186285714271
2025-12-10,73,74,12:00-12:20,95.68208714285731
2025-12-10,82,82,13:30-13:40,1.7743185714288074
2025-12-10,86,87,14:10-14:30,85.06441523809525
2025-12-10,90,90,14:50-15:00,4.553047142856997
2025-12-10,92,92,15:10-15:20,2.8686924761911428
2025-12-10,95,95,15:40-15:50,0.2119990476193152
2025-12-10,99,99,16:20-16:30,10.04080238095203
2025-12-10,105,105,17:20-17:30,5.801499604075843
2025-12-10,109,109,18:00-18:10,24.12835801337428
2025-12-10,113,115,18:40-19:10,63.492863333333474
2025-12-10,119,120,19:40-20:00,18.795933333333323
2025-12-10,123,128,20:20-21:20,66.61925333333295
2025-12-10,131,133,21:40-22:10,23.77260666666689
2025-12-10,135,138,22:20-23:00,22.203019999999697
2025-12-10,143,143,23:40-23:50,9.103916666666919
2025-12-11,1,1,00:00-00:10,35.248214666666286
2025-12-11,4,6,00:30-01:00,37.336666666666815
2025-12-11,36,36,05:50-06:00,44.17970666666679
2025-12-11,40,43,06:30-07:10,20.95616476190475
2025-12-11,49,53,08:00-08:50,47.55233809523804
2025-12-11,55,55,09:00-09:10,3.1965338095239986
2025-12-11,58,59,09:30-09:50,24.081743333333293
2025-12-11,62,63,10:10-10:30,58.8750195238099
2025-12-11,68,72,11:10-12:00,119.05314666666663
2025-12-11,84,84,13:50-14:00,0.41628761904786415
2025-12-11,87,87,14:20-14:30,38.51718428571411
2025-12-11,105,105,17:20-17:30,7.094213809523808
2025-12-11,109,109,18:00-18:10,19.709013333333246
2025-12-11,112,112,18:30-18:40,17.909376666666617
2025-12-11,115,117,19:00-19:30,92.86200000000031
2025-12-11,120,121,19:50-20:10,54.03384999999969
2025-12-11,124,125,20:30-20:50,46.945246666666776
2025-12-11,128,129,21:10-21:30,18.919926666666356
2025-12-11,131,132,21:40-22:00,44.7870966666668
2025-12-11,134,135,22:10-22:30,38.18244666666658
2025-12-11,138,138,22:50-23:00,47.6890966666665
2025-12-11,141,142,23:20-23:40,46.661783333333005
2025-12-12,4,4,00:30-00:40,21.911926333333554
2025-12-12,8,9,01:10-01:30,11.031443999999908
2025-12-12,32,32,05:10-05:20,4.094612380952299
2025-12-12,37,39,06:00-06:30,30.811666666666724
2025-12-12,42,44,06:50-07:20,48.7739347619048
2025-12-12,47,48,07:40-08:00,59.55358238095249
2025-12-12,51,52,08:20-08:40,57.6318919047618
2025-12-12,55,55,09:00-09:10,34.06724619047607
2025-12-12,58,59,09:30-09:50,103.68695666666645
2025-12-12,63,65,10:20-10:50,55.88410142857197
2025-12-12,67,68,11:00-11:20,19.90508238095242
2025-12-12,70,71,11:30-11:50,63.79094952380956
2025-12-12,73,74,12:00-12:20,44.417834285714434
2025-12-12,77,78,12:40-13:00,69.62876333333338
2025-12-12,100,100,16:30-16:40,2.2992421904762637
2025-12-12,102,103,16:50-17:10,4.879919047619069
2025-12-12,108,110,17:50-18:20,56.24571666666645
2025-12-12,112,113,18:30-18:50,6.953112380952291
2025-12-12,115,115,19:00-19:10,13.231246666666777
2025-12-12,121,122,20:00-20:20,79.6843066666666
2025-12-12,124,126,20:30-21:00,27.223333333333358
2025-12-12,131,133,21:40-22:10,83.44064999999983
2025-12-12,137,138,22:40-23:00,56.22403999999983
2025-12-12,143,143,23:40-23:50,20.85717799999975
2025-12-13,3,4,00:20-00:40,33.03569666666675
2025-12-13,7,11,01:00-01:50,14.441190000000063
2025-12-13,15,17,02:20-02:50,11.2343166666667
2025-12-13,36,37,05:50-06:10,38.483556666666686
2025-12-13,41,42,06:40-07:00,38.143392857143
2025-12-13,44,45,07:10-07:30,34.33486476190478
2025-12-13,47,48,07:40-08:00,26.501426666666646
2025-12-13,51,52,08:20-08:40,30.7129076190474
2025-12-13,55,56,09:00-09:20,33.44331952380952
2025-12-13,58,62,09:30-10:20,60.51306571428563
2025-12-13,67,67,11:00-11:10,26.93872904761929
2025-12-13,70,71,11:30-11:50,43.521982095238286
2025-12-13,75,78,12:20-13:00,42.951642828203035
2025-12-13,101,101,16:40-16:50,18.057760285714547
2025-12-13,108,109,17:50-18:10,71.76032809523798
2025-12-13,115,116,19:00-19:20,32.54778666666664
2025-12-13,119,120,19:40-20:00,63.747209999999995
2025-12-13,123,123,20:20-20:30,9.808843333333357
2025-12-13,125,126,20:40-21:00,18.60181666666648
2025-12-13,129,130,21:20-21:40,35.04048000000006
2025-12-13,134,134,22:10-22:20,3.0329900000000407
2025-12-13,137,138,22:40-23:00,18.467576666666673
2025-12-13,140,141,23:10-23:30,62.225779999999986
2025-12-14,4,4,00:30-00:40,19.02322833333369
2025-12-14,7,7,01:00-01:10,1.0310000000000628
2025-12-14,28,28,04:30-04:40,1.3663693333331821
2025-12-14,37,38,06:00-06:20,41.954446666666854
2025-12-14,40,42,06:30-07:00,30.405976190476544
2025-12-14,49,50,08:00-08:20,47.97653380952386
2025-12-14,52,53,08:30-08:50,46.567249523809096
2025-12-14,56,57,09:10-09:30,27.562799047618967
2025-12-14,61,63,10:00-10:30,143.538571428571
2025-12-14,65,66,10:40-11:00,64.75136571428595
2025-12-14,71,72,11:40-12:00,16.3241232380949
2025-12-14,74,74,12:10-12:20,0.7055958095237429
2025-12-14,85,87,14:00-14:30,80.52582142857125
2025-12-14,90,91,14:50-15:10,28.898306666666826
2025-12-14,95,95,15:40-15:50,4.610849523809804
2025-12-14,100,100,16:30-16:40,10.113721333333288
2025-12-14,104,104,17:10-17:20,22.41956491828283
2025-12-14,109,110,18:00-18:20,22.247823428571564
2025-12-14,113,117,18:40-19:30,63.334679999999906
2025-12-14,119,121,19:40-20:10,52.49887000000024
2025-12-14,125,126,20:40-21:00,37.47292000000016
2025-12-14,128,132,21:10-22:00,33.796833333333325
2025-12-14,135,135,22:20-22:30,3.8241166666666686
2025-12-14,138,140,22:50-23:20,37.25241666666648
2025-12-14,143,144,23:40-24:00,12.205538370116074
2025-12-15,4,6,00:30-01:00,8.60160790946486
2025-12-15,38,39,06:10-06:30,56.83682476190495
2025-12-15,42,44,06:50-07:20,58.96740476190536
2025-12-15,48,48,07:50-08:00,0.8992176190473629
2025-12-15,51,53,08:20-08:50,69.42004190476223
2025-12-15,55,58,09:00-09:40,56.239507619047345
2025-12-15,61,61,10:00-10:10,62.22251809523817
2025-12-15,65,68,10:40-11:20,130.78283671122995
2025-12-15,71,72,11:40-12:00,63.36333142857143
2025-12-15,76,76,12:30-12:40,7.477768761904599
2025-12-15,85,86,14:00-14:20,56.47784476190526
2025-12-15,88,90,14:30-15:00,61.42747619047623
2025-12-15,104,105,17:10-17:30,10.069766842857867
2025-12-15,109,110,18:00-18:20,21.833233051388216
2025-12-15,113,114,18:40-19:00,44.695126666666795
2025-12-15,117,117,19:20-19:30,19.110193333333314
2025-12-15,120,120,19:50-20:00,5.682853333333469
2025-12-15,122,123,20:10-20:30,26.641910000000053
2025-12-15,129,130,21:20-21:40,21.863576666666518
2025-12-15,134,135,22:10-22:30,50.542839999999956
2025-12-15,140,141,23:10-23:30,36.67783333333318
2025-12-16,4,4,00:30-00:40,1.6724100000001272
2025-12-16,38,39,06:10-06:30,33.75161619047617
2025-12-16,42,43,06:50-07:10,58.94009380952389
2025-12-16,48,49,07:50-08:10,10.310688095238106
2025-12-16,52,53,08:30-08:50,38.59925999999996
2025-12-16,55,56,09:00-09:20,41.270204285714044
2025-12-16,59,60,09:40-10:00,32.69089333333318
2025-12-16,64,65,10:30-10:50,118.07222952380945
2025-12-16,68,70,11:10-11:40,89.793793809524
2025-12-16,76,76,12:30-12:40,6.174613809523748
2025-12-16,86,87,14:10-14:30,39.02385761904793
2025-12-16,103,103,17:00-17:10,0.7266403809521762
2025-12-16,106,106,17:30-17:40,10.594863333333251
2025-12-16,109,110,18:00-18:20,37.62521428571426
2025-12-16,113,113,18:40-18:50,2.4067333333333067
2025-12-16,115,118,19:00-19:40,26.330526666666515
2025-12-16,121,122,20:00-20:20,44.34557999999993
2025-12-16,124,126,20:30-21:00,22.997333333333472
2025-12-16,130,131,21:30-21:50,48.510279999999966
2025-12-16,133,133,22:00-22:10,26.272573333333185
2025-12-16,137,137,22:40-22:50,13.140453333333198
2025-12-16,139,140,23:00-23:20,43.66314999999986
2025-12-16,142,143,23:30-23:50,23.414573333333465
2025-12-17,4,4,00:30-00:40,9.434256666666784
2025-12-17,7,7,01:00-01:10,0.5457386666665798
2025-12-17,32,32,05:10-05:20,9.037036190476442
2025-12-17,35,35,05:40-05:50,2.600175714285456
2025-12-17,37,37,06:00-06:10,3.4037661904761762
2025-12-17,40,41,06:30-06:50,92.22650000000006
2025-12-17,49,49,08:00-08:10,32.03531238095229
2025-12-17,52,52,08:30-08:40,10.414523333333477
2025-12-17,55,56,09:00-09:20,91.79172571428558
2025-12-17,61,62,10:00-10:20,20.458706190476505
2025-12-17,65,65,10:40-10:50,15.463067619047479
2025-12-17,69,69,11:20-11:30,23.606592380952293
2025-12-17,84,85,13:50-14:10,32.08761857142821
2025-12-17,88,89,14:30-14:50,35.616747619047715
2025-12-17,106,106,17:30-17:40,3.6687536190477203
2025-12-17,110,111,18:10-18:30,21.018597142857047
2025-12-17,116,117,19:10-19:30,11.794329999999945
2025-12-17,121,124,20:00-20:40,65.3141466666666
2025-12-17,127,129,21:00-21:30,76.39333333333343
2025-12-17,132,132,21:50-22:00,25.16049999999973
2025-12-17,135,136,22:20-22:40,11.328778666666494
2025-12-17,140,142,23:10-23:40,56.382953333333035
2025-12-18,3,4,00:20-00:40,13.46610133333354
2025-12-18,11,12,01:40-02:00,49.64242066666645
2025-12-18,19,19,03:00-03:10,5.913706666666826
2025-12-18,38,38,06:10-06:20,0.4039166666668734
2025-12-18,40,45,06:30-07:30,73.43682142857081
2025-12-18,48,52,07:50-08:40,51.87537000000009
2025-12-18,56,57,09:10-09:30,77.39874999999995
2025-12-18,60,62,09:50-10:20,94.09969095238137
2025-12-18,84,84,13:50-14:00,23.929860000000133
2025-12-18,86,87,14:10-14:30,20.591570476190498
2025-12-18,90,90,14:50-15:00,25.192217619047483
2025-12-18,109,109,18:00-18:10,13.215485333333504
2025-12-18,113,113,18:40-18:50,3.771325714285666
2025-12-18,116,117,19:10-19:30,48.2281733333333
2025-12-18,121,122,20:00-20:20,11.88577333333319
2025-12-18,124,126,20:30-21:00,41.20533333333333
2025-12-18,130,133,21:30-22:10,61.56696333333343
2025-12-18,137,138,22:40-23:00,32.29013333333319
2025-12-18,141,141,23:20-23:30,7.213476666666793
2025-12-19,4,5,00:30-00:50,15.924876666666648
2025-12-19,36,36,05:50-06:00,12.388219999999933
2025-12-19,39,40,06:20-06:40,18.04065047619042
2025-12-19,43,43,07:00-07:10,27.606710952380922
2025-12-19,46,47,07:30-07:50,90.4153600000001
2025-12-19,51,52,08:20-08:40,5.8003833333334
2025-12-19,54,54,08:50-09:00,2.0777057142855426
2025-12-19,58,58,09:30-09:40,19.56384857142848
2025-12-19,61,62,10:00-10:20,32.95087952380982
2025-12-19,65,66,10:40-11:00,34.984563809523706
2025-12-19,68,68,11:10-11:20,17.37062904761899
2025-12-19,72,72,11:50-12:00,1.1863572380952974
2025-12-19,100,100,16:30-16:40,11.873637185713335
2025-12-19,104,105,17:10-17:30,18.8866266666667
2025-12-19,108,108,17:50-18:00,4.762978571428675
2025-12-19,111,113,18:20-18:50,65.55878428571441
2025-12-19,116,117,19:10-19:30,31.467686666666452
2025-12-19,120,120,19:50-20:00,16.48123333333325
2025-12-19,122,123,20:10-20:30,58.38136333333341
2025-12-19,126,129,20:50-21:30,28.54040666666657
2025-12-19,134,135,22:10-22:30,48.26992000000013
2025-12-19,138,139,22:50-23:10,30.89166666666665
2025-12-19,142,143,23:30-23:50,34.56405666666683
2025-12-20,1,1,00:00-00:10,11.215883638961941
2025-12-20,10,11,01:30-01:50,26.516386032253024
2025-12-20,37,38,06:00-06:20,72.01107999999994
2025-12-20,40,41,06:30-06:50,53.7948066666666
2025-12-20,44,45,07:10-07:30,43.06495523809506
2025-12-20,47,48,07:40-08:00,50.756816666666964
2025-12-20,51,53,08:20-08:50,29.682521428571107
2025-12-20,56,57,09:10-09:30,27.329847142857197
2025-12-20,64,65,10:30-10:50,26.587280952380752
2025-12-20,68,68,11:10-11:20,5.403558095237827
2025-12-20,104,104,17:10-17:20,5.627158248089369
2025-12-20,110,112,18:10-18:40,41.74001333333342
2025-12-20,115,115,19:00-19:10,20.87640666666664
2025-12-20,118,119,19:30-19:50,33.83643999999987
2025-12-20,123,125,20:20-20:50,28.81881666666652
2025-12-20,127,127,21:00-21:10,8.157273333333364
2025-12-20,130,132,21:30-22:00,36.585333333333324
2025-12-20,136,138,22:30-23:00,14.695999999999913
2025-12-20,142,142,23:30-23:40,4.989396666666835
2025-12-21,8,8,01:10-01:20,14.728427333333457
2025-12-21,10,10,01:30-01:40,2.0040159999997513
2025-12-21,19,19,03:00-03:10,11.27014733333317
2025-12-21,22,23,03:30-03:50,45.02656161365451
2025-12-21,38,39,06:10-06:30,37.456764761905106
2025-12-21,42,43,06:50-07:10,43.649672380952666
2025-12-21,48,48,07:50-08:00,27.85963190476241
2025-12-21,51,53,08:20-08:50,23.55015761904781
2025-12-21,57,58,09:20-09:40,28.934089047618727
2025-12-21,61,67,10:00-11:10,181.5433028571433
2025-12-21,73,73,12:00-12:10,2.8282051428565183
2025-12-21,84,84,13:50-14:00,17.767167619048053
2025-12-21,87,89,14:20-14:50,73.52840190476195
2025-12-21,105,105,17:20-17:30,16.9722743914283
2025-12-21,109,110,18:00-18:20,4.918630000000866
2025-12-21,112,114,18:30-19:00,16.141000000000133
2025-12-21,117,117,19:20-19:30,14.048163333333378
2025-12-21,119,120,19:40-20:00,70.71533333333343
2025-12-21,124,125,20:30-20:50,38.095696666666754
2025-12-21,127,128,21:00-21:20,23.36798666666664
2025-12-21,130,132,21:30-22:00,33.90833333333319
2025-12-21,137,138,22:40-23:00,50.33558333333349
2025-12-21,142,142,23:30-23:40,46.02493800000002
2025-12-22,4,5,00:30-00:50,9.064564333333692
2025-12-22,7,8,01:00-01:20,9.572290666666731
2025-12-22,40,44,06:30-07:20,75.19842047619053
2025-12-22,49,50,08:00-08:20,41.73487666666688
2025-12-22,52,52,08:30-08:40,11.959183809523665
2025-12-22,58,59,09:30-09:50,56.58465380952373
2025-12-22,62,63,10:10-10:30,77.11932904761932
2025-12-22,69,69,11:20-11:30,5.607421809523544
2025-12-22,84,87,13:50-14:30,43.46867761904798
2025-12-22,103,104,17:00-17:20,14.441582914755248
2025-12-22,107,109,17:40-18:10,27.731847102957037
2025-12-22,112,112,18:30-18:40,5.794453333333195
2025-12-22,115,116,19:00-19:20,31.796179999999822
2025-12-22,118,120,19:30-20:00,12.223000000000184
2025-12-22,125,128,20:40-21:20,26.53859
2025-12-22,132,132,21:50-22:00,17.41026666666653
2025-12-22,137,137,22:40-22:50,8.679650000000038
2025-12-22,140,143,23:10-23:50,30.581334666666862
2025-12-23,4,4,00:30-00:40,3.9855776666666998
2025-12-23,37,37,06:00-06:10,6.621733809523903
2025-12-23,40,43,06:30-07:10,29.66878095238075
2025-12-23,48,48,07:50-08:00,7.616652857142526
2025-12-23,50,52,08:10-08:40,64.68401142857124
2025-12-23,55,56,09:00-09:20,58.3229266666666
2025-12-23,59,60,09:40-10:00,111.3976780952379
2025-12-23,63,65,10:20-10:50,55.53026904761907
2025-12-23,86,88,14:10-14:40,29.101188095238342
2025-12-23,105,106,17:20-17:40,17.636313091428974
2025-12-23,110,110,18:10-18:20,12.341589834468975
2025-12-23,115,118,19:00-19:40,61.99940333333279
2025-12-23,121,122,20:00-20:20,49.39442999999994
2025-12-23,126,127,20:50-21:10,2.9061033333333626
2025-12-23,129,131,21:20-21:50,61.70544333333294
2025-12-23,134,135,22:10-22:30,39.78519666666659
2025-12-23,138,138,22:50-23:00,2.3089833333333445
2025-12-23,140,141,23:10-23:30,20.675340000000006
2025-12-24,1,1,00:00-00:10,12.321545999999898
2025-12-24,37,37,06:00-06:10,26.67425761904758
2025-12-24,40,41,06:30-06:50,74.65574333333335
2025-12-24,48,48,07:50-08:00,11.22077476190475
2025-12-24,51,51,08:20-08:30,3.0717123809524765
2025-12-24,53,55,08:40-09:10,49.826843333333386
2025-12-24,57,60,09:20-10:00,68.51900095238125
2025-12-24,63,65,10:20-10:50,22.189312857142568
2025-12-24,82,82,13:30-13:40,9.825358579657404
2025-12-24,86,86,14:10-14:20,5.263835238095169
2025-12-24,89,90,14:40-15:00,25.180612476190788
2025-12-24,102,102,16:50-17:00,26.04657904761916
2025-12-24,108,108,17:50-18:00,2.252634975441083
2025-12-24,112,114,18:30-19:00,32.432666666666876
2025-12-24,117,119,19:20-19:50,24.776333333333582
2025-12-24,122,123,20:10-20:30,5.91535333333286
2025-12-24,127,131,21:00-21:50,34.94891999999993
2025-12-24,134,137,22:10-22:50,62.501523333333125
2025-12-24,142,142,23:30-23:40,17.978663333333543
2025-12-25,4,4,00:30-00:40,18.685021000000233
2025-12-25,8,8,01:10-01:20,40.195756666666625
2025-12-25,37,37,06:00-06:10,34.97124095238121
2025-12-25,41,42,06:40-07:00,49.20660619047578
2025-12-25,45,45,07:20-07:30,7.314142857142926
2025-12-25,51,52,08:20-08:40,73.14409476190508
2025-12-25,56,57,09:10-09:30,69.93000333333339
2025-12-25,60,62,09:50-10:20,30.969212380952627
2025-12-25,64,64,10:30-10:40,20.198299523809396
2025-12-25,68,69,11:10-11:30,36.8675187619051
2025-12-25,71,73,11:40-12:10,90.48499638095211
2025-12-25,84,84,13:50-14:00,2.334917619047701
2025-12-25,86,87,14:10-14:30,51.423656666666375
2025-12-25,108,108,17:50-18:00,4.417460637347062
2025-12-25,112,112,18:30-18:40,16.50889466666672
2025-12-25,115,116,19:00-19:20,26.2573133333334
2025-12-25,118,119,19:30-19:50,53.83189333333337
2025-12-25,123,125,20:20-20:50,39.29961666666668
2025-12-25,128,129,21:10-21:30,8.476463333333413
2025-12-25,131,132,21:40-22:00,1.5122366666668086
2025-12-25,134,135,22:10-22:30,27.62855000000002
2025-12-25,140,142,23:10-23:40,67.86343800000031
2025-12-26,37,38,06:00-06:20,52.00110333333345
2025-12-26,41,42,06:40-07:00,31.66780904761913
2025-12-26,45,47,07:20-07:50,25.608777142857306
2025-12-26,49,50,08:00-08:20,23.983816666666712
2025-12-26,53,54,08:40-09:00,15.933578571428768
2025-12-26,59,61,09:40-10:10,65.32105809523819
2025-12-26,64,64,10:30-10:40,37.39944952380961
2025-12-26,87,87,14:20-14:30,16.756811238095338
2025-12-26,109,109,18:00-18:10,45.307543333333285
2025-12-26,112,113,18:30-18:50,22.6517833333333
2025-12-26,116,117,19:10-19:30,11.282853333333321
2025-12-26,122,123,20:10-20:30,36.07889666666671
2025-12-26,126,128,20:50-21:20,27.878010000000074
2025-12-26,131,133,21:40-22:10,34.00907666666643
2025-12-26,136,136,22:30-22:40,15.902205333333313
2025-12-26,139,140,23:00-23:20,25.256573999999773
2025-12-27,4,4,00:30-00:40,15.818659999999909
2025-12-27,37,39,06:00-06:30,17.591000000000008
2025-12-27,41,42,06:40-07:00,44.8321552380952
2025-12-27,44,45,07:10-07:30,57.65094238095256
2025-12-27,50,51,08:10-08:30,41.56070523809521
2025-12-27,54,58,08:50-09:40,80.5428685714285
2025-12-27,61,65,10:00-10:50,44.653191904761684
2025-12-27,69,70,11:20-11:40,21.631259999999884
2025-12-27,102,104,16:50-17:20,17.128900476190417
2025-12-27,107,108,17:40-18:00,34.856169999999864
2025-12-27,112,113,18:30-18:50,63.79987142857141
2025-12-27,116,116,19:10-19:20,5.115446666666571
2025-12-27,119,120,19:40-20:00,39.876936666666666
2025-12-27,122,123,20:10-20:30,21.027956666666796
2025-12-27,127,129,21:00-21:30,36.48133333333345
2025-12-27,134,136,22:10-22:40,76.19477333333327
2025-12-27,140,141,23:10-23:30,37.56882933333395
2025-12-28,2,2,00:10-00:20,3.56058999999982
2025-12-28,37,40,06:00-06:40,31.562802857142877
2025-12-28,43,45,07:00-07:30,38.72105952380944
2025-12-28,48,48,07:50-08:00,35.61409809523809
2025-12-28,52,52,08:30-08:40,13.100455714285886
2025-12-28,58,61,09:30-10:10,46.6357428571427
2025-12-28,64,65,10:30-10:50,28.926552857142724
2025-12-28,69,70,11:20-11:40,32.78233961904732
2025-12-28,85,85,14:00-14:10,29.10295619047588
2025-12-28,88,88,14:30-14:40,4.966645714286017
2025-12-28,106,107,17:30-17:50,24.39031828571444
2025-12-28,110,111,18:10-18:30,44.05439666666688
2025-12-28,115,116,19:00-19:20,28.022230000000036
2025-12-28,118,119,19:30-19:50,8.623053333333132
2025-12-28,122,123,20:10-20:30,54.35167999999999
2025-12-28,126,126,20:50-21:00,13.692866666666532
2025-12-28,128,129,21:10-21:30,18.69803666666678
2025-12-28,136,137,22:30-22:50,23.346899333332658
2025-12-28,140,140,23:10-23:20,3.4603040000004057
2025-12-28,142,142,23:30-23:40,2.1759533333331547
2025-12-29,37,38,06:00-06:20,93.72132999999997
2025-12-29,41,41,06:40-06:50,2.970462857142593
2025-12-29,49,50,08:00-08:20,41.740920952380634
2025-12-29,52,52,08:30-08:40,8.420315238094986
2025-12-29,55,56,09:00-09:20,37.56358523809547
2025-12-29,58,58,09:30-09:40,0.8712228571423566
2025-12-29,61,65,10:00-10:50,107.7129028571427
2025-12-29,86,87,14:10-14:30,144.2448076190476
2025-12-29,99,99,16:20-16:30,28.226780476190513
2025-12-29,102,102,16:50-17:00,20.975521047619168
2025-12-29,115,117,19:00-19:30,47.708000000000084
2025-12-29,119,120,19:40-20:00,21.059653333333245
2025-12-29,125,126,20:40-21:00,29.074113333333685
2025-12-29,128,129,21:10-21:30,42.76569333333316
2025-12-29,132,132,21:50-22:00,19.61514000000011
2025-12-29,134,136,22:10-22:40,36.627303333333316
2025-12-29,140,141,23:10-23:30,13.867300666666324
2025-12-29,143,143,23:40-23:50,2.889347999999927
2025-12-30,4,4,00:30-00:40,9.29870166666717
2025-12-30,37,38,06:00-06:20,2.7567433333334748
2025-12-30,40,40,06:30-06:40,11.56989238095252
2025-12-30,43,44,07:00-07:20,64.87760095238109
2025-12-30,48,49,07:50-08:10,38.85640619047581
2025-12-30,52,56,08:30-09:20,99.07497714285682
2025-12-30,61,62,10:00-10:20,41.81449142857139
2025-12-30,64,64,10:30-10:40,13.065376666666566
2025-12-30,84,84,13:50-14:00,22.168289999999672
2025-12-30,87,89,14:20-14:50,97.35274476190483
2025-12-30,112,112,18:30-18:40,14.38746999999978
2025-12-30,116,116,19:10-19:20,10.159526666666807
2025-12-30,119,120,19:40-20:00,49.54689666666661
2025-12-30,123,123,20:20-20:30,15.325389999999743
2025-12-30,126,127,20:50-21:10,36.04059000000018
2025-12-30,130,130,21:30-21:40,14.542416666666895
2025-12-30,133,134,22:00-22:20,30.832914000000187
2025-12-30,136,137,22:30-22:50,5.980033333333495
2025-12-30,142,143,23:30-23:50,9.38727266666615
2025-12-31,11,11,01:40-01:50,14.22903066666629
2025-12-31,39,41,06:20-06:50,87.44339999999966
2025-12-31,49,49,08:00-08:10,15.000394761905113
2025-12-31,52,53,08:30-08:50,74.887834285714
2025-12-31,58,60,09:30-10:00,129.32891666666637
2025-12-31,65,66,10:40-11:00,35.31320047619079
2025-12-31,69,69,11:20-11:30,51.84489761904808
2025-12-31,85,85,14:00-14:10,10.999151904761447
2025-12-31,88,89,14:30-14:50,74.94556857142845
2025-12-31,111,111,18:20-18:30,4.189924571428719
2025-12-31,116,117,19:10-19:30,61.13242666666679
2025-12-31,120,121,19:50-20:10,19.639046666666445
2025-12-31,124,125,20:30-20:50,35.411339999999996
2025-12-31,127,128,21:00-21:20,34.760459999999966
2025-12-31,131,133,21:40-22:10,41.09010666666677
2025-12-31,137,137,22:40-22:50,16.91742666666687
2025-12-31,140,140,23:10-23:20,2.0288000000000466
2025-12-31,142,144,23:30-24:00,79.82490400000006
