date,start_slot,end_slot,interval_label,emergency_kwh
2025-02-01,7,10,01:00-01:40,63.85674034083428
2025-02-01,13,15,02:00-02:30,100.10782602974058
2025-02-01,18,19,02:50-03:10,9.76133818265555
2025-02-01,22,22,03:30-03:40,8.151326528063976
2025-02-01,37,37,06:00-06:10,14.884526273193728
2025-02-01,40,41,06:30-06:50,6.815006443517063
2025-02-01,46,47,07:30-07:50,79.43796409207971
2025-02-01,52,54,08:30-09:00,98.65032447878485
2025-02-01,57,57,09:20-09:30,34.97703754441386
2025-02-01,60,62,09:50-10:20,86.40328581486301
2025-02-01,64,64,10:30-10:40,9.095499048746888
2025-02-01,67,68,11:00-11:20,34.82460210742033
2025-02-01,92,93,15:10-15:30,27.605678685414205
2025-02-01,109,110,18:00-18:20,27.690083971575064
2025-02-01,114,117,18:50-19:30,80.31940809974992
2025-02-01,121,124,20:00-20:40,43.19607577970794
2025-02-01,127,128,21:00-21:20,88.043162468746
2025-02-01,137,138,22:40-23:00,72.84738525734292
2025-02-01,144,144,23:50-24:00,19.435472818791936
2025-02-02,18,18,02:50-03:00,5.786296881168596
2025-02-02,39,40,06:20-06:40,20.476636533002193
2025-02-02,43,45,07:00-07:30,16.83185616528479
2025-02-02,49,50,08:00-08:20,81.84617156392801
2025-02-02,52,53,08:30-08:50,26.653718165924374
2025-02-02,56,57,09:10-09:30,39.61118262741343
2025-02-02,60,62,09:50-10:20,81.3538042110805
2025-02-02,83,83,13:40-13:50,11.240079182411392
2025-02-02,85,87,14:00-14:30,19.955613168086302
2025-02-02,89,89,14:40-14:50,12.84599857969988
2025-02-02,111,111,18:20-18:30,9.850806540874942
2025-02-02,115,115,19:00-19:10,31.275074627300455
2025-02-02,118,121,19:30-20:10,29.27914240031589
2025-02-02,124,125,20:30-20:50,32.71141694301889
2025-02-02,127,129,21:00-21:30,13.056227135149356
2025-02-02,131,131,21:40-21:50,15.239447611528021
2025-02-02,139,140,23:00-23:20,7.823684596657586
2025-02-02,143,144,23:40-24:00,35.65440023029328
2025-02-03,20,20,03:10-03:20,16.505117251068327
2025-02-03,38,39,06:10-06:30,27.734676306093235
2025-02-03,42,42,06:50-07:00,2.0910724691219826
2025-02-03,49,51,08:00-08:30,62.731750065798565
2025-02-03,54,56,08:50-09:20,116.21685830090462
2025-02-03,58,59,09:30-09:50,24.85327002049121
2025-02-03,62,64,10:10-10:40,104.15648133307013
2025-02-03,69,69,11:20-11:30,3.674280056311545
2025-02-03,81,81,13:20-13:30,5.159496817250101
2025-02-03,84,84,13:50-14:00,26.39138005846644
2025-02-03,88,89,14:30-14:50,37.35234184197168
2025-02-03,100,100,16:30-16:40,4.289702482469977
2025-02-03,104,104,17:10-17:20,1.160372544813299
2025-02-03,111,111,18:20-18:30,6.16566112700491
2025-02-03,114,117,18:50-19:30,42.45582860244713
2025-02-03,120,120,19:50-20:00,4.777408494538804
2025-02-03,122,123,20:10-20:30,28.511961165942694
2025-02-03,127,128,21:00-21:20,16.49164848006319
2025-02-03,130,131,21:30-21:50,17.273323720226358
2025-02-03,134,134,22:10-22:20,2.543242716146665
2025-02-03,139,139,23:00-23:10,21.585353750493596
2025-02-03,142,144,23:30-24:00,97.34678707724697
2025-02-04,6,6,00:50-01:00,20.996754349256435
2025-02-04,37,38,06:00-06:20,59.61410584099406
2025-02-04,42,43,06:50-07:10,49.63125474404535
2025-02-04,49,50,08:00-08:20,53.74571926757346
2025-02-04,53,54,08:40-09:00,68.59403092794196
2025-02-04,56,57,09:10-09:30,86.71602264771695
2025-02-04,60,60,09:50-10:00,5.026712727238646
2025-02-04,64,64,10:30-10:40,13.505642262139418
2025-02-04,67,67,11:00-11:10,5.784116044408847
2025-02-04,79,81,13:00-13:30,40.003152445403316
2025-02-04,85,87,14:00-14:30,19.59273851822593
2025-02-04,90,91,14:50-15:10,58.863945490948254
2025-02-04,97,98,16:00-16:20,13.460029193690502
2025-02-04,115,116,19:00-19:20,12.52221610738252
2025-02-04,119,120,19:40-20:00,51.19305866561376
2025-02-04,123,126,20:20-21:00,54.436182425318975
2025-02-04,129,129,21:20-21:30,17.375914172917305
2025-02-04,133,135,22:00-22:30,55.99530834245206
2025-02-04,144,144,23:50-24:00,11.947041222529151
2025-02-05,2,2,00:10-00:20,15.190663653112097
2025-02-05,7,7,01:00-01:10,37.04434334122914
2025-02-05,37,38,06:00-06:20,69.29269011054095
2025-02-05,40,40,06:30-06:40,7.6540859342396566
2025-02-05,43,44,07:00-07:20,80.57768658000079
2025-02-05,48,48,07:50-08:00,4.234342878762163
2025-02-05,51,52,08:20-08:40,10.469550227473405
2025-02-05,55,58,09:00-09:40,113.76139844904498
2025-02-05,61,62,10:00-10:20,66.02457917301194
2025-02-05,65,66,10:40-11:00,17.72405843442789
2025-02-05,70,70,11:30-11:40,42.01000600602151
2025-02-05,83,87,13:40-14:30,83.51844747617213
2025-02-05,109,109,18:00-18:10,18.588505227805303
2025-02-05,113,113,18:40-18:50,14.731760354745916
2025-02-05,118,119,19:30-19:50,6.307955349388067
2025-02-05,123,123,20:20-20:30,6.243877681273943
2025-02-05,126,129,20:50-21:30,14.79557508882715
2025-02-05,134,134,22:10-22:20,21.316559126200673
2025-02-05,140,140,23:10-23:20,1.4928926964072389
2025-02-05,142,142,23:30-23:40,5.1606314251873755
2025-02-06,2,2,00:10-00:20,14.49151419935697
2025-02-06,6,6,00:50-01:00,36.1995671601527
2025-02-06,37,37,06:00-06:10,12.280463422818798
2025-02-06,40,40,06:30-06:40,1.2960715770872415
2025-02-06,43,44,07:00-07:20,17.0790470118246
2025-02-06,48,49,07:50-08:10,84.06435346789601
2025-02-06,56,58,09:10-09:40,92.0168629885512
2025-02-06,61,62,10:00-10:20,106.4349159212677
2025-02-06,82,82,13:30-13:40,25.443174320027993
2025-02-06,85,86,14:00-14:20,59.82159292012102
2025-02-06,88,89,14:30-14:50,52.89104302069802
2025-02-06,91,91,15:00-15:10,2.3736714344343
2025-02-06,113,115,18:40-19:10,64.0517183463993
2025-02-06,119,124,19:40-20:40,59.87007328595848
2025-02-06,127,128,21:00-21:20,82.92149889459142
2025-02-06,131,131,21:40-21:50,20.191678549809353
2025-02-06,137,137,22:40-22:50,1.6099085142781178
2025-02-06,139,139,23:00-23:10,11.502863942624117
2025-02-06,142,143,23:30-23:50,37.703095288853774
2025-02-07,6,6,00:50-01:00,0.3282931504144244
2025-02-07,8,8,01:10-01:20,27.732734300565824
2025-02-07,22,22,03:30-03:40,0.9722106329779763
2025-02-07,35,35,05:40-05:50,11.114785036564967
2025-02-07,38,40,06:10-06:40,16.112991430263378
2025-02-07,47,51,07:40-08:30,139.723959651646
2025-02-07,54,54,08:50-09:00,12.307471113680322
2025-02-07,57,58,09:20-09:40,4.8624308461639885
2025-02-07,65,66,10:40-11:00,32.34235981520101
2025-02-07,70,71,11:30-11:50,18.24358444908171
2025-02-07,99,99,16:20-16:30,4.579901490797596
2025-02-07,107,108,17:40-18:00,44.793471555467875
2025-02-07,111,112,18:20-18:40,54.99994677401173
2025-02-07,115,115,19:00-19:10,11.323839795649747
2025-02-07,118,119,19:30-19:50,40.945289353862336
2025-02-07,124,125,20:30-20:50,36.762414232135654
2025-02-07,131,131,21:40-21:50,3.645679056454867
2025-02-07,134,134,22:10-22:20,20.125338070798705
2025-02-07,139,140,23:00-23:20,11.040511804184689
2025-02-08,6,6,00:50-01:00,4.549087577312889
2025-02-08,35,36,05:40-06:00,13.69919065666528
2025-02-08,38,39,06:10-06:30,46.26856711597395
2025-02-08,42,44,06:50-07:20,126.69120387269004
2025-02-08,55,55,09:00-09:10,5.9573128936140165
2025-02-08,58,59,09:30-09:50,95.12500841276096
2025-02-08,61,61,10:00-10:10,4.591256370199176
2025-02-08,66,69,10:50-11:30,73.07947638223072
2025-02-08,71,71,11:40-11:50,50.79983698606975
2025-02-08,97,98,16:00-16:20,7.247552754121557
2025-02-08,101,101,16:40-16:50,9.700597532737646
2025-02-08,108,108,17:50-18:00,13.475108184347448
2025-02-08,112,115,18:30-19:10,66.54169109093289
2025-02-08,118,119,19:30-19:50,23.387743637320796
2025-02-08,121,124,20:00-20:40,50.552761619950104
2025-02-08,128,129,21:10-21:30,71.3512233649164
2025-02-08,137,137,22:40-22:50,17.859721384392685
2025-02-08,140,140,23:10-23:20,3.7596062837217232
2025-02-09,6,6,00:50-01:00,3.671567114093932
2025-02-09,10,10,01:30-01:40,1.0142213120149108
2025-02-09,25,25,04:00-04:10,17.549821641005224
2025-02-09,29,29,04:40-04:50,4.178862703739128
2025-02-09,37,38,06:00-06:20,5.725111666948919
2025-02-09,42,44,06:50-07:20,51.508472248228045
2025-02-09,50,51,08:10-08:30,28.979428687045015
2025-02-09,54,57,08:50-09:30,67.58313399883446
2025-02-09,59,61,09:40-10:10,40.86271420393655
2025-02-09,64,66,10:30-11:00,155.7615601911906
2025-02-09,70,71,11:30-11:50,52.0259386185287
2025-02-09,78,79,12:50-13:10,31.620403220219714
2025-02-09,83,84,13:40-14:00,59.40062089936623
2025-02-09,87,88,14:20-14:40,12.776664642903825
2025-02-09,114,116,18:50-19:20,41.73113508262338
2025-02-09,118,119,19:30-19:50,4.79689607185162
2025-02-09,125,126,20:40-21:00,48.06720250032902
2025-02-09,129,129,21:20-21:30,31.82228310303981
2025-02-09,137,137,22:40-22:50,4.429365087511314
2025-02-09,139,139,23:00-23:10,7.0019971509409515
2025-02-09,142,142,23:30-23:40,19.142685300697508
2025-02-10,7,8,01:00-01:20,44.365340702724325
2025-02-10,11,12,01:40-02:00,10.792418976181352
2025-02-10,14,15,02:10-02:30,33.885819399121715
2025-02-10,31,32,05:00-05:20,9.366062347489038
2025-02-10,39,39,06:20-06:30,15.042946099110623
2025-02-10,45,45,07:20-07:30,40.34614439587912
2025-02-10,49,50,08:00-08:20,29.77517486229374
2025-02-10,57,57,09:20-09:30,0.04733967627316815
2025-02-10,60,61,09:50-10:10,77.02680786193696
2025-02-10,64,65,10:30-10:50,119.8073766097043
2025-02-10,83,85,13:40-14:10,53.04585290169746
2025-02-10,88,89,14:30-14:50,17.325989637734438
2025-02-10,113,114,18:40-19:00,41.026225378339404
2025-02-10,117,118,19:20-19:40,46.87869259113029
2025-02-10,122,125,20:10-20:50,28.290071219897186
2025-02-10,128,129,21:10-21:30,30.563288636662378
2025-02-10,131,132,21:40-22:00,8.534910883011094
2025-02-10,137,137,22:40-22:50,11.90281244242692
2025-02-10,140,141,23:10-23:30,8.547482602974128
2025-02-10,144,144,23:50-24:00,1.411284057112539
2025-02-11,4,4,00:30-00:40,0.4585150809316474
2025-02-11,8,10,01:10-01:40,46.96010235557321
2025-02-11,13,14,02:00-02:20,22.377160100013157
2025-02-11,16,16,02:30-02:40,8.280025858665454
2025-02-11,19,19,03:00-03:10,2.717023851983413
2025-02-11,29,29,04:40-04:50,3.3081879110033015
2025-02-11,37,38,06:00-06:20,46.03936239636778
2025-02-11,40,40,06:30-06:40,2.7452133692400924
2025-02-11,43,45,07:00-07:30,39.940165012313145
2025-02-11,49,50,08:00-08:20,34.29655112890805
2025-02-11,53,55,08:40-09:10,52.97929485082568
2025-02-11,62,63,10:10-10:30,39.941527325964444
2025-02-11,85,86,14:00-14:20,89.87193712142584
2025-02-11,88,89,14:30-14:50,20.909248910571137
2025-02-11,113,114,18:40-19:00,8.093539698832615
2025-02-11,117,118,19:20-19:40,22.066315186208612
2025-02-11,121,122,20:00-20:20,51.30110319120968
2025-02-11,125,126,20:40-21:00,17.128793986050823
2025-02-11,128,129,21:10-21:30,47.70068792604286
2025-02-11,134,134,22:10-22:20,13.774602658244703
2025-02-11,137,137,22:40-22:50,2.032351394920397
2025-02-11,142,142,23:30-23:40,4.561713672851624
2025-02-12,7,8,01:00-01:20,24.26282290432937
2025-02-12,10,10,01:30-01:40,7.1989192393737085
2025-02-12,13,13,02:00-02:10,37.61287972759578
2025-02-12,16,17,02:30-02:50,61.4899080931699
2025-02-12,19,20,03:00-03:20,26.402796262666357
2025-02-12,22,22,03:30-03:40,15.566633484668955
2025-02-12,25,26,04:00-04:20,36.68883717594451
2025-02-12,28,28,04:30-04:40,19.707156438817215
2025-02-12,37,38,06:00-06:20,67.89025984716022
2025-02-12,41,42,06:40-07:00,67.59999079484152
2025-02-12,45,46,07:20-07:40,48.363344735209324
2025-02-12,52,52,08:30-08:40,7.737450498185922
2025-02-12,55,56,09:00-09:20,72.79944641400209
2025-02-12,60,60,09:50-10:00,40.76260823322616
2025-02-12,63,64,10:20-10:40,39.23639031639516
2025-02-12,81,82,13:20-13:40,22.0591926400092
2025-02-12,85,86,14:00-14:20,90.84370201530282
2025-02-12,88,88,14:30-14:40,13.191987135525096
2025-02-12,94,94,15:30-15:40,60.625359740003546
2025-02-12,97,98,16:00-16:20,49.55982414603517
2025-02-12,101,101,16:40-16:50,8.321418744947351
2025-02-12,103,105,17:00-17:30,31.936580565111775
2025-02-12,110,111,18:10-18:30,25.26782571390955
2025-02-12,114,114,18:50-19:00,0.6869603077469719
2025-02-12,116,117,19:10-19:30,29.607515107250947
2025-02-12,119,120,19:40-20:00,42.49128584024197
2025-02-12,123,125,20:20-20:50,36.00525198710352
2025-02-12,128,129,21:10-21:30,15.395251302803103
2025-02-12,134,134,22:10-22:20,5.467263692590905
2025-02-12,137,137,22:40-22:50,2.233616725884872
2025-02-12,139,140,23:00-23:20,21.14490068430041
2025-02-13,1,1,00:00-00:10,9.641733037241693
2025-02-13,4,5,00:30-00:50,9.697509803921548
2025-02-13,7,8,01:00-01:20,39.50290417818144
2025-02-13,10,11,01:30-01:50,25.777096749572365
2025-02-13,13,13,02:00-02:10,1.2623545992893241
2025-02-13,16,16,02:30-02:40,5.222679438083901
2025-02-13,19,20,03:00-03:20,104.38256707461505
2025-02-13,22,22,03:30-03:40,24.06654508487975
2025-02-13,25,27,04:00-04:30,34.904595341492154
2025-02-13,29,30,04:40-05:00,60.47489787565996
2025-02-13,35,35,05:40-05:50,3.2917805510121525
2025-02-13,38,40,06:10-06:40,50.208352602786185
2025-02-13,43,43,07:00-07:10,11.414500909893974
2025-02-13,51,51,08:20-08:30,7.114934514880019
2025-02-13,54,55,08:50-09:10,21.221764120278976
2025-02-13,62,64,10:10-10:40,92.74485840242164
2025-02-13,84,84,13:50-14:00,26.92452475419725
2025-02-13,87,87,14:20-14:30,36.37559148854177
2025-02-13,115,116,19:00-19:20,52.69001360329378
2025-02-13,118,118,19:30-19:40,14.438706421897336
2025-02-13,122,123,20:10-20:30,17.293735044084883
2025-02-13,125,126,20:40-21:00,29.062819824976827
2025-02-13,130,130,21:30-21:40,7.473391393604402
2025-02-13,134,134,22:10-22:20,14.113474740097445
2025-02-13,137,137,22:40-22:50,3.9177423674168494
2025-02-13,140,140,23:10-23:20,7.764369680220966
2025-02-13,144,144,23:50-24:00,13.459686485063855
2025-02-14,1,1,00:00-00:10,10.71695255954728
2025-02-14,4,5,00:30-00:50,87.99916958152386
2025-02-14,11,13,01:40-02:10,52.605574615080855
2025-02-14,16,16,02:30-02:40,4.701260790893457
2025-02-14,19,20,03:00-03:20,15.40803984734822
2025-02-14,22,22,03:30-03:40,8.546776378471009
2025-02-14,26,29,04:10-04:50,63.393565067772094
2025-02-14,33,35,05:20-05:50,85.76443966311338
2025-02-14,41,42,06:40-07:00,43.42226682082219
2025-02-14,45,45,07:20-07:30,19.90833902111177
2025-02-14,47,48,07:40-08:00,12.476660616998458
2025-02-14,50,51,08:10-08:30,57.944538705280934
2025-02-14,54,58,08:50-09:40,137.73258773522855
2025-02-14,61,65,10:00-10:50,106.83887876882329
2025-02-14,67,69,11:00-11:30,80.85180667569023
2025-02-14,74,75,12:10-12:30,49.49388905495084
2025-02-14,79,79,13:00-13:10,3.83710347978149
2025-02-14,96,97,15:50-16:10,26.261464983174506
2025-02-14,103,103,17:00-17:10,27.830832831387518
2025-02-14,106,107,17:30-17:50,35.258451841407805
2025-02-14,112,112,18:30-18:40,6.828326391630526
2025-02-14,115,116,19:00-19:20,29.881616667606522
2025-02-14,118,119,19:30-19:50,25.38938369522316
2025-02-14,121,123,20:00-20:30,14.189840110540729
2025-02-14,126,126,20:50-21:00,6.296784774312471
2025-02-14,129,129,21:20-21:30,4.147089143308278
2025-02-14,137,137,22:40-22:50,13.339369713120107
2025-02-14,139,140,23:00-23:20,26.57633783392572
2025-02-14,144,144,23:50-24:00,7.094353507040296
2025-02-15,4,5,00:30-00:50,42.05797573364919
2025-02-15,9,9,01:20-01:30,6.605569502566027
2025-02-15,12,14,01:50-02:20,44.63550598104996
2025-02-15,16,16,02:30-02:40,11.086667475983688
2025-02-15,21,23,03:20-03:50,34.17302628635338
2025-02-15,28,30,04:30-05:00,52.307346361363294
2025-02-15,32,33,05:10-05:30,33.34741513733019
2025-02-15,35,36,05:40-06:00,48.95538455529879
2025-02-15,41,41,06:40-06:50,4.975691890850271
2025-02-15,44,45,07:10-07:30,52.449261376496736
2025-02-15,48,49,07:50-08:10,58.668215215347914
2025-02-15,52,57,08:30-09:30,93.49961728986887
2025-02-15,61,62,10:00-10:20,73.93104340984723
2025-02-15,66,68,10:50-11:20,153.93583288684613
2025-02-15,72,73,11:50-12:10,34.11573484387009
2025-02-15,79,79,13:00-13:10,29.462929504822114
2025-02-15,95,96,15:40-16:00,34.90946825804127
2025-02-15,100,101,16:30-16:50,36.72758325625554
2025-02-15,104,105,17:10-17:30,17.127759388453498
2025-02-15,109,109,18:00-18:10,18.02912352941172
2025-02-15,112,113,18:30-18:50,34.68270259432643
2025-02-15,117,119,19:20-19:50,70.07126331096208
2025-02-15,122,123,20:10-20:30,4.054398493222777
2025-02-15,125,128,20:40-21:20,85.30297009815847
2025-02-15,130,131,21:30-21:50,22.651819436767767
2025-02-15,134,135,22:10-22:30,81.38144015659947
2025-02-15,139,139,23:00-23:10,22.13419759836819
2025-02-16,1,1,00:00-00:10,1.3374948282666992
2025-02-16,4,5,00:30-00:50,26.24273322147633
2025-02-16,8,10,01:10-01:40,44.73830742860889
2025-02-16,14,16,02:10-02:40,55.95178171469911
2025-02-16,20,22,03:10-03:40,52.310760896170336
2025-02-16,25,27,04:00-04:30,76.61989603895256
2025-02-16,29,30,04:40-05:00,45.51470768992169
2025-02-16,33,33,05:20-05:30,73.29923316225825
2025-02-16,36,37,05:50-06:10,37.914622793412946
2025-02-16,39,40,06:20-06:40,18.275014323313055
2025-02-16,42,42,06:50-07:00,4.258334354144253
2025-02-16,49,50,08:00-08:20,71.86805883104921
2025-02-16,54,54,08:50-09:00,8.732474567142503
2025-02-16,56,60,09:10-10:00,91.4495807813056
2025-02-16,62,63,10:10-10:30,48.02599084654014
2025-02-16,66,66,10:50-11:00,13.641727402101424
2025-02-16,70,71,11:30-11:50,9.23689278194604
2025-02-16,76,76,12:30-12:40,23.76887922847027
2025-02-16,79,79,13:00-13:10,4.743763707630251
2025-02-16,82,83,13:30-13:50,45.160921051642504
2025-02-16,88,89,14:30-14:50,68.74697139661203
2025-02-16,99,99,16:20-16:30,0.789553207189158
2025-02-16,101,102,16:40-17:00,43.819778494350814
2025-02-16,105,107,17:20-17:50,58.274994758708644
2025-02-16,110,111,18:10-18:30,7.480051931710451
2025-02-16,113,115,18:40-19:10,42.49492744440067
2025-02-16,119,120,19:40-20:00,59.90497074615075
2025-02-16,123,124,20:20-20:40,8.380192380576204
2025-02-16,127,128,21:00-21:20,41.74932930648788
2025-02-16,130,130,21:30-21:40,25.772086544282047
2025-02-16,134,134,22:10-22:20,8.054385978418054
2025-02-16,137,138,22:40-23:00,17.53110021713394
2025-02-16,142,142,23:30-23:40,20.481228589288094
2025-02-17,2,2,00:10-00:20,5.1159475062509046
2025-02-17,5,5,00:40-00:50,10.99353502434542
2025-02-17,10,11,01:30-01:50,60.40035866561402
2025-02-17,13,14,02:00-02:20,41.64009889459146
2025-02-17,17,20,02:40-03:20,29.383832280563183
2025-02-17,24,24,03:50-04:00,0.1822763982103197
2025-02-17,26,27,04:10-04:30,16.990872562179106
2025-02-17,31,33,05:00-05:30,37.2497032504277
2025-02-17,36,36,05:50-06:00,18.014442597710058
2025-02-17,40,41,06:30-06:50,54.006748664298144
2025-02-17,52,54,08:30-09:00,58.29928921568626
2025-02-17,57,57,09:20-09:30,6.119174021018125
2025-02-17,59,61,09:40-10:10,74.76238277028904
2025-02-17,64,65,10:30-10:50,44.55535901340386
2025-02-17,74,74,12:10-12:20,35.49857273607381
2025-02-17,85,87,14:00-14:30,107.34296615626147
2025-02-17,89,89,14:40-14:50,12.887364539506962
2025-02-17,102,103,16:50-17:10,11.292920491417831
2025-02-17,112,113,18:30-18:50,18.369009677025247
2025-02-17,115,116,19:00-19:20,16.201689695072332
2025-02-17,120,122,19:50-20:20,42.01035080931706
2025-02-17,127,128,21:00-21:20,21.21552785234894
2025-02-17,130,130,21:30-21:40,11.102233846558534
2025-02-17,134,134,22:10-22:20,21.161294624292623
2025-02-17,137,138,22:40-23:00,28.19626594288718
2025-02-17,140,141,23:10-23:30,1.5766383866297247
2025-02-17,144,144,23:50-24:00,1.4611277733912402
2025-02-18,6,6,00:50-01:00,9.635848795894162
2025-02-18,9,9,01:20-01:30,18.035167206211327
2025-02-18,12,12,01:50-02:00,30.898721351493464
2025-02-18,15,16,02:20-02:40,23.68032007500983
2025-02-18,19,20,03:00-03:20,64.34371120542164
2025-02-18,23,24,03:40-04:00,59.306260238189
2025-02-18,27,27,04:20-04:30,7.004567962889837
2025-02-18,29,30,04:40-05:00,29.756400798977438
2025-02-18,33,33,05:20-05:30,19.948078457691963
2025-02-18,36,36,05:50-06:00,18.918217206211352
2025-02-18,39,39,06:20-06:30,11.1105000263193
2025-02-18,47,47,07:40-07:50,5.301763058108918
2025-02-18,50,52,08:10-08:40,106.54833637884701
2025-02-18,55,56,09:00-09:20,23.5698477553442
2025-02-18,62,65,10:10-10:50,186.45842725546618
2025-02-18,78,78,12:50-13:00,27.367083333333312
2025-02-18,81,81,13:20-13:30,63.03358654304088
2025-02-18,83,84,13:40-14:00,19.248853521139836
2025-02-18,87,87,14:20-14:30,7.251695411050491
2025-02-18,89,90,14:40-15:00,28.44222588028549
2025-02-18,93,93,15:20-15:30,7.85841219709323
2025-02-18,100,100,16:30-16:40,1.3774057065781733
2025-02-18,105,106,17:20-17:40,13.466265173048669
2025-02-18,109,109,18:00-18:10,6.148179892937264
2025-02-18,112,112,18:30-18:40,5.362396723253141
2025-02-18,115,116,19:00-19:20,27.114210815332854
2025-02-18,118,121,19:30-20:10,43.82833771548883
2025-02-18,124,124,20:30-20:40,4.393226575865128
2025-02-18,127,128,21:00-21:20,43.173858060271186
2025-02-18,130,131,21:30-21:50,7.260329694696566
2025-02-18,133,133,22:00-22:10,3.9517586458746337
2025-02-18,137,138,22:40-23:00,35.04211338991968
2025-02-18,140,141,23:10-23:30,8.852826931175173
2025-02-18,144,144,23:50-24:00,22.222352388472018
2025-02-19,6,6,00:50-01:00,22.695777161468413
2025-02-19,8,9,01:10-01:30,29.25854458481365
2025-02-19,11,12,01:40-02:00,63.407328122121385
2025-02-19,15,15,02:20-02:30,20.596844499276358
2025-02-19,17,18,02:40-03:00,29.94248491906808
2025-02-19,21,21,03:20-03:30,17.90058472167391
2025-02-19,25,25,04:00-04:10,17.64073107645754
2025-02-19,28,30,04:30-05:00,85.31039281484404
2025-02-19,36,36,05:50-06:00,55.786121548888104
2025-02-19,38,39,06:10-06:30,75.32763293102494
2025-02-19,42,42,06:50-07:00,64.16238180775686
2025-02-19,47,47,07:40-07:50,0.1320135468955641
2025-02-19,49,54,08:00-09:00,87.748830673209
2025-02-19,59,60,09:40-10:00,62.02555730077279
2025-02-19,63,63,10:20-10:30,16.606998505442334
2025-02-19,78,78,12:50-13:00,60.492720820408294
2025-02-19,81,81,13:20-13:30,4.886657031940558
2025-02-19,84,87,13:50-14:30,47.10961980523746
2025-02-19,89,90,14:40-15:00,37.050031652661346
2025-02-19,97,97,16:00-16:10,45.108930551952255
2025-02-19,100,101,16:30-16:50,69.66950684300554
2025-02-19,104,105,17:10-17:30,68.21524554170654
2025-02-19,113,116,18:40-19:20,20.78087172090318
2025-02-19,119,120,19:40-20:00,51.276505796815286
2025-02-19,123,125,20:20-20:50,8.197692604289955
2025-02-19,127,128,21:00-21:20,11.681189334122905
2025-02-19,131,132,21:40-22:00,25.501304283458126
2025-02-19,134,135,22:10-22:30,36.11778576786446
2025-02-19,142,143,23:30-23:50,68.11320293459653
2025-02-20,3,3,00:20-00:30,6.362683932096388
2025-02-20,6,6,00:50-01:00,21.823143762337395
2025-02-20,12,15,01:50-02:30,43.00018013554404
2025-02-20,18,18,02:50-03:00,7.611912949072462
2025-02-20,22,23,03:30-03:50,79.7691171930519
2025-02-20,25,25,04:00-04:10,17.714154941439688
2025-02-20,28,29,04:30-04:50,34.10882709567029
2025-02-20,32,33,05:10-05:30,39.05202643674954
2025-02-20,37,37,06:00-06:10,32.8443293271672
2025-02-20,40,41,06:30-06:50,45.2718667766435
2025-02-20,43,45,07:00-07:30,48.902668090726706
2025-02-20,47,48,07:40-08:00,17.227382856766724
2025-02-20,51,52,08:20-08:40,31.275488691180726
2025-02-20,56,57,09:10-09:30,41.77322108924079
2025-02-20,60,63,09:50-10:30,140.975204472393
2025-02-20,87,88,14:20-14:40,30.29262427387073
2025-02-20,103,104,17:00-17:20,14.898851347921841
2025-02-20,107,107,17:40-17:50,2.624802404116474
2025-02-20,110,111,18:10-18:30,31.90833268193194
2025-02-20,115,116,19:00-19:20,11.162298011956523
2025-02-20,118,122,19:30-20:20,53.56155925121709
2025-02-20,125,127,20:40-21:10,48.27862816160018
2025-02-20,131,131,21:40-21:50,0.8797424266351754
2025-02-20,134,134,22:10-22:20,12.23303425450706
2025-02-20,137,138,22:40-23:00,51.021137886563565
2025-02-20,143,144,23:40-24:00,35.037053513620265
2025-02-21,3,5,00:20-00:50,58.433621055402
2025-02-21,8,9,01:10-01:30,25.171645361231583
2025-02-21,11,12,01:40-02:00,62.02682251612049
2025-02-21,15,15,02:20-02:30,2.822427891827772
2025-02-21,20,21,03:10-03:30,34.08603132649023
2025-02-21,23,24,03:40-04:00,50.04303620213193
2025-02-21,26,27,04:10-04:30,55.781772121331755
2025-02-21,30,30,04:50-05:00,50.190177937886574
2025-02-21,32,33,05:10-05:30,37.53737936476608
2025-02-21,39,40,06:20-06:40,38.80895300885459
2025-02-21,43,46,07:00-07:40,59.48920979922167
2025-02-21,49,51,08:00-08:30,35.48854630778493
2025-02-21,53,55,08:40-09:10,24.595667325588238
2025-02-21,58,60,09:30-10:00,49.65829589889643
2025-02-21,64,65,10:30-10:50,81.28453147124651
2025-02-21,69,72,11:20-12:00,92.664949683229
2025-02-21,76,76,12:30-12:40,93.04637733029472
2025-02-21,101,101,16:40-16:50,1.7310543802757081
2025-02-21,106,107,17:30-17:50,28.537262924632728
2025-02-21,110,111,18:10-18:30,31.305406244242818
2025-02-21,114,114,18:50-19:00,55.75401166882847
2025-02-21,116,117,19:10-19:30,78.90601215291474
2025-02-21,121,122,20:00-20:20,13.24019159099879
2025-02-21,125,127,20:40-21:10,68.97027521384393
2025-02-21,130,132,21:30-22:00,77.10451638373468
2025-02-21,136,137,22:30-22:50,17.60209955915235
2025-02-21,139,139,23:00-23:10,3.3294675878404405
2025-02-21,142,143,23:30-23:50,46.08842311488365
2025-02-22,3,3,00:20-00:30,32.341330352677915
2025-02-22,5,6,00:40-01:00,20.995724009738126
2025-02-22,11,12,01:40-02:00,74.62026507435206
2025-02-22,16,17,02:30-02:50,36.28203995920512
2025-02-22,19,21,03:00-03:30,33.9190228977497
2025-02-22,24,24,03:50-04:00,5.735512146334884
2025-02-22,28,28,04:30-04:40,1.3949392279058088
2025-02-22,31,32,05:00-05:20,39.78267930648759
2025-02-22,35,36,05:40-06:00,40.75229426804259
2025-02-22,38,39,06:10-06:30,15.783190275036304
2025-02-22,42,43,06:50-07:10,29.149055333408683
2025-02-22,47,49,07:40-08:10,61.37346620607974
2025-02-22,53,58,08:40-09:40,110.44194685578907
2025-02-22,61,62,10:00-10:20,43.43294158159915
2025-02-22,68,70,11:10-11:40,161.4732553042693
2025-02-22,73,73,12:00-12:10,39.799746441260595
2025-02-22,76,77,12:30-12:50,32.68393554979002
2025-02-22,95,96,15:40-16:00,62.77587935818622
2025-02-22,99,100,16:20-16:40,32.589881700599534
2025-02-22,103,104,17:00-17:20,62.53972067377284
2025-02-22,106,107,17:30-17:50,56.968893344989084
2025-02-22,111,112,18:20-18:40,34.88715481736324
2025-02-22,115,116,19:00-19:20,47.03734938149756
2025-02-22,121,121,20:00-20:10,10.883941505461337
2025-02-22,124,125,20:30-20:50,31.629589347282547
2025-02-22,128,129,21:10-21:30,59.502284162389856
2025-02-22,131,132,21:40-22:00,21.764866410054026
2025-02-22,137,137,22:40-22:50,11.582372160810678
2025-02-22,142,144,23:30-24:00,46.81414857218067
2025-02-23,1,1,00:00-00:10,14.456533366232406
2025-02-23,7,9,01:00-01:30,62.157818133965065
2025-02-23,13,15,02:00-02:30,4.148968285300612
2025-02-23,19,20,03:00-03:20,64.63029865113856
2025-02-23,23,24,03:40-04:00,36.44095719831546
2025-02-23,26,28,04:10-04:40,75.20021004925479
2025-02-23,31,32,05:00-05:20,114.145193518884
2025-02-23,36,37,05:50-06:10,46.499704877521594
2025-02-23,40,41,06:30-06:50,30.83615813828888
2025-02-23,44,46,07:10-07:40,55.136741594758945
2025-02-23,49,49,08:00-08:10,40.474057941834644
2025-02-23,52,52,08:30-08:40,9.605109290696078
2025-02-23,55,61,09:00-10:10,204.67718238583984
2025-02-23,73,75,12:00-12:30,84.27105152087711
2025-02-23,79,80,13:00-13:20,10.64074891527116
2025-02-23,82,84,13:30-14:00,112.62134183539183
2025-02-23,88,89,14:30-14:50,48.695976827778054
2025-02-23,93,93,15:20-15:30,18.045285093903203
2025-02-23,108,109,17:50-18:10,3.9580089748651517
2025-02-23,113,114,18:40-19:00,13.820575200684402
2025-02-23,116,117,19:10-19:30,69.23506206079742
2025-02-23,120,123,19:50-20:30,16.047085754704653
2025-02-23,127,128,21:00-21:20,63.86139140676414
2025-02-23,130,131,21:30-21:50,20.067008770890993
2025-02-23,134,135,22:10-22:30,21.20133586656152
2025-02-23,139,141,23:00-23:30,24.995884984866166
2025-02-23,144,144,23:50-24:00,3.1007399394657114
2025-02-24,4,4,00:30-00:40,27.76305620476387
2025-02-24,7,8,01:00-01:20,30.346933978155107
2025-02-24,12,13,01:50-02:10,24.60068989340698
2025-02-24,16,19,02:30-03:10,53.5822558757734
2025-02-24,22,23,03:30-03:50,17.730610448743164
2025-02-24,25,25,04:00-04:10,5.042315778391867
2025-02-24,28,29,04:30-04:50,50.30780386127989
2025-02-24,37,38,06:00-06:20,62.88980469328658
2025-02-24,40,41,06:30-06:50,56.26096765269871
2025-02-24,49,50,08:00-08:20,37.57704754760971
2025-02-24,52,52,08:30-08:40,7.868886577181456
2025-02-24,56,56,09:10-09:20,30.72832991747009
2025-02-24,59,60,09:40-10:00,103.63719177993357
2025-02-24,63,63,10:20-10:30,23.88537330005829
2025-02-24,65,65,10:40-10:50,3.6032981661119265
2025-02-24,85,86,14:00-14:20,35.01323781982558
2025-02-24,88,89,14:30-14:50,20.561394163705927
2025-02-24,94,95,15:30-15:50,43.77991221401294
2025-02-24,97,98,16:00-16:20,8.977868345459171
2025-02-24,100,101,16:30-16:50,21.75376246216632
2025-02-24,104,106,17:10-17:40,23.95273302878193
2025-02-24,109,109,18:00-18:10,1.3454212198974131
2025-02-24,112,112,18:30-18:40,22.947790610606695
2025-02-24,115,115,19:00-19:10,0.7898756678507652
2025-02-24,118,119,19:30-19:50,25.026718311620016
2025-02-24,121,123,20:00-20:30,49.44329056454808
2025-02-24,125,126,20:40-21:00,7.425775740229369
2025-02-24,129,130,21:20-21:40,54.464896131069736
2025-02-24,133,133,22:00-22:10,9.41106279115661
2025-02-24,137,137,22:40-22:50,10.154641472562162
2025-02-24,140,141,23:10-23:30,14.437023351756807
2025-02-24,144,144,23:50-24:00,10.22073932096339
2025-02-25,1,1,00:00-00:10,6.481170798789208
2025-02-25,7,7,01:00-01:10,20.607569390709273
2025-02-25,10,10,01:30-01:40,5.228485333596723
2025-02-25,13,14,02:00-02:20,88.21516070535608
2025-02-25,17,18,02:40-03:00,37.50253055665223
2025-02-25,25,25,04:00-04:10,32.159880313199096
2025-02-25,29,31,04:40-05:10,48.46586200345916
2025-02-25,35,36,05:40-06:00,63.38704969074914
2025-02-25,38,39,06:10-06:30,41.899071408832015
2025-02-25,42,42,06:50-07:00,52.15887789558772
2025-02-25,47,47,07:40-07:50,6.504912380388589
2025-02-25,51,51,08:20-08:30,13.667622035794125
2025-02-25,57,58,09:20-09:40,59.196564840298265
2025-02-25,61,63,10:00-10:30,39.500121867539065
2025-02-25,65,65,10:40-10:50,3.1771232586995666
2025-02-25,86,87,14:10-14:30,42.39791596074656
2025-02-25,113,114,18:40-19:00,83.10221689696016
2025-02-25,117,118,19:20-19:40,17.475531436467236
2025-02-25,121,121,20:00-20:10,16.273569153835865
2025-02-25,124,125,20:30-20:50,40.15562362810897
2025-02-25,127,128,21:00-21:20,27.296832273983455
2025-02-25,131,133,21:40-22:10,21.39671595604659
2025-02-25,139,140,23:00-23:20,71.47291116594283
2025-02-26,6,10,00:50-01:40,40.503266383734626
2025-02-26,13,14,02:00-02:20,51.78797322674052
2025-02-26,19,20,03:00-03:20,70.02163551783121
2025-02-26,24,27,03:50-04:30,53.067310192130435
2025-02-26,30,32,04:50-05:20,53.56963370274286
2025-02-26,36,36,05:50-06:00,4.185575595472869
2025-02-26,39,40,06:20-06:40,6.87936155885177
2025-02-26,45,45,07:20-07:30,15.890577583516517
2025-02-26,51,54,08:20-09:00,93.5359919970673
2025-02-26,58,58,09:30-09:40,14.254597453612064
2025-02-26,61,63,10:00-10:30,56.01253804541943
2025-02-26,65,66,10:40-11:00,44.92853073054721
2025-02-26,83,85,13:40-14:10,13.630318460135754
2025-02-26,88,89,14:30-14:50,106.01520307371266
2025-02-26,92,93,15:10-15:30,28.794363536555466
2025-02-26,95,96,15:40-16:00,53.68400265730429
2025-02-26,102,103,16:50-17:10,32.66306714887317
2025-02-26,106,107,17:30-17:50,70.48863344425001
2025-02-26,110,111,18:10-18:30,59.742523493692715
2025-02-26,114,114,18:50-19:00,56.24366020904995
2025-02-26,118,119,19:30-19:50,63.081652638504806
2025-02-26,122,122,20:10-20:20,1.1055587774706055
2025-02-26,124,125,20:30-20:50,8.453622924068554
2025-02-26,128,129,21:10-21:30,15.333702217396763
2025-02-26,134,135,22:10-22:30,19.720514738781503
2025-02-26,139,141,23:00-23:30,30.66867901697583
2025-02-26,144,144,23:50-24:00,25.490568041847382
2025-02-27,7,8,01:00-01:20,23.785552177918248
2025-02-27,11,12,01:40-02:00,11.114326931174901
2025-02-27,14,15,02:10-02:30,44.36880579681542
2025-02-27,18,18,02:50-03:00,14.251828648506375
2025-02-27,21,21,03:20-03:30,12.237106856165497
2025-02-27,26,26,04:10-04:20,7.80384301881827
2025-02-27,36,37,05:50-06:10,22.249213618333442
2025-02-27,40,40,06:30-06:40,11.680554466753279
2025-02-27,43,46,07:00-07:40,22.62497391198079
2025-02-27,49,50,08:00-08:20,49.53000418946078
2025-02-27,53,54,08:40-09:00,130.91834252439241
2025-02-27,58,59,09:30-09:50,32.72799159005842
2025-02-27,78,79,12:50-13:10,19.526396980806112
2025-02-27,85,87,14:00-14:30,28.081890544808743
2025-02-27,93,93,15:20-15:30,17.442156956742338
2025-02-27,99,99,16:20-16:30,2.8796171253736134
2025-02-27,109,110,18:00-18:20,21.22611855322841
2025-02-27,116,117,19:10-19:30,16.29790872859212
2025-02-27,119,120,19:40-20:00,15.471142281879224
2025-02-27,123,124,20:20-20:40,22.594120509277673
2025-02-27,128,129,21:10-21:30,45.60102514804555
2025-02-27,137,137,22:40-22:50,4.873219397289063
2025-02-27,139,139,23:00-23:10,8.072661040926505
2025-02-27,142,143,23:30-23:50,11.238701296223098
2025-02-28,3,3,00:20-00:30,18.097206020529086
2025-02-28,6,7,00:50-01:10,42.308923950519784
2025-02-28,10,10,01:30-01:40,22.001825509935657
2025-02-28,14,15,02:10-02:30,56.45087668114229
2025-02-28,19,20,03:00-03:20,65.20240158573489
2025-02-28,22,25,03:30-04:10,36.05144623634703
2025-02-28,28,29,04:30-04:50,57.84549677965134
2025-02-28,31,31,05:00-05:10,5.4645219568361085
2025-02-28,35,35,05:40-05:50,7.453813954843781
2025-02-28,37,38,06:00-06:20,15.386290838080185
2025-02-28,42,46,06:50-07:40,84.46615627056207
2025-02-28,49,50,08:00-08:20,54.87199838982565
2025-02-28,52,53,08:30-08:50,59.60962304814518
2025-02-28,55,56,09:00-09:20,37.11482690297544
2025-02-28,62,63,10:10-10:30,133.69047866636583
2025-02-28,65,66,10:40-11:00,55.628743607241404
2025-02-28,68,69,11:10-11:30,148.60664179403284
2025-02-28,100,101,16:30-16:50,23.624826732840717
2025-02-28,107,108,17:40-18:00,31.136818959261404
2025-02-28,111,112,18:20-18:40,44.36228155302382
2025-02-28,115,117,19:00-19:30,37.237735228319536
2025-02-28,120,120,19:50-20:00,27.531066048164234
2025-02-28,122,123,20:10-20:30,37.05712456244254
2025-02-28,126,127,20:50-21:10,49.80649406500851
2025-02-28,130,131,21:30-21:50,60.96467372022596
2025-02-28,133,133,22:00-22:10,1.0187604224238385
2025-02-28,137,137,22:40-22:50,17.843933761021162
2025-02-28,139,140,23:00-23:20,16.131961521252776
2025-02-28,144,144,23:50-24:00,26.488447670746154
2025-03-01,1,1,00:00-00:10,35.11111591656805
2025-03-01,4,5,00:30-00:50,17.663111165942894
2025-03-01,8,10,01:10-01:40,48.4690150480327
2025-03-01,13,15,02:00-02:30,23.079313067508963
2025-03-01,20,21,03:10-03:30,51.55917891827869
2025-03-01,24,25,03:50-04:10,35.46678811685757
2025-03-01,28,29,04:30-04:50,32.44760538416691
2025-03-01,33,33,05:20-05:30,9.363453223168563
2025-03-01,35,35,05:40-05:50,3.65950277292103
2025-03-01,37,37,06:00-06:10,20.436102330193762
2025-03-01,40,40,06:30-06:40,50.37627227736726
2025-03-01,43,48,07:00-08:00,105.34739397101112
2025-03-01,50,54,08:10-09:00,198.5099273391238
2025-03-01,57,57,09:20-09:30,44.004805544902524
2025-03-01,59,60,09:40-10:00,73.20976771661674
2025-03-01,63,65,10:20-10:50,112.23649827702866
2025-03-01,69,69,11:20-11:30,23.512657386309684
2025-03-01,74,74,12:10-12:20,4.776388224013999
2025-03-01,95,95,15:40-15:50,23.42244238245621
2025-03-01,97,98,16:00-16:20,32.03797775271181
2025-03-01,101,103,16:40-17:10,57.47027187411865
2025-03-01,106,106,17:30-17:40,15.78077239580401
2025-03-01,109,111,18:00-18:30,100.04132714830888
2025-03-01,114,116,18:50-19:20,34.077449948301364
2025-03-01,119,120,19:40-20:00,10.288121423871587
2025-03-01,122,123,20:10-20:30,27.13505046058708
2025-03-01,126,127,20:50-21:10,77.88302916173188
2025-03-01,131,132,21:40-22:00,21.3246987366756
2025-03-01,139,140,23:00-23:20,44.52864445321768
2025-03-02,3,3,00:20-00:30,0.009526911435841612
2025-03-02,6,6,00:50-01:00,17.574793689959165
2025-03-02,8,9,01:10-01:30,4.254018706408601
2025-03-02,12,12,01:50-02:00,22.085790926437653
2025-03-02,15,16,02:20-02:40,15.042943278984353
2025-03-02,37,38,06:00-06:20,13.363846346323953
2025-03-02,41,44,06:40-07:20,49.8303893557426
2025-03-02,47,48,07:40-08:00,81.72326040738437
2025-03-02,50,55,08:10-09:10,102.09411270373926
2025-03-02,58,60,09:30-10:00,68.25478317165778
2025-03-02,62,64,10:10-10:40,52.54404353486359
2025-03-02,66,67,10:50-11:10,102.34674399921005
2025-03-02,70,72,11:30-12:00,166.25906758032045
2025-03-02,75,76,12:20-12:40,62.084637330099554
2025-03-02,80,81,13:10-13:30,34.24542323989999
2025-03-02,84,89,13:50-14:50,1515.3347186359795
2025-03-02,92,92,15:10-15:20,48.44515836294249
2025-03-02,94,96,15:30-16:00,48.70031623427877
2025-03-02,99,100,16:20-16:40,34.46227283101166
2025-03-02,103,104,17:00-17:20,48.18172406049675
2025-03-02,106,109,17:30-18:10,100.67060480232357
2025-03-02,113,114,18:40-19:00,437.5265546285007
2025-03-02,117,118,19:20-19:40,29.992897078562805
2025-03-02,121,126,20:00-21:00,172.94007317316243
2025-03-02,128,130,21:10-21:40,35.32691053612293
2025-03-02,134,134,22:10-22:20,9.80415538228715
2025-03-02,139,140,23:00-23:20,43.56304303855768
2025-03-02,142,143,23:30-23:50,17.23682448348461
2025-03-03,4,4,00:30-00:40,15.425716252138727
2025-03-03,7,8,01:00-01:20,43.61186988419547
2025-03-03,10,11,01:30-01:50,35.20035517173312
2025-03-03,16,17,02:30-02:50,44.45208808395819
2025-03-03,20,21,03:10-03:30,62.44683041189626
2025-03-03,28,29,04:30-04:50,32.468523645028554
2025-03-03,36,37,05:50-06:10,49.235319625702914
2025-03-03,39,39,06:20-06:30,6.2285451412781185
2025-03-03,42,44,06:50-07:20,91.21830158385535
2025-03-03,47,49,07:40-08:10,23.97039138702405
2025-03-03,51,54,08:20-09:00,48.99181665632682
2025-03-03,56,58,09:10-09:40,148.69449831368786
2025-03-03,60,66,09:50-11:00,261.8821985397622
2025-03-03,68,69,11:10-11:30,91.85470604026796
2025-03-03,75,76,12:20-12:40,16.176853084992672
2025-03-03,79,79,13:00-13:10,2.677184820370485
2025-03-03,82,83,13:30-13:50,66.13863198635227
2025-03-03,85,87,14:00-14:30,104.31433896377348
2025-03-03,90,100,14:50-16:40,585.3525294681633
2025-03-03,103,103,17:00-17:10,24.66703570676566
2025-03-03,106,107,17:30-17:50,39.42291587332902
2025-03-03,110,111,18:10-18:30,58.26374231195814
2025-03-03,113,115,18:40-19:10,261.01611510272835
2025-03-03,118,118,19:30-19:40,22.13870231609428
2025-03-03,121,126,20:00-21:00,215.82559826669114
2025-03-03,128,129,21:10-21:30,28.764599598631435
2025-03-03,134,135,22:10-22:30,10.432638287932946
2025-03-03,142,143,23:30-23:50,39.298482806948186
2025-03-04,3,3,00:20-00:30,14.582429681537178
2025-03-04,6,7,00:50-01:10,17.625093755757348
2025-03-04,10,12,01:30-02:00,65.78581260692204
2025-03-04,16,18,02:30-03:00,23.46506316620605
2025-03-04,20,21,03:10-03:30,49.6007258520857
2025-03-04,24,25,03:50-04:10,56.90491556783775
2025-03-04,28,29,04:30-04:50,13.098909688304945
2025-03-04,33,33,05:20-05:30,16.975228753783313
2025-03-04,37,38,06:00-06:20,34.98204830146847
2025-03-04,42,45,06:50-07:30,31.718102574586823
2025-03-04,47,49,07:40-08:10,105.8886360442163
2025-03-04,53,54,08:40-09:00,25.316155007237853
2025-03-04,58,59,09:30-09:50,46.970839264564916
2025-03-04,62,63,10:10-10:30,83.94190630910043
2025-03-04,67,68,11:00-11:20,39.71079190213027
2025-03-04,74,74,12:10-12:20,11.878257289493149
2025-03-04,85,88,14:00-14:40,43.56764962025068
2025-03-04,94,95,15:30-15:50,8.586731160114937
2025-03-04,97,97,16:00-16:10,2.009710910270144
2025-03-04,114,115,18:50-19:10,8.62509190400965
2025-03-04,117,118,19:20-19:40,31.001241553399836
2025-03-04,121,123,20:00-20:30,45.845794183445264
2025-03-04,125,126,20:40-21:00,14.523310711935665
2025-03-04,129,129,21:20-21:30,5.914041327806444
2025-03-04,131,131,21:40-21:50,3.1374578431374402
2025-03-04,134,135,22:10-22:30,22.363906895644163
2025-03-04,139,139,23:00-23:10,27.176662159494754
2025-03-04,142,143,23:30-23:50,38.780908534017726
2025-03-05,5,5,00:40-00:50,5.256438722200301
2025-03-05,9,9,01:20-01:30,15.893418061586999
2025-03-05,12,12,01:50-02:00,21.730824950651254
2025-03-05,16,17,02:30-02:50,32.81963275431008
2025-03-05,19,20,03:00-03:20,24.023877181207922
2025-03-05,35,36,05:40-06:00,4.9726679760493635
2025-03-05,41,43,06:40-07:10,36.898158948545756
2025-03-05,48,48,07:50-08:00,8.072841971687922
2025-03-05,54,55,08:50-09:10,38.53399228563899
2025-03-05,57,58,09:20-09:40,13.69151018931052
2025-03-05,61,61,10:00-10:10,70.42703152388458
2025-03-05,64,65,10:30-10:50,60.02096716015285
2025-03-05,81,81,13:20-13:30,7.350262346549357
2025-03-05,89,89,14:40-14:50,15.429313794108452
2025-03-05,112,112,18:30-18:40,2.085281524824826
2025-03-05,115,116,19:00-19:20,34.09721335702068
2025-03-05,118,119,19:30-19:50,31.41471423871542
2025-03-05,121,122,20:00-20:20,18.6345196802215
2025-03-05,124,124,20:30-20:40,16.139553803132117
2025-03-05,127,128,21:00-21:20,40.60968584024238
2025-03-05,133,133,22:00-22:10,0.21567385840239695
2025-03-05,136,136,22:30-22:40,6.4749923739968835
2025-03-05,139,140,23:00-23:20,29.96311720621111
2025-03-05,143,144,23:40-24:00,52.55856197526009
2025-03-06,3,3,00:20-00:30,14.452121331754142
2025-03-06,6,9,00:50-01:30,13.61758405711248
2025-03-06,11,13,01:40-02:10,46.8197188709039
2025-03-06,16,17,02:30-02:50,60.12670429661807
2025-03-06,19,20,03:00-03:20,14.939447852556214
2025-03-06,38,39,06:10-06:30,54.31145956892803
2025-03-06,41,42,06:40-07:00,69.10015157445511
2025-03-06,47,47,07:40-07:50,22.068574621660787
2025-03-06,50,51,08:10-08:30,58.95280821724623
2025-03-06,53,54,08:40-09:00,58.07730538698752
2025-03-06,57,57,09:20-09:30,58.82294461395327
2025-03-06,63,64,10:20-10:40,119.23940288383801
2025-03-06,83,83,13:40-13:50,23.804800787697445
2025-03-06,86,87,14:10-14:30,54.90076021844948
2025-03-06,97,97,16:00-16:10,13.132401573515324
2025-03-06,100,101,16:30-16:50,20.603825351265897
2025-03-06,105,106,17:20-17:40,16.50002495065152
2025-03-06,113,114,18:40-19:00,27.18752662004397
2025-03-06,117,118,19:20-19:40,48.196513550655254
2025-03-06,121,122,20:00-20:20,12.827023049085483
2025-03-06,124,126,20:30-21:00,27.77991775233602
2025-03-06,134,134,22:10-22:20,5.916669298591955
2025-03-06,136,136,22:30-22:40,6.4162610606658745
2025-03-06,139,139,23:00-23:10,5.151985656007469
2025-03-06,143,144,23:40-24:00,32.741722779313136
2025-03-07,1,1,00:00-00:10,33.57479732859588
2025-03-07,6,7,00:50-01:10,35.59249909856544
2025-03-07,11,12,01:40-02:00,12.927461448874908
2025-03-07,16,19,02:30-03:10,74.384187708909
2025-03-07,22,24,03:30-04:00,14.188101723911075
2025-03-07,27,27,04:20-04:30,14.601144795368157
2025-03-07,30,32,04:50-05:20,32.71758176639792
2025-03-07,35,36,05:40-06:00,59.53164496644297
2025-03-07,39,39,06:20-06:30,26.3652972392984
2025-03-07,42,42,06:50-07:00,13.663604163141713
2025-03-07,48,51,07:50-08:30,87.1367713890927
2025-03-07,53,54,08:40-09:00,15.607281657360772
2025-03-07,56,57,09:10-09:30,84.59116785949288
2025-03-07,61,61,10:00-10:10,1.7415154700806852
2025-03-07,67,67,11:00-11:10,84.0799228018725
2025-03-07,103,103,17:00-17:10,10.394639296523934
2025-03-07,107,107,17:40-17:50,9.784702395991985
2025-03-07,109,109,18:00-18:10,24.515921521628854
2025-03-07,112,113,18:30-18:50,42.03691358073428
2025-03-07,115,115,19:00-19:10,14.471879987028558
2025-03-07,118,119,19:30-19:50,39.893763666271866
2025-03-07,121,122,20:00-20:20,18.1173524345308
2025-03-07,124,126,20:30-21:00,44.14066587708919
2025-03-07,129,132,21:20-22:00,23.416308895907434
2025-03-07,134,135,22:10-22:30,47.19122400973805
2025-03-07,139,141,23:00-23:30,36.50229138044472
2025-03-07,144,144,23:50-24:00,9.96760338202398
2025-03-08,1,2,00:00-00:20,15.946180063166196
2025-03-08,5,6,00:40-01:00,20.389532780629054
2025-03-08,9,9,01:20-01:30,12.10323230688249
2025-03-08,11,12,01:40-02:00,27.80838737991843
2025-03-08,16,17,02:30-02:50,36.503868337939195
2025-03-08,20,21,03:10-03:30,10.830660093433266
2025-03-08,25,28,04:00-04:40,27.814835215159924
2025-03-08,34,34,05:30-05:40,0.14477619423610122
2025-03-08,37,38,06:00-06:20,38.93326019025051
2025-03-08,40,41,06:30-06:50,19.163151335702025
2025-03-08,46,46,07:30-07:40,4.389911800424727
2025-03-08,49,49,08:00-08:10,4.3985331519184
2025-03-08,52,52,08:30-08:40,20.117152818039813
2025-03-08,55,57,09:00-09:30,81.48643783016564
2025-03-08,62,63,10:10-10:30,58.792481456206815
2025-03-08,65,67,10:40-11:10,67.96575355215919
2025-03-08,100,100,16:30-16:40,14.59496003609513
2025-03-08,107,108,17:40-18:00,50.34415415844194
2025-03-08,111,112,18:20-18:40,21.494401786889284
2025-03-08,116,117,19:10-19:30,19.285316687345926
2025-03-08,120,121,19:50-20:10,28.04678004342668
2025-03-08,125,130,20:40-21:40,54.2612934794052
2025-03-08,133,133,22:00-22:10,9.148060461902787
2025-03-08,136,137,22:30-22:50,14.866552868798465
2025-03-08,139,140,23:00-23:20,19.709447341755492
2025-03-08,142,143,23:30-23:50,15.152921877878782
2025-03-09,6,6,00:50-01:00,2.729013047769513
2025-03-09,8,9,01:10-01:30,8.542985807308924
2025-03-09,12,13,01:50-02:10,18.74962950388226
2025-03-09,17,18,02:40-03:00,39.84796202464963
2025-03-09,23,24,03:40-04:00,14.174302684563713
2025-03-09,30,30,04:50-05:00,8.697960915910016
2025-03-09,38,39,06:10-06:30,22.144220401180405
2025-03-09,42,43,06:50-07:10,16.477303033293964
2025-03-09,47,48,07:40-08:00,65.46799124414878
2025-03-09,54,56,08:50-09:20,38.40402855356922
2025-03-09,58,60,09:30-10:00,70.34253383903956
2025-03-09,63,64,10:20-10:40,35.91091455360629
2025-03-09,84,85,13:50-14:10,19.774592869362436
2025-03-09,88,89,14:30-14:50,61.703533602165294
2025-03-09,112,112,18:30-18:40,37.218980020867534
2025-03-09,115,115,19:00-19:10,9.337831600022469
2025-03-09,118,118,19:30-19:40,15.414147223318992
2025-03-09,121,122,20:00-20:20,66.20052750361867
2025-03-09,125,126,20:40-21:00,54.40760875115154
2025-03-09,129,132,21:20-22:00,41.34906702855665
2025-03-09,140,140,23:10-23:20,7.2624242992496875
2025-03-09,142,144,23:30-24:00,10.080241479141932
2025-03-10,1,2,00:00-00:20,0.6854473812345532
2025-03-10,5,6,00:40-01:00,40.92599322279273
2025-03-10,10,10,01:30-01:40,10.716169035399503
2025-03-10,13,15,02:00-02:30,34.82388406369262
2025-03-10,20,21,03:10-03:30,53.04596711409397
2025-03-10,26,27,04:10-04:30,40.727202000263446
2025-03-10,30,30,04:50-05:00,9.6276160773034
2025-03-10,33,33,05:20-05:30,10.398161773165612
2025-03-10,37,37,06:00-06:10,10.691301493617516
2025-03-10,41,42,06:40-07:00,61.78633753313369
2025-03-10,44,45,07:10-07:30,95.82739530953313
2025-03-10,48,48,07:50-08:00,73.17731490985648
2025-03-10,51,53,08:20-08:50,73.9088766858423
2025-03-10,55,55,09:00-09:10,24.19889022333757
2025-03-10,58,59,09:30-09:50,61.627739991164276
2025-03-10,65,66,10:40-11:00,140.227460498563
2025-03-10,72,75,11:50-12:30,134.43138148816638
2025-03-10,85,85,14:00-14:10,4.487581515425063
2025-03-10,88,89,14:30-14:50,81.22173365574417
2025-03-10,102,102,16:50-17:00,16.049699490534266
2025-03-10,108,108,17:50-18:00,4.394150546124479
2025-03-10,110,111,18:10-18:30,1.4554257979289105
2025-03-10,114,115,18:50-19:10,19.221546739232622
2025-03-10,117,119,19:20-19:50,50.51807829977599
2025-03-10,124,125,20:30-20:50,49.729568291880355
2025-03-10,127,128,21:00-21:20,64.46470044084731
2025-03-10,131,132,21:40-22:00,23.48555582971437
2025-03-10,134,135,22:10-22:30,22.690484366364103
2025-03-10,140,140,23:10-23:20,9.259135044084701
2025-03-10,144,144,23:50-24:00,41.54627507566772
2025-03-11,4,4,00:30-00:40,1.207614041321449
2025-03-11,7,8,01:00-01:20,73.30351093564946
2025-03-11,14,15,02:10-02:30,13.155379161731616
2025-03-11,18,18,02:50-03:00,21.415563587314068
2025-03-11,22,23,03:30-03:50,37.49523974865133
2025-03-11,26,26,04:10-04:20,5.444785673866704
2025-03-11,32,33,05:10-05:30,14.336725288101889
2025-03-11,39,40,06:20-06:40,31.625029564040233
2025-03-11,43,44,07:00-07:20,12.025022881770326
2025-03-11,48,49,07:50-08:10,6.9691802427011
2025-03-11,52,53,08:30-08:50,44.16149755324966
2025-03-11,59,62,09:40-10:20,282.5198842187888
2025-03-11,65,65,10:40-10:50,25.333853362284344
2025-03-11,85,89,14:00-14:50,128.93236231741002
2025-03-11,92,93,15:10-15:30,33.92352434436896
2025-03-11,96,97,15:50-16:10,36.25268505630447
2025-03-11,101,102,16:40-17:00,29.106925266482165
2025-03-11,105,107,17:20-17:50,37.29419593367547
2025-03-11,109,110,18:00-18:20,19.879522595078143
2025-03-11,114,114,18:50-19:00,2.1104686208711883
2025-03-11,116,117,19:10-19:30,60.71321376496928
2025-03-11,120,121,19:50-20:10,16.502928786682332
2025-03-11,125,128,20:40-21:20,66.47761560073707
2025-03-11,133,133,22:00-22:10,5.899109172259614
2025-03-11,136,136,22:30-22:40,22.539087156204687
2025-03-11,139,140,23:00-23:20,18.101438314251936
2025-03-11,143,144,23:40-24:00,42.07252888537971
2025-03-12,3,3,00:20-00:30,14.599432162126504
2025-03-12,8,11,01:10-01:50,58.410746041636685
2025-03-12,13,13,02:00-02:10,5.0965342479271385
2025-03-12,17,18,02:40-03:00,50.43032574948961
2025-03-12,22,23,03:30-03:50,69.4365499264029
2025-03-12,35,35,05:40-05:50,2.3236253454399503
2025-03-12,39,40,06:20-06:40,63.48078991502655
2025-03-12,43,44,07:00-07:20,61.982751593254534
2025-03-12,48,50,07:50-08:20,31.758634971706783
2025-03-12,52,52,08:30-08:40,3.425607052619739
2025-03-12,55,55,09:00-09:10,14.759487256781767
2025-03-12,59,65,09:40-10:50,135.08275907638244
2025-03-12,85,86,14:00-14:20,35.5763244552852
2025-03-12,89,89,14:40-14:50,26.223123475833518
2025-03-12,99,100,16:20-16:40,17.616730664748843
2025-03-12,104,105,17:10-17:30,28.964867641419033
2025-03-12,107,108,17:40-18:00,30.21251317014152
2025-03-12,111,111,18:20-18:30,22.77600703476014
2025-03-12,114,114,18:50-19:00,6.075691735754845
2025-03-12,116,117,19:10-19:30,9.654428562028556
2025-03-12,121,122,20:00-20:20,41.96836029082749
2025-03-12,126,127,20:50-21:10,37.39922593104336
2025-03-12,130,131,21:30-21:50,55.0547720160547
2025-03-12,133,133,22:00-22:10,8.251012166074588
2025-03-12,136,137,22:30-22:50,17.09726208053712
2025-03-12,140,141,23:10-23:30,2.503269759179034
2025-03-12,144,144,23:50-24:00,40.15415840242156
2025-03-13,1,1,00:00-00:10,16.520035340176264
2025-03-13,8,12,01:10-02:00,71.51994400579031
2025-03-13,15,18,02:20-03:00,43.583399203842646
2025-03-13,25,30,04:00-05:00,38.146680484274256
2025-03-13,36,36,05:50-06:00,25.927860061474348
2025-03-13,39,39,06:20-06:30,5.538487845205395
2025-03-13,44,45,07:10-07:30,106.19151789897165
2025-03-13,48,48,07:50-08:00,35.07799473426962
2025-03-13,51,53,08:20-08:50,88.32157873310393
2025-03-13,55,62,09:00-10:20,259.71794746489184
2025-03-13,65,66,10:40-11:00,9.247164565826097
2025-03-13,72,73,11:50-12:10,26.457284532739095
2025-03-13,76,77,12:30-12:50,66.28497562085226
2025-03-13,79,79,13:00-13:10,4.344047017464391
2025-03-13,89,89,14:40-14:50,25.38624639332238
2025-03-13,101,103,16:40-17:10,42.091049346718336
2025-03-13,106,107,17:30-17:50,32.20097347243268
2025-03-13,109,109,18:00-18:10,0.054030829244538836
2025-03-13,113,115,18:40-19:10,35.523692203861174
2025-03-13,118,119,19:30-19:50,35.66615079615747
2025-03-13,122,122,20:10-20:20,1.6261228695506134
2025-03-13,124,125,20:30-20:50,63.14402216081032
2025-03-13,128,129,21:10-21:30,39.53717643110929
2025-03-13,133,133,22:00-22:10,11.547891492301687
2025-03-13,139,140,23:00-23:20,42.967729957889105
2025-03-13,142,142,23:30-23:40,2.383191551520099
2025-03-14,2,3,00:10-00:30,10.327345019081463
2025-03-14,5,6,00:40-01:00,54.47630756020533
2025-03-14,9,11,01:20-01:50,76.72885613238577
2025-03-14,16,18,02:30-03:00,70.11226674562442
2025-03-14,23,25,03:40-04:10,55.71546210685608
2025-03-14,28,29,04:30-04:50,42.08696963322243
2025-03-14,32,33,05:10-05:30,3.5016418917901433
2025-03-14,35,36,05:40-06:00,54.55982484067442
2025-03-14,40,40,06:30-06:40,6.972914449269581
2025-03-14,43,43,07:00-07:10,1.368252288834924
2025-03-14,46,48,07:30-08:00,56.13114408850794
2025-03-14,51,52,08:20-08:40,35.870596102870536
2025-03-14,55,55,09:00-09:10,14.547033466809694
2025-03-14,61,62,10:00-10:20,47.39804831274796
2025-03-14,66,67,10:50-11:10,18.324329923110326
2025-03-14,99,99,16:20-16:30,17.67092432274916
2025-03-14,105,105,17:20-17:30,28.590684629556463
2025-03-14,108,108,17:50-18:00,7.9890329535841715
2025-03-14,110,111,18:10-18:30,19.43533245445832
2025-03-14,115,115,19:00-19:10,14.958002176038121
2025-03-14,118,119,19:30-19:50,53.74526935781023
2025-03-14,124,124,20:30-20:40,15.47075325042772
2025-03-14,128,129,21:10-21:30,44.31489845374381
2025-03-14,134,134,22:10-22:20,2.117802822739918
2025-03-14,137,137,22:40-22:50,8.544173068824875
2025-03-14,140,141,23:10-23:30,14.420389656533587
2025-03-15,1,2,00:00-00:20,35.290889959205174
2025-03-15,7,8,01:00-01:20,29.013536754836252
2025-03-15,13,16,02:00-02:40,55.22210502697715
2025-03-15,19,19,03:00-03:10,10.330642308198549
2025-03-15,22,23,03:30-03:50,28.255470575075776
2025-03-15,26,27,04:10-04:30,70.36966379786804
2025-03-15,31,32,05:00-05:20,60.17024805895515
2025-03-15,35,36,05:40-06:00,30.62854996146109
2025-03-15,38,39,06:10-06:30,18.77638893745433
2025-03-15,42,43,06:50-07:10,21.861172635497155
2025-03-15,45,46,07:20-07:40,14.601131096197037
2025-03-15,49,49,08:00-08:10,23.40572942022459
2025-03-15,52,53,08:30-08:50,10.277795199556635
2025-03-15,55,60,09:00-10:00,185.48681807286675
2025-03-15,64,64,10:30-10:40,28.5723725386797
2025-03-15,67,68,11:00-11:20,26.529339704472022
2025-03-15,70,71,11:30-11:50,142.78494600511328
2025-03-15,107,111,17:40-18:30,73.20723407873203
2025-03-15,115,116,19:00-19:20,9.372371608106278
2025-03-15,120,122,19:50-20:20,56.924325312541214
2025-03-15,124,125,20:30-20:50,59.2470923871561
2025-03-15,129,130,21:20-21:40,17.468199519673703
2025-03-15,137,137,22:40-22:50,18.567516186340242
2025-03-15,140,140,23:10-23:20,3.4557282208185143
2025-03-15,142,143,23:30-23:50,28.859089610475166
2025-03-16,6,7,00:50-01:10,28.27060193446505
2025-03-16,12,13,01:50-02:10,18.399247815501894
2025-03-16,16,19,02:30-03:10,40.4437247071985
2025-03-16,22,23,03:30-03:50,40.70895612580591
2025-03-16,26,28,04:10-04:40,18.3412601470119
2025-03-16,31,33,05:00-05:30,45.5581214633509
2025-03-16,35,36,05:40-06:00,34.47015691820366
2025-03-16,41,46,06:40-07:40,74.80111626905776
2025-03-16,50,51,08:10-08:30,18.832406514015247
2025-03-16,57,59,09:20-09:50,76.45075452597189
2025-03-16,61,61,10:00-10:10,41.93672803282425
2025-03-16,64,65,10:30-10:50,96.91799882127361
2025-03-16,80,80,13:10-13:20,12.114316666666582
2025-03-16,84,84,13:50-14:00,6.629125704509875
2025-03-16,87,87,14:20-14:30,23.398177372022815
2025-03-16,90,90,14:50-15:00,40.8198982347302
2025-03-16,101,101,16:40-16:50,16.21469561220448
2025-03-16,113,114,18:40-19:00,24.263679858251862
2025-03-16,117,119,19:20-19:50,49.25446289925344
2025-03-16,123,126,20:20-21:00,48.26410251348841
2025-03-16,129,129,21:20-21:30,38.09990514541414
2025-03-16,134,134,22:10-22:20,2.342251868667063
2025-03-16,136,136,22:30-22:40,3.2093876496905978
2025-03-16,139,140,23:00-23:20,14.378428280036587
2025-03-16,143,144,23:40-24:00,37.09110476378487
2025-03-17,3,3,00:20-00:30,2.2238801158046044
2025-03-17,6,8,00:50-01:20,41.79560682326644
2025-03-17,15,15,02:20-02:30,5.540906040268283
2025-03-17,24,24,03:50-04:00,35.75973146466629
2025-03-17,28,29,04:30-04:50,50.84236882390542
2025-03-17,32,33,05:10-05:30,37.307337656895584
2025-03-17,40,40,06:30-06:40,43.50082158178691
2025-03-17,43,44,07:00-07:20,47.82127219182962
2025-03-17,48,49,07:50-08:10,24.380940932077465
2025-03-17,55,56,09:00-09:20,41.79260083281633
2025-03-17,60,63,09:50-10:30,155.48155964318607
2025-03-17,65,65,10:40-10:50,6.275165396762986
2025-03-17,109,109,18:00-18:10,6.411485399394792
2025-03-17,113,113,18:40-18:50,3.4110979781171977
2025-03-17,116,117,19:10-19:30,39.745210131032536
2025-03-17,119,120,19:40-20:00,83.7098810698775
2025-03-17,123,123,20:20-20:30,50.4186698578759
2025-03-17,126,127,20:50-21:10,27.98982066061319
2025-03-17,130,131,21:30-21:50,63.516040860639464
2025-03-17,134,134,22:10-22:20,7.134081517304935
2025-03-17,139,140,23:00-23:20,21.56090482958291
2025-03-18,3,3,00:20-00:30,6.16150085537538
2025-03-18,6,8,00:50-01:20,12.688142518752443
2025-03-18,10,10,01:30-01:40,9.260167239110388
2025-03-18,14,14,02:10-02:20,0.8102541650216608
2025-03-18,20,21,03:10-03:30,5.839893597842206
2025-03-18,24,24,03:50-04:00,12.079780892222402
2025-03-18,27,28,04:20-04:40,19.534445169477024
2025-03-18,31,32,05:00-05:20,29.16388190869294
2025-03-18,36,37,05:50-06:10,56.85333569642637
2025-03-18,41,43,06:40-07:10,61.29046786043267
2025-03-18,46,47,07:30-07:50,60.08505956610799
2025-03-18,49,53,08:00-08:50,120.81658353636772
2025-03-18,55,55,09:00-09:10,11.618252628165578
2025-03-18,57,60,09:20-10:00,252.00741065698332
2025-03-18,64,64,10:30-10:40,14.48154157783938
2025-03-18,86,87,14:10-14:30,42.63964260710986
2025-03-18,100,100,16:30-16:40,3.0668783965932676
2025-03-18,104,104,17:10-17:20,2.0267929680598797
2025-03-18,110,111,18:10-18:30,9.998348397345687
2025-03-18,115,116,19:00-19:20,26.76518833399132
2025-03-18,121,125,20:00-20:50,26.974427378602172
2025-03-18,129,131,21:20-21:50,71.41184531517308
2025-03-18,134,134,22:10-22:20,6.039399131464847
2025-03-18,137,138,22:40-23:00,43.678075838925906
2025-03-18,142,143,23:30-23:50,60.81452512830617
2025-03-19,5,5,00:40-00:50,3.81541789709172
2025-03-19,8,9,01:10-01:30,6.43365204632164
2025-03-19,11,12,01:40-02:00,59.055067795267405
2025-03-19,16,17,02:30-02:50,20.093549048199748
2025-03-19,22,22,03:30-03:40,12.577614363732096
2025-03-19,26,26,04:10-04:20,1.0723131596262192
2025-03-19,35,36,05:40-06:00,10.65778467749476
2025-03-19,41,42,06:40-07:00,36.44962994284958
2025-03-19,45,46,07:20-07:40,65.12315276258164
2025-03-19,49,55,08:00-09:10,114.08097325117956
2025-03-19,62,62,10:10-10:20,1.8624699725530718
2025-03-19,64,64,10:30-10:40,0.5978211578592436
2025-03-19,87,88,14:20-14:40,83.24244679187086
2025-03-19,107,107,17:40-17:50,0.45059979226577695
2025-03-19,113,114,18:40-19:00,33.706462402948205
2025-03-19,117,117,19:20-19:30,2.2977082003270652
2025-03-19,119,120,19:40-20:00,11.077364962494926
2025-03-19,123,126,20:20-21:00,15.11481686406114
2025-03-19,128,130,21:10-21:40,30.18603468877484
2025-03-19,137,137,22:40-22:50,19.382655763916205
2025-03-19,139,140,23:00-23:20,5.535260580339582
2025-03-19,143,144,23:40-24:00,14.694382754310027
2025-03-20,3,3,00:20-00:30,10.338410975128227
2025-03-20,6,9,00:50-01:30,74.30261102776694
2025-03-20,12,12,01:50-02:00,3.743391005395438
2025-03-20,19,20,03:00-03:20,31.494587274641503
2025-03-20,24,24,03:50-04:00,4.49209569680238
2025-03-20,27,31,04:20-05:10,49.34274677307156
2025-03-20,36,36,05:50-06:00,37.36935530990945
2025-03-20,40,41,06:30-06:50,20.354765871449104
2025-03-20,45,45,07:20-07:30,23.547874532363323
2025-03-20,48,50,07:50-08:20,94.24908799090116
2025-03-20,54,55,08:50-09:10,40.29193947229908
2025-03-20,59,60,09:40-10:00,52.20984095557719
2025-03-20,63,63,10:20-10:30,9.194099715187804
2025-03-20,68,68,11:10-11:20,11.140373429775082
2025-03-20,86,86,14:10-14:20,5.922834441561804
2025-03-20,89,90,14:40-15:00,43.19551355159524
2025-03-20,93,93,15:20-15:30,3.637713091948399
2025-03-20,95,96,15:40-16:00,45.00776709999457
2025-03-20,100,101,16:30-16:50,9.369056383358554
2025-03-20,103,103,17:00-17:10,0.9006296862371244
2025-03-20,108,110,17:50-18:20,57.94944893125048
2025-03-20,112,114,18:30-19:00,73.58971509409082
2025-03-20,118,121,19:30-20:10,58.25518945255965
2025-03-20,127,129,21:00-21:30,64.94598434004479
2025-03-20,137,137,22:40-22:50,0.5958753257006038
2025-03-20,142,142,23:30-23:40,48.505308968285476
2025-03-21,2,3,00:10-00:30,27.740161534412493
2025-03-21,7,9,01:00-01:30,46.919600605342794
2025-03-21,13,17,02:00-02:50,54.37161715357274
2025-03-21,21,22,03:20-03:40,39.11603089222257
2025-03-21,26,27,04:10-04:30,47.02934501062168
2025-03-21,30,32,04:50-05:20,45.19397104882208
2025-03-21,34,34,05:30-05:40,5.099114042261212
2025-03-21,38,41,06:10-06:50,36.711821434211174
2025-03-21,44,45,07:10-07:30,12.294576646363225
2025-03-21,48,51,07:50-08:30,56.9825208279284
2025-03-21,54,57,08:50-09:30,151.6152368704528
2025-03-21,60,61,09:50-10:10,39.67175097663221
2025-03-21,65,66,10:40-11:00,62.19207672814059
2025-03-21,107,110,17:40-18:20,29.584620046810556
2025-03-21,112,114,18:30-19:00,47.75511843663645
2025-03-21,117,120,19:20-20:00,30.63456241892743
2025-03-21,122,123,20:10-20:30,30.604766331096187
2025-03-21,128,130,21:10-21:40,39.666926970654
2025-03-21,134,134,22:10-22:20,35.52967750361893
2025-03-21,138,138,22:50-23:00,6.69791814712471
2025-03-21,140,141,23:10-23:30,18.773920811949154
2025-03-21,144,144,23:50-24:00,19.787288893275388
2025-03-22,3,3,00:20-00:30,10.756989044611146
2025-03-22,5,6,00:40-01:00,23.315737360179014
2025-03-22,9,10,01:20-01:40,68.67734114357154
2025-03-22,14,18,02:10-03:00,63.79000484932226
2025-03-22,21,21,03:20-03:30,9.388149315699536
2025-03-22,24,26,03:50-04:20,27.598174470325148
2025-03-22,28,29,04:30-04:50,33.21013524147911
2025-03-22,34,35,05:30-05:50,14.077978240557858
2025-03-22,39,39,06:20-06:30,10.844408571616441
2025-03-22,42,43,06:50-07:10,32.915719751658855
2025-03-22,46,47,07:30-07:50,28.142210555900363
2025-03-22,49,49,08:00-08:10,45.38763259075449
2025-03-22,52,54,08:30-09:00,133.41559622506725
2025-03-22,57,59,09:20-09:50,92.02417966931728
2025-03-22,63,63,10:20-10:30,8.029859011524195
2025-03-22,66,69,10:50-11:30,159.00386719211224
2025-03-22,96,96,15:50-16:00,2.9066957663601443
2025-03-22,101,101,16:40-16:50,5.43623599063767
2025-03-22,107,111,17:40-18:30,36.58780274942203
2025-03-22,113,114,18:40-19:00,35.599999776286325
2025-03-22,118,120,19:30-20:00,36.22381826556119
2025-03-22,123,123,20:20-20:30,25.92351623239898
2025-03-22,127,128,21:00-21:20,5.744733912356935
2025-03-22,131,131,21:40-21:50,6.92764445979725
2025-03-22,134,135,22:10-22:30,16.11237362152923
2025-03-22,139,141,23:00-23:30,33.38118963021458
2025-03-22,144,144,23:50-24:00,30.350295795499505
2025-03-23,5,5,00:40-00:50,2.3737977299642807
2025-03-23,8,8,01:10-01:20,3.5482281155415194
2025-03-23,15,16,02:20-02:40,13.995466410054064
2025-03-23,21,21,03:20-03:30,31.433525463876776
2025-03-23,24,26,03:50-04:20,49.33292792472704
2025-03-23,29,31,04:40-05:10,25.40156874400745
2025-03-23,36,37,05:50-06:10,47.64974825352965
2025-03-23,41,41,06:40-06:50,4.308612779876967
2025-03-23,45,48,07:20-08:00,77.22431848833503
2025-03-23,53,58,08:40-09:40,222.2169475504295
2025-03-23,64,66,10:30-11:00,149.82100024909346
2025-03-23,69,69,11:20-11:30,19.349777777151075
2025-03-23,89,89,14:40-14:50,3.888566666666634
2025-03-23,105,105,17:20-17:30,3.566455360667618
2025-03-23,107,107,17:40-17:50,5.164635425713982
2025-03-23,113,114,18:40-19:00,9.438744209764423
2025-03-23,116,117,19:10-19:30,25.362689873667705
2025-03-23,119,120,19:40-20:00,25.52940155283568
2025-03-23,122,123,20:10-20:30,67.37909499276236
2025-03-23,126,126,20:50-21:00,29.71137865508649
2025-03-23,129,129,21:20-21:30,17.74569864455873
2025-03-23,131,132,21:40-22:00,26.47488215554688
2025-03-23,142,143,23:30-23:50,23.418262666140322
2025-03-24,1,1,00:00-00:10,9.353931115936575
2025-03-24,8,9,01:10-01:30,34.84585965258589
2025-03-24,11,12,01:40-02:00,5.334924555862699
2025-03-24,14,15,02:10-02:30,47.75680303329386
2025-03-24,18,18,02:50-03:00,41.67171552835896
2025-03-24,21,22,03:20-03:40,14.301445788919409
2025-03-24,25,26,04:00-04:20,6.86676489359794
2025-03-24,31,32,05:00-05:20,18.842939581335923
2025-03-24,35,35,05:40-05:50,5.750483388791849
2025-03-24,38,39,06:10-06:30,7.476012655800673
2025-03-24,42,43,06:50-07:10,18.05178821461442
2025-03-24,46,48,07:30-08:00,48.99435414434248
2025-03-24,51,51,08:20-08:30,36.81838111969603
2025-03-24,55,56,09:00-09:20,30.492661033406762
2025-03-24,62,64,10:10-10:40,65.20173752185474
2025-03-24,87,87,14:20-14:30,44.77307852160993
2025-03-24,89,90,14:40-15:00,48.072912906773354
2025-03-24,96,96,15:50-16:00,25.979446403662223
2025-03-24,99,99,16:20-16:30,33.832024011617875
2025-03-24,103,104,17:00-17:20,9.176302023074072
2025-03-24,109,109,18:00-18:10,14.998063638072495
2025-03-24,114,116,18:50-19:20,31.718225833286397
2025-03-24,120,121,19:50-20:10,21.74480597729041
2025-03-24,124,125,20:30-20:50,11.057344143966134
2025-03-24,128,129,21:10-21:30,24.89583870904073
2025-03-24,134,134,22:10-22:20,4.439010981707952
2025-03-24,137,138,22:40-23:00,46.73601719963176
2025-03-24,142,143,23:30-23:50,110.71805394788805
2025-03-25,5,6,00:40-01:00,37.03351317936563
2025-03-25,9,10,01:20-01:40,66.10385134046544
2025-03-25,13,13,02:00-02:10,23.326217758915845
2025-03-25,16,17,02:30-02:50,12.686973292050766
2025-03-25,19,19,03:00-03:10,27.8723689025843
2025-03-25,22,23,03:30-03:50,67.74422277525048
2025-03-25,28,29,04:30-04:50,29.383778097588408
2025-03-25,33,33,05:20-05:30,3.105777714172973
2025-03-25,35,35,05:40-05:50,3.3209035465196166
2025-03-25,38,39,06:10-06:30,42.81378215460711
2025-03-25,42,42,06:50-07:00,10.729144723930006
2025-03-25,45,45,07:20-07:30,9.962203957288011
2025-03-25,50,51,08:10-08:30,75.35166272817867
2025-03-25,53,54,08:40-09:00,65.88829888331156
2025-03-25,57,65,09:20-10:50,232.9014657783922
2025-03-25,69,70,11:20-11:40,76.23912108360082
2025-03-25,74,74,12:10-12:20,9.260389372662075
2025-03-25,78,79,12:50-13:10,41.462285878780904
2025-03-25,88,90,14:30-15:00,54.40693641550604
2025-03-25,100,101,16:30-16:50,56.47458235295363
2025-03-25,106,106,17:30-17:40,14.271740980016148
2025-03-25,113,113,18:40-18:50,10.816228169120052
2025-03-25,116,117,19:10-19:30,39.17496484405831
2025-03-25,120,122,19:50-20:20,27.019066348955903
2025-03-25,126,127,20:50-21:10,35.47184903276741
2025-03-25,136,137,22:30-22:50,9.116490755362406
2025-03-25,139,141,23:00-23:30,37.133488616923046
2025-03-25,144,144,23:50-24:00,23.122220107909015
2025-03-26,7,7,01:00-01:10,23.833017929990774
2025-03-26,10,11,01:30-01:50,28.95166077115414
2025-03-26,14,15,02:10-02:30,43.701939564416534
2025-03-26,18,19,02:50-03:10,47.172732839847185
2025-03-26,22,23,03:30-03:50,41.19854489406498
2025-03-26,26,27,04:10-04:30,31.12088551971135
2025-03-26,30,33,04:50-05:30,24.48674650611929
2025-03-26,37,38,06:00-06:20,3.288266259658485
2025-03-26,40,40,06:30-06:40,4.413383649164416
2025-03-26,44,47,07:10-07:50,74.76140962062664
2025-03-26,49,49,08:00-08:10,4.397798976369472
2025-03-26,52,53,08:30-08:50,30.735746348203975
2025-03-26,61,61,10:00-10:10,33.94018310209981
2025-03-26,64,64,10:30-10:40,16.313482231684702
2025-03-26,108,108,17:50-18:00,0.38366653037021514
2025-03-26,113,114,18:40-19:00,31.943786037636414
2025-03-26,117,117,19:20-19:30,14.109136267930012
2025-03-26,121,121,20:00-20:10,7.4582503684694075
2025-03-26,126,127,20:50-21:10,19.201813514935907
2025-03-26,130,130,21:30-21:40,16.022926970653998
2025-03-26,133,134,22:00-22:20,33.71534140018423
2025-03-26,137,137,22:40-22:50,5.9293942755627995
2025-03-26,140,140,23:10-23:20,16.19218355046712
2025-03-27,7,9,01:00-01:30,43.37432030530351
2025-03-27,12,14,01:50-02:20,63.64274227529938
2025-03-27,21,21,03:20-03:30,15.073081898933992
2025-03-27,23,24,03:40-04:00,52.78528597183856
2025-03-27,27,28,04:20-04:40,45.00072344669388
2025-03-27,37,40,06:00-06:40,46.731444957043436
2025-03-27,43,44,07:00-07:20,8.612662993250922
2025-03-27,47,49,07:40-08:10,81.95862205835334
2025-03-27,53,54,08:40-09:00,35.338498916210824
2025-03-27,57,57,09:20-09:30,2.299810056774163
2025-03-27,61,61,10:00-10:10,90.04059428308233
2025-03-27,64,65,10:30-10:50,168.21020234429375
2025-03-27,87,87,14:20-14:30,5.68410637583861
2025-03-27,90,90,14:50-15:00,47.03117220216927
2025-03-27,95,95,15:40-15:50,3.338529893971213
2025-03-27,97,98,16:00-16:20,15.771021945556981
2025-03-27,100,100,16:30-16:40,11.657102113999883
2025-03-27,108,111,17:50-18:30,26.407592788524894
2025-03-27,113,115,18:40-19:10,35.82034886827205
2025-03-27,118,120,19:30-20:00,42.12217133833428
2025-03-27,123,124,20:20-20:40,35.71949882221361
2025-03-27,126,127,20:50-21:10,10.84446014607181
2025-03-27,129,131,21:20-21:50,46.46224137386491
2025-03-27,137,139,22:40-23:10,12.49628611001458
2025-03-27,143,144,23:40-24:00,22.143248703776578
2025-03-28,4,5,00:30-00:50,48.802507691801566
2025-03-28,7,7,01:00-01:10,29.049439821029125
2025-03-28,10,11,01:30-01:50,35.98900525069098
2025-03-28,14,15,02:10-02:30,14.394651737070717
2025-03-28,18,20,02:50-03:20,40.46638216212665
2025-03-28,23,23,03:40-03:50,0.6306136070536468
2025-03-28,25,25,04:00-04:10,1.1249793920252387
2025-03-28,32,33,05:10-05:30,61.60002882616146
2025-03-28,38,39,06:10-06:30,16.436651912845548
2025-03-28,42,44,06:50-07:20,82.7457780901621
2025-03-28,46,47,07:30-07:50,71.4426079878931
2025-03-28,52,52,08:30-08:40,17.66307021036596
2025-03-28,55,55,09:00-09:10,45.66181967458135
2025-03-28,58,59,09:30-09:50,98.6827664739726
2025-03-28,64,64,10:30-10:40,24.433632818227807
2025-03-28,67,68,11:00-11:20,55.03079479254802
2025-03-28,107,107,17:40-17:50,4.5106452644145065
2025-03-28,109,110,18:00-18:20,18.21914743199295
2025-03-28,115,117,19:00-19:30,58.6993499144624
2025-03-28,120,120,19:50-20:00,4.437218511834317
2025-03-28,122,123,20:10-20:30,18.08262206211333
2025-03-28,126,128,20:50-21:20,95.21653108303718
2025-03-28,134,134,22:10-22:20,6.1586181668640165
2025-03-28,136,137,22:30-22:50,9.789156954862676
2025-03-28,140,140,23:10-23:20,5.544142327937891
2025-03-28,142,144,23:30-24:00,33.69096065271765
2025-03-29,1,1,00:00-00:10,14.646216133701728
2025-03-29,5,6,00:40-01:00,41.75179165021723
2025-03-29,8,9,01:10-01:30,21.970377872088477
2025-03-29,12,13,01:50-02:10,36.02547618765624
2025-03-29,17,18,02:40-03:00,38.87020071719962
2025-03-29,21,21,03:20-03:30,19.083945249375063
2025-03-29,25,26,04:00-04:20,36.41090713251758
2025-03-29,28,30,04:30-05:00,24.354778918278612
2025-03-29,33,33,05:20-05:30,6.918919852236172
2025-03-29,37,38,06:00-06:20,28.453073831143115
2025-03-29,40,42,06:30-07:00,33.00723396405533
2025-03-29,46,47,07:30-07:50,8.60803286992649
2025-03-29,51,52,08:20-08:40,37.6490945594345
2025-03-29,56,57,09:10-09:30,28.054862406707798
2025-03-29,59,60,09:40-10:00,84.04992104506255
2025-03-29,62,63,10:10-10:30,24.567437352659454
2025-03-29,66,66,10:50-11:00,3.4183065008548965
2025-03-29,97,98,16:00-16:20,20.077590740323046
2025-03-29,103,104,17:00-17:20,11.426805242231296
2025-03-29,109,110,18:00-18:20,48.68063111875625
2025-03-29,112,113,18:30-18:50,32.96720717763617
2025-03-29,116,117,19:10-19:30,37.584751648713166
2025-03-29,119,120,19:40-20:00,64.15439901208788
2025-03-29,124,124,20:30-20:40,3.8983816094222448
2025-03-29,127,128,21:00-21:20,4.270583912356869
2025-03-29,131,131,21:40-21:50,11.658236827214068
2025-03-29,134,134,22:10-22:20,2.208743683379396
2025-03-29,137,137,22:40-22:50,0.18244653243834819
2025-03-29,142,144,23:30-24:00,17.474980260560528
2025-03-30,1,1,00:00-00:10,15.650615278326313
2025-03-30,7,7,01:00-01:10,10.061056224503204
2025-03-30,10,11,01:30-01:50,97.92620332280558
2025-03-30,17,18,02:40-03:00,33.06904209454672
2025-03-30,22,23,03:30-03:50,28.761528990656643
2025-03-30,25,25,04:00-04:10,4.532604896321118
2025-03-30,29,32,04:40-05:20,54.785838169495776
2025-03-30,37,37,06:00-06:10,25.4051919867278
2025-03-30,41,43,06:40-07:10,44.72961281747615
2025-03-30,46,47,07:30-07:50,16.89084182787235
2025-03-30,49,54,08:00-09:00,67.516879758615
2025-03-30,58,61,09:30-10:10,115.39246779839436
2025-03-30,66,66,10:50-11:00,18.638710707236214
2025-03-30,71,71,11:40-11:50,45.82132293910854
2025-03-30,86,86,14:10-14:20,46.75190639745813
2025-03-30,92,92,15:10-15:20,1.0298151147704857
2025-03-30,95,96,15:40-16:00,36.01337718308798
2025-03-30,110,110,18:10-18:20,26.432147177260163
2025-03-30,115,116,19:00-19:20,56.70575246366991
2025-03-30,119,120,19:40-20:00,37.72804099505595
2025-03-30,123,124,20:20-20:40,27.052336800894523
2025-03-30,127,128,21:00-21:20,64.94031765363866
2025-03-30,130,130,21:30-21:40,0.8115706671931093
2025-03-30,133,134,22:00-22:20,17.8391102974075
2025-03-30,137,137,22:40-22:50,10.70440888274777
2025-03-30,140,140,23:10-23:20,9.425027549677566
2025-03-30,144,144,23:50-24:00,12.147142295038748
2025-03-31,1,2,00:00-00:20,2.546701375181101
2025-03-31,5,6,00:40-01:00,23.41993738649819
2025-03-31,9,11,01:20-01:50,49.61111352809587
2025-03-31,15,15,02:20-02:30,4.400307132517469
2025-03-31,18,19,02:50-03:10,12.6932017502304
2025-03-31,22,22,03:30-03:40,5.087656374825201
2025-03-31,29,29,04:40-04:50,15.931916528490627
2025-03-31,33,33,05:20-05:30,11.812220595116855
2025-03-31,35,35,05:40-05:50,4.91248652924245
2025-03-31,39,39,06:20-06:30,27.13446966612139
2025-03-31,42,45,06:50-07:30,30.90982829413639
2025-03-31,50,51,08:10-08:30,33.21307604666015
2025-03-31,57,60,09:20-10:00,118.42538907563016
2025-03-31,62,63,10:10-10:30,102.90133631398885
2025-03-31,68,68,11:10-11:20,42.73517256123887
2025-03-31,72,74,11:50-12:20,95.75738334273319
2025-03-31,85,85,14:00-14:10,0.14855388584919638
2025-03-31,88,88,14:30-14:40,59.489473431654574
2025-03-31,91,91,15:00-15:10,27.519370243265257
2025-03-31,94,95,15:30-15:50,69.68054035587352
2025-03-31,98,103,16:10-17:10,106.42558113505511
2025-03-31,105,106,17:20-17:40,10.652454317297526
2025-03-31,109,110,18:00-18:20,24.25739538943055
2025-03-31,113,114,18:40-19:00,22.206867532382034
2025-03-31,116,117,19:10-19:30,42.229705704697494
2025-03-31,120,123,19:50-20:30,51.21519900727412
2025-03-31,125,126,20:40-21:00,75.23571088959056
2025-03-31,129,129,21:20-21:30,44.29506513357035
2025-03-31,132,132,21:50-22:00,0.4717416765363396
2025-03-31,137,137,22:40-22:50,6.840674378207609
2025-03-31,140,140,23:10-23:20,28.096131227793194
2025-03-31,144,144,23:50-24:00,27.606113495196723
2025-04-01,1,1,00:00-00:10,3.6254195946837626
2025-04-01,5,5,00:40-00:50,17.29661930517159
2025-04-01,8,9,01:10-01:30,27.79894338728775
2025-04-01,12,13,01:50-02:10,46.21185996183715
2025-04-01,15,17,02:20-02:50,24.35919267008819
2025-04-01,21,21,03:20-03:30,27.157375312541262
2025-04-01,26,30,04:10-05:00,54.46774755888884
2025-04-01,37,37,06:00-06:10,8.451820780929438
2025-04-01,40,41,06:30-06:50,29.05131697497825
2025-04-01,47,48,07:40-08:00,52.28073259263442
2025-04-01,51,51,08:20-08:30,34.24466915665596
2025-04-01,54,57,08:50-09:30,188.6145386705017
2025-04-01,59,60,09:40-10:00,77.60276216325451
2025-04-01,63,69,10:20-11:30,311.1622900626021
2025-04-01,72,72,11:50-12:00,26.85675798977286
2025-04-01,75,76,12:20-12:40,29.838606066588
2025-04-01,81,82,13:20-13:40,45.470617129133416
2025-04-01,88,88,14:30-14:40,73.65371993683391
2025-04-01,91,92,15:00-15:20,69.68769799409688
2025-04-01,95,96,15:40-16:00,27.896096908428035
2025-04-01,99,99,16:20-16:30,5.824869794897893
2025-04-01,102,103,16:50-17:10,45.46279725715786
2025-04-01,106,107,17:30-17:50,48.39299011618105
2025-04-01,112,115,18:30-19:10,47.2056244035869
2025-04-01,118,118,19:30-19:40,25.608589235425825
2025-04-01,121,122,20:00-20:20,73.29355201342287
2025-04-01,124,125,20:30-20:50,82.66382998012898
2025-04-01,129,130,21:20-21:40,66.59466433741261
2025-04-01,134,134,22:10-22:20,5.917261883142373
2025-04-01,137,137,22:40-22:50,18.76468611659425
2025-04-01,143,144,23:40-24:00,28.849699124884978
2025-04-02,1,1,00:00-00:10,15.549848170811856
2025-04-02,8,9,01:10-01:30,11.925171173838748
2025-04-02,12,13,01:50-02:10,42.23770162521396
2025-04-02,16,17,02:30-02:50,41.56943622845097
2025-04-02,19,20,03:00-03:20,37.809401908146015
2025-04-02,23,24,03:40-04:00,16.90337893801825
2025-04-02,27,30,04:20-05:00,10.088675602052808
2025-04-02,32,33,05:10-05:30,18.893784164269874
2025-04-02,36,36,05:50-06:00,4.753709549188784
2025-04-02,39,39,06:20-06:30,3.7262969112476867
2025-04-02,43,44,07:00-07:20,68.20452288835003
2025-04-02,46,50,07:30-08:20,88.22987619235602
2025-04-02,54,64,08:50-10:40,1442.8636265991388
2025-04-02,67,67,11:00-11:10,5.025515865809439
2025-04-02,71,72,11:40-12:00,79.16096992273401
2025-04-02,76,77,12:30-12:50,66.96124128268775
2025-04-02,83,84,13:40-14:00,46.60024611509061
2025-04-02,87,87,14:20-14:30,55.10985362829683
2025-04-02,94,95,15:30-15:50,29.60066647021233
2025-04-02,109,109,18:00-18:10,9.797812130355448
2025-04-02,112,112,18:30-18:40,0.8421006758408422
2025-04-02,116,118,19:10-19:40,78.17895036846949
2025-04-02,122,123,20:10-20:30,70.87524701934478
2025-04-02,127,127,21:00-21:10,0.9596288788000038
2025-04-02,129,131,21:20-21:50,7.629355178313062
2025-04-02,139,139,23:00-23:10,40.007400519805174
2025-04-02,142,142,23:30-23:40,38.28938445190158
2025-04-03,2,2,00:10-00:20,10.451450881694882
2025-04-03,6,6,00:50-01:00,7.328562837215259
2025-04-03,9,10,01:20-01:40,45.01117828661677
2025-04-03,12,13,01:50-02:10,43.04828376102125
2025-04-03,16,16,02:30-02:40,5.317784484800654
2025-04-03,19,20,03:00-03:20,32.87965319778937
2025-04-03,22,24,03:30-04:00,21.056083695223073
2025-04-03,26,27,04:10-04:30,24.00411826556141
2025-04-03,30,30,04:50-05:00,22.99289035555273
2025-04-03,32,33,05:10-05:30,14.628010409264322
2025-04-03,36,36,05:50-06:00,24.740247532570265
2025-04-03,39,39,06:20-06:30,4.50291881450562
2025-04-03,41,42,06:40-07:00,55.07329219164171
2025-04-03,45,45,07:20-07:30,16.14816693079939
2025-04-03,47,48,07:40-08:00,61.626301515237174
2025-04-03,51,52,08:20-08:40,12.06887499483014
2025-04-03,55,55,09:00-09:10,43.84171421991641
2025-04-03,62,64,10:10-10:40,79.2857390032525
2025-04-03,111,111,18:20-18:30,11.912761547571904
2025-04-03,114,115,18:50-19:10,30.786177868328423
2025-04-03,120,120,19:50-20:00,12.057284300565925
2025-04-03,122,123,20:10-20:30,75.22589518075699
2025-04-03,126,127,20:50-21:10,31.90401713383369
2025-04-03,130,130,21:30-21:40,13.455460251348654
2025-04-03,137,137,22:40-22:50,23.91238636662729
2025-04-03,142,142,23:30-23:40,49.816854829582894
2025-04-04,2,2,00:10-00:20,39.28509703908412
2025-04-04,5,6,00:40-01:00,26.99643094486106
2025-04-04,9,10,01:20-01:40,47.50251163968949
2025-04-04,13,16,02:00-02:40,49.282548677457555
2025-04-04,19,23,03:00-03:50,87.53518829169244
2025-04-04,27,28,04:20-04:40,25.69310494989935
2025-04-04,31,32,05:00-05:20,11.705511278739777
2025-04-04,37,41,06:00-06:50,82.66791211437607
2025-04-04,47,49,07:40-08:10,53.65700281240015
2025-04-04,52,55,08:30-09:10,62.92668631586855
2025-04-04,61,61,10:00-10:10,0.32354136540539
2025-04-04,63,65,10:20-10:50,75.16626666854677
2025-04-04,109,111,18:00-18:30,78.15546091590988
2025-04-04,119,120,19:40-20:00,76.49466041490416
2025-04-04,124,126,20:30-21:00,35.25060336886429
2025-04-04,129,129,21:20-21:30,17.237586235030903
2025-04-04,131,132,21:40-22:00,9.33143124753235
2025-04-04,137,138,22:40-23:00,26.41825996183718
2025-04-04,143,144,23:40-24:00,14.667586024476918
2025-04-05,2,3,00:10-00:30,65.50081916699571
2025-04-05,7,8,01:00-01:20,55.01955617186451
2025-04-05,13,14,02:00-02:20,36.6898036188972
2025-04-05,18,19,02:50-03:10,59.292453368864244
2025-04-05,22,24,03:30-04:00,45.673281352809546
2025-04-05,27,27,04:20-04:30,2.661768304100235
2025-04-05,32,33,05:10-05:30,54.924443150414504
2025-04-05,37,37,06:00-06:10,7.074736356287644
2025-04-05,41,42,06:40-07:00,8.990816083883374
2025-04-05,46,47,07:30-07:50,48.53077330663814
2025-04-05,50,52,08:10-08:40,97.2884441402066
2025-04-05,55,58,09:00-09:40,27.429937242682172
2025-04-05,61,62,10:00-10:20,83.16363417178991
2025-04-05,64,65,10:30-10:50,140.46436827026105
2025-04-05,104,106,17:10-17:40,34.38061979301793
2025-04-05,112,113,18:30-18:50,23.557689426240415
2025-04-05,116,118,19:10-19:40,48.76001729644889
2025-04-05,122,125,20:10-20:50,36.990268582332135
2025-04-05,130,132,21:30-22:00,43.7002372417424
2025-04-05,137,137,22:40-22:50,6.768753836030953
2025-04-05,139,140,23:00-23:20,42.51502107514142
2025-04-06,6,8,00:50-01:20,27.960088702461007
2025-04-06,11,12,01:40-02:00,20.786152177918098
2025-04-06,15,16,02:20-02:40,42.62385150019725
2025-04-06,19,20,03:00-03:20,31.64071198841941
2025-04-06,27,27,04:20-04:30,39.11257402289755
2025-04-06,30,30,04:50-05:00,39.036708352603114
2025-04-06,37,38,06:00-06:20,1.8363650875113535
2025-04-06,40,42,06:30-07:00,46.28982911285328
2025-04-06,44,48,07:10-08:00,73.165866000226
2025-04-06,52,53,08:30-08:50,70.85212848777144
2025-04-06,62,65,10:10-10:50,97.51479597691377
2025-04-06,89,90,14:40-15:00,46.52652588968465
2025-04-06,113,114,18:40-19:00,96.64710567179907
2025-04-06,117,117,19:20-19:30,31.97284350572454
2025-04-06,120,121,19:50-20:10,14.600179305547954
2025-04-06,125,126,20:40-21:00,31.658621838399768
2025-04-06,129,130,21:20-21:40,48.2887032306885
2025-04-06,134,134,22:10-22:20,13.194304697986581
2025-04-06,137,137,22:40-22:50,1.8300171798920246
2025-04-06,139,140,23:00-23:20,16.16878637978698
2025-04-06,142,142,23:30-23:40,9.585354697986418
2025-04-07,6,8,00:50-01:20,53.1214757204898
2025-04-07,11,11,01:40-01:50,10.736667087774777
2025-04-07,15,18,02:20-03:00,53.22776155415204
2025-04-07,22,22,03:30-03:40,16.373775648111405
2025-04-07,25,26,04:00-04:20,40.7071095332094
2025-04-07,31,32,05:00-05:20,39.74249838700573
2025-04-07,37,38,06:00-06:20,26.26469102419503
2025-04-07,41,43,06:40-07:10,25.934132356700957
2025-04-07,46,47,07:30-07:50,27.46822712762969
2025-04-07,49,50,08:00-08:20,17.731755194292646
2025-04-07,54,54,08:50-09:00,21.174207493467293
2025-04-07,58,58,09:30-09:40,4.046077074051027
2025-04-07,63,63,10:20-10:30,8.340524663020005
2025-04-07,65,65,10:40-10:50,3.7471421098637165
2025-04-07,90,90,14:50-15:00,9.867554529731137
2025-04-07,111,111,18:20-18:30,0.05412027898410088
2025-04-07,113,114,18:40-19:00,11.300800885454919
2025-04-07,117,118,19:20-19:40,35.74883018536252
2025-04-07,120,121,19:50-20:10,33.64149705600357
2025-04-07,125,127,20:40-21:10,80.2046226806159
2025-04-07,130,131,21:30-21:50,84.79758474141317
2025-04-07,134,134,22:10-22:20,12.949746453480657
2025-04-07,137,138,22:40-23:00,15.049849381497552
2025-04-07,140,140,23:10-23:20,4.25870778391868
2025-04-07,144,144,23:50-24:00,31.552025746808795
2025-04-08,1,1,00:00-00:10,0.987900164495386
2025-04-08,6,6,00:50-01:00,12.675463705750758
2025-04-08,9,9,01:20-01:30,8.022493887353562
2025-04-08,11,12,01:40-02:00,17.868850309250774
2025-04-08,15,15,02:20-02:30,16.220150950265293
2025-04-08,21,21,03:20-03:30,4.393159810501402
2025-04-08,27,27,04:20-04:30,2.7777404921700963
2025-04-08,38,39,06:10-06:30,76.25515329836617
2025-04-08,43,44,07:00-07:20,44.22691139341629
2025-04-08,46,46,07:30-07:40,17.817245109318776
2025-04-08,49,50,08:00-08:20,89.51341586204944
2025-04-08,52,52,08:30-08:40,6.5831297933940505
2025-04-08,56,58,09:10-09:40,81.7922718750591
2025-04-08,62,63,10:10-10:30,93.2934197967777
2025-04-08,89,89,14:40-14:50,0.4184499999998934
2025-04-08,101,101,16:40-16:50,4.104120864587344
2025-04-08,103,104,17:00-17:20,14.684942363656859
2025-04-08,108,111,17:50-18:30,23.583448230030065
2025-04-08,113,113,18:40-18:50,1.2830638627261806
2025-04-08,117,117,19:20-19:30,16.855791314646694
2025-04-08,119,120,19:40-20:00,56.99259243885467
2025-04-08,123,124,20:20-20:40,49.08460571773219
2025-04-08,127,128,21:00-21:20,26.65562802342413
2025-04-08,134,134,22:10-22:20,15.73681575865237
2025-04-08,137,138,22:40-23:00,21.08117060139466
2025-04-08,142,144,23:30-24:00,18.360732991182886
2025-04-09,3,3,00:20-00:30,8.864034083431989
2025-04-09,6,9,00:50-01:30,41.59681999605232
2025-04-09,12,12,01:50-02:00,16.913498420844803
2025-04-09,15,18,02:20-03:00,59.43919067640513
2025-04-09,21,21,03:20-03:30,9.210272588498242
2025-04-09,23,24,03:40-04:00,45.23433171469924
2025-04-09,27,28,04:20-04:40,3.848912355009247
2025-04-09,32,33,05:10-05:30,26.621830319778617
2025-04-09,36,39,05:50-06:30,47.49498337563193
2025-04-09,41,42,06:40-07:00,41.26162515556575
2025-04-09,47,48,07:40-08:00,63.85909294174053
2025-04-09,51,51,08:20-08:30,46.27866223657293
2025-04-09,54,56,08:50-09:20,99.75147313556317
2025-04-09,58,58,09:30-09:40,7.2497758426865175
2025-04-09,62,63,10:10-10:30,150.90090885172845
2025-04-09,66,66,10:50-11:00,26.778497619987547
2025-04-09,68,69,11:10-11:30,76.6765384195287
2025-04-09,75,79,12:20-13:10,150.33612153196782
2025-04-09,89,89,14:40-14:50,6.552414501907833
2025-04-09,92,94,15:10-15:40,16.703013736770004
2025-04-09,98,99,16:10-16:30,11.725641985787377
2025-04-09,102,103,16:50-17:10,87.85382489707297
2025-04-09,106,106,17:30-17:40,8.417790088921777
2025-04-09,109,110,18:00-18:20,81.45436007463383
2025-04-09,114,115,18:50-19:10,23.752985138081954
2025-04-09,119,121,19:40-20:10,27.944095988193908
2025-04-09,124,125,20:30-20:50,36.06301998289234
2025-04-09,131,132,21:40-22:00,65.5531063166203
2025-04-09,135,135,22:20-22:30,38.60622187129866
2025-04-09,139,140,23:00-23:20,34.010223259639474
2025-04-09,142,142,23:30-23:40,7.900087248322279
2025-04-10,4,5,00:30-00:50,20.536810067114175
2025-04-10,9,10,01:20-01:40,45.03081758126075
2025-04-10,16,20,02:30-03:20,42.56909896038985
2025-04-10,22,22,03:30-03:40,20.501161396236512
2025-04-10,25,26,04:00-04:20,36.3243664166335
2025-04-10,28,30,04:30-05:00,15.306562705619145
2025-04-10,36,37,05:50-06:10,44.73717443742612
2025-04-10,40,40,06:30-06:40,27.506266512511047
2025-04-10,43,44,07:00-07:20,54.47050208486087
2025-04-10,47,49,07:40-08:10,25.567117546481654
2025-04-10,52,58,08:30-09:40,207.98217900099633
2025-04-10,61,62,10:00-10:20,5.427596210027559
2025-04-10,87,87,14:20-14:30,5.603333333333239
2025-04-10,90,90,14:50-15:00,13.316908169308022
2025-04-10,96,97,15:50-16:10,72.59988103885837
2025-04-10,102,102,16:50-17:00,21.205376442388854
2025-04-10,107,109,17:40-18:10,42.39490393284824
2025-04-10,112,112,18:30-18:40,26.345938647942358
2025-04-10,115,116,19:00-19:20,90.52445854717723
2025-04-10,119,120,19:40-20:00,19.923538204275133
2025-04-10,124,125,20:30-20:50,48.20027815502044
2025-04-10,129,131,21:20-21:50,49.02141497565435
2025-04-10,134,134,22:10-22:20,3.850119805237682
2025-04-10,139,141,23:00-23:30,47.68816975259904
2025-04-10,144,144,23:50-24:00,46.88109987498348
2025-04-11,1,1,00:00-00:10,3.816145446769326
2025-04-11,3,3,00:20-00:30,9.73123321489669
2025-04-11,7,8,01:00-01:20,69.76686008027372
2025-04-11,12,13,01:50-02:10,17.23761351493613
2025-04-11,15,15,02:20-02:30,3.655999690748672
2025-04-11,18,21,02:50-03:30,59.431432247664134
2025-04-11,24,24,03:50-04:00,26.46194486304597
2025-04-11,29,31,04:40-05:10,33.76551714041335
2025-04-11,34,37,05:30-06:10,32.8946653507042
2025-04-11,44,44,07:10-07:20,2.9362912620083534
2025-04-11,47,49,07:40-08:10,92.55726004643464
2025-04-11,52,54,08:30-09:00,14.101307079878893
2025-04-11,56,56,09:10-09:20,2.6431032485475043
2025-04-11,59,60,09:40-10:00,110.75240743142899
2025-04-11,64,65,10:30-10:50,49.36722800086454
2025-04-11,105,105,17:20-17:30,2.849778424792788
2025-04-11,108,108,17:50-18:00,16.120209276596484
2025-04-11,112,113,18:30-18:50,91.11477716146845
2025-04-11,116,117,19:10-19:30,28.834341342846017
2025-04-11,121,122,20:00-20:20,23.091439367022076
2025-04-11,124,125,20:30-20:50,15.331284609817146
2025-04-11,127,128,21:00-21:20,26.250413876825803
2025-04-11,131,132,21:40-22:00,15.425045742861073
2025-04-11,134,135,22:10-22:30,32.33415675088827
2025-04-11,139,140,23:00-23:20,61.63223661008038
2025-04-11,142,143,23:30-23:50,23.57189107119359
2025-04-12,3,4,00:20-00:40,37.5299116199501
2025-04-12,10,11,01:30-01:50,64.03959240689562
2025-04-12,14,16,02:10-02:40,23.590889261744962
2025-04-12,19,20,03:00-03:20,28.155575838926325
2025-04-12,22,22,03:30-03:40,32.24672433214897
2025-04-12,26,28,04:10-04:40,35.364191854191205
2025-04-12,31,33,05:00-05:30,40.205057902355655
2025-04-12,36,36,05:50-06:00,13.239505829714517
2025-04-12,40,40,06:30-06:40,41.40468251743653
2025-04-12,43,44,07:00-07:20,84.03280343466281
2025-04-12,47,50,07:40-08:20,22.533830271840202
2025-04-12,53,55,08:40-09:10,103.43540435489604
2025-04-12,58,61,09:30-10:10,114.51614814261279
2025-04-12,64,64,10:30-10:40,41.68746695053824
2025-04-12,100,100,16:30-16:40,13.176675332280468
2025-04-12,107,108,17:40-18:00,53.587226661402866
2025-04-12,111,112,18:20-18:40,45.254135966198646
2025-04-12,115,118,19:00-19:40,32.227409168499605
2025-04-12,121,122,20:00-20:20,17.87608431372547
2025-04-12,127,128,21:00-21:20,36.7967840571128
2025-04-12,130,130,21:30-21:40,1.2283739373600042
2025-04-12,136,137,22:30-22:50,24.733517397025878
2025-04-12,139,139,23:00-23:10,3.0092274772995893
2025-04-12,143,144,23:40-24:00,30.98364873009615
2025-04-13,6,6,00:50-01:00,12.615866456112713
2025-04-13,15,15,02:20-02:30,21.088712330569706
2025-04-13,31,31,05:00-05:10,2.4699307869456413
2025-04-13,36,36,05:50-06:00,15.248146695053947
2025-04-13,39,42,06:20-07:00,51.405444153366375
2025-04-13,48,49,07:50-08:10,78.33203081232477
2025-04-13,52,54,08:30-09:00,69.71844789257989
2025-04-13,56,59,09:10-09:50,47.55147615099713
2025-04-13,61,61,10:00-10:10,1.8109327552497234
2025-04-13,64,64,10:30-10:40,55.0113083394433
2025-04-13,98,98,16:10-16:20,0.7747213176545529
2025-04-13,100,101,16:30-16:50,34.951648209351106
2025-04-13,103,103,17:00-17:10,1.2257966856541316
2025-04-13,106,107,17:30-17:50,7.768787326339961
2025-04-13,111,112,18:20-18:40,45.06181143383526
2025-04-13,115,116,19:00-19:20,86.09907945782334
2025-04-13,120,121,19:50-20:10,52.829813185945795
2025-04-13,124,125,20:30-20:50,43.93302248980126
2025-04-13,127,127,21:00-21:10,13.0483978878799
2025-04-13,131,132,21:40-22:00,27.23782125937646
2025-04-13,137,138,22:40-23:00,16.99651265956038
2025-04-13,142,142,23:30-23:40,19.238777740492083
2025-04-14,4,4,00:30-00:40,42.57066838399783
2025-04-14,7,8,01:00-01:20,43.50211362021298
2025-04-14,13,14,02:00-02:20,41.66905111198821
2025-04-14,16,17,02:30-02:50,28.69790603368881
2025-04-14,22,23,03:30-03:50,43.21949255071161
2025-04-14,25,25,04:00-04:10,0.3128180089486944
2025-04-14,28,30,04:30-05:00,49.3641044874325
2025-04-14,35,36,05:40-06:00,14.022236946590589
2025-04-14,40,42,06:30-07:00,102.06492484913412
2025-04-14,45,45,07:20-07:30,9.585949077886312
2025-04-14,50,51,08:10-08:30,69.70088210854783
2025-04-14,54,56,08:50-09:20,50.266248705657176
2025-04-14,59,60,09:40-10:00,51.65901552271907
2025-04-14,63,64,10:20-10:40,89.9876923956158
2025-04-14,112,112,18:30-18:40,36.16208374128189
2025-04-14,115,116,19:00-19:20,27.83328259075472
2025-04-14,118,119,19:30-19:50,36.38977991935053
2025-04-14,122,124,20:10-20:40,51.72378227022364
2025-04-14,127,130,21:00-21:40,63.84187682589811
2025-04-14,134,134,22:10-22:20,17.218059073562245
2025-04-14,139,139,23:00-23:10,31.71037520068421
2025-04-14,142,143,23:30-23:50,35.70730232925405
2025-04-15,7,9,01:00-01:30,52.32336754836149
2025-04-15,12,12,01:50-02:00,2.462348920910472
2025-04-15,14,15,02:10-02:30,60.36539872351602
2025-04-15,18,19,02:50-03:10,53.24098744571643
2025-04-15,23,23,03:40-03:50,3.3340092877871257
2025-04-15,36,37,05:50-06:10,9.733114378771575
2025-04-15,40,41,06:30-06:50,47.938779433384184
2025-04-15,45,47,07:20-07:50,93.08641819694336
2025-04-15,51,51,08:20-08:30,0.5753838691180135
2025-04-15,56,57,09:10-09:30,6.459760158290919
2025-04-15,60,62,09:50-10:20,153.95142280281175
2025-04-15,64,65,10:30-10:50,45.90715302389367
2025-04-15,88,88,14:30-14:40,3.437775596412962
2025-04-15,94,94,15:30-15:40,6.456941704735641
2025-04-15,97,97,16:00-16:10,9.199522510480733
2025-04-15,115,116,19:00-19:20,33.54069315417462
2025-04-15,118,119,19:30-19:50,27.90285886958793
2025-04-15,123,124,20:20-20:40,56.24233900513218
2025-04-15,127,127,21:00-21:10,6.592556579813163
2025-04-15,130,131,21:30-21:50,75.02930441505487
2025-04-15,137,137,22:40-22:50,22.077407106198052
2025-04-15,142,142,23:30-23:40,12.22562312804314
2025-04-16,5,6,00:40-01:00,17.90455156599569
2025-04-16,9,11,01:20-01:50,38.55729462429247
2025-04-16,14,15,02:10-02:30,34.5840506448219
2025-04-16,19,21,03:00-03:30,11.058847216739082
2025-04-16,23,24,03:40-04:00,56.03189839452557
2025-04-16,27,27,04:20-04:30,6.899157431428989
2025-04-16,36,36,05:50-06:00,37.25663618521219
2025-04-16,39,39,06:20-06:30,2.5117055091836846
2025-04-16,41,43,06:40-07:10,85.12864217472242
2025-04-16,46,46,07:30-07:40,47.962213983043114
2025-04-16,49,53,08:00-08:50,91.42536258154291
2025-04-16,57,59,09:20-09:50,113.2510047233659
2025-04-16,61,62,10:00-10:20,93.57951412403804
2025-04-16,66,67,10:50-11:10,37.754318286240505
2025-04-16,71,72,11:40-12:00,63.70914015848007
2025-04-16,75,76,12:20-12:40,13.634677998044708
2025-04-16,88,88,14:30-14:40,32.700750000000085
2025-04-16,91,92,15:00-15:20,48.24912630327299
2025-04-16,97,97,16:00-16:10,27.79091152783235
2025-04-16,112,113,18:30-18:50,24.138892026206577
2025-04-16,116,117,19:10-19:30,4.296196394262438
2025-04-16,122,124,20:10-20:40,38.456631951572945
2025-04-16,126,127,20:50-21:10,44.58759288722206
2025-04-16,130,130,21:30-21:40,19.80696792341098
2025-04-16,134,134,22:10-22:20,5.935052243716314
2025-04-16,137,138,22:40-23:00,42.588162271351166
2025-04-16,142,143,23:30-23:50,16.246451625214036
2025-04-17,6,7,00:50-01:10,17.03019124884861
2025-04-17,10,10,01:30-01:40,13.851804579549594
2025-04-17,14,15,02:10-02:30,21.165051638373598
2025-04-17,17,18,02:40-03:00,60.98702550335565
2025-04-17,21,21,03:20-03:30,29.843374358468168
2025-04-17,23,24,03:40-04:00,34.25103540597445
2025-04-17,37,38,06:00-06:20,8.727828302596322
2025-04-17,40,41,06:30-06:50,15.686314650424038
2025-04-17,43,44,07:00-07:20,48.36369502566117
2025-04-17,46,46,07:30-07:40,5.0610000808374025
2025-04-17,49,50,08:00-08:20,68.73524289192176
2025-04-17,56,57,09:10-09:30,27.663065660895427
2025-04-17,60,60,09:50-10:00,29.411237636530814
2025-04-17,62,66,10:10-11:00,222.93712743030096
2025-04-17,99,99,16:20-16:30,8.704923462673435
2025-04-17,104,104,17:10-17:20,7.1975174571844605
2025-04-17,108,109,17:50-18:10,9.09076128155943
2025-04-17,113,113,18:40-18:50,3.6138518291881496
2025-04-17,116,117,19:10-19:30,30.82144059462712
2025-04-17,119,120,19:40-20:00,21.748721831819807
2025-04-17,123,123,20:20-20:30,15.625473480533174
2025-04-17,127,129,21:00-21:30,34.13513554415067
2025-04-17,137,137,22:40-22:50,29.124754875641543
2025-04-17,142,144,23:30-24:00,17.36101460718521
2025-04-18,1,1,00:00-00:10,16.876999045927107
2025-04-18,4,5,00:30-00:50,2.6125132320041757
2025-04-18,7,7,01:00-01:10,9.375471937096961
2025-04-18,10,12,01:30-02:00,58.03536912751673
2025-04-18,15,17,02:20-02:50,37.34440700092131
2025-04-18,21,21,03:20-03:30,26.828710902750515
2025-04-18,24,26,03:50-04:20,24.673391330626373
2025-04-18,34,35,05:30-05:50,3.200948675577582
2025-04-18,39,39,06:20-06:30,7.543903830391201
2025-04-18,45,46,07:20-07:40,45.923066990957636
2025-04-18,49,50,08:00-08:20,112.29539567048289
2025-04-18,52,53,08:30-08:50,73.69905847479936
2025-04-18,57,57,09:20-09:30,7.48551287951409
2025-04-18,59,60,09:40-10:00,36.42389547120865
2025-04-18,64,65,10:30-10:50,42.636079788693905
2025-04-18,107,111,17:40-18:30,99.74079415900573
2025-04-18,117,117,19:20-19:30,0.7117625129246221
2025-04-18,121,122,20:00-20:20,29.974447703645126
2025-04-18,124,125,20:30-20:50,21.48265985656002
2025-04-18,130,131,21:30-21:50,84.51311464666406
2025-04-18,137,137,22:40-22:50,18.78381856823279
2025-04-18,139,139,23:00-23:10,32.774051427819415
2025-04-18,142,144,23:30-24:00,30.38705355967886
2025-04-19,1,1,00:00-00:10,30.732021851559466
2025-04-19,5,6,00:40-01:00,47.21314671667329
2025-04-19,9,9,01:20-01:30,7.971741465982404
2025-04-19,11,13,01:40-02:10,77.81667006185035
2025-04-19,18,19,02:50-03:10,12.841365942887194
2025-04-19,22,23,03:30-03:50,24.810386596920605
2025-04-19,25,25,04:00-04:10,17.35188100407953
2025-04-19,28,29,04:30-04:50,35.98570750098696
2025-04-19,31,34,05:00-05:40,21.3746149549753
2025-04-19,38,39,06:10-06:30,49.98470552328314
2025-04-19,42,42,06:50-07:00,49.26366440133103
2025-04-19,44,48,07:10-08:00,80.74359234015782
2025-04-19,51,53,08:20-08:50,81.28809394375207
2025-04-19,55,56,09:00-09:20,30.67486378564854
2025-04-19,58,59,09:30-09:50,10.382799871224279
2025-04-19,61,61,10:00-10:10,7.559695435489402
2025-04-19,65,66,10:40-11:00,79.77035825954567
2025-04-19,108,108,17:50-18:00,5.89922714360921
2025-04-19,110,111,18:10-18:30,34.19223929558393
2025-04-19,113,115,18:40-19:10,47.339504362415994
2025-04-19,121,122,20:00-20:20,28.161516943958702
2025-04-19,125,126,20:40-21:00,18.53582447690502
2025-04-19,128,129,21:10-21:30,18.53468131991042
2025-04-19,133,134,22:00-22:20,38.2741116265297
2025-04-19,137,137,22:40-22:50,0.0771557573367545
2025-04-19,142,143,23:30-23:50,61.26218039215689
2025-04-20,4,4,00:30-00:40,9.476869430188344
2025-04-20,7,8,01:00-01:20,51.926409685485055
2025-04-20,14,14,02:10-02:20,13.053609948677604
2025-04-20,29,30,04:40-05:00,30.77329166337688
2025-04-20,33,33,05:20-05:30,22.73367745756036
2025-04-20,38,39,06:10-06:30,29.062987668489995
2025-04-20,43,47,07:00-07:50,142.89755869381332
2025-04-20,50,52,08:10-08:40,95.80229030605528
2025-04-20,55,56,09:00-09:20,33.366487079126955
2025-04-20,64,66,10:30-11:00,101.34986069595652
2025-04-20,99,99,16:20-16:30,38.49012572142982
2025-04-20,103,103,17:00-17:10,24.44767616227699
2025-04-20,106,107,17:30-17:50,32.878542497586125
2025-04-20,114,115,18:50-19:10,17.60095105652988
2025-04-20,118,119,19:30-19:50,9.411229121312772
2025-04-20,122,125,20:10-20:50,12.943099039347544
2025-04-20,128,129,21:10-21:30,45.43577058165522
2025-04-20,133,133,22:00-22:10,1.6113991643635472
2025-04-20,139,140,23:00-23:20,36.131710415844054
2025-04-20,143,144,23:40-24:00,70.78008472167403
2025-04-21,3,3,00:20-00:30,3.7427306224501535
2025-04-21,6,6,00:50-01:00,0.2893216541649508
2025-04-21,8,8,01:10-01:20,10.036281333070292
2025-04-21,16,16,02:30-02:40,3.581496854849206
2025-04-21,19,20,03:00-03:20,29.631579155152053
2025-04-21,25,26,04:00-04:20,27.53474259333425
2025-04-21,28,30,04:30-05:00,15.387791156731423
2025-04-21,32,33,05:10-05:30,25.25599700712496
2025-04-21,37,39,06:00-06:30,57.472985190720806
2025-04-21,45,46,07:20-07:40,15.116365737973297
2025-04-21,49,50,08:00-08:20,80.51138656872149
2025-04-21,55,62,09:00-10:20,140.73593689019253
2025-04-21,68,69,11:10-11:30,111.64907197751631
2025-04-21,109,109,18:00-18:10,13.939831842535924
2025-04-21,113,114,18:40-19:00,30.54620806027083
2025-04-21,119,122,19:40-20:20,57.59496120072197
2025-04-21,124,124,20:30-20:40,6.531036228451171
2025-04-21,127,128,21:00-21:20,44.26531525200676
2025-04-21,133,133,22:00-22:10,2.071504283458353
2025-04-21,136,137,22:30-22:50,47.79481206079754
2025-04-21,142,143,23:30-23:50,33.53683672193711
2025-04-22,4,4,00:30-00:40,9.993829359126039
2025-04-22,7,7,01:00-01:10,9.96409846032384
2025-04-22,10,11,01:30-01:50,31.85550352019993
2025-04-22,13,13,02:00-02:10,19.54609839452553
2025-04-22,16,17,02:30-02:50,39.93687630609293
2025-04-22,20,22,03:10-03:40,60.377418625570755
2025-04-22,26,27,04:10-04:30,20.706383655744048
2025-04-22,29,30,04:40-05:00,73.67485900870429
2025-04-22,36,36,05:50-06:00,12.684154497772283
2025-04-22,41,42,06:40-07:00,77.54745052356554
2025-04-22,46,46,07:30-07:40,29.185845211776268
2025-04-22,52,55,08:30-09:10,110.84617200759521
2025-04-22,58,58,09:30-09:40,0.04471270843896491
2025-04-22,61,62,10:00-10:20,86.75963280412839
2025-04-22,64,64,10:30-10:40,17.246284892749145
2025-04-22,68,70,11:10-11:40,134.66891819130387
2025-04-22,72,72,11:50-12:00,29.677331146015376
2025-04-22,74,74,12:10-12:20,3.668939332243326
2025-04-22,87,87,14:20-14:30,9.114158349783224
2025-04-22,91,93,15:00-15:30,64.48975412648281
2025-04-22,111,111,18:20-18:30,26.300606000789685
2025-04-22,114,115,18:50-19:10,16.50601261068175
2025-04-22,118,119,19:30-19:50,46.55061334574077
2025-04-22,121,121,20:00-20:10,21.54742720752722
2025-04-22,124,125,20:30-20:50,41.93170517173314
2025-04-22,127,129,21:00-21:30,57.99020134228215
2025-04-22,134,134,22:10-22:20,11.005700157915498
2025-04-22,139,140,23:00-23:20,52.22311933807089
2025-04-22,143,144,23:40-24:00,55.600491808132574
2025-04-23,1,1,00:00-00:10,20.729886392946582
2025-04-23,3,3,00:20-00:30,7.641320660613474
2025-04-23,6,6,00:50-01:00,24.296247032504084
2025-04-23,10,11,01:30-01:50,42.99382563495226
2025-04-23,13,13,02:00-02:10,3.2882555007237215
2025-04-23,17,18,02:40-03:00,45.360892209501
2025-04-23,21,22,03:20-03:40,19.52142642286037
2025-04-23,26,26,04:10-04:20,5.552824115015028
2025-04-23,37,37,06:00-06:10,13.866892880641899
2025-04-23,40,40,06:30-06:40,10.343105584381021
2025-04-23,43,45,07:00-07:30,90.14912556633396
2025-04-23,48,48,07:50-08:00,53.7834721344916
2025-04-23,51,52,08:20-08:40,87.9431630082903
2025-04-23,56,57,09:10-09:30,43.84162976895482
2025-04-23,60,60,09:50-10:00,25.012013844866942
2025-04-23,63,65,10:20-10:50,117.37667270787551
2025-04-23,68,69,11:10-11:30,134.29408861880324
2025-04-23,90,90,14:50-15:00,10.687962625721525
2025-04-23,111,111,18:20-18:30,18.553839320963288
2025-04-23,115,116,19:00-19:20,32.85887332449738
2025-04-23,119,121,19:40-20:10,64.34491484405828
2025-04-23,124,125,20:30-20:50,24.397618785366717
2025-04-23,127,128,21:00-21:20,40.256585800763446
2025-04-23,130,130,21:30-21:40,14.548801822608084
2025-04-23,137,137,22:40-22:50,16.24789815107249
2025-04-23,143,144,23:40-24:00,51.47297462166068
2025-04-24,1,1,00:00-00:10,9.584726885116197
2025-04-24,7,8,01:00-01:20,55.75141485721815
2025-04-24,12,12,01:50-02:00,3.4048532701671093
2025-04-24,37,38,06:00-06:20,33.66156115748288
2025-04-24,43,44,07:00-07:20,41.608917696877484
2025-04-24,46,46,07:30-07:40,28.791730144003736
2025-04-24,49,50,08:00-08:20,44.0427241507341
2025-04-24,53,54,08:40-09:00,34.10942527776217
2025-04-24,57,61,09:20-10:10,215.699557964394
2025-04-24,64,65,10:30-10:50,75.3456149305357
2025-04-24,68,68,11:10-11:20,29.313220638053963
2025-04-24,106,107,17:30-17:50,28.394970302483074
2025-04-24,110,111,18:10-18:30,22.896137369578742
2025-04-24,114,114,18:50-19:00,6.499758578196406
2025-04-24,117,118,19:20-19:40,64.77662003929083
2025-04-24,121,123,20:00-20:30,56.63080142123931
2025-04-24,127,128,21:00-21:20,48.272650184234635
2025-04-24,130,130,21:30-21:40,9.200066581129136
2025-04-24,134,134,22:10-22:20,21.21844621002765
2025-04-24,140,141,23:10-23:30,12.397516745624557
2025-04-24,143,144,23:40-24:00,37.25540292801679
2025-04-25,1,1,00:00-00:10,8.79953620213189
2025-04-25,3,5,00:20-00:50,59.92417689169605
2025-04-25,8,9,01:10-01:30,45.81306687064091
2025-04-25,12,14,01:50-02:20,25.12727864850649
2025-04-25,17,18,02:40-03:00,26.66614463745225
2025-04-25,21,22,03:20-03:40,10.923095527607012
2025-04-25,25,26,04:00-04:20,74.17844725621802
2025-04-25,29,30,04:40-05:00,40.7198485364616
2025-04-25,33,33,05:20-05:30,15.074345215535903
2025-04-25,38,40,06:10-06:40,50.40735054894441
2025-04-25,44,46,07:10-07:40,100.65128195909233
2025-04-25,53,55,08:40-09:10,73.23516877596683
2025-04-25,58,58,09:30-09:40,32.51270394882749
2025-04-25,62,63,10:10-10:30,94.77099744515272
2025-04-25,106,107,17:30-17:50,1.8130227699133172
2025-04-25,111,113,18:20-18:50,70.96454596845433
2025-04-25,116,117,19:10-19:30,20.772373457033893
2025-04-25,120,123,19:50-20:30,40.943479284868374
2025-04-25,126,126,20:50-21:00,18.66172493749167
2025-04-25,129,130,21:20-21:40,45.66746748914312
2025-04-25,133,133,22:00-22:10,7.744426694301637
2025-04-25,137,137,22:40-22:50,40.66456959468354
2025-04-25,142,142,23:30-23:40,45.41231054086052
2025-04-26,2,5,00:10-00:50,44.1949422752993
2025-04-26,7,7,01:00-01:10,6.564016627187755
2025-04-26,11,12,01:40-02:00,19.267677450980386
2025-04-26,15,16,02:20-02:40,67.37183214238718
2025-04-26,20,20,03:10-03:20,12.566828747203544
2025-04-26,24,24,03:50-04:00,6.14809892091057
2025-04-26,26,27,04:10-04:30,82.44607342037489
2025-04-26,30,31,04:50-05:10,87.02214227435951
2025-04-26,34,36,05:30-06:00,80.0589178322337
2025-04-26,41,42,06:40-07:00,67.26279417028536
2025-04-26,45,45,07:20-07:30,14.448077894647895
2025-04-26,48,51,07:50-08:30,87.42799272930642
2025-04-26,53,54,08:40-09:00,13.1720448874853
2025-04-26,57,58,09:20-09:40,20.144321810200836
2025-04-26,61,62,10:00-10:20,33.7386122572525
2025-04-26,99,99,16:20-16:30,6.163333333333412
2025-04-26,103,103,17:00-17:10,30.306746314364602
2025-04-26,106,106,17:30-17:40,16.117338742879753
2025-04-26,110,112,18:10-18:40,98.46240710337798
2025-04-26,117,118,19:20-19:40,16.81073295640408
2025-04-26,121,122,20:00-20:20,27.148807093038556
2025-04-26,125,126,20:40-21:00,52.929010777733936
2025-04-26,129,131,21:20-21:50,48.13418169495981
2025-04-26,134,135,22:10-22:30,54.003247210159145
2025-04-26,141,142,23:20-23:40,19.290039242005378
2025-04-27,3,4,00:20-00:40,46.320567298329024
2025-04-27,7,7,01:00-01:10,31.72915786287672
2025-04-27,10,10,01:30-01:40,12.349696124490038
2025-04-27,13,14,02:00-02:20,53.982075437557455
2025-04-27,16,17,02:30-02:50,16.78849069614421
2025-04-27,20,23,03:10-03:50,59.56728718252407
2025-04-27,27,27,04:20-04:30,8.218237189103775
2025-04-27,35,36,05:40-06:00,52.211508213486695
2025-04-27,38,39,06:10-06:30,50.49775336980406
2025-04-27,42,45,06:50-07:30,79.31558298178373
2025-04-27,49,50,08:00-08:20,105.06876860019167
2025-04-27,53,55,08:40-09:10,33.6015259366834
2025-04-27,58,59,09:30-09:50,34.88805297877502
2025-04-27,63,65,10:20-10:50,173.2060974310525
2025-04-27,68,69,11:10-11:30,16.074537266181324
2025-04-27,90,92,14:50-15:20,52.91552815595992
2025-04-27,97,98,16:00-16:20,43.500613561934756
2025-04-27,101,105,16:40-17:30,148.43373860655728
2025-04-27,108,109,17:50-18:10,80.80525353824785
2025-04-27,112,113,18:30-18:50,72.4117928139041
2025-04-27,116,119,19:10-19:50,41.12869546744889
2025-04-27,121,124,20:00-20:40,194.79080784143594
2025-04-27,127,128,21:00-21:20,46.48003467561534
2025-04-27,130,130,21:30-21:40,1.6239914594024185
2025-04-27,134,135,22:10-22:30,22.43097116725869
2025-04-27,139,139,23:00-23:10,24.377476371891248
2025-04-27,143,144,23:40-24:00,83.51624088037875
2025-04-28,6,7,00:50-01:10,22.251718640610534
2025-04-28,10,12,01:30-02:00,87.4974246611398
2025-04-28,15,15,02:20-02:30,33.79603884721655
2025-04-28,17,18,02:40-03:00,28.856526977233898
2025-04-28,20,21,03:10-03:30,24.5634042505593
2025-04-28,24,24,03:50-04:00,28.276307797078516
2025-04-28,26,27,04:10-04:30,35.950420990544
2025-04-28,31,31,05:00-05:10,23.583284156749755
2025-04-28,35,36,05:40-06:00,50.183165928787844
2025-04-28,41,42,06:40-07:00,70.21839651269914
2025-04-28,45,45,07:20-07:30,5.018114660763786
2025-04-28,47,48,07:40-08:00,40.23308517192106
2025-04-28,50,51,08:10-08:30,134.0583727689733
2025-04-28,54,57,08:50-09:30,116.43748504032476
2025-04-28,62,65,10:10-10:50,148.6032487141158
2025-04-28,67,68,11:00-11:20,40.31930103961031
2025-04-28,79,81,13:00-13:30,39.108048709416835
2025-04-28,83,84,13:40-14:00,31.122734379523763
2025-04-28,87,98,14:20-16:20,620.7070529759559
2025-04-28,100,102,16:30-17:00,53.47735527136996
2025-04-28,105,108,17:20-18:00,56.86940186678741
2025-04-28,110,111,18:10-18:30,28.061633559866742
2025-04-28,113,116,18:40-19:20,1881.3066252323185
2025-04-28,118,119,19:30-19:50,28.828863400259024
2025-04-28,121,126,20:00-21:00,777.1538857422627
2025-04-28,129,133,21:20-22:10,30.868981497565414
2025-04-28,137,137,22:40-22:50,4.208722331885724
2025-04-28,140,141,23:10-23:30,13.318219634162347
2025-04-28,143,144,23:40-24:00,48.6799521976576
2025-04-29,7,8,01:00-01:20,29.28503851164612
2025-04-29,10,11,01:30-01:50,8.77230064482194
2025-04-29,13,13,02:00-02:10,12.077729306487981
2025-04-29,16,17,02:30-02:50,32.83013821555437
2025-04-29,21,24,03:20-04:00,43.33772429266999
2025-04-29,27,28,04:20-04:40,12.228885620288565
2025-04-29,39,41,06:20-06:50,19.965189016411955
2025-04-29,47,48,07:40-08:00,45.89260300697447
2025-04-29,51,52,08:20-08:40,48.43239253567151
2025-04-29,56,59,09:10-09:50,91.41424489782503
2025-04-29,61,61,10:00-10:10,18.26539701182446
2025-04-29,65,69,10:40-11:30,190.41832435846823
2025-04-29,89,90,14:40-15:00,40.02982321828074
2025-04-29,93,94,15:20-15:40,64.92590328332699
2025-04-29,98,99,16:10-16:30,58.917934272366494
2025-04-29,103,103,17:00-17:10,5.130488930874435
2025-04-29,107,109,17:40-18:10,47.82239636700312
2025-04-29,112,112,18:30-18:40,34.55473383527905
2025-04-29,115,116,19:00-19:20,46.49005350140055
2025-04-29,119,124,19:40-20:40,225.87401822587844
2025-04-29,126,127,20:50-21:10,5.683673779444575
2025-04-29,130,131,21:30-21:50,27.063774536123105
2025-04-29,134,135,22:10-22:30,14.790989485458681
2025-04-29,142,142,23:30-23:40,31.802970009211663
2025-04-30,7,8,01:00-01:20,79.8693145874455
2025-04-30,10,10,01:30-01:40,0.3140740426372304
2025-04-30,13,16,02:00-02:40,76.80288128043196
2025-04-30,20,20,03:10-03:20,3.11609250559286
2025-04-30,22,23,03:30-03:50,21.27940723516101
2025-04-30,36,37,05:50-06:10,42.503040173519025
2025-04-30,40,41,06:30-06:50,56.50895086853524
2025-04-30,43,43,07:00-07:10,14.032321627846045
2025-04-30,46,47,07:30-07:50,0.9460250512287303
2025-04-30,51,51,08:20-08:30,5.137501639313427
2025-04-30,54,55,08:50-09:10,78.75556222247315
2025-04-30,60,63,09:50-10:30,300.0432054678247
2025-04-30,67,67,11:00-11:10,26.842816050043666
2025-04-30,70,70,11:30-11:40,42.792097020284245
2025-04-30,73,74,12:00-12:20,54.093573292538395
2025-04-30,114,116,18:50-19:20,65.10291419829684
2025-04-30,120,121,19:50-20:10,8.91483133495035
2025-04-30,124,126,20:30-21:00,58.83209238057634
2025-04-30,134,134,22:10-22:20,11.310849749967133
2025-04-30,137,137,22:40-22:50,7.704105448085102
2025-04-30,142,144,23:30-24:00,67.61257270693511
2025-05-01,1,1,00:00-00:10,3.5198634754574414
2025-05-01,3,3,00:20-00:30,8.675834320305512
2025-05-01,7,7,01:00-01:10,9.671860804053381
2025-05-01,10,11,01:30-01:50,36.47863420844851
2025-05-01,13,14,02:00-02:20,44.6033720094747
2025-05-01,19,20,03:00-03:20,67.83883764311054
2025-05-01,23,24,03:40-04:00,35.94225873517196
2025-05-01,27,28,04:20-04:40,48.09583432782506
2025-05-01,31,32,05:00-05:20,89.5482438911136
2025-05-01,35,41,05:40-06:50,98.70021344687517
2025-05-01,43,43,07:00-07:10,16.093069871035766
2025-05-01,46,47,07:30-07:50,60.690765002913736
2025-05-01,51,52,08:20-08:40,60.41173003308654
2025-05-01,55,56,09:00-09:20,38.391911681988404
2025-05-01,63,63,10:20-10:30,19.454850109976405
2025-05-01,66,68,10:50-11:20,125.76391838681707
2025-05-01,70,70,11:30-11:40,19.048540465850465
2025-05-01,90,90,14:50-15:00,3.9737149624953645
2025-05-01,96,96,15:50-16:00,10.672446750512336
2025-05-01,102,102,16:50-17:00,1.0643699960518802
2025-05-01,104,105,17:10-17:30,56.49616510913083
2025-05-01,107,108,17:40-18:00,47.58320790611572
2025-05-01,110,113,18:10-18:50,288.56095849265904
2025-05-01,115,116,19:00-19:20,69.06381281089614
2025-05-01,118,119,19:30-19:50,53.500267377286605
2025-05-01,122,133,20:10-22:10,1295.40537886282
2025-05-01,136,137,22:30-22:50,28.11810846821936
2025-05-01,140,141,23:10-23:30,51.66324792735895
2025-05-01,144,144,23:50-24:00,5.5049828595867325
2025-05-02,1,1,00:00-00:10,21.88809661797609
2025-05-02,6,10,00:50-01:40,54.30327171338337
2025-05-02,13,13,02:00-02:10,13.388425720489408
2025-05-02,17,18,02:40-03:00,45.974004862481934
2025-05-02,21,22,03:20-03:40,34.99499568928235
2025-05-02,26,27,04:10-04:30,60.40110089579444
2025-05-02,30,32,04:50-05:20,20.81150436523609
2025-05-02,35,38,05:40-06:20,59.49088917244757
2025-05-02,41,45,06:40-07:30,279.55765029103975
2025-05-02,48,49,07:50-08:10,14.40137805632321
2025-05-02,52,53,08:30-08:50,12.15115658263312
2025-05-02,57,59,09:20-09:50,66.17311963416205
2025-05-02,61,64,10:00-10:40,66.96354109469303
2025-05-02,69,69,11:20-11:30,33.22102092380578
2025-05-02,98,100,16:10-16:40,120.967849083526
2025-05-02,104,104,17:10-17:20,14.65202328313876
2025-05-02,107,108,17:40-18:00,84.44151717425268
2025-05-02,112,112,18:30-18:40,144.5009273983399
2025-05-02,115,116,19:00-19:20,46.96829602015305
2025-05-02,118,119,19:30-19:50,61.605362963171956
2025-05-02,122,128,20:10-21:20,1362.3147281343424
2025-05-02,130,131,21:30-21:50,158.07372287988892
2025-05-02,133,135,22:00-22:30,43.55668640610611
2025-05-02,138,139,22:50-23:10,29.108051335702044
2025-05-02,142,143,23:30-23:50,74.62890924463738
2025-05-03,1,1,00:00-00:10,7.476072483221458
2025-05-03,3,4,00:20-00:40,32.1326742992498
2025-05-03,7,9,01:00-01:30,111.9470015791552
2025-05-03,15,21,02:20-03:30,24.46723645874465
2025-05-03,23,24,03:40-04:00,43.78034519673639
2025-05-03,27,27,04:20-04:30,15.678878593048069
2025-05-03,30,30,04:50-05:00,17.81933212358763
2025-05-03,33,35,05:20-05:50,11.603782251424018
2025-05-03,39,40,06:20-06:40,32.77196734908722
2025-05-03,43,44,07:00-07:20,54.7688785469893
2025-05-03,46,46,07:30-07:40,52.87830810914977
2025-05-03,49,50,08:00-08:20,22.145555398266765
2025-05-03,52,52,08:30-08:40,17.18122071889161
2025-05-03,55,56,09:00-09:20,46.32315315830988
2025-05-03,58,59,09:30-09:50,99.98157315718254
2025-05-03,62,62,10:10-10:20,3.728205270430408
2025-05-03,105,105,17:20-17:30,0.3920682937603601
2025-05-03,108,111,17:50-18:30,104.24932224540828
2025-05-03,114,114,18:50-19:00,71.48980633072017
2025-05-03,118,120,19:30-20:00,78.0251296223189
2025-05-03,123,131,20:20-21:50,983.4882150475529
2025-05-03,134,135,22:10-22:30,47.948770555336125
2025-05-03,139,141,23:00-23:30,33.92553625477029
2025-05-03,144,144,23:50-24:00,18.465206290301467
2025-05-04,1,3,00:00-00:30,17.81892086458697
2025-05-04,6,7,00:50-01:10,14.189082570075016
2025-05-04,11,12,01:40-02:00,24.733213679431742
2025-05-04,16,19,02:30-03:10,64.11042470719872
2025-05-04,24,25,03:50-04:10,82.68587767469421
2025-05-04,28,28,04:30-04:40,16.93612358299015
2025-05-04,31,32,05:00-05:20,63.73280901904375
2025-05-04,37,38,06:00-06:20,39.257724044516976
2025-05-04,40,41,06:30-06:50,31.635466090462785
2025-05-04,45,45,07:20-07:30,38.95105791833498
2025-05-04,48,51,07:50-08:30,121.78833080950494
2025-05-04,55,56,09:00-09:20,27.106507253774453
2025-05-04,60,62,09:50-10:20,58.96834687176852
2025-05-04,65,66,10:40-11:00,134.77296818660375
2025-05-04,68,69,11:10-11:30,34.727031070817475
2025-05-04,106,109,17:30-18:10,33.348806623991706
2025-05-04,112,113,18:30-18:50,119.94392522230362
2025-05-04,115,115,19:00-19:10,1.3914710507021937
2025-05-04,118,119,19:30-19:50,33.319207349651265
2025-05-04,121,132,20:00-22:00,647.3579229246392
2025-05-04,136,136,22:30-22:40,14.517389031451557
2025-05-04,139,140,23:00-23:20,24.22327645084863
2025-05-04,142,142,23:30-23:40,11.407176812738612
2025-05-05,1,2,00:00-00:20,48.14401858797214
2025-05-05,6,6,00:50-01:00,42.885384991446244
2025-05-05,9,10,01:20-01:40,70.3535493814976
2025-05-05,13,14,02:00-02:20,90.5526306816688
2025-05-05,19,24,03:00-04:00,66.28745295433583
2025-05-05,27,27,04:20-04:30,10.67504553324693
2025-05-05,29,30,04:40-05:00,47.9988055862612
2025-05-05,33,33,05:20-05:30,18.348309846220648
2025-05-05,37,38,06:00-06:20,44.205151737070764
2025-05-05,40,41,06:30-06:50,35.42609290132185
2025-05-05,43,47,07:00-07:50,123.29321532626477
2025-05-05,53,53,08:40-08:50,4.879940455511132
2025-05-05,56,57,09:10-09:30,54.15971702761692
2025-05-05,60,60,09:50-10:00,12.241434846690254
2025-05-05,66,66,10:50-11:00,61.13957249544114
2025-05-05,69,69,11:20-11:30,24.009833365292707
2025-05-05,100,101,16:30-16:50,34.27305035155041
2025-05-05,103,106,17:00-17:40,75.03543120053374
2025-05-05,109,110,18:00-18:20,115.5049848260111
2025-05-05,112,113,18:30-18:50,21.791681256932343
2025-05-05,116,117,19:10-19:30,14.956934364484141
2025-05-05,121,127,20:00-21:10,487.02056650294367
2025-05-05,133,133,22:00-22:10,12.914570858007664
2025-05-05,136,136,22:30-22:40,1.1822170285563516
2025-05-05,139,141,23:00-23:30,58.25662126595637
2025-05-06,4,5,00:30-00:50,33.854109744703464
2025-05-06,12,15,01:50-02:30,49.206138472167254
2025-05-06,19,20,03:00-03:20,69.16109232793781
2025-05-06,24,27,03:50-04:30,63.90978353636792
2025-05-06,31,32,05:00-05:20,21.932845958114925
2025-05-06,37,38,06:00-06:20,30.619322601657927
2025-05-06,40,40,06:30-06:40,31.997226315492526
2025-05-06,43,45,07:00-07:30,83.19089647604022
2025-05-06,47,48,07:40-08:00,41.283162456526384
2025-05-06,50,51,08:10-08:30,77.06367937228629
2025-05-06,54,58,08:50-09:40,219.76026226101192
2025-05-06,61,61,10:00-10:10,0.7541780497433592
2025-05-06,65,66,10:40-11:00,97.86901382888732
2025-05-06,69,69,11:20-11:30,43.87401742240513
2025-05-06,106,106,17:30-17:40,24.99277570544976
2025-05-06,109,109,18:00-18:10,4.360973716466617
2025-05-06,112,112,18:30-18:40,33.85966596920664
2025-05-06,115,116,19:00-19:20,45.955327332543675
2025-05-06,119,120,19:40-20:00,59.98966475194106
2025-05-06,123,125,20:20-20:50,55.751887906303295
2025-05-06,128,129,21:10-21:30,68.18030796815367
2025-05-06,131,132,21:40-22:00,92.91245459270954
2025-05-06,135,135,22:20-22:30,40.8016690353993
2025-05-06,143,144,23:40-24:00,27.693334313725472
2025-05-07,4,4,00:30-00:40,30.523353224108632
2025-05-07,10,12,01:30-02:00,9.931906171864512
2025-05-07,14,15,02:10-02:30,22.20576398210278
2025-05-07,17,18,02:40-03:00,10.111754184760912
2025-05-07,22,22,03:30-03:40,8.318809757862937
2025-05-07,25,26,04:00-04:20,55.61513318669746
2025-05-07,28,29,04:30-04:50,9.945321152219371
2025-05-07,31,32,05:00-05:20,38.35618448386063
2025-05-07,39,40,06:20-06:40,71.79267912037301
2025-05-07,43,44,07:00-07:20,28.180594103547094
2025-05-07,48,48,07:50-08:00,14.374350717199718
2025-05-07,50,51,08:10-08:30,28.232262165134557
2025-05-07,53,54,08:40-09:00,92.65993840166902
2025-05-07,59,60,09:40-10:00,53.87684495140297
2025-05-07,62,63,10:10-10:30,85.54666005959484
2025-05-07,66,66,10:50-11:00,51.938373216400805
2025-05-07,88,88,14:30-14:40,0.5117447088902054
2025-05-07,90,90,14:50-15:00,5.978939202526249
2025-05-07,99,100,16:20-16:40,36.14843517944087
2025-05-07,103,105,17:00-17:30,91.05832616603672
2025-05-07,108,109,17:50-18:10,26.35604229221883
2025-05-07,112,114,18:30-19:00,81.35417256499906
2025-05-07,116,117,19:10-19:30,40.01111965672203
2025-05-07,121,124,20:00-20:40,286.8452562645882
2025-05-07,127,129,21:00-21:30,35.2709777602314
2025-05-07,131,132,21:40-22:00,19.651832839847316
2025-05-07,137,138,22:40-23:00,30.643415469140677
2025-05-07,143,144,23:40-24:00,32.53143925516508
2025-05-08,2,3,00:10-00:30,57.20669533491218
2025-05-08,6,6,00:50-01:00,35.23295377023294
2025-05-08,9,9,01:20-01:30,4.842704322937152
2025-05-08,12,12,01:50-02:00,1.522701158047198
2025-05-08,14,16,02:10-02:40,43.31171896960109
2025-05-08,19,19,03:00-03:10,25.62284545992884
2025-05-08,23,23,03:40-03:50,3.52538735171909
2025-05-08,25,25,04:00-04:10,7.573725621792391
2025-05-08,29,31,04:40-05:10,105.355807685222
2025-05-08,37,37,06:00-06:10,1.0704014710582896
2025-05-08,40,41,06:30-06:50,38.38033159438277
2025-05-08,44,45,07:10-07:30,51.980943138194675
2025-05-08,49,50,08:00-08:20,18.568000892035002
2025-05-08,52,53,08:30-08:50,80.85016013291215
2025-05-08,55,56,09:00-09:20,56.9007886808414
2025-05-08,60,61,09:50-10:10,52.43582532476057
2025-05-08,63,66,10:20-11:00,130.94905842780054
2025-05-08,69,69,11:20-11:30,12.939543971950798
2025-05-08,73,73,12:00-12:10,5.038164583499793
2025-05-08,87,88,14:20-14:40,88.09772069069243
2025-05-08,91,91,15:00-15:10,1.3669309401611827
2025-05-08,94,94,15:30-15:40,1.1964740257177482
2025-05-08,107,107,17:40-17:50,0.5363360564356583
2025-05-08,116,117,19:10-19:30,11.304021589307013
2025-05-08,120,122,19:50-20:20,131.59336386366647
2025-05-08,126,128,20:50-21:20,34.35804294644038
2025-05-08,130,131,21:30-21:50,66.1212861165942
2025-05-08,139,139,23:00-23:10,16.555715199368365
2025-05-08,142,143,23:30-23:50,81.19195895512564
2025-05-09,1,1,00:00-00:10,25.048797532570063
2025-05-09,4,5,00:30-00:50,63.42622693117522
2025-05-09,10,11,01:30-01:50,44.37844658507697
2025-05-09,14,16,02:10-02:40,49.9779096854848
2025-05-09,19,19,03:00-03:10,3.0176163574155908
2025-05-09,22,24,03:30-04:00,35.419588103698075
2025-05-09,27,27,04:20-04:30,7.758166811422768
2025-05-09,30,30,04:50-05:00,9.128273295358383
2025-05-09,32,34,05:10-05:40,21.6297502923318
2025-05-09,37,38,06:00-06:20,23.242818294700356
2025-05-09,40,40,06:30-06:40,8.925747807042285
2025-05-09,43,45,07:00-07:30,73.36696069031655
2025-05-09,48,48,07:50-08:00,9.656182205365212
2025-05-09,50,55,08:10-09:10,96.65232072265155
2025-05-09,60,61,09:50-10:10,30.412086487883926
2025-05-09,64,66,10:30-11:00,130.8907921625032
2025-05-09,102,102,16:50-17:00,24.043050236873228
2025-05-09,109,109,18:00-18:10,44.98868470757435
2025-05-09,112,113,18:30-18:50,31.441138494726772
2025-05-09,115,117,19:00-19:30,49.24710290827721
2025-05-09,119,120,19:40-20:00,71.15496427631439
2025-05-09,124,125,20:30-20:50,30.16244776286362
2025-05-09,128,129,21:10-21:30,38.316604303197664
2025-05-09,137,137,22:40-22:50,6.475598019476308
2025-05-09,139,140,23:00-23:20,8.296887281221359
2025-05-09,144,144,23:50-24:00,29.844810902750396
2025-05-10,2,4,00:10-00:40,30.090152947756224
2025-05-10,7,8,01:00-01:20,26.43694098565601
2025-05-10,11,12,01:40-02:00,48.60232938544556
2025-05-10,14,15,02:10-02:30,49.70971419265686
2025-05-10,18,19,02:50-03:10,37.36484612449004
2025-05-10,24,25,03:50-04:10,82.09120066738132
2025-05-10,28,29,04:30-04:50,32.66431655762983
2025-05-10,32,33,05:10-05:30,49.22458030379928
2025-05-10,38,40,06:10-06:40,20.617747141541145
2025-05-10,45,47,07:20-07:50,172.20687832609553
2025-05-10,52,53,08:30-08:50,136.1975865057433
2025-05-10,58,58,09:30-09:40,18.05673156994385
2025-05-10,61,62,10:00-10:20,90.11082479931542
2025-05-10,64,64,10:30-10:40,67.59185033275048
2025-05-10,98,98,16:10-16:20,12.673460304927517
2025-05-10,100,101,16:30-16:50,17.06185772188087
2025-05-10,109,109,18:00-18:10,13.769717925290934
2025-05-10,112,113,18:30-18:50,43.131820166187254
2025-05-10,116,118,19:10-19:40,95.62560557686146
2025-05-10,121,122,20:00-20:20,12.691041163310956
2025-05-10,124,126,20:30-21:00,72.08263850506631
2025-05-10,129,129,21:20-21:30,29.610950690880486
2025-05-10,134,134,22:10-22:20,6.677775845506005
2025-05-10,137,138,22:40-23:00,9.924449249901272
2025-05-10,144,144,23:50-24:00,45.00103114883552
2025-05-11,6,6,00:50-01:00,8.904495986314032
2025-05-11,12,13,01:50-02:10,34.125925931043525
2025-05-11,16,16,02:30-02:40,27.015287445716808
2025-05-11,19,21,03:00-03:30,41.11357941834445
2025-05-11,23,24,03:40-04:00,28.832191101374896
2025-05-11,28,28,04:30-04:40,3.99335171075154
2025-05-11,31,31,05:00-05:10,7.906091716014998
2025-05-11,37,38,06:00-06:20,21.205210578459855
2025-05-11,40,40,06:30-06:40,9.734437323519955
2025-05-11,44,45,07:10-07:30,38.680184364484205
2025-05-11,48,49,07:50-08:10,75.19724417310556
2025-05-11,52,53,08:30-08:50,19.358038677081822
2025-05-11,55,59,09:00-09:50,176.86863664015937
2025-05-11,61,61,10:00-10:10,20.930750145695583
2025-05-11,64,65,10:30-10:50,72.71787762581539
2025-05-11,67,68,11:00-11:20,10.57549921136274
2025-05-11,86,87,14:10-14:30,19.290133757261287
2025-05-11,111,112,18:20-18:40,22.06610476942425
2025-05-11,116,117,19:10-19:30,90.29091184836318
2025-05-11,120,120,19:50-20:00,58.72650400710609
2025-05-11,122,123,20:10-20:30,27.193966272817875
2025-05-11,126,131,20:50-21:50,14.765033320173416
2025-05-11,134,134,22:10-22:20,38.6530790301357
2025-05-11,141,141,23:20-23:30,3.4828977497038522
2025-05-12,6,6,00:50-01:00,14.682830464534845
2025-05-12,10,10,01:30-01:40,12.610516739044783
2025-05-12,14,14,02:10-02:20,11.406649880019245
2025-05-12,18,19,02:50-03:10,23.46927116725874
2025-05-12,36,36,05:50-06:00,32.96135317428991
2025-05-12,43,43,07:00-07:10,0.4413095914875953
2025-05-12,49,49,08:00-08:10,20.589945878216895
2025-05-12,52,55,08:30-09:10,104.05501284191575
2025-05-12,58,59,09:30-09:50,75.09728392363695
2025-05-12,62,65,10:10-10:50,113.79707014174824
2025-05-12,102,103,16:50-17:10,10.715287934502953
2025-05-12,111,111,18:20-18:30,11.360241361645357
2025-05-12,114,116,18:50-19:20,102.94350063166223
2025-05-12,121,122,20:00-20:20,46.563821390972635
2025-05-12,125,126,20:40-21:00,53.107375468576606
2025-05-12,129,131,21:20-21:50,51.48865113830766
2025-05-12,137,137,22:40-22:50,6.73543525463856
2025-05-13,6,6,00:50-01:00,2.743882747729913
2025-05-13,12,12,01:50-02:00,0.05213120147391237
2025-05-13,26,26,04:10-04:20,8.912070831688276
2025-05-13,35,36,05:40-06:00,36.63601626999812
2025-05-13,39,39,06:20-06:30,23.54621465042385
2025-05-13,42,43,06:50-07:10,78.22503287744638
2025-05-13,49,50,08:00-08:20,112.02722769913362
2025-05-13,54,55,08:50-09:10,6.777225182824736
2025-05-13,58,59,09:30-09:50,32.57026584419032
2025-05-13,61,63,10:00-10:30,84.8357392420055
2025-05-13,71,72,11:40-12:00,36.2027995582132
2025-05-13,114,115,18:50-19:10,72.48456913973632
2025-05-13,118,119,19:30-19:50,31.70691104750665
2025-05-13,122,123,20:10-20:30,34.15809612261012
2025-05-13,126,127,20:50-21:10,59.6623752928017
2025-05-13,134,134,22:10-22:20,12.351529010396234
2025-05-13,137,137,22:40-22:50,1.9347692854321394
2025-05-13,139,140,23:00-23:20,16.430413218844592
2025-05-14,6,6,00:50-01:00,9.914218191659302
2025-05-14,21,24,03:20-04:00,27.715396762731622
2025-05-14,29,29,04:40-04:50,26.721290613426543
2025-05-14,36,36,05:50-06:00,18.978617255090057
2025-05-14,38,40,06:10-06:40,60.860367807794205
2025-05-14,44,45,07:10-07:30,33.338707997292715
2025-05-14,49,50,08:00-08:20,29.422263750869547
2025-05-14,56,57,09:10-09:30,64.79441993213368
2025-05-14,59,63,09:40-10:30,116.84352516684567
2025-05-14,65,65,10:40-10:50,1.3131617778656164
2025-05-14,104,104,17:10-17:20,8.977719627582417
2025-05-14,115,115,19:00-19:10,2.084755728197365
2025-05-14,118,120,19:30-20:00,95.51676865377044
2025-05-14,123,124,20:20-20:40,36.83757527306216
2025-05-14,127,129,21:00-21:30,25.70212264771692
2025-05-14,136,136,22:30-22:40,3.9569948545863554
2025-05-14,139,139,23:00-23:10,38.876329069614144
2025-05-14,142,143,23:30-23:50,48.550201914725676
2025-05-15,12,12,01:50-02:00,36.15257533886029
2025-05-15,17,17,02:40-02:50,15.648002618765531
2025-05-15,27,28,04:20-04:40,3.9164046190287536
2025-05-15,36,36,05:50-06:00,47.00533820051521
2025-05-15,39,39,06:20-06:30,13.268622453142427
2025-05-15,41,42,06:40-07:00,75.66764161543807
2025-05-15,45,46,07:20-07:40,62.03714470795023
2025-05-15,51,52,08:20-08:40,43.60801157107153
2025-05-15,55,59,09:00-09:50,104.92484868215706
2025-05-15,61,63,10:00-10:30,85.07888086778348
2025-05-15,87,87,14:20-14:30,11.68958333333353
2025-05-15,90,90,14:50-15:00,32.34180019269513
2025-05-15,96,99,15:50-16:30,83.48474124884854
2025-05-15,104,105,17:10-17:30,69.67805534545346
2025-05-15,114,114,18:50-19:00,19.686921042242034
2025-05-15,118,118,19:30-19:40,20.94897705995129
2025-05-15,121,121,20:00-20:10,24.407894277442438
2025-05-15,125,127,20:40-21:10,106.03416385708647
2025-05-15,131,131,21:40-21:50,1.8080464337411968
2025-05-15,134,134,22:10-22:20,4.967369594683646
2025-05-15,139,140,23:00-23:20,77.37618819581496
2025-05-15,143,144,23:40-24:00,25.2898616725883
2025-05-16,2,3,00:10-00:30,62.74379766416649
2025-05-16,8,9,01:10-01:30,40.308263732069975
2025-05-16,13,13,02:00-02:10,14.351344249243425
2025-05-16,16,16,02:30-02:40,7.964915377023431
2025-05-16,19,20,03:00-03:20,56.20455162709362
2025-05-16,23,24,03:40-04:00,40.60915569811806
2025-05-16,27,31,04:20-05:10,69.38723776530752
2025-05-16,35,36,05:40-06:00,46.76336864531038
2025-05-16,40,43,06:30-07:10,57.04719275562576
2025-05-16,46,47,07:30-07:50,30.51401384768667
2025-05-16,50,50,08:10-08:20,12.949705660519044
2025-05-16,53,55,08:40-09:10,79.57618860188404
2025-05-16,59,59,09:40-09:50,47.97763899291226
2025-05-16,109,110,18:00-18:20,104.03080053390482
2025-05-16,112,112,18:30-18:40,2.3817200562103835
2025-05-16,117,118,19:20-19:40,14.739390674524827
2025-05-16,121,122,20:00-20:20,117.74177607579952
2025-05-16,126,128,20:50-21:20,137.61087331227782
2025-05-16,137,137,22:40-22:50,8.613279023555776
2025-05-16,142,142,23:30-23:40,43.33295821818649
2025-05-17,1,2,00:00-00:20,31.22705825108568
2025-05-17,6,10,00:50-01:40,52.90883308988032
2025-05-17,13,14,02:00-02:20,54.61547118699826
2025-05-17,16,17,02:30-02:50,18.62076380444796
2025-05-17,20,22,03:10-03:40,77.57672020660601
2025-05-17,25,26,04:00-04:20,6.046691090932995
2025-05-17,29,31,04:40-05:10,22.502702899817592
2025-05-17,35,36,05:40-06:00,16.775205353147953
2025-05-17,39,39,06:20-06:30,21.134372116631937
2025-05-17,44,45,07:10-07:30,52.902276907675855
2025-05-17,48,48,07:50-08:00,38.91544027033626
2025-05-17,52,53,08:30-08:50,62.366368777846674
2025-05-17,55,55,09:00-09:10,39.57587465080019
2025-05-17,58,62,09:30-10:20,80.29623412573096
2025-05-17,101,102,16:40-17:00,41.23122665012346
2025-05-17,106,106,17:30-17:40,3.1890269753539826
2025-05-17,109,110,18:00-18:20,73.4469879739816
2025-05-17,112,112,18:30-18:40,32.596495229635366
2025-05-17,115,118,19:00-19:40,119.19999557460568
2025-05-17,121,123,20:00-20:30,77.23513291222491
2025-05-17,127,127,21:00-21:10,8.959318851164653
2025-05-17,131,131,21:40-21:50,11.096262146334993
2025-05-17,137,137,22:40-22:50,42.46217410185528
2025-05-17,142,143,23:30-23:50,22.178131017238968
2025-05-18,10,10,01:30-01:40,21.28472971443614
2025-05-18,13,14,02:00-02:20,33.946090965916255
2025-05-18,17,18,02:40-03:00,37.53618628766935
2025-05-18,21,23,03:20-03:50,35.47763815911105
2025-05-18,26,27,04:10-04:30,19.389101414684205
2025-05-18,33,33,05:20-05:30,0.7228431842535201
2025-05-18,35,36,05:40-06:00,0.8372217763615311
2025-05-18,38,39,06:10-06:30,21.6431934869251
2025-05-18,41,42,06:40-07:00,47.09511517774905
2025-05-18,45,47,07:20-07:50,134.90033438422347
2025-05-18,50,51,08:10-08:30,47.85419043671163
2025-05-18,55,56,09:00-09:20,16.45829076852192
2025-05-18,59,60,09:40-10:00,61.72973064501002
2025-05-18,62,63,10:10-10:30,74.09462385464212
2025-05-18,66,66,10:50-11:00,32.63216116218314
2025-05-18,72,73,11:50-12:10,107.31275928881655
2025-05-18,115,116,19:00-19:20,33.736323003026655
2025-05-18,118,119,19:30-19:50,59.74775309909205
2025-05-18,122,123,20:10-20:30,89.84797166450471
2025-05-18,127,128,21:00-21:20,64.57656475852082
2025-05-18,130,130,21:30-21:40,15.038724930911599
2025-05-18,134,134,22:10-22:20,14.299270075009758
2025-05-18,139,139,23:00-23:10,39.398172733254114
2025-05-18,143,144,23:40-24:00,18.107364251875083
2025-05-19,12,12,01:50-02:00,5.8295913936042325
2025-05-19,37,39,06:00-06:30,38.20473657248118
2025-05-19,42,42,06:50-07:00,23.12146464760417
2025-05-19,45,45,07:20-07:30,7.225073964619355
2025-05-19,47,49,07:40-08:10,70.47269154118032
2025-05-19,54,56,08:50-09:20,112.15977218994976
2025-05-19,59,60,09:40-10:00,87.43277456620285
2025-05-19,63,64,10:20-10:40,202.79771464008377
2025-05-19,68,68,11:10-11:20,43.872748590980336
2025-05-19,96,96,15:50-16:00,4.234741883330344
2025-05-19,108,108,17:50-18:00,18.065051440039014
2025-05-19,115,115,19:00-19:10,15.678721320474551
2025-05-19,118,119,19:30-19:50,31.40961179760484
2025-05-19,122,123,20:10-20:30,160.6269685193539
2025-05-19,127,129,21:00-21:30,115.12103961047524
2025-05-19,139,140,23:00-23:20,86.53925098697198
2025-05-19,143,144,23:40-24:00,28.522633214896473
2025-05-20,1,1,00:00-00:10,12.040645380971
2025-05-20,6,6,00:50-01:00,15.796444097907624
2025-05-20,37,41,06:00-06:50,52.57903301186235
2025-05-20,44,45,07:10-07:30,45.96441922527384
2025-05-20,49,53,08:00-08:50,101.50184401331
2025-05-20,56,57,09:10-09:30,27.301313759329332
2025-05-20,59,60,09:40-10:00,42.39160808189058
2025-05-20,63,66,10:20-11:00,71.07915467166708
2025-05-20,69,70,11:20-11:40,31.512079924990076
2025-05-20,73,73,12:00-12:10,16.899373648788696
2025-05-20,85,85,14:00-14:10,14.661533333333182
2025-05-20,88,89,14:30-14:50,61.360673284392306
2025-05-20,93,94,15:20-15:40,66.70701166600838
2025-05-20,98,100,16:10-16:40,24.171593702178825
2025-05-20,109,109,18:00-18:10,16.35902259883818
2025-05-20,114,114,18:50-19:00,16.55631387682604
2025-05-20,117,117,19:20-19:30,57.15740902750372
2025-05-20,121,122,20:00-20:20,55.924771022502966
2025-05-20,124,125,20:30-20:50,29.98623222134495
2025-05-20,129,130,21:20-21:40,94.00657080536928
2025-05-20,133,133,22:00-22:10,15.570400697460173
2025-05-20,137,137,22:40-22:50,29.55710921173852
2025-05-20,140,140,23:10-23:20,6.992398328727404
2025-05-20,142,142,23:30-23:40,17.993821989735466
2025-05-21,5,5,00:40-00:50,8.993235761284495
2025-05-21,7,8,01:00-01:20,25.317102105540357
2025-05-21,17,18,02:40-03:00,39.115748387945814
2025-05-21,21,21,03:20-03:30,16.80043022108157
2025-05-21,28,29,04:30-04:50,14.33820854811735
2025-05-21,37,37,06:00-06:10,8.198161085105085
2025-05-21,40,40,06:30-06:40,6.630746724193273
2025-05-21,43,43,07:00-07:10,22.038433969695063
2025-05-21,46,47,07:30-07:50,22.52259065854537
2025-05-21,49,50,08:00-08:20,52.400153022014365
2025-05-21,52,55,08:30-09:10,96.65200310661157
2025-05-21,58,59,09:30-09:50,129.00546329216263
2025-05-21,63,64,10:20-10:40,70.91454699020551
2025-05-21,70,70,11:30-11:40,41.13734499652196
2025-05-21,89,90,14:40-15:00,38.78244589325686
2025-05-21,92,94,15:10-15:40,70.75874783712152
2025-05-21,97,97,16:00-16:10,2.231327977365936
2025-05-21,100,102,16:30-17:00,21.29796742522535
2025-05-21,107,108,17:40-18:00,39.625343775494144
2025-05-21,111,111,18:20-18:30,34.00132719530763
2025-05-21,114,114,18:50-19:00,1.7836697666986083
2025-05-21,116,118,19:10-19:40,82.17168538905514
2025-05-21,121,121,20:00-20:10,4.406182550335529
2025-05-21,124,126,20:30-21:00,78.32278984076822
2025-05-21,130,130,21:30-21:40,49.133547920778824
2025-05-21,134,134,22:10-22:20,48.08621920647465
2025-05-21,140,142,23:10-23:40,50.89437243716293
2025-05-22,6,8,00:50-01:20,33.32892687195658
2025-05-22,25,25,04:00-04:10,20.422212447126398
2025-05-22,28,28,04:30-04:40,14.521771586207729
2025-05-22,37,42,06:00-07:00,62.579064703062556
2025-05-22,45,46,07:20-07:40,44.36939853270178
2025-05-22,49,50,08:00-08:20,28.86496532062472
2025-05-22,53,54,08:40-09:00,69.92005547628446
2025-05-22,57,57,09:20-09:30,41.28323322147685
2025-05-22,59,61,09:40-10:10,147.3088566258716
2025-05-22,66,66,10:50-11:00,9.130655590021433
2025-05-22,68,68,11:10-11:20,21.198258835749584
2025-05-22,70,70,11:30-11:40,10.174535483992486
2025-05-22,98,98,16:10-16:20,6.290516258718526
2025-05-22,109,110,18:00-18:20,41.853087247382106
2025-05-22,114,117,18:50-19:30,68.01562056849582
2025-05-22,119,120,19:40-20:00,22.531330201342257
2025-05-22,122,123,20:10-20:30,76.55204520895597
2025-05-22,126,126,20:50-21:00,15.606237715489101
2025-05-22,130,131,21:30-21:50,54.1954428411633
2025-05-22,134,134,22:10-22:20,7.5585438281353845
2025-05-22,139,139,23:00-23:10,12.17225736281091
2025-05-22,143,144,23:40-24:00,13.226799453875628
2025-05-23,2,3,00:10-00:30,39.870455671798766
2025-05-23,6,7,00:50-01:10,40.65872789182788
2025-05-23,11,12,01:40-02:00,63.06440829714438
2025-05-23,14,15,02:10-02:30,26.750665607316762
2025-05-23,18,21,02:50-03:30,57.597563653112275
2025-05-23,25,26,04:00-04:20,23.45182707029113
2025-05-23,28,30,04:30-05:00,14.681277799710472
2025-05-23,33,34,05:20-05:40,38.650628678585676
2025-05-23,37,38,06:00-06:20,23.010132774049396
2025-05-23,41,42,06:40-07:00,31.191532475137592
2025-05-23,45,48,07:20-08:00,64.1461589128271
2025-05-23,53,54,08:40-09:00,23.784992055345583
2025-05-23,57,58,09:20-09:40,64.42097099994339
2025-05-23,108,108,17:50-18:00,4.096907323331919
2025-05-23,111,112,18:20-18:40,63.227388951553735
2025-05-23,115,115,19:00-19:10,41.38770047844639
2025-05-23,118,119,19:30-19:50,57.74698069576817
2025-05-23,123,125,20:20-20:50,48.32800601864915
2025-05-23,130,131,21:30-21:50,55.33319384129493
2025-05-23,134,134,22:10-22:20,8.254724950651337
2025-05-23,137,137,22:40-22:50,33.18235961310711
2025-05-23,140,140,23:10-23:20,2.8011281484406254
2025-05-23,143,144,23:40-24:00,58.436221259376225
2025-05-24,1,1,00:00-00:10,22.37156102776686
2025-05-24,3,3,00:20-00:30,2.0240579023554233
2025-05-24,5,6,00:40-01:00,28.131327753651647
2025-05-24,10,15,01:30-02:30,65.61962297670743
2025-05-24,19,19,03:00-03:10,5.273986932491084
2025-05-24,22,24,03:30-04:00,69.64023950519814
2025-05-24,28,29,04:30-04:50,45.94620480420343
2025-05-24,32,32,05:10-05:20,1.3724796636774954
2025-05-24,36,37,05:50-06:10,44.908323804823965
2025-05-24,40,41,06:30-06:50,24.76630395822758
2025-05-24,44,45,07:10-07:30,85.65898761773144
2025-05-24,47,48,07:40-08:00,114.4290527071231
2025-05-24,51,54,08:20-09:00,65.80600695674264
2025-05-24,56,57,09:10-09:30,25.681696758972294
2025-05-24,112,113,18:30-18:50,47.39508228338309
2025-05-24,115,116,19:00-19:20,79.57723421126843
2025-05-24,119,120,19:40-20:00,7.5553818820147285
2025-05-24,122,124,20:10-20:40,45.32554822439033
2025-05-24,126,128,20:50-21:20,17.942059198578704
2025-05-24,130,130,21:30-21:40,4.4416047440452076
2025-05-24,134,134,22:10-22:20,26.10739232793793
2025-05-24,139,140,23:00-23:20,36.73030022371336
2025-05-24,142,142,23:30-23:40,38.129344143966364
2025-05-25,2,2,00:10-00:20,6.816154421634337
2025-05-25,8,8,01:10-01:20,11.7082577773391
2025-05-25,25,25,04:00-04:10,2.8678535136202687
2025-05-25,35,35,05:40-05:50,1.0285695373451063
2025-05-25,37,37,06:00-06:10,23.207427153009007
2025-05-25,40,41,06:30-06:50,96.91367232342611
2025-05-25,49,50,08:00-08:20,56.80395675934801
2025-05-25,52,54,08:30-09:00,145.1092903201545
2025-05-25,57,57,09:20-09:30,32.377767337807654
2025-05-25,60,61,09:50-10:10,52.799767701577366
2025-05-25,64,65,10:30-10:50,29.235131972252248
2025-05-25,67,67,11:00-11:10,26.6543876854098
2025-05-25,70,70,11:30-11:40,3.066597900099623
2025-05-25,114,114,18:50-19:00,24.788321584607047
2025-05-25,117,118,19:20-19:40,91.66540855375706
2025-05-25,121,122,20:00-20:20,34.63792404733704
2025-05-25,124,126,20:30-21:00,111.1516456112646
2025-05-25,129,130,21:20-21:40,81.9532815436246
2025-05-25,134,134,22:10-22:20,0.0920323726809329
2025-05-25,136,137,22:30-22:50,16.95616240294771
2025-05-25,142,142,23:30-23:40,33.595436689038024
2025-05-26,12,13,01:50-02:10,15.629451408079262
2025-05-26,27,27,04:20-04:30,0.9645749440715008
2025-05-26,30,31,04:50-05:10,20.858560995169796
2025-05-26,35,35,05:40-05:50,1.1407880303798947
2025-05-26,39,44,06:20-07:20,133.33262036640122
2025-05-26,49,50,08:00-08:20,103.71870683078578
2025-05-26,54,54,08:50-09:00,54.07349414490636
2025-05-26,57,58,09:20-09:40,65.50556957776394
2025-05-26,60,66,09:50-11:00,261.9079800030079
2025-05-26,70,71,11:30-11:50,89.03833964901423
2025-05-26,74,75,12:10-12:30,118.27463838569065
2025-05-26,78,78,12:50-13:00,13.446005728197406
2025-05-26,81,82,13:20-13:40,57.15588831331206
2025-05-26,89,91,14:40-15:10,109.80154617336848
2025-05-26,94,95,15:30-15:50,38.04756238884818
2025-05-26,104,104,17:10-17:20,6.942382644332895
2025-05-26,113,114,18:40-19:00,8.841818283421036
2025-05-26,118,119,19:30-19:50,27.087038363130546
2025-05-26,121,121,20:00-20:10,4.245597887879967
2025-05-26,124,124,20:30-20:40,40.81373533359647
2025-05-26,127,128,21:00-21:20,58.838214501908055
2025-05-26,130,130,21:30-21:40,53.5950927819448
2025-05-26,134,134,22:10-22:20,13.931028793262271
2025-05-26,137,137,22:40-22:50,38.11056665350702
2025-05-26,144,144,23:50-24:00,16.670726819318247
2025-05-27,1,1,00:00-00:10,9.973737814186052
2025-05-27,10,10,01:30-01:40,5.970122680615873
2025-05-27,17,18,02:40-03:00,27.663659365349645
2025-05-27,21,21,03:20-03:30,27.477804586129878
2025-05-27,23,24,03:40-04:00,17.612447381234347
2025-05-27,28,28,04:30-04:40,12.668851166506759
2025-05-27,36,37,05:50-06:10,25.62234670915359
2025-05-27,42,45,06:50-07:30,108.78930641719779
2025-05-27,47,48,07:40-08:00,7.433998887071539
2025-05-27,50,51,08:10-08:30,38.31465988287903
2025-05-27,55,57,09:00-09:30,112.26718597841796
2025-05-27,61,64,10:00-10:40,188.77746147049425
2025-05-27,70,70,11:30-11:40,23.304367855733062
2025-05-27,108,108,17:50-18:00,0.37302368262751884
2025-05-27,115,115,19:00-19:10,24.3151089485458
2025-05-27,118,119,19:30-19:50,41.14818917432751
2025-05-27,121,122,20:00-20:20,45.72771868290931
2025-05-27,127,128,21:00-21:20,28.944359777602358
2025-05-27,130,130,21:30-21:40,2.8029946900907134
2025-05-27,134,135,22:10-22:30,79.22289348598486
2025-05-27,142,143,23:30-23:50,40.10420101329146
2025-05-28,2,3,00:10-00:30,35.44124950651394
2025-05-28,6,6,00:50-01:00,28.828103605737738
2025-05-28,19,19,03:00-03:10,5.517212916173094
2025-05-28,22,22,03:30-03:40,9.332214257515092
2025-05-28,35,36,05:40-06:00,32.3976546646951
2025-05-28,39,43,06:20-07:10,91.07677507566785
2025-05-28,47,48,07:40-08:00,80.63643090538244
2025-05-28,52,52,08:30-08:40,2.0047298253526833
2025-05-28,54,56,08:50-09:20,50.50271089993055
2025-05-28,58,59,09:30-09:50,83.00091787641213
2025-05-28,61,61,10:00-10:10,14.188896145169338
2025-05-28,65,67,10:40-11:10,134.30823705656826
2025-05-28,69,71,11:20-11:50,65.41186490139671
2025-05-28,75,75,12:20-12:30,17.27568192713352
2025-05-28,80,80,13:10-13:20,5.856438508826386
2025-05-28,102,102,16:50-17:00,56.11966485251804
2025-05-28,105,105,17:20-17:30,58.52109690466824
2025-05-28,114,114,18:50-19:00,32.81062374936562
2025-05-28,117,118,19:20-19:40,70.52122872558436
2025-05-28,121,121,20:00-20:10,42.2045424332149
2025-05-28,124,125,20:30-20:50,27.425729832872776
2025-05-28,127,127,21:00-21:10,10.42997886564001
2025-05-28,130,131,21:30-21:50,57.89108463613604
2025-05-28,139,140,23:00-23:20,83.60481367943135
2025-05-28,144,144,23:50-24:00,25.43679836820627
2025-05-29,1,2,00:00-00:20,9.136304915120263
2025-05-29,6,6,00:50-01:00,0.515793887353766
2025-05-29,17,18,02:40-03:00,14.650686412685673
2025-05-29,26,27,04:10-04:30,33.95534205816557
2025-05-29,30,30,04:50-05:00,34.86696469272272
2025-05-29,33,33,05:20-05:30,11.616001669392816
2025-05-29,37,38,06:00-06:20,35.753600863835345
2025-05-29,41,43,06:40-07:10,104.11091892354261
2025-05-29,45,48,07:20-08:00,99.82911782095385
2025-05-29,50,51,08:10-08:30,19.18424591769599
2025-05-29,54,56,08:50-09:20,113.11179067076466
2025-05-29,58,61,09:30-10:10,75.79001474630172
2025-05-29,64,66,10:30-11:00,107.63900123136477
2025-05-29,69,70,11:20-11:40,144.89548964525443
2025-05-29,78,79,12:50-13:10,48.90407427293053
2025-05-29,100,100,16:30-16:40,13.455658377981763
2025-05-29,104,106,17:10-17:40,34.22346969808024
2025-05-29,109,111,18:00-18:30,57.35758855596501
2025-05-29,115,116,19:00-19:20,131.14768710074645
2025-05-29,119,120,19:40-20:00,29.141866291617248
2025-05-29,123,123,20:20-20:30,11.163732582294529
2025-05-29,126,127,20:50-21:10,31.092852474009874
2025-05-29,130,130,21:30-21:40,21.82195305961318
2025-05-29,134,134,22:10-22:20,15.180244032109385
2025-05-29,137,137,22:40-22:50,41.519939406500725
2025-05-29,142,142,23:30-23:40,14.931974325569058
2025-05-30,2,4,00:10-00:40,29.83325669166993
2025-05-30,7,8,01:00-01:20,27.168464870377704
2025-05-30,10,13,01:30-02:10,54.308868824845206
2025-05-30,16,18,02:30-03:00,27.628676141597452
2025-05-30,20,22,03:10-03:40,103.87345939597306
2025-05-30,26,30,04:10-05:00,57.743878399413404
2025-05-30,34,36,05:30-06:00,70.515532988363
2025-05-30,40,42,06:30-07:00,26.97619794897821
2025-05-30,45,46,07:20-07:40,60.89509233357785
2025-05-30,49,50,08:00-08:20,74.68011054932072
2025-05-30,53,55,08:40-09:10,95.66029577293978
2025-05-30,59,60,09:40-10:00,27.958963776248765
2025-05-30,63,64,10:20-10:40,134.93917272385488
2025-05-30,98,98,16:10-16:20,24.523187020848468
2025-05-30,100,101,16:30-16:50,29.05809307145688
2025-05-30,104,105,17:10-17:30,87.18111570507392
2025-05-30,110,111,18:10-18:30,19.441414380651622
2025-05-30,113,114,18:40-19:00,65.8297154165021
2025-05-30,117,120,19:20-20:00,41.9115607476549
2025-05-30,124,125,20:30-20:50,24.884849205722496
2025-05-30,128,129,21:10-21:30,50.00576964074219
2025-05-30,131,132,21:40-22:00,18.48741934465056
2025-05-30,136,136,22:30-22:40,11.89028885379662
2025-05-30,139,139,23:00-23:10,2.8531558560337658
2025-05-30,142,143,23:30-23:50,29.552165508619623
2025-05-31,1,1,00:00-00:10,12.387468745887645
2025-05-31,4,5,00:30-00:50,119.18765823134623
2025-05-31,9,10,01:20-01:40,39.882137432557045
2025-05-31,13,13,02:00-02:10,2.651853322805721
2025-05-31,16,17,02:30-02:50,68.09489625608637
2025-05-31,20,21,03:10-03:30,11.626025505235589
2025-05-31,24,25,03:50-04:10,23.679043470945373
2025-05-31,28,28,04:30-04:40,0.00822973511554892
2025-05-31,30,31,04:50-05:10,30.13936274415811
2025-05-31,34,39,05:30-06:30,85.19251879946594
2025-05-31,42,42,06:50-07:00,27.02673278438897
2025-05-31,48,51,07:50-08:30,85.30899443629812
2025-05-31,53,54,08:40-09:00,23.948391094692965
2025-05-31,56,57,09:10-09:30,63.47690330400633
2025-05-31,59,60,09:40-10:00,14.400982635873106
2025-05-31,63,63,10:20-10:30,42.25711719963124
2025-05-31,108,108,17:50-18:00,10.049332313462173
2025-05-31,111,111,18:20-18:30,7.028485105182881
2025-05-31,113,114,18:40-19:00,101.65103281070833
2025-05-31,119,121,19:40-20:10,68.24806964732193
2025-05-31,124,125,20:30-20:50,103.22247960727921
2025-05-31,127,128,21:00-21:20,9.604936491643798
2025-05-31,131,131,21:40-21:50,4.4314500723778565
2025-05-31,134,134,22:10-22:20,6.507134188709017
2025-05-31,137,137,22:40-22:50,8.439422489801245
2025-05-31,139,139,23:00-23:10,30.56194923674167
2025-05-31,142,144,23:30-24:00,151.76938544545317
2025-06-01,1,1,00:00-00:10,104.37947872088444
2025-06-01,4,6,00:30-01:00,17.96729632631741
2025-06-01,11,12,01:40-02:00,70.13851046190268
2025-06-01,15,15,02:20-02:30,17.104901500197457
2025-06-01,17,18,02:40-03:00,23.157474154494025
2025-06-01,21,21,03:20-03:30,6.95961101460739
2025-06-01,24,24,03:50-04:00,8.198752046321943
2025-06-01,26,27,04:10-04:30,27.25013076250616
2025-06-01,32,33,05:10-05:30,25.770041554339954
2025-06-01,36,37,05:50-06:10,20.276073139322875
2025-06-01,41,43,06:40-07:10,73.21929036621361
2025-06-01,46,59,07:30-09:50,286.2886982760891
2025-06-01,62,68,10:10-11:20,150.69846091027085
2025-06-01,71,72,11:40-12:00,120.2327541462223
2025-06-01,76,77,12:30-12:50,262.81781873178863
2025-06-01,79,79,13:00-13:10,10.199749999999767
2025-06-01,81,133,13:20-22:10,7709.036835309215
2025-06-01,139,141,23:00-23:30,112.10180221081725
2025-06-01,144,144,23:50-24:00,3.7262176338994095
2025-06-02,1,1,00:00-00:10,92.20598305698127
2025-06-02,4,5,00:30-00:50,39.268125292801415
2025-06-02,7,8,01:00-01:20,17.517505040136598
2025-06-02,13,13,02:00-02:10,15.120589893407214
2025-06-02,16,16,02:30-02:40,17.116563705750877
2025-06-02,19,20,03:00-03:20,30.951660777733878
2025-06-02,25,28,04:00-04:40,71.74198355798725
2025-06-02,32,33,05:10-05:30,25.44626545598115
2025-06-02,35,36,05:40-06:00,94.79342819449923
2025-06-02,39,43,06:20-07:10,50.818449795085826
2025-06-02,46,49,07:30-08:10,148.43092936100618
2025-06-02,52,57,08:30-09:30,910.9865274146626
2025-06-02,59,60,09:40-10:00,17.3713027014835
2025-06-02,63,64,10:20-10:40,109.30704666403471
2025-06-02,74,80,12:10-13:20,213.40259586035756
2025-06-02,83,84,13:40-14:00,51.19685574417724
2025-06-02,87,87,14:20-14:30,8.167895757900396
2025-06-02,90,113,14:50-18:50,3101.0112706596733
2025-06-02,115,133,19:00-22:10,2463.701425924529
2025-06-02,136,136,22:30-22:40,22.00837264113693
2025-06-02,139,139,23:00-23:10,66.84711815370429
2025-06-02,142,143,23:30-23:50,34.63378182655629
2025-06-03,1,2,00:00-00:20,79.81818782076607
2025-06-03,6,6,00:50-01:00,9.664379240689641
2025-06-03,8,9,01:10-01:30,56.54517524674293
2025-06-03,12,12,01:50-02:00,6.818222535859945
2025-06-03,15,15,02:20-02:30,17.102524312409628
2025-06-03,17,18,02:40-03:00,29.051659178839145
2025-06-03,22,22,03:30-03:40,13.597364137198513
2025-06-03,25,25,04:00-04:10,37.46836005207452
2025-06-03,28,29,04:30-04:50,61.17093362942491
2025-06-03,31,33,05:00-05:30,76.70120274284213
2025-06-03,35,36,05:40-06:00,66.99115509371556
2025-06-03,39,42,06:20-07:00,91.76002157990672
2025-06-03,45,46,07:20-07:40,25.49297432650917
2025-06-03,48,62,07:50-10:20,1576.2385126527997
2025-06-03,64,65,10:30-10:50,24.98318801346022
2025-06-03,69,69,11:20-11:30,24.333408916586677
2025-06-03,80,80,13:10-13:20,31.136011236442528
2025-06-03,85,85,14:00-14:10,38.68251069783605
2025-06-03,88,88,14:30-14:40,56.08336601150552
2025-06-03,93,93,15:20-15:30,0.5456741253545943
2025-06-03,95,96,15:40-16:00,33.565716551049945
2025-06-03,99,99,16:20-16:30,20.631328058203053
2025-06-03,101,102,16:40-17:00,27.053627875848292
2025-06-03,104,105,17:10-17:30,43.028507189855645
2025-06-03,108,120,17:50-20:00,937.9408638749478
2025-06-03,122,124,20:10-20:40,585.7404263220732
2025-06-03,126,132,20:50-22:00,325.8561377420902
2025-06-03,137,139,22:40-23:10,101.06626731148879
2025-06-03,143,144,23:40-24:00,56.26564506514012
2025-06-04,1,1,00:00-00:10,6.921842716146557
2025-06-04,3,3,00:20-00:30,17.06842910909336
2025-06-04,7,8,01:00-01:20,82.9545518752468
2025-06-04,12,13,01:50-02:10,31.46834537439122
2025-06-04,18,20,02:50-03:20,74.17988988024734
2025-06-04,24,26,03:50-04:20,52.16393602447692
2025-06-04,29,30,04:40-05:00,54.350050088357534
2025-06-04,33,33,05:20-05:30,14.84251306374891
2025-06-04,36,36,05:50-06:00,30.165642695467454
2025-06-04,41,43,06:40-07:10,103.17525709491855
2025-06-04,45,45,07:20-07:30,6.949723603669781
2025-06-04,49,50,08:00-08:20,52.09914111443197
2025-06-04,52,53,08:30-08:50,40.59654038783299
2025-06-04,58,60,09:30-10:00,84.18880552892301
2025-06-04,63,64,10:20-10:40,14.176078827101037
2025-06-04,71,71,11:40-11:50,12.22599264752921
2025-06-04,73,76,12:00-12:40,70.57390496681865
2025-06-04,78,78,12:50-13:00,39.63173155866366
2025-06-04,82,83,13:30-13:50,35.75669076006193
2025-06-04,86,87,14:10-14:30,152.25027653356653
2025-06-04,92,93,15:10-15:30,68.04658643994458
2025-06-04,96,96,15:50-16:00,56.1906970578832
2025-06-04,99,99,16:20-16:30,14.447313602353802
2025-06-04,101,102,16:40-17:00,95.13075358975789
2025-06-04,105,106,17:20-17:40,70.1430335203884
2025-06-04,109,109,18:00-18:10,35.97659649577943
2025-06-04,112,116,18:30-19:20,170.70370186302728
2025-06-04,118,125,19:30-20:50,843.1547106749156
2025-06-04,127,129,21:00-21:30,61.952928016844226
2025-06-04,134,139,22:10-23:10,91.68492845111223
2025-06-04,143,144,23:40-24:00,33.43889917094373
2025-06-05,4,4,00:30-00:40,8.087136662718876
2025-06-05,7,9,01:00-01:30,85.5435570469798
2025-06-05,14,14,02:10-02:20,0.9689777141728655
2025-06-05,18,19,02:50-03:10,47.92479408004801
2025-06-05,23,25,03:40-04:10,25.90812163818577
2025-06-05,28,31,04:30-05:10,64.96125319308938
2025-06-05,38,40,06:10-06:40,97.28443137724878
2025-06-05,42,43,06:50-07:10,17.138687460756273
2025-06-05,47,49,07:40-08:10,44.49281141315589
2025-06-05,52,53,08:30-08:50,74.24691067151673
2025-06-05,55,55,09:00-09:10,46.7136591995187
2025-06-05,58,59,09:30-09:50,76.61541109262475
2025-06-05,61,61,10:00-10:10,8.932575560694431
2025-06-05,65,65,10:40-10:50,22.917078799841647
2025-06-05,83,83,13:40-13:50,25.802409337695053
2025-06-05,85,86,14:00-14:20,90.23886601432514
2025-06-05,89,90,14:40-15:00,70.1881513460421
2025-06-05,94,94,15:30-15:40,34.988390507209374
2025-06-05,98,99,16:10-16:30,60.64018325813561
2025-06-05,106,107,17:30-17:50,56.573591952888506
2025-06-05,110,111,18:10-18:30,24.838912923693186
2025-06-05,113,115,18:40-19:10,168.10006633767577
2025-06-05,117,121,19:20-20:10,126.93764458951341
2025-06-05,123,125,20:20-20:50,276.874947946628
2025-06-05,128,129,21:10-21:30,82.15260396104759
2025-06-05,132,132,21:50-22:00,19.60336031056704
2025-06-05,135,137,22:20-22:50,63.57229681537058
2025-06-05,140,143,23:10-23:50,34.224630629030116
2025-06-06,1,3,00:00-00:30,123.58913409659164
2025-06-06,5,6,00:40-01:00,37.27853411633123
2025-06-06,11,12,01:40-02:00,42.56661231741015
2025-06-06,17,18,02:40-03:00,76.39605347414113
2025-06-06,24,25,03:50-04:10,44.35439081364086
2025-06-06,28,29,04:30-04:50,16.43909945387564
2025-06-06,32,34,05:10-05:40,44.16848918936699
2025-06-06,37,40,06:00-06:40,56.0667215611077
2025-06-06,44,47,07:10-07:50,26.15038572180555
2025-06-06,51,53,08:20-08:50,60.9654011787261
2025-06-06,55,56,09:00-09:20,30.824272514240306
2025-06-06,59,63,09:40-10:30,121.30668331265417
2025-06-06,67,67,11:00-11:10,48.63899109563272
2025-06-06,70,71,11:30-11:50,157.80022417423334
2025-06-06,74,76,12:10-12:40,95.75765358411809
2025-06-06,92,94,15:10-15:40,90.41196580283133
2025-06-06,97,97,16:00-16:10,21.836239550316918
2025-06-06,100,101,16:30-16:50,41.25236333258141
2025-06-06,105,105,17:20-17:30,33.72838250427674
2025-06-06,108,114,17:50-19:00,547.759846286246
2025-06-06,116,117,19:10-19:30,9.91882818133979
2025-06-06,119,124,19:40-20:40,1143.027570234804
2025-06-06,126,128,20:50-21:20,84.6211329075254
2025-06-06,131,131,21:40-21:50,12.921417087774898
2025-06-06,137,139,22:40-23:10,48.9220014936177
2025-06-06,141,141,23:20-23:30,18.832933622845303
2025-06-07,1,3,00:00-00:30,132.64475523095143
2025-06-07,6,6,00:50-01:00,35.421314324253274
2025-06-07,10,12,01:30-02:00,47.60969469667077
2025-06-07,19,19,03:00-03:10,23.815437783166892
2025-06-07,22,22,03:30-03:40,42.47094938901731
2025-06-07,25,26,04:00-04:20,39.562087268061646
2025-06-07,31,35,05:00-05:50,84.76702619141633
2025-06-07,39,40,06:20-06:40,31.647167161092568
2025-06-07,43,45,07:00-07:30,138.49145766360226
2025-06-07,49,50,08:00-08:20,94.16579163799736
2025-06-07,52,55,08:30-09:10,41.70939892843046
2025-06-07,58,60,09:30-10:00,90.16991920929433
2025-06-07,63,64,10:20-10:40,7.770102793600586
2025-06-07,67,67,11:00-11:10,5.348206589212396
2025-06-07,70,71,11:30-11:50,157.07169709548225
2025-06-07,73,74,12:00-12:20,83.28195906040287
2025-06-07,97,97,16:00-16:10,61.86023736769903
2025-06-07,103,103,17:00-17:10,11.351570012971763
2025-06-07,110,112,18:10-18:40,54.2674471659805
2025-06-07,115,115,19:00-19:10,0.4037460652717755
2025-06-07,118,121,19:30-20:10,68.4884322279247
2025-06-07,124,125,20:30-20:50,33.432529234830916
2025-06-07,127,129,21:00-21:30,50.39178510330282
2025-06-07,131,132,21:40-22:00,37.293286050796155
2025-06-07,137,137,22:40-22:50,6.055271739702562
2025-06-07,140,141,23:10-23:30,42.4734819976311
2025-06-08,6,6,00:50-01:00,32.30714282142378
2025-06-08,10,11,01:30-01:50,68.22574453875518
2025-06-08,37,39,06:00-06:30,72.94382660782435
2025-06-08,42,43,06:50-07:10,44.76133810651788
2025-06-08,47,47,07:40-07:50,0.12855755926534584
2025-06-08,53,53,08:40-08:50,1.7078624057680827
2025-06-08,56,57,09:10-09:30,84.75673469253456
2025-06-08,60,63,09:50-10:30,81.6452850779242
2025-06-08,65,65,10:40-10:50,9.192739843588242
2025-06-08,85,86,14:00-14:20,79.00015113830784
2025-06-08,88,89,14:30-14:50,107.38350907920233
2025-06-08,114,116,18:50-19:20,66.19327230086662
2025-06-08,120,121,19:50-20:10,47.409976541086394
2025-06-08,124,127,20:30-21:10,84.8466601329122
2025-06-08,130,131,21:30-21:50,54.36114644032091
2025-06-08,134,135,22:10-22:30,18.819282563495562
2025-06-08,137,137,22:40-22:50,7.422507494407114
2025-06-08,142,142,23:30-23:40,7.433884438741643
2025-06-09,21,21,03:20-03:30,20.158363600473876
2025-06-09,23,24,03:40-04:00,85.19376305434923
2025-06-09,27,28,04:20-04:40,41.134294132686485
2025-06-09,31,32,05:00-05:20,20.741816426033353
2025-06-09,37,40,06:00-06:40,77.26206552835913
2025-06-09,43,44,07:00-07:20,42.7867550937155
2025-06-09,47,47,07:40-07:50,9.92911233808968
2025-06-09,49,49,08:00-08:10,14.351298520481919
2025-06-09,52,52,08:30-08:40,29.820680315079244
2025-06-09,56,58,09:10-09:40,48.845055740417024
2025-06-09,61,63,10:00-10:30,148.75987787396866
2025-06-09,65,65,10:40-10:50,8.255394513375904
2025-06-09,86,89,14:10-14:50,120.03552143797128
2025-06-09,105,106,17:20-17:40,15.307798915270496
2025-06-09,114,114,18:50-19:00,8.522550330870445
2025-06-09,117,120,19:20-20:00,37.7290098885195
2025-06-09,122,123,20:10-20:30,40.21380702724025
2025-06-09,126,126,20:50-21:00,5.2674695147860575
2025-06-09,129,130,21:20-21:40,48.27427834583477
2025-06-09,134,134,22:10-22:20,20.51379804579551
2025-06-09,137,137,22:40-22:50,15.417190222397721
2025-06-09,142,142,23:30-23:40,49.61839669693404
2025-06-10,29,30,04:40-05:00,40.421218627451026
2025-06-10,37,38,06:00-06:20,48.10810445453353
2025-06-10,43,43,07:00-07:10,22.456457356231056
2025-06-10,47,48,07:40-08:00,129.81060825766565
2025-06-10,51,55,08:20-09:10,152.22679640272224
2025-06-10,65,65,10:40-10:50,29.54698537401532
2025-06-10,83,85,13:40-14:10,108.33790803395209
2025-06-10,89,89,14:40-14:50,56.12277076495002
2025-06-10,115,116,19:00-19:20,45.61092595172295
2025-06-10,119,120,19:40-20:00,50.00239422292407
2025-06-10,123,123,20:20-20:30,14.220178200139344
2025-06-10,125,126,20:40-21:00,43.80373229372301
2025-06-10,130,131,21:30-21:50,65.61108135938969
2025-06-10,137,137,22:40-22:50,4.599954184761145
2025-06-10,139,140,23:00-23:20,54.272771792341246
2025-06-10,143,144,23:40-24:00,31.119698960389655
2025-06-11,36,39,05:50-06:30,68.75456281183642
2025-06-11,42,44,06:50-07:20,24.840822759574053
2025-06-11,46,47,07:30-07:50,11.014820858007795
2025-06-11,53,57,08:40-09:30,251.1897251123272
2025-06-11,60,61,09:50-10:10,41.63103846088768
2025-06-11,84,85,13:50-14:10,51.17674589701642
2025-06-11,88,89,14:30-14:50,64.37301740360567
2025-06-11,103,104,17:00-17:20,39.94789162013814
2025-06-11,114,116,18:50-19:20,20.61862870302525
2025-06-11,121,122,20:00-20:20,13.504991501701227
2025-06-11,124,124,20:30-20:40,27.340554494012622
2025-06-11,127,129,21:00-21:30,44.92611198841928
2025-06-11,131,131,21:40-21:50,0.6424980523753447
2025-06-11,134,135,22:10-22:30,18.009820180286738
2025-06-11,139,140,23:00-23:20,63.074385511251535
2025-06-11,144,144,23:50-24:00,14.478849282800525
2025-06-12,4,4,00:30-00:40,26.27879026187702
2025-06-12,21,22,03:20-03:40,16.983681009719348
2025-06-12,36,36,05:50-06:00,47.76496916417568
2025-06-12,39,40,06:20-06:40,56.78595580245525
2025-06-12,43,45,07:00-07:30,99.37369233263769
2025-06-12,48,50,07:50-08:20,63.60059164363736
2025-06-12,56,57,09:10-09:30,32.80475066174108
2025-06-12,60,60,09:50-10:00,36.218134784651966
2025-06-12,62,63,10:10-10:30,71.45517766529429
2025-06-12,87,88,14:20-14:40,196.76975350422026
2025-06-12,114,114,18:50-19:00,5.197136067715746
2025-06-12,117,117,19:20-19:30,16.761777826029743
2025-06-12,120,120,19:50-20:00,14.263016121481996
2025-06-12,124,125,20:30-20:50,63.52129004286267
2025-06-12,128,129,21:10-21:30,33.268504171601535
2025-06-12,134,135,22:10-22:30,39.930174286090505
2025-06-12,142,142,23:30-23:40,28.106037083826777
2025-06-13,1,2,00:00-00:20,46.69926764047909
2025-06-13,5,5,00:40-00:50,8.178305638899928
2025-06-13,8,10,01:10-01:40,80.8823011317279
2025-06-13,14,16,02:10-02:40,20.33285211212001
2025-06-13,19,19,03:00-03:10,18.44526786701261
2025-06-13,22,23,03:30-03:50,39.280238965653275
2025-06-13,26,27,04:10-04:30,33.86394878273438
2025-06-13,30,30,04:50-05:00,2.729723485233035
2025-06-13,33,33,05:20-05:30,0.5448724465624508
2025-06-13,35,35,05:40-05:50,8.378298869212074
2025-06-13,38,39,06:10-06:30,38.633616997537246
2025-06-13,41,42,06:40-07:00,24.633882084108905
2025-06-13,44,45,07:10-07:30,12.464023360216572
2025-06-13,47,50,07:40-08:20,160.81376406482048
2025-06-13,53,55,08:40-09:10,81.64847752711808
2025-06-13,58,58,09:30-09:40,23.151337276520962
2025-06-13,61,64,10:00-10:40,74.02925271746301
2025-06-13,110,117,18:10-19:30,65.0651713627735
2025-06-13,119,120,19:40-20:00,25.882648789314317
2025-06-13,124,125,20:30-20:50,93.73485958396773
2025-06-13,129,129,21:20-21:30,47.00247352941187
2025-06-13,134,134,22:10-22:20,19.439284747993156
2025-06-13,140,140,23:10-23:20,67.80545227003574
2025-06-13,144,144,23:50-24:00,58.56680242137122
2025-06-14,1,1,00:00-00:10,88.58691018555078
2025-06-14,5,6,00:40-01:00,11.86393351756817
2025-06-14,10,10,01:30-01:40,8.992642683247709
2025-06-14,13,14,02:00-02:20,83.01010667193043
2025-06-14,17,17,02:40-02:50,5.034229931569826
2025-06-14,21,23,03:20-03:50,19.187789116988963
2025-06-14,26,27,04:10-04:30,66.91065281052016
2025-06-14,30,30,04:50-05:00,5.003318929182387
2025-06-14,32,33,05:10-05:30,68.4491513535614
2025-06-14,36,37,05:50-06:10,31.539042822363882
2025-06-14,40,42,06:30-07:00,55.29277738612217
2025-06-14,45,46,07:20-07:40,23.69807695749438
2025-06-14,52,53,08:30-08:50,35.99774941721637
2025-06-14,113,115,18:40-19:10,63.221611185682264
2025-06-14,120,122,19:50-20:20,53.62395467166698
2025-06-14,124,126,20:30-21:00,32.46402355573117
2025-06-14,130,131,21:30-21:50,81.81324059744713
2025-06-14,136,137,22:30-22:50,26.044152184498103
2025-06-14,142,142,23:30-23:40,38.702243235952096
2025-06-15,36,36,05:50-06:00,4.0110422602596145
2025-06-15,39,39,06:20-06:30,23.70697472599778
2025-06-15,44,45,07:10-07:30,76.4084359887579
2025-06-15,48,55,07:50-09:10,123.21761140657622
2025-06-15,59,64,09:40-10:40,164.95687271915483
2025-06-15,84,86,13:50-14:20,81.4741229861072
2025-06-15,117,118,19:20-19:40,85.42544694884668
2025-06-15,121,123,20:00-20:30,50.980344124226775
2025-06-15,127,129,21:00-21:30,117.97171601526543
2025-06-15,137,137,22:40-22:50,19.16437829319659
2025-06-15,142,143,23:30-23:50,17.879362343729895
2025-06-16,31,31,05:00-05:10,0.10251530276524434
2025-06-16,35,35,05:40-05:50,24.209208461639676
2025-06-16,38,39,06:10-06:30,15.219587874344143
2025-06-16,42,42,06:50-07:00,1.5652660820034043
2025-06-16,45,45,07:20-07:30,10.065313984923023
2025-06-16,50,51,08:10-08:30,77.26381328088303
2025-06-16,53,54,08:40-09:00,58.113392369296776
2025-06-16,57,59,09:20-09:50,118.60476198465949
2025-06-16,65,65,10:40-10:50,17.632701761510134
2025-06-16,83,86,13:40-14:20,162.4803573863103
2025-06-16,88,89,14:30-14:50,51.218719203654246
2025-06-16,115,116,19:00-19:20,60.977113901265284
2025-06-16,119,121,19:40-20:10,57.891304790103845
2025-06-16,124,125,20:30-20:50,96.72963549151208
2025-06-16,127,128,21:00-21:20,29.4065640018423
2025-06-16,137,137,22:40-22:50,12.823296269246157
2025-06-16,142,143,23:30-23:50,36.008647308855984
2025-06-17,6,6,00:50-01:00,10.703170153967562
2025-06-17,31,31,05:00-05:10,34.07531807850654
2025-06-17,37,38,06:00-06:20,52.066500225593245
2025-06-17,43,43,07:00-07:10,10.148055828774545
2025-06-17,47,48,07:40-08:00,74.77242919839091
2025-06-17,51,51,08:20-08:30,1.1791310661178613
2025-06-17,54,55,08:50-09:10,23.87000329836667
2025-06-17,58,60,09:30-10:00,169.1986803949768
2025-06-17,62,64,10:10-10:40,117.8471955182066
2025-06-17,79,81,13:00-13:30,105.01283009512508
2025-06-17,86,87,14:10-14:30,116.22346425093531
2025-06-17,114,114,18:50-19:00,4.4217254168780755
2025-06-17,116,117,19:10-19:30,112.25657489143305
2025-06-17,120,120,19:50-20:00,54.918857764179506
2025-06-17,123,124,20:20-20:40,34.622833640704584
2025-06-17,127,128,21:00-21:20,82.1864935254639
2025-06-17,139,140,23:00-23:20,68.43110648111588
2025-06-17,144,144,23:50-24:00,1.1996274904593065
2025-06-18,16,16,02:30-02:40,13.412562883274177
2025-06-18,37,38,06:00-06:20,92.10731145921477
2025-06-18,40,40,06:30-06:40,12.264387494595326
2025-06-18,44,45,07:10-07:30,36.53220910646121
2025-06-18,50,53,08:10-08:50,84.74399657379684
2025-06-18,58,60,09:30-10:00,165.80791102682701
2025-06-18,63,63,10:20-10:30,46.46262987987143
2025-06-18,84,87,13:50-14:30,78.04087763709492
2025-06-18,115,117,19:00-19:30,30.52698940650089
2025-06-18,119,120,19:40-20:00,76.91161978549803
2025-06-18,122,123,20:10-20:30,35.06273549809211
2025-06-18,126,129,20:50-21:30,112.35684237681642
2025-06-18,137,137,22:40-22:50,18.25067241084355
2025-06-18,142,142,23:30-23:40,6.686851756810029
2025-06-18,144,144,23:50-24:00,1.8964784050534718
2025-06-19,27,27,04:20-04:30,2.1526319252533312
2025-06-19,29,30,04:40-05:00,30.806888270073117
2025-06-19,33,33,05:20-05:30,18.99339245671422
2025-06-19,37,38,06:00-06:20,68.3481820991484
2025-06-19,42,43,06:50-07:10,8.683109505010066
2025-06-19,45,45,07:20-07:30,2.92118985298805
2025-06-19,47,47,07:40-07:50,29.59194143214347
2025-06-19,50,53,08:10-08:50,81.08442532570098
2025-06-19,57,58,09:20-09:40,44.333530565111914
2025-06-19,61,61,10:00-10:10,10.250088453368107
2025-06-19,84,85,13:50-14:10,35.08297230556673
2025-06-19,89,89,14:40-14:50,47.22938559866907
2025-06-19,115,117,19:00-19:30,106.54670348918046
2025-06-19,120,120,19:50-20:00,20.22455110446856
2025-06-19,123,126,20:20-21:00,87.02047795104622
2025-06-19,129,130,21:20-21:40,22.340338202395287
2025-06-19,134,134,22:10-22:20,0.929812396367879
2025-06-19,137,137,22:40-22:50,18.13176360047362
2025-06-19,139,139,23:00-23:10,27.961139149888027
2025-06-19,143,144,23:40-24:00,161.5635407553624
2025-06-20,1,1,00:00-00:10,67.93190650085546
2025-06-20,4,4,00:30-00:40,59.44004040005257
2025-06-20,7,8,01:00-01:20,105.67098732727993
2025-06-20,13,14,02:00-02:20,79.40289148572168
2025-06-20,19,21,03:00-03:30,31.47119686800898
2025-06-20,23,24,03:40-04:00,28.70127791720722
2025-06-20,31,33,05:00-05:30,42.29042397495913
2025-06-20,36,37,05:50-06:10,50.07744202714639
2025-06-20,40,41,06:30-06:50,46.248685832722174
2025-06-20,45,45,07:20-07:30,4.360716496531609
2025-06-20,47,48,07:40-08:00,60.30851900344044
2025-06-20,51,51,08:20-08:30,1.4499177194365984
2025-06-20,53,54,08:40-09:00,65.6862439136728
2025-06-20,57,57,09:20-09:30,86.39708513620201
2025-06-20,109,109,18:00-18:10,26.275418544733327
2025-06-20,113,114,18:40-19:00,19.774426897336184
2025-06-20,116,117,19:10-19:30,63.90114884853267
2025-06-20,120,120,19:50-20:00,59.793040111480764
2025-06-20,124,126,20:30-21:00,63.044911830503814
2025-06-20,129,131,21:20-21:50,17.276635412554356
2025-06-20,137,137,22:40-22:50,13.409223542571226
2025-06-20,142,143,23:30-23:50,4.682148572180267
2025-06-21,1,3,00:00-00:30,85.30940452691141
2025-06-21,6,9,00:50-01:30,99.11985860639538
2025-06-21,12,13,01:50-02:10,20.807053006974797
2025-06-21,17,18,02:40-03:00,61.94329218318205
2025-06-21,21,21,03:20-03:30,9.239393814975642
2025-06-21,24,25,03:50-04:10,37.999313906905044
2025-06-21,29,30,04:40-05:00,20.21161550203974
2025-06-21,33,37,05:20-06:10,52.056950124076636
2025-06-21,41,42,06:40-07:00,17.93233366514397
2025-06-21,48,52,07:50-08:40,92.91747011918858
2025-06-21,54,55,08:50-09:10,53.84184064350586
2025-06-21,60,63,09:50-10:30,26.462915042392524
2025-06-21,111,115,18:20-19:10,102.40871568063456
2025-06-21,118,119,19:30-19:50,48.988111635929386
2025-06-21,122,123,20:10-20:30,121.88846657454906
2025-06-21,127,129,21:00-21:30,114.2175983682065
2025-06-21,134,134,22:10-22:20,16.01623308330045
2025-06-21,139,139,23:00-23:10,5.419110540860515
2025-06-21,142,142,23:30-23:40,8.48386509409113
2025-06-22,7,7,01:00-01:10,7.9346892946441585
2025-06-22,17,17,02:40-02:50,37.70300068430072
2025-06-22,38,40,06:10-06:40,43.03651707931493
2025-06-22,43,43,07:00-07:10,41.744933481849216
2025-06-22,46,47,07:30-07:50,48.49557224164835
2025-06-22,55,58,09:00-09:40,156.44464384599473
2025-06-22,62,63,10:10-10:30,50.65325254638765
2025-06-22,65,65,10:40-10:50,4.826816582069114
2025-06-22,85,86,14:00-14:20,106.66136772601635
2025-06-22,89,89,14:40-14:50,18.579992867482133
2025-06-22,114,117,18:50-19:30,37.24035410392355
2025-06-22,123,124,20:20-20:40,69.65079946327535
2025-06-22,127,127,21:00-21:10,14.03579982892495
2025-06-22,130,131,21:30-21:50,21.682431201473946
2025-06-22,137,137,22:40-22:50,11.023099940781549
2025-06-22,142,143,23:30-23:50,49.02118372154234
2025-06-23,15,15,02:20-02:30,20.202951046190265
2025-06-23,20,21,03:10-03:30,3.720441623897841
2025-06-23,24,24,03:50-04:00,5.764653243847874
2025-06-23,27,27,04:20-04:30,7.109549282800458
2025-06-23,30,30,04:50-05:00,15.085260607598775
2025-06-23,33,33,05:20-05:30,3.395570751790572
2025-06-23,36,37,05:50-06:10,63.14264065666521
2025-06-23,40,42,06:30-07:00,51.03448101723899
2025-06-23,45,47,07:20-07:50,59.39621615908095
2025-06-23,50,51,08:10-08:30,39.47005382569171
2025-06-23,53,54,08:40-09:00,17.543928138100796
2025-06-23,61,61,10:00-10:10,51.14434516947699
2025-06-23,64,65,10:30-10:50,72.32410028105141
2025-06-23,83,84,13:40-14:00,93.45275206794156
2025-06-23,88,88,14:30-14:40,22.533380303799618
2025-06-23,115,120,19:00-20:00,77.93668685259331
2025-06-23,123,125,20:20-20:50,60.262471661684906
2025-06-23,128,130,21:10-21:40,41.224725931043736
2025-06-23,134,134,22:10-22:20,10.082761284379558
2025-06-23,139,140,23:00-23:20,48.380527424661295
2025-06-23,144,144,23:50-24:00,18.865395295433473
2025-06-24,11,12,01:40-02:00,18.728140610606715
2025-06-24,32,32,05:10-05:20,9.87068628484979
2025-06-24,35,36,05:40-06:00,16.672951219145716
2025-06-24,39,42,06:20-07:00,76.84670588611266
2025-06-24,44,45,07:10-07:30,76.8113209313255
2025-06-24,48,49,07:50-08:10,72.89530782339807
2025-06-24,52,53,08:30-08:50,79.52941691294018
2025-06-24,55,65,09:00-10:50,1773.143290758342
2025-06-24,67,67,11:00-11:10,23.704349898482633
2025-06-24,71,74,11:40-12:20,92.87511188220242
2025-06-24,79,80,13:00-13:20,128.117892233941
2025-06-24,82,82,13:30-13:40,1.0424032993063292
2025-06-24,86,91,14:10-15:10,116.53545871261247
2025-06-24,94,94,15:30-15:40,14.533199599571617
2025-06-24,97,99,16:00-16:30,57.78991979677818
2025-06-24,102,105,16:50-17:30,88.26457990901017
2025-06-24,108,108,17:50-18:00,29.573875227943518
2025-06-24,112,116,18:30-19:20,81.97107617731697
2025-06-24,121,122,20:00-20:20,73.46766509503112
2025-06-24,124,125,20:30-20:50,95.4907569981014
2025-06-24,127,127,21:00-21:10,12.348913014870618
2025-06-24,134,134,22:10-22:20,1.8090507698381089
2025-06-24,137,137,22:40-22:50,24.110367890511952
2025-06-24,140,140,23:10-23:20,38.0260039018292
2025-06-24,144,144,23:50-24:00,57.534502066061236
2025-06-25,17,17,02:40-02:50,2.526147006185056
2025-06-25,26,26,04:10-04:20,8.98815866467396
2025-06-25,38,40,06:10-06:40,86.53910167409254
2025-06-25,44,46,07:10-07:40,25.382373315097823
2025-06-25,49,50,08:00-08:20,40.18742445434566
2025-06-25,52,53,08:30-08:50,27.46764822251032
2025-06-25,56,61,09:10-10:10,175.1249898576882
2025-06-25,64,65,10:30-10:50,179.57043988118733
2025-06-25,68,68,11:10-11:20,16.251971977516064
2025-06-25,83,84,13:40-14:00,91.200501483278
2025-06-25,86,88,14:10-14:40,202.51408536837573
2025-06-25,117,117,19:20-19:30,6.7738629603519485
2025-06-25,119,121,19:40-20:10,61.49291885774426
2025-06-25,125,126,20:40-21:00,18.875494657191645
2025-06-25,130,131,21:30-21:50,94.77413539281451
2025-06-25,137,137,22:40-22:50,40.79440970522444
2025-06-25,142,142,23:30-23:40,46.064681280431614
2025-06-26,10,10,01:30-01:40,2.5546590801420734
2025-06-26,25,26,04:00-04:20,11.296280406256464
2025-06-26,33,33,05:20-05:30,4.170577778091129
2025-06-26,36,39,05:50-06:30,59.91621757468101
2025-06-26,41,42,06:40-07:00,32.29476540240256
2025-06-26,50,51,08:10-08:30,92.35850097663206
2025-06-26,53,55,08:40-09:10,69.28204171601521
2025-06-26,58,59,09:30-09:50,52.61110680822617
2025-06-26,61,62,10:00-10:20,31.56806896208161
2025-06-26,65,65,10:40-10:50,36.474725446956654
2025-06-26,83,85,13:40-14:10,58.14910392438844
2025-06-26,88,89,14:30-14:50,90.77524341454682
2025-06-26,103,103,17:00-17:10,11.40275077735754
2025-06-26,114,115,18:50-19:10,54.5315131793659
2025-06-26,118,119,19:30-19:50,70.43623970729243
2025-06-26,121,122,20:00-20:20,18.701921393792475
2025-06-26,124,124,20:30-20:40,7.830140261876522
2025-06-26,127,129,21:00-21:30,108.08151862087118
2025-06-26,134,134,22:10-22:20,6.3713207132516345
2025-06-26,137,137,22:40-22:50,3.2936382023950728
2025-06-26,142,143,23:30-23:50,60.40486167916811
2025-06-27,1,2,00:00-00:20,72.0323795302013
2025-06-27,8,9,01:10-01:30,53.92947333201744
2025-06-27,11,12,01:40-02:00,53.85627329911824
2025-06-27,15,15,02:20-02:30,14.61122494407175
2025-06-27,19,19,03:00-03:10,12.149598459383817
2025-06-27,22,24,03:30-04:00,45.08902881958152
2025-06-27,27,28,04:20-04:40,51.650582662192335
2025-06-27,34,35,05:30-05:50,26.94690400804602
2025-06-27,37,38,06:00-06:20,19.063091143571654
2025-06-27,43,44,07:00-07:20,41.98860269302361
2025-06-27,47,49,07:40-08:10,62.538145805838894
2025-06-27,55,57,09:00-09:30,120.95240755362522
2025-06-27,67,67,11:00-11:10,0.6890530887524164
2025-06-27,110,111,18:10-18:30,69.95069231195846
2025-06-27,114,115,18:50-19:10,59.03574089541871
2025-06-27,118,119,19:30-19:50,64.03962218994991
2025-06-27,124,124,20:30-20:40,11.406821450190705
2025-06-27,128,129,21:10-21:30,143.80067880642184
2025-06-27,139,139,23:00-23:10,51.67626569285437
2025-06-27,142,143,23:30-23:50,55.7165396038954
2025-06-28,2,6,00:10-01:00,83.0638490196078
2025-06-28,11,12,01:40-02:00,44.52374203842601
2025-06-28,15,15,02:20-02:30,23.18207666140279
2025-06-28,19,20,03:00-03:20,51.310675536254756
2025-06-28,22,23,03:30-03:50,16.660433833399097
2025-06-28,25,25,04:00-04:10,3.83646499727422
2025-06-28,28,29,04:30-04:50,80.42150623766275
2025-06-28,33,33,05:20-05:30,23.525525917883954
2025-06-28,35,36,05:40-06:00,45.312487636531216
2025-06-28,39,41,06:20-06:50,76.29458396875529
2025-06-28,44,47,07:10-07:50,87.83250801985236
2025-06-28,50,51,08:10-08:30,27.7819442257437
2025-06-28,53,54,08:40-09:00,76.86820003289938
2025-06-28,58,58,09:30-09:40,69.31837846615178
2025-06-28,61,62,10:00-10:20,43.77437747447971
2025-06-28,66,66,10:50-11:00,46.43970634481957
2025-06-28,95,95,15:40-15:50,1.050125070968079
2025-06-28,99,99,16:20-16:30,41.37357829037654
2025-06-28,109,110,18:00-18:20,33.4722464205817
2025-06-28,113,114,18:40-19:00,30.550297952738333
2025-06-28,116,117,19:10-19:30,22.421630885643026
2025-06-28,119,120,19:40-20:00,78.70037260823813
2025-06-28,124,127,20:30-21:10,136.0308615936303
2025-06-28,130,131,21:30-21:50,47.38336742992476
2025-06-28,137,137,22:40-22:50,31.741540946177338
2025-06-28,140,141,23:10-23:30,17.01779018949867
2025-06-28,144,144,23:50-24:00,50.606247960257974
2025-06-29,12,12,01:50-02:00,47.329720357941824
2025-06-29,15,15,02:20-02:30,34.766809010525094
2025-06-29,27,28,04:20-04:40,27.316785391874998
2025-06-29,31,31,05:00-05:10,7.283057698381381
2025-06-29,37,37,06:00-06:10,8.823656618352175
2025-06-29,41,43,06:40-07:10,83.97503456657853
2025-06-29,45,46,07:20-07:40,14.206754855902261
2025-06-29,49,51,08:00-08:30,80.94870459928939
2025-06-29,54,54,08:50-09:00,0.2382666882859894
2025-06-29,56,57,09:10-09:30,142.7155403069952
2025-06-29,61,61,10:00-10:10,12.459724950651548
2025-06-29,64,65,10:30-10:50,56.3244716701447
2025-06-29,68,68,11:10-11:20,28.033067437445197
2025-06-29,70,71,11:30-11:50,107.13043894873408
2025-06-29,73,74,12:00-12:20,28.48077687571731
2025-06-29,87,87,14:20-14:30,21.29582004963038
2025-06-29,89,89,14:40-14:50,53.72944977534655
2025-06-29,99,99,16:20-16:30,13.717718026807972
2025-06-29,110,111,18:10-18:30,11.04724149136149
2025-06-29,114,115,18:50-19:10,32.02805397138752
2025-06-29,118,120,19:30-20:00,70.86191143571523
2025-06-29,125,126,20:40-21:00,10.275354007106339
2025-06-29,128,129,21:10-21:30,33.76797809580182
2025-06-29,131,131,21:40-21:50,12.393813863666082
2025-06-29,139,140,23:00-23:20,90.4503341229107
2025-06-29,143,144,23:40-24:00,45.36698899197302
2025-06-30,28,28,04:30-04:40,18.872365189028564
2025-06-30,31,31,05:00-05:10,0.45771928424862196
2025-06-30,36,38,05:50-06:20,52.69411378940856
2025-06-30,41,43,06:40-07:10,155.49252178106133
2025-06-30,51,51,08:20-08:30,18.654398142613218
2025-06-30,53,54,08:40-09:00,21.41568601225731
2025-06-30,58,64,09:30-10:40,292.00641088019086
2025-06-30,84,84,13:50-14:00,12.893749999999955
2025-06-30,87,89,14:20-14:50,206.31774025435686
2025-06-30,94,95,15:30-15:50,41.51992833549548
2025-06-30,114,114,18:50-19:00,66.07046613276191
2025-06-30,117,118,19:20-19:40,82.12842642922931
2025-06-30,121,124,20:00-20:40,86.24724332806977
2025-06-30,127,128,21:00-21:20,49.81895867219362
2025-06-30,130,130,21:30-21:40,9.681688741939865
2025-06-30,134,135,22:10-22:30,39.37778958415572
2025-06-30,137,137,22:40-22:50,3.225896038952669
2025-06-30,142,144,23:30-24:00,173.77438544545328
2025-07-01,1,1,00:00-00:10,96.90610459270965
2025-07-01,6,10,00:50-01:40,90.70255746874614
2025-07-01,13,13,02:00-02:10,53.308771312014414
2025-07-01,16,16,02:30-02:40,40.26801949598632
2025-07-01,19,20,03:00-03:20,89.97463147782605
2025-07-01,23,25,03:40-04:10,76.3011487075367
2025-07-01,28,29,04:30-04:50,11.604187577312928
2025-07-01,33,34,05:20-05:40,40.74552966743751
2025-07-01,37,37,06:00-06:10,23.428557218054834
2025-07-01,40,41,06:30-06:50,88.51421277329723
2025-07-01,44,45,07:10-07:30,80.90379662643545
2025-07-01,48,48,07:50-08:00,10.297511117064573
2025-07-01,51,54,08:20-09:00,66.47907830353597
2025-07-01,58,60,09:30-10:00,133.50145204726198
2025-07-01,63,65,10:20-10:50,98.81719653525897
2025-07-01,67,67,11:00-11:10,9.10641624085929
2025-07-01,71,71,11:40-11:50,18.771264962495252
2025-07-01,83,84,13:40-14:00,92.41577808734269
2025-07-01,87,87,14:20-14:30,43.809332658432595
2025-07-01,89,90,14:40-15:00,97.22935916755921
2025-07-01,97,97,16:00-16:10,69.34287497039065
2025-07-01,100,101,16:30-16:50,63.35987095695111
2025-07-01,103,104,17:00-17:20,35.810899021487614
2025-07-01,106,107,17:30-17:50,44.05045267892382
2025-07-01,110,112,18:10-18:40,94.14375940819261
2025-07-01,114,131,18:50-21:50,1567.8527105409928
2025-07-01,133,135,22:00-22:30,81.99953480721149
2025-07-01,139,140,23:00-23:20,41.14563509672337
2025-07-01,142,143,23:30-23:50,43.612792156862724
2025-07-02,1,1,00:00-00:10,66.04662993157012
2025-07-02,4,6,00:30-01:00,32.50498289248594
2025-07-02,9,11,01:20-01:50,58.99575811290947
2025-07-02,18,19,02:50-03:10,45.528460236309385
2025-07-02,22,35,03:30-05:50,1152.3084342637117
2025-07-02,40,41,06:30-06:50,48.32197309608381
2025-07-02,43,44,07:00-07:20,67.31560617844451
2025-07-02,48,48,07:50-08:00,46.49300077547775
2025-07-02,51,51,08:20-08:30,0.13429642058156332
2025-07-02,53,54,08:40-09:00,38.60187082040886
2025-07-02,57,58,09:20-09:40,78.71348437764323
2025-07-02,61,63,10:00-10:30,92.67543027277998
2025-07-02,86,86,14:10-14:20,20.28865000000019
2025-07-02,96,97,15:50-16:10,87.53886586204919
2025-07-02,100,101,16:30-16:50,53.694053393303705
2025-07-02,104,104,17:10-17:20,5.617517749515912
2025-07-02,108,110,17:50-18:20,73.96786318406541
2025-07-02,113,128,18:40-21:20,1644.3195507714618
2025-07-02,130,131,21:30-21:50,48.33246058691941
2025-07-02,133,134,22:00-22:20,123.79674759178829
2025-07-02,136,137,22:30-22:50,58.85015673772864
2025-07-02,140,141,23:10-23:30,51.77279647322007
2025-07-02,144,144,23:50-24:00,19.08894255823168
2025-07-03,1,2,00:00-00:20,88.47587410843516
2025-07-03,6,7,00:50-01:10,11.294755750756735
2025-07-03,9,10,01:20-01:40,41.78361706803514
2025-07-03,13,20,02:00-03:20,278.61323252491763
2025-07-03,22,35,03:30-05:50,831.4527386291426
2025-07-03,39,39,06:20-06:30,0.07002265429679255
2025-07-03,42,48,06:50-08:00,247.29061199123936
2025-07-03,54,67,08:50-11:10,1283.4255466888517
2025-07-03,70,71,11:30-11:50,73.13383338879157
2025-07-03,79,84,13:00-14:00,157.59335819562716
2025-07-03,86,87,14:10-14:30,18.192705941571262
2025-07-03,90,91,14:50-15:10,26.23000237249221
2025-07-03,96,99,15:50-16:30,67.3757938741935
2025-07-03,101,114,16:40-19:00,922.8296158133288
2025-07-03,116,125,19:10-20:50,1535.0689706273104
2025-07-03,127,131,21:00-21:50,398.33809817443137
2025-07-03,133,133,22:00-22:10,59.017979299907665
2025-07-03,137,138,22:40-23:00,24.363889261745157
2025-07-03,140,141,23:10-23:30,13.213495762600587
2025-07-03,144,144,23:50-24:00,17.418742321357968
2025-07-04,1,1,00:00-00:10,96.57210710619813
2025-07-04,4,6,00:30-01:00,111.83048493222793
2025-07-04,10,10,01:30-01:40,26.779824384787617
2025-07-04,13,14,02:00-02:20,53.18441221213311
2025-07-04,16,16,02:30-02:40,7.381194657191941
2025-07-04,21,23,03:20-03:50,13.829049545992824
2025-07-04,27,27,04:20-04:30,13.832104026845741
2025-07-04,29,30,04:40-05:00,276.35871246214856
2025-07-04,32,33,05:10-05:30,432.0397061128439
2025-07-04,35,37,05:40-06:10,178.9741070054982
2025-07-04,40,44,06:30-07:20,552.1894194377073
2025-07-04,46,51,07:30-08:30,134.3101234654937
2025-07-04,54,54,08:50-09:00,1.007638516345878
2025-07-04,57,57,09:20-09:30,0.5277222388283462
2025-07-04,61,63,10:00-10:30,98.0987481905513
2025-07-04,96,96,15:50-16:00,17.485193246292056
2025-07-04,100,101,16:30-16:50,78.66541713007388
2025-07-04,103,105,17:00-17:30,68.60066832101961
2025-07-04,108,108,17:50-18:00,33.0890704068205
2025-07-04,111,113,18:20-18:50,107.17571843663667
2025-07-04,118,120,19:30-20:00,81.85625082247657
2025-07-04,122,131,20:10-21:50,1079.7284421168856
2025-07-04,134,135,22:10-22:30,81.2166932359521
2025-07-04,138,138,22:50-23:00,15.499654507171954
2025-07-04,141,141,23:20-23:30,27.10049904592711
2025-07-04,144,144,23:50-24:00,9.481426792998946
2025-07-05,1,3,00:00-00:30,133.33296486379788
2025-07-05,6,6,00:50-01:00,5.829466567969348
2025-07-05,8,9,01:10-01:30,30.376802204237606
2025-07-05,12,15,01:50-02:30,81.89856155415146
2025-07-05,17,18,02:40-03:00,83.0047414330835
2025-07-05,22,27,03:30-04:30,102.15397486511377
2025-07-05,30,31,04:50-05:10,60.9314393820614
2025-07-05,36,45,05:50-07:30,513.7559527569883
2025-07-05,48,48,07:50-08:00,11.062104187580985
2025-07-05,51,51,08:20-08:30,19.886696093470846
2025-07-05,56,58,09:10-09:40,52.22228892805447
2025-07-05,61,62,10:00-10:20,100.38377946628316
2025-07-05,64,65,10:30-10:50,143.1285169947173
2025-07-05,68,69,11:10-11:30,108.52351046284275
2025-07-05,95,96,15:40-16:00,55.566299834564575
2025-07-05,98,99,16:10-16:30,89.31269124884875
2025-07-05,102,104,16:50-17:20,80.53410410956343
2025-07-05,107,108,17:40-18:00,77.20416166506891
2025-07-05,116,119,19:10-19:50,82.81044970390803
2025-07-05,122,125,20:10-20:50,880.4398440482499
2025-07-05,127,131,21:00-21:50,132.70352303428038
2025-07-05,134,134,22:10-22:20,38.03079317673371
2025-07-05,139,140,23:00-23:20,47.15543851822599
2025-07-06,6,7,00:50-01:10,22.118445394130617
2025-07-06,10,10,01:30-01:40,24.27536737070659
2025-07-06,13,13,02:00-02:10,75.75736574549273
2025-07-06,16,17,02:30-02:50,88.83872540465836
2025-07-06,20,20,03:10-03:20,7.761312319290369
2025-07-06,23,24,03:40-04:00,121.9772876280714
2025-07-06,27,28,04:20-04:40,82.69389738499449
2025-07-06,31,32,05:00-05:20,39.45679179215321
2025-07-06,34,35,05:30-05:50,19.33898447728093
2025-07-06,37,38,06:00-06:20,18.1193701765269
2025-07-06,42,43,06:50-07:10,0.9060487216362958
2025-07-06,47,49,07:40-08:10,130.07861423777535
2025-07-06,52,52,08:30-08:40,10.458282835147315
2025-07-06,55,57,09:00-09:30,80.4329950604398
2025-07-06,59,60,09:40-10:00,177.66875966668522
2025-07-06,64,65,10:30-10:50,64.53025549038398
2025-07-06,75,75,12:20-12:30,23.353664509427517
2025-07-06,77,78,12:40-13:00,101.38210944365574
2025-07-06,81,84,13:20-14:00,91.31066275637829
2025-07-06,87,88,14:20-14:40,98.14198547647266
2025-07-06,92,93,15:10-15:30,90.65141475006067
2025-07-06,95,96,15:40-16:00,147.4825645733464
2025-07-06,99,104,16:20-17:20,400.74028371684255
2025-07-06,106,111,17:30-18:30,293.9350992320417
2025-07-06,113,126,18:40-21:00,2667.2832969999517
2025-07-06,129,129,21:20-21:30,13.650586110014387
2025-07-06,131,133,21:40-22:10,120.61326971969993
2025-07-06,136,137,22:30-22:50,7.334235399394629
2025-07-06,140,141,23:10-23:30,67.10563356362684
2025-07-06,144,144,23:50-24:00,42.05841364653247
2025-07-07,3,4,00:20-00:40,30.7924184563758
2025-07-07,10,11,01:30-01:50,63.10271820634273
2025-07-07,13,13,02:00-02:10,57.13952775365169
2025-07-07,16,17,02:30-02:50,50.5281033820238
2025-07-07,20,21,03:10-03:30,24.892915116651125
2025-07-07,25,26,04:00-04:20,97.94902400973811
2025-07-07,29,30,04:40-05:00,37.13553456187867
2025-07-07,34,34,05:30-05:40,0.7087834536498718
2025-07-07,37,38,06:00-06:20,36.042225293741694
2025-07-07,43,43,07:00-07:10,19.45463756697319
2025-07-07,49,50,08:00-08:20,133.75252512924624
2025-07-07,55,55,09:00-09:10,43.962615247306985
2025-07-07,58,59,09:30-09:50,95.84181550673975
2025-07-07,62,65,10:10-10:50,191.7709136361923
2025-07-07,88,89,14:30-14:50,37.16898464271617
2025-07-07,99,99,16:20-16:30,13.795742766905505
2025-07-07,102,103,16:50-17:10,12.119824453637591
2025-07-07,107,107,17:40-17:50,8.208688886695484
2025-07-07,111,111,18:20-18:30,39.046040362453894
2025-07-07,114,116,18:50-19:20,76.03890326076737
2025-07-07,118,119,19:30-19:50,111.16222124057686
2025-07-07,122,124,20:10-20:40,7.205397690485768
2025-07-07,127,127,21:00-21:10,9.583354566390199
2025-07-07,130,131,21:30-21:50,55.29546748914288
2025-07-07,134,135,22:10-22:30,98.59774701934452
2025-07-07,139,140,23:00-23:20,76.77848890643509
2025-07-07,142,142,23:30-23:40,2.9129756349520903
2025-07-08,4,4,00:30-00:40,0.08119801947623273
2025-07-08,7,8,01:00-01:20,35.70686423871541
2025-07-08,10,10,01:30-01:40,20.298892347677338
2025-07-08,13,13,02:00-02:10,16.144469851296094
2025-07-08,16,18,02:30-03:00,137.3754651927884
2025-07-08,30,30,04:50-05:00,8.412165416502148
2025-07-08,33,33,05:20-05:30,1.8681461846485732
2025-07-08,37,38,06:00-06:20,33.503212694339595
2025-07-08,40,40,06:30-06:40,22.734881836895852
2025-07-08,43,44,07:00-07:20,44.34593833493096
2025-07-08,49,51,08:00-08:30,55.39104003346313
2025-07-08,57,62,09:20-10:20,134.47446704077595
2025-07-08,85,87,14:00-14:30,158.73039767074613
2025-07-08,90,90,14:50-15:00,12.499832828567492
2025-07-08,95,96,15:40-16:00,97.53836109262522
2025-07-08,102,103,16:50-17:10,60.9964760457205
2025-07-08,106,107,17:30-17:50,73.61693736769882
2025-07-08,110,110,18:10-18:20,32.14906182956399
2025-07-08,113,114,18:40-19:00,73.56448720414363
2025-07-08,117,120,19:20-20:00,78.02668453085937
2025-07-08,123,124,20:20-20:40,41.78186408455997
2025-07-08,127,129,21:00-21:30,91.66315502039731
2025-07-08,134,134,22:10-22:20,1.504959606527109
2025-07-08,137,137,22:40-22:50,5.188130944861086
2025-07-08,142,143,23:30-23:50,97.64354588761694
2025-07-09,18,18,02:50-03:00,10.67768653770247
2025-07-09,37,39,06:00-06:30,64.5866142866538
2025-07-09,41,42,06:40-07:00,27.696962280751052
2025-07-09,46,48,07:30-08:00,48.10004102983487
2025-07-09,55,55,09:00-09:10,31.495835290357718
2025-07-09,58,59,09:30-09:50,111.31539451055619
2025-07-09,61,67,10:00-11:10,266.80640882070975
2025-07-09,70,71,11:30-11:50,68.77871581786985
2025-07-09,82,82,13:30-13:40,4.04427874720318
2025-07-09,85,86,14:00-14:20,133.28486871016844
2025-07-09,106,106,17:30-17:40,47.68648581016282
2025-07-09,109,110,18:00-18:20,27.793767958190003
2025-07-09,116,117,19:10-19:30,114.19698656402136
2025-07-09,122,126,20:10-21:00,68.53890968548453
2025-07-09,128,129,21:10-21:30,23.326509435452408
2025-07-09,134,134,22:10-22:20,35.51385983024113
2025-07-09,139,140,23:00-23:20,75.05018146466671
2025-07-10,28,28,04:30-04:40,3.026892535671916
2025-07-10,38,40,06:10-06:40,81.10223844584783
2025-07-10,43,44,07:00-07:20,69.84285520745209
2025-07-10,46,46,07:30-07:40,22.811524779576303
2025-07-10,49,50,08:00-08:20,49.2605032645273
2025-07-10,53,54,08:40-09:00,103.81666233714986
2025-07-10,57,58,09:20-09:40,61.6611899103259
2025-07-10,61,61,10:00-10:10,10.213373405335233
2025-07-10,64,64,10:30-10:40,8.081519482826934
2025-07-10,75,75,12:20-12:30,0.8943504549470163
2025-07-10,85,86,14:00-14:20,90.75978725302252
2025-07-10,89,89,14:40-14:50,23.86947005997058
2025-07-10,94,95,15:30-15:50,73.3254428439833
2025-07-10,114,114,18:50-19:00,71.60471756058143
2025-07-10,117,117,19:20-19:30,29.491924142274343
2025-07-10,120,120,19:50-20:00,23.80106409113978
2025-07-10,122,123,20:10-20:30,73.53584274904614
2025-07-10,125,126,20:40-21:00,66.87137414133443
2025-07-10,129,129,21:20-21:30,51.949177483879566
2025-07-10,131,132,21:40-22:00,58.369374332148936
2025-07-10,137,137,22:40-22:50,13.068508606395653
2025-07-10,139,140,23:00-23:20,11.030518166864113
2025-07-11,1,3,00:00-00:30,68.27171009343317
2025-07-11,5,7,00:40-01:10,29.43212088432665
2025-07-11,10,14,01:30-02:20,26.867873397815515
2025-07-11,18,21,02:50-03:30,84.9978804711145
2025-07-11,24,26,03:50-04:20,90.5929100342147
2025-07-11,30,31,04:50-05:10,94.89515394694803
2025-07-11,34,35,05:30-05:50,48.427068337939204
2025-07-11,38,40,06:10-06:40,68.92737250484089
2025-07-11,43,44,07:00-07:20,3.2616665200308717
2025-07-11,51,54,08:20-09:00,148.06562936100602
2025-07-11,59,60,09:40-10:00,122.1259116697679
2025-07-11,62,63,10:10-10:30,117.96356194800046
2025-07-11,67,69,11:00-11:30,39.35651175906605
2025-07-11,114,115,18:50-19:10,30.84655840430139
2025-07-11,118,119,19:30-19:50,34.236312899253676
2025-07-11,123,126,20:20-21:00,100.2239089993042
2025-07-11,131,131,21:40-21:50,1.2419642255558756
2025-07-11,137,137,22:40-22:50,16.713393130675172
2025-07-11,142,144,23:30-24:00,58.21524871693657
2025-07-12,1,1,00:00-00:10,70.3734875970523
2025-07-12,3,4,00:20-00:40,39.88087275299392
2025-07-12,8,9,01:10-01:30,55.08347266745625
2025-07-12,11,12,01:40-02:00,20.009310113172774
2025-07-12,15,16,02:20-02:40,64.70631015265167
2025-07-12,19,20,03:00-03:20,29.09880909988137
2025-07-12,25,26,04:00-04:20,57.723455796815244
2025-07-12,28,28,04:30-04:40,19.499389597315506
2025-07-12,31,33,05:00-05:30,64.6792844923206
2025-07-12,38,39,06:10-06:30,40.98284652397848
2025-07-12,41,42,06:40-07:00,63.921298478183076
2025-07-12,45,47,07:20-07:50,91.88772785610888
2025-07-12,50,51,08:10-08:30,81.3880009700523
2025-07-12,54,59,08:50-09:50,137.58172660406433
2025-07-12,61,62,10:00-10:20,4.555498225330666
2025-07-12,64,65,10:30-10:50,62.76743178519746
2025-07-12,94,94,15:30-15:40,39.59675953602914
2025-07-12,98,98,16:10-16:20,32.171342489613494
2025-07-12,115,117,19:00-19:30,31.95892222660882
2025-07-12,121,122,20:00-20:20,4.513782003271331
2025-07-12,125,126,20:40-21:00,66.14214586129752
2025-07-12,129,129,21:20-21:30,15.77191973943934
2025-07-12,131,132,21:40-22:00,65.71523109619727
2025-07-12,139,140,23:00-23:20,21.742034241347483
2025-07-13,36,37,05:50-06:10,42.88261126745999
2025-07-13,40,42,06:30-07:00,105.97408958885575
2025-07-13,45,47,07:20-07:50,140.70095172579113
2025-07-13,49,50,08:00-08:20,14.914949412516876
2025-07-13,53,54,08:40-09:00,12.421142694527703
2025-07-13,56,57,09:10-09:30,67.05343749835492
2025-07-13,63,65,10:20-10:50,87.94177193709697
2025-07-13,87,89,14:20-14:50,71.5107105944395
2025-07-13,115,117,19:00-19:30,101.01313096742024
2025-07-13,119,120,19:40-20:00,70.64188471509419
2025-07-13,123,125,20:20-20:50,79.2849369700902
2025-07-13,137,137,22:40-22:50,33.26290021713385
2025-07-13,140,140,23:10-23:20,9.288903763653025
2025-07-13,142,142,23:30-23:40,25.873511290959414
2025-07-14,36,36,05:50-06:00,16.005531433647207
2025-07-14,39,40,06:20-06:40,58.150096659334906
2025-07-14,45,47,07:20-07:50,34.18465706765926
2025-07-14,49,49,08:00-08:10,9.788831863215137
2025-07-14,53,56,08:40-09:20,221.81566738950596
2025-07-14,59,62,09:40-10:20,76.02993457503794
2025-07-14,65,65,10:40-10:50,28.696126999793023
2025-07-14,84,84,13:50-14:00,7.919931017239151
2025-07-14,89,89,14:40-14:50,23.536399311939704
2025-07-14,108,108,17:50-18:00,18.151240459271122
2025-07-14,114,114,18:50-19:00,6.916088424228633
2025-07-14,117,120,19:20-20:00,47.80566392382434
2025-07-14,125,126,20:40-21:00,46.9156150414531
2025-07-14,131,131,21:40-21:50,11.382004566390378
2025-07-14,137,137,22:40-22:50,5.907569015659874
2025-07-14,144,144,23:50-24:00,15.072912126595611
2025-07-15,36,37,05:50-06:10,86.07871577181231
2025-07-15,43,43,07:00-07:10,66.24612485665438
2025-07-15,47,48,07:40-08:00,93.74868814975673
2025-07-15,52,53,08:30-08:50,31.179396520218575
2025-07-15,56,57,09:10-09:30,147.03313635722748
2025-07-15,60,62,09:50-10:20,48.237564297933886
2025-07-15,64,65,10:30-10:50,64.0693539037095
2025-07-15,70,71,11:30-11:50,146.66513604985676
2025-07-15,82,83,13:30-13:50,13.475362567443199
2025-07-15,87,89,14:20-14:50,16.930369110597212
2025-07-15,114,115,18:50-19:10,13.041890914218015
2025-07-15,118,118,19:30-19:40,14.775330780365607
2025-07-15,121,121,20:00-20:10,8.408803013554575
2025-07-15,125,126,20:40-21:00,52.4621408869591
2025-07-15,128,129,21:10-21:30,51.97359865771796
2025-07-15,137,137,22:40-22:50,74.48003871562082
2025-07-15,144,144,23:50-24:00,12.052500618502563
2025-07-16,36,36,05:50-06:00,87.55682158084699
2025-07-16,41,42,06:40-07:00,25.24281341153909
2025-07-16,44,46,07:10-07:40,82.42234148008191
2025-07-16,50,51,08:10-08:30,60.61125051980514
2025-07-16,55,56,09:00-09:20,115.07037522418364
2025-07-16,58,59,09:30-09:50,57.98385504013709
2025-07-16,62,64,10:10-10:40,200.62879554828623
2025-07-16,86,87,14:10-14:30,69.13515626304206
2025-07-16,89,90,14:40-15:00,65.55594078273782
2025-07-16,93,93,15:20-15:30,42.2016798281727
2025-07-16,96,98,15:50-16:20,32.44536786607216
2025-07-16,114,114,18:50-19:00,56.5900373723988
2025-07-16,117,118,19:20-19:40,58.9825896311545
2025-07-16,121,122,20:00-20:20,76.72353617957225
2025-07-16,126,129,20:50-21:30,42.95568996578527
2025-07-16,131,131,21:40-21:50,46.00579681537067
2025-07-16,134,134,22:10-22:20,14.214964047901049
2025-07-16,142,142,23:30-23:40,32.980440742202745
2025-07-17,36,37,05:50-06:10,52.427585294117534
2025-07-17,40,42,06:30-07:00,127.66490207828116
2025-07-17,45,47,07:20-07:50,42.29363222886491
2025-07-17,50,52,08:10-08:40,182.59963125317222
2025-07-17,55,56,09:00-09:20,59.569335354275836
2025-07-17,60,62,09:50-10:20,30.14575771812042
2025-07-17,85,87,14:00-14:30,110.59088858496375
2025-07-17,98,99,16:10-16:30,52.88549483014674
2025-07-17,115,116,19:00-19:20,65.13445227567559
2025-07-17,118,118,19:30-19:40,30.41154307803663
2025-07-17,121,122,20:00-20:20,62.948794769988524
2025-07-17,124,125,20:30-20:50,32.60981585077002
2025-07-17,127,127,21:00-21:10,41.644209711804024
2025-07-17,130,130,21:30-21:40,31.900145209896436
2025-07-17,134,134,22:10-22:20,41.34221079747351
2025-07-17,137,137,22:40-22:50,1.662467074615165
2025-07-17,142,142,23:30-23:40,73.48930636267892
2025-07-18,2,4,00:10-00:40,59.07343739307828
2025-07-18,7,8,01:00-01:20,25.435737011449078
2025-07-18,11,12,01:40-02:00,17.374382273983315
2025-07-18,14,15,02:10-02:30,50.85561088301108
2025-07-18,17,18,02:40-03:00,52.440581352809886
2025-07-18,21,22,03:20-03:40,43.86758060365059
2025-07-18,25,27,04:00-04:30,46.36771548888015
2025-07-18,30,31,04:50-05:10,20.83174785404099
2025-07-18,33,35,05:20-05:50,33.21027082886826
2025-07-18,37,37,06:00-06:10,6.027902745662061
2025-07-18,41,48,06:40-08:00,205.69344440997878
2025-07-18,51,53,08:20-08:50,69.09332518564486
2025-07-18,55,56,09:00-09:20,19.023358103509963
2025-07-18,58,58,09:30-09:40,15.78095515293353
2025-07-18,96,96,15:50-16:00,21.530851854567345
2025-07-18,115,117,19:00-19:30,92.44213975523087
2025-07-18,120,122,19:50-20:20,91.36512565939131
2025-07-18,127,128,21:00-21:20,78.42745419134087
2025-07-18,130,131,21:30-21:50,59.167556415317904
2025-07-18,134,134,22:10-22:20,4.399994538755095
2025-07-18,137,137,22:40-22:50,12.804691841031854
2025-07-18,142,142,23:30-23:40,18.63965548098463
2025-07-19,1,2,00:00-00:20,21.768052289774914
2025-07-19,4,4,00:30-00:40,58.08912454928293
2025-07-19,7,8,01:00-01:20,122.98367587840494
2025-07-19,14,15,02:10-02:30,124.45395292143701
2025-07-19,18,18,02:50-03:00,29.31134590735644
2025-07-19,21,22,03:20-03:40,94.96626980053779
2025-07-19,25,27,04:00-04:30,53.531497565469124
2025-07-19,30,32,04:50-05:20,62.8474533171659
2025-07-19,37,37,06:00-06:10,48.980577316563995
2025-07-19,40,41,06:30-06:50,101.3747013507417
2025-07-19,43,44,07:00-07:20,42.413642238640364
2025-07-19,47,48,07:40-08:00,137.5913043821556
2025-07-19,51,53,08:20-08:50,111.15131804184762
2025-07-19,57,58,09:20-09:40,88.47153482037174
2025-07-19,113,113,18:40-18:50,17.587341149211532
2025-07-19,116,117,19:10-19:30,111.51281512699063
2025-07-19,121,121,20:00-20:10,16.65650928411617
2025-07-19,124,127,20:30-21:10,45.72868314251866
2025-07-19,130,131,21:30-21:50,14.61443937360184
2025-07-19,139,140,23:00-23:20,43.088277648374856
2025-07-19,142,143,23:30-23:50,74.86013643242518
2025-07-20,36,36,05:50-06:00,40.87448660726045
2025-07-20,38,40,06:10-06:40,107.18822536987955
2025-07-20,43,45,07:00-07:30,69.74873420844847
2025-07-20,48,52,07:50-08:40,37.67966935217032
2025-07-20,56,60,09:10-10:00,161.34168256255566
2025-07-20,62,63,10:10-10:30,32.51600546218515
2025-07-20,69,69,11:20-11:30,50.55668658752052
2025-07-20,86,86,14:10-14:20,20.766093412667715
2025-07-20,88,90,14:30-15:00,120.26866293497255
2025-07-20,114,116,18:50-19:20,47.560781183614495
2025-07-20,120,122,19:50-20:20,50.952083943376095
2025-07-20,124,124,20:30-20:40,25.464335813922844
2025-07-20,128,129,21:10-21:30,82.10611893012265
2025-07-20,134,134,22:10-22:20,24.01154393341244
2025-07-20,139,139,23:00-23:10,8.400796025792715
2025-07-20,142,143,23:30-23:50,54.77848566258717
2025-07-21,13,13,02:00-02:10,8.254755487564125
2025-07-21,38,39,06:10-06:30,149.02918949767843
2025-07-21,42,42,06:50-07:00,33.944910801233505
2025-07-21,46,47,07:30-07:50,141.99867395803983
2025-07-21,50,51,08:10-08:30,78.76108673227657
2025-07-21,54,54,08:50-09:00,46.73564863045897
2025-07-21,56,57,09:10-09:30,102.08990323444834
2025-07-21,62,63,10:10-10:30,79.18968687797292
2025-07-21,88,89,14:30-14:50,72.47682040870075
2025-07-21,96,96,15:50-16:00,34.42378463801617
2025-07-21,105,105,17:20-17:30,32.93647026770458
2025-07-21,108,108,17:50-18:00,3.3184422245407177
2025-07-21,115,116,19:00-19:20,15.68420473370577
2025-07-21,119,120,19:40-20:00,37.608871088300816
2025-07-21,123,124,20:20-20:40,69.14955125580468
2025-07-21,127,128,21:00-21:20,60.44894473614954
2025-07-21,131,131,21:40-21:50,5.880731398868306
2025-07-21,137,137,22:40-22:50,14.033790992235822
2025-07-21,139,140,23:00-23:20,7.656714061060711
2025-07-21,142,142,23:30-23:40,28.734486110014586
2025-07-22,25,25,04:00-04:10,7.470751426879456
2025-07-22,36,36,05:50-06:00,23.5772069426431
2025-07-22,40,41,06:30-06:50,20.093752994754936
2025-07-22,44,45,07:10-07:30,45.15884243979451
2025-07-22,52,56,08:30-09:20,212.38012755907778
2025-07-22,60,62,09:50-10:20,50.11451984847622
2025-07-22,64,65,10:30-10:50,50.84052202451403
2025-07-22,80,82,13:10-13:40,127.23362326245956
2025-07-22,87,89,14:20-14:50,66.28414946515511
2025-07-22,99,99,16:20-16:30,2.166151608294399
2025-07-22,116,117,19:10-19:30,71.71398130675061
2025-07-22,119,120,19:40-20:00,43.653076325832444
2025-07-22,124,125,20:30-20:50,32.61817140037226
2025-07-22,131,131,21:40-21:50,33.077974036057185
2025-07-22,134,134,22:10-22:20,18.649273634688825
2025-07-22,139,140,23:00-23:20,21.134528786682267
2025-07-23,33,33,05:20-05:30,5.533358289624424
2025-07-23,36,39,05:50-06:30,92.82282230086673
2025-07-23,41,43,06:40-07:10,123.85403608839499
2025-07-23,47,48,07:40-08:00,87.79358357960643
2025-07-23,51,51,08:20-08:30,13.270221478389885
2025-07-23,54,54,08:50-09:00,14.080710892410593
2025-07-23,60,63,09:50-10:30,142.83033880867765
2025-07-23,65,65,10:40-10:50,20.397004772244827
2025-07-23,81,81,13:20-13:30,16.847916666666606
2025-07-23,85,88,14:00-14:40,135.38969280262415
2025-07-23,95,95,15:40-15:50,4.730152310454514
2025-07-23,114,115,18:50-19:10,18.80873612505377
2025-07-23,118,118,19:30-19:40,51.70913045137502
2025-07-23,122,127,20:10-21:10,99.71907332543748
2025-07-23,130,131,21:30-21:50,27.34802119357812
2025-07-23,137,137,22:40-22:50,16.459757283853264
2025-07-23,142,143,23:30-23:50,37.47474339386736
2025-07-24,36,36,05:50-06:00,23.408617457184164
2025-07-24,39,39,06:20-06:30,2.878620366401492
2025-07-24,42,42,06:50-07:00,31.016725520275145
2025-07-24,46,47,07:30-07:50,43.72253288872582
2025-07-24,52,53,08:30-08:50,53.415390112421164
2025-07-24,56,57,09:10-09:30,30.09364254507159
2025-07-24,60,65,09:50-10:50,184.57935978700243
2025-07-24,78,78,12:50-13:00,26.69083333333333
2025-07-24,82,83,13:30-13:50,44.92479425206352
2025-07-24,87,89,14:20-14:50,112.75692869832494
2025-07-24,96,96,15:50-16:00,41.925481595322935
2025-07-24,99,99,16:20-16:30,30.088906831726035
2025-07-24,101,102,16:40-17:00,26.752539632455694
2025-07-24,114,114,18:50-19:00,58.915838724080004
2025-07-24,116,117,19:10-19:30,39.20116627187792
2025-07-24,119,120,19:40-20:00,18.734196045532485
2025-07-24,124,125,20:30-20:50,23.153797025924632
2025-07-24,128,129,21:10-21:30,37.557631537044244
2025-07-24,131,131,21:40-21:50,17.92203603105702
2025-07-24,139,140,23:00-23:20,27.34917943808398
2025-07-24,144,144,23:50-24:00,58.559342913541286
2025-07-25,1,3,00:00-00:30,52.88560929069615
2025-07-25,6,6,00:50-01:00,8.45935905382305
2025-07-25,9,10,01:20-01:40,27.14535266482426
2025-07-25,13,16,02:00-02:40,48.141391558099826
2025-07-25,19,20,03:00-03:20,62.803737445716706
2025-07-25,22,22,03:30-03:40,53.57700835636248
2025-07-25,25,25,04:00-04:10,71.26482490929243
2025-07-25,28,29,04:30-04:50,102.35116019213064
2025-07-25,31,31,05:00-05:10,17.863683334273304
2025-07-25,34,35,05:30-05:50,19.56872508600759
2025-07-25,39,39,06:20-06:30,13.731851119508178
2025-07-25,41,42,06:40-07:00,23.455127534637995
2025-07-25,45,47,07:20-07:50,223.7623515133571
2025-07-25,52,53,08:30-08:50,137.5094189630214
2025-07-25,57,58,09:20-09:40,117.45642075837031
2025-07-25,61,61,10:00-10:10,40.355717477863436
2025-07-25,115,118,19:00-19:40,60.93521650875084
2025-07-25,121,122,20:00-20:20,48.605733526028075
2025-07-25,127,129,21:00-21:30,85.9691143571523
2025-07-25,139,140,23:00-23:20,51.36168305698129
2025-07-25,142,143,23:30-23:50,38.409522108172155
2025-07-26,5,6,00:40-01:00,98.8010422029214
2025-07-26,12,13,01:50-02:10,38.96918807737882
2025-07-26,16,17,02:30-02:50,94.10391421239649
2025-07-26,23,24,03:40-04:00,109.73815694452264
2025-07-26,28,31,04:30-05:10,65.295489461019
2025-07-26,34,35,05:30-05:50,77.13222779971056
2025-07-26,38,39,06:10-06:30,75.64225393096837
2025-07-26,42,42,06:50-07:00,7.59155553738259
2025-07-26,45,46,07:20-07:40,49.659891436843395
2025-07-26,48,50,07:50-08:20,69.9819849679468
2025-07-26,53,54,08:40-09:00,194.8065265467261
2025-07-26,57,57,09:20-09:30,50.528051533096686
2025-07-26,60,60,09:50-10:00,78.4255720959527
2025-07-26,115,117,19:00-19:30,37.26631398868267
2025-07-26,120,120,19:50-20:00,3.0301152971254623
2025-07-26,122,123,20:10-20:30,64.83341208711636
2025-07-26,127,128,21:00-21:20,46.860763435978356
2025-07-26,134,134,22:10-22:20,6.5490603566256596
2025-07-26,136,136,22:30-22:40,6.076714541386991
2025-07-26,139,140,23:00-23:20,60.16040628372161
2025-07-26,143,144,23:40-24:00,76.04726297539162
2025-07-27,13,13,02:00-02:10,38.37925068064544
2025-07-27,29,29,04:40-04:50,5.836442841163373
2025-07-27,32,33,05:10-05:30,17.728486788802744
2025-07-27,36,39,05:50-06:30,59.83498846088787
2025-07-27,42,46,06:50-07:40,106.10809005884221
2025-07-27,49,52,08:00-08:40,100.9613775571978
2025-07-27,55,55,09:00-09:10,48.28711616848091
2025-07-27,59,59,09:40-09:50,10.587205232831366
2025-07-27,61,62,10:00-10:20,29.681419771398623
2025-07-27,64,65,10:30-10:50,55.47946501607362
2025-07-27,84,84,13:50-14:00,30.83416666666676
2025-07-27,87,88,14:20-14:40,38.23921854661285
2025-07-27,116,117,19:10-19:30,48.41238488334909
2025-07-27,122,123,20:10-20:30,69.53895285563908
2025-07-27,126,128,20:50-21:20,37.31996779839449
2025-07-27,130,130,21:30-21:40,8.429993025398062
2025-07-27,134,134,22:10-22:20,49.41125037504946
2025-07-27,137,138,22:40-23:00,6.478426740360192
2025-07-27,143,144,23:40-24:00,63.526170838268285
2025-07-28,1,1,00:00-00:10,9.283305513883079
2025-07-28,37,39,06:00-06:30,95.69555733367201
2025-07-28,42,42,06:50-07:00,4.578383854078709
2025-07-28,45,51,07:20-08:30,220.52875156693574
2025-07-28,54,54,08:50-09:00,1.2351511806061808
2025-07-28,56,57,09:10-09:30,104.07303942906015
2025-07-28,60,63,09:50-10:30,64.00005844377984
2025-07-28,72,74,11:50-12:20,137.18659214652303
2025-07-28,84,84,13:50-14:00,29.238749999999982
2025-07-28,87,88,14:20-14:40,65.53113869776075
2025-07-28,98,98,16:10-16:20,24.948041841031795
2025-07-28,102,103,16:50-17:10,43.17572985167226
2025-07-28,106,106,17:30-17:40,80.63539372285831
2025-07-28,109,110,18:00-18:20,34.22637718346114
2025-07-28,115,116,19:00-19:20,80.69204333370953
2025-07-28,118,119,19:30-19:50,9.507619755418546
2025-07-28,121,123,20:00-20:30,43.44672917489174
2025-07-28,125,129,20:40-21:30,77.44707443084644
2025-07-28,133,133,22:00-22:10,8.656465455981106
2025-07-28,139,141,23:00-23:30,147.48583366232424
2025-07-29,3,3,00:20-00:30,3.5663580734305924
2025-07-29,38,39,06:10-06:30,72.48506235500906
2025-07-29,41,43,06:40-07:10,73.3852807437068
2025-07-29,46,47,07:30-07:50,28.403456251762236
2025-07-29,49,51,08:00-08:30,74.77188138006932
2025-07-29,54,56,08:50-09:20,70.98482659748481
2025-07-29,58,60,09:30-10:00,132.54365868159357
2025-07-29,63,63,10:20-10:30,22.517516841501674
2025-07-29,65,66,10:40-11:00,127.30430146541846
2025-07-29,72,72,11:50-12:00,27.755539427180565
2025-07-29,83,85,13:40-14:10,33.45919580019927
2025-07-29,88,88,14:30-14:40,35.22326557253837
2025-07-29,100,101,16:30-16:50,36.30062855450859
2025-07-29,114,114,18:50-19:00,24.21585355779905
2025-07-29,117,117,19:20-19:30,12.388809584908245
2025-07-29,120,125,19:50-20:50,66.71104241723492
2025-07-29,129,130,21:20-21:40,45.86712462166042
2025-07-29,134,134,22:10-22:20,35.21760706671921
2025-07-29,139,140,23:00-23:20,50.98956406764046
2025-07-30,19,19,03:00-03:10,9.339839445979578
2025-07-30,37,38,06:00-06:20,135.00416121858132
2025-07-30,40,41,06:30-06:50,48.223596361363605
2025-07-30,44,45,07:10-07:30,134.8757562461226
2025-07-30,48,48,07:50-08:00,27.50768760739186
2025-07-30,50,51,08:10-08:30,70.44082607485927
2025-07-30,53,54,08:40-09:00,35.62039252157217
2025-07-30,59,60,09:40-10:00,58.83438350440838
2025-07-30,65,65,10:40-10:50,34.608351753990064
2025-07-30,88,89,14:30-14:50,178.05443145166964
2025-07-30,92,92,15:10-15:20,12.284066770063646
2025-07-30,113,113,18:40-18:50,14.45264791419936
2025-07-30,117,119,19:20-19:50,58.773556757467986
2025-07-30,122,126,20:10-21:00,66.42615587013313
2025-07-30,129,130,21:20-21:40,60.07721237004853
2025-07-30,137,137,22:40-22:50,35.70105501381761
2025-07-30,143,144,23:40-24:00,30.85433637320682
2025-07-31,14,15,02:10-02:30,28.647088156336622
2025-07-31,37,38,06:00-06:20,37.806895638524
2025-07-31,40,40,06:30-06:40,8.080911245840355
2025-07-31,43,44,07:00-07:20,86.83948074088676
2025-07-31,47,50,07:40-08:20,145.18616421051627
2025-07-31,55,59,09:00-09:50,179.58207192205748
2025-07-31,63,65,10:20-10:50,135.44315971462424
2025-07-31,83,84,13:40-14:00,18.838903748613347
2025-07-31,86,87,14:10-14:30,38.298391387024594
2025-07-31,94,94,15:30-15:40,9.90931500949398
2025-07-31,105,105,17:20-17:30,29.357524274810146
2025-07-31,115,116,19:00-19:20,52.36743758107286
2025-07-31,118,119,19:30-19:50,20.444140249656925
2025-07-31,124,125,20:30-20:50,17.715875319120983
2025-07-31,129,130,21:20-21:40,24.937797210159033
2025-07-31,139,140,23:00-23:20,39.777620213185855
2025-07-31,142,143,23:30-23:50,85.27193419528885
2025-08-01,1,2,00:00-00:20,11.394080096065181
2025-08-01,5,6,00:40-01:00,36.7240972891168
2025-08-01,8,9,01:10-01:30,49.585348427424606
2025-08-01,11,12,01:40-02:00,51.24979730227665
2025-08-01,16,19,02:30-03:10,91.40551650875125
2025-08-01,23,24,03:40-04:00,67.37024163329761
2025-08-01,27,27,04:20-04:30,54.83254958171199
2025-08-01,30,31,04:50-05:10,35.14302534826015
2025-08-01,36,36,05:50-06:00,3.5604577190607642
2025-08-01,39,39,06:20-06:30,0.8889614357152027
2025-08-01,43,44,07:00-07:20,69.0256579390147
2025-08-01,48,49,07:50-08:10,177.93441197243988
2025-08-01,55,56,09:00-09:20,88.54942913917239
2025-08-01,58,61,09:30-10:10,90.08557604290081
2025-08-01,116,118,19:10-19:40,29.63264531705272
2025-08-01,121,123,20:00-20:30,78.45934925648135
2025-08-01,128,129,21:10-21:30,65.78492226608773
2025-08-01,134,134,22:10-22:20,32.251455553362234
2025-08-01,137,137,22:40-22:50,33.918518634030534
2025-08-01,142,144,23:30-24:00,37.89569943413608
2025-08-02,2,2,00:10-00:20,17.805780418476047
2025-08-02,7,9,01:00-01:30,108.88322147651013
2025-08-02,12,12,01:50-02:00,36.620921535728485
2025-08-02,16,17,02:30-02:50,13.666053809712025
2025-08-02,19,21,03:00-03:30,63.89667653638622
2025-08-02,23,24,03:40-04:00,31.76350023029346
2025-08-02,27,28,04:20-04:40,65.05673402797379
2025-08-02,32,33,05:10-05:30,20.06497958471966
2025-08-02,35,37,05:40-06:10,63.40896181170456
2025-08-02,41,45,06:40-07:30,60.40142561145268
2025-08-02,51,51,08:20-08:30,37.44242773767223
2025-08-02,54,54,08:50-09:00,17.93208421126883
2025-08-02,59,60,09:40-10:00,180.87587791062765
2025-08-02,111,111,18:20-18:30,6.494930329178622
2025-08-02,114,114,18:50-19:00,45.02793754347351
2025-08-02,118,120,19:30-20:00,66.22250822476667
2025-08-02,123,123,20:20-20:30,15.209987965521805
2025-08-02,125,126,20:40-21:00,38.09395528077005
2025-08-02,129,129,21:20-21:30,42.44376529148576
2025-08-02,134,134,22:10-22:20,15.96958099091978
2025-08-02,137,137,22:40-22:50,13.110425036188985
2025-08-02,140,140,23:10-23:20,3.9496009014342235
2025-08-02,143,144,23:40-24:00,44.903681280431556
2025-08-03,21,21,03:20-03:30,16.262530596131114
2025-08-03,35,35,05:40-05:50,15.908597917959256
2025-08-03,39,41,06:20-06:50,84.25934724493834
2025-08-03,46,46,07:30-07:40,25.08307892955861
2025-08-03,55,56,09:00-09:20,69.0227291833512
2025-08-03,59,60,09:40-10:00,55.00255340176341
2025-08-03,62,63,10:10-10:30,97.25225155189605
2025-08-03,116,120,19:10-20:00,108.83124138702487
2025-08-03,123,125,20:20-20:50,26.106323878142007
2025-08-03,127,127,21:00-21:10,7.696222187129592
2025-08-03,129,130,21:20-21:40,40.81808358336605
2025-08-03,133,134,22:00-22:20,45.72342175286212
2025-08-03,136,136,22:30-22:40,13.825150697460458
2025-08-03,140,140,23:10-23:20,23.279928766942817
2025-08-03,144,144,23:50-24:00,12.427929043295421
2025-08-04,8,8,01:10-01:20,2.2958311093562997
2025-08-04,26,27,04:10-04:30,40.03284699302509
2025-08-04,36,36,05:50-06:00,29.51400328896659
2025-08-04,39,40,06:20-06:40,45.471302297294756
2025-08-04,43,43,07:00-07:10,47.14360526197066
2025-08-04,46,46,07:30-07:40,26.03600915251991
2025-08-04,49,49,08:00-08:10,31.140784123850835
2025-08-04,52,53,08:30-08:50,139.8039315511445
2025-08-04,58,58,09:30-09:40,91.02784017821864
2025-08-04,61,62,10:00-10:20,77.34077096892429
2025-08-04,64,65,10:30-10:50,15.682646151749168
2025-08-04,89,89,14:40-14:50,4.0657991784635215
2025-08-04,104,104,17:10-17:20,6.962482044629667
2025-08-04,113,113,18:40-18:50,8.504123516252207
2025-08-04,117,117,19:20-19:30,39.78660824450594
2025-08-04,120,121,19:50-20:10,30.88219621096755
2025-08-04,125,126,20:40-21:00,47.86268288966562
2025-08-04,129,131,21:20-21:50,58.799525279642125
2025-08-04,133,134,22:00-22:20,20.468940097381505
2025-08-04,139,140,23:00-23:20,41.38681619949989
2025-08-04,143,144,23:40-24:00,42.424412791156556
2025-08-05,14,14,02:10-02:20,16.76691023818921
2025-08-05,28,28,04:30-04:40,14.164628490590985
2025-08-05,35,35,05:40-05:50,2.1141091468802387
2025-08-05,38,39,06:10-06:30,61.3941388331167
2025-08-05,45,45,07:20-07:30,6.097129141992355
2025-08-05,47,50,07:40-08:20,147.7401775882164
2025-08-05,53,54,08:40-09:00,115.78381477450012
2025-08-05,58,60,09:30-10:00,73.93597169740383
2025-08-05,62,63,10:10-10:30,161.95055405786434
2025-08-05,89,90,14:40-15:00,40.71719069682763
2025-08-05,115,115,19:00-19:10,16.39059235707748
2025-08-05,118,119,19:30-19:50,110.24215031583094
2025-08-05,121,122,20:00-20:20,25.360177062771527
2025-08-05,126,127,20:50-21:10,130.27956274509802
2025-08-05,130,131,21:30-21:50,50.773858764311285
2025-08-05,134,134,22:10-22:20,27.224088774838947
2025-08-05,140,140,23:10-23:20,4.53557613501755
2025-08-05,142,142,23:30-23:40,8.123194611133158
2025-08-06,4,4,00:30-00:40,4.859397118041898
2025-08-06,7,8,01:00-01:20,30.052544907224615
2025-08-06,21,22,03:20-03:40,8.165598996108542
2025-08-06,35,35,05:40-05:50,4.801834559058491
2025-08-06,38,39,06:10-06:30,58.772229727595686
2025-08-06,42,42,06:50-07:00,85.34266258530243
2025-08-06,45,46,07:20-07:40,47.8312017004115
2025-08-06,49,50,08:00-08:20,67.42240367717591
2025-08-06,52,52,08:30-08:40,38.64727641606942
2025-08-06,56,57,09:10-09:30,76.63669361758139
2025-08-06,60,60,09:50-10:00,62.57554091327734
2025-08-06,63,64,10:20-10:40,104.54503269791189
2025-08-06,86,87,14:10-14:30,73.74546436937158
2025-08-06,89,90,14:40-15:00,82.70309538943093
2025-08-06,95,96,15:40-16:00,67.44483668903786
2025-08-06,102,104,16:50-17:20,30.67780410956317
2025-08-06,106,107,17:30-17:50,55.02284515537798
2025-08-06,111,112,18:20-18:40,25.29819468633046
2025-08-06,115,116,19:00-19:20,63.050398137912794
2025-08-06,118,121,19:30-20:10,77.77959975748718
2025-08-06,124,125,20:30-20:50,38.78023413607059
2025-08-06,127,128,21:00-21:20,60.41037381234378
2025-08-06,130,131,21:30-21:50,6.979259553888937
2025-08-06,134,134,22:10-22:20,1.953990103960905
2025-08-06,136,136,22:30-22:40,16.233994071588313
2025-08-06,139,140,23:00-23:20,112.18221987761535
2025-08-06,143,144,23:40-24:00,85.24244649295974
2025-08-07,1,1,00:00-00:10,30.208217956310136
2025-08-07,5,5,00:40-00:50,9.317933399131334
2025-08-07,9,9,01:20-01:30,33.63893921568638
2025-08-07,12,13,01:50-02:10,25.325670265824556
2025-08-07,16,16,02:30-02:40,24.844801868667105
2025-08-07,19,20,03:00-03:20,49.81907962607886
2025-08-07,25,26,04:00-04:20,7.8911538003122015
2025-08-07,31,31,05:00-05:10,21.472584984866444
2025-08-07,36,36,05:50-06:00,6.5238631662061835
2025-08-07,38,39,06:10-06:30,64.27529815859248
2025-08-07,41,42,06:40-07:00,39.472053920628696
2025-08-07,44,45,07:10-07:30,105.2122714943697
2025-08-07,48,48,07:50-08:00,31.31802403323752
2025-08-07,51,52,08:20-08:40,68.27326932867084
2025-08-07,56,61,09:10-10:10,121.95442216081074
2025-08-07,64,65,10:30-10:50,98.25603284172712
2025-08-07,116,118,19:10-19:40,61.38493736957844
2025-08-07,121,121,20:00-20:10,43.11832762675567
2025-08-07,125,127,20:40-21:10,37.747554745924845
2025-08-07,131,132,21:40-22:00,75.45857990525099
2025-08-07,137,137,22:40-22:50,3.9912676931177202
2025-08-07,140,140,23:10-23:20,4.49946109356506
2025-08-07,144,144,23:50-24:00,33.04455556652181
2025-08-08,2,3,00:10-00:30,23.383835445453315
2025-08-08,6,7,00:50-01:10,53.56282726674567
2025-08-08,14,15,02:10-02:30,51.36224305171743
2025-08-08,18,18,02:50-03:00,54.62909676273205
2025-08-08,21,21,03:20-03:30,12.143767646118818
2025-08-08,23,24,03:40-04:00,40.107873661008036
2025-08-08,26,27,04:10-04:30,24.426048901171523
2025-08-08,32,34,05:10-05:40,103.51825888744762
2025-08-08,36,36,05:50-06:00,13.172786763295903
2025-08-08,38,40,06:10-06:40,69.33664337318802
2025-08-08,44,45,07:10-07:30,24.9412113435979
2025-08-08,48,49,07:50-08:10,56.897223699547
2025-08-08,53,54,08:40-09:00,102.68660429097781
2025-08-08,57,57,09:20-09:30,22.00382640291059
2025-08-08,63,63,10:20-10:30,17.016807608144063
2025-08-08,102,103,16:50-17:10,42.909391794972805
2025-08-08,108,109,17:50-18:10,13.473124838794575
2025-08-08,112,113,18:30-18:50,35.49432398341895
2025-08-08,117,118,19:20-19:40,59.825634669975216
2025-08-08,121,122,20:00-20:20,66.47081649559152
2025-08-08,125,126,20:40-21:00,56.42513272611063
2025-08-08,130,132,21:30-22:00,124.06305566521905
2025-08-08,140,140,23:10-23:20,20.545733537307456
2025-08-08,144,144,23:50-24:00,11.03654708514307
2025-08-09,2,2,00:10-00:20,8.814450059218302
2025-08-09,4,5,00:30-00:50,26.69520858665601
2025-08-09,9,12,01:20-02:00,86.30982275299414
2025-08-09,15,16,02:20-02:40,19.265223496512817
2025-08-09,20,21,03:10-03:30,8.046008560336759
2025-08-09,23,24,03:40-04:00,39.69647043031986
2025-08-09,26,27,04:10-04:30,57.58510489538091
2025-08-09,30,30,04:50-05:00,2.902369774218357
2025-08-09,32,33,05:10-05:30,98.74181437407177
2025-08-09,36,37,05:50-06:10,69.76811678416351
2025-08-09,41,43,06:40-07:10,160.77616641475356
2025-08-09,47,47,07:40-07:50,22.45838571992556
2025-08-09,50,51,08:10-08:30,43.81385306431309
2025-08-09,54,55,08:50-09:10,33.69390511909478
2025-08-09,58,58,09:30-09:40,43.07126102118673
2025-08-09,61,61,10:00-10:10,62.16666185682311
2025-08-09,101,101,16:40-16:50,23.74159714624102
2025-08-09,103,103,17:00-17:10,0.4509628992536818
2025-08-09,108,108,17:50-18:00,5.6243132555035515
2025-08-09,111,111,18:20-18:30,3.8330827120110165
2025-08-09,114,115,18:50-19:10,30.591816129002382
2025-08-09,119,120,19:40-20:00,52.76748645310454
2025-08-09,124,128,20:30-21:20,114.81917835241484
2025-08-09,131,131,21:40-21:50,10.48095958020781
2025-08-09,134,135,22:10-22:30,23.860459468350996
2025-08-09,138,138,22:50-23:00,2.225063824187373
2025-08-09,142,143,23:30-23:50,48.72208612975419
2025-08-10,2,2,00:10-00:20,2.5558967298331936
2025-08-10,6,6,00:50-01:00,14.505819515725989
2025-08-10,17,17,02:40-02:50,10.075474417686564
2025-08-10,24,24,03:50-04:00,11.843436636399701
2025-08-10,38,38,06:10-06:20,11.765642490553319
2025-08-10,42,44,06:50-07:20,87.06508984170847
2025-08-10,47,48,07:40-08:00,65.02961238226828
2025-08-10,50,51,08:10-08:30,53.793378324215496
2025-08-10,55,59,09:00-09:50,183.1930087332919
2025-08-10,62,62,10:10-10:20,0.5265439822912867
2025-08-10,66,66,10:50-11:00,7.459425187524403
2025-08-10,68,68,11:10-11:20,14.538069224333412
2025-08-10,70,71,11:30-11:50,89.16535838926166
2025-08-10,73,73,12:00-12:10,56.91528315097935
2025-08-10,96,96,15:50-16:00,43.773948233790065
2025-08-10,100,101,16:30-16:50,20.428781998570855
2025-08-10,103,105,17:00-17:30,51.28407980125934
2025-08-10,108,108,17:50-18:00,6.123639530577407
2025-08-10,115,115,19:00-19:10,2.631841027954806
2025-08-10,118,118,19:30-19:40,7.927489718572019
2025-08-10,121,122,20:00-20:20,57.001155296749175
2025-08-10,124,124,20:30-20:40,4.903236447465019
2025-08-10,127,127,21:00-21:10,6.048811863403444
2025-08-10,130,130,21:30-21:40,15.946361343597914
2025-08-10,134,134,22:10-22:20,26.791301125148266
2025-08-10,137,138,22:40-23:00,72.76065498749847
2025-08-10,142,142,23:30-23:40,0.6193959534148235
2025-08-11,3,3,00:20-00:30,46.196490985656055
2025-08-11,6,7,00:50-01:10,58.08257698381385
2025-08-11,10,10,01:30-01:40,17.5795657718121
2025-08-11,33,33,05:20-05:30,6.370288078318662
2025-08-11,36,37,05:50-06:10,49.93415000845971
2025-08-11,40,41,06:30-06:50,93.49027663790366
2025-08-11,43,45,07:00-07:30,157.55655321188874
2025-08-11,49,49,08:00-08:10,12.890126438629295
2025-08-11,52,54,08:30-09:00,146.51789730321684
2025-08-11,56,57,09:10-09:30,44.69763150038534
2025-08-11,60,60,09:50-10:00,11.389964050720891
2025-08-11,64,65,10:30-10:50,49.383880498373856
2025-08-11,68,68,11:10-11:20,53.12305634199947
2025-08-11,89,89,14:40-14:50,18.26252063523407
2025-08-11,92,92,15:10-15:20,15.726979160791984
2025-08-11,110,111,18:10-18:30,33.68868316319829
2025-08-11,114,114,18:50-19:00,85.15431206737742
2025-08-11,116,118,19:10-19:40,90.78962205083383
2025-08-11,120,121,19:50-20:10,61.41253809993782
2025-08-11,124,125,20:30-20:50,21.302562810896006
2025-08-11,129,131,21:20-21:50,39.956665699433984
2025-08-11,133,133,22:00-22:10,23.11114001842361
2025-08-11,137,138,22:40-23:00,33.66321976575853
2025-08-11,142,142,23:30-23:40,43.51843718252405
2025-08-12,1,2,00:00-00:20,36.53048751809433
2025-08-12,6,6,00:50-01:00,55.828215409922336
2025-08-12,18,18,02:50-03:00,34.0746078431373
2025-08-12,22,22,03:30-03:40,8.938939497966885
2025-08-12,29,30,04:40-05:00,49.482911233620726
2025-08-12,33,33,05:20-05:30,3.1791064350573173
2025-08-12,41,42,06:40-07:00,51.375664931476024
2025-08-12,45,46,07:20-07:40,39.08784862199934
2025-08-12,49,50,08:00-08:20,45.405163557234914
2025-08-12,52,54,08:30-09:00,167.74915414152235
2025-08-12,57,58,09:20-09:40,114.13224891245136
2025-08-12,61,62,10:00-10:20,134.7997811375551
2025-08-12,65,66,10:40-11:00,53.26034778260282
2025-08-12,70,70,11:30-11:40,2.294967402665179
2025-08-12,86,87,14:10-14:30,42.52894548248878
2025-08-12,91,93,15:00-15:30,98.96223283608697
2025-08-12,97,100,16:00-16:40,148.56274053634905
2025-08-12,104,107,17:10-17:50,185.70524722707825
2025-08-12,110,112,18:10-18:40,66.26328528189802
2025-08-12,115,116,19:00-19:20,92.3210248142392
2025-08-12,118,120,19:30-20:00,70.23652235444649
2025-08-12,122,126,20:10-21:00,390.93274857500086
2025-08-12,129,131,21:20-21:50,23.261226141597717
2025-08-12,134,134,22:10-22:20,17.61209776286364
2025-08-12,139,140,23:00-23:20,20.206747006185196
2025-08-12,144,144,23:50-24:00,4.0653544084746045
2025-08-13,6,6,00:50-01:00,69.6015798723513
2025-08-13,9,9,01:20-01:30,83.26696279115663
2025-08-13,12,17,01:50-02:50,78.17615573759679
2025-08-13,23,24,03:40-04:00,27.59114696012631
2025-08-13,28,28,04:30-04:40,2.4766625806029197
2025-08-13,32,33,05:10-05:30,32.2115378455201
2025-08-13,36,36,05:50-06:00,50.94142157238741
2025-08-13,40,41,06:30-06:50,56.52669285526292
2025-08-13,43,44,07:00-07:20,49.16942425413134
2025-08-13,46,46,07:30-07:40,0.044745224935468286
2025-08-13,50,52,08:10-08:40,48.39037685315759
2025-08-13,56,60,09:10-10:00,107.4423660303055
2025-08-13,62,64,10:10-10:40,132.71329319083316
2025-08-13,68,68,11:10-11:20,15.768596122609324
2025-08-13,71,72,11:40-12:00,15.478604942379661
2025-08-13,77,77,12:40-12:50,11.99814007576174
2025-08-13,85,85,14:00-14:10,29.609883333333528
2025-08-13,89,89,14:40-14:50,2.5735575489254643
2025-08-13,106,106,17:30-17:40,15.756042785704693
2025-08-13,109,110,18:00-18:20,25.615555282649908
2025-08-13,115,117,19:00-19:30,67.39222599684149
2025-08-13,120,124,19:50-20:40,125.006044574474
2025-08-13,127,128,21:00-21:20,31.033593420187003
2025-08-13,131,131,21:40-21:50,6.961080846163782
2025-08-13,137,137,22:40-22:50,18.645373345176722
2025-08-13,143,144,23:40-24:00,46.567661152783444
2025-08-14,4,4,00:30-00:40,0.7143584287405247
2025-08-14,7,7,01:00-01:10,2.9486411698907204
2025-08-14,11,11,01:40-01:50,25.28432541781831
2025-08-14,16,16,02:30-02:40,9.329674621660729
2025-08-14,22,22,03:30-03:40,32.86552468745879
2025-08-14,26,26,04:10-04:20,25.93963793638258
2025-08-14,36,36,05:50-06:00,11.436690381253584
2025-08-14,38,39,06:10-06:30,69.63175390840888
2025-08-14,42,42,06:50-07:00,14.207038268193116
2025-08-14,46,46,07:30-07:40,61.826306778147455
2025-08-14,49,49,08:00-08:10,122.81895749722707
2025-08-14,52,53,08:30-08:50,140.48747683717806
2025-08-14,56,56,09:10-09:20,0.4781384373882247
2025-08-14,59,60,09:40-10:00,123.43550155471598
2025-08-14,63,63,10:20-10:30,46.909125412178355
2025-08-14,68,69,11:10-11:30,136.01399091703775
2025-08-14,72,73,11:50-12:10,28.252841090933316
2025-08-14,77,78,12:40-13:00,25.32243670501748
2025-08-14,97,98,16:00-16:20,65.34262727332509
2025-08-14,101,102,16:40-17:00,74.61177918711093
2025-08-14,105,108,17:20-18:00,35.43016121670166
2025-08-14,111,111,18:20-18:30,27.618031983531907
2025-08-14,114,115,18:50-19:10,71.84015506551634
2025-08-14,119,119,19:40-19:50,2.1890915289607165
2025-08-14,122,125,20:10-20:50,92.62913104261861
2025-08-14,127,127,21:00-21:10,14.940432616133762
2025-08-14,130,130,21:30-21:40,28.90669980918517
2025-08-14,137,137,22:40-22:50,28.195222779312985
2025-08-14,142,143,23:30-23:50,65.06384380839563
2025-08-15,4,5,00:30-00:50,68.76727434530846
2025-08-15,8,9,01:10-01:30,45.582257283853096
2025-08-15,12,12,01:50-02:00,5.37704856560083
2025-08-15,14,15,02:10-02:30,51.21322010132906
2025-08-15,19,20,03:00-03:20,7.681036978549741
2025-08-15,23,25,03:40-04:10,87.87631269903954
2025-08-15,28,29,04:30-04:50,64.45229273400639
2025-08-15,31,34,05:00-05:40,54.579496976105716
2025-08-15,37,40,06:00-06:40,108.97455706953946
2025-08-15,43,43,07:00-07:10,23.98206918485522
2025-08-15,47,48,07:40-08:00,39.76824621096773
2025-08-15,51,53,08:20-08:50,143.30052473539763
2025-08-15,58,59,09:30-09:50,117.84803940744109
2025-08-15,63,63,10:20-10:30,45.945524793675986
2025-08-15,98,99,16:10-16:30,12.536403037993523
2025-08-15,110,111,18:10-18:30,37.446054326697215
2025-08-15,113,114,18:40-19:00,45.08467604572013
2025-08-15,118,120,19:30-20:00,94.21764837478645
2025-08-15,123,124,20:20-20:40,55.26185681668619
2025-08-15,127,128,21:00-21:20,65.38603487300952
2025-08-15,130,130,21:30-21:40,24.266810047374747
2025-08-15,134,134,22:10-22:20,3.885665548098359
2025-08-15,137,137,22:40-22:50,14.652142755625732
2025-08-15,139,140,23:00-23:20,63.55094092643776
2025-08-15,143,144,23:40-24:00,48.85566612054231
2025-08-16,1,1,00:00-00:10,20.486606948282656
2025-08-16,6,7,00:50-01:10,75.94112870772483
2025-08-16,10,11,01:30-01:50,105.30638349124888
2025-08-16,13,14,02:00-02:20,19.990150454006994
2025-08-16,16,16,02:30-02:40,8.388360698776296
2025-08-16,19,19,03:00-03:10,36.709617350967164
2025-08-16,22,23,03:30-03:50,60.94303975335083
2025-08-16,26,30,04:10-05:00,79.29334984208437
2025-08-16,34,36,05:30-06:00,72.77258755851335
2025-08-16,39,39,06:20-06:30,40.938507299832736
2025-08-16,41,43,06:40-07:10,72.34840644163711
2025-08-16,48,48,07:50-08:00,7.590464519767465
2025-08-16,52,52,08:30-08:40,52.57890342620249
2025-08-16,55,57,09:00-09:30,161.07023809523844
2025-08-16,60,61,09:50-10:10,46.52659272272649
2025-08-16,97,97,16:00-16:10,4.431746364183141
2025-08-16,101,101,16:40-16:50,17.356230258680796
2025-08-16,109,113,18:00-18:50,41.45072469591861
2025-08-16,116,117,19:10-19:30,50.677184542139
2025-08-16,121,123,20:00-20:30,123.98066587708911
2025-08-16,126,127,20:50-21:10,60.30072291748934
2025-08-16,130,131,21:30-21:50,48.4784103895247
2025-08-16,134,134,22:10-22:20,17.374776167916934
2025-08-16,144,144,23:50-24:00,15.885837801026469
2025-08-17,3,3,00:20-00:30,13.610734965126994
2025-08-17,7,8,01:00-01:20,37.21519845374405
2025-08-17,13,15,02:00-02:30,37.95305590209239
2025-08-17,18,19,02:50-03:10,55.779060126332524
2025-08-17,22,22,03:30-03:40,21.244998052375422
2025-08-17,31,31,05:00-05:10,3.607338490967081
2025-08-17,37,37,06:00-06:10,41.18077977647431
2025-08-17,40,44,06:30-07:20,147.67003836689025
2025-08-17,50,51,08:10-08:30,156.91891395296363
2025-08-17,54,54,08:50-09:00,36.38549761998763
2025-08-17,56,57,09:10-09:30,71.67161385332702
2025-08-17,60,61,09:50-10:10,11.373975307841647
2025-08-17,66,66,10:50-11:00,19.439920138927846
2025-08-17,68,70,11:10-11:40,164.68195738349118
2025-08-17,97,98,16:00-16:20,41.113606749948985
2025-08-17,100,100,16:30-16:40,18.99827183175114
2025-08-17,110,111,18:10-18:30,55.05907262703768
2025-08-17,115,118,19:00-19:40,115.38987317786166
2025-08-17,121,123,20:00-20:30,73.47175530990944
2025-08-17,126,131,20:50-21:50,65.69601693643904
2025-08-17,137,137,22:40-22:50,54.89922735228299
2025-08-17,142,144,23:30-24:00,45.21035728385323
2025-08-18,1,1,00:00-00:10,19.588340788261803
2025-08-18,6,6,00:50-01:00,21.393761310698892
2025-08-18,8,8,01:10-01:20,21.607984826950883
2025-08-18,10,10,01:30-01:40,8.943612804316217
2025-08-18,13,14,02:00-02:20,64.63669471641037
2025-08-18,17,18,02:40-03:00,25.814564126858727
2025-08-18,21,21,03:20-03:30,4.162140854059885
2025-08-18,23,24,03:40-04:00,74.05749293986037
2025-08-18,27,28,04:20-04:40,37.890959369375324
2025-08-18,35,37,05:40-06:10,27.15441560073708
2025-08-18,41,42,06:40-07:00,37.88909656627749
2025-08-18,44,45,07:10-07:30,97.43119502566111
2025-08-18,48,52,07:50-08:40,168.8323270016732
2025-08-18,55,55,09:00-09:10,38.90021522286759
2025-08-18,58,59,09:30-09:50,99.9633429022615
2025-08-18,62,64,10:10-10:40,15.49762725452615
2025-08-18,87,87,14:20-14:30,8.03125
2025-08-18,90,90,14:50-15:00,8.022629175831526
2025-08-18,99,99,16:20-16:30,2.5321629725714274
2025-08-18,102,102,16:50-17:00,7.38898022296172
2025-08-18,105,105,17:20-17:30,85.45177347113346
2025-08-18,109,109,18:00-18:10,7.948574363168191
2025-08-18,114,116,18:50-19:20,69.21209948301487
2025-08-18,119,120,19:40-20:00,92.14701561201662
2025-08-18,122,124,20:10-20:40,103.55037027052435
2025-08-18,126,126,20:50-21:00,0.2422535794180476
2025-08-18,129,131,21:20-21:50,60.088438584023834
2025-08-18,137,138,22:40-23:00,39.90747381234371
2025-08-18,142,143,23:30-23:50,59.782011185682336
2025-08-19,5,5,00:40-00:50,6.954880253980946
2025-08-19,11,12,01:40-02:00,69.75842296354779
2025-08-19,15,15,02:20-02:30,52.61915243453086
2025-08-19,21,22,03:20-03:40,37.08124074596307
2025-08-19,27,28,04:20-04:40,25.565224898952888
2025-08-19,38,39,06:10-06:30,35.4746714407911
2025-08-19,42,43,06:50-07:10,32.80997731938413
2025-08-19,47,48,07:40-08:00,25.50155232455404
2025-08-19,50,52,08:10-08:40,145.99210509465536
2025-08-19,55,55,09:00-09:10,39.485055412366364
2025-08-19,58,59,09:30-09:50,50.841647606828474
2025-08-19,61,62,10:00-10:20,21.282494584814003
2025-08-19,65,66,10:40-11:00,120.46064616678882
2025-08-19,68,69,11:10-11:30,68.78159338634737
2025-08-19,88,90,14:30-15:00,82.81421578027198
2025-08-19,95,96,15:40-16:00,30.231936757656285
2025-08-19,110,111,18:10-18:30,15.623892946440318
2025-08-19,114,114,18:50-19:00,16.95640745680805
2025-08-19,116,121,19:10-20:10,210.43349398229088
2025-08-19,124,126,20:30-21:00,81.32727332543755
2025-08-19,128,130,21:10-21:40,90.60192879984209
2025-08-19,137,137,22:40-22:50,13.331111587051055
2025-08-19,139,139,23:00-23:10,23.985039182786977
2025-08-19,142,143,23:30-23:50,57.572130438215595
2025-08-20,2,3,00:10-00:30,34.7885539807869
2025-08-20,8,8,01:10-01:20,22.602872213449132
2025-08-20,12,12,01:50-02:00,24.973601789709278
2025-08-20,19,19,03:00-03:10,6.580127714172818
2025-08-20,24,24,03:50-04:00,8.019610475062336
2025-08-20,33,33,05:20-05:30,3.9996078431372553
2025-08-20,38,44,06:10-07:20,82.14658083958454
2025-08-20,46,49,07:30-08:10,53.293838571804656
2025-08-20,52,57,08:30-09:30,337.9034607232161
2025-08-20,61,67,10:00-11:10,150.5269481275734
2025-08-20,70,71,11:30-11:50,114.91478704998781
2025-08-20,73,74,12:00-12:20,62.116919986652874
2025-08-20,79,82,13:00-13:40,197.3648583573024
2025-08-20,85,86,14:00-14:20,14.56482089748647
2025-08-20,88,90,14:30-15:00,95.97392748105915
2025-08-20,93,93,15:20-15:30,71.65857937510634
2025-08-20,98,99,16:10-16:30,152.31603115259531
2025-08-20,102,104,16:50-17:20,60.356466294436586
2025-08-20,107,108,17:40-18:00,117.81216510913104
2025-08-20,111,111,18:20-18:30,37.539385421013776
2025-08-20,114,116,18:50-19:20,58.68387318256191
2025-08-20,119,126,19:40-21:00,446.05125173551255
2025-08-20,129,129,21:20-21:30,62.51407058823531
2025-08-20,134,134,22:10-22:20,5.030646183708313
2025-08-20,137,137,22:40-22:50,11.826446052112033
2025-08-20,139,140,23:00-23:20,21.414491590998978
2025-08-20,144,144,23:50-24:00,7.007913153046502
2025-08-21,6,6,00:50-01:00,25.111943834715134
2025-08-21,9,9,01:20-01:30,0.4913132056847189
2025-08-21,12,12,01:50-02:00,9.567008553756978
2025-08-21,15,18,02:20-03:00,89.57035467166725
2025-08-21,23,24,03:40-04:00,47.41045754892582
2025-08-21,27,27,04:20-04:30,9.894096939446968
2025-08-21,29,30,04:40-05:00,61.33360826424507
2025-08-21,33,33,05:20-05:30,23.99171762919923
2025-08-21,38,40,06:10-06:40,67.99511302427038
2025-08-21,43,44,07:00-07:20,95.96324883067348
2025-08-21,47,48,07:40-08:00,46.6578832938543
2025-08-21,53,55,08:40-09:10,139.00232021412546
2025-08-21,57,58,09:20-09:40,73.55455302107475
2025-08-21,61,62,10:00-10:20,99.03095364709588
2025-08-21,66,66,10:50-11:00,18.318681204293853
2025-08-21,70,71,11:30-11:50,35.73106619950022
2025-08-21,85,85,14:00-14:10,3.1393333333332976
2025-08-21,91,93,15:00-15:30,99.66902809110229
2025-08-21,96,96,15:50-16:00,3.837338838550181
2025-08-21,109,109,18:00-18:10,94.01084811347374
2025-08-21,112,113,18:30-18:50,65.42483024928126
2025-08-21,115,116,19:00-19:20,65.04486275073805
2025-08-21,118,119,19:30-19:50,8.61501525670701
2025-08-21,122,123,20:10-20:30,47.37078805763912
2025-08-21,125,126,20:40-21:00,28.077717173311953
2025-08-21,129,129,21:20-21:30,45.63682770101332
2025-08-21,139,140,23:00-23:20,25.55422590472449
2025-08-21,143,144,23:40-24:00,20.684362284511053
2025-08-22,2,3,00:10-00:30,34.77550790235546
2025-08-22,7,10,01:00-01:40,128.93797010790922
2025-08-22,13,14,02:00-02:20,19.499439228845745
2025-08-22,16,17,02:30-02:50,67.0236766087645
2025-08-22,22,24,03:30-04:00,100.99492828003704
2025-08-22,27,27,04:20-04:30,31.286692579850865
2025-08-22,32,34,05:10-05:40,99.22336339367975
2025-08-22,37,37,06:00-06:10,1.298985790423444
2025-08-22,40,40,06:30-06:40,3.9969617618859274
2025-08-22,43,43,07:00-07:10,38.90984237399647
2025-08-22,46,47,07:30-07:50,70.98875512849452
2025-08-22,50,51,08:10-08:30,73.90494791231947
2025-08-22,54,58,08:50-09:40,113.70707556351431
2025-08-22,61,62,10:00-10:20,19.08697874250356
2025-08-22,97,99,16:00-16:30,29.084742729306527
2025-08-22,103,103,17:00-17:10,20.58038859154408
2025-08-22,109,110,18:00-18:20,71.3058077820388
2025-08-22,113,114,18:40-19:00,106.61279236459688
2025-08-22,117,117,19:20-19:30,3.1735338427989745
2025-08-22,119,120,19:40-20:00,38.09758166864094
2025-08-22,122,123,20:10-20:30,144.3335971969998
2025-08-22,126,128,20:50-21:20,36.71440829056462
2025-08-22,133,134,22:00-22:20,51.745746644295195
2025-08-22,139,140,23:00-23:20,50.30779082116055
2025-08-23,2,3,00:10-00:30,37.07869660481663
2025-08-23,10,11,01:30-01:50,65.38119889459131
2025-08-23,14,15,02:10-02:30,38.29614705224367
2025-08-23,18,19,02:50-03:10,115.60966386366624
2025-08-23,22,23,03:30-03:50,60.84332877352274
2025-08-23,25,26,04:00-04:20,79.34116386366628
2025-08-23,29,30,04:40-05:00,60.09491267741987
2025-08-23,34,34,05:30-05:40,43.09786328088272
2025-08-23,37,38,06:00-06:20,40.34835821536666
2025-08-23,40,41,06:30-06:50,15.006942325118132
2025-08-23,44,45,07:10-07:30,71.0541716316057
2025-08-23,47,48,07:40-08:00,30.27097789182767
2025-08-23,51,56,08:20-09:20,170.41289251405283
2025-08-23,60,60,09:50-10:00,10.901606585452328
2025-08-23,62,64,10:10-10:40,75.60931288421443
2025-08-23,96,96,15:50-16:00,3.4130753341603395
2025-08-23,99,99,16:20-16:30,0.21269504446081555
2025-08-23,109,109,18:00-18:10,11.666186801834641
2025-08-23,113,114,18:40-19:00,25.621302434531117
2025-08-23,116,118,19:10-19:40,55.70620530332951
2025-08-23,121,124,20:00-20:40,41.57444599289363
2025-08-23,127,131,21:00-21:50,102.27892716146869
2025-08-23,134,134,22:10-22:20,17.383533866298308
2025-08-23,137,138,22:40-23:00,12.223954441373849
2025-08-23,142,142,23:30-23:40,41.85206078431361
2025-08-24,2,2,00:10-00:20,0.7438023621527918
2025-08-24,7,7,01:00-01:10,30.79701900250018
2025-08-24,12,14,01:50-02:20,36.469829997367924
2025-08-24,21,21,03:20-03:30,5.484926391630552
2025-08-24,33,33,05:20-05:30,2.6711271219896844
2025-08-24,36,38,05:50-06:20,51.33066154475182
2025-08-24,40,41,06:30-06:50,15.203823823623395
2025-08-24,45,46,07:20-07:40,48.716296651815014
2025-08-24,49,50,08:00-08:20,71.73490331622577
2025-08-24,53,54,08:40-09:00,129.09728333427347
2025-08-24,57,57,09:20-09:30,56.95627192205802
2025-08-24,60,61,09:50-10:10,150.5946172795293
2025-08-24,64,64,10:30-10:40,119.13802165510492
2025-08-24,86,86,14:10-14:20,20.754166666666606
2025-08-24,88,89,14:30-14:50,22.95327607485956
2025-08-24,92,92,15:10-15:20,10.079399692628385
2025-08-24,99,99,16:20-16:30,13.03176069313588
2025-08-24,102,102,16:50-17:00,27.06997574774863
2025-08-24,108,109,17:50-18:10,43.50415182824797
2025-08-24,112,113,18:30-18:50,11.803661775985447
2025-08-24,117,119,19:20-19:50,90.49074831650762
2025-08-24,124,126,20:30-21:00,41.977774707198364
2025-08-24,128,129,21:10-21:30,46.04568314251901
2025-08-24,134,134,22:10-22:20,18.76720108566883
2025-08-24,139,140,23:00-23:20,122.85812068693212
2025-08-24,143,143,23:40-23:50,6.570497006184837
2025-08-25,6,7,00:50-01:10,18.65941987103554
2025-08-25,24,25,03:50-04:10,28.669850400428444
2025-08-25,29,29,04:40-04:50,23.874375868994434
2025-08-25,33,33,05:20-05:30,32.568088819017476
2025-08-25,37,39,06:00-06:30,83.93079754384951
2025-08-25,43,44,07:00-07:20,41.13977852818982
2025-08-25,48,48,07:50-08:00,28.700023221100878
2025-08-25,54,56,08:50-09:20,63.55450532400948
2025-08-25,59,64,09:40-10:40,149.7898688116852
2025-08-25,71,72,11:40-12:00,81.54785945801132
2025-08-25,85,88,14:00-14:40,71.57019722801886
2025-08-25,90,90,14:50-15:00,1.4870134660581016
2025-08-25,92,92,15:10-15:20,33.15778273645037
2025-08-25,95,96,15:40-16:00,77.92933090538202
2025-08-25,100,100,16:30-16:40,19.701133744101753
2025-08-25,106,107,17:30-17:50,87.12883808489818
2025-08-25,115,117,19:00-19:30,79.24393407027253
2025-08-25,121,123,20:00-20:30,17.97230754046609
2025-08-25,125,126,20:40-21:00,3.666139899986888
2025-08-25,131,132,21:40-22:00,36.92607516120552
2025-08-25,137,137,22:40-22:50,18.00927395709948
2025-08-25,139,139,23:00-23:10,17.97587851033029
2025-08-25,143,144,23:40-24:00,17.262402954336153
2025-08-26,6,8,00:50-01:20,59.78860012501627
2025-08-26,17,18,02:40-03:00,8.060994775628387
2025-08-26,26,26,04:10-04:20,20.496247190419922
2025-08-26,36,37,05:50-06:10,97.97206932773133
2025-08-26,40,40,06:30-06:40,35.01507190419784
2025-08-26,43,44,07:00-07:20,82.9373051754933
2025-08-26,47,47,07:40-07:50,4.231652389412147
2025-08-26,50,51,08:10-08:30,71.90491760851955
2025-08-26,55,57,09:00-09:30,18.54190828680464
2025-08-26,63,64,10:20-10:40,102.22098682721412
2025-08-26,88,88,14:30-14:40,2.474134032673419
2025-08-26,97,98,16:00-16:20,59.13054798563758
2025-08-26,100,103,16:30-17:10,79.95213067508882
2025-08-26,106,107,17:30-17:50,31.115269612542875
2025-08-26,109,110,18:00-18:20,34.91529967382895
2025-08-26,114,115,18:50-19:10,45.7256299419098
2025-08-26,118,120,19:30-20:00,63.41040136860113
2025-08-26,124,124,20:30-20:40,52.15344962495044
2025-08-26,127,128,21:00-21:20,55.70092380576398
2025-08-26,133,133,22:00-22:10,6.196352454270254
2025-08-26,137,137,22:40-22:50,59.67052184497959
2025-08-26,140,140,23:10-23:20,12.751865929727728
2025-08-26,144,144,23:50-24:00,27.086023542571297
2025-08-27,8,8,01:10-01:20,24.89508072772719
2025-08-27,14,14,02:10-02:20,2.8800220357943545
2025-08-27,32,32,05:10-05:20,18.145022847931045
2025-08-27,36,37,05:50-06:10,34.983159925177915
2025-08-27,40,42,06:30-07:00,73.43918330419427
2025-08-27,45,45,07:20-07:30,2.9189903116953815
2025-08-27,47,48,07:40-08:00,126.10018650950292
2025-08-27,51,54,08:20-09:00,122.73450018705478
2025-08-27,57,57,09:20-09:30,51.84081261820211
2025-08-27,60,60,09:50-10:00,4.623074804955195
2025-08-27,63,65,10:20-10:50,124.1389036865753
2025-08-27,86,87,14:10-14:30,118.73193362660527
2025-08-27,103,104,17:00-17:20,18.391271379147128
2025-08-27,111,111,18:20-18:30,34.239434794051704
2025-08-27,114,114,18:50-19:00,36.86167734758328
2025-08-27,117,117,19:20-19:30,35.038687172184495
2025-08-27,119,120,19:40-20:00,12.363045732521073
2025-08-27,123,124,20:20-20:40,16.71755380689183
2025-08-27,127,127,21:00-21:10,23.069012041057817
2025-08-27,130,131,21:30-21:50,53.473595163837444
2025-08-27,134,134,22:10-22:20,5.6212293722859386
2025-08-27,139,140,23:00-23:20,39.30615402026592
2025-08-27,142,142,23:30-23:40,0.025360751415064442
2025-08-28,6,7,00:50-01:10,89.80209594025541
2025-08-28,10,10,01:30-01:40,48.984195321752736
2025-08-28,27,28,04:20-04:40,10.658340215817878
2025-08-28,36,36,05:50-06:00,41.79399267948804
2025-08-28,41,42,06:40-07:00,29.905802754122078
2025-08-28,45,47,07:20-07:50,42.821262652981034
2025-08-28,50,50,08:10-08:20,2.1410803686575264
2025-08-28,54,56,08:50-09:20,179.37605181790877
2025-08-28,58,60,09:30-10:00,79.89136876562713
2025-08-28,62,63,10:10-10:30,68.53172908935403
2025-08-28,65,67,10:40-11:10,111.91666723535036
2025-08-28,71,73,11:40-12:10,81.3943675502419
2025-08-28,80,82,13:10-13:40,107.8763253275813
2025-08-28,86,87,14:10-14:30,111.60976943958804
2025-08-28,89,90,14:40-15:00,94.11629771492517
2025-08-28,103,104,17:00-17:20,79.6386379805613
2025-08-28,108,108,17:50-18:00,2.7607645319872773
2025-08-28,113,114,18:40-19:00,56.33786507339997
2025-08-28,117,117,19:20-19:30,34.17607448818467
2025-08-28,119,121,19:40-20:10,90.13157768127382
2025-08-28,124,124,20:30-20:40,14.202186142913433
2025-08-28,127,130,21:00-21:40,99.17752695749436
2025-08-28,134,134,22:10-22:20,12.563905678378774
2025-08-28,137,138,22:40-23:00,113.85684261086965
2025-08-28,141,141,23:20-23:30,11.995264508488162
2025-08-29,4,5,00:30-00:50,92.40389529543381
2025-08-29,9,9,01:20-01:30,9.959115271746214
2025-08-29,12,13,01:50-02:10,39.21941025134879
2025-08-29,16,17,02:30-02:50,36.24005631662055
2025-08-29,20,24,03:10-04:00,81.84571785761239
2025-08-29,28,28,04:30-04:40,29.90689621754752
2025-08-29,31,33,05:00-05:30,38.472549019607726
2025-08-29,35,38,05:40-06:20,74.93296550579981
2025-08-29,41,45,06:40-07:30,85.50510742860911
2025-08-29,50,52,08:10-08:40,54.391192695467566
2025-08-29,55,56,09:00-09:20,50.64191900907986
2025-08-29,59,60,09:40-10:00,25.24942653356652
2025-08-29,63,63,10:20-10:30,31.277638527625868
2025-08-29,102,102,16:50-17:00,18.209138091478223
2025-08-29,109,110,18:00-18:20,27.511251046190548
2025-08-29,112,112,18:30-18:40,26.846028701144974
2025-08-29,115,117,19:00-19:30,61.187662192393645
2025-08-29,120,121,19:50-20:10,88.99641556407823
2025-08-29,124,125,20:30-20:50,43.87303349124886
2025-08-29,129,129,21:20-21:30,28.143179122252945
2025-08-29,131,132,21:40-22:00,37.344696782471146
2025-08-29,136,137,22:30-22:50,22.20763183313602
2025-08-29,140,140,23:10-23:20,10.337980003948132
2025-08-29,142,142,23:30-23:40,5.292717943150365
2025-08-30,1,1,00:00-00:10,17.603671134359956
2025-08-30,4,6,00:30-01:00,77.2788623503094
2025-08-30,9,10,01:20-01:40,40.08061251480444
2025-08-30,13,14,02:00-02:20,13.461303105671846
2025-08-30,20,21,03:10-03:30,35.812960817213025
2025-08-30,24,26,03:50-04:20,107.3808145084881
2025-08-30,31,33,05:00-05:30,82.01524476904855
2025-08-30,37,37,06:00-06:10,36.4855012924632
2025-08-30,40,41,06:30-06:50,21.437570866467496
2025-08-30,43,43,07:00-07:10,13.883836415505698
2025-08-30,46,47,07:30-07:50,28.517753643336732
2025-08-30,49,50,08:00-08:20,31.271354104863576
2025-08-30,52,52,08:30-08:40,9.907428505630492
2025-08-30,55,56,09:00-09:20,129.79246766679807
2025-08-30,61,61,10:00-10:10,13.069341494181117
2025-08-30,106,106,17:30-17:40,22.292930511533683
2025-08-30,109,110,18:00-18:20,43.352954443253736
2025-08-30,114,116,18:50-19:20,104.54231347075745
2025-08-30,121,121,20:00-20:10,33.04976183708368
2025-08-30,124,125,20:30-20:50,84.50239281484392
2025-08-30,128,131,21:10-21:50,67.09935502697749
2025-08-30,136,136,22:30-22:40,31.524629010395984
2025-08-30,140,141,23:10-23:30,97.8723018423475
2025-08-31,6,8,00:50-01:20,23.26328050401378
2025-08-31,11,12,01:40-02:00,8.442262745097992
2025-08-31,27,27,04:20-04:30,16.387382550335474
2025-08-31,35,36,05:40-06:00,26.229148033575864
2025-08-31,38,39,06:10-06:30,13.95465301543436
2025-08-31,42,44,06:50-07:20,104.02210146541847
2025-08-31,46,46,07:30-07:40,23.257852918617345
2025-08-31,51,52,08:20-08:40,33.06498823999368
2025-08-31,55,59,09:00-09:50,248.82722386028217
2025-08-31,62,63,10:10-10:30,47.012340988476126
2025-08-31,65,65,10:40-10:50,4.094269959393159
2025-08-31,88,89,14:30-14:50,125.94248521421946
2025-08-31,114,116,18:50-19:20,24.740355941571124
2025-08-31,120,121,19:50-20:10,70.42775320718908
2025-08-31,124,125,20:30-20:50,42.396501960784235
2025-08-31,128,130,21:10-21:40,66.49722181866025
2025-08-31,134,134,22:10-22:20,20.672872200289362
2025-08-31,137,138,22:40-23:00,36.478940794841606
2025-09-01,38,39,06:10-06:30,50.179060263568886
2025-09-01,48,50,07:50-08:20,104.95409674111227
2025-09-01,52,52,08:30-08:40,1.3521713900327086
2025-09-01,56,61,09:10-10:10,293.2612014588385
2025-09-01,115,115,19:00-19:10,34.15894449269672
2025-09-01,118,119,19:30-19:50,45.33510576955621
2025-09-01,124,124,20:30-20:40,20.906804895380787
2025-09-01,127,128,21:00-21:20,43.09433271483101
2025-09-01,131,131,21:40-21:50,3.505881675220394
2025-09-01,134,134,22:10-22:20,9.558120561915985
2025-09-01,139,140,23:00-23:20,51.76689332148953
2025-09-01,142,142,23:30-23:40,3.142877345703482
2025-09-02,36,36,05:50-06:00,2.8376310943169756
2025-09-02,39,41,06:20-06:50,52.167899334499054
2025-09-02,49,49,08:00-08:10,19.497930704228224
2025-09-02,52,53,08:30-08:50,45.69901023724924
2025-09-02,55,55,09:00-09:10,15.277111834263792
2025-09-02,58,59,09:30-09:50,56.3907890399114
2025-09-02,61,62,10:00-10:20,30.306733181057325
2025-09-02,115,115,19:00-19:10,10.69411215949458
2025-09-02,118,119,19:30-19:50,23.276193251931545
2025-09-02,123,124,20:20-20:40,46.27299989190328
2025-09-02,127,127,21:00-21:10,9.278185419133933
2025-09-02,130,131,21:30-21:50,42.901685458613315
2025-09-02,134,134,22:10-22:20,15.679618120805571
2025-09-02,139,139,23:00-23:10,14.046473167521981
2025-09-02,142,142,23:30-23:40,57.81534592051571
2025-09-03,38,40,06:10-06:40,44.06919116143115
2025-09-03,43,44,07:00-07:20,32.20234045363094
2025-09-03,46,46,07:30-07:40,26.509662934032804
2025-09-03,53,56,08:40-09:20,143.22374698456588
2025-09-03,58,58,09:30-09:40,38.70940489162126
2025-09-03,61,61,10:00-10:10,19.452419881375363
2025-09-03,64,65,10:30-10:50,94.59926640629419
2025-09-03,88,88,14:30-14:40,6.407420034591041
2025-09-03,114,114,18:50-19:00,22.133605033556933
2025-09-03,119,121,19:40-20:10,39.33241614498115
2025-09-03,124,125,20:30-20:50,101.11448707066734
2025-09-03,130,131,21:30-21:50,8.84439334780916
2025-09-03,134,134,22:10-22:20,7.190475950783025
2025-09-03,137,137,22:40-22:50,40.46995189498625
2025-09-04,37,38,06:00-06:20,50.57570534938816
2025-09-04,40,40,06:30-06:40,30.134769718760367
2025-09-04,43,44,07:00-07:20,34.61499345778594
2025-09-04,46,48,07:30-08:00,75.13165987535967
2025-09-04,51,51,08:20-08:30,27.240017474103865
2025-09-04,57,57,09:20-09:30,32.75813753219359
2025-09-04,61,62,10:00-10:20,128.9187672353503
2025-09-04,65,65,10:40-10:50,37.00706139623617
2025-09-04,88,88,14:30-14:40,10.84578333333343
2025-09-04,114,115,18:50-19:10,10.537519512905874
2025-09-04,118,119,19:30-19:50,78.32242904611508
2025-09-04,121,121,20:00-20:10,18.695497920779076
2025-09-04,124,125,20:30-20:50,49.114619976312724
2025-09-04,130,131,21:30-21:50,45.3295140018422
2025-09-04,134,134,22:10-22:20,19.33460855375722
2025-09-04,137,137,22:40-22:50,15.372250539544666
2025-09-04,139,140,23:00-23:20,39.1760895183578
2025-09-04,143,144,23:40-24:00,47.36710375049324
2025-09-05,3,4,00:20-00:40,38.87463955125668
2025-09-05,8,9,01:10-01:30,18.451251138307725
2025-09-05,29,31,04:40-05:10,80.99804107871358
2025-09-05,34,38,05:30-06:20,128.10244171695513
2025-09-05,41,42,06:40-07:00,43.411507283852984
2025-09-05,46,47,07:30-07:50,87.01785975974269
2025-09-05,49,52,08:00-08:40,24.28280362265707
2025-09-05,55,55,09:00-09:10,5.76867856766853
2025-09-05,109,109,18:00-18:10,3.6646998091855494
2025-09-05,113,115,18:40-19:10,98.76972807700236
2025-09-05,118,119,19:30-19:50,77.14430490572045
2025-09-05,121,121,20:00-20:10,2.002439994924316
2025-09-05,124,125,20:30-20:50,52.922786313988695
2025-09-05,128,129,21:10-21:30,28.55718725490192
2025-09-05,131,131,21:40-21:50,5.825465738913067
2025-09-05,134,134,22:10-22:20,3.324238498486693
2025-09-05,139,140,23:00-23:20,42.14177521384386
2025-09-05,142,143,23:30-23:50,26.07199974996729
2025-09-06,3,3,00:20-00:30,56.75521204763777
2025-09-06,5,6,00:40-01:00,45.0041988616922
2025-09-06,26,27,04:10-04:30,9.387533166018104
2025-09-06,29,31,04:40-05:10,60.71242941740468
2025-09-06,34,35,05:30-05:50,62.31141598518593
2025-09-06,38,40,06:10-06:40,43.6583681828437
2025-09-06,43,46,07:00-07:40,116.45478594645937
2025-09-06,49,50,08:00-08:20,46.54464294926015
2025-09-06,53,54,08:40-09:00,129.13482531536113
2025-09-06,56,57,09:10-09:30,57.80319108153333
2025-09-06,109,109,18:00-18:10,47.01690880003025
2025-09-06,112,113,18:30-18:50,9.692557881676228
2025-09-06,117,119,19:20-19:50,140.24616677852345
2025-09-06,125,129,20:40-21:30,60.28437938544539
2025-09-06,137,137,22:40-22:50,18.769857481247413
2025-09-06,139,139,23:00-23:10,44.83874951309383
2025-09-06,142,143,23:30-23:50,47.34332587182507
2025-09-07,32,33,05:10-05:30,4.270456712349219
2025-09-07,36,36,05:50-06:00,25.663358159908285
2025-09-07,39,41,06:20-06:50,49.89528113661572
2025-09-07,44,45,07:10-07:30,19.06790578929548
2025-09-07,47,49,07:40-08:10,164.8928496484499
2025-09-07,54,55,08:50-09:10,73.6333186791494
2025-09-07,58,59,09:30-09:50,38.79790996277666
2025-09-07,61,61,10:00-10:10,39.569553277686964
2025-09-07,65,65,10:40-10:50,3.1539992254627123
2025-09-07,68,68,11:10-11:20,0.336836405166423
2025-09-07,117,117,19:20-19:30,1.4629685607126248
2025-09-07,119,120,19:40-20:00,29.726467077435018
2025-09-07,125,127,20:40-21:10,107.1325035070405
2025-09-07,131,131,21:40-21:50,15.00309237399631
2025-09-07,139,140,23:00-23:20,62.562757672061934
2025-09-07,143,144,23:40-24:00,40.64695980392162
2025-09-08,28,28,04:30-04:40,1.1981377023294044
2025-09-08,31,31,05:00-05:10,39.02290446769314
2025-09-08,35,35,05:40-05:50,9.085253599157669
2025-09-08,37,37,06:00-06:10,11.010931058597862
2025-09-08,40,43,06:30-07:10,63.54351180606449
2025-09-08,46,46,07:30-07:40,9.769304486492615
2025-09-08,49,50,08:00-08:20,73.3481108162731
2025-09-08,52,55,08:30-09:10,72.3627911341714
2025-09-08,58,60,09:30-10:00,130.9864176207393
2025-09-08,64,64,10:30-10:40,73.1123429962588
2025-09-08,67,67,11:00-11:10,9.496590275975677
2025-09-08,87,90,14:20-15:00,78.37826110202514
2025-09-08,99,101,16:20-16:50,25.300717682777304
2025-09-08,105,107,17:20-17:50,37.20574452653547
2025-09-08,111,111,18:20-18:30,31.428740953697
2025-09-08,117,118,19:20-19:40,7.676044249243205
2025-09-08,121,122,20:00-20:20,48.95945619160432
2025-09-08,125,126,20:40-21:00,67.46270879721021
2025-09-08,129,130,21:20-21:40,28.335218068166682
2025-09-08,134,134,22:10-22:20,2.527625200684156
2025-09-08,137,137,22:40-22:50,38.56305532964859
2025-09-08,143,144,23:40-24:00,83.82488474141314
2025-09-09,12,12,01:50-02:00,0.6741834451903514
2025-09-09,19,19,03:00-03:10,5.435942814844111
2025-09-09,30,30,04:50-05:00,2.197082510856717
2025-09-09,36,37,05:50-06:10,26.54638571428586
2025-09-09,39,41,06:20-06:50,32.090031968491985
2025-09-09,43,45,07:00-07:30,55.08415956986801
2025-09-09,49,49,08:00-08:10,19.571090332374865
2025-09-09,52,52,08:30-08:40,0.04376505179243395
2025-09-09,56,58,09:10-09:40,48.89259710958163
2025-09-09,65,66,10:40-11:00,115.87361235406911
2025-09-09,88,89,14:30-14:50,69.44112668020239
2025-09-09,98,98,16:10-16:20,31.014903443121966
2025-09-09,100,100,16:30-16:40,7.164435954918929
2025-09-09,116,117,19:10-19:30,14.658214171037457
2025-09-09,121,122,20:00-20:20,104.00225756678526
2025-09-09,126,129,20:50-21:30,55.45002960915929
2025-09-09,131,131,21:40-21:50,7.646146466640403
2025-09-09,137,137,22:40-22:50,16.71871169890767
2025-09-09,139,139,23:00-23:10,2.499934129490839
2025-09-09,142,144,23:30-24:00,117.06338333991323
2025-09-10,22,22,03:30-03:40,8.948695367811638
2025-09-10,36,36,05:50-06:00,37.713082677231796
2025-09-10,38,39,06:10-06:30,64.43972957062044
2025-09-10,42,44,06:50-07:20,63.96037769067374
2025-09-10,49,52,08:00-08:40,96.21197130825487
2025-09-10,55,58,09:00-09:40,160.2360204622783
2025-09-10,61,62,10:00-10:20,60.36094582463875
2025-09-10,66,66,10:50-11:00,31.003112126595624
2025-09-10,69,69,11:20-11:30,15.80121657924883
2025-09-10,73,73,12:00-12:10,8.235616875340611
2025-09-10,76,77,12:30-12:50,122.56422445340559
2025-09-10,79,80,13:00-13:20,142.670838794578
2025-09-10,83,84,13:40-14:00,60.92112693117576
2025-09-10,90,90,14:50-15:00,5.978246797510792
2025-09-10,93,93,15:20-15:30,15.448595693042762
2025-09-10,96,96,15:50-16:00,42.96877073299129
2025-09-10,99,99,16:20-16:30,5.298955753576706
2025-09-10,102,105,16:50-17:30,74.31005452127158
2025-09-10,108,108,17:50-18:00,45.70447268625576
2025-09-10,117,118,19:20-19:40,68.6803042608991
2025-09-10,121,123,20:00-20:30,108.83985787603615
2025-09-10,126,126,20:50-21:00,48.58403632056854
2025-09-10,129,130,21:20-21:40,57.491659527569595
2025-09-10,134,134,22:10-22:20,2.4529220028953205
2025-09-10,137,137,22:40-22:50,29.45665116462726
2025-09-10,142,144,23:30-24:00,52.00131398868234
2025-09-11,12,12,01:50-02:00,11.836650875115083
2025-09-11,37,38,06:00-06:20,40.31492394300017
2025-09-11,40,41,06:30-06:50,15.878110809692998
2025-09-11,48,51,07:50-08:30,170.23007809674186
2025-09-11,55,55,09:00-09:10,1.0067943451210795
2025-09-11,59,59,09:40-09:50,4.339290474310019
2025-09-11,62,63,10:10-10:30,37.74312997856828
2025-09-11,65,66,10:40-11:00,25.678021973754994
2025-09-11,105,105,17:20-17:30,11.47215345534184
2025-09-11,114,116,18:50-19:20,39.89564517041731
2025-09-11,119,120,19:40-20:00,47.30270876525117
2025-09-11,122,123,20:10-20:30,64.68005834602309
2025-09-11,126,128,20:50-21:20,56.888679069614795
2025-09-11,134,134,22:10-22:20,11.923012100276424
2025-09-11,136,136,22:30-22:40,29.69514049874988
2025-09-11,139,140,23:00-23:20,90.82573717594437
2025-09-11,143,144,23:40-24:00,32.009781727859036
2025-09-12,2,3,00:10-00:30,62.821129339386744
2025-09-12,6,7,00:50-01:10,22.123676411369843
2025-09-12,10,11,01:30-01:50,31.10421700881693
2025-09-12,13,16,02:00-02:40,43.83693131991066
2025-09-12,20,24,03:10-04:00,35.64835739570998
2025-09-12,27,27,04:20-04:30,19.05163872971997
2025-09-12,30,31,04:50-05:10,48.81729860977953
2025-09-12,34,36,05:30-06:00,40.26907316282211
2025-09-12,39,41,06:20-06:50,52.98923065722951
2025-09-12,44,46,07:10-07:40,95.0481968642489
2025-09-12,49,50,08:00-08:20,14.937107186095886
2025-09-12,52,53,08:30-08:50,25.207870210365968
2025-09-12,56,56,09:10-09:20,4.6068752213634525
2025-09-12,60,63,09:50-10:30,135.90384991634255
2025-09-12,104,104,17:10-17:20,9.56382836087451
2025-09-12,108,108,17:50-18:00,16.166067762675606
2025-09-12,111,111,18:20-18:30,43.274037939202344
2025-09-12,114,116,18:50-19:20,24.05586852217357
2025-09-12,121,123,20:00-20:30,71.51191011975249
2025-09-12,126,128,20:50-21:20,83.32330875115144
2025-09-12,131,131,21:40-21:50,13.272745716541635
2025-09-12,137,137,22:40-22:50,12.133404046584985
2025-09-12,139,140,23:00-23:20,19.872501743650787
2025-09-12,144,144,23:50-24:00,16.556417285169346
2025-09-13,2,2,00:10-00:20,3.562142814844094
2025-09-13,5,5,00:40-00:50,11.108729931569883
2025-09-13,8,9,01:10-01:30,52.237293216212606
2025-09-13,12,13,01:50-02:10,17.209935517831354
2025-09-13,16,18,02:30-03:00,40.73869324911169
2025-09-13,20,21,03:10-03:30,36.20170102645102
2025-09-13,25,26,04:00-04:20,74.47135331246585
2025-09-13,29,31,04:40-05:10,24.60270017107507
2025-09-13,34,40,05:30-06:40,76.3219903774932
2025-09-13,44,45,07:10-07:30,18.214208935386296
2025-09-13,47,49,07:40-08:10,87.44517580414697
2025-09-13,52,52,08:30-08:40,21.00911540052266
2025-09-13,58,59,09:30-09:50,46.99819414020658
2025-09-13,62,62,10:10-10:20,9.651233333333494
2025-09-13,97,97,16:00-16:10,27.470154257139143
2025-09-13,101,103,16:40-17:10,48.822014378771684
2025-09-13,106,107,17:30-17:50,61.43661906923825
2025-09-13,111,112,18:20-18:40,63.97418458913762
2025-09-13,115,116,19:00-19:20,43.72250352677986
2025-09-13,120,122,19:50-20:20,45.58737955652049
2025-09-13,125,126,20:40-21:00,54.941173207000816
2025-09-13,129,132,21:20-22:00,67.25241977891824
2025-09-13,137,137,22:40-22:50,21.286867272009374
2025-09-13,140,140,23:10-23:20,5.388939617054859
2025-09-13,144,144,23:50-24:00,24.216116627187603
2025-09-14,7,8,01:00-01:20,50.36159219634203
2025-09-14,11,11,01:40-01:50,5.154917686537715
2025-09-14,17,18,02:40-03:00,20.421343466245503
2025-09-14,21,22,03:20-03:40,18.249270272404146
2025-09-14,24,25,03:50-04:10,34.138112103710796
2025-09-14,28,29,04:30-04:50,66.39104067546461
2025-09-14,32,33,05:10-05:30,70.21165037504956
2025-09-14,36,36,05:50-06:00,24.98541726824942
2025-09-14,38,39,06:10-06:30,57.58644525313491
2025-09-14,42,42,06:50-07:00,3.0984711465794703
2025-09-14,45,49,07:20-08:10,106.78008085462423
2025-09-14,52,53,08:30-08:50,68.34983365386415
2025-09-14,55,55,09:00-09:10,27.92246873742772
2025-09-14,58,60,09:30-10:00,106.22412112496045
2025-09-14,65,66,10:40-11:00,40.890121824300195
2025-09-14,68,69,11:10-11:30,77.12439168593596
2025-09-14,72,75,11:50-12:30,76.9549780516229
2025-09-14,78,78,12:50-13:00,12.194021610926256
2025-09-14,103,103,17:00-17:10,10.557438570864605
2025-09-14,107,108,17:40-18:00,15.88943321113653
2025-09-14,110,111,18:10-18:30,70.9348062508227
2025-09-14,114,115,18:50-19:10,66.73114877333501
2025-09-14,119,120,19:40-20:00,100.68638145338696
2025-09-14,125,126,20:40-21:00,98.87496409395987
2025-09-14,129,134,21:20-22:20,92.49895572443745
2025-09-14,139,140,23:00-23:20,29.733945519147255
2025-09-14,144,144,23:50-24:00,36.87286836425835
2025-09-15,4,5,00:30-00:50,88.17195557968125
2025-09-15,8,11,01:10-01:50,93.93945275694159
2025-09-15,16,17,02:30-02:50,11.00886985787622
2025-09-15,20,22,03:10-03:40,62.504589985524376
2025-09-15,25,26,04:00-04:20,13.168488768259195
2025-09-15,29,30,04:40-05:00,15.727265666535102
2025-09-15,33,36,05:20-06:00,95.17542484161396
2025-09-15,39,40,06:20-06:40,49.773215171169454
2025-09-15,43,44,07:00-07:20,41.79078558550958
2025-09-15,47,48,07:40-08:00,5.317428464271757
2025-09-15,52,53,08:30-08:50,142.84308485327017
2025-09-15,57,57,09:20-09:30,15.065011712067644
2025-09-15,62,62,10:10-10:20,5.1673267450605636
2025-09-15,66,66,10:50-11:00,56.42777258755859
2025-09-15,88,90,14:30-15:00,54.75607747447975
2025-09-15,95,96,15:40-16:00,32.15519934389886
2025-09-15,105,105,17:20-17:30,29.688194616772904
2025-09-15,107,108,17:40-18:00,83.57925115992686
2025-09-15,111,113,18:20-18:50,48.2404219699961
2025-09-15,118,119,19:30-19:50,79.69603930780374
2025-09-15,121,130,20:00-21:40,786.6140692792064
2025-09-15,134,136,22:10-22:40,79.00537922095009
2025-09-15,140,141,23:10-23:30,78.75498129359119
2025-09-15,144,144,23:50-24:00,11.566086932491203
2025-09-16,2,2,00:10-00:20,29.74790640873789
2025-09-16,6,7,00:50-01:10,32.784778951177714
2025-09-16,10,12,01:30-02:00,50.79671601526525
2025-09-16,15,16,02:20-02:40,50.304052941176565
2025-09-16,19,19,03:00-03:10,46.490376385050354
2025-09-16,22,25,03:30-04:10,72.13885572443735
2025-09-16,28,28,04:30-04:40,10.991397183839808
2025-09-16,31,35,05:00-05:50,21.7038876919894
2025-09-16,37,39,06:00-06:30,16.72645510217501
2025-09-16,41,42,06:40-07:00,39.43716750982259
2025-09-16,45,46,07:20-07:40,44.23428829733251
2025-09-16,53,56,08:40-09:20,73.79825196830393
2025-09-16,59,60,09:40-10:00,93.72686330344277
2025-09-16,63,65,10:20-10:50,185.32351170172797
2025-09-16,67,72,11:00-12:00,119.62146687534073
2025-09-16,75,75,12:20-12:30,57.140481138495716
2025-09-16,79,79,13:00-13:10,4.372608736111943
2025-09-16,88,88,14:30-14:40,28.867251563175955
2025-09-16,91,93,15:00-15:30,31.7827190775364
2025-09-16,97,97,16:00-16:10,39.27599643844144
2025-09-16,102,102,16:50-17:00,1.6277286250070233
2025-09-16,104,105,17:10-17:30,34.4117045663904
2025-09-16,108,108,17:50-18:00,2.976656156825449
2025-09-16,111,112,18:20-18:40,80.41832571109002
2025-09-16,115,116,19:00-19:20,76.27973549151181
2025-09-16,119,120,19:40-20:00,23.272379628898307
2025-09-16,122,128,20:10-21:20,607.995568399593
2025-09-16,130,131,21:30-21:50,84.13227883787333
2025-09-16,134,135,22:10-22:30,32.914308902487164
2025-09-16,138,138,22:50-23:00,22.48318265561238
2025-09-16,140,141,23:10-23:30,46.84822254244
2025-09-16,143,144,23:40-24:00,52.99112048295808
2025-09-17,3,3,00:20-00:30,5.207730550072256
2025-09-17,6,7,00:50-01:10,51.03516618634012
2025-09-17,11,13,01:40-02:10,26.402331438347346
2025-09-17,16,17,02:30-02:50,43.851810165811344
2025-09-17,20,21,03:10-03:30,61.42545664561101
2025-09-17,24,24,03:50-04:00,12.586230273720162
2025-09-17,26,27,04:10-04:30,20.320283886037714
2025-09-17,29,30,04:40-05:00,25.0739922555598
2025-09-17,32,33,05:10-05:30,36.98047520726391
2025-09-17,35,36,05:40-06:00,40.402207175756075
2025-09-17,39,41,06:20-06:50,42.200085500911996
2025-09-17,45,47,07:20-07:50,27.39290763070352
2025-09-17,49,51,08:00-08:30,58.7471931692138
2025-09-17,53,54,08:40-09:00,52.67688136314962
2025-09-17,57,61,09:20-10:10,125.04176753477685
2025-09-17,65,66,10:40-11:00,32.311681468427196
2025-09-17,68,69,11:10-11:30,47.34433467749591
2025-09-17,77,78,12:40-13:00,61.343861649089376
2025-09-17,80,82,13:10-13:40,108.09567522700354
2025-09-17,96,96,15:50-16:00,32.046469060779145
2025-09-17,99,100,16:20-16:40,8.783561927321784
2025-09-17,106,106,17:30-17:40,14.062742284699212
2025-09-17,109,110,18:00-18:20,54.46436289079397
2025-09-17,113,115,18:40-19:10,36.400249616490825
2025-09-17,119,121,19:40-20:10,50.34029958547194
2025-09-17,124,124,20:30-20:40,129.3591726378179
2025-09-17,127,128,21:00-21:20,93.62046452822722
2025-09-17,130,131,21:30-21:50,26.08565691538365
2025-09-17,136,137,22:30-22:50,77.88811247532578
2025-09-17,140,141,23:10-23:30,48.73041725227017
2025-09-17,144,144,23:50-24:00,10.338717232530485
2025-09-18,4,5,00:30-00:50,31.962017844453385
2025-09-18,8,10,01:10-01:40,21.215264475589038
2025-09-18,13,14,02:00-02:20,31.514788176075626
2025-09-18,16,17,02:30-02:50,32.13279985524423
2025-09-18,20,24,03:10-04:00,59.79460186866686
2025-09-18,28,30,04:30-05:00,34.19533162258209
2025-09-18,32,33,05:10-05:30,78.86860797191343
2025-09-18,36,37,05:50-06:10,78.56744480476766
2025-09-18,40,40,06:30-06:40,5.534195613144448
2025-09-18,44,45,07:10-07:30,20.526001574455506
2025-09-18,48,50,07:50-08:20,33.013381822796305
2025-09-18,53,54,08:40-09:00,101.16861503299299
2025-09-18,56,57,09:10-09:30,61.71448506476395
2025-09-18,59,60,09:40-10:00,89.73175268550403
2025-09-18,64,65,10:30-10:50,54.04508464365608
2025-09-18,73,73,12:00-12:10,3.91373737145841
2025-09-18,88,89,14:30-14:50,5.417103672475719
2025-09-18,102,102,16:50-17:00,19.85322196999624
2025-09-18,105,105,17:20-17:30,23.886717873579983
2025-09-18,110,111,18:10-18:30,29.786450488600675
2025-09-18,113,115,18:40-19:10,74.64508142988745
2025-09-18,118,118,19:30-19:40,38.78177466677937
2025-09-18,121,122,20:00-20:20,99.1805315502038
2025-09-18,124,127,20:30-21:10,201.8627377836632
2025-09-18,129,131,21:20-21:50,169.14345944203183
2025-09-18,134,134,22:10-22:20,45.63270502039779
2025-09-18,139,139,23:00-23:10,11.06526977233841
2025-09-18,142,142,23:30-23:40,42.14821803526797
2025-09-19,2,3,00:10-00:30,36.05346713383335
2025-09-19,5,7,00:40-01:10,97.79603959073586
2025-09-19,10,11,01:30-01:50,77.53210809317017
2025-09-19,15,18,02:20-03:00,83.2094428740624
2025-09-19,22,22,03:30-03:40,9.045361718647143
2025-09-19,26,28,04:10-04:40,85.43106297539154
2025-09-19,30,30,04:50-05:00,1.0922282555974334
2025-09-19,33,33,05:20-05:30,28.46176977609838
2025-09-19,36,38,05:50-06:20,23.751725514635382
2025-09-19,44,48,07:10-08:00,118.99691055120053
2025-09-19,52,53,08:30-08:50,26.685546159269165
2025-09-19,55,62,09:00-10:20,58.79028364352473
2025-09-19,64,67,10:30-11:10,70.10262115033947
2025-09-19,96,97,15:50-16:10,57.3066925046528
2025-09-19,101,102,16:40-17:00,79.2227110127273
2025-09-19,105,106,17:20-17:40,45.45000143533922
2025-09-19,109,110,18:00-18:20,29.980447935818347
2025-09-19,112,112,18:30-18:40,26.284949704848145
2025-09-19,115,115,19:00-19:10,33.540625451657206
2025-09-19,118,119,19:30-19:50,48.14825605248802
2025-09-19,121,126,20:00-21:00,217.33821012975346
2025-09-19,128,129,21:10-21:30,62.256220246085036
2025-09-19,134,136,22:10-22:40,42.86183160942261
2025-09-19,142,144,23:30-24:00,51.81087774707203
2025-09-20,5,7,00:40-01:10,51.64772588498471
2025-09-20,10,11,01:30-01:50,22.415894453217618
2025-09-20,16,16,02:30-02:40,29.821813449138062
2025-09-20,19,20,03:00-03:20,81.34330263850501
2025-09-20,24,24,03:50-04:00,14.059871489669604
2025-09-20,29,30,04:40-05:00,63.322439435640035
2025-09-20,35,39,05:40-06:30,76.55028667493832
2025-09-20,41,42,06:40-07:00,38.545760976068465
2025-09-20,45,46,07:20-07:40,31.730586034816554
2025-09-20,49,51,08:00-08:30,109.97358118079444
2025-09-20,56,56,09:10-09:20,7.038288811497637
2025-09-20,60,63,09:50-10:30,79.86885655161382
2025-09-20,67,67,11:00-11:10,31.366199999999935
2025-09-20,98,100,16:10-16:40,45.044398613539215
2025-09-20,103,103,17:00-17:10,0.7500262205552701
2025-09-20,107,108,17:40-18:00,37.1963700872296
2025-09-20,112,115,18:30-19:10,94.5914610869853
2025-09-20,118,120,19:30-20:00,78.96604816423189
2025-09-20,122,126,20:10-21:00,159.78049692101348
2025-09-20,129,129,21:20-21:30,56.46577993156984
2025-09-20,131,132,21:40-22:00,38.355837202263274
2025-09-20,135,135,22:20-22:30,9.658784050532859
2025-09-20,139,139,23:00-23:10,22.748282629293385
2025-09-20,142,143,23:30-23:50,73.59111052770083
2025-09-21,4,5,00:30-00:50,21.267898164232292
2025-09-21,8,9,01:10-01:30,58.113652085800595
2025-09-21,13,15,02:00-02:30,38.54240821160681
2025-09-21,18,20,02:50-03:20,36.05130964600585
2025-09-21,23,24,03:40-04:00,39.2576258126071
2025-09-21,27,28,04:20-04:40,44.117433487488995
2025-09-21,32,33,05:10-05:30,19.717108497358595
2025-09-21,37,38,06:00-06:20,21.836634006354302
2025-09-21,41,41,06:40-06:50,3.292472278307173
2025-09-21,46,46,07:30-07:40,6.921076850337613
2025-09-21,55,60,09:00-10:00,177.58579368995902
2025-09-21,63,65,10:20-10:50,91.41820110446884
2025-09-21,101,103,16:40-17:10,17.197392168142073
2025-09-21,108,109,17:50-18:10,39.701215952286816
2025-09-21,112,113,18:30-18:50,37.30688322335625
2025-09-21,116,117,19:10-19:30,20.03392133457396
2025-09-21,122,124,20:10-20:40,43.577846683774055
2025-09-21,127,127,21:00-21:10,41.758004994078306
2025-09-21,130,131,21:30-21:50,52.797609382813675
2025-09-21,137,137,22:40-22:50,27.145146374522824
2025-09-21,142,144,23:30-24:00,53.473750493486364
2025-09-22,1,1,00:00-00:10,8.0601157586525
2025-09-22,4,5,00:30-00:50,55.95812585866565
2025-09-22,8,11,01:10-01:50,62.956557639163066
2025-09-22,16,17,02:30-02:50,57.435349388077384
2025-09-22,21,22,03:20-03:40,34.19445940913306
2025-09-22,25,26,04:00-04:20,26.866538633843017
2025-09-22,29,33,04:40-05:30,66.918732631173
2025-09-22,36,38,05:50-06:20,49.616827834489186
2025-09-22,41,42,06:40-07:00,74.94110446957313
2025-09-22,45,45,07:20-07:30,22.180605159513675
2025-09-22,47,48,07:40-08:00,41.19557896057745
2025-09-22,51,51,08:20-08:30,1.0990095632882912
2025-09-22,54,54,08:50-09:00,34.63542935536668
2025-09-22,57,61,09:20-10:10,38.88661370857085
2025-09-22,64,66,10:30-11:00,82.00994555204625
2025-09-22,88,88,14:30-14:40,2.9316186199314416
2025-09-22,94,94,15:30-15:40,5.936254038125071
2025-09-22,97,99,16:00-16:30,74.52260706295976
2025-09-22,102,104,16:50-17:20,51.88094487714571
2025-09-22,110,111,18:10-18:30,42.751130942981376
2025-09-22,114,114,18:50-19:00,31.488900892034962
2025-09-22,117,120,19:20-20:00,88.85010959994679
2025-09-22,122,124,20:10-20:40,730.6000867362433
2025-09-22,127,131,21:00-21:50,212.82336041222572
2025-09-22,137,138,22:40-23:00,83.74851619949982
2025-09-22,141,141,23:20-23:30,43.09891221213343
2025-09-23,4,5,00:30-00:50,31.98799528227414
2025-09-23,7,7,01:00-01:10,10.548402533228113
2025-09-23,10,11,01:30-01:50,40.62010676404793
2025-09-23,13,14,02:00-02:20,33.652831326490514
2025-09-23,19,24,03:00-04:00,55.65501513357049
2025-09-23,27,27,04:20-04:30,27.455295229635226
2025-09-23,29,31,04:40-05:10,55.250230001127996
2025-09-23,35,35,05:40-05:50,19.23168198729138
2025-09-23,37,39,06:00-06:30,32.34982868986515
2025-09-23,41,42,06:40-07:00,46.66938489838901
2025-09-23,46,47,07:30-07:50,46.412163942624204
2025-09-23,51,51,08:20-08:30,38.85394937867807
2025-09-23,55,59,09:00-09:50,150.3914808151451
2025-09-23,61,61,10:00-10:10,23.198245013441465
2025-09-23,64,65,10:30-10:50,35.563993229372954
2025-09-23,87,90,14:20-15:00,85.43667411971535
2025-09-23,95,97,15:40-16:10,145.46280294869655
2025-09-23,100,100,16:30-16:40,5.300535352396139
2025-09-23,103,104,17:00-17:20,22.21615983400048
2025-09-23,106,106,17:30-17:40,8.940922177730279
2025-09-23,109,111,18:00-18:30,74.61499327919086
2025-09-23,116,117,19:10-19:30,21.661554251499297
2025-09-23,120,131,19:50-21:50,1117.2362868482815
2025-09-23,134,135,22:10-22:30,76.9179172062112
2025-09-23,139,140,23:00-23:20,18.766402322673912
2025-09-23,142,142,23:30-23:40,8.744672549019697
2025-09-24,2,2,00:10-00:20,21.405932754310015
2025-09-24,8,10,01:10-01:40,48.994452184497845
2025-09-24,13,14,02:00-02:20,27.864124253191335
2025-09-24,17,19,02:40-03:10,34.836964686143006
2025-09-24,21,22,03:20-03:40,30.744785327016757
2025-09-24,25,26,04:00-04:20,50.96085554678261
2025-09-24,28,29,04:30-04:50,10.619456948282611
2025-09-24,32,33,05:10-05:30,10.416923293478249
2025-09-24,37,38,06:00-06:20,88.37603016468324
2025-09-24,40,41,06:30-06:50,35.35903288778616
2025-09-24,44,47,07:10-07:50,28.280310478822173
2025-09-24,50,51,08:10-08:30,45.957661566371485
2025-09-24,54,55,08:50-09:10,68.0385533660442
2025-09-24,58,58,09:30-09:40,14.199912957532206
2025-09-24,61,62,10:00-10:20,104.03340712781778
2025-09-24,65,65,10:40-10:50,30.954829196510673
2025-09-24,74,75,12:10-12:30,11.170771794220855
2025-09-24,103,103,17:00-17:10,3.5953610099076343
2025-09-24,106,107,17:30-17:50,7.6717651036892
2025-09-24,110,111,18:10-18:30,79.67574022239742
2025-09-24,114,115,18:50-19:10,79.92167640855007
2025-09-24,118,119,19:30-19:50,144.18462710788992
2025-09-24,122,124,20:10-20:40,56.02213778831526
2025-09-24,127,129,21:00-21:30,42.362383208317056
2025-09-24,139,140,23:00-23:20,51.480618509014334
2025-09-24,142,143,23:30-23:50,69.93753600473735
2025-09-25,3,3,00:20-00:30,72.24626870640896
2025-09-25,7,8,01:00-01:20,22.44211567311504
2025-09-25,12,14,01:50-02:20,49.88425722463478
2025-09-25,17,19,02:40-03:10,86.23460273720264
2025-09-25,23,25,03:40-04:10,7.0883970184048835
2025-09-25,27,29,04:20-04:50,39.48194322279221
2025-09-25,31,31,05:00-05:10,9.94558191397357
2025-09-25,36,40,05:50-06:40,61.52610180098907
2025-09-25,43,44,07:00-07:20,35.583754040005545
2025-09-25,46,47,07:30-07:50,11.159258790630304
2025-09-25,53,54,08:40-09:00,19.81623703776802
2025-09-25,57,63,09:20-10:30,112.1389242381515
2025-09-25,90,90,14:50-15:00,1.9759067302092035
2025-09-25,94,95,15:30-15:50,46.534601554715664
2025-09-25,98,99,16:10-16:30,62.49128144398719
2025-09-25,103,104,17:00-17:20,52.153480839584006
2025-09-25,106,107,17:30-17:50,65.08660024721287
2025-09-25,111,114,18:20-19:00,149.02645834379473
2025-09-25,119,123,19:40-20:30,68.75724653243822
2025-09-25,125,127,20:40-21:10,93.09487127911575
2025-09-25,131,132,21:40-22:00,20.303711152783308
2025-09-25,136,137,22:30-22:50,56.12997558889322
2025-09-25,141,141,23:20-23:30,7.774001842347843
2025-09-25,144,144,23:50-24:00,9.063186557441838
2025-09-26,3,3,00:20-00:30,18.6248257862876
2025-09-26,8,9,01:10-01:30,52.53815833662327
2025-09-26,11,12,01:40-02:00,64.33861021844979
2025-09-26,16,17,02:30-02:50,5.989665574417813
2025-09-26,20,21,03:10-03:30,40.68465962626652
2025-09-26,24,25,03:50-04:10,60.286577701953284
2025-09-26,28,34,04:30-05:40,52.31149627300575
2025-09-26,37,38,06:00-06:20,32.39230256612723
2025-09-26,40,45,06:30-07:30,67.8751703701617
2025-09-26,48,55,07:50-09:10,249.99567729400485
2025-09-26,59,59,09:40-09:50,18.50003728216143
2025-09-26,64,66,10:30-11:00,79.15891910119808
2025-09-26,68,69,11:10-11:30,77.14781731336802
2025-09-26,101,101,16:40-16:50,5.061767436504738
2025-09-26,105,105,17:20-17:30,5.5950552469308406
2025-09-26,109,110,18:00-18:20,66.03071421991643
2025-09-26,112,113,18:30-18:50,39.57896583197021
2025-09-26,115,117,19:00-19:30,35.17698052375306
2025-09-26,119,120,19:40-20:00,47.98405986971966
2025-09-26,123,123,20:20-20:30,14.08130702724037
2025-09-26,125,127,20:40-21:10,32.72259003816259
2025-09-26,130,131,21:30-21:50,112.9974335899459
2025-09-26,137,138,22:40-23:00,16.132314140018195
2025-09-26,142,142,23:30-23:40,25.29939600605337
2025-09-27,2,4,00:10-00:40,78.25659085405971
2025-09-27,7,8,01:00-01:20,82.55619996052116
2025-09-27,11,14,01:40-02:20,35.79562081194888
2025-09-27,17,19,02:40-03:10,58.036515936307296
2025-09-27,23,24,03:40-04:00,50.55835042768797
2025-09-27,27,28,04:20-04:40,61.9842045992893
2025-09-27,31,32,05:00-05:20,45.7824681800236
2025-09-27,34,35,05:30-05:50,30.450183938676105
2025-09-27,37,38,06:00-06:20,36.05630809411025
2025-09-27,40,41,06:30-06:50,60.749521439851094
2025-09-27,45,45,07:20-07:30,9.300921930517177
2025-09-27,48,48,07:50-08:00,32.92015179534906
2025-09-27,54,54,08:50-09:00,12.778653836031026
2025-09-27,58,58,09:30-09:40,64.37032100934312
2025-09-27,61,63,10:00-10:30,103.99412770477306
2025-09-27,65,66,10:40-11:00,62.633195940255064
2025-09-27,96,97,15:50-16:10,57.08980236779303
2025-09-27,105,106,17:20-17:40,82.839664232136
2025-09-27,109,111,18:00-18:30,80.12633852198621
2025-09-27,116,117,19:10-19:30,38.0750157981314
2025-09-27,120,120,19:50-20:00,5.341610516421383
2025-09-27,122,124,20:10-20:40,119.0800243796258
2025-09-27,126,128,20:50-21:20,125.81474631530466
2025-09-27,130,130,21:30-21:40,21.589281412027844
2025-09-27,137,137,22:40-22:50,5.363175490196113
2025-09-27,139,140,23:00-23:20,66.68966423213556
2025-09-27,142,142,23:30-23:40,3.4360598236611395
2025-09-28,2,2,00:10-00:20,11.640053671535952
2025-09-28,6,6,00:50-01:00,33.557365140149955
2025-09-28,9,11,01:20-01:50,27.812595552046446
2025-09-28,13,14,02:00-02:20,38.614791294907036
2025-09-28,16,16,02:30-02:40,5.997338932754587
2025-09-28,20,21,03:10-03:30,58.50517937886559
2025-09-28,24,24,03:50-04:00,11.666500848795863
2025-09-28,27,27,04:20-04:30,13.97350577707607
2025-09-28,29,30,04:40-05:00,48.34016977609849
2025-09-28,36,36,05:50-06:00,16.767733056980887
2025-09-28,38,39,06:10-06:30,44.36662138815268
2025-09-28,42,43,06:50-07:10,28.931759123380914
2025-09-28,49,53,08:00-08:50,69.36261390784523
2025-09-28,56,59,09:10-09:50,28.06048499990584
2025-09-28,62,63,10:10-10:30,115.68060590115215
2025-09-28,77,77,12:40-12:50,57.26654243415487
2025-09-28,86,86,14:10-14:20,12.505584495140738
2025-09-28,90,90,14:50-15:00,0.053609156279662784
2025-09-28,105,106,17:20-17:40,63.763585892881174
2025-09-28,110,110,18:10-18:20,2.0051593517941604
2025-09-28,114,114,18:50-19:00,42.66816870922844
2025-09-28,116,117,19:10-19:30,76.0907221673906
2025-09-28,123,124,20:20-20:40,17.74418614291369
2025-09-28,127,127,21:00-21:10,38.9762952954336
2025-09-28,130,131,21:30-21:50,48.11647148308998
2025-09-28,134,135,22:10-22:30,18.714460527700908
2025-09-28,139,139,23:00-23:10,56.02862558889342
2025-09-28,142,143,23:30-23:50,67.34960713909754
2025-09-29,3,3,00:20-00:30,51.54102118699848
2025-09-29,7,9,01:00-01:30,27.459869719700123
2025-09-29,12,14,01:50-02:20,70.45762436504788
2025-09-29,18,19,02:50-03:10,70.0945618634031
2025-09-29,22,25,03:30-04:10,77.62599739063387
2025-09-29,28,29,04:30-04:50,18.43531987761559
2025-09-29,32,33,05:10-05:30,3.3587401782187953
2025-09-29,36,37,05:50-06:10,48.54840123042527
2025-09-29,41,42,06:40-07:00,35.936079611038934
2025-09-29,45,47,07:20-07:50,49.49496990205478
2025-09-29,49,50,08:00-08:20,34.36969841708458
2025-09-29,53,54,08:40-09:00,28.485498281728724
2025-09-29,57,58,09:20-09:40,100.55468991878615
2025-09-29,62,65,10:10-10:50,101.84416111330461
2025-09-29,87,87,14:20-14:30,23.395833333333258
2025-09-29,102,103,16:50-17:10,26.265400391968797
2025-09-29,109,109,18:00-18:10,6.610959363073903
2025-09-29,111,113,18:20-18:50,41.612991439663034
2025-09-29,116,117,19:10-19:30,64.96295767864183
2025-09-29,120,125,19:50-20:50,317.3700778908891
2025-09-29,128,130,21:10-21:40,76.65581043558359
2025-09-29,134,136,22:10-22:40,73.41549107119397
2025-09-29,142,144,23:30-24:00,72.20807014080799
2025-09-30,1,1,00:00-00:10,21.69967485853408
2025-09-30,3,3,00:20-00:30,5.951301487037654
2025-09-30,5,7,00:40-01:10,19.200502941176296
2025-09-30,12,15,01:50-02:30,47.01022862218713
2025-09-30,17,18,02:40-03:00,45.013887215422756
2025-09-30,21,22,03:20-03:40,30.65793616265273
2025-09-30,25,26,04:00-04:20,16.40473122779315
2025-09-30,28,29,04:30-04:50,55.03931976575875
2025-09-30,36,43,05:50-07:10,97.79782478333593
2025-09-30,46,47,07:30-07:50,86.05003565130738
2025-09-30,52,56,08:30-09:20,88.20889660669661
2025-09-30,60,61,09:50-10:10,76.64670177654921
2025-09-30,64,64,10:30-10:40,20.938398736676163
2025-09-30,77,77,12:40-12:50,7.826670667231383
2025-09-30,84,84,13:50-14:00,34.54208333333315
2025-09-30,90,91,14:50-15:10,38.618989191247124
2025-09-30,94,94,15:30-15:40,0.11986253642396605
2025-09-30,100,101,16:30-16:50,18.677527088150953
2025-09-30,103,103,17:00-17:10,2.406665538698377
2025-09-30,106,107,17:30-17:50,23.07163834433089
2025-09-30,110,111,18:10-18:30,42.71748629424904
2025-09-30,113,114,18:40-19:00,60.532870996184016
2025-09-30,117,118,19:20-19:40,11.825394530294943
2025-09-30,120,121,19:50-20:10,85.14549605869195
2025-09-30,123,125,20:20-20:50,295.5037307803657
2025-09-30,127,128,21:00-21:20,38.91937999736774
2025-09-30,131,131,21:40-21:50,13.821678589287899
2025-09-30,133,133,22:00-22:10,13.71017143703125
2025-09-30,137,137,22:40-22:50,23.320254046585205
2025-09-30,139,140,23:00-23:20,36.21154675615219
2025-09-30,142,142,23:30-23:40,10.909359363074032
2025-10-01,7,8,01:00-01:20,52.78786095538919
2025-10-01,10,12,01:30-02:00,76.63948677457518
2025-10-01,15,15,02:20-02:30,12.941009356494419
2025-10-01,17,18,02:40-03:00,20.666976641663155
2025-10-01,21,21,03:20-03:30,20.73892563495201
2025-10-01,23,24,03:40-04:00,38.175508606395624
2025-10-01,26,27,04:10-04:30,36.993060704416166
2025-10-01,30,31,04:50-05:10,47.65838249769723
2025-10-01,38,39,06:10-06:30,12.919725512755349
2025-10-01,42,42,06:50-07:00,29.14030673490879
2025-10-01,45,46,07:20-07:40,22.519688396029437
2025-10-01,52,52,08:30-08:40,23.64125244299055
2025-10-01,57,57,09:20-09:30,8.722605369127223
2025-10-01,60,60,09:50-10:00,39.36242938450573
2025-10-01,63,63,10:20-10:30,14.861551406199851
2025-10-01,65,65,10:40-10:50,12.904557004681237
2025-10-01,88,88,14:30-14:40,14.60916666666651
2025-10-01,114,114,18:50-19:00,14.96958081326477
2025-10-01,116,118,19:10-19:40,61.34613163574147
2025-10-01,123,123,20:20-20:30,5.897326378470666
2025-10-01,125,126,20:40-21:00,12.963117929990972
2025-10-01,129,130,21:20-21:40,28.92074136728513
2025-10-01,134,134,22:10-22:20,37.08736967364143
2025-10-01,139,140,23:00-23:20,8.340590242137296
2025-10-01,142,142,23:30-23:40,14.558200032899208
2025-10-02,1,1,00:00-00:10,2.560655652059495
2025-10-02,6,6,00:50-01:00,0.40909461771286715
2025-10-02,10,10,01:30-01:40,1.1992220226347854
2025-10-02,13,14,02:00-02:20,33.51749220292163
2025-10-02,18,18,02:50-03:00,15.241077654954438
2025-10-02,21,24,03:20-04:00,27.921681208053656
2025-10-02,27,28,04:20-04:40,7.51666603876447
2025-10-02,35,36,05:40-06:00,29.658345104619134
2025-10-02,39,39,06:20-06:30,31.70659118023059
2025-10-02,41,42,06:40-07:00,29.221783861598453
2025-10-02,47,48,07:40-08:00,42.6022935461433
2025-10-02,50,51,08:10-08:30,31.737450828116607
2025-10-02,55,56,09:00-09:20,82.10621470024239
2025-10-02,61,62,10:00-10:20,68.29904742541271
2025-10-02,65,65,10:40-10:50,29.331258610156056
2025-10-02,116,117,19:10-19:30,85.38213443874156
2025-10-02,122,123,20:10-20:30,25.041527661534474
2025-10-02,126,129,20:50-21:30,54.688452092380544
2025-10-02,131,131,21:40-21:50,10.841404625608675
2025-10-02,133,133,22:00-22:10,0.6592259836818357
2025-10-02,139,139,23:00-23:10,9.579111264640005
2025-10-02,142,143,23:30-23:50,14.63120354651926
2025-10-03,4,5,00:30-00:50,63.23794165021707
2025-10-03,8,9,01:10-01:30,47.487416475851944
2025-10-03,13,16,02:00-02:40,45.226302204237356
2025-10-03,19,20,03:00-03:20,46.4421624490065
2025-10-03,23,24,03:40-04:00,12.950561402816277
2025-10-03,26,27,04:10-04:30,25.99981114244372
2025-10-03,30,31,04:50-05:10,22.52228971951206
2025-10-03,33,36,05:20-06:00,42.83827937886565
2025-10-03,40,41,06:30-06:50,36.83313679995479
2025-10-03,45,45,07:20-07:30,17.94906333070145
2025-10-03,48,48,07:50-08:00,18.22141531498528
2025-10-03,52,53,08:30-08:50,30.23522605230005
2025-10-03,55,58,09:00-09:40,105.92398943564024
2025-10-03,61,62,10:00-10:20,32.13418878047878
2025-10-03,110,112,18:10-18:40,27.465265123230324
2025-10-03,114,114,18:50-19:00,0.9694329517040501
2025-10-03,116,117,19:10-19:30,27.541568864324404
2025-10-03,120,120,19:50-20:00,7.117612735698401
2025-10-03,122,124,20:10-20:40,69.29970900776408
2025-10-03,129,130,21:20-21:40,33.80391941702874
2025-10-03,134,134,22:10-22:20,16.789519923673993
2025-10-03,137,137,22:40-22:50,25.78198098434018
2025-10-03,140,140,23:10-23:20,20.265461192262137
2025-10-04,2,3,00:10-00:30,26.710216449532936
2025-10-04,6,6,00:50-01:00,3.2109224108435797
2025-10-04,9,10,01:20-01:40,41.24792277273332
2025-10-04,13,17,02:00-02:50,45.33298030003954
2025-10-04,21,23,03:20-03:50,14.896030102645113
2025-10-04,25,27,04:00-04:30,35.70137583892622
2025-10-04,30,30,04:50-05:00,6.392463424698576
2025-10-04,32,32,05:10-05:20,0.34572283101164203
2025-10-04,35,36,05:40-06:00,92.72101431391343
2025-10-04,43,44,07:00-07:20,80.98472511796666
2025-10-04,49,50,08:00-08:20,23.71848618709214
2025-10-04,54,57,08:50-09:30,89.3731524796492
2025-10-04,64,65,10:30-10:50,43.63810433327694
2025-10-04,110,112,18:10-18:40,61.64015908860193
2025-10-04,115,116,19:00-19:20,46.47991083037232
2025-10-04,118,118,19:30-19:40,6.4904867219370885
2025-10-04,121,122,20:00-20:20,11.444292577970714
2025-10-04,124,124,20:30-20:40,22.986416291617445
2025-10-04,127,128,21:00-21:20,59.48809001842346
2025-10-04,130,130,21:30-21:40,3.4200251875246295
2025-10-04,134,134,22:10-22:20,27.343526115278337
2025-10-04,137,137,22:40-22:50,6.770556040268502
2025-10-04,139,139,23:00-23:10,8.273050717199794
2025-10-04,142,143,23:30-23:50,31.27086808790625
2025-10-05,2,3,00:10-00:30,13.789141387024756
2025-10-05,6,7,00:50-01:10,40.31132831951584
2025-10-05,16,17,02:30-02:50,44.517825003289886
2025-10-05,21,21,03:20-03:30,36.31934580865925
2025-10-05,25,25,04:00-04:10,1.0212584945387562
2025-10-05,29,30,04:40-05:00,11.153395913935826
2025-10-05,36,38,05:50-06:20,42.97264460737301
2025-10-05,40,40,06:30-06:40,1.7598992658806765
2025-10-05,44,45,07:10-07:30,18.087331425187415
2025-10-05,47,48,07:40-08:00,39.21589310717599
2025-10-05,53,56,08:40-09:20,46.95424790667994
2025-10-05,59,61,09:40-10:10,172.79304953189353
2025-10-05,66,66,10:50-11:00,1.3822648092789223
2025-10-05,114,114,18:50-19:00,25.362670964224662
2025-10-05,117,118,19:20-19:40,9.930056905044239
2025-10-05,121,122,20:00-20:20,62.41928724832212
2025-10-05,126,129,20:50-21:30,67.64946124490064
2025-10-05,134,134,22:10-22:20,5.901357257533846
2025-10-05,136,136,22:30-22:40,18.31743973549146
2025-10-05,140,140,23:10-23:20,7.405621042242501
2025-10-05,144,144,23:50-24:00,7.900742156862748
2025-10-06,12,12,01:50-02:00,5.647008158968447
2025-10-06,15,15,02:20-02:30,5.686152434530754
2025-10-06,31,31,05:00-05:10,10.033315916568085
2025-10-06,37,39,06:00-06:30,81.43064310623595
2025-10-06,43,43,07:00-07:10,33.77390373827393
2025-10-06,48,50,07:50-08:20,56.64886136897712
2025-10-06,53,56,08:40-09:20,96.48802036734116
2025-10-06,61,61,10:00-10:10,3.9645285338299345
2025-10-06,64,66,10:30-11:00,89.49383722952302
2025-10-06,68,73,11:10-12:10,127.3395567837872
2025-10-06,89,89,14:40-14:50,15.928345509747373
2025-10-06,115,117,19:00-19:30,82.19578694565087
2025-10-06,120,120,19:50-20:00,11.272452145019315
2025-10-06,122,123,20:10-20:30,18.984033905777096
2025-10-06,126,126,20:50-21:00,13.311069430188127
2025-10-06,128,129,21:10-21:30,19.76173717594429
2025-10-06,133,133,22:00-22:10,16.679529727595764
2025-10-06,137,137,22:40-22:50,3.0763974141335666
2025-10-06,139,140,23:00-23:20,50.58518482037118
2025-10-06,142,142,23:30-23:40,17.031848881431984
2025-10-07,12,12,01:50-02:00,5.762526977233733
2025-10-07,17,17,02:40-02:50,19.969923680747343
2025-10-07,32,33,05:10-05:30,5.181247479931899
2025-10-07,36,36,05:50-06:00,5.010431978831889
2025-10-07,38,39,06:10-06:30,18.448713168086215
2025-10-07,43,45,07:00-07:30,44.833381436467164
2025-10-07,48,54,07:50-09:00,106.04481754272172
2025-10-07,57,58,09:20-09:40,23.74297381046358
2025-10-07,61,62,10:00-10:20,19.609674216532312
2025-10-07,64,67,10:30-11:10,51.87523370556278
2025-10-07,70,70,11:30-11:40,23.161975282462436
2025-10-07,77,77,12:40-12:50,16.46002169270423
2025-10-07,89,89,14:40-14:50,10.371031131916425
2025-10-07,93,93,15:20-15:30,0.4772846051173474
2025-10-07,117,119,19:20-19:50,46.63171363807237
2025-10-07,122,124,20:10-20:40,54.705139524937636
2025-10-07,128,130,21:10-21:40,64.16326542308184
2025-10-07,134,134,22:10-22:20,14.672157152256887
2025-10-07,137,137,22:40-22:50,18.456121529148504
2025-10-07,139,139,23:00-23:10,8.266221167258777
2025-10-07,142,144,23:30-24:00,82.76619292012072
2025-10-08,6,6,00:50-01:00,22.417442426635148
2025-10-08,16,17,02:30-02:50,15.875157389130322
2025-10-08,37,41,06:00-06:50,80.27143584494252
2025-10-08,43,45,07:00-07:30,19.944101503017293
2025-10-08,49,49,08:00-08:10,34.64975814486854
2025-10-08,53,54,08:40-09:00,65.91324089259865
2025-10-08,58,58,09:30-09:40,23.491323015246508
2025-10-08,61,62,10:00-10:20,50.362459501250214
2025-10-08,64,65,10:30-10:50,16.573215468200942
2025-10-08,70,73,11:30-12:10,87.3416238696816
2025-10-08,77,77,12:40-12:50,7.489481160114792
2025-10-08,108,108,17:50-18:00,7.503781699659612
2025-10-08,114,118,18:50-19:40,45.989172502960855
2025-10-08,122,124,20:10-20:40,27.78948966969358
2025-10-08,128,129,21:10-21:30,14.712518127385351
2025-10-08,131,131,21:40-21:50,5.846622002895174
2025-10-08,134,135,22:10-22:30,40.97229073562289
2025-10-08,139,140,23:00-23:20,51.60384659165686
2025-10-08,144,144,23:50-24:00,22.30083087906314
2025-10-09,6,6,00:50-01:00,9.575055513883285
2025-10-09,13,13,02:00-02:10,1.9114932293721267
2025-10-09,22,22,03:30-03:40,8.447720351362136
2025-10-09,33,33,05:20-05:30,8.23860705355969
2025-10-09,37,38,06:00-06:20,81.17465239035232
2025-10-09,40,41,06:30-06:50,20.97591975165915
2025-10-09,43,47,07:00-07:50,72.37979343334626
2025-10-09,55,56,09:00-09:20,21.546898469723146
2025-10-09,58,58,09:30-09:40,41.49494603989183
2025-10-09,61,64,10:00-10:40,131.89114162953797
2025-10-09,67,67,11:00-11:10,14.404416255898468
2025-10-09,92,92,15:10-15:20,5.553629642058127
2025-10-09,94,94,15:30-15:40,8.653537721128373
2025-10-09,100,100,16:30-16:40,6.291564572105756
2025-10-09,108,108,17:50-18:00,3.806816028424805
2025-10-09,113,114,18:40-19:00,20.69859550598767
2025-10-09,116,117,19:10-19:30,36.29525352959979
2025-10-09,120,120,19:50-20:00,19.926434307145428
2025-10-09,123,124,20:20-20:40,48.12026359389415
2025-10-09,128,131,21:10-21:50,39.13207251612073
2025-10-09,134,134,22:10-22:20,14.27890400710612
2025-10-09,137,137,22:40-22:50,5.273625621792576
2025-10-09,140,140,23:10-23:20,2.1811070930385767
2025-10-09,144,144,23:50-24:00,26.805012856954875
2025-10-10,1,1,00:00-00:10,40.819403572838496
2025-10-10,4,6,00:30-01:00,53.48581194894069
2025-10-10,10,10,01:30-01:40,12.667654948019447
2025-10-10,13,14,02:00-02:20,29.58102702987236
2025-10-10,19,20,03:00-03:20,37.96940225687581
2025-10-10,22,22,03:30-03:40,32.04562373338592
2025-10-10,25,25,04:00-04:10,11.777111363337099
2025-10-10,28,29,04:30-04:50,54.26440234899326
2025-10-10,31,31,05:00-05:10,27.527612955651932
2025-10-10,34,36,05:30-06:00,35.56859981576525
2025-10-10,38,39,06:10-06:30,41.836719686800905
2025-10-10,42,44,06:50-07:20,87.74621180888482
2025-10-10,49,51,08:00-08:30,98.36377309984391
2025-10-10,54,55,08:50-09:10,116.80414028537564
2025-10-10,58,59,09:30-09:50,21.708951936344647
2025-10-10,62,63,10:10-10:30,27.737599907882213
2025-10-10,66,66,10:50-11:00,25.55091956084425
2025-10-10,96,96,15:50-16:00,26.758054231759843
2025-10-10,99,100,16:20-16:40,38.9796143110936
2025-10-10,103,104,17:00-17:20,41.69075631474057
2025-10-10,110,111,18:10-18:30,15.186661322918553
2025-10-10,116,117,19:10-19:30,40.24761377718869
2025-10-10,121,122,20:00-20:20,56.8093291090932
2025-10-10,125,126,20:40-21:00,29.409783616265315
2025-10-10,128,129,21:10-21:30,53.573400197394335
2025-10-10,134,135,22:10-22:30,35.7611559942099
2025-10-10,138,138,22:50-23:00,11.312504276878371
2025-10-10,140,141,23:10-23:30,6.460826010001142
2025-10-10,143,144,23:40-24:00,61.21342265429661
2025-10-11,1,1,00:00-00:10,5.674281997631226
2025-10-11,4,5,00:30-00:50,22.23188332675369
2025-10-11,7,10,01:00-01:40,47.14396263982104
2025-10-11,13,14,02:00-02:20,45.77236497565474
2025-10-11,16,17,02:30-02:50,18.654750263192625
2025-10-11,21,22,03:20-03:40,40.36227658902493
2025-10-11,25,25,04:00-04:10,24.800352914857342
2025-10-11,28,28,04:30-04:40,24.282811192262102
2025-10-11,31,32,05:00-05:20,63.29523753313404
2025-10-11,35,36,05:40-06:00,15.506562100276255
2025-10-11,38,39,06:10-06:30,37.387186673058466
2025-10-11,41,42,06:40-07:00,39.21856660180845
2025-10-11,46,46,07:30-07:40,9.670226303272955
2025-10-11,49,53,08:00-08:50,140.0358227379544
2025-10-11,59,60,09:40-10:00,84.50469645912062
2025-10-11,65,66,10:40-11:00,85.04650905100266
2025-10-11,68,68,11:10-11:20,37.927032161605666
2025-10-11,105,105,17:20-17:30,25.46163670501727
2025-10-11,108,108,17:50-18:00,13.607407020660503
2025-10-11,111,111,18:20-18:30,24.997441788393246
2025-10-11,113,114,18:40-19:00,40.60746770721721
2025-10-11,116,117,19:10-19:30,16.76617929050809
2025-10-11,120,123,19:50-20:30,38.77797552309522
2025-10-11,128,129,21:10-21:30,53.498648934070104
2025-10-11,134,135,22:10-22:30,43.15418574812463
2025-10-11,138,138,22:50-23:00,0.7981398868273573
2025-10-11,142,143,23:30-23:50,40.59183307014081
2025-10-12,7,7,01:00-01:10,29.656896032372742
2025-10-12,11,11,01:40-01:50,32.90177985261232
2025-10-12,15,16,02:20-02:40,16.144655631346268
2025-10-12,31,31,05:00-05:10,9.29036797604931
2025-10-12,37,37,06:00-06:10,54.50073005658646
2025-10-12,40,41,06:30-06:50,34.9873601639315
2025-10-12,43,43,07:00-07:10,9.757205716917923
2025-10-12,46,47,07:30-07:50,61.39399252063214
2025-10-12,52,54,08:30-09:00,49.36115800011282
2025-10-12,57,57,09:20-09:30,7.863943925892272
2025-10-12,59,60,09:40-10:00,53.481752438290414
2025-10-12,64,67,10:30-11:10,131.80487502867027
2025-10-12,71,71,11:40-11:50,13.38120648393624
2025-10-12,75,76,12:20-12:40,35.97981409395993
2025-10-12,101,102,16:40-17:00,4.73109870753666
2025-10-12,109,109,18:00-18:10,23.789641558099717
2025-10-12,113,114,18:40-19:00,36.27809322091264
2025-10-12,119,120,19:40-20:00,30.702256656890995
2025-10-12,125,128,20:40-21:20,39.90699925648096
2025-10-12,131,133,21:40-22:10,11.32683027372002
2025-10-12,136,137,22:30-22:50,36.25728049743384
2025-10-12,140,142,23:10-23:40,21.326130142124043
2025-10-13,6,6,00:50-01:00,17.682067936570547
2025-10-13,8,9,01:10-01:30,36.88578371496226
2025-10-13,12,12,01:50-02:00,49.853670417160174
2025-10-13,16,17,02:30-02:50,50.89087414791402
2025-10-13,20,20,03:10-03:20,1.4556177918148023
2025-10-13,22,22,03:30-03:40,3.8558412356888994
2025-10-13,28,29,04:30-04:50,18.16830121444565
2025-10-13,38,39,06:10-06:30,35.110507939954346
2025-10-13,43,43,07:00-07:10,7.2732819299531
2025-10-13,46,47,07:30-07:50,29.82603105295823
2025-10-13,49,51,08:00-08:30,47.01750824826547
2025-10-13,54,55,08:50-09:10,22.72505537194786
2025-10-13,61,62,10:00-10:20,54.70472021600585
2025-10-13,66,66,10:50-11:00,9.091543631680679
2025-10-13,75,75,12:20-12:30,4.069427861748636
2025-10-13,88,88,14:30-14:40,37.32825077923758
2025-10-13,100,101,16:30-16:50,15.047955057996518
2025-10-13,103,104,17:00-17:20,4.182881313330412
2025-10-13,113,114,18:40-19:00,4.835813380519767
2025-10-13,116,117,19:10-19:30,69.30712169834419
2025-10-13,122,123,20:10-20:30,13.178877306224422
2025-10-13,125,126,20:40-21:00,22.978931997631435
2025-10-13,129,132,21:20-22:00,46.82248412949093
2025-10-13,134,134,22:10-22:20,3.4837971969994896
2025-10-13,139,140,23:00-23:20,32.22507462824046
2025-10-13,142,143,23:30-23:50,17.490326490327675
2025-10-14,6,7,00:50-01:10,28.37159331491
2025-10-14,9,10,01:20-01:40,22.1816254375575
2025-10-14,13,14,02:00-02:20,50.39698070798784
2025-10-14,19,20,03:00-03:20,79.52760338860378
2025-10-14,23,23,03:40-03:50,2.543557645742794
2025-10-14,33,33,05:20-05:30,5.9509764442689175
2025-10-14,37,39,06:00-06:30,57.0584916013388
2025-10-14,42,45,06:50-07:30,82.70445979922215
2025-10-14,48,48,07:50-08:00,5.677556818566245
2025-10-14,50,52,08:10-08:40,48.16333066756897
2025-10-14,56,58,09:10-09:40,34.062979567800426
2025-10-14,62,64,10:10-10:40,113.89961143853498
2025-10-14,77,79,12:40-13:10,149.8008649032763
2025-10-14,81,82,13:20-13:40,37.79705369597559
2025-10-14,89,89,14:40-14:50,29.51896812738505
2025-10-14,91,92,15:00-15:20,13.069837904423366
2025-10-14,94,95,15:30-15:50,23.145497912319115
2025-10-14,100,101,16:30-16:50,10.652195063260052
2025-10-14,107,108,17:40-18:00,27.097659049122512
2025-10-14,112,115,18:30-19:10,59.57401710281405
2025-10-14,118,120,19:30-20:00,49.364845374391166
2025-10-14,122,123,20:10-20:30,29.01635196736413
2025-10-14,126,130,20:50-21:40,84.5305719173574
2025-10-14,133,134,22:00-22:20,27.0947289248586
2025-10-14,137,137,22:40-22:50,0.9004698183973687
2025-10-14,140,141,23:10-23:30,25.459997914199334
2025-10-14,144,144,23:50-24:00,0.8340438149754164
2025-10-15,1,1,00:00-00:10,7.102300842216209
2025-10-15,4,5,00:30-00:50,36.92583383339911
2025-10-15,7,8,01:00-01:20,30.797614745361443
2025-10-15,11,12,01:40-02:00,50.26657302276635
2025-10-15,15,16,02:20-02:40,34.95888773522836
2025-10-15,18,19,02:50-03:10,8.038749710488219
2025-10-15,22,25,03:30-04:10,64.60040542834588
2025-10-15,28,29,04:30-04:50,44.00519316451411
2025-10-15,32,33,05:10-05:30,15.111395394130996
2025-10-15,37,40,06:00-06:40,60.25414742823307
2025-10-15,43,47,07:00-07:50,38.65142798582494
2025-10-15,50,54,08:10-09:00,42.323011120823935
2025-10-15,57,57,09:20-09:30,29.820413775308907
2025-10-15,60,61,09:50-10:10,106.31110459082947
2025-10-15,64,67,10:30-11:10,65.3757890934894
2025-10-15,75,76,12:20-12:40,92.99920512661447
2025-10-15,79,80,13:00-13:20,96.5753505564644
2025-10-15,84,85,13:50-14:10,55.878616950539026
2025-10-15,89,89,14:40-14:50,4.657225761848167
2025-10-15,93,94,15:20-15:40,18.039724520143636
2025-10-15,97,100,16:00-16:40,76.83284290414173
2025-10-15,103,103,17:00-17:10,6.573182350121201
2025-10-15,106,106,17:30-17:40,20.133501820728597
2025-10-15,109,109,18:00-18:10,10.183372605418043
2025-10-15,112,113,18:30-18:50,48.77981610738233
2025-10-15,116,117,19:10-19:30,37.09874342112664
2025-10-15,122,131,20:10-21:50,843.1846471904163
2025-10-15,133,134,22:00-22:20,6.644400684300535
2025-10-15,139,140,23:00-23:20,32.351586300829126
2025-10-15,144,144,23:50-24:00,17.76767070009214
2025-10-16,2,3,00:10-00:30,10.907603993946623
2025-10-16,6,6,00:50-01:00,23.63234799315694
2025-10-16,10,11,01:30-01:50,12.647344861166061
2025-10-16,14,16,02:10-02:40,65.5117353270166
2025-10-16,19,19,03:00-03:10,13.496631642321518
2025-10-16,22,23,03:30-03:50,29.646912041058158
2025-10-16,26,27,04:10-04:30,10.377054678247077
2025-10-16,30,32,04:50-05:20,49.267019267572614
2025-10-16,38,39,06:10-06:30,13.887483233696116
2025-10-16,41,42,06:40-07:00,48.183196777771656
2025-10-16,45,45,07:20-07:30,16.14228596807868
2025-10-16,49,51,08:00-08:30,47.97618974771126
2025-10-16,53,54,08:40-09:00,17.26738781042627
2025-10-16,57,58,09:20-09:40,35.02684510367931
2025-10-16,63,65,10:20-10:50,49.98454726279783
2025-10-16,73,74,12:00-12:20,19.123926672682956
2025-10-16,77,77,12:40-12:50,28.61731812926496
2025-10-16,85,86,14:00-14:20,64.21119935705838
2025-10-16,90,94,14:50-15:40,474.45922497697063
2025-10-16,96,98,15:50-16:20,187.54778943287158
2025-10-16,101,102,16:40-17:00,68.52550583159424
2025-10-16,105,105,17:20-17:30,35.222936687158224
2025-10-16,108,113,17:50-18:50,295.21633162668456
2025-10-16,116,120,19:10-20:00,32.939519390709734
2025-10-16,122,125,20:10-20:50,793.4220902054764
2025-10-16,127,131,21:00-21:50,72.39790085800755
2025-10-16,136,136,22:30-22:40,15.669233425450784
2025-10-16,140,140,23:10-23:20,11.80813460323725
2025-10-16,143,144,23:40-24:00,59.30372643110917
2025-10-17,1,1,00:00-00:10,9.341673141202818
2025-10-17,4,4,00:30-00:40,16.94203508356361
2025-10-17,7,8,01:00-01:20,24.47738330043427
2025-10-17,10,10,01:30-01:40,19.97973844584817
2025-10-17,13,15,02:00-02:30,56.04188116857483
2025-10-17,18,21,02:50-03:30,51.205193920252555
2025-10-17,24,24,03:50-04:00,17.35406187656281
2025-10-17,27,27,04:20-04:30,7.014832226044746
2025-10-17,29,30,04:40-05:00,9.945909632846508
2025-10-17,33,34,05:20-05:40,7.421482079408918
2025-10-17,37,40,06:00-06:40,62.11865980956139
2025-10-17,44,48,07:10-08:00,24.574517882992268
2025-10-17,52,52,08:30-08:40,25.0087477638034
2025-10-17,55,57,09:00-09:30,100.26216482901896
2025-10-17,59,60,09:40-10:00,47.61323201267078
2025-10-17,62,63,10:10-10:30,72.61219190400948
2025-10-17,66,68,10:50-11:20,55.77642298892715
2025-10-17,97,97,16:00-16:10,16.019170860827558
2025-10-17,103,103,17:00-17:10,14.09048211043931
2025-10-17,106,107,17:30-17:50,12.37049681255051
2025-10-17,109,109,18:00-18:10,14.350524813415404
2025-10-17,112,113,18:30-18:50,47.207481635741715
2025-10-17,115,116,19:00-19:20,45.01349142650332
2025-10-17,119,120,19:40-20:00,43.72639064538561
2025-10-17,123,124,20:20-20:40,30.95728183313605
2025-10-17,127,131,21:00-21:50,233.70372843756573
2025-10-17,137,139,22:40-23:10,35.089369746019315
2025-10-17,142,142,23:30-23:40,16.40075674430841
2025-10-18,2,3,00:10-00:30,81.85636866692994
2025-10-18,6,6,00:50-01:00,9.275465258586621
2025-10-18,9,9,01:20-01:30,9.891682892485846
2025-10-18,11,12,01:40-02:00,46.29120999473611
2025-10-18,15,15,02:20-02:30,5.436357375970545
2025-10-18,17,18,02:40-03:00,76.99053803789951
2025-10-18,21,21,03:20-03:30,57.22129588761686
2025-10-18,24,24,03:50-04:00,23.683428878799816
2025-10-18,28,30,04:30-05:00,67.52088432688504
2025-10-18,33,33,05:20-05:30,25.95222793318669
2025-10-18,38,39,06:10-06:30,50.130049626830555
2025-10-18,42,42,06:50-07:00,10.787286795255113
2025-10-18,45,48,07:20-08:00,64.83270579305548
2025-10-18,52,52,08:30-08:40,14.058141949128526
2025-10-18,55,58,09:00-09:40,66.62905662493165
2025-10-18,62,63,10:10-10:30,126.67221782941442
2025-10-18,99,99,16:20-16:30,41.373336693738
2025-10-18,105,105,17:20-17:30,23.74341311920741
2025-10-18,111,111,18:20-18:30,2.0301824713778274
2025-10-18,113,114,18:40-19:00,16.896341782753325
2025-10-18,117,118,19:20-19:40,27.51934815389245
2025-10-18,124,126,20:30-21:00,47.052518752467506
2025-10-18,129,131,21:20-21:50,68.14678976839053
2025-10-18,134,135,22:10-22:30,10.331890156599684
2025-10-18,140,141,23:10-23:30,36.29945014475595
2025-10-18,144,144,23:50-24:00,11.858098736675856
2025-10-19,3,3,00:20-00:30,7.688223450453961
2025-10-19,6,8,00:50-01:20,47.047165100671236
2025-10-19,13,16,02:00-02:40,42.107785919199955
2025-10-19,19,19,03:00-03:10,23.97753986708767
2025-10-19,22,23,03:30-03:50,40.73389296617984
2025-10-19,26,27,04:10-04:30,59.3143783458346
2025-10-19,30,30,04:50-05:00,27.26712030530348
2025-10-19,33,33,05:20-05:30,0.7163306318500418
2025-10-19,35,36,05:40-06:00,16.671198778034977
2025-10-19,38,39,06:10-06:30,61.523572914669444
2025-10-19,43,46,07:00-07:40,68.72454756546901
2025-10-19,49,50,08:00-08:20,43.31099661891585
2025-10-19,53,53,08:40-08:50,15.9889210281425
2025-10-19,56,57,09:10-09:30,87.6063502190134
2025-10-19,60,62,09:50-10:20,35.77765840712141
2025-10-19,85,86,14:00-14:20,26.638443368488197
2025-10-19,88,90,14:30-15:00,97.99765605906794
2025-10-19,93,94,15:20-15:40,61.12439534149166
2025-10-19,97,101,16:00-16:50,86.68787463387969
2025-10-19,103,104,17:00-17:20,23.707850844095745
2025-10-19,109,110,18:00-18:20,42.305610702536015
2025-10-19,112,112,18:30-18:40,7.308169221514163
2025-10-19,115,115,19:00-19:10,36.44162710037017
2025-10-19,118,120,19:30-20:00,69.48373601789694
2025-10-19,122,125,20:10-20:50,561.2175238326818
2025-10-19,128,129,21:10-21:30,53.59595602710863
2025-10-19,134,134,22:10-22:20,12.464883767601009
2025-10-19,139,140,23:00-23:20,34.153340682984435
2025-10-19,144,144,23:50-24:00,26.317903388603554
2025-10-20,6,7,00:50-01:10,52.03992693117493
2025-10-20,11,16,01:40-02:40,57.326634978286734
2025-10-20,20,21,03:10-03:30,40.591192670088276
2025-10-20,24,24,03:50-04:00,1.1676430582972444
2025-10-20,27,27,04:20-04:30,18.68774483484674
2025-10-20,32,33,05:10-05:30,37.56391885586447
2025-10-20,37,38,06:00-06:20,41.96994298027971
2025-10-20,43,45,07:00-07:30,55.60265098321173
2025-10-20,47,48,07:40-08:00,71.0286219511969
2025-10-20,51,53,08:20-08:50,133.91750350986
2025-10-20,55,61,09:00-10:10,221.682083114696
2025-10-20,77,78,12:40-13:00,40.26895746526816
2025-10-20,87,89,14:20-14:50,59.98484160321823
2025-10-20,112,115,18:30-19:10,24.94387456338245
2025-10-20,118,119,19:30-19:50,30.962596473219946
2025-10-20,121,122,20:00-20:20,34.26025569153853
2025-10-20,124,125,20:30-20:50,11.030762942492402
2025-10-20,127,129,21:00-21:30,25.504540729043356
2025-10-20,131,132,21:40-22:00,38.64281837741839
2025-10-20,136,136,22:30-22:40,7.686262659560498
2025-10-20,140,140,23:10-23:20,1.7759895249374722
2025-10-20,142,144,23:30-24:00,34.967056191604115
2025-10-21,9,11,01:20-01:50,49.67320265166495
2025-10-21,14,18,02:10-03:00,32.20197179892102
2025-10-21,21,22,03:20-03:40,46.946773476773274
2025-10-21,25,26,04:00-04:20,32.907001737070345
2025-10-21,28,28,04:30-04:40,17.760403649916253
2025-10-21,31,33,05:00-05:30,69.59603566258728
2025-10-21,35,35,05:40-05:50,7.2659070460398425
2025-10-21,38,39,06:10-06:30,66.6774904329518
2025-10-21,42,42,06:50-07:00,36.898072853570895
2025-10-21,44,45,07:10-07:30,17.133719067358555
2025-10-21,48,48,07:50-08:00,23.04391370763085
2025-10-21,50,52,08:10-08:40,59.94386179666503
2025-10-21,55,56,09:00-09:20,78.78479908728525
2025-10-21,58,60,09:30-10:00,49.52241982027738
2025-10-21,68,68,11:10-11:20,9.733431532344184
2025-10-21,71,72,11:40-12:00,60.36842037862175
2025-10-21,76,76,12:30-12:40,1.7955729353484458
2025-10-21,79,79,13:00-13:10,25.568881305811146
2025-10-21,84,84,13:50-14:00,6.761654914180667
2025-10-21,86,87,14:10-14:30,48.493911879382836
2025-10-21,90,90,14:50-15:00,8.380851882766365
2025-10-21,105,105,17:20-17:30,2.734967265429827
2025-10-21,108,108,17:50-18:00,1.3535084287406107
2025-10-21,113,114,18:40-19:00,26.218067909311344
2025-10-21,116,117,19:10-19:30,39.88789419096497
2025-10-21,121,121,20:00-20:10,6.082014607184874
2025-10-21,124,125,20:30-20:50,29.91676094880927
2025-10-21,128,130,21:10-21:40,25.680781991051276
2025-10-21,137,137,22:40-22:50,12.947210876431086
2025-10-21,139,140,23:00-23:20,54.79115515857325
2025-10-21,144,144,23:50-24:00,8.329340735623191
2025-10-22,6,10,00:50-01:40,47.9694955915254
2025-10-22,13,14,02:00-02:20,47.29280048690612
2025-10-22,17,18,02:40-03:00,34.19584798657729
2025-10-22,21,22,03:20-03:40,62.90529665087513
2025-10-22,25,26,04:00-04:20,12.124157527306238
2025-10-22,29,29,04:40-04:50,6.081435004583568
2025-10-22,35,36,05:40-06:00,7.637452268155471
2025-10-22,40,41,06:30-06:50,27.70092717556811
2025-10-22,43,45,07:00-07:30,98.44914342582689
2025-10-22,48,56,07:50-09:20,188.38973565506785
2025-10-22,58,62,09:30-10:20,407.02579216255924
2025-10-22,72,72,11:50-12:00,8.036598627639478
2025-10-22,87,87,14:20-14:30,0.8343948573713078
2025-10-22,101,101,16:40-16:50,4.964082271163392
2025-10-22,104,105,17:10-17:30,18.555946614216257
2025-10-22,108,109,17:50-18:10,59.06498371590271
2025-10-22,112,112,18:30-18:40,12.4522467693115
2025-10-22,116,117,19:10-19:30,49.21660344594204
2025-10-22,122,126,20:10-21:00,321.6984901341067
2025-10-22,128,131,21:10-21:50,48.1772127319382
2025-10-22,137,139,22:40-23:10,43.11804936175804
2025-10-22,143,144,23:40-24:00,5.315285583629702
2025-10-23,8,11,01:10-01:50,69.78966936438985
2025-10-23,13,13,02:00-02:10,8.480145486248489
2025-10-23,16,17,02:30-02:50,23.211048815633717
2025-10-23,20,22,03:10-03:40,54.46273719568353
2025-10-23,25,26,04:00-04:20,38.98880161863417
2025-10-23,32,33,05:10-05:30,33.1357391310886
2025-10-23,37,41,06:00-06:50,47.00322877446291
2025-10-23,47,48,07:40-08:00,35.58186195646027
2025-10-23,51,53,08:20-08:50,84.78660037974907
2025-10-23,56,57,09:10-09:30,14.143492560111213
2025-10-23,60,60,09:50-10:00,7.301209963717383
2025-10-23,64,65,10:30-10:50,75.26900038726944
2025-10-23,73,74,12:00-12:20,51.09835302295437
2025-10-23,87,88,14:20-14:40,43.40438550937142
2025-10-23,102,103,16:50-17:10,20.40883506288425
2025-10-23,106,107,17:30-17:50,31.137642640949075
2025-10-23,114,115,18:50-19:10,55.15272578440772
2025-10-23,118,119,19:30-19:50,70.5172787801024
2025-10-23,121,122,20:00-20:20,20.70757308856446
2025-10-23,124,124,20:30-20:40,23.90652720752746
2025-10-23,126,127,20:50-21:10,49.30544510461914
2025-10-23,130,131,21:30-21:50,35.41154309119611
2025-10-23,133,134,22:00-22:20,37.701086590340765
2025-10-23,139,139,23:00-23:10,29.848801329122352
2025-10-23,142,144,23:30-24:00,49.47915712593749
2025-10-24,3,4,00:20-00:40,28.61244853270182
2025-10-24,7,7,01:00-01:10,4.975999407816744
2025-10-24,11,12,01:40-02:00,45.864732359520985
2025-10-24,15,16,02:20-02:40,18.2055830306619
2025-10-24,18,19,02:50-03:10,8.013742906961568
2025-10-24,22,23,03:30-03:50,46.13764518357681
2025-10-24,25,25,04:00-04:10,13.974973200421289
2025-10-24,28,30,04:30-05:00,44.810644163705646
2025-10-24,33,35,05:20-05:50,50.29852232624606
2025-10-24,39,39,06:20-06:30,12.727254898200783
2025-10-24,41,46,06:40-07:40,102.32467062113432
2025-10-24,50,50,08:10-08:20,6.284677223506833
2025-10-24,53,54,08:40-09:00,57.54729903370753
2025-10-24,58,60,09:30-10:00,74.75522754403778
2025-10-24,64,67,10:30-11:10,89.06023231534209
2025-10-24,94,95,15:30-15:50,3.8773023922321954
2025-10-24,98,98,16:10-16:20,5.008817448724471
2025-10-24,100,101,16:30-16:50,22.947186526422712
2025-10-24,107,108,17:40-18:00,16.69424678059147
2025-10-24,110,111,18:10-18:30,53.594147907619345
2025-10-24,114,115,18:50-19:10,45.3866977233846
2025-10-24,118,119,19:30-19:50,45.95729132122642
2025-10-24,121,122,20:00-20:20,54.15403401763382
2025-10-24,125,128,20:40-21:20,349.59536631230196
2025-10-24,130,131,21:30-21:50,59.00489767168585
2025-10-24,133,134,22:00-22:20,8.270834201868752
2025-10-24,137,138,22:40-23:00,66.11049120936963
2025-10-24,142,144,23:30-24:00,22.831898934070352
2025-10-25,2,3,00:10-00:30,39.140631425187564
2025-10-25,6,6,00:50-01:00,2.6686479207789375
2025-10-25,8,9,01:10-01:30,64.09187407553623
2025-10-25,14,15,02:10-02:30,27.321802427951127
2025-10-25,19,20,03:00-03:20,25.783031563363636
2025-10-25,22,22,03:30-03:40,42.7690484208448
2025-10-25,25,26,04:00-04:20,33.9462390511909
2025-10-25,28,30,04:30-05:00,28.20770825108559
2025-10-25,33,34,05:20-05:40,25.896714452089434
2025-10-25,38,41,06:10-06:50,66.34790226721583
2025-10-25,46,48,07:30-08:00,29.646289243885462
2025-10-25,52,53,08:30-08:50,35.36995229729473
2025-10-25,55,61,09:00-10:10,129.6485655424584
2025-10-25,65,65,10:40-10:50,0.9908529336564698
2025-10-25,70,70,11:30-11:40,97.81923633184783
2025-10-25,98,98,16:10-16:20,2.5150300603461915
2025-10-25,103,103,17:00-17:10,27.63544583591826
2025-10-25,106,107,17:30-17:50,29.484966937379
2025-10-25,110,110,18:10-18:20,6.683999160603889
2025-10-25,113,116,18:40-19:20,38.768509364954014
2025-10-25,120,125,19:50-20:50,67.97237493714499
2025-10-25,127,128,21:00-21:20,82.46142312304218
2025-10-25,130,131,21:30-21:50,61.1641355902093
2025-10-25,133,134,22:00-22:20,10.675313955783679
2025-10-25,137,139,22:40-23:10,39.11794767732596
2025-10-25,144,144,23:50-24:00,29.225770265824394
2025-10-26,1,1,00:00-00:10,19.744872029214548
2025-10-26,5,5,00:40-00:50,6.756928885379693
2025-10-26,8,9,01:10-01:30,55.28391893012213
2025-10-26,14,15,02:10-02:30,27.123179109093485
2025-10-26,18,18,02:50-03:00,1.202084070272349
2025-10-26,20,21,03:10-03:30,29.63180822476636
2025-10-26,24,24,03:50-04:00,11.64190850111845
2025-10-26,27,28,04:20-04:40,7.564401764329799
2025-10-26,32,33,05:10-05:30,101.58675976068264
2025-10-26,36,36,05:50-06:00,11.505869153835988
2025-10-26,38,39,06:10-06:30,23.8997719558962
2025-10-26,42,42,06:50-07:00,37.53288209444851
2025-10-26,44,45,07:10-07:30,33.7797458537778
2025-10-26,48,48,07:50-08:00,15.853778044103592
2025-10-26,51,52,08:20-08:40,52.19981797416938
2025-10-26,55,55,09:00-09:10,44.74415008929759
2025-10-26,58,59,09:30-09:50,49.00300046058726
2025-10-26,61,63,10:00-10:30,103.33968513244236
2025-10-26,65,65,10:40-10:50,12.49860036282962
2025-10-26,74,74,12:10-12:20,43.2645316207022
2025-10-26,84,84,13:50-14:00,17.05788947323856
2025-10-26,88,88,14:30-14:40,20.110069764818945
2025-10-26,107,108,17:40-18:00,31.92671703513629
2025-10-26,111,111,18:20-18:30,39.23302213355157
2025-10-26,114,114,18:50-19:00,3.40977754215794
2025-10-26,116,117,19:10-19:30,25.787877273325535
2025-10-26,120,122,19:50-20:20,51.96251219239355
2025-10-26,125,126,20:40-21:00,12.651078944597884
2025-10-26,129,131,21:20-21:50,20.659899499934
2025-10-26,137,137,22:40-22:50,8.72354698644574
2025-10-26,139,139,23:00-23:10,3.9093192130543457
2025-10-26,142,143,23:30-23:50,33.5527417225951
2025-10-27,2,3,00:10-00:30,22.94251589682858
2025-10-27,6,6,00:50-01:00,17.572276490327567
2025-10-27,8,9,01:10-01:30,30.157055428345643
2025-10-27,11,12,01:40-02:00,11.37684544018964
2025-10-27,15,15,02:20-02:30,20.57937165416513
2025-10-27,19,20,03:00-03:20,51.976280569811706
2025-10-27,23,23,03:40-03:50,9.51510551388344
2025-10-27,25,26,04:00-04:20,9.266527622055264
2025-10-27,36,37,05:50-06:10,36.993212343729624
2025-10-27,41,45,06:40-07:30,36.63124587915725
2025-10-27,47,47,07:40-07:50,5.923272745474208
2025-10-27,50,51,08:10-08:30,33.07174752599042
2025-10-27,59,61,09:40-10:10,135.94319049311025
2025-10-27,64,64,10:30-10:40,8.330718549433186
2025-10-27,84,84,13:50-14:00,6.8737500000002
2025-10-27,86,87,14:10-14:30,9.994514357152298
2025-10-27,89,89,14:40-14:50,25.51931636117513
2025-10-27,95,96,15:40-16:00,35.657089647134
2025-10-27,99,99,16:20-16:30,9.392408885567164
2025-10-27,102,103,16:50-17:10,16.277224952531093
2025-10-27,106,106,17:30-17:40,15.595388132837115
2025-10-27,109,110,18:00-18:20,32.8972004107685
2025-10-27,112,113,18:30-18:50,35.02981421145637
2025-10-27,115,115,19:00-19:10,1.7153277733912091
2025-10-27,118,119,19:30-19:50,68.82768824187417
2025-10-27,122,128,20:10-21:20,112.3993305160651
2025-10-27,133,134,22:00-22:20,13.875721094881214
2025-10-27,136,136,22:30-22:40,9.373683155678464
2025-10-27,139,139,23:00-23:10,40.46396306092902
2025-10-27,142,143,23:30-23:50,20.972484261086834
2025-10-28,1,2,00:00-00:20,18.488462929332854
2025-10-28,6,9,00:50-01:30,49.98299599289385
2025-10-28,15,18,02:20-03:00,67.36692918147139
2025-10-28,21,23,03:20-03:50,24.064885188840663
2025-10-28,26,27,04:10-04:30,36.836055540202324
2025-10-28,30,31,04:50-05:10,29.290202540747913
2025-10-28,36,36,05:50-06:00,45.420145420450126
2025-10-28,39,42,06:20-07:00,37.31804778354314
2025-10-28,44,45,07:10-07:30,21.214825947023
2025-10-28,47,48,07:40-08:00,80.87483958509574
2025-10-28,52,53,08:30-08:50,50.213091277047624
2025-10-28,59,60,09:40-10:00,74.85031645047252
2025-10-28,63,63,10:20-10:30,35.93873165548143
2025-10-28,83,83,13:40-13:50,2.201616666666723
2025-10-28,87,87,14:20-14:30,28.789381319910603
2025-10-28,89,89,14:40-14:50,30.739401434399383
2025-10-28,98,98,16:10-16:20,4.124669520425471
2025-10-28,113,113,18:40-18:50,14.252446946026453
2025-10-28,116,117,19:10-19:30,31.623350592183442
2025-10-28,120,120,19:50-20:00,20.9993204040004
2025-10-28,123,124,20:20-20:40,18.87843577444403
2025-10-28,127,128,21:00-21:20,7.7915362481903685
2025-10-28,130,130,21:30-21:40,5.260586241610554
2025-10-28,134,136,22:10-22:40,36.98165829714446
2025-10-28,143,144,23:40-24:00,59.62469343334635
2025-10-29,8,9,01:10-01:30,43.17644295302
2025-10-29,12,12,01:50-02:00,18.556330629030185
2025-10-29,15,16,02:20-02:40,56.51265706834545
2025-10-29,26,27,04:10-04:30,38.64864805895502
2025-10-29,31,32,05:00-05:20,57.435758681861174
2025-10-29,37,38,06:00-06:20,52.27740340834316
2025-10-29,41,42,06:40-07:00,30.774936716297226
2025-10-29,45,45,07:20-07:30,13.025775292801825
2025-10-29,47,49,07:40-08:10,22.390827070290868
2025-10-29,52,53,08:30-08:50,44.474761467674284
2025-10-29,55,56,09:00-09:20,59.12178470287438
2025-10-29,58,59,09:30-09:50,50.528932753369645
2025-10-29,61,64,10:00-10:40,46.386286126933555
2025-10-29,67,69,11:00-11:30,130.58619945293503
2025-10-29,78,78,12:50-13:00,38.36704521271599
2025-10-29,80,81,13:10-13:30,48.060029485082396
2025-10-29,87,88,14:20-14:40,38.7018960060534
2025-10-29,90,90,14:50-15:00,1.9165976716863042
2025-10-29,104,104,17:10-17:20,6.330805542082519
2025-10-29,108,108,17:50-18:00,6.738678234917984
2025-10-29,112,113,18:30-18:50,38.951187925102886
2025-10-29,118,126,19:30-21:00,142.26346110413033
2025-10-29,128,129,21:10-21:30,20.433474733517414
2025-10-29,133,133,22:00-22:10,20.407561113304382
2025-10-29,139,139,23:00-23:10,1.3110678510329308
2025-10-29,142,143,23:30-23:50,27.841784800631558
2025-10-30,5,6,00:40-01:00,18.885794453217727
2025-10-30,12,12,01:50-02:00,7.745729201210565
2025-10-30,14,15,02:10-02:30,28.39537140413222
2025-10-30,17,20,02:40-03:20,68.22522783260933
2025-10-30,23,24,03:40-04:00,56.68377366758784
2025-10-30,28,29,04:30-04:50,65.02907718120787
2025-10-30,32,33,05:10-05:30,15.684142107044067
2025-10-30,36,37,05:50-06:10,32.59316319440529
2025-10-30,40,40,06:30-06:40,46.43602547609669
2025-10-30,43,44,07:00-07:20,47.80760622920326
2025-10-30,49,50,08:00-08:20,79.41331232492985
2025-10-30,53,54,08:40-09:00,16.64118828887274
2025-10-30,57,57,09:20-09:30,21.818321309194516
2025-10-30,62,64,10:10-10:40,158.0493913907851
2025-10-30,85,86,14:00-14:20,74.17801923561365
2025-10-30,89,89,14:40-14:50,18.05768997142502
2025-10-30,105,107,17:20-17:50,16.52135243547073
2025-10-30,111,111,18:20-18:30,40.009082116067816
2025-10-30,115,117,19:00-19:30,19.276743650480512
2025-10-30,120,121,19:50-20:10,37.29990799447296
2025-10-30,124,126,20:30-21:00,58.16052967495716
2025-10-30,128,129,21:10-21:30,63.44257021976591
2025-10-30,132,132,21:50-22:00,10.55932556915377
2025-10-30,137,137,22:40-22:50,6.807443966311098
2025-10-30,139,140,23:00-23:20,34.74814582181875
2025-10-31,2,3,00:10-00:30,20.02801622581933
2025-10-31,6,6,00:50-01:00,12.725987511514688
2025-10-31,9,10,01:20-01:40,26.44057492433211
2025-10-31,14,15,02:10-02:30,16.885355711277782
2025-10-31,17,19,02:40-03:10,24.799793229372256
2025-10-31,22,24,03:30-04:00,30.248362284511018
2025-10-31,27,28,04:20-04:40,31.349085086383695
2025-10-31,31,33,05:00-05:30,71.71029280168433
2025-10-31,37,40,06:00-06:40,40.667849436955976
2025-10-31,44,45,07:10-07:30,7.323067309608291
2025-10-31,49,51,08:00-08:30,103.00059359314201
2025-10-31,53,55,08:40-09:10,48.80480086853572
2025-10-31,58,58,09:30-09:40,11.124286358167524
2025-10-31,61,61,10:00-10:10,3.858160077453931
2025-10-31,64,65,10:30-10:50,63.57152211569223
2025-10-31,67,69,11:00-11:30,112.64350993081803
2025-10-31,73,73,12:00-12:10,26.74370865245419
2025-10-31,93,93,15:20-15:30,7.643992936100631
2025-10-31,97,99,16:00-16:30,49.58550110544357
2025-10-31,102,102,16:50-17:00,5.267828977497075
2025-10-31,104,105,17:10-17:30,35.74666045344301
2025-10-31,108,109,17:50-18:10,67.75048718722394
2025-10-31,112,113,18:30-18:50,11.494398482883014
2025-10-31,116,118,19:10-19:40,59.83192624029505
2025-10-31,121,121,20:00-20:10,14.132073924200313
2025-10-31,125,129,20:40-21:30,44.7208326029741
2025-10-31,132,133,21:50-22:10,27.689683267534974
2025-10-31,136,136,22:30-22:40,1.4083308330043565
2025-10-31,139,140,23:00-23:20,30.104784208448564
2025-10-31,142,143,23:30-23:50,63.57136773259663
2025-11-01,4,4,00:30-00:40,0.9276567640478675
2025-11-01,7,7,01:00-01:10,7.081583142518639
2025-11-01,10,13,01:30-02:10,50.46274632188431
2025-11-01,16,17,02:30-02:50,54.695973226740364
2025-11-01,19,21,03:00-03:30,47.82654559810487
2025-11-01,25,28,04:00-04:40,49.58171651627072
2025-11-01,31,32,05:00-05:20,62.39426313330713
2025-11-01,35,35,05:40-05:50,6.6298302163818335
2025-11-01,41,42,06:40-07:00,35.654248194311435
2025-11-01,44,46,07:10-07:40,58.73347131765439
2025-11-01,50,51,08:10-08:30,76.59773483071069
2025-11-01,54,54,08:50-09:00,16.04909013780025
2025-11-01,56,57,09:10-09:30,112.96896288703385
2025-11-01,60,60,09:50-10:00,44.747667180832195
2025-11-01,63,63,10:20-10:30,34.55496479424005
2025-11-01,67,68,11:00-11:20,71.51869144342277
2025-11-01,71,71,11:40-11:50,11.817478038463832
2025-11-01,97,98,16:00-16:20,9.170087387438286
2025-11-01,102,102,16:50-17:00,20.951623803883805
2025-11-01,105,105,17:20-17:30,2.4705825052168393
2025-11-01,108,109,17:50-18:10,38.52707645366871
2025-11-01,112,112,18:30-18:40,4.599010501381883
2025-11-01,117,118,19:20-19:40,55.95689787284033
2025-11-01,121,121,20:00-20:10,38.029320042110896
2025-11-01,124,125,20:30-20:50,75.48459479536774
2025-11-01,128,129,21:10-21:30,37.53391307408873
2025-11-01,132,133,21:50-22:10,22.61522391104063
2025-11-01,137,137,22:40-22:50,24.916902289774896
2025-11-01,140,140,23:10-23:20,3.4940576589024204
2025-11-01,143,144,23:40-24:00,20.827238978812943
2025-11-02,4,5,00:30-00:50,10.850483464929766
2025-11-02,9,10,01:20-01:40,12.470583504408296
2025-11-02,12,14,01:50-02:20,20.295746420581622
2025-11-02,17,18,02:40-03:00,26.30629764442665
2025-11-02,22,23,03:30-03:50,5.8522995591524705
2025-11-02,29,31,04:40-05:10,37.192425558814065
2025-11-02,40,41,06:30-06:50,31.16632942492425
2025-11-02,43,45,07:00-07:30,48.715556840185656
2025-11-02,50,51,08:10-08:30,22.320818442275936
2025-11-02,53,55,08:40-09:10,41.04133353166776
2025-11-02,57,59,09:20-09:50,79.31835137048108
2025-11-02,63,64,10:20-10:40,52.521088147876526
2025-11-02,81,82,13:20-13:40,27.863797950858157
2025-11-02,112,112,18:30-18:40,11.14729136728522
2025-11-02,115,118,19:00-19:40,55.074588419528936
2025-11-02,122,124,20:10-20:40,167.98297473069658
2025-11-02,126,126,20:50-21:00,0.9647890511911328
2025-11-02,129,132,21:20-22:00,61.094527622055125
2025-11-02,137,138,22:40-23:00,25.073704842742586
2025-11-02,142,142,23:30-23:40,33.51914053164887
2025-11-03,2,3,00:10-00:30,3.059587287801378
2025-11-03,6,6,00:50-01:00,13.86138135938927
2025-11-03,9,10,01:20-01:40,28.62446758784074
2025-11-03,14,15,02:10-02:30,52.63727845111191
2025-11-03,18,18,02:50-03:00,27.099258415581062
2025-11-03,21,21,03:20-03:30,1.066098164232244
2025-11-03,23,24,03:40-04:00,47.99606791025167
2025-11-03,28,28,04:30-04:40,21.152843297990785
2025-11-03,31,32,05:00-05:20,59.50894906566633
2025-11-03,36,36,05:50-06:00,27.937476200815922
2025-11-03,39,41,06:20-06:50,92.71472341473533
2025-11-03,48,50,07:50-08:20,36.03776336924011
2025-11-03,52,52,08:30-08:40,7.5728416351779515
2025-11-03,55,56,09:00-09:20,57.68755559660076
2025-11-03,58,59,09:30-09:50,68.19955627150193
2025-11-03,63,65,10:20-10:50,73.02286810858573
2025-11-03,67,68,11:00-11:20,19.64173513714195
2025-11-03,75,75,12:20-12:30,30.336919488466492
2025-11-03,84,84,13:50-14:00,26.993749999999864
2025-11-03,87,88,14:20-14:40,21.990672788712914
2025-11-03,93,93,15:20-15:30,1.1052281785198375
2025-11-03,107,108,17:40-18:00,29.571513662511954
2025-11-03,115,115,19:00-19:10,17.141553118831325
2025-11-03,118,119,19:30-19:50,10.015018133964986
2025-11-03,123,125,20:20-20:50,46.50090882352981
2025-11-03,131,131,21:40-21:50,11.57076766021828
2025-11-03,137,137,22:40-22:50,9.873626075799393
2025-11-03,142,142,23:30-23:40,48.49706459402546
2025-11-04,1,1,00:00-00:10,18.997726095539065
2025-11-04,4,5,00:30-00:50,30.715849986840567
2025-11-04,8,8,01:10-01:20,14.31974224240048
2025-11-04,10,10,01:30-01:40,5.337825628372343
2025-11-04,13,14,02:00-02:20,13.961676131386298
2025-11-04,21,22,03:20-03:40,9.201697039084138
2025-11-04,31,31,05:00-05:10,1.7584986135393592
2025-11-04,36,37,05:50-06:10,51.07403009606503
2025-11-04,40,40,06:30-06:40,17.905839127328782
2025-11-04,44,45,07:10-07:30,11.141991628597793
2025-11-04,47,47,07:40-07:50,9.522133557047084
2025-11-04,52,52,08:30-08:40,48.52621480552011
2025-11-04,55,56,09:00-09:20,56.65411960784286
2025-11-04,58,61,09:30-10:10,76.13951244430655
2025-11-04,64,65,10:30-10:50,19.42162462072065
2025-11-04,84,85,13:50-14:10,40.15225477694389
2025-11-04,88,89,14:30-14:50,94.86213967251308
2025-11-04,104,104,17:10-17:20,25.22418631116883
2025-11-04,110,111,18:10-18:30,5.019756421897682
2025-11-04,114,116,18:50-19:20,9.894419609723172
2025-11-04,120,124,19:50-20:40,119.90605626142235
2025-11-04,126,127,20:50-21:10,53.05118368864305
2025-11-04,131,131,21:40-21:50,9.463301572575347
2025-11-04,134,134,22:10-22:20,1.657979517041781
2025-11-04,139,139,23:00-23:10,8.846450506645851
2025-11-04,142,143,23:30-23:50,27.892872108172128
2025-11-05,3,4,00:20-00:40,20.586465067771996
2025-11-05,7,9,01:00-01:30,54.83806750888266
2025-11-05,12,13,01:50-02:10,33.46624651269883
2025-11-05,16,16,02:30-02:40,7.054115317805213
2025-11-05,19,19,03:00-03:10,29.61619428872234
2025-11-05,23,24,03:40-04:00,45.90341498223461
2025-11-05,27,30,04:20-05:00,68.94875456639011
2025-11-05,36,37,05:50-06:10,12.665268995920655
2025-11-05,39,41,06:20-06:50,67.55007306224564
2025-11-05,47,47,07:40-07:50,27.813079933449785
2025-11-05,50,51,08:10-08:30,44.184578895718914
2025-11-05,54,54,08:50-09:00,6.007930947681189
2025-11-05,56,57,09:10-09:30,42.72220615682511
2025-11-05,60,61,09:50-10:10,64.11040873235186
2025-11-05,64,65,10:30-10:50,117.27026293309268
2025-11-05,71,71,11:40-11:50,2.6961091844793827
2025-11-05,85,88,14:00-14:40,90.00755308687258
2025-11-05,95,95,15:40-15:50,9.565282288082642
2025-11-05,100,101,16:30-16:50,15.02715881412972
2025-11-05,104,104,17:10-17:20,7.816032071889163
2025-11-05,109,109,18:00-18:10,1.2782599966160046
2025-11-05,115,116,19:00-19:20,34.47050678284768
2025-11-05,118,118,19:30-19:40,3.439872706935148
2025-11-05,122,123,20:10-20:30,25.396950532964524
2025-11-05,125,126,20:40-21:00,39.65417071983131
2025-11-05,130,132,21:30-22:00,62.91255595473069
2025-11-05,135,135,22:20-22:30,24.360213843926886
2025-11-05,137,137,22:40-22:50,1.0248214041321262
2025-11-05,141,141,23:20-23:30,5.9001756810105235
2025-11-06,7,7,01:00-01:10,14.820793992630456
2025-11-06,10,11,01:30-01:50,51.74147252270018
2025-11-06,14,18,02:10-03:00,49.82855132912175
2025-11-06,22,23,03:30-03:50,27.218629438836615
2025-11-06,33,33,05:20-05:30,19.710440189498627
2025-11-06,39,41,06:20-06:50,42.398515539638794
2025-11-06,44,48,07:10-08:00,120.5828749525318
2025-11-06,51,51,08:20-08:30,21.730503582238725
2025-11-06,55,55,09:00-09:10,0.3722017239111892
2025-11-06,58,64,09:30-10:40,696.6902519741705
2025-11-06,66,67,10:50-11:10,62.60803850882621
2025-11-06,78,79,12:50-13:10,56.293119155715885
2025-11-06,87,89,14:20-14:50,39.09051727576923
2025-11-06,106,106,17:30-17:40,3.4416596591659685
2025-11-06,110,110,18:10-18:20,6.022344493636638
2025-11-06,112,113,18:30-18:50,3.5809404146857715
2025-11-06,116,117,19:10-19:30,17.089102250296037
2025-11-06,120,123,19:50-20:30,61.51120261876554
2025-11-06,125,126,20:40-21:00,20.597214962495173
2025-11-06,129,130,21:20-21:40,11.937898249769773
2025-11-06,134,135,22:10-22:30,28.226046525858465
2025-11-06,138,139,22:50-23:10,16.288435195420334
2025-11-06,142,142,23:30-23:40,2.3818695881034273
2025-11-07,3,4,00:20-00:40,10.703057125937733
2025-11-07,7,8,01:00-01:20,26.54903987366771
2025-11-07,11,12,01:40-02:00,10.371706829845948
2025-11-07,15,15,02:20-02:30,11.621225608632926
2025-11-07,20,22,03:10-03:40,39.06282989209109
2025-11-07,26,27,04:10-04:30,12.216796335044194
2025-11-07,30,33,04:50-05:30,40.183655750756444
2025-11-07,36,38,05:50-06:20,62.989366224879234
2025-11-07,41,43,06:40-07:10,50.597037645930754
2025-11-07,46,47,07:30-07:50,64.44894142274376
2025-11-07,50,51,08:10-08:30,58.9452116866882
2025-11-07,53,54,08:40-09:00,14.229062614441887
2025-11-07,60,60,09:50-10:00,44.98344225743995
2025-11-07,62,63,10:10-10:30,65.50198455341831
2025-11-07,66,66,10:50-11:00,14.269759857499594
2025-11-07,72,74,11:50-12:20,116.8096646880233
2025-11-07,103,104,17:00-17:20,12.914772892109855
2025-11-07,106,106,17:30-17:40,3.2159840730922937
2025-11-07,110,110,18:10-18:20,3.242438241873856
2025-11-07,114,114,18:50-19:00,16.661287360179017
2025-11-07,117,119,19:20-19:50,39.61920095407288
2025-11-07,122,123,20:10-20:30,49.356145913935904
2025-11-07,127,127,21:00-21:10,6.242693670219751
2025-11-07,130,131,21:30-21:50,33.165038939334124
2025-11-07,134,134,22:10-22:20,13.787912896433738
2025-11-07,137,137,22:40-22:50,7.559885794183572
2025-11-07,143,144,23:40-24:00,49.79833941308067
2025-11-08,1,1,00:00-00:10,61.164114580866
2025-11-08,4,5,00:30-00:50,28.76306466640341
2025-11-08,7,8,01:00-01:20,44.74156875904714
2025-11-08,10,10,01:30-01:40,8.571792281879311
2025-11-08,13,14,02:00-02:20,65.0362664429532
2025-11-08,18,19,02:50-03:10,39.62523214896697
2025-11-08,22,24,03:30-04:00,52.24623963679437
2025-11-08,26,27,04:10-04:30,30.481523154362435
2025-11-08,33,33,05:20-05:30,2.668310791833619
2025-11-08,35,38,05:40-06:20,36.75725003571915
2025-11-08,41,41,06:40-06:50,0.568700078957761
2025-11-08,43,44,07:00-07:20,2.0537629782113527
2025-11-08,47,48,07:40-08:00,17.00426191510138
2025-11-08,52,55,08:30-09:10,70.17973155114385
2025-11-08,58,58,09:30-09:40,12.085700682420338
2025-11-08,61,63,10:00-10:30,86.07051628033753
2025-11-08,66,66,10:50-11:00,33.9318549414395
2025-11-08,68,69,11:10-11:30,15.418923847122414
2025-11-08,72,72,11:50-12:00,6.209879152331496
2025-11-08,99,99,16:20-16:30,12.017336985129731
2025-11-08,109,109,18:00-18:10,7.819571629725829
2025-11-08,112,114,18:30-19:00,56.85668114225558
2025-11-08,117,118,19:20-19:40,11.394086537702265
2025-11-08,123,125,20:20-20:50,44.54130794183425
2025-11-08,128,129,21:10-21:30,47.64810109224908
2025-11-08,134,134,22:10-22:20,7.516918015528404
2025-11-08,140,140,23:10-23:20,8.170430931701446
2025-11-08,143,144,23:40-24:00,26.939241959468518
2025-11-09,3,3,00:20-00:30,13.017439794709844
2025-11-09,6,6,00:50-01:00,7.7622600210555674
2025-11-09,8,9,01:10-01:30,57.57587291748928
2025-11-09,12,13,01:50-02:10,56.677582070009066
2025-11-09,21,21,03:20-03:30,7.589429530201301
2025-11-09,25,25,04:00-04:10,2.576647006185226
2025-11-09,35,36,05:40-06:00,0.5896660547441778
2025-11-09,39,42,06:20-07:00,79.79044407534819
2025-11-09,49,50,08:00-08:20,50.60773855582511
2025-11-09,55,57,09:00-09:30,39.15873002556759
2025-11-09,61,62,10:00-10:20,39.530034663395554
2025-11-09,84,86,13:50-14:20,115.92276776455537
2025-11-09,88,89,14:30-14:50,32.42671086327164
2025-11-09,98,99,16:10-16:30,9.821634742352984
2025-11-09,101,102,16:40-17:00,10.872757650442892
2025-11-09,105,105,17:20-17:30,1.3806734195652552
2025-11-09,112,113,18:30-18:50,7.170397965897669
2025-11-09,115,116,19:00-19:20,19.80751823924186
2025-11-09,118,119,19:30-19:50,25.330726924595638
2025-11-09,125,127,20:40-21:10,44.80612662850399
2025-11-09,130,131,21:30-21:50,22.004606935123206
2025-11-09,134,134,22:10-22:20,14.571499730227515
2025-11-09,142,144,23:30-24:00,51.57385642847726
2025-11-10,3,3,00:20-00:30,10.021063297802584
2025-11-10,7,9,01:00-01:30,76.26632780629018
2025-11-10,12,12,01:50-02:00,27.919918423476815
2025-11-10,16,17,02:30-02:50,52.9338102842479
2025-11-10,20,21,03:10-03:30,45.69767387156196
2025-11-10,23,25,03:40-04:10,25.010663043947375
2025-11-10,35,36,05:40-06:00,2.2452223845244523
2025-11-10,40,42,06:30-07:00,42.5942935630629
2025-11-10,45,47,07:20-07:50,24.52220076607847
2025-11-10,49,50,08:00-08:20,38.34494538285105
2025-11-10,52,52,08:30-08:40,19.593794836726374
2025-11-10,55,55,09:00-09:10,6.073953837910494
2025-11-10,61,65,10:00-10:50,118.05454075818272
2025-11-10,72,73,11:50-12:10,37.42559326509081
2025-11-10,76,76,12:30-12:40,18.246048028875975
2025-11-10,83,83,13:40-13:50,6.93362409057579
2025-11-10,85,87,14:00-14:30,80.09351416069808
2025-11-10,94,97,15:30-16:10,26.258898802473936
2025-11-10,102,103,16:50-17:10,24.306152136559213
2025-11-10,106,106,17:30-17:40,25.39234978192607
2025-11-10,109,110,18:00-18:20,51.11038764123111
2025-11-10,112,113,18:30-18:50,40.024035221739446
2025-11-10,116,117,19:10-19:30,34.10247802060451
2025-11-10,120,123,19:50-20:30,65.49242126006425
2025-11-10,125,126,20:40-21:00,83.81490820502688
2025-11-10,129,130,21:20-21:40,78.97073756415296
2025-11-10,137,137,22:40-22:50,8.040408422160795
2025-11-10,140,141,23:10-23:30,7.659631148835274
2025-11-11,2,2,00:10-00:20,6.616485899460486
2025-11-11,6,6,00:50-01:00,38.580666765363844
2025-11-11,10,11,01:30-01:50,27.220032043690253
2025-11-11,15,17,02:20-02:50,13.903507711540783
2025-11-11,20,22,03:10-03:40,35.58831110014489
2025-11-11,25,26,04:00-04:20,12.35943225424387
2025-11-11,28,29,04:30-04:50,10.277198588159957
2025-11-11,31,32,05:00-05:20,22.955177596676144
2025-11-11,37,39,06:00-06:30,41.41672193709678
2025-11-11,41,42,06:40-07:00,48.04388616171309
2025-11-11,45,45,07:20-07:30,8.57733376384138
2025-11-11,50,51,08:10-08:30,60.25243089410253
2025-11-11,53,54,08:40-09:00,75.58202012858817
2025-11-11,56,57,09:10-09:30,41.97594060402673
2025-11-11,61,61,10:00-10:10,35.294260959148346
2025-11-11,64,65,10:30-10:50,58.59778643712502
2025-11-11,85,86,14:00-14:20,44.3019336134455
2025-11-11,88,89,14:30-14:50,35.09162335175688
2025-11-11,93,93,15:20-15:30,8.460002279435457
2025-11-11,99,100,16:20-16:40,8.740626691482248
2025-11-11,104,104,17:10-17:20,16.184535562950146
2025-11-11,108,108,17:50-18:00,5.283155020397658
2025-11-11,111,111,18:20-18:30,4.383240557968065
2025-11-11,115,116,19:00-19:20,53.18302964205827
2025-11-11,118,119,19:30-19:50,37.41239784840104
2025-11-11,125,126,20:40-21:00,30.189086445584962
2025-11-11,128,130,21:10-21:40,47.64490704698005
2025-11-11,134,134,22:10-22:20,6.25468355704686
2025-11-11,139,140,23:00-23:20,57.0099104750625
2025-11-11,143,144,23:40-24:00,46.194478819581605
2025-11-12,6,7,00:50-01:10,40.18205878405047
2025-11-12,10,12,01:30-02:00,23.5095716541648
2025-11-12,15,15,02:20-02:30,1.9156263324121028
2025-11-12,19,19,03:00-03:10,0.9778027010409005
2025-11-12,36,39,05:50-06:30,96.01173943845995
2025-11-12,41,42,06:40-07:00,52.07939247833347
2025-11-12,45,45,07:20-07:30,44.97849072998349
2025-11-12,49,50,08:00-08:20,116.16743876261921
2025-11-12,52,53,08:30-08:50,26.541227697253362
2025-11-12,57,57,09:20-09:30,21.827541763013755
2025-11-12,59,60,09:40-10:00,45.29723956911653
2025-11-12,63,64,10:20-10:40,41.80645637301882
2025-11-12,82,83,13:30-13:50,21.991164289474
2025-11-12,87,87,14:20-14:30,4.554611817344494
2025-11-12,97,97,16:00-16:10,1.4695854435733509
2025-11-12,102,102,16:50-17:00,23.162523898821156
2025-11-12,105,105,17:20-17:30,0.027164724984686472
2025-11-12,111,111,18:20-18:30,6.47704237399671
2025-11-12,115,116,19:00-19:20,36.31330558626121
2025-11-12,119,121,19:40-20:10,38.94601559415696
2025-11-12,124,124,20:30-20:40,1.451368963021423
2025-11-12,127,128,21:00-21:20,68.0120983353072
2025-11-12,130,131,21:30-21:50,46.99638799184095
2025-11-12,134,134,22:10-22:20,2.4907547769444136
2025-11-12,136,136,22:30-22:40,10.08598701802839
2025-11-12,139,139,23:00-23:10,13.449119397288996
2025-11-12,142,144,23:30-24:00,41.807901039610556
2025-11-13,6,7,00:50-01:10,44.08678590604052
2025-11-13,11,13,01:40-02:10,68.23334810501376
2025-11-13,17,18,02:40-03:00,24.000751368601072
2025-11-13,21,21,03:20-03:30,7.7517146335044345
2025-11-13,25,25,04:00-04:10,4.691615692854384
2025-11-13,28,31,04:30-05:10,32.041620933149
2025-11-13,36,36,05:50-06:00,30.831997171620174
2025-11-13,38,38,06:10-06:20,0.02733875509970085
2025-11-13,41,42,06:40-07:00,93.45886363995228
2025-11-13,45,45,07:20-07:30,33.39500470550624
2025-11-13,51,53,08:20-08:50,52.61914960145111
2025-11-13,59,61,09:40-10:10,97.48878895625342
2025-11-13,64,65,10:30-10:50,42.46117347301333
2025-11-13,81,81,13:20-13:30,12.491641569379453
2025-11-13,83,84,13:40-14:00,39.24223861692326
2025-11-13,88,88,14:30-14:40,17.816908706973095
2025-11-13,97,98,16:00-16:20,20.603779869531536
2025-11-13,100,101,16:30-16:50,13.33452731750397
2025-11-13,103,104,17:00-17:20,12.631702299174387
2025-11-13,113,114,18:40-19:00,40.91620037598932
2025-11-13,118,119,19:30-19:50,7.4664843071454925
2025-11-13,122,123,20:10-20:30,10.182241479142021
2025-11-13,127,128,21:00-21:20,44.198234083431885
2025-11-13,130,131,21:30-21:50,28.122527187787796
2025-11-13,133,133,22:00-22:10,1.7819712198972866
2025-11-13,137,137,22:40-22:50,1.111920101329133
2025-11-13,139,139,23:00-23:10,30.927328108961547
2025-11-13,142,144,23:30-24:00,28.638501118568115
2025-11-14,2,3,00:10-00:30,17.510868022108298
2025-11-14,6,6,00:50-01:00,1.5410620015791778
2025-11-14,8,9,01:10-01:30,11.224019153836082
2025-11-14,11,12,01:40-02:00,52.97034737465452
2025-11-14,15,15,02:20-02:30,3.2842768587971705
2025-11-14,17,19,02:40-03:10,32.0263108237927
2025-11-14,23,24,03:40-04:00,14.317352822739679
2025-11-14,26,27,04:10-04:30,64.57725723121467
2025-11-14,30,31,04:50-05:10,50.664145675182795
2025-11-14,35,36,05:40-06:00,19.76801110014486
2025-11-14,39,40,06:20-06:40,35.523392695467464
2025-11-14,43,45,07:00-07:30,44.33825402308571
2025-11-14,49,49,08:00-08:10,4.077158178707748
2025-11-14,52,53,08:30-08:50,29.332453531479587
2025-11-14,56,57,09:10-09:30,66.01392434154855
2025-11-14,61,62,10:00-10:20,43.04294026657624
2025-11-14,64,66,10:30-11:00,116.26278408343182
2025-11-14,71,74,11:40-12:20,61.447977693493385
2025-11-14,94,94,15:30-15:40,30.65917192299736
2025-11-14,98,99,16:10-16:30,41.23456729550915
2025-11-14,102,102,16:50-17:00,8.438906580752978
2025-11-14,107,108,17:40-18:00,24.0574255898332
2025-11-14,111,113,18:20-18:50,36.25103726148183
2025-11-14,117,117,19:20-19:30,18.329873535991453
2025-11-14,119,121,19:40-20:10,33.27292674694036
2025-11-14,124,124,20:30-20:40,19.278432524016296
2025-11-14,127,128,21:00-21:20,68.1926839715751
2025-11-14,131,131,21:40-21:50,3.941902289774987
2025-11-14,137,137,22:40-22:50,11.853329780234219
2025-11-14,139,140,23:00-23:20,29.64529837478625
2025-11-14,142,143,23:30-23:50,13.619274740097353
2025-11-15,3,3,00:20-00:30,12.260449888143285
2025-11-15,6,6,00:50-01:00,11.940175963942579
2025-11-15,9,9,01:20-01:30,6.324845966574685
2025-11-15,13,13,02:00-02:10,4.043463245163821
2025-11-15,16,18,02:30-03:00,39.6901868666929
2025-11-15,20,21,03:10-03:30,23.516594742729183
2025-11-15,24,25,03:50-04:10,33.824396216607454
2025-11-15,28,29,04:30-04:50,19.042988349971047
2025-11-15,31,32,05:00-05:20,23.022926605004535
2025-11-15,35,36,05:40-06:00,1.224835774443818
2025-11-15,38,39,06:10-06:30,39.76047824713777
2025-11-15,42,44,06:50-07:20,56.74878808489842
2025-11-15,47,50,07:40-08:20,34.69602524674292
2025-11-15,53,55,08:40-09:10,83.37962699791319
2025-11-15,59,61,09:40-10:10,99.95674800537654
2025-11-15,68,68,11:10-11:20,7.290008897787175
2025-11-15,71,72,11:40-12:00,100.01978940274125
2025-11-15,75,75,12:20-12:30,7.88640480984327
2025-11-15,96,96,15:50-16:00,18.084062470625554
2025-11-15,108,109,17:50-18:10,28.067106291241316
2025-11-15,112,113,18:30-18:50,7.194186853533324
2025-11-15,116,117,19:10-19:30,5.321932466677936
2025-11-15,119,120,19:40-20:00,40.927532524016385
2025-11-15,123,123,20:20-20:30,7.530344459797334
2025-11-15,126,127,20:50-21:10,23.495134267666913
2025-11-15,130,131,21:30-21:50,51.92876925253307
2025-11-15,137,138,22:40-23:00,26.879789860508254
2025-11-15,144,144,23:50-24:00,12.697823253059482
2025-11-16,1,2,00:00-00:20,15.051650157915219
2025-11-16,5,6,00:40-01:00,21.087537248322178
2025-11-16,10,12,01:30-02:00,83.58951177786537
2025-11-16,28,28,04:30-04:40,3.150454783523969
2025-11-16,32,33,05:10-05:30,21.30641804560737
2025-11-16,36,36,05:50-06:00,28.514884376703776
2025-11-16,39,40,06:20-06:40,51.13641850149463
2025-11-16,44,45,07:10-07:30,11.146455756396335
2025-11-16,50,51,08:10-08:30,108.62454354802287
2025-11-16,54,54,08:50-09:00,50.02099959957093
2025-11-16,59,60,09:40-10:00,99.21603635346742
2025-11-16,63,66,10:20-11:00,77.24585825954557
2025-11-16,69,69,11:20-11:30,21.52739979978628
2025-11-16,83,83,13:40-13:50,35.436599308179666
2025-11-16,87,87,14:20-14:30,20.219231331190258
2025-11-16,89,89,14:40-14:50,3.1491481576526894
2025-11-16,100,101,16:30-16:50,29.685988677081596
2025-11-16,105,105,17:20-17:30,17.377872595078315
2025-11-16,107,108,17:40-18:00,41.50691719305166
2025-11-16,111,111,18:20-18:30,11.884712301954778
2025-11-16,117,118,19:20-19:40,35.74115924463774
2025-11-16,122,124,20:10-20:40,66.54207575338853
2025-11-16,128,129,21:10-21:30,58.473240051322364
2025-11-16,134,134,22:10-22:20,3.548811383076668
2025-11-16,139,140,23:00-23:20,16.025075108566966
2025-11-16,143,144,23:40-24:00,62.29614557178559
2025-11-17,6,7,00:50-01:10,50.8706590143438
2025-11-17,10,12,01:30-02:00,68.73265824450573
2025-11-17,16,18,02:30-03:00,69.32487432556911
2025-11-17,22,22,03:30-03:40,16.94832906303452
2025-11-17,25,25,04:00-04:10,0.7520946045533492
2025-11-17,28,28,04:30-04:40,2.5554119621003792
2025-11-17,31,32,05:00-05:20,29.863840637180694
2025-11-17,36,40,05:50-06:40,64.34842839377384
2025-11-17,43,45,07:00-07:30,17.004478338315167
2025-11-17,47,49,07:40-08:10,26.766161661308672
2025-11-17,53,54,08:40-09:00,57.6301979574381
2025-11-17,56,57,09:10-09:30,72.45734124132866
2025-11-17,63,64,10:20-10:40,50.477822653356725
2025-11-17,85,86,14:00-14:20,49.51220004511845
2025-11-17,100,101,16:30-16:50,17.105390627525793
2025-11-17,114,117,18:50-19:30,36.79028149756516
2025-11-17,122,124,20:10-20:40,65.90910280958019
2025-11-17,128,133,21:10-22:10,47.42627317410188
2025-11-17,139,140,23:00-23:20,42.14644325569134
2025-11-18,2,2,00:10-00:20,1.2914058231347099
2025-11-18,6,8,00:50-01:20,25.04098287932584
2025-11-18,20,20,03:10-03:20,19.682922476641693
2025-11-18,25,26,04:00-04:20,6.872386629819744
2025-11-18,28,28,04:30-04:40,22.933260336886633
2025-11-18,31,31,05:00-05:10,20.698826154757285
2025-11-18,37,37,06:00-06:10,20.62875840242134
2025-11-18,40,41,06:30-06:50,38.27516687440091
2025-11-18,43,43,07:00-07:10,15.147915783091719
2025-11-18,47,52,07:40-08:40,34.96916277329723
2025-11-18,56,58,09:10-09:40,14.156452953396752
2025-11-18,61,63,10:00-10:30,70.84408651044293
2025-11-18,65,65,10:40-10:50,12.858584262966815
2025-11-18,70,71,11:30-11:50,47.85732065215325
2025-11-18,73,74,12:00-12:20,66.68099988344295
2025-11-18,81,81,13:20-13:30,8.818930765326058
2025-11-18,84,85,13:50-14:10,94.65019705788359
2025-11-18,88,89,14:30-14:50,55.528400906134266
2025-11-18,91,91,15:00-15:10,5.249818324779085
2025-11-18,97,98,16:00-16:20,10.955439900926649
2025-11-18,113,114,18:40-19:00,19.450020741450885
2025-11-18,117,117,19:20-19:30,0.9974399723646457
2025-11-18,121,122,20:00-20:20,24.76938405711269
2025-11-18,124,126,20:30-21:00,62.447542439794574
2025-11-18,129,129,21:20-21:30,6.461217522042489
2025-11-18,131,132,21:40-22:00,22.613692610869293
2025-11-18,134,135,22:10-22:30,28.869327398341966
2025-11-18,137,138,22:40-23:00,35.309770844848
2025-11-18,142,142,23:30-23:40,59.3846670219765
2025-11-19,5,5,00:40-00:50,27.634331787077144
2025-11-19,9,12,01:20-02:00,34.60470044742726
2025-11-19,15,15,02:20-02:30,4.237603632056789
2025-11-19,18,20,02:50-03:20,68.82418274772999
2025-11-19,24,24,03:50-04:00,37.609339610475104
2025-11-19,27,28,04:20-04:40,29.971258948545938
2025-11-19,30,31,04:50-05:10,16.864731562423344
2025-11-19,35,36,05:40-06:00,39.59356686876101
2025-11-19,39,40,06:20-06:40,52.418208154268314
2025-11-19,42,43,06:50-07:10,22.984379245389086
2025-11-19,47,48,07:40-08:00,24.153616121482003
2025-11-19,50,52,08:10-08:40,60.81917746132024
2025-11-19,55,57,09:00-09:30,62.747982911285135
2025-11-19,60,60,09:50-10:00,32.75337801684407
2025-11-19,63,63,10:20-10:30,26.63432937886546
2025-11-19,69,69,11:20-11:30,13.44449164927687
2025-11-19,84,86,13:50-14:20,60.00638673697631
2025-11-19,99,99,16:20-16:30,9.671123268099137
2025-11-19,114,115,18:50-19:10,37.63991320098512
2025-11-19,118,119,19:30-19:50,47.72788311619934
2025-11-19,121,123,20:00-20:30,14.416100144755774
2025-11-19,125,126,20:40-21:00,47.6995613567575
2025-11-19,130,130,21:30-21:40,9.908017969469824
2025-11-19,134,134,22:10-22:20,28.027705290169706
2025-11-19,137,138,22:40-23:00,14.963231247532576
2025-11-19,142,144,23:30-24:00,36.67492828003685
2025-11-20,1,1,00:00-00:10,6.552140380313176
2025-11-20,6,7,00:50-01:10,36.32473491906842
2025-11-20,10,10,01:30-01:40,32.434773825503385
2025-11-20,13,13,02:00-02:10,37.20671996973283
2025-11-20,16,17,02:30-02:50,62.971960843532315
2025-11-20,19,22,03:00-03:40,64.8929279642058
2025-11-20,26,28,04:10-04:40,28.981231543624403
2025-11-20,32,33,05:10-05:30,35.43741207395739
2025-11-20,38,40,06:10-06:40,12.982450394788629
2025-11-20,42,43,06:50-07:10,34.54621352527571
2025-11-20,47,49,07:40-08:10,73.57084556144622
2025-11-20,53,54,08:40-09:00,13.901586981369633
2025-11-20,57,59,09:20-09:50,18.42108974395103
2025-11-20,63,63,10:20-10:30,2.4399974131932822
2025-11-20,65,65,10:40-10:50,25.927284968886852
2025-11-20,79,79,13:00-13:10,35.710063897505734
2025-11-20,82,85,13:30-14:10,69.40007514052627
2025-11-20,88,88,14:30-14:40,16.863795172297046
2025-11-20,102,102,16:50-17:00,27.302914763220723
2025-11-20,105,105,17:20-17:30,21.655852689239737
2025-11-20,108,109,17:50-18:10,32.45358754629383
2025-11-20,112,115,18:30-19:10,44.36750533904855
2025-11-20,121,122,20:00-20:20,13.98836140939602
2025-11-20,124,125,20:30-20:50,44.114479589419716
2025-11-20,127,128,21:00-21:20,15.47155486248198
2025-11-20,131,131,21:40-21:50,1.3868415252007935
2025-11-20,136,136,22:30-22:40,5.232889669693122
2025-11-20,139,142,23:00-23:40,86.06470933017533
2025-11-21,5,6,00:40-01:00,23.73580151335716
2025-11-21,9,10,01:20-01:40,59.05002961573905
2025-11-21,13,13,02:00-02:10,24.139990630346063
2025-11-21,16,17,02:30-02:50,61.73578788656391
2025-11-21,20,21,03:10-03:30,75.78997714172914
2025-11-21,27,28,04:20-04:40,35.86325728385316
2025-11-21,31,31,05:00-05:10,0.3781584484800078
2025-11-21,34,35,05:30-05:50,12.512060036094908
2025-11-21,37,37,06:00-06:10,16.152063429398652
2025-11-21,40,41,06:30-06:50,50.65033098433986
2025-11-21,43,45,07:00-07:30,35.90749671009337
2025-11-21,49,49,08:00-08:10,6.5929003092514336
2025-11-21,53,55,08:40-09:10,80.16766197807965
2025-11-21,61,61,10:00-10:10,7.7942314543266775
2025-11-21,64,64,10:30-10:40,9.682439119809032
2025-11-21,67,70,11:00-11:40,154.1308134848573
2025-11-21,73,74,12:00-12:20,44.229768058766695
2025-11-21,96,96,15:50-16:00,12.671484476340765
2025-11-21,107,107,17:40-17:50,23.23751460060538
2025-11-21,111,111,18:20-18:30,4.454069344650691
2025-11-21,113,115,18:40-19:10,39.00079848946308
2025-11-21,118,121,19:30-20:10,36.798285267798576
2025-11-21,125,127,20:40-21:10,60.9056082971444
2025-11-21,130,130,21:30-21:40,20.448971154099127
2025-11-21,134,134,22:10-22:20,4.0733064942755846
2025-11-21,136,136,22:30-22:40,16.046458158968335
2025-11-21,139,140,23:00-23:20,10.202383603105602
2025-11-21,142,142,23:30-23:40,21.85515425055928
2025-11-22,2,2,00:10-00:20,12.659129951309069
2025-11-22,4,5,00:30-00:50,19.960908422160912
2025-11-22,8,9,01:10-01:30,11.34752534544009
2025-11-22,11,15,01:40-02:30,60.7643287998423
2025-11-22,17,18,02:40-03:00,60.42843951177781
2025-11-22,22,23,03:30-03:50,40.45951120542179
2025-11-22,28,28,04:30-04:40,8.196374187393076
2025-11-22,31,32,05:00-05:20,15.586360144191945
2025-11-22,35,36,05:40-06:00,58.322532056849525
2025-11-22,39,42,06:20-07:00,26.36297699791305
2025-11-22,45,46,07:20-07:40,45.98620591149216
2025-11-22,49,50,08:00-08:20,26.64923324121611
2025-11-22,52,53,08:30-08:50,22.103138687421165
2025-11-22,55,58,09:00-09:40,45.81601941514862
2025-11-22,63,64,10:20-10:40,25.487370299663326
2025-11-22,66,67,10:50-11:10,20.024857549865374
2025-11-22,70,73,11:30-12:10,81.93247163630508
2025-11-22,98,98,16:10-16:20,6.775774549282772
2025-11-22,101,101,16:40-16:50,2.202994218224333
2025-11-22,106,108,17:30-18:00,6.966747868140567
2025-11-22,111,112,18:20-18:40,46.53841173744672
2025-11-22,116,117,19:10-19:30,36.18883655368171
2025-11-22,120,121,19:50-20:10,22.604647466771894
2025-11-22,125,126,20:40-21:00,50.38616794973046
2025-11-22,129,131,21:20-21:50,24.57312701013302
2025-11-22,134,135,22:10-22:30,34.228120930385614
2025-11-22,139,139,23:00-23:10,18.42383026056052
2025-11-22,142,144,23:30-24:00,8.657118041847582
2025-11-23,1,1,00:00-00:10,2.1356823924202217
2025-11-23,4,4,00:30-00:40,25.572602289774977
2025-11-23,8,9,01:10-01:30,50.18528345176992
2025-11-23,12,12,01:50-02:00,30.095191768653763
2025-11-23,18,18,02:50-03:00,8.82368601131725
2025-11-23,21,21,03:20-03:30,0.14346028709019265
2025-11-23,26,26,04:10-04:20,0.2881973483353022
2025-11-23,29,30,04:40-05:00,33.75245124677576
2025-11-23,33,33,05:20-05:30,1.2134380262018567
2025-11-23,38,38,06:10-06:20,4.65622888631958
2025-11-23,41,42,06:40-07:00,46.84762054311661
2025-11-23,44,46,07:10-07:40,33.945331921493576
2025-11-23,48,49,07:50-08:10,35.35417370894652
2025-11-23,53,54,08:40-09:00,42.100183234636006
2025-11-23,57,61,09:20-10:10,131.37673107175772
2025-11-23,68,68,11:10-11:20,2.7012452503142867
2025-11-23,84,85,13:50-14:10,39.207030182542894
2025-11-23,89,89,14:40-14:50,8.162302066061216
2025-11-23,109,110,18:00-18:20,15.417691504521462
2025-11-23,113,114,18:40-19:00,53.87626429229465
2025-11-23,117,117,19:20-19:30,1.0625199170942778
2025-11-23,121,121,20:00-20:10,14.842746460060539
2025-11-23,124,125,20:30-20:50,48.16215708645859
2025-11-23,127,127,21:00-21:10,37.982852105540246
2025-11-23,131,131,21:40-21:50,7.909462685879589
2025-11-23,134,134,22:10-22:20,12.804093611001463
2025-11-23,139,140,23:00-23:20,33.7139903605738
2025-11-23,142,142,23:30-23:40,3.764433925516528
2025-11-23,144,144,23:50-24:00,0.9512971312014997
2025-11-24,1,2,00:00-00:20,28.14856539018274
2025-11-24,6,6,00:50-01:00,4.734059922358142
2025-11-24,8,9,01:10-01:30,15.84407054217661
2025-11-24,13,17,02:00-02:50,15.810532635873187
2025-11-24,20,20,03:10-03:20,7.496849671009272
2025-11-24,33,33,05:20-05:30,20.746897618107823
2025-11-24,36,37,05:50-06:10,77.22554899234831
2025-11-24,41,43,06:40-07:10,43.58457819637924
2025-11-24,48,48,07:50-08:00,9.542766143101971
2025-11-24,52,54,08:30-09:00,88.55473083864376
2025-11-24,57,58,09:20-09:40,50.12286959562334
2025-11-24,62,62,10:10-10:20,1.2954321583670207
2025-11-24,80,81,13:10-13:30,22.048034860790153
2025-11-24,84,87,13:50-14:30,88.28740775759945
2025-11-24,95,95,15:40-15:50,11.435770909706378
2025-11-24,105,105,17:20-17:30,0.40920055270430566
2025-11-24,113,114,18:40-19:00,32.201627060891724
2025-11-24,118,119,19:30-19:50,58.689638630083095
2025-11-24,121,121,20:00-20:10,19.718475483615975
2025-11-24,125,126,20:40-21:00,21.936622878010667
2025-11-24,129,129,21:20-21:30,6.208243314909964
2025-11-24,131,131,21:40-21:50,7.4016010593499
2025-11-24,137,139,22:40-23:10,40.139545538886296
2025-11-24,143,143,23:40-23:50,20.889173812343643
2025-11-25,6,6,00:50-01:00,26.636440215818084
2025-11-25,9,10,01:20-01:40,16.875913014870434
2025-11-25,14,15,02:10-02:30,43.048151217265286
2025-11-25,18,19,02:50-03:10,26.435359626266745
2025-11-25,22,25,03:30-04:10,34.8087649032766
2025-11-25,28,30,04:30-05:00,31.469955257270385
2025-11-25,33,33,05:20-05:30,10.712006854285164
2025-11-25,37,38,06:00-06:20,56.81569178557326
2025-11-25,40,41,06:30-06:50,20.444712730998255
2025-11-25,45,47,07:20-07:50,24.49783661854019
2025-11-25,50,51,08:10-08:30,46.21516990393525
2025-11-25,53,55,08:40-09:10,41.09030506927604
2025-11-25,58,59,09:30-09:50,41.72584955069283
2025-11-25,61,62,10:00-10:20,27.216869326790857
2025-11-25,67,68,11:00-11:20,32.540425820126416
2025-11-25,80,81,13:10-13:30,35.603365754892934
2025-11-25,84,84,13:50-14:00,53.52197445528543
2025-11-25,87,87,14:20-14:30,25.75052007970976
2025-11-25,105,106,17:20-17:40,5.586889161168235
2025-11-25,113,114,18:40-19:00,35.68439669317388
2025-11-25,117,117,19:20-19:30,15.524286820634302
2025-11-25,120,120,19:50-20:00,15.080902197657565
2025-11-25,122,124,20:10-20:40,42.03168129359108
2025-11-25,128,130,21:10-21:40,77.9735133043821
2025-11-25,137,137,22:40-22:50,2.9040245624423733
2025-11-25,140,142,23:10-23:40,30.612145321753133
2025-11-26,6,6,00:50-01:00,34.06885380313224
2025-11-26,11,16,01:40-02:40,63.01919098565622
2025-11-26,36,37,05:50-06:10,55.58775451939141
2025-11-26,42,44,06:50-07:20,86.34361685936122
2025-11-26,47,48,07:40-08:00,43.30563259921399
2025-11-26,50,51,08:10-08:30,66.67198364728426
2025-11-26,54,54,08:50-09:00,12.506577495158922
2025-11-26,57,58,09:20-09:40,22.88641210027629
2025-11-26,61,62,10:00-10:20,35.648908932566314
2025-11-26,64,64,10:30-10:40,27.621723617769362
2025-11-26,68,68,11:10-11:20,4.767517696877576
2025-11-26,71,72,11:40-12:00,43.56131899685988
2025-11-26,79,80,13:00-13:20,20.95806523508702
2025-11-26,84,85,13:50-14:10,67.01471065553687
2025-11-26,89,89,14:40-14:50,19.02416046754263
2025-11-26,96,96,15:50-16:00,15.422447948978117
2025-11-26,113,114,18:40-19:00,18.457312178294274
2025-11-26,118,118,19:30-19:40,6.668039992104013
2025-11-26,121,122,20:00-20:20,46.132662455586114
2025-11-26,126,128,20:50-21:20,42.256766725884745
2025-11-26,131,131,21:40-21:50,2.9550547901039863
2025-11-26,134,134,22:10-22:20,5.499041222529286
2025-11-26,139,140,23:00-23:20,71.55831738386598
2025-11-27,4,4,00:30-00:40,7.020896611395983
2025-11-27,8,10,01:10-01:40,24.68564847439984
2025-11-27,30,30,04:50-05:00,11.127972759573481
2025-11-27,36,36,05:50-06:00,13.18725322034868
2025-11-27,38,39,06:10-06:30,48.26902400973814
2025-11-27,42,43,06:50-07:10,50.069391305246974
2025-11-27,45,45,07:20-07:30,8.13170005075878
2025-11-27,52,56,08:30-09:20,68.13792259789841
2025-11-27,58,60,09:30-10:00,38.115813476397875
2025-11-27,62,63,10:10-10:30,57.38203445096201
2025-11-27,83,84,13:40-14:00,64.18427296166806
2025-11-27,88,89,14:30-14:50,64.71109168311602
2025-11-27,96,98,15:50-16:20,11.070467703457382
2025-11-27,105,107,17:20-17:50,44.19903130675088
2025-11-27,111,111,18:20-18:30,15.81635017765484
2025-11-27,114,115,18:50-19:10,22.329104053164883
2025-11-27,118,120,19:30-20:00,25.367548361626405
2025-11-27,122,123,20:10-20:30,45.59667858928822
2025-11-27,127,130,21:00-21:40,36.30561837083849
2025-11-27,133,133,22:00-22:10,7.435045407290318
2025-11-27,137,137,22:40-22:50,6.802622364784838
2025-11-27,139,140,23:00-23:20,21.76402327937899
2025-11-27,142,142,23:30-23:40,6.751919206474668
2025-11-28,3,3,00:20-00:30,3.7535302474009313
2025-11-28,7,8,01:00-01:20,16.64847217397039
2025-11-28,12,15,01:50-02:30,51.45510937623362
2025-11-28,19,19,03:00-03:10,40.376212534543924
2025-11-28,22,23,03:30-03:50,36.27069199236723
2025-11-28,25,26,04:00-04:20,46.631775325700744
2025-11-28,29,30,04:40-05:00,62.16247013422816
2025-11-28,33,33,05:20-05:30,18.957533607805544
2025-11-28,35,36,05:40-06:00,51.627338294512356
2025-11-28,41,42,06:40-07:00,23.16560837328217
2025-11-28,45,48,07:20-08:00,77.02970103867051
2025-11-28,52,52,08:30-08:40,27.133288172315986
2025-11-28,55,58,09:00-09:40,49.92822392044093
2025-11-28,61,62,10:00-10:20,50.90374259113037
2025-11-28,64,64,10:30-10:40,3.8171269537343733
2025-11-28,70,72,11:30-12:00,146.36963143646744
2025-11-28,91,91,15:00-15:10,13.62605879157013
2025-11-28,107,107,17:40-17:50,1.7729950510405388
2025-11-28,110,111,18:10-18:30,67.66311434493264
2025-11-28,114,114,18:50-19:00,62.4481858665614
2025-11-28,117,118,19:20-19:40,30.397122937228573
2025-11-28,121,121,20:00-20:10,1.5966032833266581
2025-11-28,124,124,20:30-20:40,10.226159165679746
2025-11-28,130,131,21:30-21:50,18.185284761152786
2025-11-28,137,137,22:40-22:50,15.429943176733616
2025-11-28,139,139,23:00-23:10,4.428695157257607
2025-11-28,142,144,23:30-24:00,50.044358468219514
2025-11-29,7,7,01:00-01:10,24.783241689696013
2025-11-29,10,12,01:30-02:00,70.20141794973034
2025-11-29,15,15,02:20-02:30,27.240217416765404
2025-11-29,20,23,03:10-03:50,78.30003371496258
2025-11-29,26,27,04:10-04:30,96.95763027372004
2025-11-29,30,30,04:50-05:00,19.05651802210815
2025-11-29,33,33,05:20-05:30,3.2707438723140854
2025-11-29,37,38,06:00-06:20,58.51813812437723
2025-11-29,40,40,06:30-06:40,6.413662958472003
2025-11-29,43,45,07:00-07:30,77.90136507623185
2025-11-29,47,48,07:40-08:00,42.931409301035785
2025-11-29,51,53,08:20-08:50,57.82940296185632
2025-11-29,56,57,09:10-09:30,32.46717757505701
2025-11-29,59,60,09:40-10:00,43.10206255522371
2025-11-29,63,66,10:20-11:00,88.56418766097022
2025-11-29,69,72,11:20-12:00,106.02410896264541
2025-11-29,75,76,12:20-12:40,71.16716530558529
2025-11-29,79,79,13:00-13:10,15.344414938055593
2025-11-29,90,90,14:50-15:00,0.9556285328894774
2025-11-29,93,93,15:20-15:30,7.94908813095725
2025-11-29,99,99,16:20-16:30,26.574124658320073
2025-11-29,107,107,17:40-17:50,5.12389757110904
2025-11-29,109,111,18:00-18:30,26.050240163179524
2025-11-29,114,115,18:50-19:10,27.402132181866023
2025-11-29,119,121,19:40-20:10,45.73895182918807
2025-11-29,125,126,20:40-21:00,16.906469667061458
2025-11-29,128,129,21:10-21:30,39.93367862876704
2025-11-29,133,133,22:00-22:10,7.42009318989335
2025-11-29,137,137,22:40-22:50,33.64001535728386
2025-11-29,142,143,23:30-23:50,48.63058866956186
2025-11-30,6,10,00:50-01:40,50.73655036846958
2025-11-30,14,15,02:10-02:30,30.468056704829564
2025-11-30,18,18,02:50-03:00,4.732767791814808
2025-11-30,23,23,03:40-03:50,26.01798373470183
2025-11-30,27,27,04:20-04:30,14.554917118887374
2025-11-30,37,38,06:00-06:20,66.8764735106123
2025-11-30,40,42,06:30-07:00,53.24544387889355
2025-11-30,47,47,07:40-07:50,26.398591450002982
2025-11-30,49,50,08:00-08:20,81.88882421277242
2025-11-30,55,56,09:00-09:20,54.31302777151154
2025-11-30,59,61,09:40-10:10,59.238193688079036
2025-11-30,64,65,10:30-10:50,12.019227654954761
2025-11-30,70,71,11:30-11:50,22.69958955783659
2025-11-30,73,73,12:00-12:10,52.79500093527395
2025-11-30,76,77,12:30-12:50,55.012831238132435
2025-11-30,79,79,13:00-13:10,1.4018739852989484
2025-11-30,83,84,13:40-14:00,70.90853844114838
2025-11-30,87,87,14:20-14:30,36.91863762525168
2025-11-30,89,90,14:40-15:00,29.822921017802855
2025-11-30,96,96,15:50-16:00,9.418465837168526
2025-11-30,113,114,18:40-19:00,45.05100069934008
2025-11-30,120,120,19:50-20:00,28.331001862087305
2025-11-30,122,123,20:10-20:30,33.0517326029742
2025-11-30,127,129,21:00-21:30,79.37623832083182
2025-11-30,133,133,22:00-22:10,3.0285799973678422
2025-11-30,137,137,22:40-22:50,18.068365205948112
2025-11-30,139,140,23:00-23:20,16.975726424529512
2025-11-30,144,144,23:50-24:00,9.43334837478642
2025-12-01,1,2,00:00-00:20,62.173449723647764
2025-12-01,4,5,00:30-00:50,15.023228628767129
2025-12-01,8,10,01:10-01:40,77.15955898144477
2025-12-01,13,15,02:00-02:30,53.649149230161925
2025-12-01,18,21,02:50-03:30,13.466640136860178
2025-12-01,24,28,03:50-04:40,38.04391654165033
2025-12-01,30,39,04:50-06:30,485.93059348613207
2025-12-01,42,45,06:50-07:30,274.1400756659756
2025-12-01,47,49,07:40-08:10,160.50573809899802
2025-12-01,51,51,08:20-08:30,15.627904550410904
2025-12-01,55,65,09:00-10:50,2688.7323240340756
2025-12-01,78,79,12:50-13:10,102.25381627093805
2025-12-01,82,83,13:30-13:50,39.86225713721731
2025-12-01,88,90,14:30-15:00,29.02178371684215
2025-12-01,93,95,15:20-15:50,51.44358306544103
2025-12-01,97,99,16:00-16:30,45.27387320700126
2025-12-01,102,102,16:50-17:00,0.004059226778053926
2025-12-01,105,108,17:20-18:00,47.58516941796847
2025-12-01,111,111,18:20-18:30,6.8354798009136175
2025-12-01,113,114,18:40-19:00,110.61204353029262
2025-12-01,117,117,19:20-19:30,29.205042295038993
2025-12-01,120,124,19:50-20:40,183.87517891827906
2025-12-01,126,128,20:50-21:20,68.86165284905917
2025-12-01,130,130,21:30-21:40,11.004715442821407
2025-12-01,133,133,22:00-22:10,6.608194440058014
2025-12-01,137,137,22:40-22:50,25.361535070403875
2025-12-01,142,144,23:30-24:00,75.38490261876564
2025-12-02,1,1,00:00-00:10,25.734115337544154
2025-12-02,3,3,00:20-00:30,25.687595394130767
2025-12-02,8,9,01:10-01:30,39.078777214106935
2025-12-02,11,12,01:40-02:00,67.09939472956978
2025-12-02,15,15,02:20-02:30,23.401591031714588
2025-12-02,17,18,02:40-03:00,29.03756650875141
2025-12-02,21,24,03:20-04:00,60.92532749045938
2025-12-02,28,37,04:30-06:10,282.7867671190025
2025-12-02,40,41,06:30-06:50,8.446795331152288
2025-12-02,44,50,07:10-08:20,307.1213166431671
2025-12-02,54,66,08:50-11:00,3340.067158507023
2025-12-02,70,70,11:30-11:40,14.315449745266733
2025-12-02,74,74,12:10-12:20,8.315484150170278
2025-12-02,79,79,13:00-13:10,27.405915088451252
2025-12-02,82,83,13:30-13:50,54.95487688605681
2025-12-02,85,86,14:00-14:20,92.86416684244182
2025-12-02,89,90,14:40-15:00,5.649568165924052
2025-12-02,93,98,15:20-16:20,52.13696344067816
2025-12-02,101,105,16:40-17:30,86.28710977760196
2025-12-02,108,110,17:50-18:20,59.51053989528729
2025-12-02,112,113,18:30-18:50,249.53668316194728
2025-12-02,117,117,19:20-19:30,53.87058333991331
2025-12-02,119,120,19:40-20:00,17.709770779049904
2025-12-02,122,122,20:10-20:20,212.19271248190506
2025-12-02,124,125,20:30-20:50,54.11449610475063
2025-12-02,127,129,21:00-21:30,35.071999605211204
2025-12-02,132,132,21:50-22:00,4.761903539939567
2025-12-02,139,140,23:00-23:20,50.875290498749905
2025-12-02,142,142,23:30-23:40,3.2060511975262216
2025-12-03,2,2,00:10-00:20,16.816035603368846
2025-12-03,4,4,00:30-00:40,8.569948947229932
2025-12-03,7,8,01:00-01:20,70.73362663508351
2025-12-03,10,11,01:30-01:50,21.986990367153567
2025-12-03,14,15,02:10-02:30,27.029104849322152
2025-12-03,18,18,02:50-03:00,27.22596148177388
2025-12-03,21,21,03:20-03:30,15.288921798921024
2025-12-03,23,25,03:40-04:10,57.37729892749019
2025-12-03,28,29,04:30-04:50,15.582145196736406
2025-12-03,32,34,05:10-05:40,52.63866954486515
2025-12-03,38,40,06:10-06:40,41.268728822401584
2025-12-03,43,45,07:00-07:30,77.9460673161886
2025-12-03,48,49,07:50-08:10,66.02270436147637
2025-12-03,53,55,08:40-09:10,79.9188447812677
2025-12-03,57,59,09:20-09:50,566.9424456251818
2025-12-03,61,64,10:00-10:40,663.8319439042731
2025-12-03,69,69,11:20-11:30,76.70286528584609
2025-12-03,72,73,11:50-12:10,65.58053520669978
2025-12-03,76,77,12:30-12:50,77.98344035117418
2025-12-03,81,82,13:20-13:40,99.3981215413678
2025-12-03,86,88,14:10-14:40,82.29416990957407
2025-12-03,96,96,15:50-16:00,31.738229723835445
2025-12-03,98,100,16:10-16:40,67.42074365706067
2025-12-03,104,107,17:10-17:50,44.73065553456293
2025-12-03,110,111,18:10-18:30,17.90305797849323
2025-12-03,114,115,18:50-19:10,76.66046618634005
2025-12-03,120,126,19:50-21:00,92.28227938694442
2025-12-03,129,130,21:20-21:40,38.50172029214389
2025-12-03,133,133,22:00-22:10,2.194199677588813
2025-12-03,137,137,22:40-22:50,10.766726345571783
2025-12-03,139,140,23:00-23:20,26.408769963153077
2025-12-03,142,142,23:30-23:40,26.534771344913906
2025-12-04,1,1,00:00-00:10,17.009624575602174
2025-12-04,5,6,00:40-01:00,45.44143520857995
2025-12-04,9,9,01:20-01:30,43.86028116199509
2025-12-04,12,15,01:50-02:30,34.659965778391665
2025-12-04,17,18,02:40-03:00,8.440862231872416
2025-12-04,20,22,03:10-03:40,55.56757897091711
2025-12-04,25,26,04:00-04:20,29.62193684037345
2025-12-04,28,28,04:30-04:40,14.407466199499936
2025-12-04,31,32,05:00-05:20,39.30710284247953
2025-12-04,35,36,05:40-06:00,46.36960146541833
2025-12-04,39,40,06:20-06:40,69.38257370236667
2025-12-04,43,44,07:00-07:20,58.01275998251633
2025-12-04,48,50,07:50-08:20,132.33028188013486
2025-12-04,54,54,08:50-09:00,19.06908151072514
2025-12-04,57,65,09:20-10:50,1366.3638118491067
2025-12-04,67,68,11:00-11:20,13.901105512943332
2025-12-04,81,81,13:20-13:30,6.196513001710628
2025-12-04,85,86,14:00-14:20,52.057944749309286
2025-12-04,88,88,14:30-14:40,5.976431799297075
2025-12-04,95,96,15:40-16:00,15.330396165849095
2025-12-04,100,100,16:30-16:40,43.64746941796896
2025-12-04,103,104,17:00-17:20,48.900286761415806
2025-12-04,106,108,17:30-18:00,56.68211869982906
2025-12-04,111,111,18:20-18:30,8.709228016844463
2025-12-04,113,114,18:40-19:00,15.376848199011079
2025-12-04,117,117,19:20-19:30,5.032399651269998
2025-12-04,119,120,19:40-20:00,58.00669461771281
2025-12-04,123,124,20:20-20:40,58.55826969996042
2025-12-04,128,128,21:10-21:20,10.560689584155625
2025-12-04,131,133,21:40-22:10,19.780575312541032
2025-12-04,137,138,22:40-23:00,76.52534715094055
2025-12-04,141,141,23:20-23:30,24.20612383208322
2025-12-04,144,144,23:50-24:00,8.88467666140275
2025-12-05,3,3,00:20-00:30,11.80010523753117
2025-12-05,6,7,00:50-01:10,84.99806691011997
2025-12-05,10,12,01:30-02:00,60.10560336886408
2025-12-05,15,18,02:20-03:00,69.74220365837624
2025-12-05,21,23,03:20-03:50,35.350329602579336
2025-12-05,25,27,04:00-04:30,47.654119621002906
2025-12-05,29,30,04:40-05:00,60.14155068430068
2025-12-05,33,33,05:20-05:30,15.463384162389843
2025-12-05,36,38,05:50-06:20,30.470879549940832
2025-12-05,40,42,06:30-07:00,90.16835887710783
2025-12-05,45,48,07:20-08:00,55.487212555223266
2025-12-05,51,52,08:20-08:40,55.5418626943395
2025-12-05,55,57,09:00-09:30,38.280446416821746
2025-12-05,60,63,09:50-10:30,102.71998413419055
2025-12-05,77,77,12:40-12:50,8.48029761058774
2025-12-05,91,91,15:00-15:10,2.0112052129069866
2025-12-05,95,95,15:40-15:50,7.266401331942063
2025-12-05,103,104,17:00-17:20,30.232713384279954
2025-12-05,107,108,17:40-18:00,8.821378450172176
2025-12-05,112,112,18:30-18:40,28.85269155151991
2025-12-05,115,119,19:00-19:50,47.00042876036332
2025-12-05,123,123,20:20-20:30,8.027078931438382
2025-12-05,125,126,20:40-21:00,20.646932412159458
2025-12-05,129,131,21:20-21:50,86.85882097644429
2025-12-05,134,135,22:10-22:30,69.65513872877983
2025-12-05,140,141,23:10-23:30,87.38789138702447
2025-12-05,144,144,23:50-24:00,33.37908920910667
2025-12-06,1,3,00:00-00:30,25.60923682721409
2025-12-06,6,6,00:50-01:00,38.20927605605999
2025-12-06,9,9,01:20-01:30,13.33243832741141
2025-12-06,11,13,01:40-02:10,47.003321930517416
2025-12-06,16,17,02:30-02:50,76.09006028424795
2025-12-06,20,21,03:10-03:30,41.405645762600386
2025-12-06,23,24,03:40-04:00,17.072608974865034
2025-12-06,28,30,04:30-05:00,53.9620489538097
2025-12-06,33,33,05:20-05:30,18.486386208711792
2025-12-06,36,36,05:50-06:00,15.714466666666794
2025-12-06,38,39,06:10-06:30,22.284829152331895
2025-12-06,41,42,06:40-07:00,61.61414987028377
2025-12-06,45,46,07:20-07:40,35.07981079935328
2025-12-06,49,50,08:00-08:20,94.76260362735707
2025-12-06,54,55,08:50-09:10,54.257647948978274
2025-12-06,57,59,09:20-09:50,56.94509061154645
2025-12-06,62,68,10:10-11:20,102.13603744383659
2025-12-06,71,72,11:40-12:00,56.61366151937261
2025-12-06,78,78,12:50-13:00,14.061255239411025
2025-12-06,80,80,13:10-13:20,8.022560834132378
2025-12-06,92,92,15:10-15:20,14.772489804109114
2025-12-06,97,97,16:00-16:10,28.799883767601074
2025-12-06,100,100,16:30-16:40,38.14388298366343
2025-12-06,103,104,17:00-17:20,36.47296631417659
2025-12-06,107,108,17:40-18:00,102.41062159494663
2025-12-06,111,111,18:20-18:30,30.92503992254609
2025-12-06,114,117,18:50-19:30,50.408939208166544
2025-12-06,121,122,20:00-20:20,63.80180062508225
2025-12-06,126,128,20:50-21:20,83.0206250559284
2025-12-06,131,132,21:40-22:00,48.652037268061406
2025-12-06,136,137,22:30-22:50,4.090355211211829
2025-12-06,139,140,23:00-23:20,18.57800070403988
2025-12-06,142,143,23:30-23:50,32.06863381365969
2025-12-07,3,3,00:20-00:30,8.404290696144244
2025-12-07,5,5,00:40-00:50,2.0536381300171342
2025-12-07,8,9,01:10-01:30,50.3484950190815
2025-12-07,13,14,02:00-02:20,49.26415625082245
2025-12-07,16,16,02:30-02:40,12.184878233978225
2025-12-07,19,19,03:00-03:10,54.620659198578664
2025-12-07,23,24,03:40-04:00,52.93126460060557
2025-12-07,27,28,04:20-04:40,41.48570790893518
2025-12-07,31,32,05:00-05:20,27.496772417423486
2025-12-07,36,36,05:50-06:00,14.519748651138002
2025-12-07,39,40,06:20-06:40,52.03073059519122
2025-12-07,43,44,07:00-07:20,20.37809169815622
2025-12-07,47,48,07:40-08:00,13.73241046378294
2025-12-07,55,61,09:00-10:10,64.8792827026117
2025-12-07,64,65,10:30-10:50,87.1708196821013
2025-12-07,78,78,12:50-13:00,5.4902455680257845
2025-12-07,85,85,14:00-14:10,37.04293805669931
2025-12-07,88,89,14:30-14:50,63.69125232549368
2025-12-07,97,97,16:00-16:10,8.626111074765475
2025-12-07,100,100,16:30-16:40,2.6461049968977335
2025-12-07,103,103,17:00-17:10,6.235061879383011
2025-12-07,105,106,17:20-17:40,13.410016554810227
2025-12-07,109,110,18:00-18:20,21.744325786300315
2025-12-07,112,112,18:30-18:40,37.249105428345956
2025-12-07,115,117,19:00-19:30,61.77605474404538
2025-12-07,120,123,19:50-20:30,57.59888507698395
2025-12-07,126,126,20:50-21:00,23.455656612712005
2025-12-07,129,129,21:20-21:30,52.64972743124099
2025-12-07,134,134,22:10-22:20,4.153095808659145
2025-12-07,139,141,23:00-23:30,41.65147190419793
2025-12-08,6,6,00:50-01:00,4.725963370180352
2025-12-08,10,10,01:30-01:40,13.830791380444907
2025-12-08,13,14,02:00-02:20,64.15083760363211
2025-12-08,16,16,02:30-02:40,9.787142696407614
2025-12-08,19,20,03:00-03:20,13.085200355310008
2025-12-08,22,23,03:30-03:50,50.98976262666133
2025-12-08,39,40,06:20-06:40,76.45444243603475
2025-12-08,43,43,07:00-07:10,33.56954342018691
2025-12-08,50,51,08:10-08:30,14.739545506927584
2025-12-08,55,58,09:00-09:40,94.58729672043307
2025-12-08,61,61,10:00-10:10,7.790533730001812
2025-12-08,64,65,10:30-10:50,60.29480832252375
2025-12-08,67,68,11:00-11:20,18.98736743086522
2025-12-08,80,80,13:10-13:20,18.34447113811973
2025-12-08,82,82,13:30-13:40,15.839369263418916
2025-12-08,86,87,14:10-14:30,17.085140125580324
2025-12-08,102,102,16:50-17:00,11.226460389525027
2025-12-08,113,113,18:40-18:50,19.037064887296935
2025-12-08,117,119,19:20-19:50,21.380586958810454
2025-12-08,123,124,20:20-20:40,89.70889372285819
2025-12-08,127,128,21:00-21:20,41.619825944203285
2025-12-08,130,131,21:30-21:50,19.803949059086676
2025-12-08,134,135,22:10-22:30,30.74667391762057
2025-12-08,140,140,23:10-23:20,8.940846137649828
2025-12-08,142,142,23:30-23:40,18.95357803658362
2025-12-09,3,3,00:20-00:30,0.4886886432425399
2025-12-09,5,6,00:40-01:00,29.807648460323776
2025-12-09,10,10,01:30-01:40,31.543136818204516
2025-12-09,19,20,03:00-03:20,15.528917712857151
2025-12-09,33,33,05:20-05:30,11.191239636794307
2025-12-09,38,39,06:10-06:30,37.2740291448124
2025-12-09,42,42,06:50-07:00,3.595917456244524
2025-12-09,44,45,07:10-07:30,60.12991248002574
2025-12-09,48,49,07:50-08:10,55.18240567367866
2025-12-09,52,52,08:30-08:40,40.800076231834964
2025-12-09,55,55,09:00-09:10,32.872519332430784
2025-12-09,58,60,09:30-10:00,70.43088232944172
2025-12-09,63,63,10:20-10:30,21.161582209125413
2025-12-09,65,65,10:40-10:50,16.569445914875814
2025-12-09,84,84,13:50-14:00,25.52667063241381
2025-12-09,88,89,14:30-14:50,77.68157422593185
2025-12-09,106,106,17:30-17:40,31.512242290838003
2025-12-09,109,111,18:00-18:30,27.680163837347198
2025-12-09,117,118,19:20-19:40,65.55637023292513
2025-12-09,121,123,20:00-20:30,73.85232530596147
2025-12-09,126,127,20:50-21:10,26.334485550730392
2025-12-09,131,131,21:40-21:50,18.557566752204252
2025-12-09,136,137,22:30-22:50,14.953537327279719
2025-12-09,139,140,23:00-23:20,32.033677819449736
2025-12-09,142,143,23:30-23:50,15.314184201868784
2025-12-10,3,3,00:20-00:30,0.6693505724435909
2025-12-10,7,8,01:00-01:20,65.85132220686933
2025-12-10,12,12,01:50-02:00,25.93322937994276
2025-12-10,37,38,06:00-06:20,52.76592737860233
2025-12-10,43,43,07:00-07:10,41.56877456808211
2025-12-10,51,51,08:20-08:30,9.967778048803325
2025-12-10,54,57,08:50-09:30,79.62570084033587
2025-12-10,62,64,10:10-10:40,141.4345582670653
2025-12-10,67,67,11:00-11:10,0.2722529684353958
2025-12-10,86,87,14:10-14:30,87.83716004925463
2025-12-10,99,100,16:20-16:40,12.733030215442142
2025-12-10,104,105,17:10-17:30,20.949390470628398
2025-12-10,109,109,18:00-18:10,2.5834565271746897
2025-12-10,113,115,18:40-19:10,45.86117176602215
2025-12-10,119,119,19:40-19:50,12.315810093433583
2025-12-10,123,125,20:20-20:50,63.10625707987879
2025-12-10,127,128,21:00-21:20,11.705264186077216
2025-12-10,131,132,21:40-22:00,18.420122924069233
2025-12-10,135,135,22:20-22:30,2.01630477694448
2025-12-10,137,138,22:40-23:00,22.335842288459048
2025-12-10,143,144,23:40-24:00,31.92139597315429
2025-12-11,1,1,00:00-00:10,16.958238985392654
2025-12-11,5,5,00:40-00:50,0.3873464140019678
2025-12-11,9,11,01:20-01:50,31.476438755099025
2025-12-11,40,41,06:30-06:50,17.129687853665082
2025-12-11,50,52,08:10-08:40,49.389634192469316
2025-12-11,58,59,09:30-09:50,27.811589781549856
2025-12-11,62,63,10:10-10:30,72.99673299400331
2025-12-11,87,87,14:20-14:30,47.460225675370566
2025-12-11,105,105,17:20-17:30,6.8960554020266045
2025-12-11,115,117,19:00-19:30,95.55672785892921
2025-12-11,120,121,19:50-20:10,53.05798427424645
2025-12-11,124,125,20:30-20:50,46.51238897881319
2025-12-11,128,129,21:10-21:30,14.804791393604205
2025-12-11,131,132,21:40-22:00,24.04827689827607
2025-12-11,134,135,22:10-22:30,56.383571312014965
2025-12-11,138,138,22:50-23:00,8.851250822476686
2025-12-11,142,144,23:30-24:00,11.939852612186144
2025-12-12,7,9,01:00-01:30,62.503363600473676
2025-12-12,38,39,06:10-06:30,41.016284111631194
2025-12-12,42,44,06:50-07:20,60.020135483052286
2025-12-12,47,48,07:40-08:00,58.50072864098678
2025-12-12,51,52,08:20-08:40,50.763715372323475
2025-12-12,55,55,09:00-09:10,28.458132461037962
2025-12-12,58,59,09:30-09:50,110.23808878799821
2025-12-12,63,65,10:20-10:50,66.7911449908828
2025-12-12,67,68,11:00-11:20,15.730692884402174
2025-12-12,70,71,11:30-11:50,23.44426664316768
2025-12-12,73,74,12:00-12:20,42.52990967984522
2025-12-12,108,110,17:50-18:20,60.79603580076332
2025-12-12,112,113,18:30-18:50,7.327669383189402
2025-12-12,115,116,19:00-19:20,16.18067006843023
2025-12-12,120,122,19:50-20:20,88.18993441242253
2025-12-12,124,126,20:30-21:00,19.48380773786016
2025-12-12,131,131,21:40-21:50,11.588136452164576
2025-12-12,133,133,22:00-22:10,30.83552978023431
2025-12-12,137,138,22:40-23:00,20.19654230161882
2025-12-12,143,144,23:40-24:00,62.61005262534553
2025-12-13,4,4,00:30-00:40,12.005718278721133
2025-12-13,7,8,01:00-01:20,15.886207454928353
2025-12-13,36,37,05:50-06:10,36.33361307408893
2025-12-13,41,42,06:40-07:00,34.60000396386715
2025-12-13,44,45,07:10-07:30,37.65554316169391
2025-12-13,47,48,07:40-08:00,35.172678273456995
2025-12-13,51,52,08:20-08:40,37.12315901528393
2025-12-13,55,56,09:00-09:20,32.7690496804089
2025-12-13,58,62,09:30-10:20,66.3800050918353
2025-12-13,108,110,17:50-18:20,73.14867290902941
2025-12-13,112,113,18:30-18:50,1.253816588648931
2025-12-13,115,116,19:00-19:20,26.872594334780956
2025-12-13,119,120,19:40-20:00,62.41688484669038
2025-12-13,123,126,20:20-21:00,28.081935142782015
2025-12-13,129,130,21:20-21:40,50.286095019081586
2025-12-13,134,134,22:10-22:20,13.885402895117977
2025-12-13,140,140,23:10-23:20,18.480231537044233
2025-12-13,144,144,23:50-24:00,28.852910290827708
2025-12-14,7,7,01:00-01:10,20.78983897881301
2025-12-14,37,38,06:00-06:20,46.95501017897095
2025-12-14,40,42,06:30-07:00,27.25091407704023
2025-12-14,49,50,08:00-08:20,48.11873683097406
2025-12-14,52,53,08:30-08:50,56.339076276013316
2025-12-14,56,57,09:10-09:30,38.3253389120747
2025-12-14,61,63,10:00-10:30,141.46725612392595
2025-12-14,65,66,10:40-11:00,68.19940771718075
2025-12-14,85,87,14:00-14:30,83.33910554490285
2025-12-14,95,95,15:40-15:50,4.951193679619394
2025-12-14,104,104,17:10-17:20,14.110201285883578
2025-12-14,113,116,18:40-19:20,62.941892176602096
2025-12-14,119,121,19:40-20:10,55.32625178312924
2025-12-14,125,126,20:40-21:00,50.07096268587952
2025-12-14,129,131,21:20-21:50,21.040674805895605
2025-12-14,139,140,23:00-23:20,10.6107673641269
2025-12-14,143,144,23:40-24:00,36.77303892617465
2025-12-15,6,6,00:50-01:00,8.638907658902667
2025-12-15,37,39,06:00-06:30,57.597995788919775
2025-12-15,42,44,06:50-07:20,54.442694892185216
2025-12-15,51,53,08:20-08:50,73.93621812926494
2025-12-15,55,58,09:00-09:40,46.060541473502155
2025-12-15,61,61,10:00-10:10,59.46552765307467
2025-12-15,65,65,10:40-10:50,12.195083138758719
2025-12-15,67,68,11:00-11:20,55.16312477487645
2025-12-15,85,86,14:00-14:20,62.989676034441004
2025-12-15,88,89,14:30-14:50,56.69978691557151
2025-12-15,105,106,17:20-17:40,6.741416520970915
2025-12-15,109,109,18:00-18:10,16.446548899835307
2025-12-15,113,114,18:40-19:00,29.576224825635165
2025-12-15,117,117,19:20-19:30,16.013255671798788
2025-12-15,120,120,19:50-20:00,8.413693288590707
2025-12-15,122,123,20:10-20:30,16.057803961047625
2025-12-15,126,126,20:50-21:00,3.520653092512134
2025-12-15,129,130,21:20-21:40,34.11637245690201
2025-12-15,134,134,22:10-22:20,24.701797572049145
2025-12-15,140,140,23:10-23:20,11.658898526121789
2025-12-16,8,8,01:10-01:20,18.299058158968364
2025-12-16,38,39,06:10-06:30,34.44236187280296
2025-12-16,42,43,06:50-07:10,73.1761083469629
2025-12-16,48,49,07:50-08:10,7.102787259601655
2025-12-16,52,53,08:30-08:50,29.644963337280842
2025-12-16,55,56,09:00-09:20,39.20907206305333
2025-12-16,59,61,09:40-10:10,33.45386275261785
2025-12-16,64,65,10:30-10:50,139.4301666234278
2025-12-16,86,87,14:10-14:30,41.22619884947278
2025-12-16,109,109,18:00-18:10,0.3077287143044032
2025-12-16,115,116,19:00-19:20,33.977048144492414
2025-12-16,118,118,19:30-19:40,6.176755474404558
2025-12-16,121,122,20:00-20:20,38.46963278062901
2025-12-16,124,126,20:30-21:00,26.09941834451911
2025-12-16,130,131,21:30-21:50,53.15668646532447
2025-12-16,133,133,22:00-22:10,2.1245655086195256
2025-12-16,137,137,22:40-22:50,13.882761442294964
2025-12-16,139,140,23:00-23:20,41.51421053428089
2025-12-16,143,144,23:40-24:00,49.53264680221059
2025-12-17,6,7,00:50-01:10,4.8729882681932395
2025-12-17,32,32,05:10-05:20,4.362394769048706
2025-12-17,37,37,06:00-06:10,2.8444156890946033
2025-12-17,40,41,06:30-06:50,100.21304346624568
2025-12-17,49,49,08:00-08:10,46.16512690391562
2025-12-17,52,52,08:30-08:40,17.728172062113686
2025-12-17,55,56,09:00-09:20,90.06422382456344
2025-12-17,61,62,10:00-10:20,22.60964552854739
2025-12-17,65,65,10:40-10:50,19.103500244392762
2025-12-17,84,85,13:50-14:10,48.27105903596305
2025-12-17,88,89,14:30-14:50,44.76006327242328
2025-12-17,111,111,18:20-18:30,23.159833530727724
2025-12-17,116,117,19:10-19:30,26.264324733517697
2025-12-17,121,124,20:00-20:40,64.12728376102098
2025-12-17,127,129,21:00-21:30,84.72949796025785
2025-12-17,139,140,23:00-23:20,19.276833293854224
2025-12-17,142,142,23:30-23:40,33.72577210817212
2025-12-18,4,4,00:30-00:40,6.248461922621573
2025-12-18,8,9,01:10-01:30,44.81518335307271
2025-12-18,11,12,01:40-02:00,77.65452908068505
2025-12-18,18,19,02:50-03:10,22.27273470193461
2025-12-18,27,27,04:20-04:30,3.474730885642998
2025-12-18,37,38,06:00-06:20,10.823906652191226
2025-12-18,40,42,06:30-07:00,31.742318726147996
2025-12-18,44,45,07:10-07:30,60.50457354163126
2025-12-18,48,52,07:50-08:40,44.38925427029881
2025-12-18,56,57,09:10-09:30,75.7667231741018
2025-12-18,60,62,09:50-10:20,104.3833195495647
2025-12-18,84,87,13:50-14:30,58.68130029703161
2025-12-18,113,113,18:40-18:50,9.52964796589788
2025-12-18,116,118,19:10-19:40,45.297351908145856
2025-12-18,121,122,20:00-20:20,14.59433711672591
2025-12-18,124,126,20:30-21:00,38.505754704566584
2025-12-18,130,131,21:30-21:50,28.13945510593453
2025-12-18,133,133,22:00-22:10,6.575618252401682
2025-12-18,137,137,22:40-22:50,19.916779523621585
2025-12-18,143,144,23:40-24:00,26.74355912620075
2025-12-19,5,5,00:40-00:50,8.191534254506905
2025-12-19,12,12,01:50-02:00,0.6707968153704087
2025-12-19,36,36,05:50-06:00,10.89941038952486
2025-12-19,39,40,06:20-06:40,25.412062156674665
2025-12-19,43,43,07:00-07:10,28.034455172673233
2025-12-19,46,47,07:30-07:50,80.26263151730527
2025-12-19,53,54,08:40-09:00,9.316763840166743
2025-12-19,58,58,09:30-09:40,16.05208176921758
2025-12-19,61,62,10:00-10:20,47.450138139416936
2025-12-19,65,65,10:40-10:50,2.19007600154157
2025-12-19,89,90,14:40-15:00,105.90961998853226
2025-12-19,93,93,15:20-15:30,7.9057649107963925
2025-12-19,108,108,17:50-18:00,4.954300113736849
2025-12-19,111,113,18:20-18:50,74.09764349350479
2025-12-19,116,117,19:10-19:30,36.750539801289676
2025-12-19,120,120,19:50-20:00,23.246363389919793
2025-12-19,122,123,20:10-20:30,57.316338932754206
2025-12-19,127,129,21:00-21:30,43.9909718383999
2025-12-19,134,134,22:10-22:20,18.984002421371144
2025-12-19,139,139,23:00-23:10,21.50986139623626
2025-12-19,142,142,23:30-23:40,40.59001132385856
2025-12-20,6,6,00:50-01:00,9.500537281221284
2025-12-20,9,11,01:20-01:50,61.38099418344518
2025-12-20,13,14,02:00-02:20,7.056920265824488
2025-12-20,37,38,06:00-06:20,75.5385848532701
2025-12-20,40,41,06:30-06:50,55.81094890775091
2025-12-20,44,45,07:10-07:30,34.08705967420529
2025-12-20,47,48,07:40-08:00,53.68484262402933
2025-12-20,51,53,08:20-08:50,28.52331559885687
2025-12-20,56,57,09:10-09:30,26.585762808076197
2025-12-20,64,65,10:30-10:50,33.145968154644265
2025-12-20,87,87,14:20-14:30,10.483749999999986
2025-12-20,104,105,17:10-17:30,8.754478483071193
2025-12-20,110,112,18:10-18:40,51.104295834978416
2025-12-20,115,115,19:00-19:10,17.016658593236002
2025-12-20,118,119,19:30-19:50,46.14697329253835
2025-12-20,123,124,20:20-20:40,32.13000477036434
2025-12-20,127,127,21:00-21:10,14.054612527964196
2025-12-20,130,131,21:30-21:50,44.76382563495201
2025-12-20,137,137,22:40-22:50,9.853805698118151
2025-12-20,142,142,23:30-23:40,0.15944724305848013
2025-12-20,144,144,23:50-24:00,2.096528345835054
2025-12-21,6,8,00:50-01:20,103.11612131859488
2025-12-21,19,19,03:00-03:10,4.882301296222977
2025-12-21,22,23,03:30-03:50,56.62628232020518
2025-12-21,25,25,04:00-04:10,0.04623391235679719
2025-12-21,38,39,06:10-06:30,39.32607713326922
2025-12-21,42,44,06:50-07:20,43.79534166525664
2025-12-21,48,48,07:50-08:00,33.47377793976659
2025-12-21,51,51,08:20-08:30,32.318634073092426
2025-12-21,54,54,08:50-09:00,4.853808459759875
2025-12-21,57,59,09:20-09:50,29.384113520575283
2025-12-21,62,67,10:10-11:10,178.4190013225426
2025-12-21,84,84,13:50-14:00,15.998944651552392
2025-12-21,87,89,14:20-14:50,79.86838530915747
2025-12-21,92,92,15:10-15:20,0.3669841595696539
2025-12-21,113,113,18:40-18:50,10.194188670501774
2025-12-21,117,117,19:20-19:30,15.493107066719631
2025-12-21,119,120,19:40-20:00,61.57376654165
2025-12-21,124,125,20:30-20:50,43.09553154362413
2025-12-21,127,128,21:00-21:20,30.96896562705615
2025-12-21,130,131,21:30-21:50,18.42712189761812
2025-12-21,137,137,22:40-22:50,18.586381773917765
2025-12-21,142,142,23:30-23:40,49.42439421634435
2025-12-22,1,1,00:00-00:10,17.12705153309662
2025-12-22,7,8,01:00-01:20,34.62076581129077
2025-12-22,10,11,01:30-01:50,26.536688360310563
2025-12-22,14,15,02:10-02:30,72.66557350309233
2025-12-22,40,45,06:30-07:30,83.2983761726168
2025-12-22,49,50,08:00-08:20,53.30060768522196
2025-12-22,52,53,08:30-08:50,5.313475336040028
2025-12-22,58,59,09:30-09:50,59.52298562028818
2025-12-22,62,63,10:10-10:30,93.31529828172847
2025-12-22,84,87,13:50-14:30,56.42381406200104
2025-12-22,103,104,17:00-17:20,9.268094768108643
2025-12-22,108,109,17:50-18:10,36.734543104356135
2025-12-22,115,116,19:00-19:20,48.314478233977866
2025-12-22,118,119,19:30-19:50,7.693502954336168
2025-12-22,125,128,20:40-21:20,31.639463192525568
2025-12-22,131,131,21:40-21:50,0.39736318594566455
2025-12-22,137,137,22:40-22:50,8.236895933675783
2025-12-22,142,143,23:30-23:50,28.322125424397882
2025-12-23,7,7,01:00-01:10,49.12308244505857
2025-12-23,10,11,01:30-01:50,50.83143771548862
2025-12-23,13,13,02:00-02:10,0.6451206145545711
2025-12-23,16,17,02:30-02:50,12.075640090801357
2025-12-23,19,19,03:00-03:10,12.140078995146837
2025-12-23,37,37,06:00-06:10,12.821753892429228
2025-12-23,40,41,06:30-06:50,30.745182530596107
2025-12-23,43,44,07:00-07:20,22.401878302596383
2025-12-23,48,48,07:50-08:00,3.3346523320741426
2025-12-23,50,52,08:10-08:40,69.18411246686571
2025-12-23,55,56,09:00-09:20,53.51581652849052
2025-12-23,59,61,09:40-10:10,101.96745447897285
2025-12-23,63,65,10:20-10:50,42.55725147951796
2025-12-23,85,88,14:00-14:40,33.24240753388608
2025-12-23,114,116,18:50-19:20,23.951552078280997
2025-12-23,118,118,19:30-19:40,29.539132833267786
2025-12-23,121,122,20:00-20:20,42.08989087379928
2025-12-23,126,126,20:50-21:00,0.28587688511640863
2025-12-23,129,131,21:20-21:50,58.68210705355955
2025-12-23,134,135,22:10-22:30,25.850395203316225
2025-12-23,141,141,23:20-23:30,7.205575733649084
2025-12-23,144,144,23:50-24:00,25.433665363863724
2025-12-24,1,1,00:00-00:10,13.283149177523683
2025-12-24,6,6,00:50-01:00,31.57211227793141
2025-12-24,24,24,03:50-04:00,8.513995262534536
2025-12-24,37,37,06:00-06:10,15.096080097005142
2025-12-24,40,41,06:30-06:50,65.98632397683888
2025-12-24,44,45,07:10-07:30,5.908322377944671
2025-12-24,48,48,07:50-08:00,14.27825595943068
2025-12-24,51,51,08:20-08:30,11.992560829432591
2025-12-24,53,54,08:40-09:00,42.91171020717047
2025-12-24,56,60,09:10-10:00,82.3257948903049
2025-12-24,64,65,10:30-10:50,19.88928369616292
2025-12-24,82,82,13:30-13:40,21.627207817757494
2025-12-24,85,86,14:00-14:20,14.109299802605847
2025-12-24,89,89,14:40-14:50,9.60576487695755
2025-12-24,97,97,16:00-16:10,9.163667435564975
2025-12-24,102,102,16:50-17:00,18.632734570338243
2025-12-24,108,108,17:50-18:00,23.6897598368206
2025-12-24,113,114,18:40-19:00,19.089654086064
2025-12-24,117,119,19:20-19:50,33.27974702592451
2025-12-24,122,122,20:10-20:20,6.440365205948069
2025-12-24,126,127,20:50-21:10,11.965131102776581
2025-12-24,129,131,21:20-21:50,18.882022963548025
2025-12-24,134,134,22:10-22:20,15.048651625213779
2025-12-24,137,137,22:40-22:50,12.29209590735627
2025-12-24,142,144,23:30-24:00,17.0015936307409
2025-12-25,7,8,01:00-01:20,93.22886893670204
2025-12-25,12,13,01:50-02:10,104.56785263192523
2025-12-25,16,16,02:30-02:40,53.51047201605468
2025-12-25,24,24,03:50-04:00,5.431501513357034
2025-12-25,29,30,04:40-05:00,24.83297052901719
2025-12-25,37,37,06:00-06:10,39.78986540428264
2025-12-25,41,42,06:40-07:00,44.79635651025501
2025-12-25,45,45,07:20-07:30,5.416650917413946
2025-12-25,51,52,08:20-08:40,67.24065623578304
2025-12-25,56,58,09:10-09:40,59.45404580207918
2025-12-25,61,64,10:00-10:40,55.70001895080168
2025-12-25,73,73,12:00-12:10,18.61170925121735
2025-12-25,84,84,13:50-14:00,5.3868792811083495
2025-12-25,86,87,14:10-14:30,44.522945223055444
2025-12-25,107,108,17:40-18:00,9.701835153121518
2025-12-25,115,115,19:00-19:10,24.671466140281723
2025-12-25,118,119,19:30-19:50,67.63090794841435
2025-12-25,123,125,20:20-20:50,36.36623465587593
2025-12-25,128,129,21:10-21:30,13.225509395973177
2025-12-25,134,134,22:10-22:20,3.8242624884852603
2025-12-25,139,142,23:00-23:40,76.35502787208873
2025-12-26,2,2,00:10-00:20,17.023484399262998
2025-12-26,6,7,00:50-01:10,25.031018180023636
2025-12-26,10,10,01:30-01:40,34.6152230556653
2025-12-26,13,14,02:00-02:20,52.766192216081095
2025-12-26,21,21,03:20-03:30,25.25251348861707
2025-12-26,37,38,06:00-06:20,54.24811485721784
2025-12-26,41,42,06:40-07:00,31.254220843908
2025-12-26,45,46,07:20-07:40,25.63329323971179
2025-12-26,49,50,08:00-08:20,42.11583547177253
2025-12-26,53,54,08:40-09:00,28.926355680258837
2025-12-26,57,57,09:20-09:30,2.45074579831919
2025-12-26,59,61,09:40-10:10,66.84650473558543
2025-12-26,64,64,10:30-10:40,38.24840682608624
2025-12-26,87,88,14:20-14:40,31.07801790649171
2025-12-26,93,93,15:20-15:30,16.267200548004666
2025-12-26,96,97,15:50-16:10,28.587506152125343
2025-12-26,100,100,16:30-16:40,12.92910393566838
2025-12-26,107,107,17:40-17:50,3.5894959581131998
2025-12-26,109,109,18:00-18:10,43.06979495986292
2025-12-26,113,114,18:40-19:00,25.064885491512086
2025-12-26,117,117,19:20-19:30,1.0985241281748017
2025-12-26,122,123,20:10-20:30,24.49944282800351
2025-12-26,126,128,20:50-21:20,33.3223883076721
2025-12-26,131,131,21:40-21:50,0.744007507566721
2025-12-26,136,136,22:30-22:40,3.6432300302672047
2025-12-26,139,140,23:00-23:20,47.500369857876194
2025-12-26,144,144,23:50-24:00,2.756546196867987
2025-12-27,7,7,01:00-01:10,47.13753460012481
2025-12-27,21,22,03:20-03:40,9.082550467166811
2025-12-27,36,36,05:50-06:00,1.0665646532439723
2025-12-27,38,39,06:10-06:30,18.491615590397146
2025-12-27,41,42,06:40-07:00,48.221333690523124
2025-12-27,45,45,07:20-07:30,48.64004007576197
2025-12-27,50,51,08:10-08:30,42.623230696708276
2025-12-27,54,58,08:50-09:40,83.50441314176658
2025-12-27,61,65,10:00-10:50,53.142723774744695
2025-12-27,74,74,12:10-12:20,9.817293724738306
2025-12-27,89,89,14:40-14:50,18.081637432557045
2025-12-27,102,102,16:50-17:00,8.143295443949228
2025-12-27,104,105,17:10-17:30,13.640872114751723
2025-12-27,107,108,17:40-18:00,35.58929417686541
2025-12-27,111,113,18:20-18:50,73.63646589870842
2025-12-27,116,120,19:10-20:00,49.97160068430054
2025-12-27,122,123,20:10-20:30,13.141594183445363
2025-12-27,127,129,21:00-21:30,35.78121397552309
2025-12-27,134,136,22:10-22:40,54.40647089748654
2025-12-27,139,140,23:00-23:20,45.83963822213428
2025-12-27,144,144,23:50-24:00,14.818565442821523
2025-12-28,1,2,00:00-00:20,22.36069352546383
2025-12-28,7,8,01:00-01:20,15.0326548230031
2025-12-28,25,25,04:00-04:10,7.864816910119657
2025-12-28,29,29,04:40-04:50,1.3197722134493688
2025-12-28,37,40,06:00-06:40,33.51811202413844
2025-12-28,43,45,07:00-07:30,44.97805531272909
2025-12-28,48,48,07:50-08:00,36.01330518301313
2025-12-28,52,52,08:30-08:40,6.089626489387797
2025-12-28,55,55,09:00-09:10,0.4174992687004533
2025-12-28,58,61,09:30-10:10,58.21444204124589
2025-12-28,64,65,10:30-10:50,23.663324881093104
2025-12-28,70,70,11:30-11:40,8.927767220311239
2025-12-28,85,85,14:00-14:10,28.837793811215647
2025-12-28,88,88,14:30-14:40,7.501840701784431
2025-12-28,98,98,16:10-16:20,0.6708355582502463
2025-12-28,106,107,17:30-17:50,29.517066156261187
2025-12-28,110,111,18:10-18:30,49.194139044611
2025-12-28,115,116,19:00-19:20,25.7962684037376
2025-12-28,118,118,19:30-19:40,11.46330105277002
2025-12-28,121,123,20:00-20:30,72.83392749045936
2025-12-28,126,129,20:50-21:30,19.261152980655424
2025-12-28,137,137,22:40-22:50,1.8828354586129308
2025-12-28,140,140,23:10-23:20,20.06702810896138
2025-12-29,6,7,00:50-01:10,37.62332871430465
2025-12-29,18,18,02:50-03:00,16.211542308198432
2025-12-29,30,30,04:50-05:00,6.618156994341348
2025-12-29,37,38,06:00-06:20,98.59873480063152
2025-12-29,41,41,06:40-06:50,7.6312700909893465
2025-12-29,45,45,07:20-07:30,3.206486933431023
2025-12-29,49,50,08:00-08:20,36.50315869945268
2025-12-29,52,52,08:30-08:40,6.257473991878442
2025-12-29,55,56,09:00-09:20,32.251581999511586
2025-12-29,58,58,09:30-09:40,3.9177155311784873
2025-12-29,61,65,10:00-10:50,106.46745845129976
2025-12-29,74,74,12:10-12:20,1.7556399178461106
2025-12-29,78,78,12:50-13:00,11.082391762074053
2025-12-29,86,87,14:10-14:30,135.754170654973
2025-12-29,98,99,16:10-16:30,41.566859306676136
2025-12-29,102,102,16:50-17:00,27.128525361872335
2025-12-29,115,117,19:00-19:30,36.27287011448891
2025-12-29,119,120,19:40-20:00,21.420706902223856
2025-12-29,125,126,20:40-21:00,36.23336461376516
2025-12-29,128,129,21:10-21:30,44.18806367285163
2025-12-29,136,136,22:30-22:40,9.397422680616046
2025-12-29,140,140,23:10-23:20,6.722789163047878
2025-12-29,143,144,23:40-24:00,58.638161100144885
2025-12-30,7,8,01:00-01:20,59.851250032898974
2025-12-30,13,14,02:00-02:20,3.16241071851573
2025-12-30,37,38,06:00-06:20,11.201035399394755
2025-12-30,40,40,06:30-06:40,18.74043759611231
2025-12-30,43,44,07:00-07:20,59.48705762694355
2025-12-30,48,49,07:50-08:10,28.684492297859038
2025-12-30,52,56,08:30-09:20,90.13574537815066
2025-12-30,61,62,10:00-10:20,54.2502587361119
2025-12-30,64,64,10:30-10:40,2.0606433478088775
2025-12-30,84,84,13:50-14:00,25.278208231346298
2025-12-30,86,89,14:10-14:50,98.51638168086049
2025-12-30,96,96,15:50-16:00,7.056958175887985
2025-12-30,100,100,16:30-16:40,2.954296811610604
2025-12-30,113,113,18:40-18:50,0.9270902449569576
2025-12-30,116,116,19:10-19:20,8.353547565469057
2025-12-30,119,120,19:40-20:00,71.1931984800633
2025-12-30,123,123,20:20-20:30,21.258977852348835
2025-12-30,126,128,20:50-21:20,32.34620912620073
2025-12-30,130,130,21:30-21:40,3.4229644163706325
2025-12-30,134,134,22:10-22:20,17.59444975654685
2025-12-30,137,137,22:40-22:50,1.9230562837215075
2025-12-30,142,143,23:30-23:50,32.622140340834335
2025-12-31,7,7,01:00-01:10,26.689395032241123
2025-12-31,10,11,01:30-01:50,64.48258222096649
2025-12-31,13,13,02:00-02:10,0.1432688774837061
2025-12-31,18,18,02:50-03:00,13.667511514673038
2025-12-31,30,30,04:50-05:00,10.868107645742839
2025-12-31,39,40,06:20-06:40,61.38781914161632
2025-12-31,44,45,07:10-07:30,42.03718940368066
2025-12-31,49,49,08:00-08:10,17.389883239336655
2025-12-31,52,53,08:30-08:50,72.73173045889484
2025-12-31,58,59,09:30-09:50,125.19182406331663
2025-12-31,65,66,10:40-11:00,29.855520052450743
2025-12-31,69,69,11:20-11:30,28.740610959148967
2025-12-31,80,82,13:10-13:40,98.77420332849192
2025-12-31,85,85,14:00-14:10,14.768032479837416
2025-12-31,88,89,14:30-14:50,73.83082085988735
2025-12-31,95,95,15:40-15:50,0.907955656759043
2025-12-31,97,97,16:00-16:10,3.68468947323899
2025-12-31,110,111,18:10-18:30,13.985025313480783
2025-12-31,116,117,19:10-19:30,58.30949925648122
2025-12-31,120,121,19:50-20:10,24.216228036583857
2025-12-31,124,125,20:30-20:50,35.357534122910806
2025-12-31,127,128,21:00-21:20,28.923302085800856
2025-12-31,131,133,21:40-22:10,26.196838077378743
2025-12-31,137,137,22:40-22:50,12.636447052243852
2025-12-31,139,140,23:00-23:20,21.52166849585467
2025-12-31,142,144,23:30-24:00,83.6934590077642
