date,start_slot,end_slot,interval_label,emergency_kwh
2025-02-01,4,4,00:30-00:40,23.167899999999918
2025-02-01,7,10,01:00-01:40,60.901558333333355
2025-02-01,13,15,02:00-02:30,98.89958333333345
2025-02-01,37,37,06:00-06:10,15.874250000000188
2025-02-01,40,41,06:30-06:50,15.310791071428525
2025-02-01,46,47,07:30-07:50,74.80465059523797
2025-02-01,51,54,08:20-09:00,91.29996666666665
2025-02-01,57,57,09:20-09:30,32.844175000000064
2025-02-01,60,62,09:50-10:20,82.67141011904778
2025-02-01,64,64,10:30-10:40,2.5624261904760033
2025-02-01,68,68,11:10-11:20,0.4692297619044439
2025-02-01,109,110,18:00-18:20,27.09551249999987
2025-02-01,114,118,18:50-19:40,65.66515000000004
2025-02-01,121,124,20:00-20:40,38.96712500000007
2025-02-01,127,128,21:00-21:20,84.75672083333347
2025-02-01,131,132,21:40-22:00,5.356270833333326
2025-02-01,136,138,22:30-23:00,111.08708333333345
2025-02-01,141,141,23:20-23:30,10.626245833333314
2025-02-01,144,144,23:50-24:00,15.43827500000009
2025-02-02,6,7,00:50-01:10,17.05812083333319
2025-02-02,10,11,01:30-01:50,76.11209166666652
2025-02-02,15,15,02:20-02:30,39.24127083333326
2025-02-02,38,40,06:10-06:40,21.448724999999758
2025-02-02,49,50,08:00-08:20,79.76482857142878
2025-02-02,52,53,08:30-08:50,24.17479821428617
2025-02-02,56,57,09:10-09:30,37.29027559523803
2025-02-02,60,62,09:50-10:20,77.35089166666648
2025-02-02,85,86,14:00-14:20,30.50414642857129
2025-02-02,89,89,14:40-14:50,13.096618452380653
2025-02-02,105,105,17:20-17:30,12.412162499999795
2025-02-02,110,112,18:10-18:40,31.903164285714055
2025-02-02,115,115,19:00-19:10,28.530364880952447
2025-02-02,118,119,19:30-19:50,25.618833333333555
2025-02-02,121,121,20:00-20:10,10.50672499999996
2025-02-02,124,125,20:30-20:50,34.42621666666673
2025-02-02,127,128,21:00-21:20,14.089745833333382
2025-02-02,131,132,21:40-22:00,48.13620833333323
2025-02-02,138,138,22:50-23:00,0.7791916666666339
2025-02-02,140,141,23:10-23:30,5.45971249999991
2025-02-02,143,144,23:40-24:00,43.87283333333369
2025-02-03,8,9,01:10-01:30,34.26432499999987
2025-02-03,11,12,01:40-02:00,32.50889583333321
2025-02-03,38,39,06:10-06:30,34.21290833333333
2025-02-03,42,42,06:50-07:00,12.062198214285687
2025-02-03,50,51,08:10-08:30,58.20016607142861
2025-02-03,54,56,08:50-09:20,118.704190476191
2025-02-03,58,59,09:30-09:50,27.7919797619046
2025-02-03,62,64,10:10-10:40,101.60914166666691
2025-02-03,69,69,11:20-11:30,32.28232621893562
2025-02-03,84,84,13:50-14:00,25.95329523809528
2025-02-03,88,89,14:30-14:50,40.448239285714294
2025-02-03,104,104,17:10-17:20,21.61725654761881
2025-02-03,108,108,17:50-18:00,25.360808333333125
2025-02-03,110,111,18:10-18:30,13.699742261904817
2025-02-03,114,117,18:50-19:30,45.544787499999984
2025-02-03,120,120,19:50-20:00,1.6015916666667636
2025-02-03,122,123,20:10-20:30,30.097870833333218
2025-02-03,127,128,21:00-21:20,19.749725000000126
2025-02-03,130,132,21:30-22:00,12.496249999999804
2025-02-03,134,136,22:10-22:40,56.73961250000002
2025-02-03,139,139,23:00-23:10,24.903699999999958
2025-02-03,142,144,23:30-24:00,99.41791666666666
2025-02-04,3,3,00:20-00:30,10.245972222222235
2025-02-04,6,6,00:50-01:00,25.116841666666573
2025-02-04,9,10,01:20-01:40,36.926450000000045
2025-02-04,13,14,02:00-02:20,17.708854166666697
2025-02-04,37,38,06:00-06:20,62.67877559523811
2025-02-04,42,42,06:50-07:00,8.993716543209871
2025-02-04,49,50,08:00-08:20,44.848674404762505
2025-02-04,53,54,08:40-09:00,69.12581369047643
2025-02-04,56,57,09:10-09:30,77.55611666666664
2025-02-04,60,60,09:50-10:00,4.025532738095308
2025-02-04,64,64,10:30-10:40,13.234274999999798
2025-02-04,79,79,13:00-13:10,12.042340476190248
2025-02-04,85,87,14:00-14:30,14.592916666666383
2025-02-04,108,108,17:50-18:00,34.15739999999994
2025-02-04,111,111,18:20-18:30,28.9766791666666
2025-02-04,115,116,19:00-19:20,8.18080000000009
2025-02-04,119,120,19:40-20:00,58.8223999999999
2025-02-04,123,126,20:20-21:00,61.178595833333134
2025-02-04,129,129,21:20-21:30,15.018612500000131
2025-02-04,131,135,21:40-22:30,88.54262083333356
2025-02-04,138,138,22:50-23:00,5.211166666666486
2025-02-04,141,141,23:20-23:30,2.9394083333335175
2025-02-04,144,144,23:50-24:00,9.849029166666583
2025-02-05,7,7,01:00-01:10,31.3208933333334
2025-02-05,10,11,01:30-01:50,46.48418333333325
2025-02-05,14,15,02:10-02:30,41.65659666666647
2025-02-05,18,18,02:50-03:00,9.80167904762152
2025-02-05,37,38,06:00-06:20,59.843303333333374
2025-02-05,40,40,06:30-06:40,19.932065238095316
2025-02-05,43,43,07:00-07:10,50.05017873603775
2025-02-05,48,48,07:50-08:00,12.102588095238048
2025-02-05,51,52,08:20-08:40,10.948173809523723
2025-02-05,55,58,09:00-09:40,99.89387523809546
2025-02-05,61,62,10:00-10:20,65.89033142857147
2025-02-05,65,66,10:40-11:00,8.834945714285595
2025-02-05,69,70,11:20-11:40,101.46083857142855
2025-02-05,84,87,13:50-14:30,76.39496285714301
2025-02-05,105,105,17:20-17:30,29.588033333333215
2025-02-05,108,109,17:50-18:10,38.52405047619074
2025-02-05,112,113,18:30-18:50,32.30691666666671
2025-02-05,115,116,19:00-19:20,5.549546666666743
2025-02-05,119,119,19:40-19:50,0.2877966666665088
2025-02-05,123,123,20:20-20:30,3.4025800000000572
2025-02-05,125,126,20:40-21:00,16.375653333333503
2025-02-05,128,129,21:10-21:30,12.394959999999742
2025-02-05,133,134,22:00-22:20,33.8439608333332
2025-02-05,136,137,22:30-22:50,17.706613333333394
2025-02-05,141,142,23:20-23:40,21.010113333333152
2025-02-06,6,6,00:50-01:00,35.38490999999988
2025-02-06,9,10,01:20-01:40,44.9588
2025-02-06,13,14,02:00-02:20,15.072856666666667
2025-02-06,16,18,02:30-03:00,33.447999999999865
2025-02-06,21,21,03:20-03:30,10.015123333333463
2025-02-06,37,37,06:00-06:10,4.334696666666446
2025-02-06,40,40,06:30-06:40,0.245131904761843
2025-02-06,48,49,07:50-08:10,66.53508047619039
2025-02-06,56,58,09:10-09:40,96.76151333333326
2025-02-06,61,62,10:00-10:20,99.1764014285713
2025-02-06,70,70,11:30-11:40,0.7268414285715608
2025-02-06,74,74,12:10-12:20,7.875516666666272
2025-02-06,85,86,14:00-14:20,59.104826666666895
2025-02-06,88,89,14:30-14:50,51.16878523809498
2025-02-06,104,104,17:10-17:20,13.298659999999877
2025-02-06,109,109,18:00-18:10,1.4522680952380824
2025-02-06,114,115,18:50-19:10,45.793041428571314
2025-02-06,119,124,19:40-20:40,63.87047333333328
2025-02-06,127,128,21:00-21:20,77.53811333333317
2025-02-06,131,132,21:40-22:00,34.15387666666686
2025-02-06,135,136,22:20-22:40,21.34498333333363
2025-02-06,139,139,23:00-23:10,15.436633333333248
2025-02-06,142,143,23:30-23:50,38.5766900000001
2025-02-07,2,3,00:10-00:30,21.946927777778
2025-02-07,6,6,00:50-01:00,6.36901666666671
2025-02-07,8,9,01:10-01:30,57.22396333333347
2025-02-07,12,15,01:50-02:30,46.835693333333495
2025-02-07,20,22,03:10-03:40,74.45615999999995
2025-02-07,25,26,04:00-04:20,40.7750933333333
2025-02-07,35,35,05:40-05:50,13.140765714285862
2025-02-07,38,41,06:10-06:50,21.434197619047495
2025-02-07,47,51,07:40-08:30,138.7406090476191
2025-02-07,54,54,08:50-09:00,12.447715714285664
2025-02-07,57,57,09:20-09:30,0.40893571428557607
2025-02-07,59,60,09:40-10:00,15.638667619047624
2025-02-07,65,66,10:40-11:00,30.982484761904402
2025-02-07,70,71,11:30-11:50,10.143897142857213
2025-02-07,74,75,12:10-12:30,29.93071095238065
2025-02-07,78,78,12:50-13:00,40.319632245734965
2025-02-07,99,99,16:20-16:30,16.18863095238069
2025-02-07,108,108,17:50-18:00,39.51849333333337
2025-02-07,111,113,18:20-18:50,54.50358333333344
2025-02-07,115,115,19:00-19:10,0.6643942857143657
2025-02-07,118,119,19:30-19:50,38.183623333333344
2025-02-07,123,125,20:20-20:50,31.68345333333332
2025-02-07,127,128,21:00-21:20,5.276496666666731
2025-02-07,134,135,22:10-22:30,53.14645333333334
2025-02-07,138,138,22:50-23:00,8.821716666666816
2025-02-07,140,141,23:10-23:30,20.238193333333527
2025-02-08,2,3,00:10-00:30,32.78326111111096
2025-02-08,11,12,01:40-02:00,23.20035333333334
2025-02-08,17,19,02:40-03:10,66.22719666666683
2025-02-08,23,27,03:40-04:30,56.94671333333338
2025-02-08,30,31,04:50-05:10,8.22789761904777
2025-02-08,35,36,05:40-06:00,5.965389999999786
2025-02-08,38,39,06:10-06:30,34.906795238095356
2025-02-08,42,44,06:50-07:20,114.99798714285726
2025-02-08,55,55,09:00-09:10,0.664307142857183
2025-02-08,57,59,09:20-09:50,92.82031619047598
2025-02-08,61,61,10:00-10:10,7.932137619047694
2025-02-08,66,72,10:50-12:00,166.81850857142808
2025-02-08,75,75,12:20-12:30,41.107541904761774
2025-02-08,97,98,16:00-16:20,19.449724642857063
2025-02-08,101,101,16:40-16:50,20.296910714285872
2025-02-08,105,105,17:20-17:30,1.545950715755339
2025-02-08,108,108,17:50-18:00,10.220852380952351
2025-02-08,112,115,18:30-19:10,70.79132333333308
2025-02-08,118,119,19:30-19:50,26.49862999999999
2025-02-08,121,124,20:00-20:40,56.693016666666665
2025-02-08,127,129,21:00-21:30,74.45866666666689
2025-02-08,132,133,21:50-22:10,35.11189333333351
2025-02-08,137,138,22:40-23:00,43.02538000000004
2025-02-08,141,141,23:20-23:30,21.528896666666697
2025-02-09,3,6,00:20-01:00,36.003795693707275
2025-02-09,9,10,01:20-01:40,33.855690000000095
2025-02-09,13,14,02:00-02:20,19.53093333333311
2025-02-09,17,18,02:40-03:00,13.037123333333625
2025-02-09,20,21,03:10-03:30,16.045520000000124
2025-02-09,24,25,03:50-04:10,46.80494999999962
2025-02-09,28,29,04:30-04:50,86.67145666666636
2025-02-09,31,31,05:00-05:10,5.422569999999957
2025-02-09,37,38,06:00-06:20,9.231360952380783
2025-02-09,42,44,06:50-07:20,48.42005857142864
2025-02-09,50,51,08:10-08:30,29.005242380952154
2025-02-09,54,56,08:50-09:20,69.60572380952374
2025-02-09,59,61,09:40-10:10,38.852244761904785
2025-02-09,64,66,10:30-11:00,165.91586904761914
2025-02-09,70,71,11:30-11:50,85.46407000000022
2025-02-09,78,79,12:50-13:10,48.23439285714312
2025-02-09,83,84,13:40-14:00,45.00560190476199
2025-02-09,87,87,14:20-14:30,7.698737619047392
2025-02-09,92,92,15:10-15:20,27.9438428571425
2025-02-09,96,97,15:50-16:10,27.62195761904735
2025-02-09,108,109,17:50-18:10,29.396872857142966
2025-02-09,115,116,19:00-19:20,39.504469999999856
2025-02-09,118,119,19:30-19:50,10.320283333333464
2025-02-09,121,121,20:00-20:10,2.4824466666667604
2025-02-09,124,126,20:30-21:00,43.88133333333337
2025-02-09,128,129,21:10-21:30,26.7104066666667
2025-02-09,132,133,21:50-22:10,31.69677999999999
2025-02-09,137,138,22:40-23:00,18.3283133333332
2025-02-09,141,143,23:20-23:50,11.46400333333338
2025-02-10,4,4,00:30-00:40,0.13163999999994758
2025-02-10,7,8,01:00-01:20,39.19626333333338
2025-02-10,11,12,01:40-02:00,12.227183333333414
2025-02-10,14,15,02:10-02:30,35.64751000000001
2025-02-10,18,18,02:50-03:00,19.824736666666922
2025-02-10,21,23,03:20-03:50,45.18335000000013
2025-02-10,25,28,04:00-04:40,42.53723333333323
2025-02-10,35,35,05:40-05:50,3.4618585714283654
2025-02-10,39,39,06:20-06:30,21.007320952380837
2025-02-10,42,42,06:50-07:00,8.778237142857094
2025-02-10,45,45,07:20-07:30,37.883578571428046
2025-02-10,49,50,08:00-08:20,28.376063809524
2025-02-10,60,61,09:50-10:10,68.32825571428543
2025-02-10,64,65,10:30-10:50,119.71530428571418
2025-02-10,83,85,13:40-14:10,66.99851333333311
2025-02-10,88,89,14:30-14:50,27.24747761904746
2025-02-10,108,108,17:50-18:00,16.739206190476125
2025-02-10,112,114,18:30-19:00,58.1465500000002
2025-02-10,117,118,19:20-19:40,42.70378999999991
2025-02-10,121,125,20:00-20:50,25.8421133333336
2025-02-10,128,129,21:10-21:30,37.551569999999856
2025-02-10,131,132,21:40-22:00,23.477853333333314
2025-02-10,135,138,22:20-23:00,28.097713333333445
2025-02-10,140,144,23:10-24:00,24.120589999999538
2025-02-11,3,4,00:20-00:40,20.805763333333402
2025-02-11,8,10,01:10-01:40,58.03082666666705
2025-02-11,13,14,02:00-02:20,18.000499999999988
2025-02-11,16,16,02:30-02:40,7.154686666666407
2025-02-11,19,19,03:00-03:10,13.814173333333315
2025-02-11,22,23,03:30-03:50,25.771043333333296
2025-02-11,26,28,04:10-04:40,57.30684999999986
2025-02-11,37,38,06:00-06:20,58.63139666666643
2025-02-11,40,40,06:30-06:40,2.285565714285541
2025-02-11,43,45,07:00-07:30,37.185690476190274
2025-02-11,49,50,08:00-08:20,35.45332047619047
2025-02-11,53,55,08:40-09:10,57.21812285714236
2025-02-11,62,63,10:10-10:30,36.44598000000019
2025-02-11,85,86,14:00-14:20,86.36592142857126
2025-02-11,88,89,14:30-14:50,17.40013952380957
2025-02-11,108,111,17:50-18:30,16.66961509896018
2025-02-11,113,114,18:40-19:00,8.270576190476419
2025-02-11,117,118,19:20-19:40,27.901956666666592
2025-02-11,121,122,20:00-20:20,21.175073333333444
2025-02-11,125,126,20:40-21:00,32.53886666666676
2025-02-11,128,129,21:10-21:30,42.40675666666675
2025-02-11,132,132,21:50-22:00,4.412029999999959
2025-02-11,134,135,22:10-22:30,31.865213333333486
2025-02-11,138,138,22:50-23:00,30.444633333333286
2025-02-11,141,142,23:20-23:40,20.3738266666669
2025-02-12,4,4,00:30-00:40,43.85939000000019
2025-02-12,7,8,01:00-01:20,31.93659333333335
2025-02-12,10,10,01:30-01:40,2.0710666666665247
2025-02-12,13,13,02:00-02:10,22.268789426325952
2025-02-12,37,38,06:00-06:20,77.73676047619063
2025-02-12,41,42,06:40-07:00,54.46477333333366
2025-02-12,45,45,07:20-07:30,32.177563809523946
2025-02-12,52,52,08:30-08:40,11.030541428571382
2025-02-12,55,56,09:00-09:20,71.07426666666686
2025-02-12,60,61,09:50-10:10,31.65654380952367
2025-02-12,63,65,10:20-10:50,34.26710857142882
2025-02-12,81,81,13:20-13:30,24.514503968254076
2025-02-12,85,86,14:00-14:20,84.59989190476176
2025-02-12,88,88,14:30-14:40,9.180939047618722
2025-02-12,91,94,15:00-15:40,98.66387785714312
2025-02-12,97,98,16:00-16:20,59.15680476190488
2025-02-12,101,102,16:40-17:00,14.877828380466141
2025-02-12,108,110,17:50-18:20,48.75457095238081
2025-02-12,115,117,19:00-19:30,33.640000000000214
2025-02-12,119,120,19:40-20:00,29.940106666666566
2025-02-12,123,125,20:20-20:50,26.405846666666662
2025-02-12,128,129,21:10-21:30,28.73249333333365
2025-02-12,134,137,22:10-22:50,44.780076666666446
2025-02-12,139,140,23:00-23:20,21.48072666666667
2025-02-13,1,1,00:00-00:10,6.726136666666662
2025-02-13,4,5,00:30-00:50,45.86024666666685
2025-02-13,7,8,01:00-01:20,26.139856666666788
2025-02-13,10,11,01:30-01:50,29.605530000000044
2025-02-13,13,13,02:00-02:10,5.213663333333216
2025-02-13,16,16,02:30-02:40,10.048473333333277
2025-02-13,19,20,03:00-03:20,96.03207999999995
2025-02-13,22,23,03:30-03:50,34.918296666666606
2025-02-13,26,27,04:10-04:30,30.43346999999983
2025-02-13,30,31,04:50-05:10,48.78031142857143
2025-02-13,35,35,05:40-05:50,2.2555176190475095
2025-02-13,38,40,06:10-06:40,53.14364047619045
2025-02-13,43,43,07:00-07:10,8.049061904761885
2025-02-13,46,47,07:30-07:50,10.26628285714304
2025-02-13,54,55,08:50-09:10,12.86380999999983
2025-02-13,62,64,10:10-10:40,84.1694
2025-02-13,84,84,13:50-14:00,17.21255761904797
2025-02-13,87,88,14:20-14:40,33.17023666666648
2025-02-13,107,107,17:40-17:50,4.306192857142755
2025-02-13,109,109,18:00-18:10,2.4149333333334653
2025-02-13,112,112,18:30-18:40,21.876946666666754
2025-02-13,115,116,19:00-19:20,50.61790619047633
2025-02-13,118,118,19:30-19:40,12.545619999999985
2025-02-13,122,123,20:10-20:30,19.703413333333174
2025-02-13,126,127,20:50-21:10,18.016573333333213
2025-02-13,130,130,21:30-21:40,7.130333333333283
2025-02-13,134,136,22:10-22:40,35.635223333332874
2025-02-13,140,141,23:10-23:30,14.116000000000213
2025-02-13,144,144,23:50-24:00,11.918556666666746
2025-02-14,1,1,00:00-00:10,8.997250000000008
2025-02-14,4,5,00:30-00:50,73.3657966666666
2025-02-14,9,9,01:20-01:30,10.68473333333327
2025-02-14,12,13,01:50-02:10,56.79667333333356
2025-02-14,16,16,02:30-02:40,1.8956966666666517
2025-02-14,19,22,03:00-03:40,28.146993333333228
2025-02-14,26,27,04:10-04:30,60.12383
2025-02-14,30,30,04:50-05:00,2.2524199999999723
2025-02-14,33,35,05:20-05:50,102.18860999999988
2025-02-14,41,42,06:40-07:00,48.76367285714298
2025-02-14,45,45,07:20-07:30,15.752982857142854
2025-02-14,47,48,07:40-08:00,23.395823809523733
2025-02-14,50,51,08:10-08:30,51.692656190476214
2025-02-14,54,55,08:50-09:10,66.66659952380951
2025-02-14,57,58,09:20-09:40,72.23202333333359
2025-02-14,61,62,10:00-10:20,42.44981523809531
2025-02-14,64,65,10:30-10:50,60.63147190476184
2025-02-14,67,69,11:00-11:30,90.37035714285696
2025-02-14,74,75,12:10-12:30,58.07222047619052
2025-02-14,96,97,15:50-16:10,50.784652619842035
2025-02-14,100,103,16:30-17:10,52.484611904762
2025-02-14,106,107,17:30-17:50,28.82360904761893
2025-02-14,109,109,18:00-18:10,1.048783333333347
2025-02-14,112,112,18:30-18:40,11.217466666666667
2025-02-14,115,115,19:00-19:10,21.33257999999995
2025-02-14,118,119,19:30-19:50,43.64247000000012
2025-02-14,122,123,20:10-20:30,19.744223333333423
2025-02-14,126,128,20:50-21:20,2.465180000000032
2025-02-14,133,133,22:00-22:10,21.003966666666884
2025-02-14,136,137,22:30-22:50,41.09968333333313
2025-02-14,139,141,23:00-23:30,28.260666666666566
2025-02-14,144,144,23:50-24:00,0.4639666666666926
2025-02-15,4,5,00:30-00:50,44.7605866666666
2025-02-15,8,9,01:10-01:30,4.542343333333292
2025-02-15,12,14,01:50-02:20,49.36142666666666
2025-02-15,16,16,02:30-02:40,6.129259999999988
2025-02-15,22,23,03:30-03:50,42.850633333333406
2025-02-15,28,30,04:30-05:00,42.77033333333346
2025-02-15,32,33,05:10-05:30,28.89149380952375
2025-02-15,35,36,05:40-06:00,51.076641428571634
2025-02-15,41,42,06:40-07:00,9.348137619047577
2025-02-15,44,45,07:10-07:30,50.795236666666426
2025-02-15,48,49,07:50-08:10,51.84554285714307
2025-02-15,52,57,08:30-09:30,97.99440476190455
2025-02-15,61,62,10:00-10:20,79.75863285714274
2025-02-15,66,68,10:50-11:20,144.65113095238098
2025-02-15,72,73,11:50-12:10,37.40291380952385
2025-02-15,95,96,15:40-16:00,32.97082238095223
2025-02-15,100,101,16:30-16:50,44.42203857142849
2025-02-15,104,105,17:10-17:30,17.765129047619197
2025-02-15,108,109,17:50-18:10,19.41090714285724
2025-02-15,112,113,18:30-18:50,28.807528571428577
2025-02-15,117,119,19:20-19:50,61.97992000000016
2025-02-15,122,123,20:10-20:30,4.17113333333333
2025-02-15,126,128,20:50-21:20,49.836350000000095
2025-02-15,134,135,22:10-22:30,65.60259666666673
2025-02-15,139,140,23:00-23:20,19.290159999999787
2025-02-16,4,5,00:30-00:50,54.13531333333333
2025-02-16,9,10,01:20-01:40,42.47886000000017
2025-02-16,14,16,02:10-02:40,44.07992999999999
2025-02-16,20,22,03:10-03:40,58.53453333333323
2025-02-16,25,27,04:00-04:30,59.8066666666665
2025-02-16,29,30,04:40-05:00,50.685748095238296
2025-02-16,33,33,05:20-05:30,63.183993333333206
2025-02-16,36,36,05:50-06:00,26.117986666666866
2025-02-16,39,39,06:20-06:30,18.505009999999857
2025-02-16,42,43,06:50-07:10,12.505154761904421
2025-02-16,46,46,07:30-07:40,28.119580476190947
2025-02-16,49,50,08:00-08:20,71.58929761904756
2025-02-16,54,54,08:50-09:00,15.083854761904945
2025-02-16,56,60,09:10-10:00,84.83649761904769
2025-02-16,62,63,10:10-10:30,38.84668904761918
2025-02-16,66,67,10:50-11:10,22.82370904761899
2025-02-16,70,71,11:30-11:50,63.17438380952376
2025-02-16,76,76,12:30-12:40,29.038802857143082
2025-02-16,82,83,13:30-13:50,42.22582952380992
2025-02-16,88,90,14:30-15:00,97.011130952381
2025-02-16,101,102,16:40-17:00,35.79753809523838
2025-02-16,105,107,17:20-17:50,45.05090325102752
2025-02-16,110,111,18:10-18:30,29.607946666666606
2025-02-16,113,115,18:40-19:10,45.12439666666654
2025-02-16,119,120,19:40-20:00,52.30962666666676
2025-02-16,123,124,20:20-20:40,4.192399999999793
2025-02-16,127,128,21:00-21:20,42.40249333333327
2025-02-16,130,131,21:30-21:50,23.830606666666426
2025-02-16,134,134,22:10-22:20,3.6697833333334984
2025-02-16,136,138,22:30-23:00,24.230999999999767
2025-02-16,141,142,23:20-23:40,54.76408666666657
2025-02-17,2,2,00:10-00:20,1.4033333333334213
2025-02-17,4,5,00:30-00:50,43.48328333333302
2025-02-17,10,11,01:30-01:50,53.51918666666654
2025-02-17,13,14,02:00-02:20,40.42707333333328
2025-02-17,18,21,02:50-03:30,31.908280000000104
2025-02-17,26,27,04:10-04:30,25.866323333333526
2025-02-17,31,33,05:00-05:30,36.47700000000006
2025-02-17,35,36,05:40-06:00,21.62717500000008
2025-02-17,40,42,06:30-07:00,47.18690476190481
2025-02-17,45,45,07:20-07:30,5.8269409523808235
2025-02-17,49,49,08:00-08:10,4.634009999999762
2025-02-17,53,54,08:40-09:00,54.12696333333349
2025-02-17,57,57,09:20-09:30,5.544391428571771
2025-02-17,59,61,09:40-10:10,69.01977285714258
2025-02-17,64,65,10:30-10:50,56.62847571428574
2025-02-17,73,73,12:00-12:10,26.852420714285245
2025-02-17,85,87,14:00-14:30,111.26455952380991
2025-02-17,89,89,14:40-14:50,14.184058095238015
2025-02-17,102,103,16:50-17:10,16.62330952380934
2025-02-17,110,110,18:10-18:20,13.909552857142883
2025-02-17,112,113,18:30-18:50,39.29038809523814
2025-02-17,115,116,19:00-19:20,5.59842904761922
2025-02-17,120,122,19:50-20:20,40.271656666666786
2025-02-17,127,130,21:00-21:40,24.788339999999835
2025-02-17,133,135,22:00-22:30,32.8480000000003
2025-02-17,137,139,22:40-23:10,29.978070000000116
2025-02-17,144,144,23:50-24:00,4.2456600000000435
2025-02-18,4,6,00:30-01:00,41.53700000000026
2025-02-18,9,9,01:20-01:30,22.901070000000118
2025-02-18,12,12,01:50-02:00,27.130743333333385
2025-02-18,15,16,02:20-02:40,26.532896666666602
2025-02-18,19,20,03:00-03:20,54.99575333333337
2025-02-18,22,24,03:30-04:00,46.718000000000075
2025-02-18,27,27,04:20-04:30,18.017246666666438
2025-02-18,29,30,04:40-05:00,14.713656190476058
2025-02-18,33,33,05:20-05:30,17.627796666666768
2025-02-18,35,36,05:40-06:00,16.965296190476238
2025-02-18,43,43,07:00-07:10,4.780808571428537
2025-02-18,49,52,08:00-08:40,108.46407333333343
2025-02-18,55,56,09:00-09:20,35.12136238095286
2025-02-18,62,64,10:10-10:40,195.0699304761904
2025-02-18,66,66,10:50-11:00,2.586237619047324
2025-02-18,68,69,11:10-11:30,11.189385238095156
2025-02-18,73,73,12:00-12:10,13.891848333332973
2025-02-18,78,78,12:50-13:00,27.367083333333312
2025-02-18,81,84,13:20-14:00,67.51535599059366
2025-02-18,89,90,14:40-15:00,60.559646666666936
2025-02-18,101,101,16:40-16:50,6.711650476190698
2025-02-18,105,105,17:20-17:30,12.838666666666768
2025-02-18,109,109,18:00-18:10,18.072309999999902
2025-02-18,112,112,18:30-18:40,26.05225666666695
2025-02-18,115,116,19:00-19:20,27.436871428571294
2025-02-18,119,121,19:40-20:10,40.900893333333215
2025-02-18,124,124,20:30-20:40,2.58901666666668
2025-02-18,127,128,21:00-21:20,32.62723000000017
2025-02-18,130,130,21:30-21:40,4.184493333333307
2025-02-18,133,133,22:00-22:10,20.49183333333326
2025-02-18,137,138,22:40-23:00,28.29581999999982
2025-02-18,140,141,23:10-23:30,19.362869999999702
2025-02-18,144,144,23:50-24:00,18.227743333333365
2025-02-19,4,6,00:30-01:00,61.45733333333351
2025-02-19,8,9,01:10-01:30,20.883129999999937
2025-02-19,11,12,01:40-02:00,52.920593333333386
2025-02-19,15,18,02:20-03:00,49.4032133333335
2025-02-19,21,22,03:20-03:40,22.916600000000244
2025-02-19,25,25,04:00-04:10,25.51344999999992
2025-02-19,28,30,04:30-05:00,84.49366666666664
2025-02-19,36,36,05:50-06:00,41.095400000000154
2025-02-19,38,39,06:10-06:30,54.88662571428563
2025-02-19,42,42,06:50-07:00,67.43836095238107
2025-02-19,46,46,07:30-07:40,4.746842222221915
2025-02-19,49,54,08:00-09:00,82.03790476190477
2025-02-19,59,60,09:40-10:00,53.76442047619071
2025-02-19,63,63,10:20-10:30,16.678059047618717
2025-02-19,66,66,10:50-11:00,1.8433900000002268
2025-02-19,81,81,13:20-13:30,20.96375000000012
2025-02-19,85,87,14:00-14:30,45.55829761904772
2025-02-19,90,90,14:50-15:00,29.603301428571058
2025-02-19,97,97,16:00-16:10,46.6504085714285
2025-02-19,100,101,16:30-16:50,70.00800666666629
2025-02-19,105,105,17:20-17:30,0.5845925259657179
2025-02-19,108,110,17:50-18:20,49.46914129335572
2025-02-19,114,117,18:50-19:30,18.32814952380977
2025-02-19,119,120,19:40-20:00,58.04315333333375
2025-02-19,123,125,20:20-20:50,23.20851999999968
2025-02-19,127,128,21:00-21:20,14.827626666666788
2025-02-19,131,132,21:40-22:00,11.90580999999986
2025-02-19,134,135,22:10-22:30,39.446966666666526
2025-02-19,141,143,23:20-23:50,78.1977133333337
2025-02-20,2,2,00:10-00:20,4.159609999999816
2025-02-20,5,6,00:40-01:00,21.315273333333153
2025-02-20,12,12,01:50-02:00,3.474180000000274
2025-02-20,14,15,02:10-02:30,32.04526999999973
2025-02-20,18,18,02:50-03:00,5.362289999999916
2025-02-20,22,23,03:30-03:50,94.28693000000021
2025-02-20,25,25,04:00-04:10,13.852259999999774
2025-02-20,28,29,04:30-04:50,28.741929999999865
2025-02-20,32,33,05:10-05:30,28.58205571428573
2025-02-20,37,37,06:00-06:10,28.16591095238084
2025-02-20,40,41,06:30-06:50,52.28515809523822
2025-02-20,43,45,07:00-07:30,48.51889285714276
2025-02-20,47,48,07:40-08:00,11.272317142857162
2025-02-20,51,52,08:20-08:40,45.56158523809472
2025-02-20,55,57,09:00-09:30,45.770190476190464
2025-02-20,59,63,09:40-10:30,150.66174904761886
2025-02-20,66,66,10:50-11:00,11.490068571428537
2025-02-20,71,72,11:40-12:00,54.144254761904904
2025-02-20,87,88,14:20-14:40,42.2779576190477
2025-02-20,103,104,17:00-17:20,27.514706904761915
2025-02-20,106,107,17:30-17:50,11.687744761904662
2025-02-20,110,111,18:10-18:30,47.11322333333351
2025-02-20,115,115,19:00-19:10,13.434133333333307
2025-02-20,118,118,19:30-19:40,11.285206666666681
2025-02-20,121,122,20:00-20:20,49.09482666666645
2025-02-20,125,127,20:40-21:10,52.791386666666654
2025-02-20,130,131,21:30-21:50,9.950950000000148
2025-02-20,133,134,22:00-22:20,10.80453666666665
2025-02-20,137,138,22:40-23:00,55.58667000000014
2025-02-20,143,144,23:40-24:00,38.95847333333336
2025-02-21,4,5,00:30-00:50,64.18337333333318
2025-02-21,8,9,01:10-01:30,33.98841666666664
2025-02-21,11,12,01:40-02:00,66.0877233333332
2025-02-21,15,15,02:20-02:30,6.838263333333259
2025-02-21,18,18,02:50-03:00,0.7673933333333025
2025-02-21,20,21,03:10-03:30,34.81420333333352
2025-02-21,23,24,03:40-04:00,30.400509999999997
2025-02-21,26,27,04:10-04:30,68.2768733333333
2025-02-21,30,30,04:50-05:00,50.42346666666651
2025-02-21,32,33,05:10-05:30,46.1961757142858
2025-02-21,39,41,06:20-06:50,35.71500095238105
2025-02-21,43,46,07:00-07:40,45.80858190476221
2025-02-21,49,51,08:00-08:30,41.47003571428587
2025-02-21,53,55,08:40-09:10,29.423230952381118
2025-02-21,58,59,09:30-09:50,50.731135238095476
2025-02-21,64,65,10:30-10:50,83.04414666666685
2025-02-21,69,72,11:20-12:00,73.66839571428591
2025-02-21,96,96,15:50-16:00,3.6471706349206556
2025-02-21,101,101,16:40-16:50,25.130849523809474
2025-02-21,105,107,17:20-17:50,79.03892619047616
2025-02-21,110,111,18:10-18:30,27.487086666666755
2025-02-21,114,114,18:50-19:00,48.393736190476034
2025-02-21,116,117,19:10-19:30,66.03302666666679
2025-02-21,121,122,20:00-20:20,20.266876666666747
2025-02-21,125,127,20:40-21:10,60.40598
2025-02-21,131,132,21:40-22:00,73.52370333333334
2025-02-21,135,137,22:20-22:50,42.837879999999814
2025-02-21,139,139,23:00-23:10,12.864376666666658
2025-02-21,142,143,23:30-23:50,49.07230333333314
2025-02-22,3,3,00:20-00:30,35.34549666666669
2025-02-22,6,6,00:50-01:00,13.187529999999867
2025-02-22,8,8,01:10-01:20,3.027460000000076
2025-02-22,11,12,01:40-02:00,61.03902333333349
2025-02-22,16,17,02:30-02:50,35.43509333333344
2025-02-22,19,21,03:00-03:30,35.28099999999995
2025-02-22,25,25,04:00-04:10,3.2982866666664563
2025-02-22,30,32,04:50-05:20,41.84352333333323
2025-02-22,35,36,05:40-06:00,44.13295904761918
2025-02-22,38,39,06:10-06:30,16.878100000000018
2025-02-22,42,42,06:50-07:00,28.070253809523706
2025-02-22,47,49,07:40-08:10,66.7165733333332
2025-02-22,53,58,08:40-09:40,120.2257442857142
2025-02-22,61,62,10:00-10:20,46.730730476190615
2025-02-22,68,69,11:10-11:30,165.85703666666654
2025-02-22,73,73,12:00-12:10,42.488967619047116
2025-02-22,76,77,12:30-12:50,27.722515714285464
2025-02-22,95,96,15:40-16:00,66.08662904761906
2025-02-22,99,100,16:20-16:40,34.0444590476188
2025-02-22,103,104,17:00-17:20,54.65001999999995
2025-02-22,106,107,17:30-17:50,52.63780714285721
2025-02-22,111,112,18:20-18:40,35.647080952380975
2025-02-22,115,116,19:00-19:20,46.56138000000004
2025-02-22,118,118,19:30-19:40,14.108503333333317
2025-02-22,121,121,20:00-20:10,8.639183333333335
2025-02-22,124,124,20:30-20:40,25.43652666666651
2025-02-22,128,129,21:10-21:30,67.1205500000001
2025-02-22,131,132,21:40-22:00,32.10365555555558
2025-02-22,135,135,22:20-22:30,1.4383700000000772
2025-02-22,137,138,22:40-23:00,55.10548666666705
2025-02-22,141,144,23:20-24:00,31.895863333333637
2025-02-23,1,1,00:00-00:10,7.995696666666731
2025-02-23,7,9,01:00-01:30,55.070333333333224
2025-02-23,14,16,02:10-02:40,15.301586666666708
2025-02-23,19,20,03:00-03:20,53.463776666666945
2025-02-23,23,24,03:40-04:00,16.23575666666659
2025-02-23,26,28,04:10-04:40,65.77771523809531
2025-02-23,31,32,05:00-05:20,89.74214666666653
2025-02-23,36,37,05:50-06:10,36.719842857142794
2025-02-23,40,41,06:30-06:50,31.25952571428585
2025-02-23,44,46,07:10-07:40,63.44943523809533
2025-02-23,49,49,08:00-08:10,49.648930000000064
2025-02-23,52,52,08:30-08:40,8.141259999999761
2025-02-23,55,61,09:00-10:10,202.48873666666645
2025-02-23,67,68,11:00-11:20,91.0689428571427
2025-02-23,70,75,11:30-12:30,133.39901547619002
2025-02-23,79,79,13:00-13:10,13.657785714286092
2025-02-23,82,84,13:30-14:00,129.8892976190475
2025-02-23,88,90,14:30-15:00,76.92384523809505
2025-02-23,92,93,15:10-15:30,41.42954666666628
2025-02-23,97,98,16:00-16:20,33.142098095238055
2025-02-23,101,102,16:40-17:00,33.7141757921828
2025-02-23,108,109,17:50-18:10,22.85798809523817
2025-02-23,113,114,18:40-19:00,8.701789999999733
2025-02-23,116,117,19:10-19:30,60.68040000000019
2025-02-23,120,121,19:50-20:10,15.446483333333276
2025-02-23,127,128,21:00-21:20,61.67136333333349
2025-02-23,130,131,21:30-21:50,18.06596666666701
2025-02-23,134,135,22:10-22:30,10.115140000000224
2025-02-23,138,141,22:50-23:30,71.69316666666646
2025-02-24,3,4,00:20-00:40,45.750153333333174
2025-02-24,7,8,01:00-01:20,32.13142999999968
2025-02-24,12,13,01:50-02:10,23.407686666666677
2025-02-24,16,19,02:30-03:10,53.829333333333466
2025-02-24,22,23,03:30-03:50,19.509413333333555
2025-02-24,25,25,04:00-04:10,3.0769233333334114
2025-02-24,28,30,04:30-05:00,56.573333333333466
2025-02-24,36,37,05:50-06:10,46.73652428571404
2025-02-24,40,41,06:30-06:50,63.985489047619026
2025-02-24,45,46,07:20-07:40,15.293926666666323
2025-02-24,49,50,08:00-08:20,46.90919190476211
2025-02-24,52,52,08:30-08:40,1.4648299999998926
2025-02-24,55,56,09:00-09:20,29.86010666666698
2025-02-24,59,60,09:40-10:00,112.2502914285717
2025-02-24,63,63,10:20-10:30,20.606700952380834
2025-02-24,65,67,10:40-11:10,66.2375334920639
2025-02-24,85,86,14:00-14:20,39.02819904761884
2025-02-24,88,90,14:30-15:00,27.672857142857424
2025-02-24,94,95,15:30-15:50,40.74282027826763
2025-02-24,97,98,16:00-16:20,3.441857619047653
2025-02-24,100,101,16:30-16:50,28.86046999999968
2025-02-24,104,105,17:10-17:30,26.160412380952174
2025-02-24,109,109,18:00-18:10,1.1918133333332683
2025-02-24,112,112,18:30-18:40,25.081139999999984
2025-02-24,118,119,19:30-19:50,14.648069999999962
2025-02-24,121,123,20:00-20:30,51.79733333333377
2025-02-24,125,126,20:40-21:00,55.13185229280782
2025-02-24,129,131,21:20-21:50,72.16858034999987
2025-02-24,133,133,22:00-22:10,7.073606666666819
2025-02-24,136,137,22:30-22:50,26.872326666666595
2025-02-24,140,141,23:10-23:30,25.05315999999948
2025-02-24,144,144,23:50-24:00,10.693173333333561
2025-02-25,1,1,00:00-00:10,8.44650333333334
2025-02-25,4,5,00:30-00:50,56.36976000000004
2025-02-25,7,7,01:00-01:10,18.073906666666517
2025-02-25,10,10,01:30-01:40,7.76667000000009
2025-02-25,13,14,02:00-02:20,81.20261333333337
2025-02-25,17,19,02:40-03:10,34.266880000000356
2025-02-25,25,25,04:00-04:10,26.04070000000013
2025-02-25,28,31,04:30-05:10,41.40794190476162
2025-02-25,34,35,05:30-05:50,69.7744423809527
2025-02-25,38,39,06:10-06:30,37.55251476190472
2025-02-25,42,43,06:50-07:10,55.70727857142896
2025-02-25,47,47,07:40-07:50,2.7475304761906614
2025-02-25,50,51,08:10-08:30,25.41594761904787
2025-02-25,57,58,09:20-09:40,54.95738619047586
2025-02-25,61,63,10:00-10:30,59.020642857142775
2025-02-25,65,65,10:40-10:50,1.108809047619161
2025-02-25,86,86,14:10-14:20,36.050674285714535
2025-02-25,89,90,14:40-15:00,16.469412380952463
2025-02-25,102,102,16:50-17:00,5.013226190476445
2025-02-25,107,107,17:40-17:50,5.717681428571382
2025-02-25,109,110,18:00-18:20,17.005635714285713
2025-02-25,113,114,18:40-19:00,78.94966333333355
2025-02-25,117,118,19:20-19:40,13.412968095238057
2025-02-25,121,121,20:00-20:10,20.830926666666528
2025-02-25,124,125,20:30-20:50,35.90035333333333
2025-02-25,127,128,21:00-21:20,30.576949999999897
2025-02-25,131,133,21:40-22:10,43.90774666666687
2025-02-25,136,137,22:30-22:50,19.640063333333273
2025-02-25,139,141,23:00-23:30,67.75766666666664
2025-02-25,144,144,23:50-24:00,0.6551099999999224
2025-02-26,4,5,00:30-00:50,10.736766666666881
2025-02-26,7,10,01:00-01:40,41.232226666666634
2025-02-26,13,14,02:00-02:20,47.576226666666685
2025-02-26,16,16,02:30-02:40,3.1983966666665538
2025-02-26,19,20,03:00-03:20,61.84268333333341
2025-02-26,24,27,03:50-04:30,44.82302333333337
2025-02-26,30,31,04:50-05:10,27.53961047619066
2025-02-26,35,36,05:40-06:00,20.86891666666658
2025-02-26,38,39,06:10-06:30,21.559033333333332
2025-02-26,42,42,06:50-07:00,5.864170952381102
2025-02-26,45,46,07:20-07:40,17.23830809523804
2025-02-26,51,54,08:20-09:00,87.54268809523808
2025-02-26,58,58,09:30-09:40,5.91126666666662
2025-02-26,61,63,10:00-10:30,62.50296428571437
2025-02-26,65,66,10:40-11:00,102.1923214285714
2025-02-26,73,75,12:00-12:30,13.047404761905
2025-02-26,83,85,13:40-14:10,25.916597142857086
2025-02-26,88,89,14:30-14:50,100.7769976190475
2025-02-26,92,93,15:10-15:30,20.123361904761623
2025-02-26,95,99,15:40-16:30,170.79953135887268
2025-02-26,101,103,16:40-17:10,23.729390000000038
2025-02-26,106,107,17:30-17:50,61.08482571428578
2025-02-26,110,111,18:10-18:30,56.79963714285725
2025-02-26,114,114,18:50-19:00,60.24740047619059
2025-02-26,118,119,19:30-19:50,57.7182499999999
2025-02-26,122,125,20:10-20:50,184.12907051413913
2025-02-26,128,129,21:10-21:30,17.509889999999928
2025-02-26,134,135,22:10-22:30,54.71028333333322
2025-02-26,138,141,22:50-23:30,46.73965333333285
2025-02-26,144,144,23:50-24:00,12.258946666666588
2025-02-27,4,5,00:30-00:50,47.1501333333332
2025-02-27,7,8,01:00-01:20,20.231243333333282
2025-02-27,11,11,01:40-01:50,2.3146600000000035
2025-02-27,14,15,02:10-02:30,55.591060000000084
2025-02-27,18,21,02:50-03:30,50.34627333333344
2025-02-27,25,26,04:00-04:20,50.32251333333329
2025-02-27,30,30,04:50-05:00,25.8383880952382
2025-02-27,33,33,05:20-05:30,15.589633809523775
2025-02-27,36,37,05:50-06:10,19.46785142857152
2025-02-27,40,40,06:30-06:40,21.819675714285893
2025-02-27,43,44,07:00-07:20,14.148529523809458
2025-02-27,46,46,07:30-07:40,15.875507142856748
2025-02-27,49,50,08:00-08:20,43.50704809523802
2025-02-27,53,55,08:40-09:10,115.58011333333354
2025-02-27,58,59,09:30-09:50,24.370549047618965
2025-02-27,78,81,12:50-13:30,80.94100809523798
2025-02-27,83,87,13:40-14:30,73.17750904761908
2025-02-27,93,93,15:20-15:30,23.264976190476204
2025-02-27,99,99,16:20-16:30,13.037559523809534
2025-02-27,105,106,17:20-17:40,5.613660617282834
2025-02-27,109,111,18:00-18:30,35.072666666666485
2025-02-27,115,116,19:00-19:20,13.78828476190506
2025-02-27,119,120,19:40-20:00,12.730470000000082
2025-02-27,124,125,20:30-20:50,10.077439999999683
2025-02-27,127,129,21:00-21:30,31.76566666666679
2025-02-27,132,133,21:50-22:10,17.417803333333268
2025-02-27,136,139,22:30-23:10,32.5610433333336
2025-02-27,142,143,23:30-23:50,6.578630000000203
2025-02-28,2,3,00:10-00:30,29.50637666666654
2025-02-28,6,7,00:50-01:10,30.488843333333307
2025-02-28,10,10,01:30-01:40,8.710569999999962
2025-02-28,14,15,02:10-02:30,55.824419999999975
2025-02-28,19,20,03:00-03:20,70.61576333333335
2025-02-28,23,24,03:40-04:00,28.044750000000136
2025-02-28,28,29,04:30-04:50,44.04883714285717
2025-02-28,34,35,05:30-05:50,11.750864761904722
2025-02-28,38,38,06:10-06:20,3.920764285714313
2025-02-28,42,47,06:50-07:50,107.93458053214721
2025-02-28,49,50,08:00-08:20,53.190308095237924
2025-02-28,52,53,08:30-08:50,41.01346904761874
2025-02-28,55,56,09:00-09:20,31.930348095237605
2025-02-28,62,63,10:10-10:30,126.23616142857145
2025-02-28,65,66,10:40-11:00,57.6445495238097
2025-02-28,68,69,11:10-11:30,160.61229904761854
2025-02-28,97,101,16:00-16:50,73.48708285714304
2025-02-28,104,105,17:10-17:30,29.747382380952228
2025-02-28,107,108,17:40-18:00,35.849056190476176
2025-02-28,111,111,18:20-18:30,42.29388619047609
2025-02-28,115,117,19:00-19:30,47.62433333333331
2025-02-28,120,120,19:50-20:00,21.838163333333398
2025-02-28,122,123,20:10-20:30,41.51958333333346
2025-02-28,126,127,20:50-21:10,54.274110000000064
2025-02-28,130,131,21:30-21:50,74.3834
2025-02-28,137,140,22:40-23:20,69.86196666666638
2025-02-28,144,144,23:50-24:00,27.14027666666675
2025-03-01,1,1,00:00-00:10,20.76067333333333
2025-03-01,4,5,00:30-00:50,16.902589999999975
2025-03-01,8,9,01:10-01:30,45.93482333333333
2025-03-01,14,15,02:10-02:30,11.853356666666684
2025-03-01,20,21,03:10-03:30,53.698266666666655
2025-03-01,24,25,03:50-04:10,34.335629999999924
2025-03-01,28,29,04:30-04:50,33.97571857142856
2025-03-01,33,35,05:20-05:50,46.114266190476314
2025-03-01,37,37,06:00-06:10,11.926587619047496
2025-03-01,40,40,06:30-06:40,40.40014476190464
2025-03-01,43,48,07:00-08:00,104.32607142857125
2025-03-01,50,54,08:10-09:00,192.38644333333355
2025-03-01,57,57,09:20-09:30,42.382871428571434
2025-03-01,59,60,09:40-10:00,64.89036714285703
2025-03-01,63,65,10:20-10:50,98.71127095238069
2025-03-01,68,69,11:10-11:30,49.23059666666677
2025-03-01,74,75,12:10-12:30,24.86721238095197
2025-03-01,95,95,15:40-15:50,44.56922238095228
2025-03-01,97,98,16:00-16:20,23.638045714285795
2025-03-01,101,103,16:40-17:10,62.009856190476256
2025-03-01,106,106,17:30-17:40,18.195124761904797
2025-03-01,109,111,18:00-18:30,79.38066666666674
2025-03-01,114,116,18:50-19:20,48.66582761904755
2025-03-01,119,119,19:40-19:50,0.14432999999991125
2025-03-01,122,123,20:10-20:30,26.02330999999998
2025-03-01,125,129,20:40-21:30,302.67054694762106
2025-03-01,131,132,21:40-22:00,34.672393333333275
2025-03-01,135,135,22:20-22:30,16.436523333333298
2025-03-01,139,140,23:00-23:20,39.330836666666755
2025-03-02,2,3,00:10-00:30,27.58691333333354
2025-03-02,6,6,00:50-01:00,7.144069999999942
2025-03-02,8,9,01:10-01:30,15.055433333333553
2025-03-02,12,12,01:50-02:00,12.607803333333209
2025-03-02,15,16,02:20-02:40,49.595846666666375
2025-03-02,19,20,03:00-03:20,13.515806666666435
2025-03-02,23,25,03:40-04:10,28.34755999999993
2025-03-02,29,30,04:40-05:00,8.674830000000219
2025-03-02,32,33,05:10-05:30,26.610116190476308
2025-03-02,37,38,06:00-06:20,4.291428095238075
2025-03-02,41,43,06:40-07:10,37.1180171428571
2025-03-02,47,48,07:40-08:00,66.16996809523806
2025-03-02,50,51,08:10-08:30,49.48482380952419
2025-03-02,53,55,08:40-09:10,39.97245095238077
2025-03-02,58,60,09:30-10:00,71.58072619047618
2025-03-02,62,64,10:10-10:40,45.78663952380941
2025-03-02,66,67,10:50-11:10,106.64189333333343
2025-03-02,70,72,11:30-12:00,188.31927380952413
2025-03-02,75,90,12:20-15:00,2764.613323062087
2025-03-02,92,95,15:10-15:50,46.46909197023774
2025-03-02,97,97,16:00-16:10,0.8910305952378508
2025-03-02,99,101,16:20-16:50,50.544235833332976
2025-03-02,103,114,17:00-19:00,774.9615559047642
2025-03-02,116,117,19:10-19:30,34.85296095238084
2025-03-02,122,130,20:10-21:40,867.9520528952355
2025-03-02,133,134,22:00-22:20,25.40027333333296
2025-03-02,136,136,22:30-22:40,5.513069999999971
2025-03-02,139,140,23:00-23:20,38.79545999999982
2025-03-02,142,142,23:30-23:40,18.378953333333584
2025-03-03,1,1,00:00-00:10,5.899443333333238
2025-03-03,4,4,00:30-00:40,27.748436666666635
2025-03-03,7,8,01:00-01:20,46.36825333333343
2025-03-03,10,11,01:30-01:50,34.102869999999825
2025-03-03,16,17,02:30-02:50,33.28117999999995
2025-03-03,19,21,03:00-03:30,57.32666666666637
2025-03-03,28,30,04:30-05:00,58.674666666666795
2025-03-03,32,33,05:10-05:30,14.49800999999988
2025-03-03,36,37,05:50-06:10,52.81458476190471
2025-03-03,43,44,07:00-07:20,73.91228000000027
2025-03-03,47,50,07:40-08:20,32.192387142857
2025-03-03,52,54,08:30-09:00,54.18996428571438
2025-03-03,56,66,09:10-11:00,545.6571394285743
2025-03-03,68,69,11:10-11:30,100.77174571428577
2025-03-03,75,76,12:20-12:40,25.293339523809664
2025-03-03,78,79,12:50-13:10,11.49051857142831
2025-03-03,82,104,13:30-17:20,2068.9573818006666
2025-03-03,106,108,17:30-18:00,47.48934238095255
2025-03-03,110,115,18:10-19:10,541.1313127603167
2025-03-03,118,118,19:30-19:40,18.884680000000003
2025-03-03,121,135,20:00-22:30,879.354714399388
2025-03-03,141,143,23:20-23:50,49.65544
2025-03-04,2,3,00:10-00:30,17.320936666666626
2025-03-04,6,7,00:50-01:10,10.712923333333379
2025-03-04,10,12,01:30-02:00,59.044333333333384
2025-03-04,16,18,02:30-03:00,19.97299999999973
2025-03-04,20,21,03:10-03:30,44.962869999999725
2025-03-04,24,25,03:50-04:10,58.34603666666703
2025-03-04,28,29,04:30-04:50,25.73788285714282
2025-03-04,33,34,05:20-05:40,46.70086666666657
2025-03-04,37,38,06:00-06:20,19.3127290476192
2025-03-04,42,50,06:50-08:20,132.30946952380927
2025-03-04,53,54,08:40-09:00,15.856740000000059
2025-03-04,58,59,09:30-09:50,36.6853828571426
2025-03-04,62,63,10:10-10:30,93.06018238095226
2025-03-04,66,69,10:50-11:30,172.3797500000005
2025-03-04,73,74,12:00-12:20,70.77107142857085
2025-03-04,76,76,12:30-12:40,2.125918095237921
2025-03-04,80,82,13:10-13:40,82.46062428571418
2025-03-04,85,86,14:00-14:20,43.603971904761465
2025-03-04,88,88,14:30-14:40,7.177313333332904
2025-03-04,92,95,15:10-15:50,86.5680238095241
2025-03-04,97,97,16:00-16:10,9.238620952381154
2025-03-04,102,104,16:50-17:20,44.45752904761903
2025-03-04,108,111,17:50-18:30,38.013569999999845
2025-03-04,113,115,18:40-19:10,12.781376666666688
2025-03-04,117,118,19:20-19:40,27.916241904761932
2025-03-04,121,123,20:00-20:30,45.99366666666663
2025-03-04,125,126,20:40-21:00,9.521766666666736
2025-03-04,129,129,21:20-21:30,2.8655200000004015
2025-03-04,131,131,21:40-21:50,14.580330000000004
2025-03-04,134,135,22:10-22:30,50.661490000000185
2025-03-04,138,139,22:50-23:10,62.99923333333322
2025-03-04,142,143,23:30-23:50,24.41032333333328
2025-03-05,1,1,00:00-00:10,3.264440000000036
2025-03-05,4,6,00:30-01:00,32.243999999999915
2025-03-05,9,9,01:20-01:30,17.22417333333317
2025-03-05,12,12,01:50-02:00,17.73998999999992
2025-03-05,16,17,02:30-02:50,35.47755666666649
2025-03-05,19,20,03:00-03:20,38.62250000000006
2025-03-05,24,25,03:50-04:10,24.99912000000029
2025-03-05,30,32,04:50-05:20,35.496922380952064
2025-03-05,34,36,05:30-06:00,47.87533333333329
2025-03-05,41,42,06:40-07:00,45.51301333333302
2025-03-05,45,45,07:20-07:30,1.540918571428449
2025-03-05,50,50,08:10-08:20,2.69150476190498
2025-03-05,54,55,08:50-09:10,39.15065714285697
2025-03-05,58,58,09:30-09:40,8.0243857142857
2025-03-05,60,61,09:50-10:10,74.13087714285757
2025-03-05,64,65,10:30-10:50,45.7325900000003
2025-03-05,73,73,12:00-12:10,63.10809619047609
2025-03-05,81,81,13:20-13:30,35.10944809523835
2025-03-05,89,90,14:40-15:00,79.44581190476174
2025-03-05,106,106,17:30-17:40,21.871090705465093
2025-03-05,109,110,18:00-18:20,49.46693666666674
2025-03-05,112,112,18:30-18:40,19.759184285714575
2025-03-05,115,115,19:00-19:10,28.64467333333323
2025-03-05,118,119,19:30-19:50,49.54897333333349
2025-03-05,121,121,20:00-20:10,4.791763333333392
2025-03-05,124,124,20:30-20:40,17.339626666666845
2025-03-05,127,128,21:00-21:20,43.63558999999998
2025-03-05,132,134,21:50-22:20,35.19220000000007
2025-03-05,136,136,22:30-22:40,20.076113333333296
2025-03-05,139,140,23:00-23:20,31.972873333333382
2025-03-05,143,144,23:40-24:00,47.5955133333332
2025-03-06,3,3,00:20-00:30,21.508133333333262
2025-03-06,6,8,00:50-01:20,12.344163333333427
2025-03-06,11,13,01:40-02:10,40.94697666666673
2025-03-06,16,16,02:30-02:40,52.88624666666669
2025-03-06,19,20,03:00-03:20,28.350086666666925
2025-03-06,22,22,03:30-03:40,5.591893333333132
2025-03-06,25,26,04:00-04:20,43.994369523809574
2025-03-06,29,30,04:40-05:00,28.252930000000113
2025-03-06,33,34,05:20-05:40,38.61095666666665
2025-03-06,38,39,06:10-06:30,45.64154523809515
2025-03-06,41,42,06:40-07:00,65.01587857142826
2025-03-06,47,47,07:40-07:50,19.690076666666414
2025-03-06,50,51,08:10-08:30,64.4943123809519
2025-03-06,53,54,08:40-09:00,69.38280476190494
2025-03-06,57,57,09:20-09:30,61.043006190476035
2025-03-06,63,64,10:20-10:40,110.78800523809514
2025-03-06,82,83,13:30-13:50,23.438224761904507
2025-03-06,86,87,14:10-14:30,64.00713999999994
2025-03-06,90,90,14:50-15:00,17.86689666666632
2025-03-06,94,95,15:30-15:50,11.737802380952417
2025-03-06,97,97,16:00-16:10,4.964592380952297
2025-03-06,100,101,16:30-16:50,6.5959119047621755
2025-03-06,104,106,17:10-17:40,86.21267428571427
2025-03-06,112,113,18:30-18:50,37.84011000000003
2025-03-06,117,118,19:20-19:40,48.29403285714284
2025-03-06,121,122,20:00-20:20,17.512973333333548
2025-03-06,124,126,20:30-21:00,30.086333333333414
2025-03-06,132,138,21:50-23:00,66.0979199999997
2025-03-06,143,144,23:40-24:00,30.08875666666654
2025-03-07,1,1,00:00-00:10,22.887146666666695
2025-03-07,4,7,00:30-01:10,39.86595999999997
2025-03-07,11,12,01:40-02:00,18.756783333333374
2025-03-07,16,19,02:30-03:10,54.30330333333313
2025-03-07,22,23,03:30-03:50,16.88394666666676
2025-03-07,27,27,04:20-04:30,24.163780000000145
2025-03-07,30,31,04:50-05:10,24.09249285714276
2025-03-07,35,36,05:40-06:00,55.52510999999993
2025-03-07,39,39,06:20-06:30,27.33041952380961
2025-03-07,42,42,06:50-07:00,16.78004809523793
2025-03-07,45,45,07:20-07:30,1.5406900000000974
2025-03-07,49,51,08:00-08:30,87.7053928571429
2025-03-07,54,54,08:50-09:00,9.040988571428443
2025-03-07,56,57,09:10-09:30,93.95359523809532
2025-03-07,66,67,10:50-11:10,79.5394776190476
2025-03-07,71,71,11:40-11:50,80.75051047619058
2025-03-07,95,95,15:40-15:50,7.275451428571387
2025-03-07,101,103,16:40-17:10,67.27590142857125
2025-03-07,106,107,17:30-17:50,53.82789714285715
2025-03-07,109,110,18:00-18:20,23.151603333333412
2025-03-07,112,113,18:30-18:50,30.119989999999916
2025-03-07,115,115,19:00-19:10,18.15925952380951
2025-03-07,118,118,19:30-19:40,25.786934285714153
2025-03-07,121,122,20:00-20:20,20.68504333333317
2025-03-07,125,126,20:40-21:00,57.28655666666657
2025-03-07,130,131,21:30-21:50,33.950283333333346
2025-03-07,134,135,22:10-22:30,36.895216666666556
2025-03-07,138,141,22:50-23:30,55.85266666666644
2025-03-07,144,144,23:50-24:00,16.564616666666552
2025-03-08,1,2,00:00-00:20,12.624783333333255
2025-03-08,5,6,00:40-01:00,23.09169999999989
2025-03-08,9,9,01:20-01:30,16.820873333333395
2025-03-08,11,12,01:40-02:00,42.21389333333332
2025-03-08,16,17,02:30-02:50,39.081906666666725
2025-03-08,20,21,03:10-03:30,20.398703333333287
2025-03-08,24,24,03:50-04:00,5.9638799999999605
2025-03-08,26,28,04:10-04:40,11.996209999999962
2025-03-08,34,34,05:30-05:40,1.9466033333332575
2025-03-08,37,41,06:00-06:50,51.696114285714316
2025-03-08,44,45,07:10-07:30,2.7937199999999507
2025-03-08,49,49,08:00-08:10,9.309929523809387
2025-03-08,52,52,08:30-08:40,16.32972523809508
2025-03-08,55,57,09:00-09:30,79.83064285714306
2025-03-08,60,60,09:50-10:00,4.084952857143207
2025-03-08,62,63,10:10-10:30,59.44463809523836
2025-03-08,65,67,10:40-11:10,64.55183904761952
2025-03-08,71,72,11:40-12:00,66.59803333333298
2025-03-08,97,100,16:00-16:40,60.19728714285708
2025-03-08,103,104,17:00-17:20,5.368506190476253
2025-03-08,106,108,17:30-18:00,57.955285714285665
2025-03-08,111,112,18:20-18:40,27.27805380952384
2025-03-08,116,117,19:10-19:30,10.332234285714321
2025-03-08,120,121,19:50-20:10,23.165226666666626
2025-03-08,125,127,20:40-21:10,29.381663333333393
2025-03-08,129,130,21:20-21:40,29.84619666666663
2025-03-08,133,133,22:00-22:10,27.538620000000037
2025-03-08,136,136,22:30-22:40,37.65361000000007
2025-03-08,139,140,23:00-23:20,30.326853333333247
2025-03-08,142,143,23:30-23:50,16.704943333333404
2025-03-09,2,6,00:10-01:00,30.663896666666915
2025-03-09,8,9,01:10-01:30,22.341690000000085
2025-03-09,12,13,01:50-02:10,32.38634999999999
2025-03-09,17,19,02:40-03:10,45.42721000000006
2025-03-09,21,21,03:20-03:30,1.1919366666667202
2025-03-09,23,24,03:40-04:00,23.573149999999714
2025-03-09,27,30,04:20-05:00,49.44315904761868
2025-03-09,34,34,05:30-05:40,1.3241833333333943
2025-03-09,38,39,06:10-06:30,18.80135047619035
2025-03-09,42,43,06:50-07:10,20.869090000000227
2025-03-09,46,48,07:30-08:00,81.44145238095211
2025-03-09,55,56,09:00-09:20,36.95410095238071
2025-03-09,58,60,09:30-10:00,73.83011904761929
2025-03-09,63,64,10:20-10:40,38.77229904761862
2025-03-09,67,68,11:00-11:20,71.95657904761947
2025-03-09,84,85,13:50-14:10,14.745278571428457
2025-03-09,88,89,14:30-14:50,55.014695714285494
2025-03-09,99,99,16:20-16:30,1.8982261904762368
2025-03-09,102,102,16:50-17:00,2.769702380952282
2025-03-09,108,108,17:50-18:00,9.784780000000069
2025-03-09,111,112,18:20-18:40,65.14372380952408
2025-03-09,118,118,19:30-19:40,11.198453333333077
2025-03-09,121,122,20:00-20:20,68.15131333333318
2025-03-09,125,126,20:40-21:00,55.27849666666657
2025-03-09,129,132,21:20-22:00,26.184456666666506
2025-03-09,136,136,22:30-22:40,8.978169999999864
2025-03-09,140,142,23:10-23:40,27.38361000000009
2025-03-10,1,1,00:00-00:10,19.63898000000006
2025-03-10,5,6,00:40-01:00,53.873860000000036
2025-03-10,10,10,01:30-01:40,18.147399999999834
2025-03-10,13,14,02:00-02:20,30.010310000000118
2025-03-10,20,21,03:10-03:30,58.64839666666694
2025-03-10,26,27,04:10-04:30,28.474443333333284
2025-03-10,29,30,04:40-05:00,23.48325666666677
2025-03-10,33,33,05:20-05:30,10.840671904761962
2025-03-10,36,37,05:50-06:10,25.98832095238106
2025-03-10,41,42,06:40-07:00,55.23870523809529
2025-03-10,44,45,07:10-07:30,96.81331761904733
2025-03-10,48,48,07:50-08:00,76.24064999999996
2025-03-10,51,53,08:20-08:50,76.12675809523819
2025-03-10,55,55,09:00-09:10,14.055400952380865
2025-03-10,58,59,09:30-09:50,43.315762380952606
2025-03-10,65,66,10:40-11:00,180.1767742857146
2025-03-10,69,69,11:20-11:30,17.13839333333317
2025-03-10,71,75,11:40-12:30,160.3571595238102
2025-03-10,84,86,13:50-14:20,88.63788952380958
2025-03-10,88,91,14:30-15:10,260.63226523809533
2025-03-10,95,96,15:40-16:00,9.896673809523918
2025-03-10,99,105,16:20-17:30,123.82857975564586
2025-03-10,107,115,17:40-19:10,185.74108344764386
2025-03-10,117,119,19:20-19:50,48.79407333333336
2025-03-10,122,122,20:10-20:20,208.2525523809516
2025-03-10,124,125,20:30-20:50,78.58840666666678
2025-03-10,127,128,21:00-21:20,49.12407333333317
2025-03-10,131,132,21:40-22:00,56.9765933333332
2025-03-10,134,135,22:10-22:30,47.76742666666678
2025-03-10,140,141,23:10-23:30,25.205053333333353
2025-03-10,144,144,23:50-24:00,36.986926666666704
2025-03-11,1,1,00:00-00:10,13.121416666666619
2025-03-11,4,4,00:30-00:40,8.829423333333239
2025-03-11,7,8,01:00-01:20,70.87867666666682
2025-03-11,14,14,02:10-02:20,4.592260000000124
2025-03-11,17,18,02:40-03:00,23.087240000000065
2025-03-11,22,22,03:30-03:40,24.0224433333334
2025-03-11,25,26,04:00-04:20,56.52770809523793
2025-03-11,29,30,04:40-05:00,56.71110666666664
2025-03-11,33,33,05:20-05:30,11.970879999999966
2025-03-11,39,40,06:20-06:40,25.812794285714176
2025-03-11,43,44,07:00-07:20,11.437440476190602
2025-03-11,48,49,07:50-08:10,16.1841185714286
2025-03-11,52,53,08:30-08:50,58.04872761904778
2025-03-11,59,62,09:40-10:20,289.89650047619125
2025-03-11,65,66,10:40-11:00,25.824166190476262
2025-03-11,72,72,11:50-12:00,2.929666666667117
2025-03-11,85,86,14:00-14:20,52.472582857142584
2025-03-11,88,90,14:30-15:00,78.48689285714272
2025-03-11,92,93,15:10-15:30,44.19068238095235
2025-03-11,96,97,15:50-16:10,30.988875714285882
2025-03-11,99,102,16:20-17:00,71.8126562881865
2025-03-11,105,107,17:20-17:50,28.670963333333674
2025-03-11,109,110,18:00-18:20,32.49100000000023
2025-03-11,114,114,18:50-19:00,9.545336666666572
2025-03-11,116,117,19:10-19:30,55.272986666666725
2025-03-11,120,128,19:50-21:20,169.8009749327921
2025-03-11,130,130,21:30-21:40,16.1337299999999
2025-03-11,132,133,21:50-22:10,41.00639000000001
2025-03-11,136,136,22:30-22:40,41.84376999999995
2025-03-11,139,140,23:00-23:20,33.29323333333332
2025-03-11,143,144,23:40-24:00,36.70568999999978
2025-03-12,2,3,00:10-00:30,31.22254666666663
2025-03-12,8,11,01:10-01:50,76.21276333333356
2025-03-12,13,13,02:00-02:10,6.887023333333332
2025-03-12,17,18,02:40-03:00,53.73815333333323
2025-03-12,22,23,03:30-03:50,58.60224666666659
2025-03-12,26,28,04:10-04:40,52.730813333333224
2025-03-12,31,31,05:00-05:10,16.078800000000122
2025-03-12,34,35,05:30-05:50,48.77859476190448
2025-03-12,39,40,06:20-06:40,61.26025857142861
2025-03-12,43,45,07:00-07:30,46.68954761904769
2025-03-12,48,50,07:50-08:20,27.970723333333353
2025-03-12,55,55,09:00-09:10,12.511665238095247
2025-03-12,59,65,09:40-10:50,147.8630295238097
2025-03-12,85,86,14:00-14:20,37.475148095237955
2025-03-12,89,90,14:40-15:00,81.93576047619035
2025-03-12,99,99,16:20-16:30,22.472582857142754
2025-03-12,104,105,17:10-17:30,16.783920952380896
2025-03-12,107,108,17:40-18:00,33.945220476190244
2025-03-12,111,111,18:20-18:30,28.951004285714248
2025-03-12,114,115,18:50-19:10,9.46859095238085
2025-03-12,117,118,19:20-19:40,6.886065714285678
2025-03-12,121,127,20:00-21:10,220.25308291904446
2025-03-12,130,133,21:30-22:10,73.874683333333
2025-03-12,136,137,22:30-22:50,36.009623333333366
2025-03-12,140,141,23:10-23:30,9.873949999999923
2025-03-12,144,144,23:50-24:00,45.679613333333236
2025-03-13,1,1,00:00-00:10,28.247966666666684
2025-03-13,8,9,01:10-01:30,10.667370000000005
2025-03-13,11,12,01:40-02:00,65.48784999999987
2025-03-13,15,18,02:20-03:00,33.19983999999977
2025-03-13,25,26,04:00-04:20,40.68782476190461
2025-03-13,29,30,04:40-05:00,12.732839523809389
2025-03-13,34,36,05:30-06:00,44.76600000000023
2025-03-13,39,39,06:20-06:30,12.081964761904828
2025-03-13,44,45,07:10-07:30,93.37196857142857
2025-03-13,48,48,07:50-08:00,23.93372476190484
2025-03-13,51,53,08:20-08:50,87.07059571428567
2025-03-13,55,62,09:00-10:20,240.58820809523797
2025-03-13,65,66,10:40-11:00,4.740374761904604
2025-03-13,69,69,11:20-11:30,21.36222095238122
2025-03-13,72,73,11:50-12:10,23.32346238095215
2025-03-13,76,77,12:30-12:50,61.81238238095216
2025-03-13,79,82,13:00-13:40,140.2864833333333
2025-03-13,85,90,14:00-15:00,375.5083566666667
2025-03-13,93,94,15:20-15:40,45.36456333333376
2025-03-13,97,104,16:00-17:20,231.87806579070926
2025-03-13,106,113,17:30-18:50,518.2317264331004
2025-03-13,115,116,19:00-19:20,16.336199047618834
2025-03-13,118,119,19:30-19:50,38.53004666666652
2025-03-13,122,122,20:10-20:20,533.8081796176218
2025-03-13,124,126,20:30-21:00,101.77577999999994
2025-03-13,128,129,21:10-21:30,41.471903333333216
2025-03-13,132,133,21:50-22:10,51.85673333333352
2025-03-13,139,140,23:00-23:20,41.641020000000026
2025-03-14,2,2,00:10-00:20,3.0331533333333027
2025-03-14,5,6,00:40-01:00,60.60007000000002
2025-03-14,9,11,01:20-01:50,68.10182666666674
2025-03-14,16,18,02:30-03:00,76.72866666666675
2025-03-14,23,25,03:40-04:10,58.50580333333329
2025-03-14,28,29,04:30-04:50,37.90803571428569
2025-03-14,32,32,05:10-05:20,2.795049047619159
2025-03-14,35,36,05:40-06:00,63.49306857142858
2025-03-14,39,40,06:20-06:40,3.0024204761905366
2025-03-14,43,43,07:00-07:10,1.9155157142856751
2025-03-14,46,48,07:30-08:00,40.956357142857144
2025-03-14,51,52,08:20-08:40,33.77398476190467
2025-03-14,55,56,09:00-09:20,19.329672857143123
2025-03-14,61,63,10:00-10:30,55.25470238095272
2025-03-14,66,67,10:50-11:10,24.55256142857138
2025-03-14,98,99,16:10-16:30,33.46602999999976
2025-03-14,103,105,17:00-17:30,71.4284642857143
2025-03-14,108,108,17:50-18:00,1.654578571428658
2025-03-14,110,111,18:10-18:30,22.13353619047615
2025-03-14,114,115,18:50-19:10,18.022295714285747
2025-03-14,118,119,19:30-19:50,46.614346666666506
2025-03-14,124,124,20:30-20:40,5.77379666666684
2025-03-14,128,129,21:10-21:30,33.483669999999904
2025-03-14,132,133,21:50-22:10,18.174286666666603
2025-03-14,135,137,22:20-22:50,15.342716666666774
2025-03-14,140,141,23:10-23:30,43.580516666666654
2025-03-15,1,2,00:00-00:20,37.14937000000009
2025-03-15,7,8,01:00-01:20,29.449533333333363
2025-03-15,13,16,02:00-02:40,57.32414999999992
2025-03-15,19,19,03:00-03:10,4.648746666666625
2025-03-15,22,23,03:30-03:50,21.294026666666753
2025-03-15,26,27,04:10-04:30,60.108113333333336
2025-03-15,31,32,05:00-05:20,53.97241000000007
2025-03-15,35,36,05:40-06:00,25.077717619047633
2025-03-15,38,39,06:10-06:30,15.73132476190483
2025-03-15,42,42,06:50-07:00,8.16850380952394
2025-03-15,44,47,07:10-07:50,347.4238483333396
2025-03-15,49,49,08:00-08:10,24.727085238095356
2025-03-15,52,53,08:30-08:50,16.247029523809715
2025-03-15,55,60,09:00-10:00,178.64132142857147
2025-03-15,64,64,10:30-10:40,28.034016190475995
2025-03-15,67,67,11:00-11:10,20.36072428571447
2025-03-15,70,71,11:30-11:50,139.5312257142856
2025-03-15,76,77,12:30-12:50,15.63091047619264
2025-03-15,96,97,15:50-16:10,21.724654761904517
2025-03-15,100,102,16:30-17:00,26.91495238095243
2025-03-15,104,105,17:10-17:30,10.553516666666681
2025-03-15,107,111,17:40-18:30,84.38461523809491
2025-03-15,115,116,19:00-19:20,13.430056666666701
2025-03-15,120,121,19:50-20:10,58.82784000000015
2025-03-15,124,125,20:30-20:50,54.023310000000095
2025-03-15,129,130,21:20-21:40,17.07833999999997
2025-03-15,133,133,22:00-22:10,21.56529999999998
2025-03-15,136,137,22:30-22:50,53.431273333333365
2025-03-15,140,143,23:10-23:50,53.09312666666665
2025-03-16,1,1,00:00-00:10,2.1906633333333048
2025-03-16,3,3,00:20-00:30,7.77209333333326
2025-03-16,5,7,00:40-01:10,34.22601000000009
2025-03-16,12,13,01:50-02:10,21.587856666666653
2025-03-16,16,19,02:30-03:10,43.69479666666655
2025-03-16,22,23,03:30-03:50,45.946463333333554
2025-03-16,26,27,04:10-04:30,33.1410266666669
2025-03-16,31,36,05:00-06:00,83.43366666666684
2025-03-16,41,47,06:40-07:50,64.86587380952409
2025-03-16,50,51,08:10-08:30,11.285253333333458
2025-03-16,57,59,09:20-09:50,75.83150238095232
2025-03-16,61,61,10:00-10:10,38.95801952380975
2025-03-16,64,64,10:30-10:40,88.11941571428542
2025-03-16,73,76,12:00-12:40,133.40843095238097
2025-03-16,79,80,13:00-13:20,59.76044362573202
2025-03-16,84,84,13:50-14:00,4.031593809523542
2025-03-16,87,87,14:20-14:30,22.053676666666547
2025-03-16,90,90,14:50-15:00,48.22615142857171
2025-03-16,92,93,15:10-15:30,29.97675421325914
2025-03-16,96,96,15:50-16:00,15.719731904761602
2025-03-16,99,101,16:20-16:50,46.59924626416756
2025-03-16,105,105,17:20-17:30,33.943717619047575
2025-03-16,107,108,17:40-18:00,25.616970000000414
2025-03-16,113,114,18:40-19:00,19.966709047618565
2025-03-16,117,119,19:20-19:50,49.39929285714288
2025-03-16,122,123,20:10-20:30,21.093723333333514
2025-03-16,125,126,20:40-21:00,34.46884666666688
2025-03-16,129,129,21:20-21:30,37.39575666666667
2025-03-16,132,136,21:50-22:40,32.144829999999615
2025-03-16,139,140,23:00-23:20,20.103466666666463
2025-03-16,143,144,23:40-24:00,33.75332999999978
2025-03-17,3,3,00:20-00:30,23.488503333333256
2025-03-17,6,8,00:50-01:20,31.355796666666606
2025-03-17,11,12,01:40-02:00,35.25183666666669
2025-03-17,15,16,02:20-02:40,18.441589999999792
2025-03-17,20,21,03:10-03:30,31.085063333333323
2025-03-17,23,24,03:40-04:00,41.60323666666682
2025-03-17,28,29,04:30-04:50,52.846289047618825
2025-03-17,32,33,05:10-05:30,59.72382142857157
2025-03-17,36,37,05:50-06:10,15.621805714285756
2025-03-17,40,40,06:30-06:40,42.64130333333321
2025-03-17,43,44,07:00-07:20,53.4559114285712
2025-03-17,48,49,07:50-08:10,31.75021571428556
2025-03-17,55,56,09:00-09:20,33.554330476190444
2025-03-17,60,63,09:50-10:30,149.21424714285718
2025-03-17,65,65,10:40-10:50,4.858373333333702
2025-03-17,98,99,16:10-16:30,21.934363809524143
2025-03-17,103,104,17:00-17:20,25.238958571428753
2025-03-17,106,107,17:30-17:50,15.49883902997965
2025-03-17,109,109,18:00-18:10,12.930218571428554
2025-03-17,112,112,18:30-18:40,10.501266190476144
2025-03-17,116,117,19:10-19:30,33.20486809523834
2025-03-17,119,120,19:40-20:00,75.97741333333306
2025-03-17,123,123,20:20-20:30,49.165093333333175
2025-03-17,126,127,20:50-21:10,24.043760000000134
2025-03-17,130,131,21:30-21:50,55.210253333333526
2025-03-17,134,135,22:10-22:30,26.537006666666798
2025-03-17,140,141,23:10-23:30,40.187580000000025
2025-03-17,144,144,23:50-24:00,1.7752199999999903
2025-03-18,2,3,00:10-00:30,57.63279666666665
2025-03-18,6,10,00:50-01:40,38.78026333333332
2025-03-18,13,14,02:00-02:20,38.7901366666664
2025-03-18,17,18,02:40-03:00,9.551359999999818
2025-03-18,20,21,03:10-03:30,19.762470000000235
2025-03-18,24,25,03:50-04:10,27.56626904761891
2025-03-18,27,28,04:20-04:40,15.351692380952343
2025-03-18,31,32,05:00-05:20,32.070096666666714
2025-03-18,36,37,05:50-06:10,48.148407619047475
2025-03-18,41,43,06:40-07:10,70.62522285714283
2025-03-18,46,47,07:30-07:50,59.211349047619024
2025-03-18,49,50,08:00-08:20,54.57316190476172
2025-03-18,52,53,08:30-08:50,79.55541285714332
2025-03-18,55,55,09:00-09:10,3.078272857142906
2025-03-18,57,60,09:20-10:00,173.49637730476104
2025-03-18,64,64,10:30-10:40,7.180519999999888
2025-03-18,67,68,11:00-11:20,57.109411904761146
2025-03-18,80,80,13:10-13:20,29.419806190476493
2025-03-18,86,87,14:10-14:30,44.716206190476214
2025-03-18,103,104,17:00-17:20,30.429704243328388
2025-03-18,106,106,17:30-17:40,14.80338476190473
2025-03-18,109,111,18:00-18:30,44.87166666666655
2025-03-18,114,116,18:50-19:20,28.94851476190479
2025-03-18,121,125,20:00-20:50,25.125919999999724
2025-03-18,129,132,21:20-22:00,63.91778666666664
2025-03-18,134,135,22:10-22:30,9.590226666666581
2025-03-18,137,138,22:40-23:00,29.542693333333318
2025-03-18,142,143,23:30-23:50,63.66461666666646
2025-03-19,1,1,00:00-00:10,15.761636666666618
2025-03-19,4,5,00:30-00:50,45.96491666666657
2025-03-19,8,9,01:10-01:30,15.790050000000065
2025-03-19,11,12,01:40-02:00,62.437119999999936
2025-03-19,16,17,02:30-02:50,23.0238966666667
2025-03-19,22,22,03:30-03:40,18.18829333333349
2025-03-19,25,26,04:00-04:20,16.93841666666655
2025-03-19,29,29,04:40-04:50,0.8323780952381412
2025-03-19,33,36,05:20-06:00,55.85707333333343
2025-03-19,42,42,06:50-07:00,23.733238095237937
2025-03-19,45,46,07:20-07:40,58.17899904761913
2025-03-19,49,50,08:00-08:20,69.09678380952369
2025-03-19,53,55,08:40-09:10,47.6157052380953
2025-03-19,61,62,10:00-10:20,9.809190000000171
2025-03-19,64,64,10:30-10:40,4.876810476190258
2025-03-19,67,67,11:00-11:10,15.408303333333151
2025-03-19,87,88,14:20-14:40,82.23816952380957
2025-03-19,105,107,17:20-17:50,14.957607871290293
2025-03-19,112,114,18:30-19:00,49.03233333333324
2025-03-19,118,122,19:30-20:20,20.207519999999704
2025-03-19,124,126,20:30-21:00,3.7726666666665096
2025-03-19,129,133,21:20-22:10,31.502950000000055
2025-03-19,136,140,22:30-23:20,37.237863333333735
2025-03-19,143,144,23:40-24:00,32.362153333333254
2025-03-20,2,3,00:10-00:30,73.12346666666667
2025-03-20,6,9,00:50-01:30,72.01712333333342
2025-03-20,12,12,01:50-02:00,14.258306666666499
2025-03-20,15,16,02:20-02:40,44.1896999999999
2025-03-20,19,20,03:00-03:20,47.66947666666647
2025-03-20,24,24,03:50-04:00,4.742633333333401
2025-03-20,27,30,04:20-05:00,41.79288333333337
2025-03-20,35,36,05:40-06:00,63.61799952380909
2025-03-20,39,41,06:20-06:50,10.476079999999797
2025-03-20,45,45,07:20-07:30,29.787509523809433
2025-03-20,48,50,07:50-08:20,89.87332571428573
2025-03-20,53,55,08:40-09:10,46.42843476190467
2025-03-20,59,60,09:40-10:00,56.481692857143116
2025-03-20,63,63,10:20-10:30,1.2504747619045702
2025-03-20,67,68,11:00-11:20,105.2460633333335
2025-03-20,75,76,12:20-12:40,104.40785238095305
2025-03-20,79,80,13:00-13:20,37.07621095238119
2025-03-20,86,86,14:10-14:20,6.597989523809588
2025-03-20,89,90,14:40-15:00,61.83682714285726
2025-03-20,92,93,15:10-15:30,24.930785234997984
2025-03-20,95,97,15:40-16:10,36.82391285714306
2025-03-20,100,101,16:30-16:50,18.609577619047684
2025-03-20,103,105,17:00-17:30,39.12086791397586
2025-03-20,108,110,17:50-18:20,50.29927380952383
2025-03-20,112,114,18:30-19:00,81.58899999999994
2025-03-20,118,124,19:30-20:40,115.00752431485557
2025-03-20,127,129,21:00-21:30,63.805000000000405
2025-03-20,131,132,21:40-22:00,25.237883333333116
2025-03-20,138,139,22:50-23:10,25.275370000000294
2025-03-20,141,143,23:20-23:50,60.882843333333085
2025-03-21,2,3,00:10-00:30,35.316023333333305
2025-03-21,7,9,01:00-01:30,37.704666666666526
2025-03-21,13,14,02:00-02:20,18.378023333333317
2025-03-21,16,17,02:30-02:50,28.095546666666564
2025-03-21,21,22,03:20-03:40,30.022313333333273
2025-03-21,26,27,04:10-04:30,34.9605680952381
2025-03-21,30,32,04:50-05:20,45.92672666666661
2025-03-21,35,36,05:40-06:00,6.5270690476190225
2025-03-21,39,40,06:20-06:40,38.53659190476202
2025-03-21,44,46,07:10-07:40,182.99435355713985
2025-03-21,48,51,07:50-08:30,63.88239619047613
2025-03-21,54,57,08:50-09:30,136.40302047619025
2025-03-21,60,61,09:50-10:10,49.13935619047629
2025-03-21,65,66,10:40-11:00,56.67068095238119
2025-03-21,101,101,16:40-16:50,11.89316666666673
2025-03-21,105,105,17:20-17:30,10.356642857142887
2025-03-21,108,110,17:50-18:20,30.51453523809522
2025-03-21,112,114,18:30-19:00,43.09033333333315
2025-03-21,117,119,19:20-19:50,37.34948666666685
2025-03-21,122,123,20:10-20:30,27.716776666666647
2025-03-21,128,130,21:10-21:40,41.67432333333352
2025-03-21,133,135,22:00-22:30,68.76433333333318
2025-03-21,138,138,22:50-23:00,10.513020000000097
2025-03-21,140,141,23:10-23:30,57.950406666666595
2025-03-21,144,144,23:50-24:00,21.02390666666679
2025-03-22,2,3,00:10-00:30,9.370013333333361
2025-03-22,5,6,00:40-01:00,14.676483333333465
2025-03-22,9,10,01:20-01:40,67.46062666666671
2025-03-22,14,17,02:10-02:50,59.55111333333343
2025-03-22,21,21,03:20-03:30,6.886063333333311
2025-03-22,24,26,03:50-04:20,33.10260666666659
2025-03-22,28,29,04:30-04:50,19.374703333333343
2025-03-22,31,31,05:00-05:10,9.55821047619034
2025-03-22,34,35,05:30-05:50,15.595956666666615
2025-03-22,38,39,06:10-06:30,16.023619523809487
2025-03-22,42,43,06:50-07:10,35.561272380952175
2025-03-22,45,47,07:20-07:50,106.704214528578
2025-03-22,49,50,08:00-08:20,47.92664047619019
2025-03-22,52,54,08:30-09:00,125.13209523809508
2025-03-22,57,59,09:20-09:50,90.67770761904762
2025-03-22,63,63,10:20-10:30,10.683733809524028
2025-03-22,66,66,10:50-11:00,64.96754095238111
2025-03-22,68,69,11:10-11:30,76.89613142857138
2025-03-22,96,96,15:50-16:00,4.036877142857065
2025-03-22,101,104,16:40-17:20,49.66295714285701
2025-03-22,107,108,17:40-18:00,34.13589238095236
2025-03-22,110,111,18:10-18:30,23.240820000000156
2025-03-22,114,114,18:50-19:00,27.341758095238163
2025-03-22,119,120,19:40-20:00,35.11688666666663
2025-03-22,123,123,20:20-20:30,22.43592333333322
2025-03-22,128,129,21:10-21:30,7.638223333333315
2025-03-22,131,132,21:40-22:00,14.702553333333356
2025-03-22,134,135,22:10-22:30,22.708646666666823
2025-03-22,138,138,22:50-23:00,6.003203333333204
2025-03-22,140,141,23:10-23:30,37.91326333333336
2025-03-22,144,144,23:50-24:00,24.928333333333512
2025-03-23,3,5,00:20-00:50,30.251196666666715
2025-03-23,8,9,01:10-01:30,12.709246666666786
2025-03-23,12,12,01:50-02:00,8.9445566666667
2025-03-23,14,16,02:10-02:40,16.442020000000298
2025-03-23,20,21,03:10-03:30,50.36324000000013
2025-03-23,24,25,03:50-04:10,36.438034285714444
2025-03-23,28,29,04:30-04:50,6.890329999999999
2025-03-23,31,32,05:00-05:20,15.636716666666501
2025-03-23,35,37,05:40-06:10,48.37278999999978
2025-03-23,41,41,06:40-06:50,3.7498252380953545
2025-03-23,45,48,07:20-08:00,74.6168323809523
2025-03-23,53,60,08:40-10:00,385.03383983809977
2025-03-23,64,66,10:30-11:00,151.03153571428606
2025-03-23,69,69,11:20-11:30,27.879590476190515
2025-03-23,72,75,11:50-12:30,125.21638095238086
2025-03-23,77,78,12:40-13:00,109.15606190476228
2025-03-23,81,81,13:20-13:30,7.117566666666789
2025-03-23,87,89,14:20-14:50,57.8025673074643
2025-03-23,105,105,17:20-17:30,16.84778571428555
2025-03-23,107,108,17:40-18:00,21.76070857142868
2025-03-23,111,114,18:20-19:00,38.462341904761786
2025-03-23,116,117,19:10-19:30,25.72850000000028
2025-03-23,119,120,19:40-20:00,14.233636666666598
2025-03-23,122,123,20:10-20:30,73.90818333333334
2025-03-23,125,126,20:40-21:00,42.24271666666709
2025-03-23,129,129,21:20-21:30,31.035066666666694
2025-03-23,131,132,21:40-22:00,44.1658299999998
2025-03-23,135,136,22:20-22:40,15.382486666666637
2025-03-23,139,139,23:00-23:10,2.764073333333272
2025-03-23,142,144,23:30-24:00,29.831666666666933
2025-03-24,1,1,00:00-00:10,23.220166666666728
2025-03-24,4,5,00:30-00:50,33.69383666666681
2025-03-24,8,9,01:10-01:30,35.43525333333332
2025-03-24,11,12,01:40-02:00,11.588176666666527
2025-03-24,14,15,02:10-02:30,47.27890666666667
2025-03-24,18,18,02:50-03:00,33.03340666666668
2025-03-24,21,22,03:20-03:40,20.141383333333124
2025-03-24,25,27,04:00-04:30,23.41633333333331
2025-03-24,30,32,04:50-05:20,47.7026066666667
2025-03-24,38,38,06:10-06:20,1.9519709523809752
2025-03-24,43,44,07:00-07:20,26.918335238095267
2025-03-24,47,48,07:40-08:00,45.18864380952385
2025-03-24,51,51,08:20-08:30,35.53033047619044
2025-03-24,55,56,09:00-09:20,40.17609238095258
2025-03-24,62,67,10:10-11:10,90.63124142857168
2025-03-24,70,71,11:30-11:50,55.54778428571376
2025-03-24,74,75,12:10-12:30,75.76461238095203
2025-03-24,87,87,14:20-14:30,54.680833333333226
2025-03-24,89,90,14:40-15:00,42.33125380952379
2025-03-24,96,96,15:50-16:00,30.93902952380938
2025-03-24,99,99,16:20-16:30,34.44219190476173
2025-03-24,103,105,17:00-17:30,53.250083333332896
2025-03-24,107,109,17:40-18:10,30.33221380952334
2025-03-24,114,116,18:50-19:20,24.605257619047734
2025-03-24,119,120,19:40-20:00,13.23190999999997
2025-03-24,123,125,20:20-20:50,18.4929699999999
2025-03-24,128,129,21:10-21:30,12.471316666666553
2025-03-24,132,135,21:50-22:30,36.01189666666676
2025-03-24,137,138,22:40-23:00,53.737136666666856
2025-03-24,142,143,23:30-23:50,106.87447999999995
2025-03-25,2,2,00:10-00:20,9.011390000000006
2025-03-25,5,6,00:40-01:00,42.45065666666687
2025-03-25,9,10,01:20-01:40,73.1258633333332
2025-03-25,13,13,02:00-02:10,28.753180000000043
2025-03-25,16,17,02:30-02:50,56.374016666666535
2025-03-25,19,19,03:00-03:10,30.655740000000037
2025-03-25,22,23,03:30-03:50,86.97110333333319
2025-03-25,28,29,04:30-04:50,33.73390333333346
2025-03-25,31,33,05:00-05:30,44.28300000000009
2025-03-25,38,39,06:10-06:30,39.763902380952686
2025-03-25,41,42,06:40-07:00,19.194202380951992
2025-03-25,45,45,07:20-07:30,5.061056190476336
2025-03-25,50,51,08:10-08:30,48.1811595238097
2025-03-25,53,54,08:40-09:00,83.66145523809519
2025-03-25,57,65,09:20-10:50,484.22618053343
2025-03-25,69,70,11:20-11:40,88.24854904761878
2025-03-25,74,75,12:10-12:30,15.409710000000132
2025-03-25,78,79,12:50-13:10,48.98398571428561
2025-03-25,84,89,13:50-14:50,244.18686904761887
2025-03-25,91,92,15:00-15:20,46.41615666666712
2025-03-25,94,94,15:30-15:40,5.627923333333115
2025-03-25,97,102,16:00-17:00,156.85915904761873
2025-03-25,106,114,17:30-19:00,392.18748024091303
2025-03-25,116,117,19:10-19:30,46.71036333333336
2025-03-25,120,127,19:50-21:10,347.8330793208919
2025-03-25,131,132,21:40-22:00,21.32925666666688
2025-03-25,135,136,22:20-22:40,48.90723333333335
2025-03-25,139,140,23:00-23:20,30.210706666666283
2025-03-25,143,144,23:40-24:00,22.007256666666763
2025-03-26,3,3,00:20-00:30,29.78051333333326
2025-03-26,7,7,01:00-01:10,21.7437433333331
2025-03-26,10,11,01:30-01:50,38.47716333333335
2025-03-26,14,15,02:10-02:30,25.76508333333345
2025-03-26,18,19,02:50-03:10,49.766610000000014
2025-03-26,22,23,03:30-03:50,52.02413333333345
2025-03-26,26,27,04:10-04:30,39.490761904761825
2025-03-26,30,34,04:50-05:40,61.551740476191064
2025-03-26,40,41,06:30-06:50,10.496779999999603
2025-03-26,44,47,07:10-07:50,81.3708776190474
2025-03-26,49,49,08:00-08:10,7.850522857143233
2025-03-26,52,53,08:30-08:50,18.76302333333365
2025-03-26,57,57,09:20-09:30,7.732471904761951
2025-03-26,61,61,10:00-10:10,41.72220904761912
2025-03-26,64,64,10:30-10:40,24.711100476190495
2025-03-26,68,68,11:10-11:20,39.55361523809529
2025-03-26,71,71,11:40-11:50,2.7726842857143765
2025-03-26,73,73,12:00-12:10,39.68877380952381
2025-03-26,107,108,17:40-18:00,17.79929714285703
2025-03-26,111,111,18:20-18:30,26.516750000000116
2025-03-26,113,114,18:40-19:00,35.423749999999956
2025-03-26,117,118,19:20-19:40,15.172593333333225
2025-03-26,121,122,20:00-20:20,17.043153333333407
2025-03-26,126,127,20:50-21:10,19.94109666666668
2025-03-26,130,130,21:30-21:40,20.721806666666453
2025-03-26,133,134,22:00-22:20,77.16739666666695
2025-03-26,137,137,22:40-22:50,11.738606666666783
2025-03-26,140,141,23:10-23:30,63.51178333333337
2025-03-26,144,144,23:50-24:00,9.700870000000123
2025-03-27,3,4,00:20-00:40,18.19371000000001
2025-03-27,7,9,01:00-01:30,57.41799999999978
2025-03-27,12,15,01:50-02:30,52.15638999999999
2025-03-27,20,21,03:10-03:30,19.918610000000058
2025-03-27,23,24,03:40-04:00,42.867196666666814
2025-03-27,27,28,04:20-04:40,47.96342619047607
2025-03-27,34,35,05:30-05:50,21.52499904761885
2025-03-27,38,39,06:10-06:30,44.412264285713945
2025-03-27,47,49,07:40-08:10,81.39359285714266
2025-03-27,53,54,08:40-09:00,52.72621190476218
2025-03-27,57,57,09:20-09:30,2.7831461904760317
2025-03-27,60,61,09:50-10:10,85.74100142857083
2025-03-27,64,65,10:30-10:50,172.17410857142886
2025-03-27,70,70,11:30-11:40,15.1959957142858
2025-03-27,77,78,12:40-13:00,131.9550380952378
2025-03-27,80,81,13:10-13:30,56.60100333333321
2025-03-27,86,87,14:10-14:30,11.140493333333325
2025-03-27,90,91,14:50-15:10,58.095466666666084
2025-03-27,93,95,15:20-15:50,75.31693238095261
2025-03-27,97,98,16:00-16:20,17.57071190476188
2025-03-27,100,102,16:30-17:00,105.43788234168147
2025-03-27,108,109,17:50-18:10,25.434318095238055
2025-03-27,112,114,18:30-19:00,58.79233333333319
2025-03-27,118,120,19:30-20:00,49.94899999999973
2025-03-27,123,124,20:20-20:40,35.15112000000033
2025-03-27,127,131,21:00-21:50,55.66485666666654
2025-03-27,135,139,22:20-23:10,36.670889999999645
2025-03-27,143,144,23:40-24:00,7.9419500000001335
2025-03-28,4,5,00:30-00:50,35.10757000000007
2025-03-28,7,7,01:00-01:10,33.299423333333266
2025-03-28,10,11,01:30-01:50,41.730189999999936
2025-03-28,14,15,02:10-02:30,6.463933333333273
2025-03-28,18,19,02:50-03:10,37.28325000000001
2025-03-28,25,25,04:00-04:10,1.8045200000000818
2025-03-28,28,28,04:30-04:40,2.3265142857143815
2025-03-28,32,33,05:10-05:30,50.93072666666683
2025-03-28,38,39,06:10-06:30,18.807311428571154
2025-03-28,42,47,06:50-07:50,373.5667042857142
2025-03-28,51,52,08:20-08:40,19.594183809523656
2025-03-28,55,55,09:00-09:10,36.68972428571442
2025-03-28,58,59,09:30-09:50,85.0754780952384
2025-03-28,64,64,10:30-10:40,16.987964761904777
2025-03-28,67,69,11:00-11:30,94.21946428571437
2025-03-28,98,98,16:10-16:20,14.262601428571429
2025-03-28,101,101,16:40-16:50,8.111463809523741
2025-03-28,105,106,17:20-17:40,37.50984761904759
2025-03-28,109,110,18:00-18:20,21.208854761904547
2025-03-28,115,116,19:00-19:20,54.751361904761836
2025-03-28,120,120,19:50-20:00,0.8950328571428372
2025-03-28,122,123,20:10-20:30,22.47189666666668
2025-03-28,127,128,21:00-21:20,95.29457666666667
2025-03-28,133,134,22:00-22:20,24.20469999999989
2025-03-28,136,137,22:30-22:50,26.276836666666668
2025-03-28,140,144,23:10-24:00,45.78581999999983
2025-03-29,1,1,00:00-00:10,18.30540333333323
2025-03-29,5,6,00:40-01:00,40.15086666666684
2025-03-29,8,9,01:10-01:30,26.82443333333339
2025-03-29,12,13,01:50-02:10,19.55040666666673
2025-03-29,17,18,02:40-03:00,31.652066666666713
2025-03-29,21,21,03:20-03:30,16.628153333333387
2025-03-29,25,26,04:00-04:20,43.40425333333343
2025-03-29,28,30,04:30-05:00,21.490333333333353
2025-03-29,33,33,05:20-05:30,2.963020952380873
2025-03-29,37,47,06:00-07:50,299.16191221904876
2025-03-29,51,52,08:20-08:40,38.88538095238084
2025-03-29,56,57,09:10-09:30,26.353270476190573
2025-03-29,59,60,09:40-10:00,91.40199952380999
2025-03-29,62,63,10:10-10:30,27.55319238095285
2025-03-29,66,67,10:50-11:10,39.31264999999962
2025-03-29,97,98,16:00-16:20,62.456897619047766
2025-03-29,103,104,17:00-17:20,5.323131428571514
2025-03-29,108,110,17:50-18:20,65.24027095238085
2025-03-29,112,113,18:30-18:50,21.918335714285718
2025-03-29,116,117,19:10-19:30,29.63045047619056
2025-03-29,119,120,19:40-20:00,74.00144571428581
2025-03-29,123,124,20:20-20:40,6.141080000000102
2025-03-29,127,127,21:00-21:10,4.237526666666724
2025-03-29,130,132,21:30-22:00,29.752523516139444
2025-03-29,134,135,22:10-22:30,17.435906666666654
2025-03-29,138,138,22:50-23:00,1.3625700000000052
2025-03-29,141,141,23:20-23:30,17.901536666666743
2025-03-29,144,144,23:50-24:00,16.94820666666692
2025-03-30,1,1,00:00-00:10,23.185396666666747
2025-03-30,7,7,01:00-01:10,2.633303333333288
2025-03-30,10,12,01:30-02:00,97.70566666666662
2025-03-30,17,18,02:40-03:00,61.47546666666676
2025-03-30,21,23,03:20-03:50,69.08200999999997
2025-03-30,25,25,04:00-04:10,8.833567619047699
2025-03-30,29,33,04:40-05:30,86.70059333333319
2025-03-30,37,38,06:00-06:20,29.551345238094882
2025-03-30,41,43,06:40-07:10,41.09253333333345
2025-03-30,46,47,07:30-07:50,15.544189999999844
2025-03-30,50,54,08:10-09:00,71.37603000000001
2025-03-30,57,61,09:20-10:10,116.8295700000001
2025-03-30,66,67,10:50-11:10,21.02369190476179
2025-03-30,70,71,11:30-11:50,82.49835761904774
2025-03-30,77,79,12:40-13:10,60.88714380952365
2025-03-30,82,82,13:30-13:40,38.28528285714265
2025-03-30,86,86,14:10-14:20,48.46124999999995
2025-03-30,92,92,15:10-15:20,7.629164285714069
2025-03-30,95,96,15:40-16:00,46.70440857142842
2025-03-30,99,99,16:20-16:30,17.00698238095231
2025-03-30,106,106,17:30-17:40,4.2496099999999615
2025-03-30,109,110,18:00-18:20,76.81751601998855
2025-03-30,115,116,19:00-19:20,51.96435285714256
2025-03-30,119,120,19:40-20:00,42.81981285714289
2025-03-30,123,124,20:20-20:40,30.858743333333223
2025-03-30,127,128,21:00-21:20,32.95147333333341
2025-03-30,133,134,22:00-22:20,49.30503333333331
2025-03-30,136,137,22:30-22:50,14.297559999999976
2025-03-30,140,141,23:10-23:30,30.02059000000031
2025-03-30,144,144,23:50-24:00,12.857850000000099
2025-03-31,1,1,00:00-00:10,24.08816999999999
2025-03-31,5,6,00:40-01:00,37.28161333333321
2025-03-31,9,11,01:20-01:50,58.71989666666627
2025-03-31,14,15,02:10-02:30,14.905240000000163
2025-03-31,18,18,02:50-03:00,11.50192666666669
2025-03-31,22,22,03:30-03:40,1.7507666666667774
2025-03-31,25,25,04:00-04:10,21.729470476190613
2025-03-31,28,29,04:30-04:50,75.2366904761902
2025-03-31,32,35,05:10-05:50,48.86986333333318
2025-03-31,39,39,06:20-06:30,29.05949904761883
2025-03-31,42,45,06:50-07:30,38.32416095238068
2025-03-31,50,51,08:10-08:30,28.305330476190534
2025-03-31,56,59,09:10-09:50,111.722123333333
2025-03-31,62,63,10:10-10:30,108.67167666666705
2025-03-31,67,74,11:00-12:20,184.22331333333318
2025-03-31,77,79,12:40-13:10,104.56902380952374
2025-03-31,82,83,13:30-13:50,87.58674952380898
2025-03-31,88,88,14:30-14:40,53.476777619047766
2025-03-31,90,92,14:50-15:20,113.40486898295023
2025-03-31,94,96,15:30-16:00,83.61095225714189
2025-03-31,98,102,16:10-17:00,201.09780571428564
2025-03-31,105,106,17:20-17:40,18.542981904762
2025-03-31,108,111,17:50-18:30,46.369470476190095
2025-03-31,113,114,18:40-19:00,272.4466611142885
2025-03-31,116,117,19:10-19:30,46.21798666666621
2025-03-31,120,123,19:50-20:30,67.57397721964514
2025-03-31,125,126,20:40-21:00,73.76900999999964
2025-03-31,129,129,21:20-21:30,36.378793333333306
2025-03-31,132,132,21:50-22:00,25.843249999999898
2025-03-31,135,137,22:20-22:50,18.2042633333333
2025-03-31,140,141,23:10-23:30,46.71286666666697
2025-03-31,144,144,23:50-24:00,16.255333333333283
2025-04-01,1,1,00:00-00:10,14.920993333333286
2025-04-01,4,5,00:30-00:50,27.05815333333362
2025-04-01,8,9,01:10-01:30,44.615633333333335
2025-04-01,12,13,01:50-02:10,43.72202333333337
2025-04-01,15,17,02:20-02:50,24.49440666666635
2025-04-01,21,22,03:20-03:40,22.95562999999993
2025-04-01,26,34,04:10-05:40,272.361699600002
2025-04-01,37,37,06:00-06:10,15.622901904761648
2025-04-01,40,41,06:30-06:50,33.3921723809525
2025-04-01,47,48,07:40-08:00,47.853406190475994
2025-04-01,51,51,08:20-08:30,30.68330285714285
2025-04-01,54,57,08:50-09:30,174.33015095238113
2025-04-01,59,60,09:40-10:00,82.94921714285738
2025-04-01,63,69,10:20-11:30,315.51612809523795
2025-04-01,72,72,11:50-12:00,29.359745238095456
2025-04-01,75,76,12:20-12:40,38.41307333333339
2025-04-01,81,82,13:20-13:40,51.77897190476165
2025-04-01,87,89,14:20-14:50,198.98952904761904
2025-04-01,91,92,15:00-15:20,98.4913995238096
2025-04-01,95,99,15:40-16:30,83.96827891904286
2025-04-01,102,109,16:50-18:10,196.5506766666667
2025-04-01,112,116,18:30-19:20,1772.2470623809509
2025-04-01,118,119,19:30-19:50,69.07658627547221
2025-04-01,121,125,20:00-20:50,915.6283100000002
2025-04-01,129,130,21:20-21:40,65.4542133333332
2025-04-01,134,134,22:10-22:20,6.229093333333367
2025-04-01,137,138,22:40-23:00,45.51580333333368
2025-04-01,141,141,23:20-23:30,2.9799900000000434
2025-04-01,143,144,23:40-24:00,41.408550000000105
2025-04-02,1,1,00:00-00:10,33.1640533333333
2025-04-02,8,9,01:10-01:30,9.209069999999883
2025-04-02,12,13,01:50-02:10,38.80095999999992
2025-04-02,16,17,02:30-02:50,39.320093333333375
2025-04-02,19,20,03:00-03:20,29.732039999999984
2025-04-02,22,23,03:30-03:50,26.10298000000023
2025-04-02,27,29,04:20-04:50,11.982840476190383
2025-04-02,31,33,05:00-05:30,122.369845434417
2025-04-02,43,44,07:00-07:20,67.22525714285706
2025-04-02,46,64,07:30-10:40,2408.388153538102
2025-04-02,67,68,11:00-11:20,17.731914761904818
2025-04-02,71,72,11:40-12:00,88.25485238095234
2025-04-02,76,76,12:30-12:40,58.38303809523791
2025-04-02,80,80,13:10-13:20,11.390202857142867
2025-04-02,84,84,13:50-14:00,42.2933123809521
2025-04-02,86,87,14:10-14:30,56.00565476190445
2025-04-02,90,90,14:50-15:00,7.6163509523809125
2025-04-02,94,98,15:30-16:20,45.16855380952393
2025-04-02,100,101,16:30-16:50,21.458428095237878
2025-04-02,104,105,17:10-17:30,54.76732047619066
2025-04-02,107,113,17:40-18:50,436.0231395238078
2025-04-02,116,118,19:10-19:40,424.9718057564173
2025-04-02,122,127,20:10-21:10,889.3403233333332
2025-04-02,130,131,21:30-21:50,12.212113333333036
2025-04-02,133,133,22:00-22:10,6.056543333333366
2025-04-02,137,139,22:40-23:10,67.91159999999991
2025-04-02,142,142,23:30-23:40,34.720709999999826
2025-04-03,1,2,00:00-00:20,29.57586666666657
2025-04-03,5,6,00:40-01:00,12.137039999999729
2025-04-03,8,9,01:10-01:30,52.47480333333317
2025-04-03,12,13,01:50-02:10,52.02892333333318
2025-04-03,16,16,02:30-02:40,11.73897999999997
2025-04-03,19,20,03:00-03:20,32.23911333333331
2025-04-03,23,24,03:40-04:00,28.88225000000015
2025-04-03,26,27,04:10-04:30,29.51644000000014
2025-04-03,30,32,04:50-05:20,54.43627999999988
2025-04-03,36,36,05:50-06:00,23.99225000000024
2025-04-03,39,39,06:20-06:30,9.38162285714293
2025-04-03,41,42,06:40-07:00,52.51637190476197
2025-04-03,45,45,07:20-07:30,23.28944761904785
2025-04-03,47,48,07:40-08:00,71.76307857142865
2025-04-03,51,57,08:20-09:30,896.6014589068128
2025-04-03,61,64,10:00-10:40,83.64165857142893
2025-04-03,68,69,11:10-11:30,34.91828380952347
2025-04-03,72,72,11:50-12:00,5.894833333333509
2025-04-03,79,79,13:00-13:10,55.29674095238056
2025-04-03,90,91,14:50-15:10,28.546578095238033
2025-04-03,94,94,15:30-15:40,14.434063333333143
2025-04-03,97,98,16:00-16:20,27.8301871428568
2025-04-03,104,105,17:10-17:30,20.8178157142855
2025-04-03,107,108,17:40-18:00,4.858403809524297
2025-04-03,110,111,18:10-18:30,28.538934761904443
2025-04-03,113,114,18:40-19:00,47.96435761904752
2025-04-03,119,120,19:40-20:00,12.698659523809624
2025-04-03,122,123,20:10-20:30,68.16842047619059
2025-04-03,126,127,20:50-21:10,31.301156666666543
2025-04-03,130,131,21:30-21:50,18.900433333333353
2025-04-03,133,133,22:00-22:10,18.828899999999976
2025-04-03,136,137,22:30-22:50,52.632260000000315
2025-04-03,141,142,23:20-23:40,60.37404333333325
2025-04-04,2,2,00:10-00:20,33.73013666666668
2025-04-04,5,6,00:40-01:00,28.01251666666667
2025-04-04,9,10,01:20-01:40,45.89902666666654
2025-04-04,13,16,02:00-02:40,38.33646333333331
2025-04-04,20,23,03:10-03:50,74.96265047619036
2025-04-04,27,28,04:20-04:40,23.106885238095117
2025-04-04,31,33,05:00-05:30,23.458666666666772
2025-04-04,37,41,06:00-06:50,74.17294761904759
2025-04-04,43,45,07:00-07:30,285.0037794190465
2025-04-04,47,48,07:40-08:00,58.358566190476154
2025-04-04,52,52,08:30-08:40,4.7593842857143045
2025-04-04,54,55,08:50-09:10,50.64175380952372
2025-04-04,61,61,10:00-10:10,3.104374761905092
2025-04-04,64,65,10:30-10:50,81.43591571428578
2025-04-04,68,68,11:10-11:20,16.532570476190585
2025-04-04,103,104,17:00-17:20,5.307039047619099
2025-04-04,106,106,17:30-17:40,27.045231275719203
2025-04-04,109,111,18:00-18:30,79.93150000000009
2025-04-04,114,115,18:50-19:10,4.416418571428608
2025-04-04,119,120,19:40-20:00,72.5086623809521
2025-04-04,124,126,20:30-21:00,19.91433333333316
2025-04-04,128,129,21:10-21:30,24.30905333333328
2025-04-04,132,132,21:50-22:00,22.155506666666724
2025-04-04,135,138,22:20-23:00,42.766689999999926
2025-04-04,141,141,23:20-23:30,11.107676666666748
2025-04-04,143,144,23:40-24:00,12.372679999999946
2025-04-05,2,3,00:10-00:30,67.86741000000006
2025-04-05,6,8,00:50-01:20,53.4240566666665
2025-04-05,13,14,02:00-02:20,30.546470000000056
2025-04-05,18,19,02:50-03:10,56.20539000000002
2025-04-05,22,24,03:30-04:00,35.18233333333319
2025-04-05,27,27,04:20-04:30,5.621785714285636
2025-04-05,32,35,05:10-05:50,109.70985596667282
2025-04-05,37,38,06:00-06:20,10.978329523809577
2025-04-05,41,44,06:40-07:20,328.79466142857166
2025-04-05,46,47,07:30-07:50,51.205620952380855
2025-04-05,50,52,08:10-08:40,94.19943619047638
2025-04-05,55,56,09:00-09:20,13.414587142857272
2025-04-05,58,58,09:30-09:40,13.44541190476184
2025-04-05,61,62,10:00-10:20,86.90533952380974
2025-04-05,64,65,10:30-10:50,122.05820809523811
2025-04-05,69,69,11:20-11:30,12.071122380952374
2025-04-05,99,99,16:20-16:30,21.342633809523818
2025-04-05,102,106,16:50-17:40,74.71465095238082
2025-04-05,109,109,18:00-18:10,0.25189047619056737
2025-04-05,112,113,18:30-18:50,31.27164666666681
2025-04-05,116,118,19:10-19:40,42.98407809523832
2025-04-05,122,125,20:10-20:50,40.41661761904754
2025-04-05,130,132,21:30-22:00,46.13033333333357
2025-04-05,136,137,22:30-22:50,34.014953333333324
2025-04-05,139,140,23:00-23:20,32.96658666666667
2025-04-06,4,8,00:30-01:20,43.57096999999965
2025-04-06,10,12,01:30-02:00,38.56900000000019
2025-04-06,16,16,02:30-02:40,33.05699333333337
2025-04-06,19,19,03:00-03:10,20.16648666666663
2025-04-06,22,24,03:30-04:00,30.18899999999997
2025-04-06,26,27,04:10-04:30,74.39533333333324
2025-04-06,30,30,04:50-05:00,39.91599285714301
2025-04-06,33,34,05:20-05:40,20.211428095238148
2025-04-06,37,37,06:00-06:10,10.118141904761728
2025-04-06,40,42,06:30-07:00,49.159857142857106
2025-04-06,45,48,07:20-08:00,72.42356000000001
2025-04-06,52,53,08:30-08:50,68.38197714285764
2025-04-06,56,57,09:10-09:30,35.33464619047618
2025-04-06,62,69,10:10-11:30,134.72783857142826
2025-04-06,72,74,11:50-12:20,18.543759047619233
2025-04-06,78,80,12:50-13:20,116.9687800000006
2025-04-06,89,90,14:40-15:00,41.76911520282158
2025-04-06,92,93,15:10-15:30,13.348636543210887
2025-04-06,105,105,17:20-17:30,16.113976190475825
2025-04-06,113,114,18:40-19:00,90.67771000000005
2025-04-06,117,117,19:20-19:30,21.498293333333322
2025-04-06,119,120,19:40-20:00,24.79256238095263
2025-04-06,123,123,20:20-20:30,2.9259933333331674
2025-04-06,125,126,20:40-21:00,24.077543333333324
2025-04-06,129,130,21:20-21:40,50.22428666666656
2025-04-06,134,134,22:10-22:20,12.683686666666745
2025-04-06,136,137,22:30-22:50,4.915476666666564
2025-04-06,139,142,23:00-23:40,19.863566666666884
2025-04-07,2,2,00:10-00:20,20.73398999999972
2025-04-07,6,7,00:50-01:10,47.27897333333328
2025-04-07,11,12,01:40-02:00,13.48983666666686
2025-04-07,14,18,02:10-03:00,61.85931999999991
2025-04-07,22,22,03:30-03:40,17.504770000000008
2025-04-07,25,26,04:00-04:20,44.730369047619206
2025-04-07,31,32,05:00-05:20,38.85773238095246
2025-04-07,37,39,06:00-06:30,21.339404761905143
2025-04-07,42,43,06:50-07:10,26.838939523809245
2025-04-07,46,47,07:30-07:50,30.285292380952455
2025-04-07,49,50,08:00-08:20,11.78007952380949
2025-04-07,54,54,08:50-09:00,21.090625714285807
2025-04-07,58,58,09:30-09:40,8.89039809523797
2025-04-07,63,63,10:20-10:30,9.832938571428713
2025-04-07,65,66,10:40-11:00,108.50381142857145
2025-04-07,71,72,11:40-12:00,102.50490761904825
2025-04-07,75,76,12:20-12:40,62.306305457075496
2025-04-07,90,90,14:50-15:00,8.652662857142673
2025-04-07,93,93,15:20-15:30,0.046382380952422864
2025-04-07,108,110,17:50-18:20,29.277219047618978
2025-04-07,113,114,18:40-19:00,11.568887142856852
2025-04-07,117,117,19:20-19:30,39.034463333333406
2025-04-07,120,121,19:50-20:10,39.8718671428569
2025-04-07,125,127,20:40-21:10,86.0954333333334
2025-04-07,130,131,21:30-21:50,83.61226333333309
2025-04-07,133,134,22:00-22:20,24.34908666666672
2025-04-07,137,138,22:40-23:00,31.129613333333282
2025-04-07,140,141,23:10-23:30,6.11045333333368
2025-04-07,144,144,23:50-24:00,32.6258633333332
2025-04-08,1,1,00:00-00:10,24.535809999999856
2025-04-08,5,6,00:40-01:00,33.19464333333326
2025-04-08,9,9,01:20-01:30,21.507963333333578
2025-04-08,11,12,01:40-02:00,13.965873333333434
2025-04-08,15,16,02:20-02:40,60.55895000000021
2025-04-08,19,20,03:00-03:20,24.32229666666649
2025-04-08,26,27,04:10-04:30,44.734703333333385
2025-04-08,31,31,05:00-05:10,23.482740000000035
2025-04-08,34,35,05:30-05:50,43.04323999999994
2025-04-08,38,39,06:10-06:30,74.1069252380953
2025-04-08,43,44,07:00-07:20,26.78150714285715
2025-04-08,46,46,07:30-07:40,15.556131428571291
2025-04-08,49,58,08:00-09:40,542.0090813904712
2025-04-08,62,63,10:10-10:30,94.00963809523819
2025-04-08,77,78,12:40-13:00,58.019430476190564
2025-04-08,81,81,13:20-13:30,70.39253714285724
2025-04-08,96,96,15:50-16:00,7.653880000000186
2025-04-08,99,101,16:20-16:50,72.26500095238094
2025-04-08,103,104,17:00-17:20,7.761509523809735
2025-04-08,108,108,17:50-18:00,3.797238571428487
2025-04-08,110,111,18:10-18:30,5.78916380952387
2025-04-08,113,113,18:40-18:50,3.858059047619122
2025-04-08,117,117,19:20-19:30,15.61485666666681
2025-04-08,119,120,19:40-20:00,52.41674904761919
2025-04-08,122,125,20:10-20:50,134.13075068095225
2025-04-08,127,128,21:00-21:20,29.34307773333305
2025-04-08,130,130,21:30-21:40,4.7573033333333115
2025-04-08,133,134,22:00-22:20,32.051409999999805
2025-04-08,137,138,22:40-23:00,34.3250033333336
2025-04-08,141,141,23:20-23:30,0.2708233333332828
2025-04-08,143,144,23:40-24:00,28.488559999999552
2025-04-09,1,1,00:00-00:10,7.462269999999876
2025-04-09,3,3,00:20-00:30,20.45949999999982
2025-04-09,7,9,01:00-01:30,43.56766666666681
2025-04-09,12,12,01:50-02:00,13.020016666666379
2025-04-09,15,16,02:20-02:40,50.409473333333494
2025-04-09,18,18,02:50-03:00,1.4803133333333562
2025-04-09,21,24,03:20-04:00,52.57065666666654
2025-04-09,27,27,04:20-04:30,8.658278095238074
2025-04-09,32,33,05:10-05:30,35.34914333333314
2025-04-09,36,39,05:50-06:30,47.67090285714278
2025-04-09,41,42,06:40-07:00,32.575694285714064
2025-04-09,47,48,07:40-08:00,55.694015238095176
2025-04-09,51,51,08:20-08:30,41.182994761904865
2025-04-09,54,56,08:50-09:20,95.14546095238097
2025-04-09,58,58,09:30-09:40,9.424237142857578
2025-04-09,62,63,10:10-10:30,154.6599452380956
2025-04-09,66,69,10:50-11:30,92.95800238095194
2025-04-09,75,79,12:20-13:10,172.86761571428588
2025-04-09,83,99,13:40-16:30,836.9901604359791
2025-04-09,102,103,16:50-17:10,74.53934238095223
2025-04-09,105,106,17:20-17:40,9.365502380952108
2025-04-09,108,114,17:50-19:00,1020.115367450678
2025-04-09,116,117,19:10-19:30,720.5536966666666
2025-04-09,119,125,19:40-20:50,848.4027061187847
2025-04-09,131,132,21:40-22:00,73.04094666666663
2025-04-09,135,135,22:20-22:30,43.73703333333333
2025-04-09,139,142,23:00-23:40,49.878293333333886
2025-04-10,2,5,00:10-00:50,47.5697366666667
2025-04-10,9,10,01:20-01:40,49.712923333333265
2025-04-10,13,13,02:00-02:10,4.715263333333382
2025-04-10,17,20,02:40-03:20,39.07678666666652
2025-04-10,22,22,03:30-03:40,15.49657666666667
2025-04-10,25,27,04:00-04:30,37.28833333333325
2025-04-10,29,30,04:40-05:00,10.839043333333251
2025-04-10,36,37,05:50-06:10,55.816663333333395
2025-04-10,40,40,06:30-06:40,31.72064714285716
2025-04-10,43,44,07:00-07:20,53.76092238095248
2025-04-10,47,49,07:40-08:10,36.26155809523789
2025-04-10,52,58,08:30-09:40,215.07653047619044
2025-04-10,61,62,10:00-10:20,10.649480000000267
2025-04-10,70,70,11:30-11:40,77.4186352380948
2025-04-10,77,79,12:40-13:10,92.78501095238039
2025-04-10,82,82,13:30-13:40,8.410143809524016
2025-04-10,85,87,14:00-14:30,121.37858333333315
2025-04-10,90,90,14:50-15:00,22.636180476190702
2025-04-10,96,97,15:50-16:10,75.13201666666669
2025-04-10,102,103,16:50-17:10,22.22699095238056
2025-04-10,107,109,17:40-18:10,42.5776180952382
2025-04-10,112,112,18:30-18:40,21.094381428571616
2025-04-10,115,116,19:00-19:20,87.40249333333327
2025-04-10,119,120,19:40-20:00,31.331965238095336
2025-04-10,123,125,20:20-20:50,36.16483999999957
2025-04-10,129,131,21:20-21:50,69.7791007827498
2025-04-10,134,134,22:10-22:20,0.45892666666668447
2025-04-10,139,141,23:00-23:30,54.92695666666691
2025-04-10,144,144,23:50-24:00,23.913666666666586
2025-04-11,2,3,00:10-00:30,18.207946666666658
2025-04-11,7,9,01:00-01:30,67.51699999999977
2025-04-11,12,15,01:50-02:30,32.131169999999884
2025-04-11,18,21,02:50-03:30,55.50656666666657
2025-04-11,23,24,03:40-04:00,25.324046666666675
2025-04-11,30,31,04:50-05:10,23.4985985714286
2025-04-11,34,34,05:30-05:40,5.071721904761887
2025-04-11,37,37,06:00-06:10,26.12089714285719
2025-04-11,42,44,06:50-07:20,174.25206307618768
2025-04-11,47,49,07:40-08:10,101.86762904761895
2025-04-11,52,56,08:30-09:20,22.134734285713876
2025-04-11,59,60,09:40-10:00,115.86257619047569
2025-04-11,64,65,10:30-10:50,49.49864047619053
2025-04-11,68,68,11:10-11:20,15.511956190475985
2025-04-11,99,100,16:20-16:40,31.487401904761853
2025-04-11,104,105,17:10-17:30,53.96503142857148
2025-04-11,108,108,17:50-18:00,7.929355714285748
2025-04-11,112,113,18:30-18:50,76.81140333333343
2025-04-11,116,117,19:10-19:30,35.92026190476196
2025-04-11,121,122,20:00-20:20,10.58609999999993
2025-04-11,124,124,20:30-20:40,6.90984666666651
2025-04-11,127,128,21:00-21:20,36.01911999999993
2025-04-11,131,132,21:40-22:00,53.096943333333456
2025-04-11,134,135,22:10-22:30,30.15561666666673
2025-04-11,139,140,23:00-23:20,46.973270000000184
2025-04-11,142,143,23:30-23:50,26.3273333333334
2025-04-12,3,4,00:20-00:40,45.535499999999956
2025-04-12,7,7,01:00-01:10,0.05046000000004369
2025-04-12,10,11,01:30-01:50,52.31956333333335
2025-04-12,14,16,02:10-02:40,18.712409999999977
2025-04-12,19,20,03:00-03:20,25.111470000000168
2025-04-12,22,22,03:30-03:40,33.96614999999997
2025-04-12,26,28,04:10-04:40,32.72051333333337
2025-04-12,31,33,05:00-05:30,41.91799999999997
2025-04-12,36,36,05:50-06:00,13.675043333333406
2025-04-12,40,40,06:30-06:40,37.80414333333334
2025-04-12,43,44,07:00-07:20,75.015986666667
2025-04-12,47,48,07:40-08:00,20.27642666666668
2025-04-12,50,50,08:10-08:20,0.7790761904760757
2025-04-12,53,55,08:40-09:10,103.95228571428584
2025-04-12,58,61,09:30-10:10,116.30432142857171
2025-04-12,64,65,10:30-10:50,54.48304619047667
2025-04-12,98,100,16:10-16:40,54.89228952380938
2025-04-12,103,104,17:00-17:20,18.58711761904766
2025-04-12,106,108,17:30-18:00,68.72923809523796
2025-04-12,111,113,18:20-18:50,42.291478095238176
2025-04-12,116,118,19:10-19:40,33.83100666666661
2025-04-12,120,122,19:50-20:20,12.19201333333325
2025-04-12,127,128,21:00-21:20,29.33578333333338
2025-04-12,131,133,21:40-22:10,20.39600666666672
2025-04-12,136,137,22:30-22:50,53.67022666666662
2025-04-12,139,139,23:00-23:10,2.7065466666665543
2025-04-12,143,144,23:40-24:00,30.381003333333183
2025-04-13,1,1,00:00-00:10,10.15173666666658
2025-04-13,5,6,00:40-01:00,17.90205000000026
2025-04-13,9,11,01:20-01:50,19.56042333333346
2025-04-13,14,15,02:10-02:30,71.0041566666664
2025-04-13,19,20,03:00-03:20,42.53299000000004
2025-04-13,22,22,03:30-03:40,14.905219999999986
2025-04-13,25,27,04:00-04:30,60.07100000000014
2025-04-13,30,31,04:50-05:10,49.408824761904754
2025-04-13,34,37,05:30-06:10,48.84162523809505
2025-04-13,40,42,06:30-07:00,54.520440476190515
2025-04-13,48,49,07:50-08:10,72.53232238095256
2025-04-13,52,54,08:30-09:00,82.91465476190479
2025-04-13,57,58,09:20-09:40,57.21736047619015
2025-04-13,61,61,10:00-10:10,2.8050842857142015
2025-04-13,64,64,10:30-10:40,54.12922285714308
2025-04-13,68,70,11:10-11:40,121.12138999999956
2025-04-13,73,76,12:00-12:40,61.93839571428566
2025-04-13,79,80,13:00-13:20,47.42510333333348
2025-04-13,89,91,14:40-15:10,71.51313428571473
2025-04-13,94,95,15:30-15:50,114.63034095238129
2025-04-13,97,97,16:00-16:10,25.569006666666837
2025-04-13,100,107,16:30-17:50,193.00720380952373
2025-04-13,111,112,18:20-18:40,27.30345142857152
2025-04-13,115,116,19:00-19:20,79.26432666666676
2025-04-13,119,120,19:40-20:00,50.7322395238092
2025-04-13,123,128,20:20-21:20,116.72701980970312
2025-04-13,131,132,21:40-22:00,26.854436666666516
2025-04-13,135,138,22:20-23:00,49.56483333333358
2025-04-13,141,142,23:20-23:40,41.04577999999992
2025-04-14,2,4,00:10-00:40,87.81131666666681
2025-04-14,7,8,01:00-01:20,47.63491333333343
2025-04-14,13,14,02:00-02:20,26.66796333333332
2025-04-14,16,18,02:30-03:00,34.30166666666662
2025-04-14,22,23,03:30-03:50,47.38577904761917
2025-04-14,25,25,04:00-04:10,8.99093999999998
2025-04-14,28,30,04:30-05:00,50.569999999999894
2025-04-14,34,36,05:30-06:00,44.891988095237714
2025-04-14,40,42,06:30-07:00,87.84302380952391
2025-04-14,46,46,07:30-07:40,11.980099523809201
2025-04-14,50,51,08:10-08:30,71.13600238095228
2025-04-14,54,56,08:50-09:20,61.397131904762205
2025-04-14,59,60,09:40-10:00,48.44048761904787
2025-04-14,63,64,10:20-10:40,99.83924523809537
2025-04-14,68,70,11:10-11:40,63.04487190476175
2025-04-14,72,74,11:50-12:20,149.93718666666632
2025-04-14,81,83,13:20-13:50,138.99244571428562
2025-04-14,85,86,14:00-14:20,58.32286190476157
2025-04-14,92,93,15:10-15:30,6.238164761904841
2025-04-14,109,112,18:00-18:40,79.0706756672548
2025-04-14,115,116,19:00-19:20,19.935950952381063
2025-04-14,118,119,19:30-19:50,27.083074285714247
2025-04-14,122,124,20:10-20:40,30.263876190476253
2025-04-14,127,130,21:00-21:40,58.80212333333327
2025-04-14,133,134,22:00-22:20,33.643116666666856
2025-04-14,138,139,22:50-23:10,45.89655999999991
2025-04-14,142,143,23:30-23:50,32.84936000000039
2025-04-15,2,2,00:10-00:20,4.499850000000038
2025-04-15,4,5,00:30-00:50,0.5360166666667965
2025-04-15,7,9,01:00-01:30,44.910666666666884
2025-04-15,12,12,01:50-02:00,10.413259999999923
2025-04-15,14,15,02:10-02:30,60.04808999999989
2025-04-15,18,19,02:50-03:10,45.88360333333344
2025-04-15,23,24,03:40-04:00,45.031499999999824
2025-04-15,27,29,04:20-04:50,50.16284571428572
2025-04-15,31,33,05:00-05:30,29.61700000000017
2025-04-15,36,37,05:50-06:10,6.117011904761739
2025-04-15,40,41,06:30-06:50,36.12792857142858
2025-04-15,45,47,07:20-07:50,93.4953938095241
2025-04-15,51,51,08:20-08:30,2.379069523809221
2025-04-15,56,57,09:10-09:30,20.165075714285194
2025-04-15,60,62,09:50-10:20,133.3554004761902
2025-04-15,64,65,10:30-10:50,49.44205380952371
2025-04-15,67,68,11:00-11:20,71.09616952380952
2025-04-15,71,71,11:40-11:50,6.98902095238077
2025-04-15,74,74,12:10-12:20,24.85725904761921
2025-04-15,88,88,14:30-14:40,3.3086042857142957
2025-04-15,91,92,15:00-15:20,28.25505238095218
2025-04-15,94,94,15:30-15:40,13.72075857142886
2025-04-15,97,97,16:00-16:10,1.8385776190475553
2025-04-15,101,102,16:40-17:00,74.50407095238114
2025-04-15,105,105,17:20-17:30,26.167114285714177
2025-04-15,110,112,18:10-18:40,34.19492428571454
2025-04-15,115,115,19:00-19:10,23.951403809523867
2025-04-15,118,119,19:30-19:50,34.752399999999966
2025-04-15,123,124,20:20-20:40,58.205430000000206
2025-04-15,127,127,21:00-21:10,5.147563333333437
2025-04-15,130,131,21:30-21:50,81.82247999999993
2025-04-15,135,135,22:20-22:30,3.6164833333332354
2025-04-15,137,138,22:40-23:00,56.12222333333307
2025-04-15,141,142,23:20-23:40,42.24936333333312
2025-04-16,2,2,00:10-00:20,5.061963333333097
2025-04-16,4,6,00:30-01:00,53.432666666666705
2025-04-16,9,12,01:20-02:00,23.548200000000293
2025-04-16,15,15,02:20-02:30,43.44837000000007
2025-04-16,19,21,03:00-03:30,17.762000000000057
2025-04-16,23,24,03:40-04:00,69.3348533333334
2025-04-16,27,27,04:20-04:30,6.57655619047614
2025-04-16,29,30,04:40-05:00,36.9924033333333
2025-04-16,35,36,05:40-06:00,44.86728619047602
2025-04-16,39,39,06:20-06:30,0.3257852380954773
2025-04-16,41,43,06:40-07:10,86.25216809523835
2025-04-16,46,46,07:30-07:40,50.39574428571456
2025-04-16,49,52,08:00-08:40,87.48644428571447
2025-04-16,57,59,09:20-09:50,113.41841238095276
2025-04-16,61,62,10:00-10:20,85.06516714285658
2025-04-16,66,67,10:50-11:10,93.5547861904763
2025-04-16,70,72,11:30-12:00,105.93935714285749
2025-04-16,75,76,12:20-12:40,5.095090952381042
2025-04-16,80,83,13:10-13:50,98.8426180952381
2025-04-16,87,95,14:20-15:50,344.54917280885695
2025-04-16,97,98,16:00-16:20,59.145820429982564
2025-04-16,101,102,16:40-17:00,37.959003333333385
2025-04-16,105,105,17:20-17:30,10.683800000000105
2025-04-16,108,113,17:50-18:50,318.73363768571744
2025-04-16,116,117,19:10-19:30,635.2455353700035
2025-04-16,122,127,20:10-21:10,746.8514750911219
2025-04-16,129,131,21:20-21:50,55.54825326326966
2025-04-16,133,134,22:00-22:20,23.74499666666668
2025-04-16,136,138,22:30-23:00,42.248333333333676
2025-04-16,141,142,23:20-23:40,38.312556666666524
2025-04-17,4,6,00:30-01:00,38.19966666666653
2025-04-17,10,10,01:30-01:40,13.04286999999988
2025-04-17,13,14,02:00-02:20,26.061946666666927
2025-04-17,17,18,02:40-03:00,53.519129999999905
2025-04-17,21,21,03:20-03:30,24.21978666666655
2025-04-17,23,24,03:40-04:00,32.546063333333336
2025-04-17,27,28,04:20-04:40,18.240459523809673
2025-04-17,32,34,05:10-05:40,24.801215714285764
2025-04-17,37,37,06:00-06:10,11.004769047618879
2025-04-17,40,41,06:30-06:50,25.95032380952398
2025-04-17,43,44,07:00-07:20,42.93490666666662
2025-04-17,46,46,07:30-07:40,4.338615238094917
2025-04-17,49,50,08:00-08:20,70.38814809523808
2025-04-17,56,57,09:10-09:30,18.911417619047825
2025-04-17,60,66,09:50-11:00,248.73880904761927
2025-04-17,70,71,11:30-11:50,28.587168095238212
2025-04-17,73,73,12:00-12:10,19.17261095238132
2025-04-17,76,80,12:30-13:20,112.04031809523735
2025-04-17,84,86,13:50-14:20,80.3399490476188
2025-04-17,91,91,15:00-15:10,0.3625166666669202
2025-04-17,94,99,15:30-16:30,73.14370238095233
2025-04-17,103,104,17:00-17:20,12.17165047619062
2025-04-17,107,109,17:40-18:10,48.50962904761885
2025-04-17,113,117,18:40-19:30,26.555894285714047
2025-04-17,119,120,19:40-20:00,33.657510000000116
2025-04-17,123,124,20:20-20:40,31.43025756328541
2025-04-17,127,129,21:00-21:30,33.02699999999993
2025-04-17,136,138,22:30-23:00,53.81259
2025-04-17,141,142,23:20-23:40,13.443136666666533
2025-04-17,144,144,23:50-24:00,10.61466666666638
2025-04-18,1,2,00:00-00:20,17.702169999999967
2025-04-18,4,4,00:30-00:40,2.417796666666618
2025-04-18,7,7,01:00-01:10,17.906939999999906
2025-04-18,11,12,01:40-02:00,43.22114333333337
2025-04-18,14,16,02:10-02:40,36.33043000000009
2025-04-18,20,21,03:10-03:30,40.20586000000009
2025-04-18,24,25,03:50-04:10,15.700549047619177
2025-04-18,31,31,05:00-05:10,0.41644190476188214
2025-04-18,38,39,06:10-06:30,10.402544285714242
2025-04-18,43,43,07:00-07:10,59.938160961904984
2025-04-18,45,46,07:20-07:40,38.98447857142844
2025-04-18,49,50,08:00-08:20,112.46802333333346
2025-04-18,52,53,08:30-08:50,66.1569566666667
2025-04-18,57,57,09:20-09:30,11.385422857142657
2025-04-18,59,60,09:40-10:00,47.289198095238135
2025-04-18,64,65,10:30-10:50,52.73205523809497
2025-04-18,99,99,16:20-16:30,1.147139523809642
2025-04-18,101,102,16:40-17:00,39.7533520919377
2025-04-18,105,105,17:20-17:30,2.0186599999999544
2025-04-18,107,111,17:40-18:30,93.03688523809527
2025-04-18,116,117,19:10-19:30,7.427780476190549
2025-04-18,121,122,20:00-20:20,30.13093999999984
2025-04-18,124,125,20:30-20:50,20.29283333333325
2025-04-18,130,131,21:30-21:50,74.93537666666657
2025-04-18,136,139,22:30-23:10,72.17401666666638
2025-04-18,143,144,23:40-24:00,25.813886666666804
2025-04-19,1,1,00:00-00:10,24.37651666666676
2025-04-19,5,6,00:40-01:00,44.727836666666576
2025-04-19,9,9,01:20-01:30,9.371126666666612
2025-04-19,11,13,01:40-02:10,70.74913666666686
2025-04-19,18,19,02:50-03:10,24.819196666666755
2025-04-19,22,23,03:30-03:50,27.773876666666776
2025-04-19,25,25,04:00-04:10,17.383906666666633
2025-04-19,28,29,04:30-04:50,45.96270666666658
2025-04-19,32,34,05:10-05:40,32.28127190476185
2025-04-19,38,39,06:10-06:30,41.569982857142975
2025-04-19,42,48,06:50-08:00,127.08958619047621
2025-04-19,51,53,08:20-08:50,80.82017047619047
2025-04-19,55,56,09:00-09:20,17.80780761904782
2025-04-19,58,61,09:30-10:10,22.701010476190504
2025-04-19,65,66,10:40-11:00,73.26514190476178
2025-04-19,68,69,11:10-11:30,53.18387047619058
2025-04-19,100,100,16:30-16:40,7.4755423809523975
2025-04-19,105,105,17:20-17:30,21.332886776190605
2025-04-19,108,108,17:50-18:00,3.2476652380951236
2025-04-19,110,115,18:10-19:10,68.86298428571422
2025-04-19,118,118,19:30-19:40,0.6081966666666858
2025-04-19,121,122,20:00-20:20,23.291907619047493
2025-04-19,125,126,20:40-21:00,11.600020000000029
2025-04-19,128,129,21:10-21:30,14.230423333333306
2025-04-19,132,134,21:50-22:20,68.95906000000002
2025-04-19,137,138,22:40-23:00,31.54486666666662
2025-04-19,142,143,23:30-23:50,49.46087999999986
2025-04-20,3,4,00:20-00:40,39.80532000000005
2025-04-20,7,8,01:00-01:20,49.77985000000001
2025-04-20,13,15,02:00-02:30,36.0619999999999
2025-04-20,18,18,02:50-03:00,24.860006666666663
2025-04-20,21,24,03:20-04:00,31.770753333332856
2025-04-20,28,30,04:30-05:00,60.04833333333336
2025-04-20,33,33,05:20-05:30,25.551483333333408
2025-04-20,38,39,06:10-06:30,25.63676904761894
2025-04-20,43,47,07:00-07:50,128.74228857142845
2025-04-20,51,52,08:20-08:40,89.62989333333314
2025-04-20,55,56,09:00-09:20,27.59397857142835
2025-04-20,64,67,10:30-11:10,132.35786476190538
2025-04-20,70,75,11:30-12:30,135.978285714285
2025-04-20,83,86,13:40-14:20,205.365943333333
2025-04-20,91,91,15:00-15:10,16.81648714285734
2025-04-20,94,95,15:30-15:50,71.63977901234466
2025-04-20,98,99,16:10-16:30,50.2195395238096
2025-04-20,103,103,17:00-17:10,26.30980761904783
2025-04-20,106,107,17:30-17:50,29.716536190476575
2025-04-20,110,111,18:10-18:30,21.05257285714266
2025-04-20,114,116,18:50-19:20,27.315045238095536
2025-04-20,119,120,19:40-20:00,5.068073333333018
2025-04-20,123,125,20:20-20:50,13.80006428571437
2025-04-20,128,129,21:10-21:30,34.682013333333316
2025-04-20,132,133,21:50-22:10,30.991193333333058
2025-04-20,136,137,22:30-22:50,9.490443333333133
2025-04-20,139,140,23:00-23:20,22.262886666666645
2025-04-20,143,144,23:40-24:00,54.22923000000037
2025-04-21,1,1,00:00-00:10,6.029103333333296
2025-04-21,3,5,00:20-00:50,35.98692666666648
2025-04-21,8,9,01:10-01:30,38.26719000000014
2025-04-21,13,16,02:00-02:40,61.33123999999998
2025-04-21,19,20,03:00-03:20,47.445170000000076
2025-04-21,22,22,03:30-03:40,1.2653314285713826
2025-04-21,25,26,04:00-04:20,55.48310666666644
2025-04-21,28,30,04:30-05:00,24.474000000000075
2025-04-21,32,33,05:10-05:30,10.123954285714262
2025-04-21,37,39,06:00-06:30,50.239345238095325
2025-04-21,46,46,07:30-07:40,19.609748095238388
2025-04-21,49,50,08:00-08:20,88.21504809523822
2025-04-21,55,59,09:00-09:50,130.40959523809556
2025-04-21,61,61,10:00-10:10,8.67784238095237
2025-04-21,67,69,11:00-11:30,143.5771904761907
2025-04-21,77,78,12:40-13:00,37.584879523809605
2025-04-21,80,80,13:10-13:20,38.33920761904733
2025-04-21,108,109,17:50-18:10,59.124517619047595
2025-04-21,112,114,18:30-19:00,47.1069999999998
2025-04-21,119,122,19:40-20:20,52.218145238095076
2025-04-21,124,124,20:30-20:40,8.322220000000016
2025-04-21,127,128,21:00-21:20,50.29327000000001
2025-04-21,132,133,21:50-22:10,23.139073333332817
2025-04-21,136,137,22:30-22:50,58.498523333333196
2025-04-21,142,143,23:30-23:50,33.15231666666682
2025-04-22,2,4,00:10-00:40,42.42654000000027
2025-04-22,7,7,01:00-01:10,7.374563333333413
2025-04-22,10,11,01:30-01:50,24.418153333333066
2025-04-22,13,13,02:00-02:10,2.902879999999982
2025-04-22,16,17,02:30-02:50,32.75689999999986
2025-04-22,21,22,03:20-03:40,55.82019142857146
2025-04-22,26,27,04:10-04:30,17.768316666666806
2025-04-22,29,30,04:40-05:00,74.38282761904759
2025-04-22,35,36,05:40-06:00,12.985305714285573
2025-04-22,41,42,06:40-07:00,66.04155714285747
2025-04-22,45,46,07:20-07:40,36.852086190476484
2025-04-22,52,55,08:30-09:10,108.64238476190508
2025-04-22,61,62,10:00-10:20,87.4121071428574
2025-04-22,64,64,10:30-10:40,20.38761333333332
2025-04-22,68,72,11:10-12:00,209.19102952380968
2025-04-22,74,76,12:10-12:40,49.396337142856964
2025-04-22,81,82,13:20-13:40,93.21171809523798
2025-04-22,85,86,14:00-14:20,89.41710761904756
2025-04-22,89,93,14:40-15:30,280.9730950047582
2025-04-22,98,100,16:10-16:40,87.79322380952385
2025-04-22,104,105,17:10-17:30,41.61313428571424
2025-04-22,107,108,17:40-18:00,27.318601904761692
2025-04-22,110,111,18:10-18:30,65.72063333333362
2025-04-22,114,115,18:50-19:10,15.798343809523999
2025-04-22,118,119,19:30-19:50,55.691461904762036
2025-04-22,121,121,20:00-20:10,11.4609733333333
2025-04-22,124,125,20:30-20:50,42.56138666666698
2025-04-22,127,130,21:00-21:40,55.93977666666672
2025-04-22,133,134,22:00-22:20,19.303846666667027
2025-04-22,139,140,23:00-23:20,45.330733333333455
2025-04-22,143,144,23:40-24:00,54.36563999999976
2025-04-23,1,1,00:00-00:10,34.60737999999992
2025-04-23,3,3,00:20-00:30,10.191320000000132
2025-04-23,5,6,00:40-01:00,30.29645000000005
2025-04-23,10,11,01:30-01:50,40.68888333333359
2025-04-23,14,14,02:10-02:20,1.9212233333332733
2025-04-23,17,18,02:40-03:00,37.59338666666679
2025-04-23,21,22,03:20-03:40,19.859211428571594
2025-04-23,25,26,04:00-04:20,21.22967333333323
2025-04-23,29,31,04:40-05:10,56.01407714285722
2025-04-23,34,34,05:30-05:40,25.312793809523843
2025-04-23,37,37,06:00-06:10,13.078703333333124
2025-04-23,40,40,06:30-06:40,13.325961428571134
2025-04-23,43,44,07:00-07:20,78.57604285714297
2025-04-23,48,48,07:50-08:00,46.4914766666667
2025-04-23,51,52,08:20-08:40,95.13611333333358
2025-04-23,56,57,09:10-09:30,37.3227152380955
2025-04-23,60,60,09:50-10:00,19.762127619047988
2025-04-23,63,65,10:20-10:50,123.4690242857148
2025-04-23,67,69,11:00-11:30,188.9553809523809
2025-04-23,73,74,12:00-12:20,10.90776714285721
2025-04-23,77,78,12:40-13:00,37.17567904761859
2025-04-23,81,81,13:20-13:30,21.763592380952105
2025-04-23,84,84,13:50-14:00,27.100464285714224
2025-04-23,90,90,14:50-15:00,9.77634238095277
2025-04-23,96,96,15:50-16:00,22.203964285714278
2025-04-23,99,99,16:20-16:30,4.567022857142888
2025-04-23,103,104,17:00-17:20,6.6920480952380785
2025-04-23,110,111,18:10-18:30,56.901991717106476
2025-04-23,115,116,19:00-19:20,35.70827238095228
2025-04-23,119,120,19:40-20:00,55.97906666666643
2025-04-23,124,125,20:30-20:50,21.48430666666684
2025-04-23,127,128,21:00-21:20,39.81015000000002
2025-04-23,130,131,21:30-21:50,18.04694999999981
2025-04-23,135,138,22:20-23:00,46.66711999999961
2025-04-23,143,144,23:40-24:00,40.04282000000012
2025-04-24,1,1,00:00-00:10,27.477089999999976
2025-04-24,4,5,00:30-00:50,59.00862000000018
2025-04-24,7,8,01:00-01:20,38.99011000000007
2025-04-24,10,12,01:30-02:00,36.920333333333474
2025-04-24,17,18,02:40-03:00,21.546963333333565
2025-04-24,21,22,03:20-03:40,29.292923333333047
2025-04-24,25,26,04:00-04:20,21.167620000000042
2025-04-24,29,30,04:40-05:00,23.917969999999855
2025-04-24,32,34,05:10-05:40,46.73197333333339
2025-04-24,37,38,06:00-06:20,38.404851428571305
2025-04-24,43,44,07:00-07:20,51.22547380952392
2025-04-24,46,46,07:30-07:40,27.405495238095114
2025-04-24,49,50,08:00-08:20,32.98541285714259
2025-04-24,53,54,08:40-09:00,25.75027476190496
2025-04-24,57,61,09:20-10:10,201.08676285714319
2025-04-24,64,65,10:30-10:50,75.21667095238035
2025-04-24,67,68,11:00-11:20,57.16085619047635
2025-04-24,71,72,11:40-12:00,60.38648190476192
2025-04-24,75,75,12:20-12:30,37.298984285713914
2025-04-24,78,79,12:50-13:10,33.87532380952416
2025-04-24,103,103,17:00-17:10,19.669885238095105
2025-04-24,106,107,17:30-17:50,28.447010476190115
2025-04-24,110,111,18:10-18:30,40.24414380952356
2025-04-24,114,114,18:50-19:00,2.5542814285714712
2025-04-24,116,118,19:10-19:40,58.386570000000006
2025-04-24,122,123,20:10-20:30,65.87326666666661
2025-04-24,127,128,21:00-21:20,46.70869333333326
2025-04-24,130,130,21:30-21:40,11.633979999999951
2025-04-24,134,137,22:10-22:50,26.47900333333314
2025-04-24,140,141,23:10-23:30,24.49413666666669
2025-04-24,143,144,23:40-24:00,39.86926666666682
2025-04-25,1,1,00:00-00:10,11.292039999999986
2025-04-25,4,5,00:30-00:50,57.24519333333342
2025-04-25,8,9,01:10-01:30,42.26248666666686
2025-04-25,12,14,01:50-02:20,25.749760000000038
2025-04-25,17,18,02:40-03:00,21.51886666666678
2025-04-25,21,22,03:20-03:40,9.81161190476194
2025-04-25,25,26,04:00-04:20,72.46286333333336
2025-04-25,29,30,04:40-05:00,36.720033809523954
2025-04-25,33,33,05:20-05:30,13.625409047619016
2025-04-25,38,40,06:10-06:40,48.53907285714291
2025-04-25,44,46,07:10-07:40,96.91388761904761
2025-04-25,49,49,08:00-08:10,6.019202857143
2025-04-25,53,55,08:40-09:10,77.88201714285685
2025-04-25,58,58,09:30-09:40,35.071697619047654
2025-04-25,62,63,10:10-10:30,87.64087809523858
2025-04-25,66,66,10:50-11:00,8.541347360378495
2025-04-25,101,103,16:40-17:10,29.989384250442328
2025-04-25,106,107,17:30-17:50,10.978837619047539
2025-04-25,111,113,18:20-18:50,76.06582523809533
2025-04-25,116,117,19:10-19:30,24.202516666666895
2025-04-25,120,122,19:50-20:20,48.77004333333343
2025-04-25,125,126,20:40-21:00,17.764929999999993
2025-04-25,129,130,21:20-21:40,43.62354333333326
2025-04-25,133,133,22:00-22:10,25.495459999999866
2025-04-25,136,137,22:30-22:50,68.23568000000023
2025-04-25,142,142,23:30-23:40,52.800809999999956
2025-04-26,2,2,00:10-00:20,23.73111
2025-04-26,4,5,00:30-00:50,24.936743333333254
2025-04-26,7,7,01:00-01:10,7.268136666666635
2025-04-26,11,12,01:40-02:00,29.165093333333402
2025-04-26,15,16,02:20-02:40,50.39598999999998
2025-04-26,19,20,03:00-03:20,18.55283333333324
2025-04-26,26,27,04:10-04:30,75.18436619047623
2025-04-26,30,31,04:50-05:10,80.02009904761906
2025-04-26,34,36,05:30-06:00,74.07429761904774
2025-04-26,41,42,06:40-07:00,63.79565666666673
2025-04-26,44,45,07:10-07:30,17.62697285714296
2025-04-26,48,48,07:50-08:00,45.136878095237876
2025-04-26,50,51,08:10-08:30,53.997774285714286
2025-04-26,54,54,08:50-09:00,8.822878571428873
2025-04-26,57,58,09:20-09:40,19.158438095237898
2025-04-26,60,62,09:50-10:20,35.851380952381305
2025-04-26,99,100,16:20-16:40,11.416642857143017
2025-04-26,103,103,17:00-17:10,18.37955571428563
2025-04-26,106,106,17:30-17:40,18.041964285714158
2025-04-26,110,112,18:10-18:40,100.18752047619046
2025-04-26,117,118,19:20-19:40,13.148294761904708
2025-04-26,121,122,20:00-20:20,36.944720000000075
2025-04-26,125,126,20:40-21:00,143.14737447618916
2025-04-26,129,131,21:20-21:50,47.22447666666682
2025-04-26,134,135,22:10-22:30,67.30749666666668
2025-04-26,138,138,22:50-23:00,6.168740000000071
2025-04-26,141,142,23:20-23:40,28.398756666666486
2025-04-27,2,4,00:10-00:40,76.99053333333302
2025-04-27,7,7,01:00-01:10,37.45430666666675
2025-04-27,10,10,01:30-01:40,11.611520000000041
2025-04-27,13,14,02:00-02:20,55.785950000000184
2025-04-27,17,18,02:40-03:00,6.11715666666646
2025-04-27,21,23,03:20-03:50,63.07991333333348
2025-04-27,27,27,04:20-04:30,15.057536666666692
2025-04-27,30,30,04:50-05:00,16.874023333333525
2025-04-27,34,36,05:30-06:00,54.108202380952314
2025-04-27,38,39,06:10-06:30,53.33457428571421
2025-04-27,42,45,06:50-07:30,80.54473380952385
2025-04-27,49,50,08:00-08:20,96.04951238095202
2025-04-27,53,55,08:40-09:10,30.54834904761924
2025-04-27,58,59,09:30-09:50,25.3780247619045
2025-04-27,63,65,10:20-10:50,173.9599438095238
2025-04-27,68,69,11:10-11:30,11.69516476190438
2025-04-27,75,79,12:20-13:10,270.1403319047622
2025-04-27,82,83,13:30-13:50,41.747294761904186
2025-04-27,90,91,14:50-15:10,56.68343857142838
2025-04-27,97,98,16:00-16:20,46.511620952380895
2025-04-27,100,105,16:30-17:30,410.6960897448595
2025-04-27,108,110,17:50-18:20,51.643435063898
2025-04-27,112,113,18:30-18:50,65.57401571428576
2025-04-27,115,116,19:00-19:20,11.186017142857509
2025-04-27,118,119,19:30-19:50,26.729290952381007
2025-04-27,121,121,20:00-20:10,14.570003333333261
2025-04-27,123,124,20:20-20:40,50.77827885314707
2025-04-27,127,128,21:00-21:20,49.412983333333614
2025-04-27,130,130,21:30-21:40,6.4134404999995915
2025-04-27,133,135,22:00-22:30,34.74759666666694
2025-04-27,138,139,22:50-23:10,41.13962666666703
2025-04-27,143,144,23:40-24:00,82.88990333333322
2025-04-28,1,1,00:00-00:10,15.031636666666714
2025-04-28,3,4,00:20-00:40,27.809120000000007
2025-04-28,6,7,00:50-01:10,21.335643333333564
2025-04-28,10,11,01:30-01:50,73.16339000000005
2025-04-28,15,15,02:20-02:30,32.84883333333312
2025-04-28,17,18,02:40-03:00,22.28049999999996
2025-04-28,20,21,03:10-03:30,16.335069999999746
2025-04-28,24,24,03:50-04:00,26.231576666666683
2025-04-28,26,27,04:10-04:30,24.16136761904751
2025-04-28,31,31,05:00-05:10,18.132720952380964
2025-04-28,34,36,05:30-06:00,56.907619047619114
2025-04-28,41,42,06:40-07:00,76.52958000000007
2025-04-28,45,45,07:20-07:30,12.533407619047807
2025-04-28,47,48,07:40-08:00,28.54477285714279
2025-04-28,50,51,08:10-08:30,132.96840285714336
2025-04-28,54,59,08:50-09:50,475.736814623809
2025-04-28,62,65,10:10-10:50,142.8231271428565
2025-04-28,67,69,11:00-11:30,44.207285714285945
2025-04-28,79,81,13:00-13:30,30.538952380952423
2025-04-28,83,84,13:40-14:00,28.44919333333337
2025-04-28,86,102,14:10-17:00,877.343435577666
2025-04-28,105,127,17:20-21:10,5269.809955271429
2025-04-28,129,133,21:20-22:10,58.504326666667
2025-04-28,137,138,22:40-23:00,12.6885299999999
2025-04-28,140,141,23:10-23:30,30.51011666666659
2025-04-28,143,144,23:40-24:00,47.18406999999979
2025-04-29,3,4,00:20-00:40,42.83955666666668
2025-04-29,7,8,01:00-01:20,45.062786666666625
2025-04-29,10,11,01:30-01:50,10.089910000000032
2025-04-29,13,13,02:00-02:10,2.4548999999998387
2025-04-29,16,17,02:30-02:50,25.27819000000011
2025-04-29,20,24,03:10-04:00,45.43833333333323
2025-04-29,27,27,04:20-04:30,19.36868857142872
2025-04-29,30,30,04:50-05:00,2.9407223809524794
2025-04-29,34,35,05:30-05:50,7.160333333333199
2025-04-29,40,41,06:30-06:50,25.994840476190404
2025-04-29,47,48,07:40-08:00,44.940696666666554
2025-04-29,51,52,08:20-08:40,57.12542714285712
2025-04-29,56,59,09:10-09:50,86.80148714285724
2025-04-29,61,61,10:00-10:10,29.168785714285605
2025-04-29,65,69,10:40-11:30,192.54606333333322
2025-04-29,72,72,11:50-12:00,32.673010952380764
2025-04-29,75,75,12:20-12:30,39.85442952380936
2025-04-29,89,90,14:40-15:00,33.650561428571336
2025-04-29,92,94,15:10-15:40,68.79431095238135
2025-04-29,98,99,16:10-16:30,66.98625809523782
2025-04-29,101,104,16:40-17:20,82.43286142857107
2025-04-29,107,109,17:40-18:10,43.22227238095222
2025-04-29,112,112,18:30-18:40,28.285115238095358
2025-04-29,115,116,19:00-19:20,44.51818095238093
2025-04-29,118,125,19:30-20:50,108.51120787618629
2025-04-29,127,127,21:00-21:10,3.3777399999999034
2025-04-29,130,131,21:30-21:50,35.52650666666648
2025-04-29,134,135,22:10-22:30,40.24194333333355
2025-04-29,141,142,23:20-23:40,57.470013333333554
2025-04-30,1,2,00:00-00:20,11.88494999999989
2025-04-30,4,4,00:30-00:40,20.765909999999963
2025-04-30,7,8,01:00-01:20,64.30716333333339
2025-04-30,10,10,01:30-01:40,0.26617333333342685
2025-04-30,13,16,02:00-02:40,65.51713333333316
2025-04-30,20,20,03:10-03:20,3.339643333333356
2025-04-30,22,23,03:30-03:50,31.276790952380814
2025-04-30,27,28,04:20-04:40,50.05559904761901
2025-04-30,31,31,05:00-05:10,1.9002014285715632
2025-04-30,34,37,05:30-06:10,55.14758190476213
2025-04-30,40,41,06:30-06:50,56.752883333333386
2025-04-30,43,43,07:00-07:10,22.139476666666837
2025-04-30,47,47,07:40-07:50,1.408864285714344
2025-04-30,51,51,08:20-08:30,5.051854285714057
2025-04-30,54,55,08:50-09:10,72.31879380952387
2025-04-30,60,63,09:50-10:30,303.23923000000013
2025-04-30,67,67,11:00-11:10,26.781498571428074
2025-04-30,70,70,11:30-11:40,38.64989761904735
2025-04-30,73,74,12:00-12:20,99.96244714285785
2025-04-30,76,77,12:30-12:50,46.49338571428598
2025-04-30,84,86,13:50-14:20,68.44691380952304
2025-04-30,108,108,17:50-18:00,9.314596666666517
2025-04-30,110,111,18:10-18:30,20.00144145796715
2025-04-30,115,116,19:00-19:20,67.027498095238
2025-04-30,120,121,19:50-20:10,9.053231904762015
2025-04-30,124,126,20:30-21:00,64.43799999999976
2025-04-30,132,134,21:50-22:20,38.78221000000019
2025-04-30,137,138,22:40-23:00,31.906816666666373
2025-04-30,141,144,23:20-24:00,81.46632666666687
2025-05-01,1,1,00:00-00:10,34.641036666666764
2025-05-01,3,4,00:20-00:40,8.51220333333356
2025-05-01,7,7,01:00-01:10,11.421229999999923
2025-05-01,10,11,01:30-01:50,46.93993666666654
2025-05-01,13,14,02:00-02:20,39.18155999999988
2025-05-01,19,20,03:00-03:20,66.25038666666649
2025-05-01,23,24,03:40-04:00,23.73682714285708
2025-05-01,27,28,04:20-04:40,38.11487761904766
2025-05-01,31,32,05:00-05:20,89.93585714285729
2025-05-01,35,41,05:40-06:50,102.45823142857142
2025-05-01,43,43,07:00-07:10,26.355680000000064
2025-05-01,46,47,07:30-07:50,62.77020761904748
2025-05-01,51,52,08:20-08:40,59.106226190476036
2025-05-01,55,56,09:00-09:20,30.47953619047621
2025-05-01,63,63,10:20-10:30,23.43224142857116
2025-05-01,66,68,10:50-11:20,127.20098952380886
2025-05-01,70,70,11:30-11:40,20.987436666666554
2025-05-01,73,74,12:00-12:20,107.76003619047628
2025-05-01,78,81,12:50-13:30,151.26196952380974
2025-05-01,96,96,15:50-16:00,26.295642857143093
2025-05-01,99,99,16:20-16:30,33.38489380952399
2025-05-01,102,105,16:50-17:30,60.786049047619
2025-05-01,107,113,17:40-18:50,489.42162400000063
2025-05-01,115,116,19:00-19:20,69.10937333333311
2025-05-01,118,119,19:30-19:50,43.756206666666685
2025-05-01,122,133,20:10-22:10,1383.9768469523792
2025-05-01,136,137,22:30-22:50,30.321930000000293
2025-05-01,140,141,23:10-23:30,62.48693999999978
2025-05-01,144,144,23:50-24:00,10.672889999999825
2025-05-02,1,1,00:00-00:10,26.63994666666673
2025-05-02,6,10,00:50-01:40,44.60214000000002
2025-05-02,13,13,02:00-02:10,16.025303333333284
2025-05-02,17,18,02:40-03:00,48.87228666666664
2025-05-02,21,22,03:20-03:40,43.48266904761891
2025-05-02,26,27,04:10-04:30,54.59507095238109
2025-05-02,30,31,04:50-05:10,20.48441714285707
2025-05-02,35,38,05:40-06:20,54.367126190476085
2025-05-02,41,45,06:40-07:30,365.51189687143165
2025-05-02,48,49,07:50-08:10,13.828223333333085
2025-05-02,52,53,08:30-08:50,19.979599523809497
2025-05-02,57,65,09:20-10:50,134.52698619047578
2025-05-02,69,69,11:20-11:30,30.854153333333898
2025-05-02,98,100,16:10-16:40,111.9355580952381
2025-05-02,103,108,17:00-18:00,591.2158562714267
2025-05-02,112,113,18:30-18:50,27.696859523810133
2025-05-02,115,116,19:00-19:20,37.46480761904763
2025-05-02,118,119,19:30-19:50,52.228730952381056
2025-05-02,122,131,20:10-21:50,1657.5646375485028
2025-05-02,133,134,22:00-22:20,36.444643333333204
2025-05-02,138,139,22:50-23:10,36.29281999999989
2025-05-02,142,143,23:30-23:50,82.97428666666679
2025-05-03,1,1,00:00-00:10,3.431693333333328
2025-05-03,3,4,00:20-00:40,32.89971999999989
2025-05-03,7,8,01:00-01:20,102.29464666666655
2025-05-03,15,16,02:20-02:40,10.477199999999982
2025-05-03,19,21,03:00-03:30,23.027333333333274
2025-05-03,23,24,03:40-04:00,39.605446666666694
2025-05-03,27,27,04:20-04:30,21.16211047619049
2025-05-03,30,31,04:50-05:10,23.380969047619033
2025-05-03,34,35,05:30-05:50,26.952572380952354
2025-05-03,39,40,06:20-06:40,23.20385142857134
2025-05-03,42,44,06:50-07:20,68.10505
2025-05-03,46,46,07:30-07:40,37.15868952380981
2025-05-03,49,50,08:00-08:20,27.920769523809554
2025-05-03,52,52,08:30-08:40,6.497032380952419
2025-05-03,55,56,09:00-09:20,45.02561333333301
2025-05-03,58,59,09:30-09:50,88.29358285714306
2025-05-03,62,62,10:10-10:20,3.01930666666658
2025-05-03,101,102,16:40-17:00,27.93388285714269
2025-05-03,104,105,17:10-17:30,26.893967619047658
2025-05-03,109,111,18:00-18:30,106.44552380952382
2025-05-03,114,114,18:50-19:00,69.37719428571427
2025-05-03,118,120,19:30-20:00,68.98533333333359
2025-05-03,122,131,20:10-21:50,1546.7713766666664
2025-05-03,134,135,22:10-22:30,63.89024666666677
2025-05-03,138,140,22:50-23:20,47.66770666666662
2025-05-03,144,144,23:50-24:00,12.114396666666607
2025-05-04,1,3,00:00-00:30,52.01799999999969
2025-05-04,7,7,01:00-01:10,20.60358666666673
2025-05-04,11,12,01:40-02:00,11.893253333333178
2025-05-04,15,19,02:20-03:10,56.66976333333355
2025-05-04,24,25,03:50-04:10,71.76871999999992
2025-05-04,28,28,04:30-04:40,14.883310952380839
2025-05-04,31,32,05:00-05:20,52.62771809523813
2025-05-04,34,34,05:30-05:40,40.10286666666671
2025-05-04,37,38,06:00-06:20,29.352175238095015
2025-05-04,40,41,06:30-06:50,12.439762857142739
2025-05-04,44,45,07:10-07:30,44.078640952380965
2025-05-04,48,51,07:50-08:30,117.31678285714293
2025-05-04,55,56,09:00-09:20,30.590082857143216
2025-05-04,60,62,09:50-10:20,54.68677047619008
2025-05-04,65,69,10:40-11:30,220.45857333333333
2025-05-04,73,75,12:00-12:30,93.25278571428544
2025-05-04,77,78,12:40-13:00,85.35861952380992
2025-05-04,100,101,16:30-16:50,26.379737619047432
2025-05-04,104,105,17:10-17:30,16.95004095238096
2025-05-04,107,109,17:40-18:10,44.95418809523774
2025-05-04,112,113,18:30-18:50,131.11639857142848
2025-05-04,118,119,19:30-19:50,33.00534333333337
2025-05-04,121,121,20:00-20:10,13.02726952380931
2025-05-04,123,132,20:20-22:00,628.943395295238
2025-05-04,136,136,22:30-22:40,17.627476666666553
2025-05-04,139,140,23:00-23:20,26.625456666666878
2025-05-04,142,142,23:30-23:40,7.07522333333327
2025-05-05,1,2,00:00-00:20,73.07244333333335
2025-05-05,5,6,00:40-01:00,49.76940666666678
2025-05-05,9,10,01:20-01:40,60.75670666666656
2025-05-05,13,14,02:00-02:20,81.69516999999985
2025-05-05,19,24,03:00-04:00,63.70099999999985
2025-05-05,27,27,04:20-04:30,14.305080952381218
2025-05-05,29,30,04:40-05:00,39.99578000000014
2025-05-05,33,33,05:20-05:30,8.852726190476208
2025-05-05,37,38,06:00-06:20,45.78632999999991
2025-05-05,40,41,06:30-06:50,42.646477619047744
2025-05-05,43,47,07:00-07:50,113.03851857142831
2025-05-05,53,53,08:40-08:50,1.309859523809564
2025-05-05,56,57,09:10-09:30,55.58515238095276
2025-05-05,60,60,09:50-10:00,12.161433333333207
2025-05-05,66,66,10:50-11:00,58.22158571428531
2025-05-05,69,70,11:20-11:40,28.620692380952732
2025-05-05,73,79,12:00-13:10,271.53361761904694
2025-05-05,82,83,13:30-13:50,92.47141714285726
2025-05-05,87,87,14:20-14:30,2.186369047618882
2025-05-05,92,93,15:10-15:30,67.37788523809513
2025-05-05,96,113,15:50-18:50,1149.9044570428568
2025-05-05,116,127,19:10-21:10,1069.060261713661
2025-05-05,130,130,21:30-21:40,8.946782100000064
2025-05-05,132,133,21:50-22:10,52.335536666666485
2025-05-05,136,136,22:30-22:40,5.771750000000338
2025-05-05,139,141,23:00-23:30,46.19233333333341
2025-05-06,3,5,00:20-00:50,69.60415999999987
2025-05-06,12,15,01:50-02:30,36.23362000000043
2025-05-06,19,20,03:00-03:20,67.99400000000014
2025-05-06,23,27,03:40-04:30,62.90492333333324
2025-05-06,31,32,05:00-05:20,17.625131428571493
2025-05-06,36,37,05:50-06:10,29.781804285714543
2025-05-06,40,40,06:30-06:40,33.82160285714281
2025-05-06,43,45,07:00-07:30,86.7697261904762
2025-05-06,47,48,07:40-08:00,35.529037619047585
2025-05-06,50,51,08:10-08:30,74.44964000000004
2025-05-06,54,59,08:50-09:50,296.6387271466214
2025-05-06,61,61,10:00-10:10,8.194986666666637
2025-05-06,65,66,10:40-11:00,97.07656476190505
2025-05-06,69,70,11:20-11:40,61.39048238095211
2025-05-06,73,73,12:00-12:10,13.219863333333024
2025-05-06,79,80,13:00-13:20,114.78250333333312
2025-05-06,82,84,13:30-14:00,140.96297619047596
2025-05-06,86,87,14:10-14:30,43.08532000000059
2025-05-06,91,91,15:00-15:10,6.026685238095752
2025-05-06,94,95,15:30-15:50,94.3152852380955
2025-05-06,98,101,16:10-16:50,123.83541571428572
2025-05-06,103,103,17:00-17:10,7.16611857142874
2025-05-06,106,106,17:30-17:40,19.596598571428586
2025-05-06,109,112,18:00-18:40,97.60818476190474
2025-05-06,115,116,19:00-19:20,54.3913633333334
2025-05-06,119,120,19:40-20:00,64.9135133333333
2025-05-06,123,125,20:20-20:50,56.35028333333378
2025-05-06,128,129,21:10-21:30,64.02842333333342
2025-05-06,131,132,21:40-22:00,112.73966666666638
2025-05-06,135,135,22:20-22:30,46.33074999999985
2025-05-06,141,141,23:20-23:30,13.187206666666498
2025-05-06,143,144,23:40-24:00,19.65903999999989
2025-05-07,3,4,00:20-00:40,81.21774666666659
2025-05-07,10,11,01:30-01:50,17.94964333333337
2025-05-07,14,15,02:10-02:30,39.63570000000027
2025-05-07,18,18,02:50-03:00,12.506150000000162
2025-05-07,22,22,03:30-03:40,11.395936666666444
2025-05-07,25,26,04:00-04:20,43.28935142857132
2025-05-07,28,32,04:30-05:20,41.35206904761886
2025-05-07,35,35,05:40-05:50,1.290371904761912
2025-05-07,39,41,06:20-06:50,68.24329857142874
2025-05-07,43,44,07:00-07:20,28.13103238095215
2025-05-07,47,48,07:40-08:00,23.27943714285709
2025-05-07,50,51,08:10-08:30,27.80260571428596
2025-05-07,53,55,08:40-09:10,89.68466619047581
2025-05-07,59,60,09:40-10:00,44.02872809523751
2025-05-07,62,63,10:10-10:30,87.91020904761899
2025-05-07,66,67,10:50-11:10,65.58074809523782
2025-05-07,72,73,11:50-12:10,16.770532857142143
2025-05-07,77,80,12:40-13:20,129.64773904761932
2025-05-07,82,87,13:30-14:30,138.50892857142844
2025-05-07,89,90,14:40-15:00,13.940181904762085
2025-05-07,98,100,16:10-16:40,101.15350619047615
2025-05-07,103,105,17:00-17:30,89.86198809523827
2025-05-07,107,110,17:40-18:20,306.4554043045123
2025-05-07,112,114,18:30-19:00,104.08355542857106
2025-05-07,116,117,19:10-19:30,262.7504899999992
2025-05-07,119,125,19:40-20:50,817.1049642857126
2025-05-07,127,128,21:00-21:20,36.43449999999996
2025-05-07,130,132,21:30-22:00,65.14918543333317
2025-05-07,135,135,22:20-22:30,4.863853333333282
2025-05-07,137,138,22:40-23:00,37.202929999999924
2025-05-07,143,144,23:40-24:00,53.74099999999987
2025-05-08,1,3,00:00-00:30,67.90400000000011
2025-05-08,6,7,00:50-01:10,32.64340333333337
2025-05-08,14,16,02:10-02:40,42.59372333333306
2025-05-08,19,20,03:00-03:20,29.687046666666895
2025-05-08,23,23,03:40-03:50,2.9982680952379757
2025-05-08,25,25,04:00-04:10,1.9926366666666127
2025-05-08,29,31,04:40-05:10,93.36236333333355
2025-05-08,34,35,05:30-05:50,7.2080357142856855
2025-05-08,37,37,06:00-06:10,8.168540476190401
2025-05-08,40,41,06:30-06:50,38.12961142857165
2025-05-08,44,45,07:10-07:30,48.30328095238053
2025-05-08,49,50,08:00-08:20,31.463173809523937
2025-05-08,52,53,08:30-08:50,86.61793666666676
2025-05-08,55,56,09:00-09:20,45.021858095238144
2025-05-08,60,61,09:50-10:10,52.22618238095197
2025-05-08,63,66,10:20-11:00,133.2427090476192
2025-05-08,72,73,11:50-12:10,140.090803809524
2025-05-08,76,77,12:30-12:50,30.595831904762008
2025-05-08,79,79,13:00-13:10,1.6062028571432165
2025-05-08,82,83,13:30-13:50,42.94478619047641
2025-05-08,85,88,14:00-14:40,143.85838333333356
2025-05-08,92,92,15:10-15:20,0.8505447619045299
2025-05-08,100,103,16:30-17:10,88.53863476190531
2025-05-08,106,107,17:30-17:50,199.27863761904766
2025-05-08,112,113,18:30-18:50,84.51851666666647
2025-05-08,116,117,19:10-19:30,16.017940952381196
2025-05-08,120,127,19:50-21:10,509.7292977047034
2025-05-08,130,131,21:30-21:50,58.24658666666676
2025-05-08,135,135,22:20-22:30,58.692356666666456
2025-05-08,139,139,23:00-23:10,1.7466366666667454
2025-05-08,142,143,23:30-23:50,63.84121333333337
2025-05-09,1,1,00:00-00:10,33.39818333333335
2025-05-09,4,5,00:30-00:50,68.32327000000004
2025-05-09,10,11,01:30-01:50,42.24162333333334
2025-05-09,14,17,02:10-02:50,44.96205333333319
2025-05-09,23,24,03:40-04:00,24.935413333333443
2025-05-09,26,27,04:10-04:30,10.722923333333426
2025-05-09,30,30,04:50-05:00,15.788852857142842
2025-05-09,32,33,05:10-05:30,18.8320704761906
2025-05-09,37,38,06:00-06:20,22.915872857142773
2025-05-09,40,40,06:30-06:40,0.7273347619047286
2025-05-09,43,45,07:00-07:30,83.31423809523824
2025-05-09,50,55,08:10-09:10,99.29504952380955
2025-05-09,61,62,10:00-10:20,36.71028238095255
2025-05-09,64,66,10:30-11:00,131.67545238095272
2025-05-09,99,99,16:20-16:30,4.632916666666688
2025-05-09,101,102,16:40-17:00,79.75290483690986
2025-05-09,108,109,17:50-18:10,59.9355076190476
2025-05-09,112,113,18:30-18:50,35.96678619047617
2025-05-09,115,117,19:00-19:30,57.96333333333325
2025-05-09,119,120,19:40-20:00,53.50094809523807
2025-05-09,123,125,20:20-20:50,37.47219000000007
2025-05-09,128,129,21:10-21:30,17.678546666666648
2025-05-09,133,133,22:00-22:10,2.4356266666666215
2025-05-09,136,139,22:30-23:10,25.280899999999747
2025-05-09,144,144,23:50-24:00,15.302253333333397
2025-05-10,2,4,00:10-00:40,27.180159999999887
2025-05-10,7,8,01:00-01:20,35.86821666666657
2025-05-10,11,12,01:40-02:00,52.48481333333331
2025-05-10,15,15,02:20-02:30,48.094083333333344
2025-05-10,18,20,02:50-03:20,32.11461904761899
2025-05-10,24,25,03:50-04:10,80.26654619047628
2025-05-10,28,30,04:30-05:00,26.763666666666722
2025-05-10,32,33,05:10-05:30,33.25904047619044
2025-05-10,38,42,06:10-07:00,20.16163333333344
2025-05-10,44,47,07:10-07:50,159.64245666666665
2025-05-10,52,53,08:30-08:50,118.52986761904776
2025-05-10,58,58,09:30-09:40,15.997520000000122
2025-05-10,61,62,10:00-10:20,88.80625666666674
2025-05-10,64,64,10:30-10:40,65.80056714285706
2025-05-10,98,98,16:10-16:20,14.518997619048037
2025-05-10,100,101,16:30-16:50,11.236700476190492
2025-05-10,107,109,17:40-18:10,55.6053295238095
2025-05-10,111,112,18:20-18:40,34.03165714285723
2025-05-10,116,118,19:10-19:40,82.31688380952369
2025-05-10,121,121,20:00-20:10,6.279695238095201
2025-05-10,124,126,20:30-21:00,73.9083333333333
2025-05-10,129,129,21:20-21:30,35.73622000000012
2025-05-10,134,135,22:10-22:30,34.30905333333334
2025-05-10,138,138,22:50-23:00,32.81815666666671
2025-05-10,144,144,23:50-24:00,46.57269666666673
2025-05-11,1,1,00:00-00:10,5.578606666666701
2025-05-11,3,3,00:20-00:30,11.828480000000127
2025-05-11,5,6,00:40-01:00,40.832466666666505
2025-05-11,9,9,01:20-01:30,30.7712200000002
2025-05-11,12,13,01:50-02:10,33.68736333333345
2025-05-11,16,16,02:30-02:40,22.389676666666674
2025-05-11,19,21,03:00-03:30,39.773000000000145
2025-05-11,23,24,03:40-04:00,40.54962333333359
2025-05-11,27,28,04:20-04:40,27.838807619047657
2025-05-11,31,31,05:00-05:10,20.881266666666647
2025-05-11,37,38,06:00-06:20,25.073224761905067
2025-05-11,40,40,06:30-06:40,8.093886190475928
2025-05-11,44,45,07:10-07:30,40.45593476190464
2025-05-11,48,49,07:50-08:10,91.10775952380982
2025-05-11,52,53,08:30-08:50,15.821717619047831
2025-05-11,55,59,09:00-09:50,176.0246004761907
2025-05-11,61,61,10:00-10:10,25.226384285713493
2025-05-11,64,68,10:30-11:20,124.43439142857187
2025-05-11,72,73,11:50-12:10,42.42831523809514
2025-05-11,79,87,13:00-14:30,267.4872499999998
2025-05-11,92,93,15:10-15:30,6.959995238095075
2025-05-11,95,95,15:40-15:50,1.1901390476189135
2025-05-11,99,99,16:20-16:30,9.020750476190415
2025-05-11,102,103,16:50-17:10,81.87558380952385
2025-05-11,106,107,17:30-17:50,42.40740576731963
2025-05-11,109,112,18:00-18:40,116.29026095238103
2025-05-11,115,117,19:00-19:30,93.64873
2025-05-11,120,120,19:50-20:00,53.66669000000002
2025-05-11,123,123,20:20-20:30,21.576740000000086
2025-05-11,127,128,21:00-21:20,16.65057666666678
2025-05-11,131,131,21:40-21:50,2.830536666666603
2025-05-11,134,135,22:10-22:30,89.09299666666675
2025-05-11,138,139,22:50-23:10,56.6873700000001
2025-05-11,141,141,23:20-23:30,7.043093333333218
2025-05-12,1,1,00:00-00:10,14.067923333333283
2025-05-12,3,3,00:20-00:30,6.800759999999968
2025-05-12,5,6,00:40-01:00,33.99585333333334
2025-05-12,9,10,01:20-01:40,52.60991333333334
2025-05-12,14,15,02:10-02:30,42.44310666666661
2025-05-12,18,19,02:50-03:10,41.18684999999982
2025-05-12,23,24,03:40-04:00,42.68222000000007
2025-05-12,26,27,04:10-04:30,17.861916666666705
2025-05-12,30,30,04:50-05:00,15.233241428571546
2025-05-12,35,36,05:40-06:00,47.14344952380932
2025-05-12,43,43,07:00-07:10,3.1957780952380404
2025-05-12,49,49,08:00-08:10,13.828653809523757
2025-05-12,52,54,08:30-09:00,103.7106904761905
2025-05-12,58,59,09:30-09:50,78.53780809523823
2025-05-12,62,71,10:10-11:50,365.0709300000001
2025-05-12,95,95,15:40-15:50,7.153356190475847
2025-05-12,97,98,16:00-16:20,27.295530476190606
2025-05-12,100,101,16:30-16:50,35.63417952380951
2025-05-12,103,103,17:00-17:10,2.4328785714286028
2025-05-12,107,108,17:40-18:00,8.842390952380498
2025-05-12,110,111,18:10-18:30,65.68594952380947
2025-05-12,114,116,18:50-19:20,99.67601000000002
2025-05-12,121,122,20:00-20:20,57.53803000000016
2025-05-12,125,126,20:40-21:00,56.9204347619044
2025-05-12,129,132,21:20-22:00,51.433349999999564
2025-05-12,135,135,22:20-22:30,6.7498699999998735
2025-05-12,137,138,22:40-23:00,48.891116666666676
2025-05-12,141,141,23:20-23:30,14.989803333333157
2025-05-13,2,3,00:10-00:30,14.246946666666645
2025-05-13,5,6,00:40-01:00,49.476599999999735
2025-05-13,10,12,01:30-02:00,27.296333333333337
2025-05-13,15,16,02:20-02:40,14.064116666666905
2025-05-13,20,22,03:10-03:40,14.916709999999917
2025-05-13,25,26,04:00-04:20,69.21502666666683
2025-05-13,30,30,04:50-05:00,26.62899857142861
2025-05-13,33,33,05:20-05:30,3.5109933333333814
2025-05-13,35,36,05:40-06:00,56.07124761904791
2025-05-13,39,39,06:20-06:30,12.736767142857161
2025-05-13,42,44,06:50-07:20,69.8919180952384
2025-05-13,48,50,07:50-08:20,101.25675285714306
2025-05-13,54,55,08:50-09:10,14.948768571428559
2025-05-13,58,59,09:30-09:50,53.333283333333384
2025-05-13,61,63,10:00-10:30,78.43316666666692
2025-05-13,67,68,11:00-11:20,43.906023333332996
2025-05-13,70,72,11:30-12:00,182.711559523809
2025-05-13,77,79,12:40-13:10,77.92537523809483
2025-05-13,97,98,16:00-16:20,15.782206666666639
2025-05-13,107,107,17:40-17:50,5.742294761904674
2025-05-13,110,111,18:10-18:30,24.274511904761816
2025-05-13,113,115,18:40-19:10,84.76974142857148
2025-05-13,118,119,19:30-19:50,24.088403333333417
2025-05-13,122,123,20:10-20:30,28.655834761904885
2025-05-13,126,126,20:50-21:00,51.11615333333316
2025-05-13,134,136,22:10-22:40,53.1797633333332
2025-05-13,139,141,23:00-23:30,13.412333333333436
2025-05-14,2,3,00:10-00:30,20.511553333333268
2025-05-14,6,6,00:50-01:00,5.594169999999963
2025-05-14,9,14,01:20-02:20,23.152313333333836
2025-05-14,19,24,03:00-04:00,53.44266666666622
2025-05-14,28,29,04:30-04:50,54.640812380952454
2025-05-14,33,33,05:20-05:30,9.817420952381006
2025-05-14,35,36,05:40-06:00,23.9591690476189
2025-05-14,38,40,06:10-06:40,65.13443952380953
2025-05-14,43,45,07:00-07:30,33.122369047618974
2025-05-14,49,50,08:00-08:20,34.48495238095268
2025-05-14,56,57,09:10-09:30,60.795305238095125
2025-05-14,59,63,09:40-10:30,125.67156238095231
2025-05-14,66,68,10:50-11:20,57.99794666666685
2025-05-14,75,75,12:20-12:30,40.492313809523466
2025-05-14,103,104,17:00-17:20,57.43459809523779
2025-05-14,106,107,17:30-17:50,7.265980476190606
2025-05-14,109,109,18:00-18:10,14.002705714285469
2025-05-14,112,113,18:30-18:50,36.17638047619029
2025-05-14,115,115,19:00-19:10,2.9997871428570306
2025-05-14,118,120,19:30-20:00,89.71833333333348
2025-05-14,123,124,20:20-20:40,38.292686666666896
2025-05-14,127,129,21:00-21:30,32.59933333333322
2025-05-14,132,132,21:50-22:00,2.5065166666665846
2025-05-14,136,136,22:30-22:40,44.2172566666668
2025-05-14,139,139,23:00-23:10,33.01423333333332
2025-05-14,142,143,23:30-23:50,56.07002999999986
2025-05-15,2,2,00:10-00:20,2.324583333333294
2025-05-15,6,6,00:50-01:00,7.7929266666667445
2025-05-15,8,9,01:10-01:30,12.777050000000145
2025-05-15,11,12,01:40-02:00,61.041383333333215
2025-05-15,15,17,02:20-02:50,53.59041666666667
2025-05-15,24,28,03:50-04:40,39.8820942857144
2025-05-15,32,33,05:10-05:30,20.565359999999945
2025-05-15,35,36,05:40-06:00,53.61051904761885
2025-05-15,39,39,06:20-06:30,8.148842857142938
2025-05-15,41,42,06:40-07:00,73.2347380952379
2025-05-15,44,46,07:10-07:40,76.43452904761887
2025-05-15,51,52,08:20-08:40,50.279373809523804
2025-05-15,55,59,09:00-09:50,96.90515142857134
2025-05-15,61,63,10:00-10:30,80.93009523809519
2025-05-15,66,66,10:50-11:00,20.51538857142873
2025-05-15,69,69,11:20-11:30,0.4037776190475597
2025-05-15,72,72,11:50-12:00,16.724244285714576
2025-05-15,74,75,12:10-12:30,44.00182333333373
2025-05-15,87,87,14:20-14:30,11.68958333333353
2025-05-15,90,92,14:50-15:20,51.1228128395079
2025-05-15,95,96,15:40-16:00,69.44608857142885
2025-05-15,98,99,16:10-16:30,71.46702095238095
2025-05-15,104,105,17:10-17:30,82.44788428571383
2025-05-15,108,108,17:50-18:00,10.457725714285715
2025-05-15,111,114,18:20-19:00,81.91454761904754
2025-05-15,117,118,19:20-19:40,28.39348714285711
2025-05-15,121,122,20:00-20:20,44.46467333333351
2025-05-15,125,127,20:40-21:10,105.18083666666678
2025-05-15,131,135,21:40-22:30,43.83980333333341
2025-05-15,139,140,23:00-23:20,58.51164000000017
2025-05-15,143,144,23:40-24:00,23.446576666666544
2025-05-16,1,3,00:00-00:30,53.59600000000012
2025-05-16,8,10,01:10-01:40,41.1561866666666
2025-05-16,13,13,02:00-02:10,12.054450000000031
2025-05-16,16,16,02:30-02:40,10.1984966666667
2025-05-16,19,20,03:00-03:20,39.98079190476193
2025-05-16,22,24,03:30-04:00,41.4343333333332
2025-05-16,27,31,04:20-05:10,63.83026714285732
2025-05-16,35,36,05:40-06:00,38.252814761904574
2025-05-16,40,43,06:30-07:10,55.34384333333338
2025-05-16,46,46,07:30-07:40,20.922626190476194
2025-05-16,49,50,08:00-08:20,13.283867142857048
2025-05-16,53,55,08:40-09:10,72.58204476190463
2025-05-16,59,60,09:40-10:00,100.08696952380956
2025-05-16,64,64,10:30-10:40,19.200290952380783
2025-05-16,106,106,17:30-17:40,13.885616190476128
2025-05-16,109,110,18:00-18:20,114.11078428571429
2025-05-16,112,112,18:30-18:40,2.147097619047713
2025-05-16,116,118,19:10-19:40,8.85779714285701
2025-05-16,121,122,20:00-20:20,112.29455333333351
2025-05-16,126,128,20:50-21:20,117.98257999999998
2025-05-16,135,135,22:20-22:30,15.413459999999986
2025-05-16,137,138,22:40-23:00,45.65181000000007
2025-05-16,141,143,23:20-23:50,47.94979999999998
2025-05-17,1,2,00:00-00:20,28.286833333333277
2025-05-17,6,10,00:50-01:40,52.62389666666661
2025-05-17,13,14,02:00-02:20,39.3630133333333
2025-05-17,17,17,02:40-02:50,13.399423333333345
2025-05-17,20,22,03:10-03:40,60.549883333333355
2025-05-17,25,26,04:00-04:20,5.851130000000012
2025-05-17,29,31,04:40-05:10,29.997951428571383
2025-05-17,35,36,05:40-06:00,11.646387142857293
2025-05-17,38,39,06:10-06:30,25.36716619047624
2025-05-17,44,45,07:10-07:30,46.37143619047595
2025-05-17,47,48,07:40-08:00,31.18042142857132
2025-05-17,51,53,08:20-08:50,70.27425619047642
2025-05-17,55,55,09:00-09:10,40.122886190476265
2025-05-17,58,62,09:30-10:20,85.99135619047638
2025-05-17,66,66,10:50-11:00,14.966040476190528
2025-05-17,99,102,16:20-17:00,105.81755952380959
2025-05-17,106,106,17:30-17:40,0.5555414285714448
2025-05-17,109,110,18:00-18:20,95.84611523809536
2025-05-17,112,112,18:30-18:40,27.07408333333342
2025-05-17,115,118,19:00-19:40,120.8659695238095
2025-05-17,121,123,20:00-20:30,69.04866666666658
2025-05-17,126,126,20:50-21:00,3.0174899999999525
2025-05-17,131,133,21:40-22:10,34.019669999999905
2025-05-17,136,137,22:30-22:50,76.37235999999984
2025-05-17,141,142,23:20-23:40,26.962643333333517
2025-05-17,144,144,23:50-24:00,0.5053366666666079
2025-05-18,1,3,00:00-00:30,28.95066666666662
2025-05-18,8,10,01:10-01:40,73.77200000000028
2025-05-18,13,14,02:00-02:20,34.8685066666668
2025-05-18,17,18,02:40-03:00,40.14821999999981
2025-05-18,21,24,03:20-04:00,38.852473333333364
2025-05-18,26,27,04:10-04:30,14.152600000000007
2025-05-18,30,30,04:50-05:00,14.06329333333315
2025-05-18,33,34,05:20-05:40,39.78841333333315
2025-05-18,38,39,06:10-06:30,25.734227619047317
2025-05-18,41,42,06:40-07:00,35.16747142857133
2025-05-18,45,47,07:20-07:50,126.55444476190462
2025-05-18,50,51,08:10-08:30,40.834067142857066
2025-05-18,55,56,09:00-09:20,7.244203333333189
2025-05-18,59,60,09:40-10:00,65.7198761904765
2025-05-18,62,63,10:10-10:30,62.35012619047575
2025-05-18,66,67,10:50-11:10,95.92290952380995
2025-05-18,70,73,11:30-12:10,245.18408952380946
2025-05-18,81,81,13:20-13:30,13.960445238095417
2025-05-18,84,86,13:50-14:20,98.60514333333344
2025-05-18,89,90,14:40-15:00,70.58733666666672
2025-05-18,93,93,15:20-15:30,51.048436190476195
2025-05-18,97,98,16:00-16:20,25.228784761905217
2025-05-18,101,102,16:40-17:00,105.92518190476159
2025-05-18,105,107,17:20-17:50,66.75141226709636
2025-05-18,109,110,18:00-18:20,22.268740000000093
2025-05-18,115,116,19:00-19:20,34.581423333333305
2025-05-18,118,119,19:30-19:50,48.549536666666654
2025-05-18,122,123,20:10-20:30,90.80255380952372
2025-05-18,127,128,21:00-21:20,69.90341666666666
2025-05-18,130,130,21:30-21:40,11.021023333333233
2025-05-18,133,134,22:00-22:20,60.995219999999904
2025-05-18,138,139,22:50-23:10,57.45848666666666
2025-05-18,143,144,23:40-24:00,22.056343333333416
2025-05-19,1,1,00:00-00:10,10.672326666666663
2025-05-19,3,3,00:20-00:30,2.948750000000132
2025-05-19,9,12,01:20-02:00,45.551726666666696
2025-05-19,15,15,02:20-02:30,5.026986666666858
2025-05-19,18,19,02:50-03:10,39.410413333333395
2025-05-19,23,25,03:40-04:10,3.319735714285353
2025-05-19,28,28,04:30-04:40,3.331462380952434
2025-05-19,31,34,05:00-05:40,48.485388095238314
2025-05-19,37,39,06:00-06:30,42.395928571428556
2025-05-19,42,42,06:50-07:00,20.222477619047822
2025-05-19,44,45,07:10-07:30,5.851713809523915
2025-05-19,47,49,07:40-08:10,71.13776952380942
2025-05-19,54,56,08:50-09:20,105.35554285714261
2025-05-19,59,60,09:40-10:00,85.0987404761911
2025-05-19,63,64,10:20-10:40,201.8474199999996
2025-05-19,67,68,11:00-11:20,48.81513523809508
2025-05-19,99,99,16:20-16:30,12.376290476190547
2025-05-19,108,108,17:50-18:00,40.473820000000245
2025-05-19,112,115,18:30-19:10,101.24357761904814
2025-05-19,118,118,19:30-19:40,14.456949523809385
2025-05-19,121,123,20:00-20:30,153.6473333333336
2025-05-19,128,129,21:10-21:30,96.66230666666684
2025-05-19,132,133,21:50-22:10,44.09350666666637
2025-05-19,136,136,22:30-22:40,2.7197833333332255
2025-05-19,139,140,23:00-23:20,77.20758666666666
2025-05-19,143,144,23:40-24:00,25.513740000000098
2025-05-20,1,1,00:00-00:10,25.06833000000006
2025-05-20,3,3,00:20-00:30,10.552506666666432
2025-05-20,6,6,00:50-01:00,17.86275000000012
2025-05-20,12,15,01:50-02:30,30.57093999999995
2025-05-20,18,18,02:50-03:00,4.215313333333256
2025-05-20,21,22,03:20-03:40,22.23055761904767
2025-05-20,29,31,04:40-05:10,30.290592380952273
2025-05-20,34,35,05:30-05:50,29.39948380952376
2025-05-20,38,40,06:10-06:40,48.50933190476218
2025-05-20,44,45,07:10-07:30,47.47446904761904
2025-05-20,48,52,07:50-08:40,105.28885095238104
2025-05-20,56,57,09:10-09:30,23.046110952380786
2025-05-20,59,60,09:40-10:00,40.47626523809549
2025-05-20,63,63,10:20-10:30,3.110930476189651
2025-05-20,65,66,10:40-11:00,62.52216857142912
2025-05-20,69,74,11:20-12:20,132.6745257142859
2025-05-20,76,76,12:30-12:40,33.27022142857163
2025-05-20,80,81,13:10-13:30,83.71824285714251
2025-05-20,84,85,13:50-14:10,16.644782857142673
2025-05-20,88,89,14:30-14:50,72.95509999999945
2025-05-20,91,91,15:00-15:10,1.928925238094962
2025-05-20,93,94,15:20-15:40,69.77027333333305
2025-05-20,98,100,16:10-16:40,35.063105714285825
2025-05-20,103,104,17:00-17:20,56.60474333333366
2025-05-20,106,109,17:30-18:10,101.92408428571432
2025-05-20,112,114,18:30-19:00,83.95207142857109
2025-05-20,117,117,19:20-19:30,52.02869999999996
2025-05-20,120,125,19:50-20:50,311.0044656155923
2025-05-20,128,130,21:10-21:40,86.29318666666677
2025-05-20,133,133,22:00-22:10,35.1880799999999
2025-05-20,136,137,22:30-22:50,62.675486666666984
2025-05-20,140,142,23:10-23:40,35.0903500000004
2025-05-21,1,1,00:00-00:10,1.967476666666471
2025-05-21,4,5,00:30-00:50,46.87316333333365
2025-05-21,7,8,01:00-01:20,31.657236666666563
2025-05-21,11,12,01:40-02:00,33.49747000000002
2025-05-21,15,18,02:20-03:00,77.05344666666645
2025-05-21,21,21,03:20-03:30,18.89064333333306
2025-05-21,24,24,03:50-04:00,18.44186190476171
2025-05-21,27,29,04:20-04:50,52.177080476190454
2025-05-21,32,34,05:10-05:40,27.09150476190466
2025-05-21,37,37,06:00-06:10,9.766721428571373
2025-05-21,40,40,06:30-06:40,14.260720952381007
2025-05-21,43,43,07:00-07:10,17.76311142857145
2025-05-21,46,47,07:30-07:50,13.827015238095328
2025-05-21,49,50,08:00-08:20,49.66087523809506
2025-05-21,52,55,08:30-09:10,102.76859428571402
2025-05-21,58,59,09:30-09:50,126.22139095238117
2025-05-21,63,64,10:20-10:40,71.58644047619032
2025-05-21,70,71,11:30-11:50,47.55884380952375
2025-05-21,89,94,14:40-15:40,127.51699761904749
2025-05-21,97,97,16:00-16:10,4.589183333333722
2025-05-21,100,101,16:30-16:50,18.27984190476178
2025-05-21,103,103,17:00-17:10,8.207262380952784
2025-05-21,106,108,17:30-18:00,42.78091666666637
2025-05-21,110,111,18:10-18:30,54.52616285714282
2025-05-21,114,114,18:50-19:00,4.35573428571422
2025-05-21,116,118,19:10-19:40,74.64432619047614
2025-05-21,121,121,20:00-20:10,3.245550000000094
2025-05-21,124,126,20:30-21:00,67.62633333333315
2025-05-21,130,130,21:30-21:40,37.058713333333344
2025-05-21,134,135,22:10-22:30,90.40637333333336
2025-05-21,138,138,22:50-23:00,19.4366
2025-05-21,140,142,23:10-23:40,58.82982333333325
2025-05-22,4,8,00:30-01:20,51.804160000000024
2025-05-22,10,10,01:30-01:40,3.531643333333136
2025-05-22,13,13,02:00-02:10,15.04090999999994
2025-05-22,16,16,02:30-02:40,13.269020000000069
2025-05-22,19,19,03:00-03:10,32.09996666666666
2025-05-22,22,25,03:30-04:10,53.00219476190453
2025-05-22,28,28,04:30-04:40,31.289166666666713
2025-05-22,31,34,05:00-05:40,76.40319571428581
2025-05-22,37,38,06:00-06:20,20.24228619047625
2025-05-22,40,42,06:30-07:00,36.2369761904763
2025-05-22,45,46,07:20-07:40,53.46124666666674
2025-05-22,49,50,08:00-08:20,26.0444661904761
2025-05-22,53,54,08:40-09:00,64.48283190476172
2025-05-22,57,57,09:20-09:30,38.575379999999996
2025-05-22,59,61,09:40-10:10,149.92296666666653
2025-05-22,66,68,10:50-11:20,102.83104000000026
2025-05-22,70,70,11:30-11:40,5.697062380952275
2025-05-22,73,73,12:00-12:10,56.72461809523793
2025-05-22,76,77,12:30-12:50,56.07436857142807
2025-05-22,95,99,15:40-16:30,54.20326728806788
2025-05-22,102,102,16:50-17:00,21.228710476190543
2025-05-22,108,110,17:50-18:20,100.17562523809512
2025-05-22,114,117,18:50-19:30,52.841226666666444
2025-05-22,120,120,19:50-20:00,16.853930000000105
2025-05-22,122,123,20:10-20:30,63.61265238095271
2025-05-22,126,126,20:50-21:00,26.97172666666677
2025-05-22,130,132,21:30-22:00,100.55400000000009
2025-05-22,134,135,22:10-22:30,35.460446666666485
2025-05-22,139,140,23:00-23:20,25.259833333333518
2025-05-22,143,144,23:40-24:00,17.837579999999775
2025-05-23,2,3,00:10-00:30,45.54780000000005
2025-05-23,6,7,00:50-01:10,32.55726666666658
2025-05-23,11,12,01:40-02:00,50.48159666666663
2025-05-23,14,15,02:10-02:30,21.528190000000166
2025-05-23,18,20,02:50-03:20,60.49094333333318
2025-05-23,25,26,04:00-04:20,13.061504285714364
2025-05-23,28,30,04:30-05:00,20.759666666666533
2025-05-23,33,34,05:20-05:40,30.036410476190312
2025-05-23,37,38,06:00-06:20,17.600273333333405
2025-05-23,41,42,06:40-07:00,40.68247380952374
2025-05-23,45,48,07:20-08:00,57.36283380952398
2025-05-23,53,54,08:40-09:00,28.295193809523653
2025-05-23,57,58,09:20-09:40,58.83189380952331
2025-05-23,64,65,10:30-10:50,61.89821666666626
2025-05-23,102,103,16:50-17:10,22.334734761904883
2025-05-23,106,108,17:30-18:00,62.68277380952358
2025-05-23,111,112,18:20-18:40,56.71884571428558
2025-05-23,115,115,19:00-19:10,45.05691142857131
2025-05-23,118,119,19:30-19:50,50.25228428571427
2025-05-23,123,126,20:20-21:00,39.21110142857151
2025-05-23,130,130,21:30-21:40,43.521633333333284
2025-05-23,133,134,22:00-22:20,73.52427999999969
2025-05-23,136,137,22:30-22:50,48.2789333333335
2025-05-23,141,141,23:20-23:30,12.44105333333323
2025-05-23,144,144,23:50-24:00,47.65092333333337
2025-05-24,1,1,00:00-00:10,20.65763666666669
2025-05-24,3,3,00:20-00:30,8.774186666666708
2025-05-24,6,7,00:50-01:10,19.21525666666662
2025-05-24,10,11,01:30-01:50,39.31562666666673
2025-05-24,13,16,02:00-02:40,21.12399999999991
2025-05-24,19,19,03:00-03:10,1.6848266666665381
2025-05-24,22,24,03:30-04:00,64.16766666666669
2025-05-24,28,29,04:30-04:50,39.56645761904758
2025-05-24,32,32,05:10-05:20,0.021215238095180666
2025-05-24,35,37,05:40-06:10,42.63491476190467
2025-05-24,40,41,06:30-06:50,32.4497504761905
2025-05-24,44,45,07:10-07:30,86.94223761904755
2025-05-24,47,48,07:40-08:00,112.01883619047624
2025-05-24,51,54,08:20-09:00,70.98825857142879
2025-05-24,56,57,09:10-09:30,5.250936190476068
2025-05-24,108,109,17:50-18:10,58.132041428571256
2025-05-24,112,113,18:30-18:50,45.60668619047624
2025-05-24,115,116,19:00-19:20,85.97662619047622
2025-05-24,122,123,20:10-20:30,51.929167619047575
2025-05-24,126,128,20:50-21:20,16.557123333333493
2025-05-24,130,130,21:30-21:40,1.9976900000002615
2025-05-24,133,134,22:00-22:20,39.17083666666696
2025-05-24,136,136,22:30-22:40,23.98434999999995
2025-05-24,139,140,23:00-23:20,28.618926666666766
2025-05-24,142,142,23:30-23:40,24.95797000000016
2025-05-25,1,2,00:00-00:20,32.30233333333342
2025-05-25,6,9,00:50-01:30,41.31631333333348
2025-05-25,12,12,01:50-02:00,16.383163333333414
2025-05-25,15,17,02:20-02:50,44.078223333333426
2025-05-25,19,20,03:00-03:20,11.882826666666801
2025-05-25,23,25,03:40-04:10,48.175759523809795
2025-05-25,28,29,04:30-04:50,36.087620000000015
2025-05-25,32,35,05:10-05:50,24.604203333333054
2025-05-25,37,37,06:00-06:10,21.702841428571332
2025-05-25,40,41,06:30-06:50,109.60752476190464
2025-05-25,49,50,08:00-08:20,60.6722819047618
2025-05-25,52,54,08:30-09:00,141.42195238095223
2025-05-25,57,57,09:20-09:30,34.63413333333301
2025-05-25,60,61,09:50-10:10,47.01637857142873
2025-05-25,64,65,10:30-10:50,27.730110952380983
2025-05-25,67,67,11:00-11:10,26.20349619047647
2025-05-25,70,70,11:30-11:40,4.257429047619098
2025-05-25,73,75,12:00-12:30,180.29805952380957
2025-05-25,97,98,16:00-16:20,26.632633333333388
2025-05-25,102,102,16:50-17:00,23.48694047619034
2025-05-25,110,111,18:10-18:30,48.95745285714287
2025-05-25,114,114,18:50-19:00,7.684379523809525
2025-05-25,117,118,19:20-19:40,83.81087666666679
2025-05-25,121,122,20:00-20:20,33.69003809523838
2025-05-25,124,126,20:30-21:00,92.8536666666663
2025-05-25,129,130,21:20-21:40,69.68321000000026
2025-05-25,134,137,22:10-22:50,46.03236999999979
2025-05-25,142,142,23:30-23:40,33.46838666666622
2025-05-26,2,3,00:10-00:30,54.54973666666672
2025-05-26,6,6,00:50-01:00,17.317973333333384
2025-05-26,8,9,01:10-01:30,76.00264666666669
2025-05-26,12,13,01:50-02:10,31.16156666666666
2025-05-26,16,17,02:30-02:50,66.97548666666648
2025-05-26,22,23,03:30-03:50,9.135226666666648
2025-05-26,26,27,04:10-04:30,54.32870999999989
2025-05-26,30,31,04:50-05:10,25.583262857142813
2025-05-26,34,35,05:30-05:50,9.060341428571306
2025-05-26,39,44,06:20-07:20,136.42846857142843
2025-05-26,49,50,08:00-08:20,94.95331095238112
2025-05-26,54,54,08:50-09:00,55.09362095238066
2025-05-26,57,66,09:20-11:00,320.57385571428586
2025-05-26,70,71,11:30-11:50,101.39232571428602
2025-05-26,74,75,12:10-12:30,117.63567619047626
2025-05-26,78,78,12:50-13:00,9.413097142856941
2025-05-26,81,82,13:20-13:40,69.90806571428584
2025-05-26,89,91,14:40-15:10,108.80548619047613
2025-05-26,95,99,15:40-16:30,99.95810904761936
2025-05-26,102,104,16:50-17:20,55.69473571428608
2025-05-26,108,114,17:50-19:00,159.43156809523802
2025-05-26,116,116,19:10-19:20,731.2934361904763
2025-05-26,118,119,19:30-19:50,20.482339523809515
2025-05-26,121,124,20:00-20:40,209.3010000754643
2025-05-26,127,128,21:00-21:20,52.21970666666675
2025-05-26,130,130,21:30-21:40,45.1706233333332
2025-05-26,133,134,22:00-22:20,18.367479999999887
2025-05-26,136,137,22:30-22:50,52.54440666666687
2025-05-26,141,141,23:20-23:30,24.047366666666676
2025-05-26,144,144,23:50-24:00,20.565259999999967
2025-05-27,1,1,00:00-00:10,37.29903666666655
2025-05-27,7,10,01:00-01:40,59.0983733333336
2025-05-27,13,15,02:00-02:30,68.48266666666666
2025-05-27,17,18,02:40-03:00,31.821696666666526
2025-05-27,21,21,03:20-03:30,25.406906666666487
2025-05-27,23,24,03:40-04:00,18.745113333333393
2025-05-27,27,28,04:20-04:40,61.952067619047824
2025-05-27,32,33,05:10-05:30,5.892673333333036
2025-05-27,36,37,05:50-06:10,17.087545714285852
2025-05-27,42,45,06:50-07:30,115.39363190476189
2025-05-27,48,48,07:50-08:00,2.4635866666667425
2025-05-27,50,51,08:10-08:30,38.785923333333244
2025-05-27,55,57,09:00-09:30,117.55174999999986
2025-05-27,61,64,10:00-10:40,181.44255857142844
2025-05-27,70,71,11:30-11:50,34.82748000000015
2025-05-27,73,74,12:00-12:20,42.26239415841201
2025-05-27,95,95,15:40-15:50,1.5221633333335376
2025-05-27,97,97,16:00-16:10,28.560090000000173
2025-05-27,108,108,17:50-18:00,38.924867029919966
2025-05-27,112,113,18:30-18:50,44.68413913098918
2025-05-27,115,115,19:00-19:10,15.01726333333329
2025-05-27,118,118,19:30-19:40,30.38985333333335
2025-05-27,121,122,20:00-20:20,47.45523285714273
2025-05-27,127,130,21:00-21:40,11.96758333333321
2025-05-27,133,135,22:00-22:30,81.39045666666641
2025-05-27,138,138,22:50-23:00,50.36096666666663
2025-05-27,141,142,23:20-23:40,73.53701666666643
2025-05-28,2,3,00:10-00:30,58.51185666666686
2025-05-28,6,8,00:50-01:20,24.086739999999963
2025-05-28,12,13,01:50-02:10,57.62375999999995
2025-05-28,17,18,02:40-03:00,59.22651999999971
2025-05-28,22,22,03:30-03:40,27.754099047618922
2025-05-28,25,26,04:00-04:20,17.931499999999804
2025-05-28,28,29,04:30-04:50,21.042180000000194
2025-05-28,32,33,05:10-05:30,16.139537142857215
2025-05-28,35,36,05:40-06:00,48.576081428571456
2025-05-28,39,42,06:20-07:00,90.1561047619046
2025-05-28,47,48,07:40-08:00,69.12476333333359
2025-05-28,54,55,08:50-09:10,50.973245238095046
2025-05-28,58,59,09:30-09:50,91.42669238095209
2025-05-28,61,61,10:00-10:10,14.421230952380938
2025-05-28,65,67,10:40-11:10,120.15556571428647
2025-05-28,69,71,11:20-11:50,69.04907476190488
2025-05-28,75,75,12:20-12:30,14.805208571428693
2025-05-28,80,80,13:10-13:20,4.685480476190833
2025-05-28,83,84,13:40-14:00,73.83439857142866
2025-05-28,87,88,14:20-14:40,31.378372857142722
2025-05-28,92,95,15:10-15:50,177.31405952380953
2025-05-28,101,102,16:40-17:00,58.257050952381235
2025-05-28,105,105,17:20-17:30,5.949158853611891
2025-05-28,108,108,17:50-18:00,7.162584285714388
2025-05-28,111,111,18:20-18:30,33.22692714285718
2025-05-28,113,114,18:40-19:00,51.670619047618935
2025-05-28,117,118,19:20-19:40,82.6335614285714
2025-05-28,121,121,20:00-20:10,38.27679333333333
2025-05-28,124,125,20:30-20:50,33.89790000000005
2025-05-28,127,127,21:00-21:10,5.260806666666781
2025-05-28,130,131,21:30-21:50,57.89148333333344
2025-05-28,136,136,22:30-22:40,32.391779999999926
2025-05-28,139,140,23:00-23:20,72.95253000000025
2025-05-28,144,144,23:50-24:00,9.11340666666672
2025-05-29,1,2,00:00-00:20,32.51102999999978
2025-05-29,5,6,00:40-01:00,13.759343333333504
2025-05-29,8,9,01:10-01:30,28.581273333333115
2025-05-29,12,12,01:50-02:00,6.325303333333295
2025-05-29,14,18,02:10-03:00,63.6789200000004
2025-05-29,21,21,03:20-03:30,15.217859999999973
2025-05-29,24,27,03:50-04:30,67.99954333333304
2025-05-29,30,30,04:50-05:00,22.48638333333338
2025-05-29,33,34,05:20-05:40,21.2515476190475
2025-05-29,37,38,06:00-06:20,34.84719190476187
2025-05-29,41,42,06:40-07:00,104.45842476190467
2025-05-29,45,48,07:20-08:00,105.85897952380964
2025-05-29,50,51,08:10-08:30,11.571797142856667
2025-05-29,54,56,08:50-09:20,103.85569095238077
2025-05-29,58,61,09:30-10:10,76.81252761904784
2025-05-29,64,66,10:30-11:00,101.2315476190472
2025-05-29,69,70,11:20-11:40,148.52234523809557
2025-05-29,74,74,12:10-12:20,7.257494285714301
2025-05-29,78,81,12:50-13:30,134.79581380952345
2025-05-29,83,85,13:40-14:10,119.47731238095275
2025-05-29,90,91,14:50-15:10,51.79557809523783
2025-05-29,94,97,15:30-16:10,80.73741238095295
2025-05-29,99,102,16:20-17:00,39.60042631904628
2025-05-29,104,106,17:10-17:40,45.12277188571471
2025-05-29,109,112,18:00-18:40,138.15645238095254
2025-05-29,115,116,19:00-19:20,183.98117719166385
2025-05-29,119,120,19:40-20:00,37.10509999999988
2025-05-29,122,123,20:10-20:30,244.92823666666703
2025-05-29,126,127,20:50-21:10,38.66249000000005
2025-05-29,130,130,21:30-21:40,20.697880000000396
2025-05-29,133,134,22:00-22:20,35.55574666666644
2025-05-29,138,138,22:50-23:00,50.38584999999989
2025-05-29,141,142,23:20-23:40,27.08203666666668
2025-05-30,2,3,00:10-00:30,39.27125666666649
2025-05-30,7,7,01:00-01:10,27.263879999999972
2025-05-30,10,13,01:30-02:10,61.661429999999825
2025-05-30,16,17,02:30-02:50,23.01152666666644
2025-05-30,20,22,03:10-03:40,95.58468000000006
2025-05-30,26,30,04:10-05:00,66.30787428571415
2025-05-30,34,36,05:30-06:00,74.76077380952385
2025-05-30,40,42,06:30-07:00,37.40459523809511
2025-05-30,45,46,07:20-07:40,55.15773904761909
2025-05-30,49,50,08:00-08:20,75.74500523809547
2025-05-30,53,55,08:40-09:10,96.74486380952362
2025-05-30,59,60,09:40-10:00,29.27409809523806
2025-05-30,63,65,10:20-10:50,148.40496142857137
2025-05-30,98,98,16:10-16:20,23.891602857142857
2025-05-30,101,102,16:40-17:00,27.438750476190272
2025-05-30,104,105,17:10-17:30,72.34186904761901
2025-05-30,110,111,18:10-18:30,19.664800476190464
2025-05-30,113,114,18:40-19:00,50.6059433333333
2025-05-30,117,120,19:20-20:00,31.64747285714293
2025-05-30,124,125,20:30-20:50,29.387711904762106
2025-05-30,128,129,21:10-21:30,37.62111333333337
2025-05-30,131,132,21:40-22:00,56.64273000000003
2025-05-30,135,136,22:20-22:40,28.60798666666642
2025-05-30,142,144,23:30-24:00,30.599999999999966
2025-05-31,1,1,00:00-00:10,21.333640000000003
2025-05-31,4,5,00:30-00:50,109.16732000000002
2025-05-31,9,10,01:20-01:40,40.230270000000075
2025-05-31,13,13,02:00-02:10,9.32789333333335
2025-05-31,16,17,02:30-02:50,60.74908666666664
2025-05-31,20,21,03:10-03:30,10.382928571428579
2025-05-31,23,25,03:40-04:10,35.14914761904754
2025-05-31,28,29,04:30-04:50,17.422333333333313
2025-05-31,31,31,05:00-05:10,18.286279047619004
2025-05-31,35,39,05:40-06:30,84.5715147619047
2025-05-31,41,44,06:40-07:20,206.2277092619044
2025-05-31,48,51,07:50-08:30,74.12096952380955
2025-05-31,54,54,08:50-09:00,8.343182380952499
2025-05-31,56,57,09:10-09:30,56.85100761904778
2025-05-31,59,60,09:40-10:00,20.015026666666472
2025-05-31,63,63,10:20-10:30,40.96818333333317
2025-05-31,68,68,11:10-11:20,34.11633333333316
2025-05-31,108,108,17:50-18:00,68.87569047619058
2025-05-31,113,114,18:40-19:00,83.07737714285724
2025-05-31,119,121,19:40-20:10,56.02771666666638
2025-05-31,124,125,20:30-20:50,94.42879142857137
2025-05-31,127,128,21:00-21:20,16.75671333333355
2025-05-31,133,134,22:00-22:20,8.723466666666752
2025-05-31,138,139,22:50-23:10,73.99046333333308
2025-05-31,142,142,23:30-23:40,15.863206666666656
2025-06-01,1,1,00:00-00:10,136.02610000000016
2025-06-01,4,6,00:30-01:00,32.38366666666673
2025-06-01,9,9,01:20-01:30,17.86827666666659
2025-06-01,11,12,01:40-02:00,70.78778666666653
2025-06-01,15,15,02:20-02:30,18.134343333333277
2025-06-01,17,18,02:40-03:00,18.368303333333415
2025-06-01,21,21,03:20-03:30,0.5510133333332305
2025-06-01,24,24,03:50-04:00,16.95623000000012
2025-06-01,26,27,04:10-04:30,19.857101904761976
2025-06-01,32,33,05:10-05:30,35.4092571428569
2025-06-01,36,37,05:50-06:10,20.533451428571425
2025-06-01,41,43,06:40-07:10,64.8209457142857
2025-06-01,46,48,07:30-08:00,48.866309523809605
2025-06-01,50,72,08:10-12:00,2412.880424286187
2025-06-01,76,79,12:30-13:10,307.06097904761896
2025-06-01,81,131,13:20-21:50,10646.23746750524
2025-06-01,133,133,22:00-22:10,23.904136666666545
2025-06-01,139,141,23:00-23:30,102.06299999999987
2025-06-02,1,1,00:00-00:10,107.87180333333345
2025-06-02,4,5,00:30-00:50,28.32270333333338
2025-06-02,7,8,01:00-01:20,18.79838666666683
2025-06-02,13,13,02:00-02:10,24.059193333333496
2025-06-02,16,16,02:30-02:40,22.97528333333321
2025-06-02,19,20,03:00-03:20,34.48340333333317
2025-06-02,22,22,03:30-03:40,0.6372242857142574
2025-06-02,25,28,04:00-04:40,77.67314095238086
2025-06-02,32,33,05:10-05:30,36.17280761904729
2025-06-02,35,36,05:40-06:00,86.36327666666662
2025-06-02,39,43,06:20-07:10,47.001809047619076
2025-06-02,46,49,07:30-08:10,225.3423402904782
2025-06-02,51,57,08:20-09:30,1049.4908733333336
2025-06-02,59,60,09:40-10:00,20.041957142857427
2025-06-02,63,64,10:20-10:40,109.2957600000002
2025-06-02,68,69,11:10-11:30,164.24421095238108
2025-06-02,71,117,11:40-19:30,6888.211916874543
2025-06-02,119,120,19:40-20:00,380.0884685714294
2025-06-02,122,133,20:10-22:10,1102.242278783067
2025-06-02,136,136,22:30-22:40,28.156576666666524
2025-06-02,139,139,23:00-23:10,61.564730000000054
2025-06-02,142,143,23:30-23:50,35.07220333333339
2025-06-03,1,2,00:00-00:20,121.23025000000007
2025-06-03,6,6,00:50-01:00,12.782493333333377
2025-06-03,8,9,01:10-01:30,61.488503333333256
2025-06-03,12,12,01:50-02:00,0.2412366666668504
2025-06-03,15,15,02:20-02:30,20.725930000000062
2025-06-03,17,18,02:40-03:00,34.85769999999968
2025-06-03,21,22,03:20-03:40,13.254403809523767
2025-06-03,25,25,04:00-04:10,31.561694761904697
2025-06-03,28,29,04:30-04:50,57.54026
2025-06-03,31,33,05:00-05:30,103.86316428571419
2025-06-03,35,36,05:40-06:00,69.37960761904758
2025-06-03,39,42,06:20-07:00,93.39641476190445
2025-06-03,45,46,07:20-07:40,23.273210952381078
2025-06-03,48,62,07:50-10:20,1794.6122940428559
2025-06-03,65,66,10:40-11:00,30.4331804761905
2025-06-03,68,69,11:10-11:30,38.92145523809518
2025-06-03,74,75,12:10-12:30,94.3837676190476
2025-06-03,80,82,13:10-13:40,143.69397999999978
2025-06-03,84,89,13:50-14:50,531.672766666667
2025-06-03,92,120,15:10-20:00,4497.923338723535
2025-06-03,122,133,20:10-22:10,955.804251564308
2025-06-03,137,139,22:40-23:10,106.99075333333371
2025-06-03,143,144,23:40-24:00,49.00444000000027
2025-06-04,1,3,00:00-00:30,129.68266666666636
2025-06-04,7,8,01:00-01:20,76.11265333333313
2025-06-04,12,15,01:50-02:30,216.45381195714276
2025-06-04,18,23,02:50-03:50,161.61769142857167
2025-06-04,25,33,04:00-05:30,304.14465095238086
2025-06-04,36,36,05:50-06:00,34.228069047618874
2025-06-04,41,43,06:40-07:10,108.57581523809523
2025-06-04,45,45,07:20-07:30,9.384991904762046
2025-06-04,49,50,08:00-08:20,52.34237047619047
2025-06-04,52,53,08:30-08:50,37.731317619047445
2025-06-04,58,60,09:30-10:00,85.23292857142837
2025-06-04,64,64,10:30-10:40,12.261194285714282
2025-06-04,67,68,11:00-11:20,84.54007571428565
2025-06-04,70,71,11:30-11:50,140.72431809523778
2025-06-04,73,89,12:00-14:50,1355.8368366666662
2025-06-04,92,116,15:10-19:20,3095.2253875934216
2025-06-04,118,125,19:30-20:50,1624.0513818023808
2025-06-04,127,130,21:00-21:40,148.16850196666638
2025-06-04,132,132,21:50-22:00,0.7335199999997712
2025-06-04,134,136,22:10-22:40,69.50725999999997
2025-06-04,139,139,23:00-23:10,33.967196666666496
2025-06-04,144,144,23:50-24:00,18.777863333333357
2025-06-05,1,1,00:00-00:10,102.90094999999997
2025-06-05,4,4,00:30-00:40,6.8266733333333605
2025-06-05,8,9,01:10-01:30,93.49485666666692
2025-06-05,12,12,01:50-02:00,0.5638199999998506
2025-06-05,17,26,02:40-04:20,291.62643034286083
2025-06-05,29,34,04:40-05:40,167.59267619047642
2025-06-05,38,39,06:10-06:30,97.485015238095
2025-06-05,41,42,06:40-07:00,35.41838999999982
2025-06-05,44,45,07:10-07:30,77.9945230898092
2025-06-05,47,49,07:40-08:10,192.55274451018983
2025-06-05,52,61,08:30-10:10,1015.9879607571412
2025-06-05,65,68,10:40-11:20,161.90581857142797
2025-06-05,70,72,11:30-12:00,35.91759523809583
2025-06-05,75,76,12:20-12:40,77.58094714285699
2025-06-05,82,83,13:30-13:50,101.95116559824032
2025-06-05,85,87,14:00-14:30,425.06162782080844
2025-06-05,89,116,14:40-19:20,3414.751965451791
2025-06-05,119,125,19:40-20:50,837.5707286333346
2025-06-05,128,129,21:10-21:30,67.49222999999995
2025-06-05,132,132,21:50-22:00,24.466783333333524
2025-06-05,136,137,22:30-22:50,47.70911666666666
2025-06-05,139,139,23:00-23:10,3.98949999999968
2025-06-05,142,143,23:30-23:50,41.470733333333555
2025-06-06,1,3,00:00-00:30,131.1973333333333
2025-06-06,6,6,00:50-01:00,33.72832333333315
2025-06-06,11,12,01:40-02:00,59.23478
2025-06-06,15,26,02:20-04:20,283.7475183238135
2025-06-06,28,35,04:30-05:50,684.9154321476177
2025-06-06,38,47,06:10-07:50,541.8195442857145
2025-06-06,51,52,08:20-08:40,41.52255285714284
2025-06-06,55,56,09:00-09:20,31.069858095238033
2025-06-06,59,63,09:40-10:30,123.03989904761931
2025-06-06,67,67,11:00-11:10,60.678061428571255
2025-06-06,70,71,11:30-11:50,144.94528000000014
2025-06-06,74,77,12:10-12:50,109.30104904761913
2025-06-06,92,94,15:10-15:40,67.67279809523814
2025-06-06,97,97,16:00-16:10,33.52865904761927
2025-06-06,100,107,16:30-17:50,749.5619108656251
2025-06-06,109,114,18:00-19:00,575.4319890047641
2025-06-06,116,117,19:10-19:30,3.426963333333674
2025-06-06,119,128,19:40-21:20,1109.0803804761915
2025-06-06,131,133,21:40-22:10,50.9984833333333
2025-06-06,137,138,22:40-23:00,71.96587666666665
2025-06-06,141,141,23:20-23:30,19.195450000000164
2025-06-07,1,3,00:00-00:30,125.67233333333343
2025-06-07,5,6,00:40-01:00,37.79509333333334
2025-06-07,10,12,01:30-02:00,55.81499999999983
2025-06-07,16,16,02:30-02:40,7.986350000000073
2025-06-07,19,19,03:00-03:10,20.34111523809532
2025-06-07,22,22,03:30-03:40,38.91593428571438
2025-06-07,25,26,04:00-04:20,35.99002999999999
2025-06-07,28,28,04:30-04:40,6.455755714285772
2025-06-07,31,35,05:00-05:50,243.24026292857138
2025-06-07,38,46,06:10-07:40,444.4624385714281
2025-06-07,48,50,07:50-08:20,79.00331047619068
2025-06-07,52,55,08:30-09:10,52.79069761904759
2025-06-07,58,60,09:30-10:00,92.75297619047626
2025-06-07,63,63,10:20-10:30,5.45971142857104
2025-06-07,67,67,11:00-11:10,5.013892857142537
2025-06-07,70,71,11:30-11:50,150.91672380952377
2025-06-07,73,74,12:00-12:20,98.4147766666672
2025-06-07,78,79,12:50-13:10,111.66539523809547
2025-06-07,82,85,13:30-14:10,188.54549285714256
2025-06-07,93,93,15:20-15:30,10.153333333333421
2025-06-07,96,97,15:50-16:10,103.02855571428576
2025-06-07,101,103,16:40-17:10,100.41695809523827
2025-06-07,111,112,18:20-18:40,55.05735857142842
2025-06-07,115,115,19:00-19:10,5.243556666666564
2025-06-07,118,125,19:30-20:50,466.61276229934117
2025-06-07,127,129,21:00-21:30,41.27266666666674
2025-06-07,131,132,21:40-22:00,70.06352333333325
2025-06-07,136,137,22:30-22:50,35.367319999999836
2025-06-07,140,142,23:10-23:40,93.19747333333316
2025-06-08,3,3,00:20-00:30,5.222949999999855
2025-06-08,5,6,00:40-01:00,33.47879333333344
2025-06-08,10,11,01:30-01:50,61.67650333333347
2025-06-08,14,15,02:10-02:30,81.91527666666684
2025-06-08,18,18,02:50-03:00,17.947910000000206
2025-06-08,21,21,03:20-03:30,9.264773333333324
2025-06-08,24,25,03:50-04:10,46.858756190476306
2025-06-08,29,30,04:40-05:00,11.07509000000016
2025-06-08,32,33,05:10-05:30,57.873460476190594
2025-06-08,36,39,05:50-06:30,57.390310952381355
2025-06-08,42,43,06:50-07:10,62.349702857142745
2025-06-08,46,47,07:30-07:50,15.753257619047417
2025-06-08,53,53,08:40-08:50,1.477826190476435
2025-06-08,56,57,09:10-09:30,83.08309380952392
2025-06-08,60,63,09:50-10:30,87.32703428571449
2025-06-08,65,67,10:40-11:10,64.77042619047597
2025-06-08,85,86,14:00-14:20,85.3059300000001
2025-06-08,88,89,14:30-14:50,107.84530904761925
2025-06-08,105,107,17:20-17:50,46.85301619047593
2025-06-08,111,111,18:20-18:30,31.557192380952344
2025-06-08,114,116,18:50-19:20,72.07596857142858
2025-06-08,120,121,19:50-20:10,53.45586476190488
2025-06-08,125,127,20:40-21:10,87.67820000000026
2025-06-08,130,131,21:30-21:50,63.86785333333307
2025-06-08,134,135,22:10-22:30,47.68663666666703
2025-06-08,137,138,22:40-23:00,42.5456466666667
2025-06-08,141,142,23:20-23:40,22.402663333333294
2025-06-09,1,1,00:00-00:10,61.99249666666674
2025-06-09,3,5,00:20-00:50,65.69802000000016
2025-06-09,7,7,01:00-01:10,19.059080000000108
2025-06-09,13,14,02:00-02:20,18.322630000000004
2025-06-09,17,18,02:40-03:00,50.01595999999972
2025-06-09,20,21,03:10-03:30,59.01117047619027
2025-06-09,23,24,03:40-04:00,71.83918333333338
2025-06-09,27,28,04:20-04:40,49.10660190476177
2025-06-09,31,32,05:00-05:20,28.64121285714262
2025-06-09,37,40,06:00-06:40,69.10437000000019
2025-06-09,43,44,07:00-07:20,28.58081428571427
2025-06-09,46,47,07:30-07:50,33.787892380952485
2025-06-09,49,49,08:00-08:10,16.61363761904738
2025-06-09,52,52,08:30-08:40,25.72787190476174
2025-06-09,56,57,09:10-09:30,38.469422380952665
2025-06-09,61,63,10:00-10:30,146.57451190476218
2025-06-09,65,67,10:40-11:10,205.46636380952418
2025-06-09,70,70,11:30-11:40,61.92578666666668
2025-06-09,80,81,13:10-13:30,87.5889400000001
2025-06-09,86,89,14:10-14:50,118.21673761904754
2025-06-09,98,99,16:10-16:30,77.66402619047619
2025-06-09,102,102,16:50-17:00,33.26415285714279
2025-06-09,105,105,17:20-17:30,30.047523809523767
2025-06-09,111,114,18:20-19:00,44.04542904761902
2025-06-09,117,117,19:20-19:30,19.078162380952563
2025-06-09,119,120,19:40-20:00,28.880829999999833
2025-06-09,122,123,20:10-20:30,48.06054333333313
2025-06-09,126,126,20:50-21:00,1.041072380952528
2025-06-09,129,130,21:20-21:40,44.78526000000011
2025-06-09,134,135,22:10-22:30,21.949466666666694
2025-06-09,137,138,22:40-23:00,62.493876666667006
2025-06-09,141,143,23:20-23:50,89.61274666666668
2025-06-10,1,1,00:00-00:10,28.52633333333347
2025-06-10,4,4,00:30-00:40,12.397460000000024
2025-06-10,7,7,01:00-01:10,41.81733666666673
2025-06-10,10,11,01:30-01:50,72.38325666666651
2025-06-10,14,15,02:10-02:30,41.87419666666665
2025-06-10,19,20,03:00-03:20,35.918333333333116
2025-06-10,22,23,03:30-03:50,46.01278333333336
2025-06-10,27,30,04:20-05:00,104.80604333333328
2025-06-10,33,33,05:20-05:30,29.295428095237966
2025-06-10,37,38,06:00-06:20,33.025769999999966
2025-06-10,42,43,06:50-07:10,27.435823809523868
2025-06-10,46,48,07:30-08:00,158.32391666666672
2025-06-10,51,56,08:20-09:20,161.488735714286
2025-06-10,65,69,10:40-11:30,269.73372190476175
2025-06-10,83,85,13:40-14:10,108.79232666666667
2025-06-10,89,90,14:40-15:00,93.97701095238051
2025-06-10,97,97,16:00-16:10,6.805154761904646
2025-06-10,100,101,16:30-16:50,37.75769380952369
2025-06-10,103,104,17:00-17:20,27.973230476190565
2025-06-10,110,111,18:10-18:30,77.33288047619054
2025-06-10,115,115,19:00-19:10,36.571199999999976
2025-06-10,118,119,19:30-19:50,34.86774380952363
2025-06-10,122,123,20:10-20:30,34.63683999999999
2025-06-10,125,127,20:40-21:10,42.89797000000012
2025-06-10,130,132,21:30-22:00,83.6433333333332
2025-06-10,136,137,22:30-22:50,65.4951766666668
2025-06-10,139,140,23:00-23:20,59.560573333333195
2025-06-10,143,144,23:40-24:00,28.624313333333248
2025-06-11,1,2,00:00-00:20,17.39291666666668
2025-06-11,6,6,00:50-01:00,6.089789999999994
2025-06-11,8,9,01:10-01:30,49.25069333333329
2025-06-11,12,13,01:50-02:10,57.17903666666655
2025-06-11,16,16,02:30-02:40,21.437209999999936
2025-06-11,19,20,03:00-03:20,11.978006666666623
2025-06-11,22,23,03:30-03:50,7.715403333333459
2025-06-11,25,29,04:00-04:50,25.380849999999604
2025-06-11,36,39,05:50-06:30,69.49936761904769
2025-06-11,42,44,06:50-07:20,36.685930000000326
2025-06-11,46,47,07:30-07:50,1.9439333333334048
2025-06-11,49,49,08:00-08:10,3.6283176190473796
2025-06-11,53,57,08:40-09:30,244.61603714285718
2025-06-11,60,65,09:50-10:50,301.6239521333315
2025-06-11,68,70,11:10-11:40,57.50854285714286
2025-06-11,77,78,12:40-13:00,120.53295333333324
2025-06-11,81,85,13:20-14:10,125.84104333333346
2025-06-11,88,92,14:30-15:20,105.18379095238095
2025-06-11,98,100,16:10-16:40,82.5213790476189
2025-06-11,103,104,17:00-17:20,70.69624333333303
2025-06-11,108,108,17:50-18:00,11.334446666666764
2025-06-11,111,111,18:20-18:30,19.17730476190502
2025-06-11,113,115,18:40-19:10,25.109879047618705
2025-06-11,121,122,20:00-20:20,19.596099523809535
2025-06-11,124,124,20:30-20:40,32.7474000000002
2025-06-11,127,129,21:00-21:30,44.43333333333305
2025-06-11,134,135,22:10-22:30,32.8525533333335
2025-06-11,139,141,23:00-23:30,81.54633333333311
2025-06-11,144,144,23:50-24:00,15.528240000000096
2025-06-12,3,4,00:20-00:40,68.6605933333334
2025-06-12,7,8,01:00-01:20,62.45115666666686
2025-06-12,10,11,01:30-01:50,22.458799999999997
2025-06-12,14,15,02:10-02:30,70.0479600000001
2025-06-12,18,18,02:50-03:00,64.37682999999981
2025-06-12,21,22,03:20-03:40,41.066045714285664
2025-06-12,28,28,04:30-04:40,6.971405714285769
2025-06-12,32,32,05:10-05:20,3.787664285714378
2025-06-12,36,36,05:50-06:00,42.2057304761903
2025-06-12,39,40,06:20-06:40,50.97906904761902
2025-06-12,43,45,07:00-07:30,85.53382142857117
2025-06-12,48,50,07:50-08:20,69.05746666666698
2025-06-12,55,57,09:00-09:30,23.33103571428569
2025-06-12,60,60,09:50-10:00,34.39358380952376
2025-06-12,62,63,10:10-10:30,69.58763714285737
2025-06-12,68,70,11:10-11:40,117.33615428571352
2025-06-12,78,78,12:50-13:00,4.455047619047491
2025-06-12,80,81,13:10-13:30,59.107924285714944
2025-06-12,87,88,14:20-14:40,176.4216004761904
2025-06-12,104,105,17:10-17:30,47.00789142857096
2025-06-12,109,110,18:00-18:20,23.159784285714423
2025-06-12,113,114,18:40-19:00,16.66131809523837
2025-06-12,117,117,19:20-19:30,9.361426666666603
2025-06-12,119,120,19:40-20:00,19.984073333333527
2025-06-12,124,125,20:30-20:50,68.56963476190455
2025-06-12,128,129,21:10-21:30,37.7350133333332
2025-06-12,132,132,21:50-22:00,3.0814133333333302
2025-06-12,134,135,22:10-22:30,91.70930333333354
2025-06-12,138,138,22:50-23:00,36.709326666666584
2025-06-12,141,142,23:20-23:40,60.43917999999985
2025-06-13,1,2,00:00-00:20,65.55545000000018
2025-06-13,6,6,00:50-01:00,3.6333199999999692
2025-06-13,8,10,01:10-01:40,67.89645666666667
2025-06-13,16,19,02:30-03:10,33.736039523809616
2025-06-13,22,23,03:30-03:50,30.25182333333334
2025-06-13,26,27,04:10-04:30,28.325096666666468
2025-06-13,30,30,04:50-05:00,2.4640519047619023
2025-06-13,33,35,05:20-05:50,30.94309380952396
2025-06-13,38,39,06:10-06:30,40.480841904761775
2025-06-13,41,42,06:40-07:00,34.34137095238111
2025-06-13,45,45,07:20-07:30,12.4597776190476
2025-06-13,47,50,07:40-08:20,156.08154380952374
2025-06-13,53,55,08:40-09:10,81.35734380952363
2025-06-13,58,58,09:30-09:40,21.625201904761752
2025-06-13,61,64,10:00-10:40,81.70568000000026
2025-06-13,68,68,11:10-11:20,37.426892857143
2025-06-13,72,72,11:50-12:00,101.15370666666672
2025-06-13,75,75,12:20-12:30,11.025963333333266
2025-06-13,97,97,16:00-16:10,7.9113542857141965
2025-06-13,100,100,16:30-16:40,6.275553333333221
2025-06-13,103,105,17:00-17:30,86.38733333333343
2025-06-13,110,114,18:10-19:00,59.307287619048076
2025-06-13,116,120,19:10-20:00,28.975236666666888
2025-06-13,124,125,20:30-20:50,78.88074047619061
2025-06-13,129,129,21:20-21:30,39.704196666666576
2025-06-13,132,135,21:50-22:30,60.637310000000184
2025-06-13,140,141,23:10-23:30,122.98854000000006
2025-06-13,144,144,23:50-24:00,52.68022666666661
2025-06-14,1,1,00:00-00:10,111.10918666666657
2025-06-14,5,6,00:40-01:00,24.87074333333328
2025-06-14,10,10,01:30-01:40,17.065729999999974
2025-06-14,13,14,02:00-02:20,78.8319866666667
2025-06-14,16,17,02:30-02:50,8.36852999999985
2025-06-14,21,23,03:20-03:50,30.68104000000008
2025-06-14,26,27,04:10-04:30,67.44890428571426
2025-06-14,30,30,04:50-05:00,1.3473723809522085
2025-06-14,32,33,05:10-05:30,52.231514761904705
2025-06-14,36,37,05:50-06:10,27.507830952380942
2025-06-14,40,42,06:30-07:00,40.29021428571423
2025-06-14,45,46,07:20-07:40,16.115336666666792
2025-06-14,52,53,08:30-08:50,36.45969952380938
2025-06-14,56,57,09:10-09:30,109.95368380952391
2025-06-14,60,61,09:50-10:10,50.716842380952585
2025-06-14,64,68,10:30-11:20,251.7092704761909
2025-06-14,70,70,11:30-11:40,3.17632047619054
2025-06-14,94,94,15:30-15:40,3.5876100587875044
2025-06-14,97,97,16:00-16:10,14.328157619047488
2025-06-14,100,101,16:30-16:50,46.33477089359269
2025-06-14,103,104,17:00-17:20,40.321577619047446
2025-06-14,107,108,17:40-18:00,3.830466190476102
2025-06-14,113,115,18:40-19:10,75.69956666666684
2025-06-14,120,122,19:50-20:20,60.90435666666656
2025-06-14,124,125,20:30-20:50,30.63021571428591
2025-06-14,130,133,21:30-22:10,112.20066666666696
2025-06-14,136,137,22:30-22:50,63.882159999999885
2025-06-14,141,142,23:20-23:40,74.46333000000004
2025-06-15,1,1,00:00-00:10,49.423216666666576
2025-06-15,9,10,01:20-01:40,38.98517000000004
2025-06-15,14,15,02:10-02:30,32.05504666666661
2025-06-15,36,36,05:50-06:00,3.746238095238027
2025-06-15,39,39,06:20-06:30,23.325155714285813
2025-06-15,44,46,07:10-07:40,78.52419619047589
2025-06-15,49,53,08:00-08:50,99.55721285714264
2025-06-15,55,55,09:00-09:10,24.011275238095322
2025-06-15,59,64,09:40-10:40,171.9310257142855
2025-06-15,68,69,11:10-11:30,50.444928095238765
2025-06-15,79,80,13:00-13:20,42.55466666666632
2025-06-15,84,86,13:50-14:20,82.3333395238094
2025-06-15,108,108,17:50-18:00,12.5955738095237
2025-06-15,110,112,18:10-18:40,62.1479971428574
2025-06-15,117,118,19:20-19:40,88.45674523809532
2025-06-15,121,122,20:00-20:20,40.90978238095236
2025-06-15,127,129,21:00-21:30,99.69500000000028
2025-06-15,133,133,22:00-22:10,8.866379999999936
2025-06-15,136,137,22:30-22:50,68.46054666666646
2025-06-15,141,142,23:20-23:40,25.699693333333244
2025-06-16,1,3,00:00-00:30,103.60800000000006
2025-06-16,7,8,01:00-01:20,41.92515999999989
2025-06-16,12,14,01:50-02:20,45.63263000000006
2025-06-16,16,16,02:30-02:40,11.001903333333189
2025-06-16,19,19,03:00-03:10,25.59477428571433
2025-06-16,22,22,03:30-03:40,62.54860047619048
2025-06-16,25,26,04:00-04:20,77.02571999999991
2025-06-16,29,32,04:40-05:20,40.26373285714268
2025-06-16,35,35,05:40-05:50,21.505610000000118
2025-06-16,39,39,06:20-06:30,13.800458571428294
2025-06-16,44,46,07:10-07:40,32.624159047619
2025-06-16,50,51,08:10-08:30,76.82142285714292
2025-06-16,53,54,08:40-09:00,50.34983857142845
2025-06-16,57,59,09:20-09:50,123.22962952380999
2025-06-16,65,66,10:40-11:00,13.915488571428568
2025-06-16,71,71,11:40-11:50,28.011789047619004
2025-06-16,83,86,13:40-14:20,146.20779380952405
2025-06-16,88,89,14:30-14:50,44.86391380952341
2025-06-16,108,108,17:50-18:00,38.01264571428581
2025-06-16,111,112,18:20-18:40,35.5550257142856
2025-06-16,115,116,19:00-19:20,48.631404761904946
2025-06-16,119,120,19:40-20:00,68.9950100000001
2025-06-16,124,125,20:30-20:50,78.98282000000015
2025-06-16,127,128,21:00-21:20,38.42042000000015
2025-06-16,132,132,21:50-22:00,7.931236666666791
2025-06-16,135,137,22:20-22:50,106.02840666666702
2025-06-16,142,143,23:30-23:50,49.15175666666653
2025-06-17,1,6,00:00-01:00,103.65133333333324
2025-06-17,9,9,01:20-01:30,27.899986666666905
2025-06-17,11,12,01:40-02:00,60.02844666666658
2025-06-17,15,15,02:20-02:30,22.023439999999937
2025-06-17,17,18,02:40-03:00,64.30635999999993
2025-06-17,21,22,03:20-03:40,20.81219999999998
2025-06-17,29,31,04:40-05:10,78.18980761904746
2025-06-17,37,38,06:00-06:20,59.06147523809523
2025-06-17,43,43,07:00-07:10,3.679229047619117
2025-06-17,47,48,07:40-08:00,88.25228380952387
2025-06-17,51,51,08:20-08:30,9.61200285714267
2025-06-17,54,55,08:50-09:10,14.666088571428986
2025-06-17,58,60,09:30-10:00,154.80805952380967
2025-06-17,62,64,10:10-10:40,125.58376238095195
2025-06-17,66,66,10:50-11:00,0.706961428571276
2025-06-17,69,70,11:20-11:40,124.1730990476193
2025-06-17,78,82,12:50-13:40,113.27052142857167
2025-06-17,86,87,14:10-14:30,101.5018090476193
2025-06-17,108,108,17:50-18:00,20.316563809523956
2025-06-17,110,111,18:10-18:30,73.01224619047588
2025-06-17,116,117,19:10-19:30,107.17258666666692
2025-06-17,120,120,19:50-20:00,45.944703333332995
2025-06-17,123,124,20:20-20:40,37.90670476190485
2025-06-17,127,128,21:00-21:20,78.54878333333329
2025-06-17,132,132,21:50-22:00,39.212736666666615
2025-06-17,135,136,22:20-22:40,35.734986666666146
2025-06-17,139,140,23:00-23:20,78.1564699999999
2025-06-17,144,144,23:50-24:00,6.837673333333214
2025-06-18,1,1,00:00-00:10,38.86542666666662
2025-06-18,3,3,00:20-00:30,1.497283333333371
2025-06-18,6,7,00:50-01:10,47.4039333333335
2025-06-18,11,12,01:40-02:00,40.95622666666645
2025-06-18,15,16,02:20-02:40,73.42629
2025-06-18,20,21,03:10-03:30,3.456726666666782
2025-06-18,37,38,06:00-06:20,89.46191380952416
2025-06-18,40,40,06:30-06:40,3.7848128571428106
2025-06-18,44,45,07:10-07:30,30.186536666666427
2025-06-18,50,53,08:10-08:50,85.56172190476184
2025-06-18,58,60,09:30-10:00,161.63120238095257
2025-06-18,63,63,10:20-10:30,43.95101761904766
2025-06-18,67,68,11:00-11:20,38.70674190476166
2025-06-18,71,72,11:40-12:00,97.80648190476086
2025-06-18,84,87,13:50-14:30,67.7434619047616
2025-06-18,101,101,16:40-16:50,4.9724814285713705
2025-06-18,107,107,17:40-17:50,43.56452999999988
2025-06-18,112,112,18:30-18:40,2.5395309523811207
2025-06-18,115,117,19:00-19:30,31.952833333333388
2025-06-18,119,120,19:40-20:00,54.27182666666681
2025-06-18,122,123,20:10-20:30,34.531763333333586
2025-06-18,126,129,20:50-21:30,114.71587285714327
2025-06-18,132,132,21:50-22:00,0.5379866666667112
2025-06-18,134,135,22:10-22:30,20.140103333333286
2025-06-18,137,138,22:40-23:00,17.02355333333344
2025-06-18,141,141,23:20-23:30,33.65135999999984
2025-06-18,144,144,23:50-24:00,14.06079666666676
2025-06-19,1,1,00:00-00:10,76.05183333333332
2025-06-19,4,5,00:30-00:50,59.129383333333294
2025-06-19,12,13,01:50-02:10,46.61524666666651
2025-06-19,21,21,03:20-03:30,2.9656866666665564
2025-06-19,26,26,04:10-04:20,9.623821428571318
2025-06-19,29,30,04:40-05:00,30.702835238095375
2025-06-19,33,33,05:20-05:30,12.395587142857039
2025-06-19,37,38,06:00-06:20,57.73719285714276
2025-06-19,43,48,07:00-08:00,78.37219047619072
2025-06-19,50,53,08:10-08:50,74.69216666666671
2025-06-19,57,58,09:20-09:40,44.923298571428404
2025-06-19,61,61,10:00-10:10,11.964310952381084
2025-06-19,66,66,10:50-11:00,0.2294476190475052
2025-06-19,68,69,11:10-11:30,66.24461476190459
2025-06-19,71,71,11:40-11:50,8.689658571429163
2025-06-19,84,84,13:50-14:00,46.011814761904816
2025-06-19,89,89,14:40-14:50,45.85247857142872
2025-06-19,107,107,17:40-17:50,9.06302952380932
2025-06-19,109,111,18:00-18:30,105.69107142857156
2025-06-19,115,117,19:00-19:30,111.34013095238089
2025-06-19,120,120,19:50-20:00,30.840619047618816
2025-06-19,123,126,20:20-21:00,84.8909933333334
2025-06-19,129,130,21:20-21:40,31.579300000000103
2025-06-19,134,135,22:10-22:30,15.361933333333127
2025-06-19,137,139,22:40-23:10,88.96649666666656
2025-06-19,143,144,23:40-24:00,139.38020666666648
2025-06-20,1,1,00:00-00:10,88.06463666666673
2025-06-20,4,5,00:30-00:50,56.62271666666686
2025-06-20,7,8,01:00-01:20,100.9770033333333
2025-06-20,10,10,01:30-01:40,0.17347333333327697
2025-06-20,13,14,02:00-02:20,64.93233666666669
2025-06-20,16,16,02:30-02:40,0.8587133333333554
2025-06-20,19,21,03:00-03:30,15.307999999999936
2025-06-20,23,24,03:40-04:00,17.567302380952583
2025-06-20,32,33,05:10-05:30,39.54806714285711
2025-06-20,37,37,06:00-06:10,32.13196523809526
2025-06-20,40,41,06:30-06:50,38.4296457142857
2025-06-20,45,45,07:20-07:30,8.417090952381045
2025-06-20,47,48,07:40-08:00,68.92493095238092
2025-06-20,53,54,08:40-09:00,65.06071999999995
2025-06-20,57,58,09:20-09:40,115.36476571428557
2025-06-20,62,63,10:10-10:30,6.4902300000001105
2025-06-20,65,66,10:40-11:00,22.129713333333484
2025-06-20,101,102,16:40-17:00,20.208995714285834
2025-06-20,108,109,17:50-18:10,61.8015257142859
2025-06-20,113,114,18:40-19:00,25.89064904761915
2025-06-20,116,117,19:10-19:30,64.86723666666649
2025-06-20,119,120,19:40-20:00,71.95022333333361
2025-06-20,124,126,20:30-21:00,79.0099999999999
2025-06-20,129,131,21:20-21:50,22.416566666666768
2025-06-20,135,138,22:20-23:00,52.88261000000011
2025-06-20,140,141,23:10-23:30,60.39099333333343
2025-06-20,144,144,23:50-24:00,12.849079999999958
2025-06-21,1,3,00:00-00:30,112.43200000000013
2025-06-21,6,6,00:50-01:00,20.62866000000008
2025-06-21,8,9,01:10-01:30,60.473473333333345
2025-06-21,12,13,01:50-02:10,23.91110666666691
2025-06-21,17,18,02:40-03:00,56.82231333333334
2025-06-21,21,21,03:20-03:30,1.1862966666668058
2025-06-21,24,25,03:50-04:10,25.290567142857128
2025-06-21,29,30,04:40-05:00,12.211286666666751
2025-06-21,33,37,05:20-06:10,66.41582571428567
2025-06-21,41,42,06:40-07:00,20.883872857142933
2025-06-21,49,52,08:00-08:40,93.5796585714287
2025-06-21,54,55,08:50-09:10,55.042180000000144
2025-06-21,60,62,09:50-10:20,28.354987619047506
2025-06-21,67,67,11:00-11:10,55.30083476190498
2025-06-21,111,115,18:20-19:10,125.44469095238075
2025-06-21,118,119,19:30-19:50,48.23351285714307
2025-06-21,121,123,20:00-20:30,107.28900000000033
2025-06-21,127,130,21:00-21:40,102.76957999999979
2025-06-21,132,135,21:50-22:30,28.802023333333295
2025-06-21,142,142,23:30-23:40,15.473266666666632
2025-06-22,1,2,00:00-00:20,88.56132666666656
2025-06-22,5,7,00:40-01:10,77.9839466666665
2025-06-22,13,13,02:00-02:10,31.49418999999989
2025-06-22,16,17,02:30-02:50,105.55792666666662
2025-06-22,21,22,03:20-03:40,13.45028362139501
2025-06-22,38,40,06:10-06:40,46.604398095237855
2025-06-22,43,43,07:00-07:10,44.16460047619046
2025-06-22,46,47,07:30-07:50,48.21369857142838
2025-06-22,55,58,09:00-09:40,147.24581142857164
2025-06-22,62,63,10:10-10:30,54.87697666666668
2025-06-22,65,66,10:40-11:00,78.83423095238118
2025-06-22,68,69,11:10-11:30,98.88570000000027
2025-06-22,80,80,13:10-13:20,15.200756190476227
2025-06-22,85,86,14:00-14:20,105.0828566666662
2025-06-22,89,89,14:40-14:50,13.734443333333047
2025-06-22,109,109,18:00-18:10,10.712147619047386
2025-06-22,114,114,18:50-19:00,7.090842857143002
2025-06-22,116,117,19:10-19:30,32.585976666666795
2025-06-22,123,125,20:20-20:50,53.55968523809559
2025-06-22,127,127,21:00-21:10,8.36514666666676
2025-06-22,130,131,21:30-21:50,20.24743000000001
2025-06-22,135,137,22:20-22:50,96.5788599999994
2025-06-22,141,143,23:20-23:50,51.94811333333348
2025-06-23,1,3,00:00-00:30,53.3716666666669
2025-06-23,6,6,00:50-01:00,3.5166100000000142
2025-06-23,9,9,01:20-01:30,12.636983333333319
2025-06-23,15,15,02:20-02:30,6.815333333333342
2025-06-23,21,21,03:20-03:30,12.307000000000016
2025-06-23,23,24,03:40-04:00,17.14848857142863
2025-06-23,26,27,04:10-04:30,32.614424285714335
2025-06-23,30,30,04:50-05:00,34.072011904761986
2025-06-23,36,37,05:50-06:10,54.19701333333296
2025-06-23,40,41,06:30-06:50,57.09746380952396
2025-06-23,45,47,07:20-07:50,67.88881904761922
2025-06-23,50,51,08:10-08:30,51.98451285714293
2025-06-23,54,54,08:50-09:00,6.670128571428336
2025-06-23,57,57,09:20-09:30,11.750224285714353
2025-06-23,61,61,10:00-10:10,43.97311238095199
2025-06-23,65,66,10:40-11:00,127.63546047619025
2025-06-23,83,85,13:40-14:10,92.89962285714262
2025-06-23,88,88,14:30-14:40,24.10530380952389
2025-06-23,109,111,18:00-18:30,36.50427380952371
2025-06-23,115,117,19:00-19:30,67.06336904761918
2025-06-23,119,120,19:40-20:00,42.07776999999999
2025-06-23,123,125,20:20-20:50,73.19259095238101
2025-06-23,129,130,21:20-21:40,31.285873333333484
2025-06-23,133,134,22:00-22:20,36.89137666666636
2025-06-23,139,140,23:00-23:20,22.3433133333333
2025-06-23,144,144,23:50-24:00,8.188856666666766
2025-06-24,1,1,00:00-00:10,9.487160000000017
2025-06-24,3,4,00:20-00:40,30.197106666666627
2025-06-24,7,9,01:00-01:30,62.1930000000001
2025-06-24,11,12,01:40-02:00,29.632963333333464
2025-06-24,16,18,02:30-03:00,62.499666666666485
2025-06-24,21,21,03:20-03:30,3.342333333333272
2025-06-24,31,31,05:00-05:10,5.518146190476298
2025-06-24,35,36,05:40-06:00,20.371604285714284
2025-06-24,39,42,06:20-07:00,67.19227380952384
2025-06-24,44,49,07:10-08:10,132.99929476190488
2025-06-24,52,53,08:30-08:50,66.37246619047642
2025-06-24,55,57,09:00-09:30,60.789928571428504
2025-06-24,59,65,09:40-10:50,939.9843683714279
2025-06-24,67,67,11:00-11:10,13.58037714285706
2025-06-24,72,74,11:50-12:20,93.1384876190474
2025-06-24,79,82,13:00-13:40,141.50427523809515
2025-06-24,86,87,14:10-14:30,101.65044571428587
2025-06-24,89,91,14:40-15:10,36.29134571428597
2025-06-24,97,99,16:00-16:30,59.21365476190539
2025-06-24,102,105,16:50-17:30,83.18493714285691
2025-06-24,108,108,17:50-18:00,26.365620952380823
2025-06-24,112,117,18:30-19:30,62.36467857142881
2025-06-24,120,122,19:50-20:20,67.92152380952376
2025-06-24,124,125,20:30-20:50,79.29119380952403
2025-06-24,127,128,21:00-21:20,28.495276666666655
2025-06-24,132,133,21:50-22:10,44.058236666666744
2025-06-24,136,137,22:30-22:50,51.196556666666766
2025-06-24,140,141,23:10-23:30,69.19600333333369
2025-06-24,144,144,23:50-24:00,64.51321999999993
2025-06-25,1,1,00:00-00:10,40.54164666666668
2025-06-25,4,6,00:30-01:00,40.42599999999982
2025-06-25,9,10,01:20-01:40,67.62549666666655
2025-06-25,13,14,02:00-02:20,31.576633333333348
2025-06-25,38,40,06:10-06:40,84.41628952380972
2025-06-25,44,46,07:10-07:40,35.12439285714288
2025-06-25,49,50,08:00-08:20,32.27161047619086
2025-06-25,52,53,08:30-08:50,38.45709571428563
2025-06-25,56,57,09:10-09:30,69.82056714285739
2025-06-25,59,61,09:40-10:10,106.89557428571493
2025-06-25,64,65,10:30-10:50,166.58761428571427
2025-06-25,68,68,11:10-11:20,18.06152761904775
2025-06-25,77,78,12:40-13:00,7.366816302169809
2025-06-25,84,84,13:50-14:00,86.32794809523796
2025-06-25,86,88,14:10-14:40,204.7144085714284
2025-06-25,108,109,17:50-18:10,44.12718602586722
2025-06-25,112,113,18:30-18:50,41.545562380952454
2025-06-25,119,121,19:40-20:10,72.391793333333
2025-06-25,126,126,20:50-21:00,10.829793333333555
2025-06-25,129,132,21:20-22:00,89.53531999999984
2025-06-25,136,137,22:30-22:50,64.12313333333327
2025-06-25,141,142,23:20-23:40,55.85498666666672
2025-06-26,1,2,00:00-00:20,57.322136666666665
2025-06-26,4,7,00:30-01:10,26.446346666666614
2025-06-26,10,11,01:30-01:50,57.7912533333332
2025-06-26,36,39,05:50-06:30,59.37693666666655
2025-06-26,41,43,06:40-07:10,27.816417619047684
2025-06-26,50,51,08:10-08:30,92.18420619047606
2025-06-26,53,55,08:40-09:10,56.999966666666865
2025-06-26,58,59,09:30-09:50,52.31609809523775
2025-06-26,61,62,10:00-10:20,47.032102380952324
2025-06-26,65,66,10:40-11:00,60.839304285714434
2025-06-26,79,79,13:00-13:10,0.45184238095203
2025-06-26,85,85,14:00-14:10,41.356002380952305
2025-06-26,88,89,14:30-14:50,97.1160542857142
2025-06-26,108,108,17:50-18:00,2.098934597295738
2025-06-26,112,112,18:30-18:40,6.581016407995399
2025-06-26,114,115,18:50-19:10,57.17029666666656
2025-06-26,118,119,19:30-19:50,51.84103809523833
2025-06-26,121,122,20:00-20:20,10.482232857143078
2025-06-26,124,124,20:30-20:40,20.720676666666805
2025-06-26,127,129,21:00-21:30,114.20733333333328
2025-06-26,134,135,22:10-22:30,19.025026666666577
2025-06-26,137,138,22:40-23:00,52.05483666666669
2025-06-26,142,143,23:30-23:50,64.07087333333334
2025-06-27,1,2,00:00-00:20,87.47687666666661
2025-06-27,8,9,01:10-01:30,66.36516666666665
2025-06-27,12,13,01:50-02:10,41.12304000000006
2025-06-27,15,15,02:20-02:30,4.6756933333332995
2025-06-27,19,19,03:00-03:10,11.559195714285579
2025-06-27,22,24,03:30-04:00,58.87066666666652
2025-06-27,27,28,04:20-04:40,50.877263333333474
2025-06-27,31,31,05:00-05:10,0.4707533333333451
2025-06-27,34,35,05:30-05:50,22.1493109523809
2025-06-27,37,38,06:00-06:20,15.612030000000146
2025-06-27,43,44,07:00-07:20,40.29459857142865
2025-06-27,47,49,07:40-08:10,66.00291714285709
2025-06-27,54,57,08:50-09:30,111.1493219047619
2025-06-27,60,60,09:50-10:00,6.779647142856902
2025-06-27,68,68,11:10-11:20,14.403423809523929
2025-06-27,110,111,18:10-18:30,63.68213047619042
2025-06-27,114,114,18:50-19:00,64.91789619047597
2025-06-27,118,120,19:30-20:00,56.66266666666672
2025-06-27,124,124,20:30-20:40,15.00045
2025-06-27,128,129,21:10-21:30,154.1825366666668
2025-06-27,133,133,22:00-22:10,2.442072175191697
2025-06-27,135,136,22:20-22:40,45.157379999999876
2025-06-27,139,140,23:00-23:20,51.6706333333334
2025-06-27,142,143,23:30-23:50,44.7277466666668
2025-06-28,2,3,00:10-00:30,39.74271666666664
2025-06-28,5,6,00:40-01:00,42.952650000000176
2025-06-28,9,9,01:20-01:30,4.361746666666477
2025-06-28,11,12,01:40-02:00,35.109713333333275
2025-06-28,15,15,02:20-02:30,11.205030000000079
2025-06-28,18,20,02:50-03:20,56.159056666666686
2025-06-28,22,22,03:30-03:40,7.782946190476181
2025-06-28,25,25,04:00-04:10,2.217715238095195
2025-06-28,28,29,04:30-04:50,69.20992999999993
2025-06-28,33,33,05:20-05:30,30.623296666666647
2025-06-28,35,36,05:40-06:00,40.84493999999995
2025-06-28,39,42,06:20-07:00,66.88192619047621
2025-06-28,45,47,07:20-07:50,84.94654142857172
2025-06-28,50,51,08:10-08:30,28.938246190475866
2025-06-28,53,54,08:40-09:00,74.13470000000018
2025-06-28,58,58,09:30-09:40,62.97945190476207
2025-06-28,61,62,10:00-10:20,34.6981804761906
2025-06-28,66,66,10:50-11:00,42.71043857142831
2025-06-28,69,69,11:20-11:30,38.32273999999984
2025-06-28,95,95,15:40-15:50,4.881665238095366
2025-06-28,99,99,16:20-16:30,28.403350229276782
2025-06-28,102,102,16:50-17:00,0.4173985714284072
2025-06-28,109,109,18:00-18:10,17.46196320952228
2025-06-28,114,114,18:50-19:00,35.750365238095355
2025-06-28,119,120,19:40-20:00,73.34328666666636
2025-06-28,124,127,20:30-21:10,106.25559666666683
2025-06-28,130,133,21:30-22:10,69.39488000000017
2025-06-28,137,138,22:40-23:00,69.91020333333336
2025-06-28,140,141,23:10-23:30,63.21955000000003
2025-06-28,144,144,23:50-24:00,44.11858333333328
2025-06-29,1,1,00:00-00:10,26.21159666666665
2025-06-29,3,4,00:20-00:40,29.127473333333455
2025-06-29,15,16,02:20-02:40,14.854060000000118
2025-06-29,24,27,03:50-04:30,25.43508666666674
2025-06-29,31,31,05:00-05:10,5.818553333333366
2025-06-29,37,38,06:00-06:20,5.9674652380954285
2025-06-29,41,43,06:40-07:10,83.2794061904761
2025-06-29,45,46,07:20-07:40,3.8348266666668565
2025-06-29,50,51,08:10-08:30,83.43840095238079
2025-06-29,54,54,08:50-09:00,5.979121904761882
2025-06-29,56,58,09:10-09:40,123.95356285714286
2025-06-29,61,61,10:00-10:10,10.660930000000121
2025-06-29,64,66,10:30-11:00,74.56236904761931
2025-06-29,68,71,11:10-11:50,202.8298204761909
2025-06-29,73,74,12:00-12:20,26.079356885938978
2025-06-29,87,87,14:20-14:30,15.018147619047681
2025-06-29,89,89,14:40-14:50,53.5615723809525
2025-06-29,109,111,18:00-18:30,67.56124149911724
2025-06-29,114,115,18:50-19:10,31.12523047619061
2025-06-29,118,120,19:30-20:00,65.97433333333333
2025-06-29,123,123,20:20-20:30,2.6303323809523818
2025-06-29,126,129,20:50-21:30,48.65758904761924
2025-06-29,131,132,21:40-22:00,25.249286666666535
2025-06-29,135,136,22:20-22:40,42.00806999999986
2025-06-29,139,140,23:00-23:20,85.22408333333351
2025-06-29,143,143,23:40-23:50,10.861033333333353
2025-06-30,18,18,02:50-03:00,14.08400000000006
2025-06-30,24,24,03:50-04:00,13.390913333333174
2025-06-30,28,28,04:30-04:40,24.537184285714183
2025-06-30,32,33,05:10-05:30,15.232561522631798
2025-06-30,36,38,05:50-06:20,55.695094761905125
2025-06-30,41,43,06:40-07:10,142.66791523809508
2025-06-30,51,54,08:20-09:00,47.81224666666685
2025-06-30,58,63,09:30-10:30,263.1020833333332
2025-06-30,71,72,11:40-12:00,126.96150095238045
2025-06-30,84,84,13:50-14:00,12.893749999999955
2025-06-30,87,89,14:20-14:50,189.88057238095246
2025-06-30,109,109,18:00-18:10,41.57216470299929
2025-06-30,114,114,18:50-19:00,56.96324904761934
2025-06-30,117,118,19:20-19:40,78.51181476190516
2025-06-30,121,124,20:00-20:40,73.40379999999996
2025-06-30,127,129,21:00-21:30,41.90699999999981
2025-06-30,134,135,22:10-22:30,58.97194999999999
2025-06-30,138,138,22:50-23:00,17.775983333333443
2025-06-30,141,144,23:20-24:00,176.32372666666674
2025-07-01,1,1,00:00-00:10,153.62513666666655
2025-07-01,3,3,00:20-00:30,4.234490000000051
2025-07-01,6,6,00:50-01:00,26.167383333333532
2025-07-01,8,10,01:10-01:40,56.21611999999982
2025-07-01,13,13,02:00-02:10,38.58288333333326
2025-07-01,16,17,02:30-02:50,39.23151333333328
2025-07-01,19,20,03:00-03:20,87.20092
2025-07-01,23,25,03:40-04:10,70.83951714285735
2025-07-01,28,29,04:30-04:50,16.398833333333073
2025-07-01,33,34,05:20-05:40,37.5605290476192
2025-07-01,37,37,06:00-06:10,19.703093333333186
2025-07-01,40,41,06:30-06:50,92.88338190476185
2025-07-01,44,45,07:10-07:30,83.75240190476177
2025-07-01,48,48,07:50-08:00,13.344833809523834
2025-07-01,51,54,08:20-09:00,62.72818047619057
2025-07-01,58,60,09:30-10:00,141.7034642857144
2025-07-01,63,71,10:20-11:50,188.3903085714294
2025-07-01,77,80,12:40-13:20,95.70789523809572
2025-07-01,83,84,13:40-14:00,101.28958142857141
2025-07-01,87,87,14:20-14:30,51.65461619047619
2025-07-01,89,90,14:40-15:00,62.2345861904754
2025-07-01,101,101,16:40-16:50,12.276763690476173
2025-07-01,107,107,17:40-17:50,10.50659380952402
2025-07-01,110,112,18:10-18:40,95.72946904761884
2025-07-01,115,116,19:00-19:20,32.55360190476193
2025-07-01,118,120,19:30-20:00,46.600333333333424
2025-07-01,126,127,20:50-21:10,49.75129142857145
2025-07-01,130,130,21:30-21:40,50.02163666666661
2025-07-01,133,136,22:00-22:40,67.38094333333333
2025-07-01,139,140,23:00-23:20,69.2454133333332
2025-07-01,142,144,23:30-24:00,28.87866666666673
2025-07-02,1,1,00:00-00:10,56.64801666666676
2025-07-02,4,6,00:30-01:00,40.99733333333347
2025-07-02,9,11,01:20-01:50,74.64270666666653
2025-07-02,18,19,02:50-03:10,28.31640476190482
2025-07-02,22,23,03:30-03:50,65.70874333333354
2025-07-02,25,26,04:00-04:20,19.50282333333348
2025-07-02,30,31,04:50-05:10,55.938121904762355
2025-07-02,33,35,05:20-05:50,69.3038609523808
2025-07-02,40,41,06:30-06:50,41.68701428571427
2025-07-02,43,44,07:00-07:20,58.25247000000007
2025-07-02,48,48,07:50-08:00,40.08857571428575
2025-07-02,53,54,08:40-09:00,43.01597857142849
2025-07-02,57,58,09:20-09:40,74.28474142857112
2025-07-02,61,63,10:00-10:30,87.09445238095259
2025-07-02,68,69,11:10-11:30,59.112018095238454
2025-07-02,86,86,14:10-14:20,20.28865000000019
2025-07-02,97,97,16:00-16:10,13.053662380952119
2025-07-02,100,101,16:30-16:50,50.6580480952386
2025-07-02,104,104,17:10-17:20,12.924533809523894
2025-07-02,108,110,17:50-18:20,87.11384142857125
2025-07-02,113,116,18:40-19:20,101.5111866666667
2025-07-02,119,121,19:40-20:10,134.23373333333336
2025-07-02,123,126,20:20-21:00,36.757506190476036
2025-07-02,130,130,21:30-21:40,26.726330000000075
2025-07-02,133,134,22:00-22:20,111.92842666666706
2025-07-02,136,137,22:30-22:50,66.37599
2025-07-02,140,141,23:10-23:30,54.67982333333316
2025-07-02,144,144,23:50-24:00,12.13870333333341
2025-07-03,1,2,00:00-00:20,89.11341666666658
2025-07-03,6,7,00:50-01:10,11.331176666666465
2025-07-03,9,10,01:20-01:40,44.238863333333484
2025-07-03,13,15,02:00-02:30,100.3180000000001
2025-07-03,19,20,03:00-03:20,4.804550000000106
2025-07-03,22,23,03:30-03:50,46.57037666666646
2025-07-03,25,25,04:00-04:10,0.8145980952383098
2025-07-03,29,34,04:40-05:40,202.9020264666696
2025-07-03,42,48,06:50-08:00,237.92846380952386
2025-07-03,54,68,08:50-11:20,818.4294927666654
2025-07-03,70,71,11:30-11:50,67.61836285714253
2025-07-03,79,84,13:00-14:00,167.00335714285688
2025-07-03,86,87,14:10-14:30,7.910386666666568
2025-07-03,90,93,14:50-15:30,32.87940714285753
2025-07-03,96,98,15:50-16:20,66.00208333333376
2025-07-03,101,102,16:40-17:00,24.73776523809545
2025-07-03,105,114,17:20-19:00,651.5985590481389
2025-07-03,116,120,19:10-20:00,566.6151385714284
2025-07-03,122,125,20:10-20:50,629.3007594857141
2025-07-03,127,133,21:00-22:10,463.4315730390953
2025-07-03,137,139,22:40-23:10,30.59373000000005
2025-07-03,144,144,23:50-24:00,24.320179999999937
2025-07-04,1,1,00:00-00:10,130.04836999999998
2025-07-04,4,6,00:30-01:00,108.73300000000006
2025-07-04,10,10,01:30-01:40,19.21086666666656
2025-07-04,13,14,02:00-02:20,58.050096666666605
2025-07-04,16,16,02:30-02:40,6.694749999999999
2025-07-04,21,37,03:20-06:10,1788.452423385714
2025-07-04,40,44,06:30-07:20,541.8354604761897
2025-07-04,46,51,07:30-08:30,124.51559523809522
2025-07-04,54,54,08:50-09:00,4.316384761904715
2025-07-04,57,57,09:20-09:30,7.590635714285781
2025-07-04,61,62,10:00-10:20,81.53264095238092
2025-07-04,96,96,15:50-16:00,9.388123809523982
2025-07-04,100,101,16:30-16:50,81.572852857143
2025-07-04,103,105,17:00-17:30,51.88180952380918
2025-07-04,107,108,17:40-18:00,41.3300500000002
2025-07-04,111,113,18:20-18:50,100.46397666666688
2025-07-04,118,120,19:30-20:00,92.62300000000016
2025-07-04,123,131,20:20-21:50,426.65217059311874
2025-07-04,134,135,22:10-22:30,87.7158900000004
2025-07-04,138,138,22:50-23:00,13.407713333333277
2025-07-04,141,141,23:20-23:30,29.25870666666674
2025-07-04,144,144,23:50-24:00,8.768703333333292
2025-07-05,1,3,00:00-00:30,165.43533333333346
2025-07-05,6,6,00:50-01:00,19.51615333333325
2025-07-05,8,9,01:10-01:30,26.398820000000228
2025-07-05,12,14,01:50-02:20,86.27595333333318
2025-07-05,17,19,02:40-03:10,88.16032809523804
2025-07-05,22,45,03:30-07:30,2163.8290840523805
2025-07-05,51,51,08:20-08:30,20.84253523809525
2025-07-05,56,58,09:10-09:40,55.26654857142853
2025-07-05,61,62,10:00-10:20,100.53714857142859
2025-07-05,64,66,10:30-11:00,142.0364166666668
2025-07-05,68,69,11:10-11:30,112.31987428571438
2025-07-05,95,96,15:40-16:00,57.781249047618985
2025-07-05,98,99,16:10-16:30,107.9306200000002
2025-07-05,102,104,16:50-17:20,79.94370380952392
2025-07-05,107,108,17:40-18:00,51.464289047619104
2025-07-05,116,119,19:10-19:50,69.88621999999987
2025-07-05,122,131,20:10-21:50,898.2588461637824
2025-07-05,133,134,22:00-22:20,59.20131333333313
2025-07-05,137,141,22:40-23:30,67.28638333333367
2025-07-06,1,1,00:00-00:10,76.16618333333327
2025-07-06,3,3,00:20-00:30,28.926469999999995
2025-07-06,6,7,00:50-01:10,27.79023333333305
2025-07-06,10,10,01:30-01:40,22.22879666666654
2025-07-06,13,13,02:00-02:10,71.65603666666664
2025-07-06,16,17,02:30-02:50,96.24423666666655
2025-07-06,20,20,03:10-03:20,11.008938571428416
2025-07-06,23,24,03:40-04:00,116.24400809523809
2025-07-06,27,28,04:20-04:40,76.83866380952388
2025-07-06,31,32,05:00-05:20,40.95671380952385
2025-07-06,34,35,05:30-05:50,23.43296190476208
2025-07-06,37,38,06:00-06:20,18.08671619047618
2025-07-06,42,42,06:50-07:00,0.30173666666655663
2025-07-06,47,49,07:40-08:10,118.9982157142856
2025-07-06,52,52,08:30-08:40,6.363845238094996
2025-07-06,54,61,08:50-10:10,721.1199051181826
2025-07-06,64,67,10:30-11:10,99.28636190476163
2025-07-06,73,75,12:00-12:30,172.7121666666667
2025-07-06,77,78,12:40-13:00,101.07852904761921
2025-07-06,81,84,13:20-14:00,90.8500814285718
2025-07-06,87,89,14:20-14:50,494.52293809523826
2025-07-06,92,98,15:10-16:20,569.8648983476191
2025-07-06,100,104,16:30-17:20,288.54520691357885
2025-07-06,106,114,17:30-19:00,1619.6578371604949
2025-07-06,116,126,19:10-21:00,1762.6544326603562
2025-07-06,128,129,21:10-21:30,22.812966666666625
2025-07-06,131,133,21:40-22:10,103.30425000000002
2025-07-06,136,137,22:30-22:50,21.403713333333258
2025-07-06,140,141,23:10-23:30,115.87649666666653
2025-07-06,144,144,23:50-24:00,40.408879999999954
2025-07-07,1,1,00:00-00:10,73.58202000000006
2025-07-07,3,4,00:20-00:40,87.38906666666651
2025-07-07,6,6,00:50-01:00,1.831313333333469
2025-07-07,10,11,01:30-01:50,66.32361666666657
2025-07-07,13,13,02:00-02:10,50.10896333333312
2025-07-07,16,17,02:30-02:50,34.84721999999999
2025-07-07,20,21,03:10-03:30,19.70578952380947
2025-07-07,25,26,04:00-04:20,83.3587466666668
2025-07-07,29,30,04:40-05:00,43.04461476190477
2025-07-07,34,34,05:30-05:40,19.896942380952183
2025-07-07,37,38,06:00-06:20,52.29625761904754
2025-07-07,43,43,07:00-07:10,19.910049523809676
2025-07-07,49,50,08:00-08:20,122.90416428571427
2025-07-07,55,55,09:00-09:10,37.196108571428795
2025-07-07,58,59,09:30-09:50,96.34135476190477
2025-07-07,62,65,10:10-10:50,187.6726561904759
2025-07-07,69,70,11:20-11:40,34.40788809523815
2025-07-07,73,74,12:00-12:20,45.86114285714257
2025-07-07,76,78,12:30-13:00,145.7166309523816
2025-07-07,82,82,13:30-13:40,48.31303047619076
2025-07-07,88,91,14:30-15:10,126.50052095238141
2025-07-07,94,96,15:30-16:00,63.05421428571435
2025-07-07,98,99,16:10-16:30,87.3859828571425
2025-07-07,102,103,16:50-17:10,37.360890000000325
2025-07-07,107,111,17:40-18:30,70.1156185714289
2025-07-07,114,115,18:50-19:10,45.81511000000012
2025-07-07,118,119,19:30-19:50,119.32320761904771
2025-07-07,122,124,20:10-20:40,28.75887333333351
2025-07-07,127,127,21:00-21:10,9.696060000000102
2025-07-07,130,131,21:30-21:50,55.55882000000008
2025-07-07,134,135,22:10-22:30,118.92800999999997
2025-07-07,139,140,23:00-23:20,51.71709999999996
2025-07-07,142,143,23:30-23:50,13.995513333333179
2025-07-08,1,1,00:00-00:10,44.485360000000014
2025-07-08,3,4,00:20-00:40,70.68985666666686
2025-07-08,7,8,01:00-01:20,36.57018333333315
2025-07-08,10,10,01:30-01:40,24.159289999999828
2025-07-08,13,13,02:00-02:10,23.72050666666655
2025-07-08,16,18,02:30-03:00,144.24366666666697
2025-07-08,21,21,03:20-03:30,20.412070000000085
2025-07-08,23,24,03:40-04:00,26.58826047619027
2025-07-08,26,27,04:10-04:30,50.08487380952408
2025-07-08,29,30,04:40-05:00,71.59143285714288
2025-07-08,33,34,05:20-05:40,63.711743333333196
2025-07-08,37,38,06:00-06:20,45.159895238095146
2025-07-08,40,41,06:30-06:50,34.186700476190424
2025-07-08,43,45,07:00-07:30,49.35746428571417
2025-07-08,49,51,08:00-08:30,47.45659523809502
2025-07-08,53,62,08:40-10:20,970.8344333333329
2025-07-08,67,69,11:00-11:30,127.07024999999999
2025-07-08,76,77,12:30-12:50,96.32180428571473
2025-07-08,81,87,13:20-14:30,278.8587419047618
2025-07-08,90,91,14:50-15:10,32.790452380952274
2025-07-08,94,96,15:30-16:00,118.93625000000031
2025-07-08,102,103,16:50-17:10,59.53157952380974
2025-07-08,106,107,17:30-17:50,79.97248761904768
2025-07-08,110,111,18:10-18:30,32.41321380952381
2025-07-08,113,114,18:40-19:00,80.54214492068871
2025-07-08,116,120,19:10-20:00,509.43721853897466
2025-07-08,122,125,20:10-20:50,468.95502091428534
2025-07-08,127,129,21:00-21:30,86.18499999999995
2025-07-08,134,135,22:10-22:30,44.6485633333333
2025-07-08,138,138,22:50-23:00,10.740616666666256
2025-07-08,142,143,23:30-23:50,86.71170333333339
2025-07-09,1,3,00:00-00:30,87.61033333333364
2025-07-09,5,7,00:40-01:10,36.07351666666693
2025-07-09,10,11,01:30-01:50,18.587370000000305
2025-07-09,14,15,02:10-02:30,46.08310666666637
2025-07-09,17,18,02:40-03:00,77.83402666666689
2025-07-09,21,24,03:20-04:00,33.18730666666664
2025-07-09,28,28,04:30-04:40,18.194585714285797
2025-07-09,31,32,05:00-05:20,38.50637571428578
2025-07-09,34,34,05:30-05:40,34.332424285714225
2025-07-09,37,38,06:00-06:20,58.680229999999824
2025-07-09,40,41,06:30-06:50,21.168673809524023
2025-07-09,46,48,07:30-08:00,54.230071428571364
2025-07-09,54,56,08:50-09:20,41.92423838454273
2025-07-09,58,59,09:30-09:50,100.7255914285713
2025-07-09,61,66,10:00-11:00,253.85719047619068
2025-07-09,70,71,11:30-11:50,140.02553714285705
2025-07-09,75,77,12:20-12:50,87.20537095238046
2025-07-09,80,81,13:10-13:30,33.16368047619085
2025-07-09,85,86,14:00-14:20,140.534107142857
2025-07-09,89,89,14:40-14:50,0.23388999999997395
2025-07-09,93,96,15:20-16:00,110.44955714285754
2025-07-09,98,99,16:10-16:30,125.30464714285733
2025-07-09,102,102,16:50-17:00,19.594677619048014
2025-07-09,105,106,17:20-17:40,136.36904666666663
2025-07-09,109,110,18:00-18:20,53.87380523809536
2025-07-09,116,117,19:10-19:30,115.63824666666625
2025-07-09,120,120,19:50-20:00,115.00475971128401
2025-07-09,122,126,20:10-21:00,409.14667043809504
2025-07-09,129,130,21:20-21:40,21.47212973333321
2025-07-09,132,134,21:50-22:20,83.25271333333342
2025-07-09,138,141,22:50-23:30,94.69438666666679
2025-07-10,1,3,00:00-00:30,125.30269564273158
2025-07-10,6,6,00:50-01:00,71.94561666666641
2025-07-10,10,13,01:30-02:10,124.8226199999998
2025-07-10,16,17,02:30-02:50,73.4560466666668
2025-07-10,20,21,03:10-03:30,45.42823333333308
2025-07-10,25,27,04:00-04:30,147.275
2025-07-10,31,31,05:00-05:10,37.71243666666665
2025-07-10,34,35,05:30-05:50,8.843928439256473
2025-07-10,38,40,06:10-06:40,67.0663966666661
2025-07-10,43,44,07:00-07:20,79.53232619047617
2025-07-10,46,46,07:30-07:40,22.655806666666535
2025-07-10,49,50,08:00-08:20,38.06669761904766
2025-07-10,53,54,08:40-09:00,116.14800333333346
2025-07-10,57,58,09:20-09:40,64.84961714285669
2025-07-10,61,61,10:00-10:10,21.099417619047472
2025-07-10,64,64,10:30-10:40,6.220136666666576
2025-07-10,68,68,11:10-11:20,73.62757761904732
2025-07-10,72,76,11:50-12:40,184.9023876190472
2025-07-10,82,86,13:30-14:20,142.7916790476197
2025-07-10,89,91,14:40-15:10,101.06912761904789
2025-07-10,94,95,15:30-15:50,72.62469571428579
2025-07-10,100,101,16:30-16:50,41.31804428571479
2025-07-10,103,104,17:00-17:20,34.393947142857144
2025-07-10,108,108,17:50-18:00,14.2663257142857
2025-07-10,113,114,18:40-19:00,93.16408571428593
2025-07-10,117,117,19:20-19:30,28.4136542857143
2025-07-10,120,120,19:50-20:00,16.663587142856954
2025-07-10,122,123,20:10-20:30,92.60512000000023
2025-07-10,126,126,20:50-21:00,52.684688571428865
2025-07-10,129,129,21:20-21:30,39.0787633333332
2025-07-10,131,133,21:40-22:10,83.62080999999989
2025-07-10,136,137,22:30-22:50,90.68943999999999
2025-07-10,139,139,23:00-23:10,7.12035666666668
2025-07-11,1,2,00:00-00:20,75.15895333333333
2025-07-11,4,7,00:30-01:10,29.166363333333493
2025-07-11,10,14,01:30-02:20,37.291636666666705
2025-07-11,19,21,03:00-03:30,84.39833333333341
2025-07-11,24,26,03:50-04:20,75.12992666666662
2025-07-11,30,31,04:50-05:10,89.05911238095229
2025-07-11,34,36,05:30-06:00,47.505869047618944
2025-07-11,38,40,06:10-06:40,60.51451190476206
2025-07-11,43,46,07:00-07:40,119.31811352856971
2025-07-11,49,54,08:00-09:00,138.83096428571423
2025-07-11,56,56,09:10-09:20,0.8771552380954972
2025-07-11,59,60,09:40-10:00,117.53412380952363
2025-07-11,62,63,10:10-10:30,113.82670571428548
2025-07-11,67,71,11:00-11:50,73.00335047619069
2025-07-11,99,100,16:20-16:40,15.496426700000711
2025-07-11,107,108,17:40-18:00,46.87210904761909
2025-07-11,111,115,18:20-19:10,43.64676333333351
2025-07-11,118,119,19:30-19:50,57.93061952380958
2025-07-11,123,126,20:20-21:00,106.10444476190472
2025-07-11,132,133,21:50-22:10,38.238793333333206
2025-07-11,136,137,22:30-22:50,25.033166666666602
2025-07-11,141,144,23:20-24:00,68.71301666666704
2025-07-12,1,1,00:00-00:10,88.79773666666676
2025-07-12,3,4,00:20-00:40,41.119220000000155
2025-07-12,8,9,01:10-01:30,67.15502000000026
2025-07-12,12,12,01:50-02:00,25.671393333333413
2025-07-12,15,16,02:20-02:40,50.81836333333354
2025-07-12,19,20,03:00-03:20,19.49390000000019
2025-07-12,25,26,04:00-04:20,60.03916000000004
2025-07-12,28,28,04:30-04:40,16.535126666666656
2025-07-12,31,33,05:00-05:30,54.343047619047624
2025-07-12,36,36,05:50-06:00,4.7368528571428214
2025-07-12,38,39,06:10-06:30,43.906114761904604
2025-07-12,41,42,06:40-07:00,53.099648095238024
2025-07-12,45,47,07:20-07:50,87.79016047619047
2025-07-12,50,51,08:10-08:30,89.58598952380942
2025-07-12,54,58,08:50-09:40,142.80505095238084
2025-07-12,61,62,10:00-10:20,16.153301904762202
2025-07-12,64,66,10:30-11:00,115.9679047619054
2025-07-12,71,72,11:40-12:00,24.927384415050028
2025-07-12,94,94,15:30-15:40,46.36396666666667
2025-07-12,97,98,16:00-16:20,88.49161952380945
2025-07-12,102,103,16:50-17:10,93.22744238095237
2025-07-12,106,107,17:30-17:50,88.7922995238097
2025-07-12,109,110,18:00-18:20,13.963998571428505
2025-07-12,115,117,19:00-19:30,28.946666666667056
2025-07-12,120,120,19:50-20:00,0.755925714285695
2025-07-12,125,126,20:40-21:00,69.42926666666676
2025-07-12,129,129,21:20-21:30,11.50585666666666
2025-07-12,131,132,21:40-22:00,56.24569666666696
2025-07-12,135,135,22:20-22:30,17.43180333333362
2025-07-12,138,141,22:50-23:30,66.7354933333337
2025-07-13,1,1,00:00-00:10,79.01802999999995
2025-07-13,4,4,00:30-00:40,7.691400000000044
2025-07-13,7,8,01:00-01:20,34.11737000000005
2025-07-13,11,12,01:40-02:00,56.7707566666669
2025-07-13,16,21,02:30-03:30,50.53733333333323
2025-07-13,28,29,04:30-04:50,68.00909666666678
2025-07-13,35,37,05:40-06:10,51.66622952380959
2025-07-13,40,42,06:30-07:00,119.01207142857152
2025-07-13,45,47,07:20-07:50,127.78975190476208
2025-07-13,49,50,08:00-08:20,18.82250809523805
2025-07-13,53,54,08:40-09:00,13.990464761904718
2025-07-13,56,57,09:10-09:30,73.10768666666672
2025-07-13,60,60,09:50-10:00,5.038402380952448
2025-07-13,63,65,10:20-10:50,92.76419666666675
2025-07-13,71,72,11:40-12:00,5.996586190476592
2025-07-13,87,90,14:20-15:00,88.02358809523867
2025-07-13,108,110,17:50-18:20,84.55877857142897
2025-07-13,114,116,18:50-19:20,80.09500476190505
2025-07-13,119,120,19:40-20:00,59.42568333333293
2025-07-13,123,125,20:20-20:50,78.58747476190428
2025-07-13,131,133,21:40-22:10,69.63418333333368
2025-07-13,136,137,22:30-22:50,79.01598999999999
2025-07-13,140,142,23:10-23:40,88.34171333333347
2025-07-14,1,1,00:00-00:10,84.82995666666648
2025-07-14,4,4,00:30-00:40,28.956593333333558
2025-07-14,7,7,01:00-01:10,24.677076666666608
2025-07-14,10,11,01:30-01:50,55.40733333333333
2025-07-14,14,15,02:10-02:30,23.815259999999853
2025-07-14,17,19,02:40-03:10,48.948106666666554
2025-07-14,22,22,03:30-03:40,16.83010095238084
2025-07-14,28,28,04:30-04:40,8.931247619047616
2025-07-14,31,32,05:00-05:20,55.73763523809519
2025-07-14,35,36,05:40-06:00,35.65518809523783
2025-07-14,39,40,06:20-06:40,47.614895238095244
2025-07-14,45,47,07:20-07:50,24.784584285714118
2025-07-14,49,49,08:00-08:10,13.564533809523482
2025-07-14,53,56,08:40-09:20,225.85685238095243
2025-07-14,59,62,09:40-10:20,75.25036809523817
2025-07-14,65,66,10:40-11:00,113.92800095238067
2025-07-14,70,70,11:30-11:40,10.678842380951892
2025-07-14,72,73,11:50-12:10,36.02165952380915
2025-07-14,76,77,12:30-12:50,41.49189190476204
2025-07-14,79,81,13:00-13:30,121.85722619047647
2025-07-14,83,84,13:40-14:00,18.157573333333403
2025-07-14,88,90,14:30-15:00,26.69523809523821
2025-07-14,107,108,17:40-18:00,97.08024523809524
2025-07-14,112,114,18:30-19:00,55.772511904761814
2025-07-14,117,119,19:20-19:50,58.41777904761932
2025-07-14,125,127,20:40-21:10,41.16362999999982
2025-07-14,131,132,21:40-22:00,27.537023333333423
2025-07-14,134,135,22:10-22:30,20.56498333333343
2025-07-14,138,140,22:50-23:20,14.505813333333663
2025-07-14,144,144,23:50-24:00,28.542986666666593
2025-07-15,1,1,00:00-00:10,80.74167333333344
2025-07-15,4,5,00:30-00:50,91.50038666666671
2025-07-15,8,9,01:10-01:30,36.12713000000019
2025-07-15,12,15,01:50-02:30,80.59611333333339
2025-07-15,18,21,02:50-03:30,88.9916999999997
2025-07-15,24,24,03:50-04:00,10.070933333333528
2025-07-15,27,28,04:20-04:40,48.64315666666705
2025-07-15,31,32,05:00-05:20,142.19389619047604
2025-07-15,36,37,05:50-06:10,82.15691666666692
2025-07-15,40,40,06:30-06:40,3.173472857142883
2025-07-15,43,43,07:00-07:10,59.26563809523822
2025-07-15,47,48,07:40-08:00,70.08252333333326
2025-07-15,52,53,08:30-08:50,33.0470742857143
2025-07-15,56,57,09:10-09:30,136.37133380952378
2025-07-15,60,61,09:50-10:10,48.04711333333353
2025-07-15,64,66,10:30-11:00,81.10104761904745
2025-07-15,68,71,11:10-11:50,246.51703238095365
2025-07-15,73,74,12:00-12:20,110.30699904761923
2025-07-15,79,79,13:00-13:10,11.8457814285714
2025-07-15,82,83,13:30-13:50,15.068196666666609
2025-07-15,87,88,14:20-14:40,23.015625714285534
2025-07-15,94,95,15:30-15:50,15.599427142857394
2025-07-15,105,105,17:20-17:30,27.69669047619044
2025-07-15,108,109,17:50-18:10,75.59207809523812
2025-07-15,113,114,18:40-19:00,26.375207142856894
2025-07-15,118,118,19:30-19:40,16.280483333333223
2025-07-15,121,121,20:00-20:10,8.54541666666671
2025-07-15,124,126,20:30-21:00,34.43533333333368
2025-07-15,128,129,21:10-21:30,69.030753333333
2025-07-15,136,138,22:30-23:00,117.70087000000012
2025-07-15,141,141,23:20-23:30,58.00774999999976
2025-07-15,144,144,23:50-24:00,8.183949999999982
2025-07-16,1,1,00:00-00:10,54.49351666666655
2025-07-16,4,5,00:30-00:50,55.38711666666666
2025-07-16,7,8,01:00-01:20,12.094473333333667
2025-07-16,10,11,01:30-01:50,59.916423333333455
2025-07-16,13,14,02:00-02:20,47.15585999999996
2025-07-16,20,22,03:10-03:40,95.7826452380956
2025-07-16,25,25,04:00-04:10,60.135366666666606
2025-07-16,28,28,04:30-04:40,13.137504761904566
2025-07-16,31,32,05:00-05:20,54.97545142857135
2025-07-16,35,36,05:40-06:00,112.43938619047597
2025-07-16,41,42,06:40-07:00,22.12319190476211
2025-07-16,44,46,07:10-07:40,79.67189428571433
2025-07-16,50,51,08:10-08:30,58.740293333333625
2025-07-16,55,56,09:00-09:20,99.54397047619068
2025-07-16,58,59,09:30-09:50,79.54968666666696
2025-07-16,62,64,10:10-10:40,193.03501285714265
2025-07-16,66,67,10:50-11:10,67.08204809523818
2025-07-16,71,73,11:40-12:10,267.449839047619
2025-07-16,86,87,14:10-14:30,72.49609904761928
2025-07-16,89,90,14:40-15:00,254.30749380952386
2025-07-16,93,93,15:20-15:30,43.63523523809522
2025-07-16,96,98,15:50-16:20,43.3289585714283
2025-07-16,102,102,16:50-17:00,47.71161285714305
2025-07-16,105,106,17:20-17:40,68.7899199999996
2025-07-16,110,111,18:10-18:30,100.930019047619
2025-07-16,114,114,18:50-19:00,57.33349238095241
2025-07-16,117,118,19:20-19:40,56.20329428571415
2025-07-16,121,122,20:00-20:20,62.14081380952388
2025-07-16,126,129,20:50-21:30,36.772299999999404
2025-07-16,131,132,21:40-22:00,91.8062666666666
2025-07-16,134,135,22:10-22:30,70.13128666666682
2025-07-16,138,138,22:50-23:00,74.73598666666658
2025-07-16,141,142,23:20-23:40,43.26555666666627
2025-07-17,1,1,00:00-00:10,58.78907333333348
2025-07-17,4,6,00:30-01:00,114.60500000000002
2025-07-17,9,9,01:20-01:30,22.543036666666808
2025-07-17,11,12,01:40-02:00,53.27636333333339
2025-07-17,15,15,02:20-02:30,49.24405999999976
2025-07-17,18,18,02:50-03:00,13.347086666666769
2025-07-17,20,23,03:10-03:50,80.70733047619038
2025-07-17,28,30,04:30-05:00,73.14633333333339
2025-07-17,33,33,05:20-05:30,7.718618571428621
2025-07-17,35,37,05:40-06:10,35.98099999999985
2025-07-17,40,42,06:30-07:00,125.32686904761891
2025-07-17,45,47,07:20-07:50,46.05633761904767
2025-07-17,50,53,08:10-08:50,165.9776733333333
2025-07-17,55,56,09:00-09:20,60.10843095238101
2025-07-17,61,61,10:00-10:10,39.53704190476242
2025-07-17,66,66,10:50-11:00,22.60104142857176
2025-07-17,68,70,11:10-11:40,86.33495857142884
2025-07-17,73,73,12:00-12:10,63.20070047619015
2025-07-17,77,78,12:40-13:00,122.94152333333341
2025-07-17,81,82,13:20-13:40,58.76270619047614
2025-07-17,85,86,14:00-14:20,137.00772047619034
2025-07-17,98,99,16:10-16:30,109.51576761904744
2025-07-17,105,105,17:20-17:30,0.07135761904805804
2025-07-17,107,107,17:40-17:50,1.729031904761996
2025-07-17,111,112,18:20-18:40,48.3175790476192
2025-07-17,115,116,19:00-19:20,52.12877571428595
2025-07-17,118,118,19:30-19:40,30.563573333333352
2025-07-17,121,122,20:00-20:20,67.31353428571417
2025-07-17,124,124,20:30-20:40,19.614293333333762
2025-07-17,127,127,21:00-21:10,42.529489999999896
2025-07-17,130,130,21:30-21:40,30.613550000000146
2025-07-17,133,134,22:00-22:20,62.496843333333345
2025-07-17,136,137,22:30-22:50,40.23437333333334
2025-07-17,141,142,23:20-23:40,71.43670999999995
2025-07-18,1,4,00:00-00:40,74.41682666666657
2025-07-18,7,7,01:00-01:10,22.359830000000102
2025-07-18,11,12,01:40-02:00,22.29293666666672
2025-07-18,14,15,02:10-02:30,51.67483666666669
2025-07-18,18,18,02:50-03:00,46.25250666666682
2025-07-18,21,21,03:20-03:30,50.482586666666634
2025-07-18,25,27,04:00-04:30,48.08466666666686
2025-07-18,30,31,04:50-05:10,32.906959047619004
2025-07-18,34,35,05:30-05:50,23.452174761904587
2025-07-18,37,37,06:00-06:10,11.621775238095154
2025-07-18,41,48,06:40-08:00,190.916266190476
2025-07-18,51,53,08:20-08:50,68.6992214285716
2025-07-18,55,56,09:00-09:20,20.23758714285725
2025-07-18,58,59,09:30-09:50,14.841257142856989
2025-07-18,64,64,10:30-10:40,29.971069047619267
2025-07-18,67,71,11:00-11:50,141.14906142857126
2025-07-18,95,96,15:40-16:00,56.82114190476193
2025-07-18,99,100,16:20-16:40,29.074909523809538
2025-07-18,103,103,17:00-17:10,15.954391904761962
2025-07-18,107,107,17:40-17:50,33.41956857142867
2025-07-18,115,116,19:00-19:20,73.08479904761907
2025-07-18,120,122,19:50-20:20,75.38186142857172
2025-07-18,127,128,21:00-21:20,91.66909333333354
2025-07-18,130,134,21:30-22:20,86.61041333333367
2025-07-18,137,138,22:40-23:00,39.98622666666654
2025-07-18,142,142,23:30-23:40,29.898549999999886
2025-07-19,1,2,00:00-00:20,43.881406666666635
2025-07-19,4,4,00:30-00:40,58.15813000000014
2025-07-19,7,8,01:00-01:20,121.66378666666651
2025-07-19,14,15,02:10-02:30,133.41459666666663
2025-07-19,18,18,02:50-03:00,34.694886666666775
2025-07-19,21,22,03:20-03:40,80.87079190476183
2025-07-19,25,26,04:00-04:20,70.49312666666651
2025-07-19,30,32,04:50-05:20,65.21358095238077
2025-07-19,37,37,06:00-06:10,38.73250047619047
2025-07-19,40,41,06:30-06:50,89.99113857142856
2025-07-19,43,44,07:00-07:20,32.946096190476226
2025-07-19,47,48,07:40-08:00,136.95376333333354
2025-07-19,51,53,08:20-08:50,103.91925666666668
2025-07-19,57,58,09:20-09:40,104.38587000000052
2025-07-19,61,63,10:00-10:30,120.32347619047641
2025-07-19,98,98,16:10-16:20,16.238317142857227
2025-07-19,102,102,16:50-17:00,38.62719350970025
2025-07-19,105,106,17:20-17:40,33.822896190475944
2025-07-19,108,109,17:50-18:10,11.210840476190327
2025-07-19,112,113,18:30-18:50,46.36123095238118
2025-07-19,116,117,19:10-19:30,120.12704000000019
2025-07-19,121,121,20:00-20:10,8.152653333333433
2025-07-19,125,127,20:40-21:10,60.45651000000021
2025-07-19,130,131,21:30-21:50,17.777650000000108
2025-07-19,135,135,22:20-22:30,25.22442666666666
2025-07-19,139,143,23:00-23:50,121.65749333333326
2025-07-20,1,1,00:00-00:10,38.924706666666566
2025-07-20,3,7,00:20-01:10,79.41090666666685
2025-07-20,10,11,01:30-01:50,71.14087666666671
2025-07-20,14,17,02:10-02:50,57.31439333333333
2025-07-20,22,23,03:30-03:50,52.514796666666435
2025-07-20,26,27,04:10-04:30,93.71889047619015
2025-07-20,31,32,05:00-05:20,38.04562571428573
2025-07-20,36,36,05:50-06:00,45.48550714285727
2025-07-20,38,40,06:10-06:40,84.8451914285713
2025-07-20,43,45,07:00-07:30,52.926416666666626
2025-07-20,48,52,07:50-08:40,33.91867095238092
2025-07-20,56,60,09:10-10:00,182.06493238095277
2025-07-20,62,63,10:10-10:30,19.612490952380995
2025-07-20,66,69,10:50-11:30,221.1756595238096
2025-07-20,74,75,12:10-12:30,79.08629190476154
2025-07-20,78,78,12:50-13:00,47.78033238095213
2025-07-20,81,82,13:20-13:40,101.9967904761902
2025-07-20,85,86,14:00-14:20,99.81187619047637
2025-07-20,88,90,14:30-15:00,131.39878571428585
2025-07-20,107,107,17:40-17:50,18.462062378322685
2025-07-20,113,116,18:40-19:20,83.52700952380982
2025-07-20,120,122,19:50-20:20,50.059368095237986
2025-07-20,124,125,20:30-20:50,38.36213523809522
2025-07-20,128,129,21:10-21:30,69.6661499999999
2025-07-20,132,132,21:50-22:00,7.996406666666644
2025-07-20,134,135,22:10-22:30,67.79853666666656
2025-07-20,138,139,22:50-23:10,15.795116666666445
2025-07-20,142,143,23:30-23:50,45.374639999999886
2025-07-21,1,1,00:00-00:10,54.70765333333327
2025-07-21,4,4,00:30-00:40,6.121366666666631
2025-07-21,7,8,01:00-01:20,87.10938666666664
2025-07-21,11,13,01:40-02:10,126.44311333333349
2025-07-21,16,16,02:30-02:40,12.26364000000035
2025-07-21,20,22,03:10-03:40,51.582396666666675
2025-07-21,25,26,04:00-04:20,52.263893333333456
2025-07-21,28,28,04:30-04:40,53.98249285714286
2025-07-21,31,32,05:00-05:20,90.85874285714306
2025-07-21,35,35,05:40-05:50,7.721684761904925
2025-07-21,38,39,06:10-06:30,144.147459047619
2025-07-21,42,43,06:50-07:10,33.23324809523797
2025-07-21,46,47,07:30-07:50,131.0328176190476
2025-07-21,50,51,08:10-08:30,66.03048380952339
2025-07-21,54,57,08:50-09:30,156.54007428571458
2025-07-21,62,63,10:10-10:30,77.71709142857162
2025-07-21,66,67,10:50-11:10,36.04420714285675
2025-07-21,69,69,11:20-11:30,24.173792857142644
2025-07-21,71,73,11:40-12:10,175.24355571428555
2025-07-21,76,77,12:30-12:50,65.81784047619067
2025-07-21,80,80,13:10-13:20,32.78249095238084
2025-07-21,84,85,13:50-14:10,125.22367904761927
2025-07-21,88,89,14:30-14:50,81.02733476190485
2025-07-21,95,96,15:40-16:00,99.14578761904727
2025-07-21,100,101,16:30-16:50,59.17454857142883
2025-07-21,103,105,17:00-17:30,48.79944681595839
2025-07-21,108,108,17:50-18:00,3.9089519047619206
2025-07-21,111,113,18:20-18:50,71.93900285714298
2025-07-21,115,115,19:00-19:10,4.162750000000187
2025-07-21,119,120,19:40-20:00,27.4118900000002
2025-07-21,123,124,20:20-20:40,71.31171904761891
2025-07-21,127,128,21:00-21:20,55.452436666666586
2025-07-21,131,131,21:40-21:50,8.426826666666443
2025-07-21,135,137,22:20-22:50,59.32711000000006
2025-07-21,139,142,23:00-23:40,43.68589333333341
2025-07-22,1,7,00:00-01:10,91.8171966666664
2025-07-22,10,11,01:30-01:50,112.69128333333333
2025-07-22,14,15,02:10-02:30,46.18263333333334
2025-07-22,18,20,02:50-03:20,103.92182666666679
2025-07-22,22,22,03:30-03:40,1.4378061904762456
2025-07-22,25,25,04:00-04:10,39.773854761904644
2025-07-22,31,33,05:00-05:30,30.086071428571394
2025-07-22,36,37,05:50-06:10,29.276823333333596
2025-07-22,40,41,06:30-06:50,29.057274285714243
2025-07-22,44,45,07:10-07:30,42.08147999999983
2025-07-22,52,56,08:30-09:20,219.43671952380976
2025-07-22,60,62,09:50-10:20,65.92551380952409
2025-07-22,64,66,10:30-11:00,93.49117857142869
2025-07-22,71,71,11:40-11:50,15.704912857142972
2025-07-22,80,82,13:10-13:40,113.43374952380941
2025-07-22,87,89,14:20-14:50,78.7460014285715
2025-07-22,92,93,15:10-15:30,90.89264904761922
2025-07-22,109,109,18:00-18:10,24.89615999999998
2025-07-22,116,120,19:10-20:00,89.98791666666676
2025-07-22,124,125,20:30-20:50,39.53948619047628
2025-07-22,130,132,21:30-22:00,56.9670000000001
2025-07-22,134,135,22:10-22:30,47.8988700000001
2025-07-22,138,138,22:50-23:00,29.514323333333323
2025-07-22,141,141,23:20-23:30,13.920586666666395
2025-07-23,1,4,00:00-00:40,47.977620000000115
2025-07-23,7,7,01:00-01:10,39.6652233333333
2025-07-23,10,10,01:30-01:40,16.59469999999999
2025-07-23,13,14,02:00-02:20,43.59984333333318
2025-07-23,16,16,02:30-02:40,18.461386666666726
2025-07-23,19,20,03:00-03:20,59.02104333333341
2025-07-23,23,24,03:40-04:00,36.90273619047616
2025-07-23,30,30,04:50-05:00,13.357213333333334
2025-07-23,36,39,05:50-06:30,73.98341857142861
2025-07-23,41,43,06:40-07:10,132.91043142857143
2025-07-23,47,48,07:40-08:00,80.26164952380952
2025-07-23,51,51,08:20-08:30,15.193081904761812
2025-07-23,54,54,08:50-09:00,12.656972857142932
2025-07-23,60,63,09:50-10:30,135.90787095238034
2025-07-23,65,67,10:40-11:10,176.69143571428617
2025-07-23,70,70,11:30-11:40,0.28726238095282497
2025-07-23,75,75,12:20-12:30,9.752066666666451
2025-07-23,81,81,13:20-13:30,16.847916666666606
2025-07-23,85,87,14:00-14:30,124.52484619047607
2025-07-23,94,95,15:30-15:50,28.677709088771962
2025-07-23,108,108,17:50-18:00,2.014626666666601
2025-07-23,110,111,18:10-18:30,6.7669219047618085
2025-07-23,114,115,18:50-19:10,24.59742523809541
2025-07-23,118,118,19:30-19:40,53.39319666666654
2025-07-23,122,127,20:10-21:10,90.73099666666629
2025-07-23,130,134,21:30-22:20,50.97271000000012
2025-07-23,137,138,22:40-23:00,29.7247633333335
2025-07-23,141,143,23:20-23:50,82.9326666666667
2025-07-24,1,3,00:00-00:30,55.01233333333346
2025-07-24,5,6,00:40-01:00,26.042050000000245
2025-07-24,9,9,01:20-01:30,16.84795333333352
2025-07-24,11,12,01:40-02:00,25.715546666666683
2025-07-24,15,16,02:20-02:40,11.201856666666458
2025-07-24,19,20,03:00-03:20,49.42045666666661
2025-07-24,22,22,03:30-03:40,10.949725238095056
2025-07-24,28,29,04:30-04:50,82.99440333333317
2025-07-24,31,32,05:00-05:20,41.488011428571326
2025-07-24,36,36,05:50-06:00,24.283964285714205
2025-07-24,41,42,06:40-07:00,24.060846666666748
2025-07-24,46,47,07:30-07:50,41.53866285714264
2025-07-24,52,53,08:30-08:50,50.84612523809551
2025-07-24,56,57,09:10-09:30,17.722093333333532
2025-07-24,60,65,09:50-10:50,178.54537285714332
2025-07-24,71,72,11:40-12:00,99.13721142857162
2025-07-24,78,78,12:50-13:00,26.69083333333333
2025-07-24,82,83,13:30-13:50,42.730282857143266
2025-07-24,87,89,14:20-14:50,101.94261714285688
2025-07-24,91,91,15:00-15:10,13.108943333333059
2025-07-24,95,96,15:40-16:00,156.8230285714286
2025-07-24,99,99,16:20-16:30,29.068641904761876
2025-07-24,101,102,16:40-17:00,32.46515952380986
2025-07-24,107,108,17:40-18:00,119.35079714285735
2025-07-24,113,114,18:40-19:00,57.291661904761874
2025-07-24,117,117,19:20-19:30,31.389134285714476
2025-07-24,119,120,19:40-20:00,16.99558333333323
2025-07-24,124,124,20:30-20:40,15.655376666666825
2025-07-24,127,129,21:00-21:30,42.241333333333614
2025-07-24,131,132,21:40-22:00,58.331526666666605
2025-07-24,135,135,22:20-22:30,5.900229999999965
2025-07-24,138,141,22:50-23:30,69.44714999999997
2025-07-24,144,144,23:50-24:00,25.765399999999886
2025-07-25,1,3,00:00-00:30,85.51533333333339
2025-07-25,6,6,00:50-01:00,16.098179999999843
2025-07-25,9,10,01:20-01:40,21.212446666666665
2025-07-25,13,16,02:00-02:40,40.6328566666665
2025-07-25,19,20,03:00-03:20,49.73586333333344
2025-07-25,22,22,03:30-03:40,46.05610333333319
2025-07-25,25,26,04:00-04:20,78.29854333333344
2025-07-25,28,29,04:30-04:50,87.3641233333334
2025-07-25,31,31,05:00-05:10,25.93969761904779
2025-07-25,34,35,05:30-05:50,31.840187142857303
2025-07-25,39,39,06:20-06:30,14.347037619047683
2025-07-25,41,42,06:40-07:00,23.112344761904694
2025-07-25,45,47,07:20-07:50,228.00319000000013
2025-07-25,52,53,08:30-08:50,132.45745666666653
2025-07-25,57,58,09:20-09:40,118.13783904761908
2025-07-25,61,64,10:00-10:40,164.8397590476186
2025-07-25,108,108,17:50-18:00,40.11552047619048
2025-07-25,110,111,18:10-18:30,33.570242380952294
2025-07-25,115,118,19:00-19:40,60.66115999999988
2025-07-25,121,122,20:00-20:20,56.61461190476187
2025-07-25,127,129,21:00-21:30,88.05699999999979
2025-07-25,132,132,21:50-22:00,12.02420333333339
2025-07-25,135,136,22:20-22:40,14.557859999999891
2025-07-25,139,140,23:00-23:20,44.29470000000015
2025-07-25,142,143,23:30-23:50,41.21338999999978
2025-07-26,1,1,00:00-00:10,14.208163333333346
2025-07-26,4,7,00:30-01:10,101.19891666666706
2025-07-26,12,13,01:50-02:10,30.715196666666657
2025-07-26,16,17,02:30-02:50,80.44542333333322
2025-07-26,23,24,03:40-04:00,89.83445285714288
2025-07-26,28,31,04:30-05:10,60.5207052380951
2025-07-26,34,35,05:30-05:50,52.94522333333339
2025-07-26,38,39,06:10-06:30,79.80242952380962
2025-07-26,45,46,07:20-07:40,46.166083809524025
2025-07-26,48,50,07:50-08:20,72.75175285714272
2025-07-26,53,54,08:40-09:00,188.45034380952382
2025-07-26,57,57,09:20-09:30,57.38051333333328
2025-07-26,60,60,09:50-10:00,52.65696095238104
2025-07-26,63,65,10:20-10:50,204.96524523809535
2025-07-26,108,108,17:50-18:00,17.521261904761758
2025-07-26,111,112,18:20-18:40,54.252485714285626
2025-07-26,115,117,19:00-19:30,66.6633333333333
2025-07-26,120,120,19:50-20:00,8.587932380952225
2025-07-26,122,123,20:10-20:30,40.00578999999982
2025-07-26,127,128,21:00-21:20,37.17800666666699
2025-07-26,134,134,22:10-22:20,1.9644366666666429
2025-07-26,136,136,22:30-22:40,71.06258333333358
2025-07-26,139,140,23:00-23:20,74.13588333333325
2025-07-26,143,144,23:40-24:00,82.38690333333352
2025-07-27,1,1,00:00-00:10,21.701006666666558
2025-07-27,3,6,00:20-01:00,61.30066666666619
2025-07-27,8,9,01:10-01:30,109.40863666666667
2025-07-27,13,14,02:00-02:20,83.32853
2025-07-27,16,16,02:30-02:40,1.6658666666666022
2025-07-27,19,20,03:00-03:20,29.53009666666685
2025-07-27,29,29,04:40-04:50,19.785466666666704
2025-07-27,32,33,05:10-05:30,22.30688000587833
2025-07-27,36,39,05:50-06:30,76.12260857142826
2025-07-27,42,46,06:50-07:40,103.31076761904743
2025-07-27,49,52,08:00-08:40,104.966597619048
2025-07-27,55,55,09:00-09:10,44.00961857142829
2025-07-27,57,57,09:20-09:30,21.673749999999927
2025-07-27,59,59,09:40-09:50,5.98832857142861
2025-07-27,61,62,10:00-10:20,32.495159047619154
2025-07-27,64,65,10:30-10:50,56.752324285714394
2025-07-27,72,77,11:50-12:50,190.35585238095223
2025-07-27,81,81,13:20-13:30,43.95663047619064
2025-07-27,83,84,13:40-14:00,77.92270476190492
2025-07-27,87,88,14:20-14:40,27.66729142857139
2025-07-27,91,91,15:00-15:10,46.616730952380635
2025-07-27,94,95,15:30-15:50,57.623563333333664
2025-07-27,108,109,17:50-18:10,35.68090523809535
2025-07-27,112,113,18:30-18:50,41.44916333333322
2025-07-27,116,117,19:10-19:30,42.523030476190456
2025-07-27,122,123,20:10-20:30,68.66182333333336
2025-07-27,127,128,21:00-21:20,33.93959000000018
2025-07-27,134,135,22:10-22:30,72.71951666666644
2025-07-27,137,138,22:40-23:00,94.45431666666661
2025-07-27,143,144,23:40-24:00,62.79614333333336
2025-07-28,1,1,00:00-00:10,74.71648333333337
2025-07-28,4,7,00:30-01:10,60.41467666666654
2025-07-28,10,13,01:30-02:10,22.9941533333332
2025-07-28,16,16,02:30-02:40,33.587303333333466
2025-07-28,20,20,03:10-03:20,4.32550666666657
2025-07-28,37,39,06:00-06:30,109.0371071428574
2025-07-28,42,42,06:50-07:00,13.548437619047661
2025-07-28,45,48,07:20-08:00,82.1529180952383
2025-07-28,50,51,08:10-08:30,151.06341619047612
2025-07-28,54,54,08:50-09:00,4.643449523809295
2025-07-28,56,57,09:10-09:30,119.86815285714306
2025-07-28,60,63,09:50-10:30,87.91772523809482
2025-07-28,67,69,11:00-11:30,107.97422619047666
2025-07-28,72,74,11:50-12:20,202.42703285714356
2025-07-28,80,81,13:10-13:30,7.800583333333634
2025-07-28,83,84,13:40-14:00,73.38119476190445
2025-07-28,87,88,14:20-14:40,60.12945190476216
2025-07-28,93,94,15:20-15:40,47.542761428571225
2025-07-28,97,98,16:00-16:20,63.80907714285729
2025-07-28,102,103,16:50-17:10,40.30649571428546
2025-07-28,106,107,17:30-17:50,97.77498904761904
2025-07-28,109,110,18:00-18:20,37.261410952381155
2025-07-28,115,116,19:00-19:20,68.5860257142856
2025-07-28,118,119,19:30-19:50,18.488672857142888
2025-07-28,121,123,20:00-20:30,43.3280000000002
2025-07-28,126,128,20:50-21:20,81.29043333333357
2025-07-28,132,132,21:50-22:00,32.022216666666736
2025-07-28,136,136,22:30-22:40,46.42791666666653
2025-07-28,139,141,23:00-23:30,146.39
2025-07-29,3,3,00:20-00:30,52.48664999999983
2025-07-29,6,6,00:50-01:00,5.112376666666819
2025-07-29,8,9,01:10-01:30,80.78547333333336
2025-07-29,12,12,01:50-02:00,52.83891333333327
2025-07-29,16,16,02:30-02:40,62.22156999999993
2025-07-29,19,20,03:00-03:20,69.73835163179876
2025-07-29,38,39,06:10-06:30,50.421671428571244
2025-07-29,41,43,06:40-07:10,79.97724285714281
2025-07-29,46,47,07:30-07:50,33.57039095238065
2025-07-29,50,51,08:10-08:30,56.58739761904758
2025-07-29,54,60,08:50-10:00,195.352446666667
2025-07-29,63,66,10:20-11:00,142.41510428571416
2025-07-29,71,72,11:40-12:00,64.3852819047629
2025-07-29,78,79,12:50-13:10,96.59815857142894
2025-07-29,83,84,13:40-14:00,21.22338952380983
2025-07-29,88,88,14:30-14:40,40.915364761905266
2025-07-29,109,109,18:00-18:10,39.9371376190478
2025-07-29,113,114,18:40-19:00,44.85155380952369
2025-07-29,117,117,19:20-19:30,21.132714761904708
2025-07-29,120,120,19:50-20:00,12.437780476190596
2025-07-29,123,125,20:20-20:50,49.03664476190454
2025-07-29,129,130,21:20-21:40,53.46122333333301
2025-07-29,134,135,22:10-22:30,76.30351666666672
2025-07-29,139,140,23:00-23:20,35.62893999999983
2025-07-29,142,142,23:30-23:40,5.371259999999893
2025-07-30,1,1,00:00-00:10,11.255836666666596
2025-07-30,37,38,06:00-06:20,137.60971666666683
2025-07-30,40,41,06:30-06:50,42.62185999999997
2025-07-30,44,45,07:10-07:30,126.69828857142852
2025-07-30,48,48,07:50-08:00,29.281113809523845
2025-07-30,50,51,08:10-08:30,78.75933571428561
2025-07-30,54,54,08:50-09:00,34.32638666666651
2025-07-30,58,60,09:30-10:00,69.74007142857135
2025-07-30,65,66,10:40-11:00,113.60554380952408
2025-07-30,72,74,11:50-12:20,39.84263999999962
2025-07-30,76,76,12:30-12:40,7.009611904762323
2025-07-30,88,89,14:30-14:50,161.02226666666684
2025-07-30,92,92,15:10-15:20,0.7067238095236235
2025-07-30,109,109,18:00-18:10,34.968738633333416
2025-07-30,113,113,18:40-18:50,28.722603809523775
2025-07-30,117,119,19:20-19:50,69.80131000000006
2025-07-30,122,126,20:10-21:00,71.36880761904717
2025-07-30,129,130,21:20-21:40,41.57748666666669
2025-07-30,137,138,22:40-23:00,46.89829666666674
2025-07-31,14,15,02:10-02:30,11.112133333333418
2025-07-31,37,37,06:00-06:10,27.39736047619033
2025-07-31,40,40,06:30-06:40,14.314577619047498
2025-07-31,43,44,07:00-07:20,73.64279999999974
2025-07-31,46,50,07:30-08:20,144.28353523809483
2025-07-31,55,59,09:00-09:50,160.94017809523814
2025-07-31,63,65,10:20-10:50,136.06112619047667
2025-07-31,70,73,11:30-12:10,29.898143333333564
2025-07-31,83,84,13:40-14:00,15.636274761904588
2025-07-31,86,87,14:10-14:30,49.85733999999957
2025-07-31,105,105,17:20-17:30,0.5098333333332334
2025-07-31,115,116,19:00-19:20,49.2833404761908
2025-07-31,118,120,19:30-20:00,15.699333333333243
2025-07-31,124,125,20:30-20:50,22.290986666666754
2025-07-31,129,130,21:20-21:40,23.06035666666685
2025-07-31,133,133,22:00-22:10,15.394549999999981
2025-07-31,136,136,22:30-22:40,38.77512666666689
2025-07-31,139,140,23:00-23:20,48.655316666666636
2025-07-31,142,143,23:30-23:50,70.07739333333359
2025-08-01,1,2,00:00-00:20,22.7501299999999
2025-08-01,19,19,03:00-03:10,25.600789999999847
2025-08-01,23,24,03:40-04:00,37.675386190476274
2025-08-01,26,27,04:10-04:30,33.84590523809527
2025-08-01,30,31,04:50-05:10,40.35227285714291
2025-08-01,36,36,05:50-06:00,3.3847009523808538
2025-08-01,39,39,06:20-06:30,1.1315399999999727
2025-08-01,43,45,07:00-07:30,54.77964285714296
2025-08-01,48,49,07:50-08:10,148.1616504761903
2025-08-01,55,56,09:00-09:20,73.84288714285708
2025-08-01,58,61,09:30-10:10,86.33854000000042
2025-08-01,112,112,18:30-18:40,17.492338965313017
2025-08-01,116,118,19:10-19:40,41.680955238095294
2025-08-01,121,123,20:00-20:30,88.11299999999983
2025-08-01,128,129,21:10-21:30,49.52959666666686
2025-08-01,134,134,22:10-22:20,28.981586666666544
2025-08-01,137,138,22:40-23:00,101.33697999999958
2025-08-01,143,144,23:40-24:00,25.94194666666681
2025-08-02,1,1,00:00-00:10,1.4729566666666187
2025-08-02,19,21,03:00-03:30,42.31799999999993
2025-08-02,23,24,03:40-04:00,39.436936666666554
2025-08-02,27,28,04:20-04:40,59.99105714285713
2025-08-02,31,32,05:00-05:20,28.79090857142876
2025-08-02,35,37,05:40-06:10,53.43824428571429
2025-08-02,41,45,06:40-07:30,49.82151285714298
2025-08-02,47,48,07:40-08:00,6.867025238095266
2025-08-02,51,51,08:20-08:30,33.53601714285719
2025-08-02,53,54,08:40-09:00,29.92824809523836
2025-08-02,59,60,09:40-10:00,176.53378571428607
2025-08-02,62,63,10:10-10:30,96.45908142857138
2025-08-02,95,95,15:40-15:50,9.83004857142862
2025-08-02,110,111,18:10-18:30,24.220865714285942
2025-08-02,114,114,18:50-19:00,34.62045571428553
2025-08-02,118,120,19:30-20:00,49.07866666666678
2025-08-02,122,123,20:10-20:30,27.266301428571296
2025-08-02,125,126,20:40-21:00,27.337660476190536
2025-08-02,129,129,21:20-21:30,44.4920833333332
2025-08-02,134,134,22:10-22:20,16.906113333333337
2025-08-02,137,144,22:40-24:00,90.26699333333283
2025-08-03,1,1,00:00-00:10,1.4730333333333192
2025-08-03,35,35,05:40-05:50,7.252353333333431
2025-08-03,39,40,06:20-06:40,74.09068809523808
2025-08-03,46,46,07:30-07:40,28.492391428571636
2025-08-03,49,49,08:00-08:10,0.5093114285713227
2025-08-03,55,56,09:00-09:20,79.14756523809501
2025-08-03,59,60,09:40-10:00,53.205876666666654
2025-08-03,62,63,10:10-10:30,118.35601571428606
2025-08-03,108,108,17:50-18:00,7.5910833333331595
2025-08-03,113,113,18:40-18:50,20.174409999999966
2025-08-03,116,119,19:10-19:50,47.99777476190479
2025-08-03,123,125,20:20-20:50,39.146150000000034
2025-08-03,127,130,21:00-21:40,50.892096666666475
2025-08-03,133,134,22:00-22:20,84.96030666666684
2025-08-03,140,141,23:10-23:30,31.140670000000227
2025-08-03,144,144,23:50-24:00,14.466799999999921
2025-08-04,1,1,00:00-00:10,20.403316666666683
2025-08-04,4,4,00:30-00:40,9.647869999999784
2025-08-04,8,9,01:10-01:30,12.079610000000002
2025-08-04,11,11,01:40-01:50,10.841499999999996
2025-08-04,27,27,04:20-04:30,24.091333333333296
2025-08-04,36,36,05:50-06:00,23.01786238095235
2025-08-04,39,40,06:20-06:40,54.990390952380835
2025-08-04,43,43,07:00-07:10,33.17215476190492
2025-08-04,46,46,07:30-07:40,45.12800666666658
2025-08-04,49,49,08:00-08:10,22.206130952381045
2025-08-04,52,53,08:30-08:50,108.81510428571448
2025-08-04,58,58,09:30-09:40,78.47689190476171
2025-08-04,61,62,10:00-10:20,94.03138904761909
2025-08-04,64,64,10:30-10:40,3.5539933333329827
2025-08-04,71,71,11:40-11:50,5.020257619047925
2025-08-04,89,89,14:40-14:50,6.044383333333371
2025-08-04,109,109,18:00-18:10,21.76601095238101
2025-08-04,112,113,18:30-18:50,18.62303476190464
2025-08-04,117,117,19:20-19:30,23.263539999999807
2025-08-04,119,121,19:40-20:10,44.15735285714277
2025-08-04,125,126,20:40-21:00,53.82179047619047
2025-08-04,129,131,21:20-21:50,40.99274333333358
2025-08-04,133,134,22:00-22:20,31.442680000000223
2025-08-04,139,140,23:00-23:20,79.98351333333369
2025-08-04,143,143,23:40-23:50,5.942666666666582
2025-08-05,3,3,00:20-00:30,12.575706666666633
2025-08-05,38,39,06:10-06:30,71.63354904761877
2025-08-05,47,50,07:40-08:20,143.8925890476189
2025-08-05,53,54,08:40-09:00,109.63006952380988
2025-08-05,59,60,09:40-10:00,74.98806523809503
2025-08-05,62,63,10:10-10:30,155.66219142857085
2025-08-05,71,72,11:40-12:00,20.022937636453435
2025-08-05,89,89,14:40-14:50,28.978200476190068
2025-08-05,108,108,17:50-18:00,8.463690476190294
2025-08-05,114,115,18:50-19:10,4.735666190476195
2025-08-05,118,119,19:30-19:50,92.23272666666674
2025-08-05,121,121,20:00-20:10,19.38839714285723
2025-08-05,125,127,20:40-21:10,105.33527190476161
2025-08-05,130,131,21:30-21:50,44.389066666666736
2025-08-05,133,135,22:00-22:30,47.39733333333368
2025-08-05,138,138,22:50-23:00,15.155903333333526
2025-08-05,141,141,23:20-23:30,51.83926666666662
2025-08-06,4,4,00:30-00:40,0.9690584127416741
2025-08-06,20,20,03:10-03:20,12.934957142857229
2025-08-06,38,39,06:10-06:30,58.792320000000245
2025-08-06,42,42,06:50-07:00,83.78758809523805
2025-08-06,45,47,07:20-07:50,48.48911333333331
2025-08-06,49,50,08:00-08:20,76.36108571428554
2025-08-06,52,52,08:30-08:40,34.36580809523821
2025-08-06,55,57,09:00-09:30,59.954833333333
2025-08-06,60,60,09:50-10:00,67.29189333333284
2025-08-06,63,64,10:20-10:40,114.39397285714267
2025-08-06,68,68,11:10-11:20,37.840097142857076
2025-08-06,86,87,14:10-14:30,74.18521571428528
2025-08-06,89,90,14:40-15:00,79.39211523809502
2025-08-06,95,96,15:40-16:00,58.060163333333776
2025-08-06,102,103,16:50-17:10,28.44000523809507
2025-08-06,106,107,17:30-17:50,72.9769180952382
2025-08-06,111,112,18:20-18:40,12.660505131045726
2025-08-06,115,116,19:00-19:20,42.27694666666662
2025-08-06,118,119,19:30-19:50,73.78263333333348
2025-08-06,121,121,20:00-20:10,17.973227619047748
2025-08-06,124,125,20:30-20:50,38.60219333333339
2025-08-06,127,128,21:00-21:20,57.2171166666667
2025-08-06,131,131,21:40-21:50,10.86164999999994
2025-08-06,134,136,22:10-22:40,47.830656666666414
2025-08-06,139,140,23:00-23:20,95.72342999999978
2025-08-07,1,1,00:00-00:10,3.571686666666551
2025-08-07,31,31,05:00-05:10,12.891993333333403
2025-08-07,36,39,05:50-06:30,63.14500142857162
2025-08-07,41,42,06:40-07:00,47.00976238095245
2025-08-07,44,45,07:10-07:30,87.51204142857159
2025-08-07,48,48,07:50-08:00,23.586523809523783
2025-08-07,51,52,08:20-08:40,76.9582738095238
2025-08-07,56,61,09:10-10:10,125.47475999999983
2025-08-07,64,65,10:30-10:50,118.16707190476154
2025-08-07,68,68,11:10-11:20,2.7064057142852107
2025-08-07,72,72,11:50-12:00,10.802904761904983
2025-08-07,89,89,14:40-14:50,4.919205714285681
2025-08-07,116,118,19:10-19:40,71.92254952380927
2025-08-07,121,121,20:00-20:10,43.00140476190484
2025-08-07,125,127,20:40-21:10,31.560541904761976
2025-08-07,131,133,21:40-22:10,115.31608000000017
2025-08-07,138,138,22:50-23:00,6.972063333333381
2025-08-07,140,141,23:10-23:30,27.541226666666944
2025-08-07,143,144,23:40-24:00,25.725546666666787
2025-08-08,15,15,02:20-02:30,24.302873333333196
2025-08-08,18,18,02:50-03:00,57.53491000000008
2025-08-08,21,21,03:20-03:30,7.78334904761914
2025-08-08,24,24,03:50-04:00,35.396600000000035
2025-08-08,26,27,04:10-04:30,23.23162333333312
2025-08-08,32,34,05:10-05:40,77.13762476190462
2025-08-08,36,36,05:50-06:00,12.091075238095073
2025-08-08,38,40,06:10-06:40,69.45565904761892
2025-08-08,44,45,07:10-07:30,63.60455666666678
2025-08-08,48,49,07:50-08:10,64.30358238095232
2025-08-08,53,54,08:40-09:00,100.300170952381
2025-08-08,57,57,09:20-09:30,25.1270947619048
2025-08-08,63,63,10:20-10:30,20.08813857142877
2025-08-08,108,109,17:50-18:10,46.232696666666826
2025-08-08,112,112,18:30-18:40,3.4818142857142824
2025-08-08,116,118,19:10-19:40,65.93095333333315
2025-08-08,121,122,20:00-20:20,92.01824333333366
2025-08-08,125,126,20:40-21:00,40.258954761904874
2025-08-08,130,132,21:30-22:00,108.25933333333319
2025-08-08,135,135,22:20-22:30,34.19566666666651
2025-08-08,141,141,23:20-23:30,18.217096666666748
2025-08-09,15,16,02:20-02:40,34.25642999999991
2025-08-09,20,21,03:10-03:30,27.93360999999993
2025-08-09,23,24,03:40-04:00,48.70454333333325
2025-08-09,27,27,04:20-04:30,52.9559471428571
2025-08-09,32,33,05:10-05:30,100.86908714285718
2025-08-09,36,37,05:50-06:10,72.48017904761923
2025-08-09,41,43,06:40-07:10,164.39518142857128
2025-08-09,47,47,07:40-07:50,25.883701428571385
2025-08-09,50,51,08:10-08:30,54.18091476190466
2025-08-09,54,55,08:50-09:10,31.624426666666977
2025-08-09,58,58,09:30-09:40,25.814703333333
2025-08-09,61,62,10:00-10:20,81.72553734861481
2025-08-09,101,101,16:40-16:50,5.798580000000129
2025-08-09,108,108,17:50-18:00,0.7149904761905361
2025-08-09,114,115,18:50-19:10,31.888041904761963
2025-08-09,119,120,19:40-20:00,56.69487095238105
2025-08-09,124,128,20:30-21:20,107.29809666666665
2025-08-09,131,132,21:40-22:00,46.75357000000008
2025-08-09,134,135,22:10-22:30,36.37504666666689
2025-08-09,138,138,22:50-23:00,9.982089999999971
2025-08-09,143,143,23:40-23:50,28.30957666666677
2025-08-10,2,2,00:10-00:20,6.270183333333421
2025-08-10,5,5,00:40-00:50,10.46843333333311
2025-08-10,24,24,03:50-04:00,7.548333333333403
2025-08-10,35,35,05:40-05:50,4.244104285714329
2025-08-10,38,39,06:10-06:30,10.187016666666636
2025-08-10,42,44,06:50-07:20,63.21116095238091
2025-08-10,47,48,07:40-08:00,46.00026904761933
2025-08-10,50,51,08:10-08:30,54.626934761904636
2025-08-10,55,56,09:00-09:20,52.80812666666657
2025-08-10,58,59,09:30-09:50,149.60678476190515
2025-08-10,62,63,10:10-10:30,16.61767714285702
2025-08-10,66,68,10:50-11:20,84.82565428571388
2025-08-10,70,74,11:30-12:20,281.7238209523812
2025-08-10,101,101,16:40-16:50,0.9090514285715585
2025-08-10,104,105,17:10-17:30,21.111162440875546
2025-08-10,115,116,19:00-19:20,8.345109999999636
2025-08-10,119,124,19:40-20:40,37.8549223809523
2025-08-10,127,127,21:00-21:10,12.948863333333293
2025-08-10,130,130,21:30-21:40,25.883766666666702
2025-08-10,133,134,22:00-22:20,65.64190999999994
2025-08-10,137,138,22:40-23:00,110.10810666666634
2025-08-10,141,142,23:20-23:40,21.907946666666476
2025-08-10,144,144,23:50-24:00,0.707026666666593
2025-08-11,2,3,00:10-00:30,55.41641000000004
2025-08-11,6,7,00:50-01:10,58.674736666666945
2025-08-11,10,10,01:30-01:40,0.11853968220611932
2025-08-11,36,37,05:50-06:10,48.689515238095396
2025-08-11,40,41,06:30-06:50,87.57705619047613
2025-08-11,43,46,07:00-07:40,142.5920042857142
2025-08-11,49,49,08:00-08:10,7.149330952381206
2025-08-11,52,54,08:30-09:00,154.19629761904798
2025-08-11,56,57,09:10-09:30,53.88336619047618
2025-08-11,60,60,09:50-10:00,5.979256190476235
2025-08-11,64,65,10:30-10:50,36.9256842857144
2025-08-11,67,68,11:00-11:20,177.75585333333356
2025-08-11,71,72,11:40-12:00,132.06430333333333
2025-08-11,75,75,12:20-12:30,42.7678866666663
2025-08-11,89,89,14:40-14:50,12.309620952380783
2025-08-11,110,111,18:10-18:30,36.62822406819472
2025-08-11,114,114,18:50-19:00,78.24077333333355
2025-08-11,116,117,19:10-19:30,66.08337857142828
2025-08-11,120,121,19:50-20:10,71.86415285714259
2025-08-11,124,125,20:30-20:50,22.06893333333312
2025-08-11,129,133,21:20-22:10,127.70518000000004
2025-08-11,136,138,22:30-23:00,33.43599999999992
2025-08-11,141,142,23:20-23:40,66.35582333333332
2025-08-12,1,2,00:00-00:20,36.96374333333324
2025-08-12,6,6,00:50-01:00,60.030723333333185
2025-08-12,30,30,04:50-05:00,8.430999999999926
2025-08-12,39,39,06:20-06:30,1.5374142857143056
2025-08-12,41,42,06:40-07:00,53.534605238095025
2025-08-12,45,46,07:20-07:40,37.00828380952407
2025-08-12,49,49,08:00-08:10,45.509007142856944
2025-08-12,52,54,08:30-09:00,170.86905952380914
2025-08-12,57,58,09:20-09:40,112.86143142857236
2025-08-12,61,62,10:00-10:20,121.62392190476157
2025-08-12,65,66,10:40-11:00,41.26164000000017
2025-08-12,70,70,11:30-11:40,10.271692380952118
2025-08-12,75,76,12:20-12:40,84.14186857142886
2025-08-12,86,87,14:10-14:30,38.27795952380984
2025-08-12,91,93,15:00-15:30,86.79872619047603
2025-08-12,97,99,16:00-16:30,63.078500000000076
2025-08-12,104,106,17:10-17:40,80.10662238095213
2025-08-12,110,112,18:10-18:40,34.28402571428572
2025-08-12,115,116,19:00-19:20,50.90501000000006
2025-08-12,119,119,19:40-19:50,4.610704761904685
2025-08-12,122,123,20:10-20:30,19.53355476190484
2025-08-12,125,126,20:40-21:00,57.687940000000026
2025-08-12,130,135,21:30-22:30,88.78183666666655
2025-08-12,139,141,23:00-23:30,47.41300000000001
2025-08-12,144,144,23:50-24:00,3.830139999999915
2025-08-13,2,2,00:10-00:20,11.118739999999889
2025-08-13,5,6,00:40-01:00,120.55231000000003
2025-08-13,9,9,01:20-01:30,79.40683333333345
2025-08-13,36,36,05:50-06:00,46.69070380952371
2025-08-13,40,40,06:30-06:40,41.185397142856914
2025-08-13,43,44,07:00-07:20,50.53132095238112
2025-08-13,46,46,07:30-07:40,3.479461904761706
2025-08-13,49,52,08:00-08:40,51.33057714285724
2025-08-13,56,57,09:10-09:30,69.77683000000002
2025-08-13,59,60,09:40-10:00,58.60984523809566
2025-08-13,62,64,10:10-10:40,149.68208428571415
2025-08-13,68,68,11:10-11:20,25.45763476190382
2025-08-13,72,72,11:50-12:00,12.762612857142585
2025-08-13,74,75,12:10-12:30,58.98765476190465
2025-08-13,77,78,12:40-13:00,114.50347809523782
2025-08-13,85,85,14:00-14:10,29.609883333333528
2025-08-13,109,110,18:00-18:20,18.998125714285734
2025-08-13,112,112,18:30-18:40,32.72397571428581
2025-08-13,115,116,19:00-19:20,47.78715666666665
2025-08-13,120,124,19:50-20:40,118.3908761904762
2025-08-13,127,128,21:00-21:20,38.518306666666376
2025-08-13,131,132,21:40-22:00,33.789426666666486
2025-08-13,136,137,22:30-22:50,72.59620333333305
2025-08-13,143,144,23:40-24:00,70.79895000000022
2025-08-14,4,5,00:30-00:50,35.602559611987544
2025-08-14,23,23,03:40-03:50,3.5475923809524588
2025-08-14,36,36,05:50-06:00,19.621237619047974
2025-08-14,38,39,06:10-06:30,67.2474166666666
2025-08-14,42,42,06:50-07:00,19.154713333333177
2025-08-14,45,47,07:20-07:50,63.390595238095216
2025-08-14,49,49,08:00-08:10,114.66882285714337
2025-08-14,52,53,08:30-08:50,120.80402809523844
2025-08-14,56,56,09:10-09:20,14.161908095238232
2025-08-14,59,60,09:40-10:00,124.21219857142887
2025-08-14,63,63,10:20-10:30,60.10328428571461
2025-08-14,68,69,11:10-11:30,127.27115714285674
2025-08-14,71,73,11:40-12:10,154.85304333333374
2025-08-14,77,78,12:40-13:00,33.83062619047587
2025-08-14,107,107,17:40-17:50,11.282594285714225
2025-08-14,111,111,18:20-18:30,30.999949047618927
2025-08-14,114,114,18:50-19:00,28.544003333333308
2025-08-14,118,119,19:30-19:50,4.465876666666645
2025-08-14,123,125,20:20-20:50,79.24482999999987
2025-08-14,127,127,21:00-21:10,28.00340333333361
2025-08-14,130,131,21:30-21:50,34.752160000000345
2025-08-14,134,134,22:10-22:20,2.3692133333330503
2025-08-14,136,137,22:30-22:50,81.31218333333345
2025-08-14,142,143,23:30-23:50,65.85289999999986
2025-08-15,3,5,00:20-00:50,57.10318333333305
2025-08-15,8,9,01:10-01:30,49.9689199999998
2025-08-15,12,12,01:50-02:00,8.149053333333427
2025-08-15,14,15,02:10-02:30,54.68121333333352
2025-08-15,19,19,03:00-03:10,10.511313333333305
2025-08-15,23,25,03:40-04:10,88.9597133333333
2025-08-15,28,29,04:30-04:50,60.33618476190463
2025-08-15,31,34,05:00-05:40,56.17017952380935
2025-08-15,37,40,06:00-06:40,113.89539285714284
2025-08-15,43,43,07:00-07:10,16.0534847619046
2025-08-15,47,48,07:40-08:00,51.67513761904763
2025-08-15,51,53,08:20-08:50,130.90782857142858
2025-08-15,58,59,09:30-09:50,104.5399542857142
2025-08-15,98,99,16:10-16:30,43.834422171807546
2025-08-15,102,102,16:50-17:00,2.896420952380936
2025-08-15,114,114,18:50-19:00,25.741646666666497
2025-08-15,118,120,19:30-20:00,80.83699999999976
2025-08-15,124,124,20:30-20:40,35.45851666666658
2025-08-15,127,128,21:00-21:20,64.0771266666668
2025-08-15,130,130,21:30-21:40,34.374133333333475
2025-08-15,133,134,22:00-22:20,16.81790000000001
2025-08-15,136,136,22:30-22:40,1.7405166666667355
2025-08-15,138,140,22:50-23:20,64.22454999999991
2025-08-15,143,144,23:40-24:00,45.24203666666642
2025-08-16,1,1,00:00-00:10,11.846276666666654
2025-08-16,6,7,00:50-01:10,75.8576066666667
2025-08-16,10,11,01:30-01:50,106.45169999999985
2025-08-16,13,14,02:00-02:20,12.388163333333296
2025-08-16,16,16,02:30-02:40,14.163000000000125
2025-08-16,19,19,03:00-03:10,30.869276666666906
2025-08-16,22,23,03:30-03:50,67.10480142857125
2025-08-16,27,30,04:20-05:00,88.78218333333336
2025-08-16,33,36,05:20-06:00,74.8351542857142
2025-08-16,39,39,06:20-06:30,27.89996952380949
2025-08-16,41,43,06:40-07:10,96.58916999999997
2025-08-16,48,48,07:50-08:00,13.633824761904862
2025-08-16,52,53,08:30-08:50,67.27124333333359
2025-08-16,55,57,09:00-09:30,133.888904761905
2025-08-16,60,61,09:50-10:10,57.31921333333298
2025-08-16,100,101,16:30-16:50,49.04822047619041
2025-08-16,108,112,17:50-18:40,46.959162404470206
2025-08-16,116,117,19:10-19:30,33.46045142857133
2025-08-16,121,123,20:00-20:30,111.9033333333332
2025-08-16,126,127,20:50-21:10,64.4233966666668
2025-08-16,130,131,21:30-21:50,17.828739999999698
2025-08-16,133,134,22:00-22:20,59.3835499999999
2025-08-16,138,138,22:50-23:00,18.569970000000012
2025-08-16,144,144,23:50-24:00,22.329213333333314
2025-08-17,2,3,00:10-00:30,50.818273333333536
2025-08-17,7,8,01:00-01:20,4.361815138521251
2025-08-17,14,15,02:10-02:30,2.546276666666813
2025-08-17,19,19,03:00-03:10,5.682430000000068
2025-08-17,37,37,06:00-06:10,32.053466190476
2025-08-17,40,44,06:30-07:20,152.38175666666643
2025-08-17,50,51,08:10-08:30,152.46389380952348
2025-08-17,54,54,08:50-09:00,20.267848571428317
2025-08-17,56,57,09:10-09:30,54.32019952380983
2025-08-17,66,66,10:50-11:00,33.21003142857148
2025-08-17,68,71,11:10-11:50,182.2629952380962
2025-08-17,74,74,12:10-12:20,32.13462476190466
2025-08-17,98,98,16:10-16:20,17.87296476190511
2025-08-17,100,100,16:30-16:40,35.61172380952394
2025-08-17,109,112,18:00-18:40,55.78197570840702
2025-08-17,115,116,19:00-19:20,74.04101714285719
2025-08-17,118,118,19:30-19:40,12.699087619047873
2025-08-17,121,123,20:00-20:30,81.63666666666654
2025-08-17,126,131,20:50-21:50,70.1341333333337
2025-08-17,136,138,22:30-23:00,66.80397666666681
2025-08-17,141,144,23:20-24:00,80.56640666666647
2025-08-18,1,1,00:00-00:10,29.909366666666756
2025-08-18,5,6,00:40-01:00,62.83912666666697
2025-08-18,8,10,01:10-01:40,38.40819278072058
2025-08-18,13,14,02:00-02:20,55.14472666666677
2025-08-18,24,24,03:50-04:00,31.764333333333298
2025-08-18,35,37,05:40-06:10,48.60767761904748
2025-08-18,41,42,06:40-07:00,22.336517619047584
2025-08-18,44,45,07:10-07:30,103.4504766666667
2025-08-18,48,52,07:50-08:40,186.45234142857146
2025-08-18,55,55,09:00-09:10,30.629897142857203
2025-08-18,58,59,09:30-09:50,97.00988857142852
2025-08-18,62,64,10:10-10:40,22.872794285714463
2025-08-18,70,71,11:30-11:50,118.8029761904761
2025-08-18,74,75,12:10-12:30,56.66016238095199
2025-08-18,87,87,14:20-14:30,8.03125
2025-08-18,99,99,16:20-16:30,29.233373799201445
2025-08-18,101,102,16:40-17:00,34.46863095238115
2025-08-18,105,105,17:20-17:30,82.82676190476192
2025-08-18,109,110,18:00-18:20,27.38150999999977
2025-08-18,114,115,18:50-19:10,71.78685523809543
2025-08-18,119,120,19:40-20:00,86.75531428571401
2025-08-18,122,123,20:10-20:30,83.81051142857154
2025-08-18,129,131,21:20-21:50,71.06025999999997
2025-08-18,135,135,22:20-22:30,20.26816666666673
2025-08-18,137,138,22:40-23:00,65.43694000000005
2025-08-18,142,143,23:30-23:50,65.87004333333357
2025-08-19,4,6,00:30-01:00,75.47362895008882
2025-08-19,12,12,01:50-02:00,54.49792333333335
2025-08-19,15,15,02:20-02:30,25.650920646684312
2025-08-19,22,22,03:30-03:40,1.2758333333334515
2025-08-19,28,28,04:30-04:40,10.044023333333339
2025-08-19,38,39,06:10-06:30,54.63039047619043
2025-08-19,42,43,06:50-07:10,32.28009666666668
2025-08-19,47,51,07:40-08:30,153.81763809523818
2025-08-19,55,55,09:00-09:10,38.60997714285736
2025-08-19,58,59,09:30-09:50,57.128375238095714
2025-08-19,61,62,10:00-10:20,31.663593333333665
2025-08-19,65,69,10:40-11:30,205.49122571428552
2025-08-19,73,74,12:00-12:20,7.6540257142860355
2025-08-19,88,89,14:30-14:50,44.83626054673755
2025-08-19,96,96,15:50-16:00,21.184461428571353
2025-08-19,99,99,16:20-16:30,11.751285238095193
2025-08-19,110,111,18:10-18:30,44.75790950029266
2025-08-19,114,114,18:50-19:00,15.608571904761789
2025-08-19,116,117,19:10-19:30,120.7428023809523
2025-08-19,120,121,19:50-20:10,26.532079523809557
2025-08-19,124,126,20:30-21:00,83.3556666666667
2025-08-19,129,130,21:20-21:40,79.05385999999987
2025-08-19,133,134,22:00-22:20,43.623426666666546
2025-08-19,136,136,22:30-22:40,46.63952333333327
2025-08-19,139,140,23:00-23:20,36.847699999999804
2025-08-19,142,143,23:30-23:50,54.745373333333646
2025-08-20,2,3,00:10-00:30,76.88151000000028
2025-08-20,8,9,01:10-01:30,53.680766666666614
2025-08-20,12,12,01:50-02:00,45.34316333333322
2025-08-20,17,19,02:40-03:10,70.36809333333338
2025-08-20,23,24,03:40-04:00,51.67898666666656
2025-08-20,33,33,05:20-05:30,10.425869047619244
2025-08-20,38,44,06:10-07:20,90.07998000000043
2025-08-20,46,49,07:30-08:10,75.06010428571432
2025-08-20,52,57,08:30-09:30,382.91868571428415
2025-08-20,61,65,10:00-10:50,140.59974666666722
2025-08-20,67,67,11:00-11:10,8.577985714285433
2025-08-20,69,70,11:20-11:40,111.46609619047672
2025-08-20,73,74,12:00-12:20,80.97385714285679
2025-08-20,79,82,13:00-13:40,209.74585761904746
2025-08-20,85,89,14:00-14:50,350.39986285714303
2025-08-20,93,93,15:20-15:30,54.506672857143144
2025-08-20,98,100,16:10-16:40,160.5878907726152
2025-08-20,103,105,17:00-17:30,48.26854380952375
2025-08-20,107,109,17:40-18:10,160.34734674761978
2025-08-20,111,116,18:20-19:20,830.1088073226181
2025-08-20,119,126,19:40-21:00,509.3178961904762
2025-08-20,129,129,21:20-21:30,58.16366000000005
2025-08-20,132,133,21:50-22:10,42.715766666666696
2025-08-20,136,140,22:30-23:20,65.94634333333329
2025-08-20,144,144,23:50-24:00,24.374336666666522
2025-08-21,1,1,00:00-00:10,13.389276666666774
2025-08-21,5,6,00:40-01:00,30.374289999999974
2025-08-21,12,13,01:50-02:10,8.69922999999983
2025-08-21,16,18,02:30-03:00,70.59299999999985
2025-08-21,23,24,03:40-04:00,35.88785523809531
2025-08-21,27,27,04:20-04:30,9.574779047619018
2025-08-21,29,30,04:40-05:00,57.07350000000008
2025-08-21,33,33,05:20-05:30,13.371425238094957
2025-08-21,38,39,06:10-06:30,92.30603238095227
2025-08-21,43,44,07:00-07:20,88.91027523809555
2025-08-21,48,48,07:50-08:00,40.90492285714288
2025-08-21,53,55,08:40-09:10,119.28845095238091
2025-08-21,57,58,09:20-09:40,75.42411095238117
2025-08-21,61,62,10:00-10:20,79.79541523809462
2025-08-21,66,71,10:50-11:50,112.20410952380962
2025-08-21,74,75,12:10-12:30,78.98353380952335
2025-08-21,85,85,14:00-14:10,3.1393333333332976
2025-08-21,91,93,15:00-15:30,93.32901190476184
2025-08-21,96,97,15:50-16:10,92.94144952380975
2025-08-21,108,109,17:50-18:10,89.81018428571407
2025-08-21,112,113,18:30-18:50,64.09463190476183
2025-08-21,115,116,19:00-19:20,51.23330238095252
2025-08-21,118,118,19:30-19:40,5.658204761904813
2025-08-21,122,123,20:10-20:30,49.618993333333336
2025-08-21,125,126,20:40-21:00,29.563406666666538
2025-08-21,129,129,21:20-21:30,38.987016666666705
2025-08-21,131,132,21:40-22:00,30.179393333333337
2025-08-21,138,141,22:50-23:30,34.65012000000047
2025-08-21,143,144,23:40-24:00,42.55193666666685
2025-08-22,3,3,00:20-00:30,37.32322333333343
2025-08-22,7,10,01:00-01:40,125.32875333333357
2025-08-22,13,14,02:00-02:20,13.886220000000208
2025-08-22,16,17,02:30-02:50,59.71255000000008
2025-08-22,19,19,03:00-03:10,7.238080000000082
2025-08-22,22,24,03:30-04:00,108.96466666666677
2025-08-22,27,28,04:20-04:40,26.137250952380896
2025-08-22,32,34,05:10-05:40,101.08005380952382
2025-08-22,40,40,06:30-06:40,18.020493809523828
2025-08-22,43,44,07:00-07:20,42.881922857143024
2025-08-22,46,47,07:30-07:50,50.36074952380977
2025-08-22,50,51,08:10-08:30,71.39996809523825
2025-08-22,54,58,08:50-09:40,114.49872428571462
2025-08-22,62,64,10:10-10:40,94.0247157142851
2025-08-22,97,99,16:00-16:30,57.25666666666655
2025-08-22,103,103,17:00-17:10,9.097124285714244
2025-08-22,109,110,18:00-18:20,65.93566476190466
2025-08-22,113,114,18:40-19:00,110.40881714285706
2025-08-22,117,117,19:20-19:30,4.375092857142818
2025-08-22,119,120,19:40-20:00,42.1958699999999
2025-08-22,122,123,20:10-20:30,135.91042666666658
2025-08-22,127,128,21:00-21:20,29.081299999999942
2025-08-22,133,134,22:00-22:20,70.85624999999993
2025-08-22,139,141,23:00-23:30,51.9692533333332
2025-08-23,2,3,00:10-00:30,34.407496666666816
2025-08-23,6,6,00:50-01:00,1.841389999999933
2025-08-23,10,11,01:30-01:50,88.07365666666692
2025-08-23,14,14,02:10-02:20,16.844929999999977
2025-08-23,18,19,02:50-03:10,117.00604999999996
2025-08-23,22,23,03:30-03:50,74.34403333333326
2025-08-23,25,26,04:00-04:20,52.27496333333329
2025-08-23,29,30,04:40-05:00,58.89201142857155
2025-08-23,33,34,05:20-05:40,50.60855285714278
2025-08-23,38,38,06:10-06:20,18.914710952380858
2025-08-23,41,42,06:40-07:00,40.710200476190494
2025-08-23,44,45,07:10-07:30,52.405063809523824
2025-08-23,47,48,07:40-08:00,35.0256999999998
2025-08-23,51,56,08:20-09:20,172.083851904762
2025-08-23,59,60,09:40-10:00,29.693254285714147
2025-08-23,62,65,10:10-10:50,63.73313238095261
2025-08-23,96,96,15:50-16:00,7.460239523809264
2025-08-23,99,99,16:20-16:30,14.884812857142833
2025-08-23,104,105,17:10-17:30,29.85977380952363
2025-08-23,108,109,17:50-18:10,25.390596190476153
2025-08-23,113,114,18:40-19:00,23.338536666666585
2025-08-23,117,118,19:20-19:40,35.91686142857134
2025-08-23,121,123,20:00-20:30,48.749666666666485
2025-08-23,127,130,21:00-21:40,87.30252666666695
2025-08-23,134,135,22:10-22:30,85.39169666666692
2025-08-23,137,138,22:40-23:00,33.84139666666715
2025-08-23,141,142,23:20-23:40,36.163416666666535
2025-08-24,2,2,00:10-00:20,21.608730000000264
2025-08-24,4,4,00:30-00:40,2.967413333333184
2025-08-24,7,7,01:00-01:10,25.66820333333328
2025-08-24,10,14,01:30-02:20,87.98481333333336
2025-08-24,18,21,02:50-03:30,75.94277666666687
2025-08-24,25,25,04:00-04:10,5.391981904762012
2025-08-24,29,30,04:40-05:00,36.98143047619055
2025-08-24,32,33,05:10-05:30,54.9759519047617
2025-08-24,37,38,06:00-06:20,46.32011523809501
2025-08-24,40,41,06:30-06:50,30.94077142857151
2025-08-24,43,43,07:00-07:10,1.1375609523810795
2025-08-24,46,46,07:30-07:40,38.63473952380937
2025-08-24,49,50,08:00-08:20,63.70847666666657
2025-08-24,53,54,08:40-09:00,121.79229428571466
2025-08-24,57,57,09:20-09:30,64.97397809523864
2025-08-24,60,61,09:50-10:10,140.16601761904758
2025-08-24,64,64,10:30-10:40,116.29376761904746
2025-08-24,67,68,11:00-11:20,144.0437547619049
2025-08-24,70,70,11:30-11:40,14.982424285713932
2025-08-24,86,86,14:10-14:20,15.845903809524089
2025-08-24,88,88,14:30-14:40,15.193712857143055
2025-08-24,92,92,15:10-15:20,24.545796190475812
2025-08-24,96,99,15:50-16:30,67.68095380952366
2025-08-24,102,105,16:50-17:30,60.678263333333376
2025-08-24,108,109,17:50-18:10,58.73489190476191
2025-08-24,112,112,18:30-18:40,10.372569047618981
2025-08-24,117,119,19:20-19:50,88.8694776190473
2025-08-24,122,126,20:10-21:00,34.734029999999706
2025-08-24,128,129,21:10-21:30,34.6779733333334
2025-08-24,134,135,22:10-22:30,45.7448499999997
2025-08-24,138,140,22:50-23:20,104.65854333333345
2025-08-24,143,143,23:40-23:50,5.563116666666701
2025-08-25,3,6,00:20-01:00,48.1007566666666
2025-08-25,10,10,01:30-01:40,15.379923333333522
2025-08-25,13,17,02:00-02:50,68.46454666666648
2025-08-25,19,19,03:00-03:10,4.7862366666668095
2025-08-25,23,24,03:40-04:00,120.40302380952346
2025-08-25,29,30,04:40-05:00,112.03452380952365
2025-08-25,33,33,05:20-05:30,38.48283142857156
2025-08-25,37,40,06:00-06:40,56.32462999999984
2025-08-25,43,45,07:00-07:30,66.0581190476193
2025-08-25,48,48,07:50-08:00,37.49995761904802
2025-08-25,52,52,08:30-08:40,7.328982380952198
2025-08-25,55,56,09:00-09:20,59.5644404761905
2025-08-25,59,64,09:40-10:40,146.36271999999963
2025-08-25,69,72,11:20-12:00,159.3504980952382
2025-08-25,76,78,12:30-13:00,140.6988571428567
2025-08-25,85,103,14:00-17:10,1246.3276293135477
2025-08-25,106,111,17:30-18:30,134.87418287618922
2025-08-25,115,117,19:00-19:30,178.89781384941114
2025-08-25,119,126,19:40-21:00,396.6804142857144
2025-08-25,129,132,21:20-22:00,68.25480333333314
2025-08-25,135,139,22:20-23:10,92.99106333333361
2025-08-25,143,144,23:40-24:00,21.91298999999981
2025-08-26,4,8,00:30-01:20,75.29458666666676
2025-08-26,13,17,02:00-02:50,132.91774000000044
2025-08-26,21,22,03:20-03:40,86.61020333333346
2025-08-26,25,27,04:00-04:30,58.153666666666346
2025-08-26,31,33,05:00-05:30,36.932773809523844
2025-08-26,36,37,05:50-06:10,86.2936428571428
2025-08-26,40,40,06:30-06:40,22.35035999999991
2025-08-26,43,44,07:00-07:20,81.28048047619052
2025-08-26,47,47,07:40-07:50,7.69246761904742
2025-08-26,50,51,08:10-08:30,79.55848761904758
2025-08-26,55,56,09:00-09:20,20.84579952380966
2025-08-26,62,64,10:10-10:40,93.04678285714249
2025-08-26,67,67,11:00-11:10,4.4626685714288215
2025-08-26,75,75,12:20-12:30,86.03157142857117
2025-08-26,90,90,14:50-15:00,6.57243190476197
2025-08-26,97,98,16:00-16:20,63.349927619047776
2025-08-26,100,103,16:30-17:10,82.22507333333351
2025-08-26,106,107,17:30-17:50,32.86044142857122
2025-08-26,109,111,18:00-18:30,34.78022619047659
2025-08-26,114,115,18:50-19:10,47.54598047619038
2025-08-26,118,119,19:30-19:50,54.40196142857167
2025-08-26,124,125,20:30-20:50,56.453833333333705
2025-08-26,127,129,21:00-21:30,42.80200000000002
2025-08-26,132,133,21:50-22:10,30.932463333333544
2025-08-26,137,137,22:40-22:50,50.06163333333325
2025-08-26,140,141,23:10-23:30,51.21742999999992
2025-08-26,144,144,23:50-24:00,20.454819999999927
2025-08-27,2,2,00:10-00:20,0.1449566666666442
2025-08-27,7,8,01:00-01:20,112.44834333333324
2025-08-27,10,10,01:30-01:40,1.4011966666666922
2025-08-27,13,14,02:00-02:20,75.26214000000027
2025-08-27,18,18,02:50-03:00,10.277296666666416
2025-08-27,20,22,03:10-03:40,71.6515090476189
2025-08-27,25,25,04:00-04:10,16.41896000000022
2025-08-27,28,28,04:30-04:40,4.393086190476016
2025-08-27,31,32,05:00-05:20,53.074549999999824
2025-08-27,35,37,05:40-06:10,24.988212857142635
2025-08-27,40,42,06:30-07:00,73.39869047619044
2025-08-27,45,45,07:20-07:30,0.43514047619038365
2025-08-27,47,49,07:40-08:10,120.04766285714311
2025-08-27,51,54,08:20-09:00,120.12485619047595
2025-08-27,57,57,09:20-09:30,56.44884142857154
2025-08-27,60,60,09:50-10:00,0.776862380952025
2025-08-27,63,66,10:20-11:00,161.2698576190478
2025-08-27,68,70,11:10-11:40,52.53705999999988
2025-08-27,78,78,12:50-13:00,51.32840095238066
2025-08-27,86,87,14:10-14:30,95.65356047619048
2025-08-27,97,99,16:00-16:30,35.55677380952392
2025-08-27,103,104,17:00-17:20,40.31989523809531
2025-08-27,110,111,18:10-18:30,113.05912428571419
2025-08-27,114,114,18:50-19:00,25.13026190476205
2025-08-27,116,117,19:10-19:30,39.543796666666594
2025-08-27,120,120,19:50-20:00,25.440976190475908
2025-08-27,123,124,20:20-20:40,8.284317142857276
2025-08-27,127,127,21:00-21:10,3.9778299999999263
2025-08-27,129,131,21:20-21:50,40.83908666666696
2025-08-27,133,134,22:00-22:20,20.834706666666534
2025-08-27,136,136,22:30-22:40,2.9662766666665448
2025-08-27,139,140,23:00-23:20,51.783046666666905
2025-08-28,4,7,00:30-01:10,124.9528733333334
2025-08-28,10,10,01:30-01:40,53.97736999999984
2025-08-28,13,14,02:00-02:20,90.17118333333303
2025-08-28,16,19,02:30-03:10,69.5320366666665
2025-08-28,23,24,03:40-04:00,26.810482380952294
2025-08-28,26,27,04:10-04:30,82.79384523809495
2025-08-28,31,32,05:00-05:20,46.354089999999594
2025-08-28,35,36,05:40-06:00,59.52923857142883
2025-08-28,42,42,06:50-07:00,12.9792423809522
2025-08-28,44,46,07:10-07:40,40.18790428571407
2025-08-28,50,50,08:10-08:20,0.8815628571431944
2025-08-28,54,56,08:50-09:20,173.1400685714284
2025-08-28,58,60,09:30-10:00,78.39908333333358
2025-08-28,62,63,10:10-10:30,83.96506
2025-08-28,65,67,10:40-11:10,131.05029000000036
2025-08-28,71,73,11:40-12:10,105.7791014285715
2025-08-28,80,82,13:10-13:40,114.43653857142908
2025-08-28,86,90,14:10-15:00,318.8167238095241
2025-08-28,94,98,15:30-16:20,109.73203761904722
2025-08-28,100,100,16:30-16:40,36.80330380952398
2025-08-28,103,105,17:00-17:30,265.65038666666726
2025-08-28,109,114,18:00-19:00,210.44062904761884
2025-08-28,116,117,19:10-19:30,701.535514595339
2025-08-28,119,120,19:40-20:00,141.27501333333373
2025-08-28,122,124,20:10-20:40,145.8459000000003
2025-08-28,127,131,21:00-21:50,118.35640653333408
2025-08-28,134,134,22:10-22:20,8.370036666666465
2025-08-28,137,138,22:40-23:00,133.54151000000002
2025-08-28,141,141,23:20-23:30,43.211486666666815
2025-08-29,4,5,00:30-00:50,86.26744666666639
2025-08-29,9,9,01:20-01:30,14.44872666666663
2025-08-29,13,13,02:00-02:10,29.03368999999998
2025-08-29,16,17,02:30-02:50,36.874036666666484
2025-08-29,21,24,03:20-04:00,101.17712666666625
2025-08-29,27,28,04:20-04:40,26.02940095238114
2025-08-29,32,33,05:10-05:30,67.28617571428566
2025-08-29,36,39,05:50-06:30,64.9089547619048
2025-08-29,42,44,06:50-07:20,80.3774895238094
2025-08-29,50,52,08:10-08:40,57.93053571428584
2025-08-29,55,56,09:00-09:20,58.551726666666355
2025-08-29,59,60,09:40-10:00,31.618607142856945
2025-08-29,63,63,10:20-10:30,42.75355285714318
2025-08-29,66,68,10:50-11:20,190.83778142857113
2025-08-29,98,99,16:10-16:30,59.07196857142833
2025-08-29,101,102,16:40-17:00,80.11351571428605
2025-08-29,105,106,17:20-17:40,40.48698142857165
2025-08-29,109,110,18:00-18:20,35.098006666666734
2025-08-29,112,113,18:30-18:50,25.377438571428684
2025-08-29,116,117,19:10-19:30,43.07328000000018
2025-08-29,119,121,19:40-20:10,78.81224333333296
2025-08-29,124,125,20:30-20:50,36.46706999999992
2025-08-29,129,129,21:20-21:30,13.572693333333405
2025-08-29,131,133,21:40-22:10,71.30665666666653
2025-08-29,136,137,22:30-22:50,43.11053333333348
2025-08-29,140,141,23:10-23:30,30.101689999999962
2025-08-30,1,2,00:00-00:20,21.493433333333314
2025-08-30,4,5,00:30-00:50,58.197673333333455
2025-08-30,9,11,01:20-01:50,52.02296999999976
2025-08-30,13,14,02:00-02:20,13.259753333333265
2025-08-30,18,18,02:50-03:00,2.4711099999999533
2025-08-30,20,21,03:10-03:30,14.94887000000017
2025-08-30,24,26,03:50-04:20,105.5168000000001
2025-08-30,31,33,05:00-05:30,71.88466666666677
2025-08-30,37,37,06:00-06:10,36.6952828571429
2025-08-30,40,43,06:30-07:10,58.07447285714278
2025-08-30,46,47,07:30-07:50,19.990394761904895
2025-08-30,49,49,08:00-08:10,18.520268571428915
2025-08-30,52,52,08:30-08:40,21.380691904761875
2025-08-30,55,56,09:00-09:20,155.30320333333316
2025-08-30,58,58,09:30-09:40,11.41656523809479
2025-08-30,61,61,10:00-10:10,14.20392857142815
2025-08-30,96,96,15:50-16:00,27.403220533334093
2025-08-30,98,99,16:10-16:30,55.98711285714296
2025-08-30,103,106,17:00-17:40,98.59884476190473
2025-08-30,109,110,18:00-18:20,53.0536519047618
2025-08-30,113,116,18:40-19:20,91.84050238095239
2025-08-30,121,121,20:00-20:10,43.02895666666666
2025-08-30,124,125,20:30-20:50,74.20369666666659
2025-08-30,128,131,21:10-21:50,80.65030666666678
2025-08-30,134,136,22:10-22:40,64.5178433333333
2025-08-30,140,141,23:10-23:30,95.81975333333321
2025-08-31,2,3,00:10-00:30,36.28322000000037
2025-08-31,6,7,00:50-01:10,20.8500733333334
2025-08-31,10,12,01:30-02:00,62.183333333333394
2025-08-31,17,19,02:40-03:10,70.99419333333333
2025-08-31,22,23,03:30-03:50,38.22980666666683
2025-08-31,25,27,04:00-04:30,48.39366666666651
2025-08-31,30,31,04:50-05:10,49.19485142857107
2025-08-31,35,36,05:40-06:00,38.99969285714319
2025-08-31,38,39,06:10-06:30,1.0132019047618996
2025-08-31,42,44,06:50-07:20,107.20376142857157
2025-08-31,46,46,07:30-07:40,15.304203809523983
2025-08-31,50,52,08:10-08:40,28.344970952380436
2025-08-31,56,59,09:10-09:50,234.3794785714283
2025-08-31,63,64,10:20-10:40,41.852029047619
2025-08-31,66,66,10:50-11:00,1.7197799999999006
2025-08-31,71,72,11:40-12:00,106.82099666666659
2025-08-31,76,77,12:30-12:50,46.93277952380913
2025-08-31,81,81,13:20-13:30,6.8847842857144315
2025-08-31,84,85,13:50-14:10,104.17691666666656
2025-08-31,88,89,14:30-14:50,149.65843809523813
2025-08-31,94,94,15:30-15:40,2.9474693142889237
2025-08-31,98,99,16:10-16:30,11.608158097697697
2025-08-31,101,101,16:40-16:50,9.83405952380923
2025-08-31,105,105,17:20-17:30,15.004607142857338
2025-08-31,109,109,18:00-18:10,42.82396619047611
2025-08-31,113,116,18:40-19:20,22.37091333333347
2025-08-31,120,121,19:50-20:10,65.78603619047612
2025-08-31,124,125,20:30-20:50,44.344176666666726
2025-08-31,128,130,21:10-21:40,70.46667333333346
2025-08-31,134,134,22:10-22:20,16.132769999999823
2025-08-31,137,138,22:40-23:00,82.19684333333316
2025-08-31,141,141,23:20-23:30,18.21049666666704
2025-09-01,2,3,00:10-00:30,34.06305751910429
2025-09-01,38,39,06:10-06:30,36.11130571428578
2025-09-01,48,50,07:50-08:20,108.67951476190433
2025-09-01,52,52,08:30-08:40,9.253609047619648
2025-09-01,56,61,09:10-10:10,271.9341880952379
2025-09-01,66,67,10:50-11:10,52.26004809523829
2025-09-01,70,71,11:30-11:50,144.25255952380985
2025-09-01,75,75,12:20-12:30,42.19990952380954
2025-09-01,115,115,19:00-19:10,35.91870999999992
2025-09-01,118,119,19:30-19:50,31.612222380952176
2025-09-01,123,124,20:20-20:40,23.65904761904767
2025-09-01,127,127,21:00-21:10,26.571453333333466
2025-09-01,131,131,21:40-21:50,16.774220000000014
2025-09-01,134,134,22:10-22:20,4.120406666666668
2025-09-02,27,28,04:20-04:40,9.211247619047754
2025-09-02,30,31,04:50-05:10,13.566654761904942
2025-09-02,36,36,05:50-06:00,18.919051428571606
2025-09-02,39,41,06:20-06:50,46.55797571428565
2025-09-02,49,50,08:00-08:20,18.37822714285744
2025-09-02,52,52,08:30-08:40,45.53733619047625
2025-09-02,55,55,09:00-09:10,21.383953809524087
2025-09-02,58,59,09:30-09:50,48.87068523809535
2025-09-02,61,62,10:00-10:20,50.58529238095184
2025-09-02,69,70,11:20-11:40,84.64686333333384
2025-09-02,77,77,12:40-12:50,17.579969523809496
2025-09-02,115,115,19:00-19:10,20.45101333333332
2025-09-02,118,119,19:30-19:50,34.66404619047637
2025-09-02,124,124,20:30-20:40,40.02481
2025-09-02,127,127,21:00-21:10,12.405510000000163
2025-09-02,130,131,21:30-21:50,34.5224066666666
2025-09-02,134,134,22:10-22:20,1.8671633333334512
2025-09-02,137,137,22:40-22:50,0.6211566666665931
2025-09-02,139,139,23:00-23:10,6.189103333333378
2025-09-02,142,142,23:30-23:40,28.441133333333255
2025-09-03,2,2,00:10-00:20,51.616080000000125
2025-09-03,30,30,04:50-05:00,48.000666666666575
2025-09-03,36,36,05:50-06:00,3.861405714285638
2025-09-03,39,40,06:20-06:40,32.926591428571555
2025-09-03,43,43,07:00-07:10,23.736788095238012
2025-09-03,46,46,07:30-07:40,25.608788095238253
2025-09-03,52,56,08:30-09:20,139.80495476190492
2025-09-03,58,58,09:30-09:40,37.4252461904764
2025-09-03,61,61,10:00-10:10,11.18988047619041
2025-09-03,64,66,10:30-11:00,126.91411904761844
2025-09-03,75,75,12:20-12:30,20.73636904761929
2025-09-03,95,95,15:40-15:50,0.4545876190478566
2025-09-03,114,114,18:50-19:00,31.509006666666664
2025-09-03,120,121,19:50-20:10,45.448733809523674
2025-09-03,124,125,20:30-20:50,105.06286333333344
2025-09-03,130,131,21:30-21:50,12.838200000000029
2025-09-03,134,134,22:10-22:20,6.248199999999883
2025-09-03,137,138,22:40-23:00,69.29763333333358
2025-09-04,2,2,00:10-00:20,27.421016666666787
2025-09-04,4,4,00:30-00:40,6.416886666666642
2025-09-04,28,28,04:30-04:40,10.583857619047649
2025-09-04,37,38,06:00-06:20,43.22565666666651
2025-09-04,40,40,06:30-06:40,25.146692380952572
2025-09-04,43,44,07:00-07:20,31.20750476190466
2025-09-04,46,48,07:30-08:00,66.40670238095231
2025-09-04,51,51,08:20-08:30,25.445474761904848
2025-09-04,57,58,09:20-09:40,27.26371999999924
2025-09-04,61,62,10:00-10:20,137.41740619047573
2025-09-04,65,66,10:40-11:00,148.91080190476168
2025-09-04,68,69,11:10-11:30,91.09472333333338
2025-09-04,73,74,12:00-12:20,56.6802604761906
2025-09-04,88,88,14:30-14:40,10.84578333333343
2025-09-04,114,114,18:50-19:00,13.590524285714082
2025-09-04,118,119,19:30-19:50,78.61841285714263
2025-09-04,121,121,20:00-20:10,11.24321000000009
2025-09-04,124,125,20:30-20:50,51.174886666666794
2025-09-04,130,131,21:30-21:50,49.732003333333296
2025-09-04,134,134,22:10-22:20,20.52098333333356
2025-09-04,137,141,22:40-23:30,92.4684166666666
2025-09-04,143,144,23:40-24:00,41.93680333333339
2025-09-05,3,4,00:20-00:40,41.687469999999905
2025-09-05,16,17,02:30-02:50,26.581320000000005
2025-09-05,19,20,03:00-03:20,10.86210333333338
2025-09-05,24,26,03:50-04:20,42.82449809523797
2025-09-05,29,31,04:40-05:10,57.488824285714145
2025-09-05,34,38,05:30-06:20,122.3237476190476
2025-09-05,42,42,06:50-07:00,44.85749952380951
2025-09-05,46,47,07:30-07:50,92.68960523809517
2025-09-05,50,52,08:10-08:40,52.52682714285697
2025-09-05,55,55,09:00-09:10,13.769488095237875
2025-09-05,58,58,09:30-09:40,41.29162333333329
2025-09-05,61,61,10:00-10:10,35.563623333333226
2025-09-05,109,109,18:00-18:10,11.80512333333332
2025-09-05,113,115,18:40-19:10,104.98304095238075
2025-09-05,118,119,19:30-19:50,70.85864714285685
2025-09-05,124,125,20:30-20:50,58.990610000000174
2025-09-05,128,129,21:10-21:30,19.455526666666515
2025-09-05,131,132,21:40-22:00,46.15230333333318
2025-09-05,135,135,22:20-22:30,19.98585666666645
2025-09-05,139,140,23:00-23:20,67.25504666666666
2025-09-05,143,143,23:40-23:50,17.135720000000106
2025-09-06,3,6,00:20-01:00,104.98290333333318
2025-09-06,15,15,02:20-02:30,43.622083333333364
2025-09-06,21,22,03:20-03:40,61.42597000000006
2025-09-06,25,26,04:00-04:20,16.958310476190434
2025-09-06,29,31,04:40-05:10,63.3715323809522
2025-09-06,34,35,05:30-05:50,58.769572857142805
2025-09-06,38,40,06:10-06:40,42.48875952380959
2025-09-06,43,46,07:00-07:40,114.74738095238098
2025-09-06,49,50,08:00-08:20,39.49398619047611
2025-09-06,53,54,08:40-09:00,106.79696952380948
2025-09-06,56,57,09:10-09:30,69.06704380952385
2025-09-06,64,64,10:30-10:40,14.01938904761937
2025-09-06,108,109,17:50-18:10,58.349324285714296
2025-09-06,113,113,18:40-18:50,9.873856666666711
2025-09-06,117,119,19:20-19:50,127.81946333333309
2025-09-06,125,128,20:40-21:20,56.52547333333325
2025-09-06,133,133,22:00-22:10,7.847639999999956
2025-09-06,136,139,22:30-23:10,78.71209000000022
2025-09-06,142,143,23:30-23:50,33.54262999999992
2025-09-07,2,2,00:10-00:20,21.51830666666649
2025-09-07,5,5,00:40-00:50,9.325977818932074
2025-09-07,30,33,04:50-05:30,39.764500952381155
2025-09-07,36,37,05:50-06:10,31.518050952380804
2025-09-07,39,41,06:20-06:50,27.275917619048187
2025-09-07,44,45,07:10-07:30,14.619465714285582
2025-09-07,47,50,07:40-08:20,147.9821476190474
2025-09-07,54,55,08:50-09:10,58.80507238095265
2025-09-07,58,58,09:30-09:40,25.153067142857253
2025-09-07,61,61,10:00-10:10,56.8987042857143
2025-09-07,67,68,11:00-11:20,28.028438095238243
2025-09-07,70,71,11:30-11:50,37.26423523809581
2025-09-07,74,76,12:10-12:40,134.41692238095243
2025-09-07,79,80,13:00-13:20,75.39758857142851
2025-09-07,113,113,18:40-18:50,12.842493333333323
2025-09-07,117,117,19:20-19:30,0.7156257142855793
2025-09-07,119,121,19:40-20:10,25.306405238094953
2025-09-07,126,127,20:50-21:10,91.6119866666669
2025-09-07,131,132,21:40-22:00,28.85956333333297
2025-09-07,136,137,22:30-22:50,38.02755333333323
2025-09-07,139,141,23:00-23:30,61.79899999999998
2025-09-07,143,143,23:40-23:50,7.422593333333452
2025-09-08,22,22,03:30-03:40,2.9880499999998165
2025-09-08,28,29,04:30-04:50,68.04072142857152
2025-09-08,31,31,05:00-05:10,38.56232666666676
2025-09-08,35,35,05:40-05:50,9.280429999999898
2025-09-08,37,37,06:00-06:10,18.023888571428756
2025-09-08,41,43,06:40-07:10,52.97824809523837
2025-09-08,48,50,07:50-08:20,74.92111142857141
2025-09-08,52,56,08:30-09:20,50.64078857142863
2025-09-08,58,60,09:30-10:00,141.1001666666666
2025-09-08,64,64,10:30-10:40,69.56610047619051
2025-09-08,67,67,11:00-11:10,27.974443809523336
2025-09-08,71,72,11:40-12:00,137.22206285714287
2025-09-08,75,75,12:20-12:30,2.0176400000004833
2025-09-08,78,81,12:50-13:30,108.83342952380985
2025-09-08,83,84,13:40-14:00,35.08776047619085
2025-09-08,87,90,14:20-15:00,79.17676857142897
2025-09-08,99,101,16:20-16:50,37.18831619047626
2025-09-08,105,105,17:20-17:30,13.042594285714472
2025-09-08,110,111,18:10-18:30,32.165778095238124
2025-09-08,115,115,19:00-19:10,5.643100952380792
2025-09-08,118,118,19:30-19:40,4.412736666666433
2025-09-08,121,122,20:00-20:20,45.5814266666664
2025-09-08,125,127,20:40-21:10,59.5778466666668
2025-09-08,130,130,21:30-21:40,14.136016666666592
2025-09-08,133,133,22:00-22:10,26.566126666666605
2025-09-08,137,138,22:40-23:00,85.05111333333366
2025-09-08,141,141,23:20-23:30,8.582703333333257
2025-09-08,143,144,23:40-24:00,73.81498666666664
2025-09-09,3,3,00:20-00:30,30.250026666666713
2025-09-09,5,6,00:40-01:00,11.572599999999966
2025-09-09,8,9,01:10-01:30,37.5567833333331
2025-09-09,11,12,01:40-02:00,39.50195333333318
2025-09-09,15,15,02:20-02:30,16.233066666666673
2025-09-09,25,25,04:00-04:10,35.643263333333266
2025-09-09,29,30,04:40-05:00,11.835745473250793
2025-09-09,36,37,05:50-06:10,40.1641557142857
2025-09-09,40,40,06:30-06:40,35.52815952380956
2025-09-09,43,45,07:00-07:30,59.119809523809295
2025-09-09,49,50,08:00-08:20,22.394686190476705
2025-09-09,52,52,08:30-08:40,15.267537142857236
2025-09-09,56,58,09:10-09:40,41.01431476190419
2025-09-09,61,61,10:00-10:10,8.58992000000012
2025-09-09,64,66,10:30-11:00,131.86373809523775
2025-09-09,70,71,11:30-11:50,77.41625761904788
2025-09-09,88,89,14:30-14:50,66.13422904761887
2025-09-09,109,109,18:00-18:10,21.906769523809658
2025-09-09,115,117,19:00-19:30,20.63499999999999
2025-09-09,121,122,20:00-20:20,91.81042666666656
2025-09-09,126,126,20:50-21:00,30.369433333333177
2025-09-09,128,129,21:10-21:30,14.717763333333437
2025-09-09,131,132,21:40-22:00,71.32228999999995
2025-09-09,135,139,22:20-23:10,76.09069333333389
2025-09-09,143,144,23:40-24:00,81.36932000000013
2025-09-10,3,6,00:20-01:00,91.20057666666662
2025-09-10,9,10,01:20-01:40,47.265196666666725
2025-09-10,14,14,02:10-02:20,9.720190000000116
2025-09-10,18,18,02:50-03:00,15.964836666666997
2025-09-10,25,25,04:00-04:10,2.1398466666665854
2025-09-10,35,36,05:40-06:00,102.01741476190452
2025-09-10,38,39,06:10-06:30,56.097667619047684
2025-09-10,42,44,06:50-07:20,65.95793285714313
2025-09-10,49,52,08:00-08:40,86.91941619047645
2025-09-10,55,58,09:00-09:40,190.46100523809463
2025-09-10,61,62,10:00-10:20,46.12323619047652
2025-09-10,65,66,10:40-11:00,53.621523809523524
2025-09-10,69,69,11:20-11:30,4.985601428571044
2025-09-10,71,72,11:40-12:00,63.317859523809375
2025-09-10,75,77,12:20-12:50,176.52072000000044
2025-09-10,79,80,13:00-13:20,135.37650333333318
2025-09-10,83,84,13:40-14:00,60.52653333333376
2025-09-10,89,90,14:40-15:00,111.33197857142841
2025-09-10,93,93,15:20-15:30,10.871229523810143
2025-09-10,96,96,15:50-16:00,28.34660333333352
2025-09-10,99,99,16:20-16:30,7.535099523809436
2025-09-10,102,105,16:50-17:30,76.47172428571434
2025-09-10,108,108,17:50-18:00,51.13675571428603
2025-09-10,112,114,18:30-19:00,120.63900000000028
2025-09-10,117,118,19:20-19:40,58.520517142857216
2025-09-10,121,123,20:00-20:30,93.49666666666633
2025-09-10,126,126,20:50-21:00,45.29689333333317
2025-09-10,129,130,21:20-21:40,64.82922000000053
2025-09-10,133,134,22:00-22:20,18.090056666666783
2025-09-10,137,138,22:40-23:00,92.0777800000003
2025-09-10,142,144,23:30-24:00,26.158333333333303
2025-09-11,6,8,00:50-01:20,55.35676333333356
2025-09-11,11,12,01:40-02:00,58.97048333333339
2025-09-11,15,15,02:20-02:30,50.98448333333329
2025-09-11,28,28,04:30-04:40,8.217286666666837
2025-09-11,32,33,05:10-05:30,22.914393333333564
2025-09-11,37,38,06:00-06:20,45.441135714285906
2025-09-11,40,41,06:30-06:50,16.436032380952156
2025-09-11,43,43,07:00-07:10,14.46615333333341
2025-09-11,46,46,07:30-07:40,2.1679609523813497
2025-09-11,49,51,08:00-08:30,165.91904761904755
2025-09-11,55,55,09:00-09:10,8.193923809523994
2025-09-11,62,63,10:10-10:30,47.40843761904716
2025-09-11,65,66,10:40-11:00,36.27197047619006
2025-09-11,69,69,11:20-11:30,17.896768571428538
2025-09-11,109,110,18:00-18:20,63.576146190476116
2025-09-11,114,116,18:50-19:20,36.10877999999968
2025-09-11,119,120,19:40-20:00,55.148374285714226
2025-09-11,122,123,20:10-20:30,54.84045619047595
2025-09-11,126,129,20:50-21:30,41.77459666666641
2025-09-11,134,136,22:10-22:40,47.42750000000012
2025-09-11,139,140,23:00-23:20,85.80602333333309
2025-09-11,143,144,23:40-24:00,33.25692333333325
2025-09-12,2,3,00:10-00:30,45.468493333333356
2025-09-12,7,7,01:00-01:10,10.522460000000137
2025-09-12,10,14,01:30-02:20,67.12223666666671
2025-09-12,16,17,02:30-02:50,31.02436333333344
2025-09-12,21,24,03:20-04:00,45.32619666666665
2025-09-12,27,27,04:20-04:30,13.49718095238103
2025-09-12,29,31,04:40-05:10,55.67528666666669
2025-09-12,34,42,05:30-07:00,88.15236904761915
2025-09-12,44,46,07:10-07:40,83.6462661904759
2025-09-12,49,50,08:00-08:20,12.824034285714333
2025-09-12,52,53,08:30-08:50,16.354620476190348
2025-09-12,56,56,09:10-09:20,4.832870952380745
2025-09-12,60,64,09:50-10:40,162.03798476190468
2025-09-12,108,108,17:50-18:00,19.6461647619047
2025-09-12,111,111,18:20-18:30,40.9452033333331
2025-09-12,114,116,18:50-19:20,33.11761999999999
2025-09-12,121,124,20:00-20:40,69.56758666666661
2025-09-12,127,128,21:00-21:20,82.35635333333357
2025-09-12,131,133,21:40-22:10,18.688476666666475
2025-09-12,136,137,22:30-22:50,38.07181000000003
2025-09-12,139,140,23:00-23:20,36.30191000000002
2025-09-12,144,144,23:50-24:00,12.384186666666778
2025-09-13,2,2,00:10-00:20,1.8166866666666692
2025-09-13,5,6,00:40-01:00,24.950210000000027
2025-09-13,8,9,01:10-01:30,54.24342333333334
2025-09-13,12,13,01:50-02:10,7.944050000000004
2025-09-13,17,18,02:40-03:00,38.30658999999986
2025-09-13,20,22,03:10-03:40,39.30763666666678
2025-09-13,25,26,04:00-04:20,86.60830285714292
2025-09-13,29,31,04:40-05:10,40.76798999999994
2025-09-13,34,35,05:30-05:50,15.605103333333375
2025-09-13,37,40,06:00-06:40,73.30730190476191
2025-09-13,44,45,07:10-07:30,33.02173333333326
2025-09-13,48,49,07:50-08:10,73.03936666666664
2025-09-13,52,52,08:30-08:40,21.375070476190558
2025-09-13,57,59,09:20-09:50,39.62033809523837
2025-09-13,62,63,10:10-10:30,46.32165000000009
2025-09-13,103,103,17:00-17:10,9.191841428571337
2025-09-13,108,108,17:50-18:00,0.30098571428545995
2025-09-13,111,112,18:20-18:40,36.99916904761894
2025-09-13,115,116,19:00-19:20,35.49481000000014
2025-09-13,118,118,19:30-19:40,6.909152857142772
2025-09-13,121,122,20:00-20:20,40.68559999999991
2025-09-13,125,126,20:40-21:00,45.262429999999995
2025-09-13,129,132,21:20-22:00,68.70458999999971
2025-09-13,136,137,22:30-22:50,97.41947000000016
2025-09-13,140,140,23:10-23:20,10.90072333333319
2025-09-13,144,144,23:50-24:00,18.135116666666704
2025-09-14,4,4,00:30-00:40,30.67753666666681
2025-09-14,7,8,01:00-01:20,53.02802333333352
2025-09-14,10,11,01:30-01:50,64.15592333333348
2025-09-14,14,14,02:10-02:20,7.036703333333207
2025-09-14,25,25,04:00-04:10,3.5939323809523103
2025-09-14,28,29,04:30-04:50,34.56801185773085
2025-09-14,32,33,05:10-05:30,81.96673333333344
2025-09-14,36,39,05:50-06:30,87.88599380952348
2025-09-14,42,42,06:50-07:00,0.04321571428573634
2025-09-14,45,49,07:20-08:10,108.86977190476199
2025-09-14,52,55,08:30-09:10,96.17336714285716
2025-09-14,58,61,09:30-10:10,98.20373666666683
2025-09-14,66,66,10:50-11:00,30.459512380952674
2025-09-14,68,69,11:10-11:30,68.0165561904762
2025-09-14,72,75,11:50-12:30,108.9676228571434
2025-09-14,78,78,12:50-13:00,7.815212857143024
2025-09-14,82,84,13:30-14:00,89.12690476190483
2025-09-14,90,90,14:50-15:00,43.282548095237985
2025-09-14,92,93,15:10-15:30,23.92318904761862
2025-09-14,95,96,15:40-16:00,39.984448095238236
2025-09-14,108,108,17:50-18:00,6.991039523809192
2025-09-14,110,111,18:10-18:30,52.47532333333356
2025-09-14,114,115,18:50-19:10,54.540537142857374
2025-09-14,119,120,19:40-20:00,102.99474857142854
2025-09-14,125,126,20:40-21:00,104.64307333333363
2025-09-14,129,132,21:20-22:00,73.00806333333287
2025-09-14,134,134,22:10-22:20,5.050119999999993
2025-09-14,138,140,22:50-23:20,82.22540666666646
2025-09-14,144,144,23:50-24:00,33.43723000000011
2025-09-15,4,5,00:30-00:50,113.15143999999975
2025-09-15,8,11,01:10-01:50,91.1660433333335
2025-09-15,13,13,02:00-02:10,0.3354866666668386
2025-09-15,16,17,02:30-02:50,11.095453333333467
2025-09-15,20,22,03:10-03:40,70.45206666666661
2025-09-15,25,26,04:00-04:20,6.833990000000212
2025-09-15,28,30,04:30-05:00,19.36566666666657
2025-09-15,33,33,05:20-05:30,36.40345666666656
2025-09-15,35,36,05:40-06:00,22.023166190475933
2025-09-15,38,40,06:10-06:40,41.314789523809395
2025-09-15,43,44,07:00-07:20,40.50731857142853
2025-09-15,47,48,07:40-08:00,6.880356666666557
2025-09-15,52,53,08:30-08:50,140.71011333333342
2025-09-15,57,57,09:20-09:30,13.298743333333505
2025-09-15,62,62,10:10-10:20,5.2604880952383155
2025-09-15,66,70,10:50-11:40,205.61416428571442
2025-09-15,74,74,12:10-12:20,66.93443523809492
2025-09-15,88,90,14:30-15:00,51.699217142857265
2025-09-15,108,108,17:50-18:00,51.43934238095217
2025-09-15,111,113,18:20-18:50,57.60180000000027
2025-09-15,118,119,19:30-19:50,91.91886999999986
2025-09-15,121,122,20:00-20:20,15.134056666666538
2025-09-15,124,126,20:30-21:00,23.86100000000033
2025-09-15,130,130,21:30-21:40,12.673636666666653
2025-09-15,134,136,22:10-22:40,64.78832999999986
2025-09-15,140,141,23:10-23:30,69.66210999999998
2025-09-15,144,144,23:50-24:00,21.69733666666673
2025-09-16,2,2,00:10-00:20,19.784226666666882
2025-09-16,6,8,00:50-01:20,28.062843333333035
2025-09-16,10,12,01:30-02:00,47.132999999999925
2025-09-16,15,16,02:20-02:40,59.43864999999994
2025-09-16,19,19,03:00-03:10,34.05854666666653
2025-09-16,22,25,03:30-04:10,93.69774333333328
2025-09-16,28,28,04:30-04:40,7.676556666666784
2025-09-16,31,33,05:00-05:30,21.48033333333346
2025-09-16,36,39,05:50-06:30,19.3602414285715
2025-09-16,41,42,06:40-07:00,13.872537619047819
2025-09-16,45,46,07:20-07:40,29.90043619047617
2025-09-16,54,56,08:50-09:20,66.13005428571364
2025-09-16,59,60,09:40-10:00,99.39596904761925
2025-09-16,63,65,10:20-10:50,191.59317619047647
2025-09-16,67,68,11:00-11:20,46.71273285714301
2025-09-16,70,72,11:30-12:00,77.34059523809583
2025-09-16,75,75,12:20-12:30,55.1745028571429
2025-09-16,79,79,13:00-13:10,1.6243914285716983
2025-09-16,82,83,13:30-13:50,31.303904285714225
2025-09-16,86,88,14:10-14:40,124.85367714285792
2025-09-16,91,91,15:00-15:10,14.83765000000028
2025-09-16,108,108,17:50-18:00,5.495148095238022
2025-09-16,111,112,18:20-18:40,64.9417271428572
2025-09-16,115,116,19:00-19:20,73.53715333333366
2025-09-16,119,120,19:40-20:00,17.940136666666604
2025-09-16,122,124,20:10-20:40,85.52154047619035
2025-09-16,127,127,21:00-21:10,21.966839999999934
2025-09-16,130,132,21:30-22:00,74.94299999999998
2025-09-16,135,135,22:20-22:30,26.644860000000108
2025-09-16,137,138,22:40-23:00,38.631276666666395
2025-09-16,140,141,23:10-23:30,20.062556666666637
2025-09-16,143,144,23:40-24:00,61.828503333333174
2025-09-17,3,3,00:20-00:30,5.757146666666699
2025-09-17,6,7,00:50-01:10,57.95162000000016
2025-09-17,11,13,01:40-02:10,32.64688666666689
2025-09-17,16,17,02:30-02:50,26.305033333333313
2025-09-17,20,21,03:10-03:30,66.05552666666654
2025-09-17,24,24,03:50-04:00,10.045573333333323
2025-09-17,26,27,04:10-04:30,5.508460000000014
2025-09-17,29,30,04:40-05:00,36.19917333333342
2025-09-17,33,33,05:20-05:30,15.9556861904764
2025-09-17,35,36,05:40-06:00,44.49824047619052
2025-09-17,39,41,06:20-06:50,35.457826190476
2025-09-17,45,47,07:20-07:50,34.32877476190504
2025-09-17,49,50,08:00-08:20,47.65961904761889
2025-09-17,53,54,08:40-09:00,59.97501380952383
2025-09-17,57,61,09:20-10:10,106.23224047619067
2025-09-17,65,66,10:40-11:00,48.48416047619094
2025-09-17,68,69,11:10-11:30,43.953871904762536
2025-09-17,73,73,12:00-12:10,4.316554761904854
2025-09-17,77,82,12:40-13:40,139.02796000000012
2025-09-17,85,85,14:00-14:10,11.73146095238144
2025-09-17,91,93,15:00-15:30,67.97121428571438
2025-09-17,95,96,15:40-16:00,88.07255952380945
2025-09-17,99,99,16:20-16:30,12.7995476190477
2025-09-17,109,110,18:00-18:20,42.80540761904776
2025-09-17,113,115,18:40-19:10,46.882351428571766
2025-09-17,119,121,19:40-20:10,42.407233333333465
2025-09-17,127,128,21:00-21:20,79.75736999999981
2025-09-17,130,130,21:30-21:40,0.6938999999997577
2025-09-17,135,137,22:20-22:50,108.74753333333354
2025-09-17,140,142,23:10-23:40,54.76305333333323
2025-09-17,144,144,23:50-24:00,3.398580000000038
2025-09-18,4,5,00:30-00:50,40.745030000000156
2025-09-18,7,9,01:00-01:30,24.44433333333336
2025-09-18,13,14,02:00-02:20,23.376746666666577
2025-09-18,16,18,02:30-03:00,35.13466666666659
2025-09-18,20,21,03:10-03:30,33.96239333333335
2025-09-18,23,24,03:40-04:00,26.670463333333373
2025-09-18,28,30,04:30-05:00,40.077333333333385
2025-09-18,32,33,05:10-05:30,79.41211380952382
2025-09-18,36,37,05:50-06:10,89.08302952380973
2025-09-18,40,41,06:30-06:50,12.087257142857311
2025-09-18,44,45,07:10-07:30,29.757025238095252
2025-09-18,48,51,07:50-08:30,50.689989047619065
2025-09-18,53,54,08:40-09:00,88.8410680952378
2025-09-18,56,57,09:10-09:30,50.36204428571432
2025-09-18,59,60,09:40-10:00,66.66169095238115
2025-09-18,64,65,10:30-10:50,50.06940761904775
2025-09-18,69,69,11:20-11:30,8.184468095237662
2025-09-18,71,73,11:40-12:10,121.94524190476182
2025-09-18,76,78,12:30-13:00,178.2363809523806
2025-09-18,82,83,13:30-13:50,63.949233809523776
2025-09-18,88,90,14:30-15:00,25.670130952380873
2025-09-18,108,111,17:50-18:30,59.34534333333313
2025-09-18,114,115,18:50-19:10,72.37409904761887
2025-09-18,118,118,19:30-19:40,42.78519904761913
2025-09-18,121,122,20:00-20:20,92.12884333333318
2025-09-18,125,126,20:40-21:00,4.70719000000031
2025-09-18,129,130,21:20-21:40,76.85934000000009
2025-09-18,133,134,22:00-22:20,88.51477
2025-09-18,138,140,22:50-23:20,27.531889999999862
2025-09-18,142,142,23:30-23:40,25.347270000000208
2025-09-19,2,3,00:10-00:30,39.92794666666674
2025-09-19,6,7,00:50-01:10,97.22962333333334
2025-09-19,10,11,01:30-01:50,86.20356999999984
2025-09-19,15,18,02:20-03:00,89.53357999999992
2025-09-19,21,22,03:20-03:40,11.332746666666765
2025-09-19,26,27,04:10-04:30,93.24175428571436
2025-09-19,30,30,04:50-05:00,9.67083190476177
2025-09-19,33,33,05:20-05:30,20.1293204761904
2025-09-19,36,38,05:50-06:20,37.09080809523806
2025-09-19,45,48,07:20-08:00,113.70486000000011
2025-09-19,52,52,08:30-08:40,25.71350571428559
2025-09-19,55,57,09:00-09:30,19.352309523809595
2025-09-19,59,62,09:40-10:20,48.227018095238236
2025-09-19,64,67,10:30-11:10,77.73905952380983
2025-09-19,96,97,15:50-16:10,46.346577142856916
2025-09-19,101,102,16:40-17:00,40.56411141521312
2025-09-19,105,106,17:20-17:40,37.35382761904769
2025-09-19,109,110,18:00-18:20,29.596221904761762
2025-09-19,112,112,18:30-18:40,21.56575761904776
2025-09-19,115,115,19:00-19:10,35.860240952381105
2025-09-19,118,119,19:30-19:50,43.45372238095251
2025-09-19,121,121,20:00-20:10,15.840389999999843
2025-09-19,125,126,20:40-21:00,85.24042333333341
2025-09-19,128,129,21:10-21:30,58.01472666666689
2025-09-19,132,132,21:50-22:00,30.601766666666663
2025-09-19,134,136,22:10-22:40,96.5836066666667
2025-09-19,142,144,23:30-24:00,36.7890000000001
2025-09-20,5,6,00:40-01:00,64.10474666666653
2025-09-20,9,10,01:20-01:40,20.602693333333264
2025-09-20,16,16,02:30-02:40,25.826376666666818
2025-09-20,19,21,03:00-03:30,86.76033333333328
2025-09-20,24,25,03:50-04:10,30.608526666666535
2025-09-20,29,30,04:40-05:00,65.52553619047637
2025-09-20,35,42,05:40-07:00,97.02311238095257
2025-09-20,45,46,07:20-07:40,45.60798047619045
2025-09-20,49,51,08:00-08:30,118.19236904761897
2025-09-20,56,56,09:10-09:20,7.804633809523807
2025-09-20,60,63,09:50-10:30,97.8789080952381
2025-09-20,67,67,11:00-11:10,31.366199999999935
2025-09-20,98,98,16:10-16:20,3.059134285714265
2025-09-20,103,103,17:00-17:10,1.873599999999982
2025-09-20,107,108,17:40-18:00,38.82978238095237
2025-09-20,112,115,18:30-19:10,90.92456666666658
2025-09-20,118,120,19:30-20:00,98.9676666666669
2025-09-20,123,123,20:20-20:30,48.43710666666664
2025-09-20,125,126,20:40-21:00,45.164670000000115
2025-09-20,129,129,21:20-21:30,60.46240000000023
2025-09-20,131,132,21:40-22:00,116.86224666666646
2025-09-20,135,135,22:20-22:30,11.35591999999997
2025-09-20,139,139,23:00-23:10,26.562540000000013
2025-09-20,142,143,23:30-23:50,77.61406999999997
2025-09-21,3,5,00:20-00:50,57.611823333333405
2025-09-21,8,10,01:10-01:40,53.89332333333323
2025-09-21,14,15,02:10-02:30,28.017503333333025
2025-09-21,18,20,02:50-03:20,41.48363333333339
2025-09-21,23,24,03:40-04:00,54.41429333333326
2025-09-21,27,28,04:20-04:40,43.91449285714265
2025-09-21,32,33,05:10-05:30,40.47910952380937
2025-09-21,37,39,06:00-06:30,21.99470238095205
2025-09-21,45,46,07:20-07:40,22.258653333333314
2025-09-21,49,49,08:00-08:10,8.687896666666461
2025-09-21,55,56,09:00-09:20,124.40150666666682
2025-09-21,58,60,09:30-10:00,76.4597261904762
2025-09-21,63,66,10:20-11:00,127.18100285714263
2025-09-21,68,69,11:10-11:30,42.11166380952409
2025-09-21,75,75,12:20-12:30,78.89536904761894
2025-09-21,108,109,17:50-18:10,45.92328619047578
2025-09-21,112,113,18:30-18:50,41.746128571428656
2025-09-21,117,117,19:20-19:30,7.817694285714651
2025-09-21,119,120,19:40-20:00,11.277109523809486
2025-09-21,123,124,20:20-20:40,35.450113333333206
2025-09-21,127,127,21:00-21:10,31.557570000000055
2025-09-21,130,131,21:30-21:50,58.23831000000007
2025-09-21,136,137,22:30-22:50,35.793103333333306
2025-09-21,141,144,23:20-24:00,37.45080666666661
2025-09-22,4,5,00:30-00:50,72.05133666666654
2025-09-22,7,11,01:00-01:50,64.88963666666689
2025-09-22,15,17,02:20-02:50,54.31771000000026
2025-09-22,21,22,03:20-03:40,49.200360000000046
2025-09-22,25,26,04:00-04:20,36.92538714285709
2025-09-22,29,33,04:40-05:30,68.85923190476201
2025-09-22,37,38,06:00-06:20,47.58181428571436
2025-09-22,41,42,06:40-07:00,63.356098571428845
2025-09-22,45,45,07:20-07:30,12.357330952381005
2025-09-22,47,48,07:40-08:00,37.817582857142725
2025-09-22,54,54,08:50-09:00,33.78643952380969
2025-09-22,57,57,09:20-09:30,19.451424285714438
2025-09-22,59,61,09:40-10:10,24.53369571428584
2025-09-22,64,66,10:30-11:00,79.70008333333317
2025-09-22,69,70,11:20-11:40,47.05026714285691
2025-09-22,73,75,12:00-12:30,129.56778571428572
2025-09-22,79,80,13:00-13:20,70.49895999999944
2025-09-22,84,84,13:50-14:00,32.57452809523761
2025-09-22,87,88,14:20-14:40,41.04564857142827
2025-09-22,91,93,15:00-15:30,79.11335714285792
2025-09-22,97,99,16:00-16:30,74.23430952381011
2025-09-22,102,104,16:50-17:20,45.762442857142474
2025-09-22,108,108,17:50-18:00,7.804956666666385
2025-09-22,110,111,18:10-18:30,40.3375914285715
2025-09-22,114,114,18:50-19:00,27.032403809524112
2025-09-22,117,119,19:20-19:50,90.19703952380951
2025-09-22,121,121,20:00-20:10,7.600483333333386
2025-09-22,124,125,20:30-20:50,20.206113333333292
2025-09-22,127,128,21:00-21:20,85.22365666666701
2025-09-22,130,131,21:30-21:50,28.967270000000212
2025-09-22,135,138,22:20-23:00,109.5616200000004
2025-09-22,140,141,23:10-23:30,62.469983333333516
2025-09-23,3,5,00:20-00:50,75.26542333333362
2025-09-23,7,7,01:00-01:10,15.403486666666936
2025-09-23,10,11,01:30-01:50,42.291880000000106
2025-09-23,13,14,02:00-02:20,34.16036333333352
2025-09-23,19,20,03:00-03:20,30.805956666666816
2025-09-23,22,24,03:30-04:00,44.32866666666655
2025-09-23,27,27,04:20-04:30,18.361963333333392
2025-09-23,29,31,04:40-05:10,59.88740380952379
2025-09-23,34,35,05:30-05:50,43.98130238095251
2025-09-23,37,39,06:00-06:30,31.32359523809498
2025-09-23,41,42,06:40-07:00,43.90901904761921
2025-09-23,45,47,07:20-07:50,45.612013333333664
2025-09-23,51,51,08:20-08:30,26.556593809524088
2025-09-23,55,59,09:00-09:50,144.70939523809557
2025-09-23,61,61,10:00-10:10,24.47747428571438
2025-09-23,64,65,10:30-10:50,38.8738500000004
2025-09-23,70,70,11:30-11:40,53.02132000000029
2025-09-23,73,75,12:00-12:30,68.05770238095215
2025-09-23,77,78,12:40-13:00,93.49387904761898
2025-09-23,81,81,13:20-13:30,13.116755714285091
2025-09-23,83,84,13:40-14:00,17.736994761904953
2025-09-23,86,89,14:10-14:50,116.67667000000006
2025-09-23,95,97,15:40-16:10,133.8591376190475
2025-09-23,100,100,16:30-16:40,7.385425714285759
2025-09-23,103,104,17:00-17:20,12.118173809523825
2025-09-23,106,106,17:30-17:40,9.890947142857165
2025-09-23,109,110,18:00-18:20,60.978834285714186
2025-09-23,112,112,18:30-18:40,11.781426666666675
2025-09-23,115,116,19:00-19:20,35.48510952380951
2025-09-23,119,126,19:40-21:00,197.19584840000073
2025-09-23,129,129,21:20-21:30,9.64883999999995
2025-09-23,131,132,21:40-22:00,27.472996666666745
2025-09-23,134,135,22:10-22:30,109.12610333333305
2025-09-23,138,138,22:50-23:00,40.96216666666692
2025-09-23,140,142,23:10-23:40,46.83102666666696
2025-09-24,2,2,00:10-00:20,28.412436666666736
2025-09-24,5,6,00:40-01:00,26.577210000000036
2025-09-24,8,10,01:10-01:40,42.361213333333126
2025-09-24,13,14,02:00-02:20,33.01222666666672
2025-09-24,17,19,02:40-03:10,22.62409666666656
2025-09-24,21,22,03:20-03:40,43.05897333333314
2025-09-24,25,26,04:00-04:20,61.818593333333446
2025-09-24,29,30,04:40-05:00,15.57910333333325
2025-09-24,36,41,05:50-06:50,109.47329904761943
2025-09-24,44,47,07:10-07:50,41.60967380952388
2025-09-24,50,51,08:10-08:30,45.25146904761857
2025-09-24,54,58,08:50-09:40,222.43603051904086
2025-09-24,61,62,10:00-10:20,109.94010523809561
2025-09-24,65,66,10:40-11:00,49.79313571428543
2025-09-24,68,70,11:10-11:40,107.65944238095221
2025-09-24,72,72,11:50-12:00,11.054091428571382
2025-09-24,74,76,12:10-12:40,71.08435523809544
2025-09-24,84,86,13:50-14:20,105.75624428571427
2025-09-24,90,92,14:50-15:20,83.44577333333382
2025-09-24,95,96,15:40-16:00,28.420191428571343
2025-09-24,99,99,16:20-16:30,5.65913666666637
2025-09-24,101,103,16:40-17:10,61.573597619047774
2025-09-24,109,111,18:00-18:30,86.21527380952367
2025-09-24,114,115,18:50-19:10,76.5082871428574
2025-09-24,118,119,19:30-19:50,134.93663571428579
2025-09-24,122,123,20:10-20:30,49.67052666666655
2025-09-24,127,128,21:00-21:20,65.84809000000007
2025-09-24,132,132,21:50-22:00,24.65441666666652
2025-09-24,135,136,22:20-22:40,47.902790000000095
2025-09-24,139,140,23:00-23:20,33.50084000000027
2025-09-24,142,143,23:30-23:50,71.64010999999994
2025-09-25,2,3,00:10-00:30,101.43762333333314
2025-09-25,7,8,01:00-01:20,36.07506333333322
2025-09-25,12,14,01:50-02:20,48.406986666666626
2025-09-25,17,19,02:40-03:10,79.71252999999979
2025-09-25,24,25,03:50-04:10,16.211789047618844
2025-09-25,28,29,04:30-04:50,41.46764333333306
2025-09-25,31,31,05:00-05:10,11.629195238095349
2025-09-25,35,40,05:40-06:40,105.29321190476196
2025-09-25,43,44,07:00-07:20,29.253000000000156
2025-09-25,46,47,07:30-07:50,7.008296666666581
2025-09-25,53,54,08:40-09:00,16.957359999999994
2025-09-25,57,60,09:20-10:00,96.64936523809502
2025-09-25,62,63,10:10-10:30,25.574290476190527
2025-09-25,67,68,11:00-11:20,8.250611428571347
2025-09-25,70,71,11:30-11:50,47.366588095238285
2025-09-25,73,74,12:00-12:20,58.31832761904752
2025-09-25,76,77,12:30-12:50,23.411593333333485
2025-09-25,81,81,13:20-13:30,47.26126999999997
2025-09-25,90,90,14:50-15:00,9.686485714285595
2025-09-25,95,95,15:40-15:50,40.62778714285713
2025-09-25,98,99,16:10-16:30,25.794200152850067
2025-09-25,103,104,17:00-17:20,40.36201627865972
2025-09-25,107,107,17:40-17:50,29.510016190476144
2025-09-25,111,114,18:20-19:00,160.02074285714264
2025-09-25,119,123,19:40-20:30,69.59057333333305
2025-09-25,125,127,20:40-21:10,96.68702999999982
2025-09-25,131,132,21:40-22:00,21.965826666666658
2025-09-25,135,137,22:20-22:50,138.3592699999998
2025-09-25,141,141,23:20-23:30,6.61620999999991
2025-09-25,144,144,23:50-24:00,4.098020000000076
2025-09-26,2,3,00:10-00:30,20.9917200000001
2025-09-26,8,9,01:10-01:30,33.15501666666654
2025-09-26,11,12,01:40-02:00,82.32076333333316
2025-09-26,15,18,02:20-03:00,16.289116666666587
2025-09-26,20,21,03:10-03:30,46.04565666666673
2025-09-26,24,26,03:50-04:20,58.65453333333318
2025-09-26,28,31,04:30-05:10,60.95243238095226
2025-09-26,34,34,05:30-05:40,3.571737142857163
2025-09-26,37,38,06:00-06:20,38.41162333333341
2025-09-26,41,45,06:40-07:30,69.83540238095253
2025-09-26,48,49,07:50-08:10,48.68369476190503
2025-09-26,51,55,08:20-09:10,204.45841380952356
2025-09-26,59,59,09:40-09:50,19.573917619047734
2025-09-26,64,66,10:30-11:00,93.32941666666716
2025-09-26,68,69,11:10-11:30,54.8875352380951
2025-09-26,97,97,16:00-16:10,22.721957619047203
2025-09-26,100,101,16:30-16:50,35.709064285714476
2025-09-26,104,105,17:10-17:30,33.065979047619024
2025-09-26,109,110,18:00-18:20,61.09798761904774
2025-09-26,112,113,18:30-18:50,34.29928761904762
2025-09-26,115,116,19:00-19:20,36.71633666666651
2025-09-26,119,120,19:40-20:00,32.340160000000196
2025-09-26,124,127,20:30-21:10,48.92439999999999
2025-09-26,130,131,21:30-21:50,102.63715666666678
2025-09-26,135,138,22:20-23:00,49.547289999999975
2025-09-26,141,142,23:20-23:40,55.512063333333344
2025-09-27,3,4,00:20-00:40,66.90922000000006
2025-09-27,7,8,01:00-01:20,75.89661666666677
2025-09-27,11,14,01:40-02:20,30.193039999999996
2025-09-27,17,19,02:40-03:10,49.84384666666659
2025-09-27,23,24,03:40-04:00,47.64734666666675
2025-09-27,27,28,04:20-04:40,52.255566666666496
2025-09-27,31,32,05:00-05:20,46.05999666666655
2025-09-27,34,35,05:30-05:50,33.63365999999985
2025-09-27,37,38,06:00-06:20,32.988220952381084
2025-09-27,40,41,06:30-06:50,57.93053619047646
2025-09-27,44,46,07:10-07:40,249.5392523809526
2025-09-27,48,49,07:50-08:10,34.54111000000012
2025-09-27,54,54,08:50-09:00,16.36081999999999
2025-09-27,58,58,09:30-09:40,52.61944999999969
2025-09-27,61,63,10:00-10:30,109.64219047619031
2025-09-27,65,67,10:40-11:10,57.73411095238157
2025-09-27,96,97,15:50-16:10,65.75222619047634
2025-09-27,106,107,17:30-17:50,82.48510761904774
2025-09-27,109,112,18:00-18:40,62.602573809523975
2025-09-27,115,117,19:00-19:30,16.3066666666665
2025-09-27,120,120,19:50-20:00,7.5073519047617765
2025-09-27,122,123,20:10-20:30,19.502866666666932
2025-09-27,126,128,20:50-21:20,99.74633333333304
2025-09-27,130,130,21:30-21:40,9.997656666666785
2025-09-27,133,133,22:00-22:10,11.075046666666594
2025-09-27,136,137,22:30-22:50,54.45915666666667
2025-09-27,139,140,23:00-23:20,77.90679
2025-09-27,142,142,23:30-23:40,4.942836666666608
2025-09-28,2,2,00:10-00:20,12.911456666666709
2025-09-28,5,6,00:40-01:00,30.574733333333256
2025-09-28,9,11,01:20-01:50,40.63397666666674
2025-09-28,13,14,02:00-02:20,31.65122666666673
2025-09-28,16,16,02:30-02:40,8.44222666666667
2025-09-28,20,21,03:10-03:30,52.84908333333328
2025-09-28,23,24,03:40-04:00,22.097366666666744
2025-09-28,27,27,04:20-04:30,18.859816666666802
2025-09-28,29,30,04:40-05:00,38.56037714285719
2025-09-28,35,36,05:40-06:00,26.792500476190185
2025-09-28,38,39,06:10-06:30,52.316217142856885
2025-09-28,42,43,06:50-07:10,24.689467142857268
2025-09-28,49,53,08:00-08:50,52.14404809523842
2025-09-28,55,55,09:00-09:10,16.75078523809509
2025-09-28,58,59,09:30-09:50,56.946120476190345
2025-09-28,62,63,10:10-10:30,125.33077238095234
2025-09-28,66,66,10:50-11:00,17.50153476190485
2025-09-28,72,73,11:50-12:10,65.79363380952418
2025-09-28,75,78,12:20-13:00,146.0127342857147
2025-09-28,82,82,13:30-13:40,33.876895714285865
2025-09-28,86,86,14:10-14:20,10.646750476190618
2025-09-28,90,93,14:50-15:30,38.478169999999864
2025-09-28,97,98,16:00-16:20,44.139669999999285
2025-09-28,100,101,16:30-16:50,30.882543333333444
2025-09-28,103,106,17:00-17:40,83.27649619047642
2025-09-28,110,110,18:10-18:20,2.8217285714285616
2025-09-28,113,117,18:40-19:30,131.53958999999992
2025-09-28,120,120,19:50-20:00,21.497151514841335
2025-09-28,122,125,20:10-20:50,396.4027466666653
2025-09-28,127,127,21:00-21:10,42.63885333333337
2025-09-28,130,132,21:30-22:00,73.178
2025-09-28,134,134,22:10-22:20,3.137773333333371
2025-09-28,138,139,22:50-23:10,68.85853000000009
2025-09-28,142,144,23:30-24:00,70.71266666666656
2025-09-29,2,3,00:10-00:30,50.21526999999992
2025-09-29,8,9,01:10-01:30,41.872423333333245
2025-09-29,12,14,01:50-02:20,60.6584233333333
2025-09-29,17,19,02:40-03:10,67.88343666666697
2025-09-29,22,25,03:30-04:10,65.41857952380951
2025-09-29,28,29,04:30-04:50,22.871153333333716
2025-09-29,32,33,05:10-05:30,7.24054190476204
2025-09-29,35,37,05:40-06:10,57.57061380952405
2025-09-29,41,42,06:40-07:00,52.409815238095376
2025-09-29,45,47,07:20-07:50,55.51247809523801
2025-09-29,49,50,08:00-08:20,30.907059523809153
2025-09-29,53,54,08:40-09:00,32.80253904761889
2025-09-29,56,59,09:10-09:50,183.4440119014259
2025-09-29,62,65,10:10-10:50,96.19804666666687
2025-09-29,67,67,11:00-11:10,18.741475714285343
2025-09-29,72,73,11:50-12:10,5.859366666666119
2025-09-29,75,78,12:20-13:00,124.0559385714289
2025-09-29,81,81,13:20-13:30,3.727254285713798
2025-09-29,86,87,14:10-14:30,64.7781090476185
2025-09-29,91,93,15:00-15:30,119.53686904761935
2025-09-29,96,97,15:50-16:10,51.090661428571025
2025-09-29,101,103,16:40-17:10,78.26049333333322
2025-09-29,108,113,17:50-18:50,84.842540952381
2025-09-29,116,117,19:10-19:30,47.09689000000003
2025-09-29,119,125,19:40-20:50,1064.7866238861973
2025-09-29,128,131,21:10-21:50,75.05569660000015
2025-09-29,133,137,22:00-22:50,90.8174833333336
2025-09-29,141,144,23:20-24:00,104.96195666666688
2025-09-30,3,5,00:20-00:50,29.225746666666623
2025-09-30,7,7,01:00-01:10,12.53389333333348
2025-09-30,11,15,01:40-02:30,39.557723333333115
2025-09-30,17,19,02:40-03:10,43.996956666666506
2025-09-30,21,22,03:20-03:40,13.228660000000104
2025-09-30,25,25,04:00-04:10,12.156212857142577
2025-09-30,28,30,04:30-05:00,112.70407232215307
2025-09-30,32,32,05:10-05:20,0.5837999999998829
2025-09-30,35,36,05:40-06:00,3.603067142857185
2025-09-30,38,43,06:10-07:10,94.26783095238088
2025-09-30,46,47,07:30-07:50,90.52439857142878
2025-09-30,52,58,08:30-09:40,643.8909751238148
2025-09-30,60,61,09:50-10:10,80.95448333333275
2025-09-30,64,64,10:30-10:40,15.013556666667
2025-09-30,70,70,11:30-11:40,3.3731795238093127
2025-09-30,73,73,12:00-12:10,22.690559523809497
2025-09-30,77,84,12:40-14:00,324.71048571428526
2025-09-30,90,101,14:50-16:50,368.7648414520788
2025-09-30,103,114,17:00-19:00,762.9386341868803
2025-09-30,116,117,19:10-19:30,247.2068708761905
2025-09-30,119,128,19:40-21:20,1237.7137842000002
2025-09-30,131,132,21:40-22:00,49.939413333333164
2025-09-30,136,140,22:30-23:20,66.91476333333298
2025-09-30,142,142,23:30-23:40,16.102539999999863
2025-10-01,2,4,00:10-00:40,49.09084999999993
2025-10-01,7,8,01:00-01:20,36.6799133333335
2025-10-01,10,12,01:30-02:00,77.8349999999997
2025-10-01,15,15,02:20-02:30,14.99639333333323
2025-10-01,17,18,02:40-03:00,23.652239999999892
2025-10-01,21,21,03:20-03:30,20.434610000000134
2025-10-01,23,24,03:40-04:00,29.177083333333258
2025-10-01,26,27,04:10-04:30,43.666355714286055
2025-10-01,30,31,04:50-05:10,42.90208999999987
2025-10-01,34,35,05:30-05:50,25.86449285714259
2025-10-01,38,39,06:10-06:30,26.077129523809504
2025-10-01,42,42,06:50-07:00,22.372773809524006
2025-10-01,45,46,07:20-07:40,28.027776190476175
2025-10-01,52,52,08:30-08:40,18.850318571428375
2025-10-01,57,57,09:20-09:30,3.6067533333330175
2025-10-01,60,62,09:50-10:20,57.67032476190502
2025-10-01,65,66,10:40-11:00,20.733641428571673
2025-10-01,69,69,11:20-11:30,45.94807380952352
2025-10-01,88,88,14:30-14:40,14.60916666666651
2025-10-01,107,107,17:40-17:50,6.321660476190515
2025-10-01,110,111,18:10-18:30,50.78845333333351
2025-10-01,114,114,18:50-19:00,18.394866666666303
2025-10-01,116,119,19:10-19:50,59.38883523809511
2025-10-01,122,123,20:10-20:30,9.931579999999599
2025-10-01,126,126,20:50-21:00,12.2815599999999
2025-10-01,128,129,21:10-21:30,24.164639999999963
2025-10-01,132,135,21:50-22:30,66.14089000000047
2025-10-01,138,143,22:50-23:50,83.15745000000038
2025-10-02,2,2,00:10-00:20,0.831049999999891
2025-10-02,5,6,00:40-01:00,10.818763333333322
2025-10-02,8,9,01:10-01:30,58.11886333333325
2025-10-02,12,14,01:50-02:20,30.317700000000173
2025-10-02,18,18,02:50-03:00,24.9139133333332
2025-10-02,21,24,03:20-04:00,35.38256666666666
2025-10-02,27,28,04:20-04:40,39.659203809524
2025-10-02,32,36,05:10-06:00,65.64343476190491
2025-10-02,39,39,06:20-06:30,32.42020714285718
2025-10-02,41,42,06:40-07:00,19.211038571428674
2025-10-02,47,48,07:40-08:00,46.040527619047566
2025-10-02,50,51,08:10-08:30,40.881899047618845
2025-10-02,55,56,09:00-09:20,65.06292761904751
2025-10-02,61,62,10:00-10:20,61.146738095238106
2025-10-02,65,66,10:40-11:00,47.37903619047643
2025-10-02,68,69,11:10-11:30,69.59645809523795
2025-10-02,75,75,12:20-12:30,1.3325390476190933
2025-10-02,104,104,17:10-17:20,10.371772857142759
2025-10-02,112,113,18:30-18:50,39.178306190476206
2025-10-02,116,117,19:10-19:30,69.0404199999997
2025-10-02,122,123,20:10-20:30,47.738573333333534
2025-10-02,126,129,20:50-21:30,55.36947000000032
2025-10-02,131,133,21:40-22:10,55.56419333333349
2025-10-02,135,136,22:20-22:40,31.689173333332747
2025-10-02,139,140,23:00-23:20,20.483289999999784
2025-10-02,142,143,23:30-23:50,22.703223333333312
2025-10-03,2,5,00:10-00:50,45.93496666666675
2025-10-03,8,9,01:10-01:30,45.817106666666746
2025-10-03,15,16,02:20-02:40,44.15467666666666
2025-10-03,19,20,03:00-03:20,42.60086666666672
2025-10-03,23,24,03:40-04:00,3.813823333333346
2025-10-03,26,27,04:10-04:30,31.240829523809566
2025-10-03,30,31,04:50-05:10,28.649230476190496
2025-10-03,33,35,05:20-05:50,47.07871904761919
2025-10-03,40,41,06:30-06:50,45.36126571428565
2025-10-03,45,46,07:20-07:40,87.8549674142806
2025-10-03,48,48,07:50-08:00,15.326563809524146
2025-10-03,52,53,08:30-08:50,47.51446619047613
2025-10-03,55,58,09:00-09:40,83.8173328571429
2025-10-03,61,62,10:00-10:20,27.87037904761928
2025-10-03,66,66,10:50-11:00,1.7141666666668698
2025-10-03,104,105,17:10-17:30,32.80158714285723
2025-10-03,110,114,18:10-19:00,25.22430095238093
2025-10-03,116,117,19:10-19:30,15.7428533333333
2025-10-03,120,120,19:50-20:00,0.6445571428569679
2025-10-03,122,124,20:10-20:40,68.48820666666671
2025-10-03,129,130,21:20-21:40,35.51206666666661
2025-10-03,133,134,22:00-22:20,22.849716666666495
2025-10-03,136,138,22:30-23:00,42.5633333333335
2025-10-03,140,141,23:10-23:30,51.329106666666576
2025-10-04,2,3,00:10-00:30,31.4953000000001
2025-10-04,6,6,00:50-01:00,1.6335466666667458
2025-10-04,9,10,01:20-01:40,26.558789999999874
2025-10-04,13,17,02:00-02:50,49.49065333333323
2025-10-04,22,23,03:30-03:50,13.308433333333312
2025-10-04,26,27,04:10-04:30,32.80917714285715
2025-10-04,29,30,04:40-05:00,13.530720952380761
2025-10-04,32,32,05:10-05:20,86.93157429999917
2025-10-04,35,36,05:40-06:00,99.24181952380957
2025-10-04,40,40,06:30-06:40,2.199759047619068
2025-10-04,43,46,07:00-07:40,559.3242328571416
2025-10-04,49,50,08:00-08:20,27.9315347619048
2025-10-04,53,57,08:40-09:30,82.99622952380946
2025-10-04,63,65,10:20-10:50,29.70732904761894
2025-10-04,67,68,11:00-11:20,28.409092380952416
2025-10-04,97,97,16:00-16:10,24.710874285714112
2025-10-04,100,101,16:30-16:50,49.02605619047631
2025-10-04,103,104,17:00-17:20,31.91742619047635
2025-10-04,110,112,18:10-18:40,73.74311523809519
2025-10-04,115,116,19:00-19:20,42.89373333333333
2025-10-04,118,119,19:30-19:50,7.258373333333225
2025-10-04,122,124,20:10-20:40,17.36508666666674
2025-10-04,127,128,21:00-21:20,51.642363333333265
2025-10-04,133,134,22:00-22:20,61.076186666666615
2025-10-04,137,139,22:40-23:10,39.611083333333454
2025-10-04,142,143,23:30-23:50,47.07876333333354
2025-10-05,2,2,00:10-00:20,20.534666666666908
2025-10-05,5,7,00:40-01:10,42.99804666666671
2025-10-05,11,12,01:40-02:00,25.16700333333324
2025-10-05,15,17,02:20-02:50,76.29014000000018
2025-10-05,20,21,03:10-03:30,44.63686666666649
2025-10-05,24,25,03:50-04:10,23.552453333333006
2025-10-05,28,30,04:30-05:00,69.71311238095224
2025-10-05,32,32,05:10-05:20,4.218097142857253
2025-10-05,36,38,05:50-06:20,48.39083952380963
2025-10-05,40,40,06:30-06:40,3.0480195238095575
2025-10-05,44,45,07:10-07:30,16.946946666666804
2025-10-05,47,48,07:40-08:00,43.42479285714302
2025-10-05,53,56,08:40-09:20,63.007212380952524
2025-10-05,59,61,09:40-10:10,156.15946571428594
2025-10-05,66,68,10:50-11:20,74.70882142857135
2025-10-05,72,74,11:50-12:20,38.72828809523821
2025-10-05,79,80,13:00-13:20,82.78658761904762
2025-10-05,92,92,15:10-15:20,19.317075238095185
2025-10-05,100,100,16:30-16:40,1.665341904761874
2025-10-05,104,104,17:10-17:20,11.027308095237856
2025-10-05,106,106,17:30-17:40,0.9475928571428618
2025-10-05,110,111,18:10-18:30,28.943210476190416
2025-10-05,114,114,18:50-19:00,30.969474285714227
2025-10-05,117,118,19:20-19:40,14.984959523809835
2025-10-05,121,122,20:00-20:20,49.57372333333308
2025-10-05,126,128,20:50-21:20,80.01588666666646
2025-10-05,131,132,21:40-22:00,42.84604666666678
2025-10-05,134,136,22:10-22:40,87.27350666666678
2025-10-05,140,144,23:10-24:00,49.27627666666638
2025-10-06,2,3,00:10-00:30,32.27076000000022
2025-10-06,6,6,00:50-01:00,12.77899333333346
2025-10-06,10,15,01:30-02:30,68.07499999999993
2025-10-06,18,18,02:50-03:00,8.987639999999942
2025-10-06,21,21,03:20-03:30,1.2154333333332943
2025-10-06,23,25,03:40-04:10,71.0156738095236
2025-10-06,27,27,04:20-04:30,12.72733380952377
2025-10-06,29,33,04:40-05:30,73.46476333333334
2025-10-06,37,39,06:00-06:30,70.85951190476226
2025-10-06,43,43,07:00-07:10,27.26537095238109
2025-10-06,47,50,07:40-08:20,53.4456438095238
2025-10-06,53,55,08:40-09:10,101.99552095238062
2025-10-06,64,66,10:30-11:00,96.21646428571421
2025-10-06,68,73,11:10-12:10,143.8204999999998
2025-10-06,76,77,12:30-12:50,41.77327333333369
2025-10-06,85,86,14:00-14:20,29.506744761904883
2025-10-06,89,90,14:40-15:00,18.361141428571386
2025-10-06,92,95,15:10-15:50,69.2376866666666
2025-10-06,97,105,16:00-17:30,349.20514488590413
2025-10-06,108,113,17:50-18:50,287.7746905812459
2025-10-06,115,117,19:00-19:30,259.3267317804638
2025-10-06,119,120,19:40-20:00,216.88277346238976
2025-10-06,122,126,20:10-21:00,570.2285370138012
2025-10-06,128,130,21:10-21:40,30.09274000000005
2025-10-06,133,133,22:00-22:10,27.370210000000043
2025-10-06,136,137,22:30-22:50,29.74916666666695
2025-10-06,139,142,23:00-23:40,50.13749666666695
2025-10-07,2,4,00:10-00:40,39.636703333333344
2025-10-07,6,9,00:50-01:30,37.719086666666726
2025-10-07,12,12,01:50-02:00,8.624059999999872
2025-10-07,15,17,02:20-02:50,42.82404333333318
2025-10-07,23,24,03:40-04:00,26.90941999999984
2025-10-07,27,27,04:20-04:30,15.39521476190464
2025-10-07,30,33,04:50-05:30,81.56796600000402
2025-10-07,35,36,05:40-06:00,5.673834761904807
2025-10-07,38,39,06:10-06:30,21.05073523809517
2025-10-07,42,45,06:50-07:30,32.84942571428553
2025-10-07,47,58,07:40-09:40,909.1483856999968
2025-10-07,61,62,10:00-10:20,18.561806190476318
2025-10-07,64,65,10:30-10:50,36.938498571428454
2025-10-07,67,67,11:00-11:10,6.135961428571363
2025-10-07,70,70,11:30-11:40,35.459020952381024
2025-10-07,73,74,12:00-12:20,41.114224761904325
2025-10-07,76,77,12:30-12:50,37.95449095238109
2025-10-07,84,87,13:50-14:30,57.11233333333371
2025-10-07,89,90,14:40-15:00,9.713371428571463
2025-10-07,92,96,15:10-16:00,146.8015712874759
2025-10-07,99,101,16:20-16:50,78.18912097582614
2025-10-07,104,113,17:10-18:50,128.8500467840103
2025-10-07,116,120,19:10-20:00,215.18492441083276
2025-10-07,122,125,20:10-20:50,385.3860056731305
2025-10-07,128,129,21:10-21:30,58.23059000000012
2025-10-07,133,134,22:00-22:20,28.758730000000014
2025-10-07,137,139,22:40-23:10,59.28743999999972
2025-10-07,143,144,23:40-24:00,70.59766666666656
2025-10-08,3,3,00:20-00:30,2.849423333333334
2025-10-08,5,6,00:40-01:00,52.61302999999998
2025-10-08,9,11,01:20-01:50,48.267963333333114
2025-10-08,13,14,02:00-02:20,10.413586666666788
2025-10-08,16,17,02:30-02:50,33.604180000000156
2025-10-08,20,21,03:10-03:30,19.714516666666896
2025-10-08,24,24,03:50-04:00,7.000680000000216
2025-10-08,27,30,04:20-05:00,32.63619095238056
2025-10-08,34,34,05:30-05:40,9.20434095238079
2025-10-08,37,41,06:00-06:50,83.82445809523801
2025-10-08,44,46,07:10-07:40,104.81503047619015
2025-10-08,49,49,08:00-08:10,32.95424238095245
2025-10-08,51,58,08:20-09:40,529.3314688942294
2025-10-08,61,62,10:00-10:20,59.161066666666784
2025-10-08,64,65,10:30-10:50,27.627132380952844
2025-10-08,67,67,11:00-11:10,10.922051904762156
2025-10-08,70,73,11:30-12:10,127.05610857142892
2025-10-08,77,77,12:40-12:50,9.723598095237776
2025-10-08,85,86,14:00-14:20,15.490399047618894
2025-10-08,89,90,14:40-15:00,43.29782619047637
2025-10-08,92,97,15:10-16:10,164.12582153398205
2025-10-08,100,103,16:30-17:10,100.77455666666665
2025-10-08,106,118,17:30-19:40,263.8317244533803
2025-10-08,122,125,20:10-20:50,783.2682850047598
2025-10-08,128,129,21:10-21:30,27.64474666666638
2025-10-08,131,132,21:40-22:00,27.304743333333136
2025-10-08,134,135,22:10-22:30,53.60866999999996
2025-10-08,139,141,23:00-23:30,82.93466666666632
2025-10-08,144,144,23:50-24:00,22.426373333333345
2025-10-09,2,3,00:10-00:30,39.10799666666685
2025-10-09,6,8,00:50-01:20,15.606300000000033
2025-10-09,12,13,01:50-02:10,45.33170333333317
2025-10-09,17,19,02:40-03:10,30.151429999999777
2025-10-09,22,23,03:30-03:50,33.649249999999824
2025-10-09,25,30,04:00-05:00,63.19399285714293
2025-10-09,33,34,05:20-05:40,79.15389571428602
2025-10-09,37,38,06:00-06:20,62.80904857142889
2025-10-09,40,41,06:30-06:50,21.34681904761908
2025-10-09,43,47,07:00-07:50,61.60684666666674
2025-10-09,53,56,08:40-09:20,382.39763618031714
2025-10-09,58,58,09:30-09:40,34.1802709523804
2025-10-09,61,65,10:00-10:50,132.45461285714305
2025-10-09,67,67,11:00-11:10,29.36801047619042
2025-10-09,73,74,12:00-12:20,40.905599523809315
2025-10-09,78,78,12:50-13:00,20.698267142857503
2025-10-09,81,81,13:20-13:30,1.0451871428574577
2025-10-09,83,88,13:40-14:40,159.5491238095235
2025-10-09,91,91,15:00-15:10,17.094415714285674
2025-10-09,94,94,15:30-15:40,12.264615714285469
2025-10-09,97,100,16:00-16:40,33.84807523809519
2025-10-09,103,104,17:00-17:20,32.59571047619089
2025-10-09,107,108,17:40-18:00,12.685521904762254
2025-10-09,111,111,18:20-18:30,19.622316666666734
2025-10-09,113,114,18:40-19:00,23.004426666666745
2025-10-09,116,117,19:10-19:30,45.637549523809525
2025-10-09,120,120,19:50-20:00,21.98990333333313
2025-10-09,123,124,20:20-20:40,44.013893333333385
2025-10-09,128,130,21:10-21:40,31.913329999999974
2025-10-09,134,135,22:10-22:30,29.09450333333359
2025-10-09,137,138,22:40-23:00,17.566023333333078
2025-10-09,141,141,23:20-23:30,28.967403333333323
2025-10-09,144,144,23:50-24:00,20.911880000000053
2025-10-10,1,1,00:00-00:10,25.670296666666673
2025-10-10,4,6,00:30-01:00,54.6400000000001
2025-10-10,10,10,01:30-01:40,12.636973333333401
2025-10-10,13,14,02:00-02:20,21.76726000000008
2025-10-10,16,16,02:30-02:40,1.4689566666665996
2025-10-10,19,20,03:00-03:20,38.606133333333275
2025-10-10,22,22,03:30-03:40,32.00667999999985
2025-10-10,25,25,04:00-04:10,8.501796666666678
2025-10-10,28,36,04:30-06:00,381.78465364761746
2025-10-10,38,40,06:10-06:40,38.341353809523696
2025-10-10,42,46,06:50-07:40,429.54449523809785
2025-10-10,49,51,08:00-08:30,90.30140476190479
2025-10-10,54,55,08:50-09:10,114.43824047619034
2025-10-10,58,59,09:30-09:50,16.178025238094733
2025-10-10,62,63,10:10-10:30,27.941156666666302
2025-10-10,66,67,10:50-11:10,54.52353714285732
2025-10-10,96,96,15:50-16:00,30.941919999999982
2025-10-10,99,100,16:20-16:40,39.60580333333343
2025-10-10,103,104,17:00-17:20,45.88674476190489
2025-10-10,110,111,18:10-18:30,20.011255714285824
2025-10-10,116,117,19:10-19:30,50.921399047619104
2025-10-10,121,122,20:00-20:20,47.30734999999993
2025-10-10,125,126,20:40-21:00,198.40915784461728
2025-10-10,129,129,21:20-21:30,50.69314666666651
2025-10-10,132,135,21:50-22:30,77.50558666666683
2025-10-10,137,138,22:40-23:00,18.19584000000009
2025-10-10,140,141,23:10-23:30,45.639650000000074
2025-10-10,143,144,23:40-24:00,52.68310333333329
2025-10-11,1,1,00:00-00:10,2.0837099999999964
2025-10-11,4,5,00:30-00:50,22.56127333333336
2025-10-11,7,10,01:00-01:40,54.61272000000008
2025-10-11,13,14,02:00-02:20,48.14323999999999
2025-10-11,16,17,02:30-02:50,23.53097000000008
2025-10-11,21,22,03:20-03:40,28.21298333333351
2025-10-11,25,25,04:00-04:10,23.493483333333472
2025-10-11,28,28,04:30-04:40,22.33974666666677
2025-10-11,31,32,05:00-05:20,62.83563190476207
2025-10-11,35,36,05:40-06:00,31.6060599999999
2025-10-11,39,42,06:20-07:00,64.74246142857135
2025-10-11,44,47,07:10-07:50,391.30726825714237
2025-10-11,49,53,08:00-08:50,123.00021809523844
2025-10-11,58,60,09:30-10:00,82.81883333333326
2025-10-11,65,66,10:40-11:00,86.76393047619035
2025-10-11,68,69,11:10-11:30,122.40696619047594
2025-10-11,96,98,15:50-16:20,41.549400952381106
2025-10-11,101,102,16:40-17:00,7.120574285714156
2025-10-11,104,105,17:10-17:30,40.79311952380941
2025-10-11,108,108,17:50-18:00,2.749533333333318
2025-10-11,110,111,18:10-18:30,40.31556380952384
2025-10-11,114,117,18:50-19:30,54.90845333333334
2025-10-11,120,123,19:50-20:30,49.250683333333086
2025-10-11,127,129,21:00-21:30,53.14466666666647
2025-10-11,132,132,21:50-22:00,21.79331666666667
2025-10-11,134,135,22:10-22:30,110.54582666666676
2025-10-11,138,138,22:50-23:00,24.431206666666412
2025-10-11,141,143,23:20-23:50,73.26445333333328
2025-10-12,3,4,00:20-00:40,32.20219666666685
2025-10-12,7,7,01:00-01:10,30.27853666666681
2025-10-12,10,11,01:30-01:50,83.24765999999988
2025-10-12,15,16,02:20-02:40,42.74596333333352
2025-10-12,22,23,03:30-03:50,37.49433333333343
2025-10-12,25,25,04:00-04:10,10.017006666666362
2025-10-12,28,31,04:30-05:10,70.8839333333331
2025-10-12,34,35,05:30-05:50,20.537062380952573
2025-10-12,37,37,06:00-06:10,53.473176666666745
2025-10-12,40,41,06:30-06:50,28.11063476190475
2025-10-12,43,43,07:00-07:10,11.668712380952542
2025-10-12,46,47,07:30-07:50,61.744811904761775
2025-10-12,52,54,08:30-09:00,53.0967857142856
2025-10-12,57,57,09:20-09:30,13.281642380952235
2025-10-12,59,60,09:40-10:00,51.88864380952327
2025-10-12,64,68,10:30-11:20,170.04241000000002
2025-10-12,70,71,11:30-11:50,27.56370666666612
2025-10-12,75,79,12:20-13:10,127.96663619047627
2025-10-12,83,84,13:40-14:00,63.81051523809492
2025-10-12,87,87,14:20-14:30,1.3179785714289665
2025-10-12,93,94,15:20-15:40,20.996319523809575
2025-10-12,97,98,16:00-16:20,70.61266714285699
2025-10-12,100,101,16:30-16:50,53.350731428571635
2025-10-12,104,105,17:10-17:30,30.670209999999962
2025-10-12,108,110,17:50-18:20,46.22493333333334
2025-10-12,113,114,18:40-19:00,68.02275885143683
2025-10-12,116,117,19:10-19:30,101.6582320311586
2025-10-12,119,124,19:40-20:40,624.8946412896534
2025-10-12,126,128,20:50-21:20,43.75277333333338
2025-10-12,131,133,21:40-22:10,27.875819999999862
2025-10-12,136,137,22:30-22:50,53.69071333333318
2025-10-12,140,142,23:10-23:40,30.148453333333237
2025-10-13,2,3,00:10-00:30,25.443186666666634
2025-10-13,5,6,00:40-01:00,10.916486666666287
2025-10-13,8,9,01:10-01:30,45.07034666666675
2025-10-13,12,13,01:50-02:10,53.87828333333346
2025-10-13,16,17,02:30-02:50,53.719029999999975
2025-10-13,26,30,04:10-05:00,57.10290666666691
2025-10-13,34,35,05:30-05:50,31.010310000000192
2025-10-13,38,39,06:10-06:30,47.31732476190484
2025-10-13,43,43,07:00-07:10,3.7892414285713585
2025-10-13,46,47,07:30-07:50,33.26377952380972
2025-10-13,49,51,08:00-08:30,48.96744047619006
2025-10-13,54,55,08:50-09:10,37.91173619047629
2025-10-13,58,58,09:30-09:40,5.914847619047578
2025-10-13,61,62,10:00-10:20,55.78869285714313
2025-10-13,66,66,10:50-11:00,16.058650952380958
2025-10-13,69,69,11:20-11:30,20.974924761905413
2025-10-13,71,71,11:40-11:50,8.857914285714742
2025-10-13,74,77,12:10-12:50,126.65226428571464
2025-10-13,81,81,13:20-13:30,40.47109000000023
2025-10-13,88,88,14:30-14:40,34.308992857142584
2025-10-13,95,96,15:40-16:00,32.74117952380914
2025-10-13,100,101,16:30-16:50,55.02534238095254
2025-10-13,103,104,17:00-17:20,9.033686666666071
2025-10-13,108,108,17:50-18:00,3.141173333333313
2025-10-13,113,113,18:40-18:50,0.47812714285737457
2025-10-13,116,117,19:10-19:30,85.04287809523817
2025-10-13,120,120,19:50-20:00,2.7947566666666717
2025-10-13,122,123,20:10-20:30,15.825266666666721
2025-10-13,126,126,20:50-21:00,10.412120000000073
2025-10-13,129,132,21:20-22:00,45.129359999999906
2025-10-13,134,135,22:10-22:30,23.864566666666974
2025-10-13,138,140,22:50-23:20,38.165410000000065
2025-10-13,142,142,23:30-23:40,10.216906666666773
2025-10-14,2,3,00:10-00:30,35.69422666666662
2025-10-14,6,7,00:50-01:10,31.049233333333405
2025-10-14,10,10,01:30-01:40,14.512306666666632
2025-10-14,13,14,02:00-02:20,52.59307666666666
2025-10-14,19,20,03:00-03:20,70.6499133333333
2025-10-14,23,23,03:40-03:50,4.721763333333229
2025-10-14,27,29,04:20-04:50,54.40423000000018
2025-10-14,32,34,05:10-05:40,18.855683333332998
2025-10-14,37,39,06:00-06:30,54.08760714285722
2025-10-14,42,45,06:50-07:30,78.58352857142893
2025-10-14,47,48,07:40-08:00,5.8605990476190755
2025-10-14,51,52,08:20-08:40,41.30047190476205
2025-10-14,55,58,09:00-09:40,473.4883472571393
2025-10-14,62,64,10:10-10:40,106.91323952380935
2025-10-14,67,67,11:00-11:10,12.630051428571278
2025-10-14,71,72,11:40-12:00,65.38970999999947
2025-10-14,77,79,12:40-13:10,152.34200333333274
2025-10-14,81,83,13:20-13:50,51.71744523809548
2025-10-14,88,89,14:30-14:50,59.02899809523797
2025-10-14,91,102,15:00-17:00,437.52353118245605
2025-10-14,107,116,17:40-19:20,432.5634047160504
2025-10-14,118,120,19:30-20:00,61.236666666666565
2025-10-14,122,124,20:10-20:40,566.7387886627562
2025-10-14,126,130,20:50-21:40,80.59704999999985
2025-10-14,133,134,22:00-22:20,59.84735333333333
2025-10-14,137,138,22:40-23:00,20.693013333333738
2025-10-14,140,141,23:10-23:30,58.323603333333494
2025-10-15,1,1,00:00-00:10,1.8787733333333563
2025-10-15,4,5,00:30-00:50,70.25034333333326
2025-10-15,7,8,01:00-01:20,33.81973999999991
2025-10-15,11,12,01:40-02:00,60.96295333333342
2025-10-15,15,18,02:20-03:00,43.9778033333331
2025-10-15,22,25,03:30-04:10,59.97004333333325
2025-10-15,28,29,04:30-04:50,37.7960342857144
2025-10-15,33,34,05:20-05:40,32.90311761904775
2025-10-15,37,38,06:00-06:20,44.34066142857114
2025-10-15,40,41,06:30-06:50,24.315177619047518
2025-10-15,43,48,07:00-08:00,38.83635714285711
2025-10-15,51,51,08:20-08:30,2.897258571428438
2025-10-15,53,54,08:40-09:00,41.94459857142874
2025-10-15,57,57,09:20-09:30,33.22439380952369
2025-10-15,60,61,09:50-10:10,109.3818014285714
2025-10-15,64,67,10:30-11:10,74.93516619047591
2025-10-15,70,71,11:30-11:50,38.92872476190496
2025-10-15,74,76,12:10-12:40,110.242882380953
2025-10-15,79,80,13:00-13:20,79.0659338095245
2025-10-15,84,90,13:50-15:00,429.0788042857139
2025-10-15,93,94,15:20-15:40,42.02770190476235
2025-10-15,97,104,16:00-17:20,194.42460047619068
2025-10-15,106,114,17:30-19:00,719.6117654968843
2025-10-15,116,117,19:10-19:30,735.6705133333334
2025-10-15,119,120,19:40-20:00,209.30173428571243
2025-10-15,122,134,20:10-22:20,1081.7355133298522
2025-10-15,138,141,22:50-23:30,79.50003666666635
2025-10-15,144,144,23:50-24:00,16.018436666666503
2025-10-16,2,3,00:10-00:30,36.72711333333348
2025-10-16,5,6,00:40-01:00,24.436336666666648
2025-10-16,10,11,01:30-01:50,7.522926666666649
2025-10-16,14,16,02:10-02:40,48.29134666666664
2025-10-16,19,19,03:00-03:10,14.225149999999871
2025-10-16,22,23,03:30-03:50,41.4460600000001
2025-10-16,26,27,04:10-04:30,18.589653333333217
2025-10-16,30,31,04:50-05:10,34.3110866666666
2025-10-16,34,35,05:30-05:50,10.743155714285553
2025-10-16,38,39,06:10-06:30,11.271362380952382
2025-10-16,41,43,06:40-07:10,49.65218333333368
2025-10-16,45,46,07:20-07:40,12.582290952380731
2025-10-16,50,51,08:10-08:30,48.53047666666646
2025-10-16,53,58,08:40-09:40,202.55398370475893
2025-10-16,63,65,10:20-10:50,43.63399999999956
2025-10-16,69,79,11:20-13:10,154.62199666666606
2025-10-16,82,86,13:30-14:20,141.20786619047624
2025-10-16,89,102,14:40-17:00,1443.6945978791884
2025-10-16,105,113,17:20-18:50,455.4908147095228
2025-10-16,116,120,19:10-20:00,515.238688070236
2025-10-16,122,125,20:10-20:50,893.9220136904714
2025-10-16,128,131,21:10-21:50,67.15843054286044
2025-10-16,134,136,22:10-22:40,87.65357666666682
2025-10-16,140,141,23:10-23:30,37.80089000000021
2025-10-16,143,144,23:40-24:00,57.26068333333325
2025-10-17,1,1,00:00-00:10,11.507120000000043
2025-10-17,4,5,00:30-00:50,31.265510000000006
2025-10-17,7,8,01:00-01:20,23.74302
2025-10-17,10,10,01:30-01:40,16.766329999999982
2025-10-17,13,15,02:00-02:30,50.63900000000007
2025-10-17,18,21,02:50-03:30,58.43148333333352
2025-10-17,24,25,03:50-04:10,8.69265333333334
2025-10-17,27,31,04:20-05:10,18.093561428571377
2025-10-17,33,34,05:20-05:40,9.565982857142899
2025-10-17,37,40,06:00-06:40,55.490389047619146
2025-10-17,43,44,07:00-07:20,8.401162857142765
2025-10-17,47,48,07:40-08:00,20.206634285714358
2025-10-17,52,52,08:30-08:40,22.860347619047616
2025-10-17,55,57,09:00-09:30,103.81765476190503
2025-10-17,59,60,09:40-10:00,35.48056523809464
2025-10-17,62,63,10:10-10:30,83.79559380952355
2025-10-17,66,69,10:50-11:30,77.98530000000005
2025-10-17,96,97,15:50-16:10,26.42792333333324
2025-10-17,100,101,16:30-16:50,98.1929385714285
2025-10-17,103,104,17:00-17:20,24.787741428571614
2025-10-17,106,106,17:30-17:40,21.274404761904783
2025-10-17,109,109,18:00-18:10,19.60987428571434
2025-10-17,112,113,18:30-18:50,51.99690999999996
2025-10-17,115,116,19:00-19:20,48.075346666666576
2025-10-17,119,120,19:40-20:00,41.6723085714284
2025-10-17,123,125,20:20-20:50,68.86418296190578
2025-10-17,128,131,21:10-21:50,84.18788476666657
2025-10-17,135,140,22:20-23:20,72.64687333333336
2025-10-17,142,142,23:30-23:40,17.71250000000009
2025-10-18,2,3,00:10-00:30,82.9031966666667
2025-10-18,6,6,00:50-01:00,5.378883333333306
2025-10-18,9,9,01:20-01:30,8.258246666666707
2025-10-18,11,12,01:40-02:00,34.541120000000035
2025-10-18,15,15,02:20-02:30,4.3083166666667125
2025-10-18,17,18,02:40-03:00,73.68567999999982
2025-10-18,21,21,03:20-03:30,55.42952999999994
2025-10-18,24,24,03:50-04:00,21.280596666666725
2025-10-18,28,29,04:30-04:50,58.72744666666671
2025-10-18,32,33,05:10-05:30,27.52070333333353
2025-10-18,38,39,06:10-06:30,43.74997523809543
2025-10-18,42,42,06:50-07:00,12.815280952381045
2025-10-18,45,48,07:20-08:00,52.19351285714299
2025-10-18,52,52,08:30-08:40,15.867546190475991
2025-10-18,55,58,09:00-09:40,57.63464571428551
2025-10-18,62,63,10:10-10:30,122.47441476190511
2025-10-18,68,69,11:10-11:30,115.32469857142837
2025-10-18,98,99,16:10-16:30,63.69940809523803
2025-10-18,104,105,17:10-17:30,39.26257571428584
2025-10-18,110,111,18:10-18:30,8.314636190476108
2025-10-18,113,114,18:40-19:00,23.47221761904757
2025-10-18,117,118,19:20-19:40,20.26021285714279
2025-10-18,124,126,20:30-21:00,27.571000000000026
2025-10-18,129,131,21:20-21:50,45.67106000000007
2025-10-18,134,135,22:10-22:30,53.36472333333336
2025-10-18,138,138,22:50-23:00,0.19116333333340663
2025-10-18,140,141,23:10-23:30,48.91493999999989
2025-10-19,2,3,00:10-00:30,54.16837333333308
2025-10-19,6,8,00:50-01:20,53.77945
2025-10-19,14,16,02:10-02:40,53.38377999999989
2025-10-19,19,19,03:00-03:10,17.98931666666681
2025-10-19,22,23,03:30-03:50,44.040613333333454
2025-10-19,26,27,04:10-04:30,57.709093333333385
2025-10-19,30,30,04:50-05:00,36.992393333333325
2025-10-19,34,36,05:30-06:00,48.54439333333336
2025-10-19,38,39,06:10-06:30,45.089327142857314
2025-10-19,43,46,07:00-07:40,65.58070666666683
2025-10-19,49,50,08:00-08:20,36.59307761904756
2025-10-19,53,54,08:40-09:00,28.474982380952383
2025-10-19,56,57,09:10-09:30,91.66651190476227
2025-10-19,60,62,09:50-10:20,58.26589476190475
2025-10-19,68,68,11:10-11:20,15.119989523810318
2025-10-19,74,75,12:10-12:30,62.096238571428785
2025-10-19,78,79,12:50-13:10,94.0049276190473
2025-10-19,82,86,13:30-14:20,108.71704428571434
2025-10-19,88,90,14:30-15:00,81.37870238095252
2025-10-19,92,101,15:10-16:50,646.7293397018203
2025-10-19,103,103,17:00-17:10,2.154069999999919
2025-10-19,109,110,18:00-18:20,43.223023809523525
2025-10-19,112,113,18:30-18:50,10.433732142856755
2025-10-19,115,115,19:00-19:10,26.297954761904634
2025-10-19,118,120,19:30-20:00,58.58166666666648
2025-10-19,122,125,20:10-20:50,825.5716466666671
2025-10-19,128,130,21:10-21:40,65.11713213333337
2025-10-19,132,132,21:50-22:00,6.880589999999756
2025-10-19,134,136,22:10-22:40,46.06012999999973
2025-10-19,139,140,23:00-23:20,31.73494666666693
2025-10-19,143,144,23:40-24:00,25.94167000000016
2025-10-20,5,7,00:40-01:10,69.5649833333332
2025-10-20,11,16,01:40-02:40,70.24677333333364
2025-10-20,20,21,03:10-03:30,26.049106666666717
2025-10-20,23,24,03:40-04:00,6.951803333333601
2025-10-20,27,28,04:20-04:40,27.561256666666743
2025-10-20,33,34,05:20-05:40,62.67451619047589
2025-10-20,37,39,06:00-06:30,46.765416666666965
2025-10-20,42,45,06:50-07:30,51.088187142856924
2025-10-20,47,48,07:40-08:00,60.81432761904807
2025-10-20,51,52,08:20-08:40,119.55370285714287
2025-10-20,55,61,09:00-10:10,363.50921534761585
2025-10-20,64,64,10:30-10:40,3.73795571428559
2025-10-20,70,72,11:30-12:00,92.33413095238097
2025-10-20,77,81,12:40-13:30,156.20270333333337
2025-10-20,84,84,13:50-14:00,0.8770376190477691
2025-10-20,87,89,14:20-14:50,62.40503571428553
2025-10-20,91,91,15:00-15:10,15.649182857142705
2025-10-20,94,94,15:30-15:40,14.5669238095237
2025-10-20,97,98,16:00-16:20,42.83253571428571
2025-10-20,100,101,16:30-16:50,48.84889904761886
2025-10-20,104,105,17:10-17:30,24.43511000000005
2025-10-20,109,112,18:00-18:40,20.868546666666724
2025-10-20,115,115,19:00-19:10,21.521537619047763
2025-10-20,118,118,19:30-19:40,8.577286666666623
2025-10-20,121,125,20:00-20:50,218.855029594823
2025-10-20,127,129,21:00-21:30,28.55633333333344
2025-10-20,131,132,21:40-22:00,76.5007966666667
2025-10-20,135,136,22:20-22:40,17.703796666666676
2025-10-20,140,144,23:10-24:00,42.02242333333345
2025-10-21,3,4,00:20-00:40,44.70465999999999
2025-10-21,9,11,01:20-01:50,42.95882333333327
2025-10-21,14,15,02:10-02:30,9.367086666666523
2025-10-21,17,18,02:40-03:00,18.26111666666668
2025-10-21,21,22,03:20-03:40,45.168189999999754
2025-10-21,25,26,04:00-04:20,21.264686666666762
2025-10-21,28,28,04:30-04:40,22.77485809523817
2025-10-21,31,33,05:00-05:30,68.30899999999987
2025-10-21,35,35,05:40-05:50,4.658815714285765
2025-10-21,38,39,06:10-06:30,69.51258666666695
2025-10-21,42,42,06:50-07:00,36.66515857142842
2025-10-21,44,45,07:10-07:30,14.304552380952458
2025-10-21,48,48,07:50-08:00,25.08933190476182
2025-10-21,50,52,08:10-08:40,68.08921904761928
2025-10-21,55,56,09:00-09:20,71.09384190476123
2025-10-21,58,59,09:30-09:50,49.68433666666692
2025-10-21,68,69,11:10-11:30,30.489836666666406
2025-10-21,71,72,11:40-12:00,59.708184285714424
2025-10-21,76,76,12:30-12:40,7.277600952380681
2025-10-21,79,80,13:00-13:20,42.335194285714124
2025-10-21,83,84,13:40-14:00,17.670439523809705
2025-10-21,86,87,14:10-14:30,201.3002922898943
2025-10-21,89,90,14:40-15:00,178.85410761904745
2025-10-21,94,95,15:30-15:50,34.95521857142853
2025-10-21,99,99,16:20-16:30,17.6842166666666
2025-10-21,101,102,16:40-17:00,30.637578571428435
2025-10-21,105,111,17:20-18:30,98.21609019047486
2025-10-21,113,114,18:40-19:00,55.8334176190477
2025-10-21,116,117,19:10-19:30,50.82607842381128
2025-10-21,121,125,20:00-20:50,665.9376014285709
2025-10-21,128,129,21:10-21:30,39.19696999999974
2025-10-21,133,133,22:00-22:10,32.37669333333338
2025-10-21,136,137,22:30-22:50,68.4197433333336
2025-10-21,139,140,23:00-23:20,53.16773666666654
2025-10-21,144,144,23:50-24:00,3.3785199999999804
2025-10-22,4,5,00:30-00:50,39.01068000000009
2025-10-22,7,10,01:00-01:40,51.6356599999998
2025-10-22,13,14,02:00-02:20,36.342786666666825
2025-10-22,17,18,02:40-03:00,38.884446666666804
2025-10-22,21,22,03:20-03:40,62.14081666666664
2025-10-22,25,26,04:00-04:20,16.067793333333157
2025-10-22,29,30,04:40-05:00,36.196946190475956
2025-10-22,33,35,05:20-05:50,28.35865952380923
2025-10-22,37,37,06:00-06:10,2.201408571428715
2025-10-22,40,41,06:30-06:50,27.261764285714165
2025-10-22,43,45,07:00-07:30,95.43786904761924
2025-10-22,48,49,07:50-08:10,59.001936190476044
2025-10-22,51,56,08:20-09:20,126.63791619047629
2025-10-22,58,62,09:30-10:20,645.3581166666669
2025-10-22,67,68,11:00-11:20,46.93702333333317
2025-10-22,70,72,11:30-12:00,84.4661904761906
2025-10-22,75,76,12:20-12:40,70.14375190476198
2025-10-22,80,81,13:10-13:30,24.255165714286022
2025-10-22,83,84,13:40-14:00,27.4159057142856
2025-10-22,90,90,14:50-15:00,2.2275195238097467
2025-10-22,94,95,15:30-15:50,17.228960476190537
2025-10-22,100,101,16:30-16:50,29.035920476190455
2025-10-22,105,105,17:20-17:30,1.6731133333334576
2025-10-22,107,109,17:40-18:10,57.765757619047626
2025-10-22,112,112,18:30-18:40,7.533849999999688
2025-10-22,116,117,19:10-19:30,62.01005809523815
2025-10-22,122,126,20:10-21:00,320.9338770999959
2025-10-22,129,131,21:20-21:50,111.11241836666701
2025-10-22,135,135,22:20-22:30,17.75873999999999
2025-10-22,138,140,22:50-23:20,71.10137333333341
2025-10-22,144,144,23:50-24:00,8.281396666666637
2025-10-23,2,3,00:10-00:30,6.751773333333631
2025-10-23,8,11,01:10-01:50,68.42862333333346
2025-10-23,13,13,02:00-02:10,3.6912833333334447
2025-10-23,16,16,02:30-02:40,18.043923333333055
2025-10-23,20,22,03:10-03:40,47.3130666666666
2025-10-23,25,26,04:00-04:20,44.12953333333314
2025-10-23,32,34,05:10-05:40,33.38275714285715
2025-10-23,37,41,06:00-06:50,45.660514285714214
2025-10-23,47,48,07:40-08:00,35.73612428571403
2025-10-23,51,53,08:20-08:50,89.9673647619046
2025-10-23,56,57,09:10-09:30,16.8625385714289
2025-10-23,60,60,09:50-10:00,0.97400190476219
2025-10-23,64,66,10:30-11:00,95.69959523809553
2025-10-23,72,74,11:50-12:20,120.47797619047537
2025-10-23,76,76,12:30-12:40,20.463359316012202
2025-10-23,87,88,14:20-14:40,47.36039142857135
2025-10-23,94,95,15:30-15:50,14.24481333333324
2025-10-23,102,103,16:50-17:10,28.75498190476209
2025-10-23,106,107,17:30-17:50,31.712143809523745
2025-10-23,112,112,18:30-18:40,10.72852000000023
2025-10-23,115,115,19:00-19:10,39.44870142857167
2025-10-23,118,119,19:30-19:50,59.427983333333145
2025-10-23,121,121,20:00-20:10,1.8714600000001838
2025-10-23,126,127,20:50-21:10,44.82786333333331
2025-10-23,130,131,21:30-21:50,36.515289999999936
2025-10-23,133,134,22:00-22:20,25.76494333333335
2025-10-23,136,136,22:30-22:40,3.0755833333332703
2025-10-23,139,140,23:00-23:20,22.191603333333205
2025-10-23,143,144,23:40-24:00,69.27320999999995
2025-10-24,3,5,00:20-00:50,35.612826666666535
2025-10-24,7,7,01:00-01:10,3.7759333333332847
2025-10-24,11,16,01:40-02:40,54.08842666666669
2025-10-24,19,19,03:00-03:10,15.335336666666706
2025-10-24,22,23,03:30-03:50,37.21716333333336
2025-10-24,25,25,04:00-04:10,16.691750000000013
2025-10-24,28,30,04:30-05:00,49.920666666666804
2025-10-24,33,35,05:20-05:50,64.55737095238092
2025-10-24,39,39,06:20-06:30,13.523452857142786
2025-10-24,41,46,06:40-07:40,94.20970333333327
2025-10-24,48,50,07:50-08:20,28.823685061902736
2025-10-24,54,54,08:50-09:00,52.263420952380784
2025-10-24,58,60,09:30-10:00,68.32946428571427
2025-10-24,64,67,10:30-11:10,77.77307857142841
2025-10-24,71,71,11:40-11:50,57.91835999999944
2025-10-24,94,95,15:30-15:50,3.3125442857143526
2025-10-24,99,101,16:20-16:50,45.64335999999972
2025-10-24,104,104,17:10-17:20,1.5099347619047734
2025-10-24,107,108,17:40-18:00,12.87002142857142
2025-10-24,110,111,18:10-18:30,55.04190666666676
2025-10-24,114,115,18:50-19:10,40.89061333333319
2025-10-24,118,118,19:30-19:40,34.68694333333332
2025-10-24,121,134,20:00-22:20,850.784298571429
2025-10-24,137,138,22:40-23:00,90.6248700000001
2025-10-24,141,144,23:20-24:00,17.701139999999953
2025-10-25,2,3,00:10-00:30,56.82135999999991
2025-10-25,8,9,01:10-01:30,72.19741999999997
2025-10-25,14,15,02:10-02:30,27.9496400000001
2025-10-25,21,22,03:20-03:40,53.56118333333336
2025-10-25,25,26,04:00-04:20,32.44878333333338
2025-10-25,28,29,04:30-04:50,34.64734666666669
2025-10-25,33,34,05:20-05:40,74.41869619047628
2025-10-25,38,41,06:10-06:50,62.382890476190425
2025-10-25,46,48,07:30-08:00,36.011511904761846
2025-10-25,52,53,08:30-08:50,35.06940761904764
2025-10-25,55,56,09:00-09:20,19.314511428571564
2025-10-25,58,59,09:30-09:50,108.08272857142867
2025-10-25,61,61,10:00-10:10,8.883433333333187
2025-10-25,65,65,10:40-10:50,3.2304023809522278
2025-10-25,70,71,11:30-11:50,91.50640047619049
2025-10-25,97,98,16:00-16:20,38.80463476190482
2025-10-25,103,103,17:00-17:10,44.48560333333327
2025-10-25,106,107,17:30-17:50,23.58456095238101
2025-10-25,110,111,18:10-18:30,20.758826666666607
2025-10-25,114,117,18:50-19:30,46.66637476190476
2025-10-25,120,128,19:50-21:20,366.8679223857116
2025-10-25,130,131,21:30-21:50,94.93184140000011
2025-10-25,133,134,22:00-22:20,16.47745666666674
2025-10-25,137,139,22:40-23:10,50.36135999999999
2025-10-25,144,144,23:50-24:00,26.595393333333277
2025-10-26,1,1,00:00-00:10,16.305573333333314
2025-10-26,4,5,00:30-00:50,25.28228666666689
2025-10-26,8,9,01:10-01:30,35.500926666666714
2025-10-26,14,15,02:10-02:30,31.36454999999978
2025-10-26,20,21,03:10-03:30,28.00480333333337
2025-10-26,24,24,03:50-04:00,5.098853333333182
2025-10-26,27,27,04:20-04:30,6.808826666666846
2025-10-26,32,33,05:10-05:30,84.93561952380969
2025-10-26,36,36,05:50-06:00,15.953393333333338
2025-10-26,38,39,06:10-06:30,26.12777238095248
2025-10-26,42,42,06:50-07:00,33.06371142857144
2025-10-26,44,45,07:10-07:30,35.12901238095236
2025-10-26,47,48,07:40-08:00,22.421403333333274
2025-10-26,51,52,08:20-08:40,53.20345476190471
2025-10-26,55,55,09:00-09:10,27.576863809523502
2025-10-26,58,59,09:30-09:50,38.77499000000046
2025-10-26,61,63,10:00-10:30,106.37505952380957
2025-10-26,65,66,10:40-11:00,35.7633871428568
2025-10-26,70,70,11:30-11:40,0.5164733333333515
2025-10-26,72,74,11:50-12:20,145.86786904761925
2025-10-26,84,84,13:50-14:00,24.86057428571428
2025-10-26,88,88,14:30-14:40,13.319152380952346
2025-10-26,99,99,16:20-16:30,4.055083333333471
2025-10-26,102,103,16:50-17:10,10.991870952380722
2025-10-26,107,108,17:40-18:00,25.804350000000184
2025-10-26,111,111,18:20-18:30,35.23925571428572
2025-10-26,114,114,18:50-19:00,10.313382380952362
2025-10-26,116,117,19:10-19:30,9.222509999999943
2025-10-26,120,122,19:50-20:20,56.889580000000024
2025-10-26,125,126,20:40-21:00,20.84241333333307
2025-10-26,129,130,21:20-21:40,15.018423333333203
2025-10-26,135,137,22:20-22:50,44.06700666666643
2025-10-26,139,140,23:00-23:20,13.522530000000074
2025-10-26,142,143,23:30-23:50,25.37027000000046
2025-10-27,2,3,00:10-00:30,48.171200000000226
2025-10-27,6,6,00:50-01:00,31.209103333333246
2025-10-27,8,9,01:10-01:30,20.2828199999999
2025-10-27,11,12,01:40-02:00,24.882850000000076
2025-10-27,15,15,02:20-02:30,20.669969999999807
2025-10-27,19,20,03:00-03:20,57.77371333333326
2025-10-27,22,23,03:30-03:50,48.011960000000045
2025-10-27,26,26,04:10-04:20,3.727576666666778
2025-10-27,29,30,04:40-05:00,7.448389047619116
2025-10-27,33,37,05:20-06:10,65.71138285714274
2025-10-27,41,47,06:40-07:50,54.32869904761908
2025-10-27,50,51,08:10-08:30,34.11017333333359
2025-10-27,59,61,09:40-10:10,129.40353761904748
2025-10-27,64,64,10:30-10:40,4.93424095238106
2025-10-27,84,84,13:50-14:00,6.8737500000002
2025-10-27,86,87,14:10-14:30,5.715180000000032
2025-10-27,89,91,14:40-15:10,98.21148142857169
2025-10-27,95,96,15:40-16:00,35.12792047619058
2025-10-27,102,102,16:50-17:00,3.8639633333332313
2025-10-27,106,106,17:30-17:40,14.91119285714285
2025-10-27,109,110,18:00-18:20,27.132762857143
2025-10-27,112,113,18:30-18:50,42.321892380952235
2025-10-27,115,115,19:00-19:10,7.952509999999847
2025-10-27,118,119,19:30-19:50,57.11685999999986
2025-10-27,122,130,20:10-21:40,430.39618691890564
2025-10-27,132,134,21:50-22:20,69.5772966666666
2025-10-27,136,136,22:30-22:40,8.245606666666617
2025-10-27,139,139,23:00-23:10,47.633073333333186
2025-10-27,142,143,23:30-23:50,37.117626666666524
2025-10-28,1,2,00:00-00:20,22.13181333333341
2025-10-28,6,9,00:50-01:30,60.40196000000026
2025-10-28,15,18,02:20-03:00,72.03474333333338
2025-10-28,21,22,03:20-03:40,26.365393333333373
2025-10-28,26,27,04:10-04:30,36.36511000000007
2025-10-28,30,33,04:50-05:30,32.232669999999956
2025-10-28,35,36,05:40-06:00,53.71460142857154
2025-10-28,39,39,06:20-06:30,9.743273809524112
2025-10-28,41,42,06:40-07:00,27.242213333333503
2025-10-28,44,45,07:10-07:30,34.346746190476125
2025-10-28,47,49,07:40-08:10,75.55727904761898
2025-10-28,52,53,08:30-08:50,49.501005238095104
2025-10-28,59,60,09:40-10:00,81.12088761904738
2025-10-28,63,63,10:20-10:30,43.531060000000025
2025-10-28,66,67,10:50-11:10,8.496135714285629
2025-10-28,69,71,11:20-11:50,62.91530904761862
2025-10-28,75,77,12:20-12:50,167.41056809523866
2025-10-28,79,79,13:00-13:10,66.63189238095265
2025-10-28,82,83,13:30-13:50,16.61949428571438
2025-10-28,87,87,14:20-14:30,29.12625333333324
2025-10-28,89,90,14:40-15:00,68.43722428571425
2025-10-28,93,94,15:20-15:40,16.753177142856998
2025-10-28,97,98,16:00-16:20,23.920348571428235
2025-10-28,101,102,16:40-17:00,9.249270952381025
2025-10-28,108,109,17:50-18:10,19.65234333333342
2025-10-28,112,113,18:30-18:50,54.719845714285626
2025-10-28,116,117,19:10-19:30,25.525043333333542
2025-10-28,120,120,19:50-20:00,15.12135666666643
2025-10-28,123,124,20:20-20:40,30.582403333333218
2025-10-28,127,128,21:00-21:20,23.040896666666526
2025-10-28,130,130,21:30-21:40,8.28006333333326
2025-10-28,133,134,22:00-22:20,67.75093333333325
2025-10-28,136,137,22:30-22:50,20.039656666666815
2025-10-28,143,144,23:40-24:00,75.93889666666678
2025-10-29,3,4,00:20-00:40,23.239416666666443
2025-10-29,8,9,01:10-01:30,38.82985333333329
2025-10-29,11,12,01:40-02:00,14.222886666666568
2025-10-29,15,16,02:20-02:40,69.34254999999996
2025-10-29,19,20,03:00-03:20,22.419086666666658
2025-10-29,22,23,03:30-03:50,13.703436666666676
2025-10-29,26,27,04:10-04:30,55.762403333333395
2025-10-29,31,33,05:00-05:30,66.56666666666656
2025-10-29,37,38,06:00-06:20,44.811393333333285
2025-10-29,41,42,06:40-07:00,23.994677619047685
2025-10-29,44,49,07:10-08:10,54.4844085714287
2025-10-29,52,53,08:30-08:50,54.84120904761892
2025-10-29,55,56,09:00-09:20,54.63984428571405
2025-10-29,58,59,09:30-09:50,49.624205714285154
2025-10-29,61,64,10:00-10:40,48.915943809523014
2025-10-29,67,69,11:00-11:30,122.03578571428488
2025-10-29,77,78,12:40-13:00,84.60628190476177
2025-10-29,80,81,13:10-13:30,57.54034761904745
2025-10-29,83,90,13:40-15:00,663.537608571429
2025-10-29,95,97,15:40-16:10,42.889050476190334
2025-10-29,99,101,16:20-16:50,68.67110476190462
2025-10-29,103,113,17:00-18:50,793.8933869531477
2025-10-29,116,117,19:10-19:30,189.9099527477656
2025-10-29,120,134,19:50-22:20,1367.3227646325681
2025-10-29,138,140,22:50-23:20,6.621366666666518
2025-10-29,142,144,23:30-24:00,14.941333333333205
2025-10-30,1,1,00:00-00:10,7.8381100000001425
2025-10-30,4,6,00:30-01:00,42.357666666666546
2025-10-30,9,9,01:20-01:30,4.226416666666523
2025-10-30,11,12,01:40-02:00,8.122276666666721
2025-10-30,14,15,02:10-02:30,33.2892599999999
2025-10-30,17,20,02:40-03:20,50.84099666666668
2025-10-30,23,25,03:40-04:10,46.77131333333307
2025-10-30,28,29,04:30-04:50,57.405320000000074
2025-10-30,32,33,05:10-05:30,34.212786190476095
2025-10-30,36,37,05:50-06:10,32.74713523809521
2025-10-30,40,41,06:30-06:50,42.702992857142796
2025-10-30,43,44,07:00-07:20,39.22003142857176
2025-10-30,46,46,07:30-07:40,25.75858523809535
2025-10-30,49,50,08:00-08:20,79.11011095238064
2025-10-30,53,54,08:40-09:00,17.42553428571398
2025-10-30,57,57,09:20-09:30,30.599670476190113
2025-10-30,62,64,10:10-10:40,156.11468380952397
2025-10-30,67,69,11:00-11:30,68.87364904762012
2025-10-30,71,72,11:40-12:00,58.433562380952026
2025-10-30,75,75,12:20-12:30,22.707449047619093
2025-10-30,85,86,14:00-14:20,67.81020285714294
2025-10-30,89,90,14:40-15:00,46.16993619047594
2025-10-30,95,95,15:40-15:50,7.531055952380257
2025-10-30,101,102,16:40-17:00,14.6888604761903
2025-10-30,105,107,17:20-17:50,23.60585761904818
2025-10-30,110,111,18:10-18:30,68.93403000000022
2025-10-30,115,116,19:00-19:20,35.53268761904769
2025-10-30,120,121,19:50-20:10,29.47145333333333
2025-10-30,124,126,20:30-21:00,139.7369399999999
2025-10-30,128,132,21:10-22:00,153.3047217666666
2025-10-30,136,137,22:30-22:50,25.081403333333128
2025-10-30,139,140,23:00-23:20,42.19698333333349
2025-10-30,143,144,23:40-24:00,8.235686666666538
2025-10-31,1,3,00:00-00:30,9.692000000000064
2025-10-31,5,6,00:40-01:00,18.925746666666782
2025-10-31,9,10,01:20-01:40,21.050666666666643
2025-10-31,14,15,02:10-02:30,26.570863333333364
2025-10-31,18,19,02:50-03:10,29.94272999999987
2025-10-31,22,24,03:30-04:00,28.954333333333466
2025-10-31,27,28,04:20-04:40,35.313806190476214
2025-10-31,31,33,05:00-05:30,69.21333333333338
2025-10-31,38,40,06:10-06:40,37.570209999999975
2025-10-31,43,45,07:00-07:30,7.363309523809562
2025-10-31,49,51,08:00-08:30,107.50309523809528
2025-10-31,53,55,08:40-09:10,53.622350000000324
2025-10-31,58,58,09:30-09:40,10.538308095238222
2025-10-31,61,61,10:00-10:10,1.5022471428571862
2025-10-31,64,65,10:30-10:50,58.43379095238129
2025-10-31,67,69,11:00-11:30,107.88384523809486
2025-10-31,73,73,12:00-12:10,24.58065333333343
2025-10-31,93,94,15:20-15:40,25.249482380952372
2025-10-31,97,99,16:00-16:30,40.01457142857137
2025-10-31,104,105,17:10-17:30,30.742164761904775
2025-10-31,108,109,17:50-18:10,56.51036142857134
2025-10-31,116,118,19:10-19:40,57.791079999999965
2025-10-31,121,122,20:00-20:20,30.151693333333526
2025-10-31,125,133,20:40-22:10,628.8577685714295
2025-10-31,136,136,22:30-22:40,14.242783333333364
2025-10-31,139,139,23:00-23:10,23.032080000000178
2025-10-31,142,143,23:30-23:50,63.492849999999976
2025-11-01,2,3,00:10-00:30,1.5319266666666636
2025-11-01,6,6,00:50-01:00,2.3982966666665675
2025-11-01,9,12,01:20-02:00,46.9238033333333
2025-11-01,16,17,02:30-02:50,54.95561000000009
2025-11-01,20,21,03:10-03:30,59.946723333333466
2025-11-01,25,28,04:00-04:40,50.97718095238082
2025-11-01,31,32,05:00-05:20,49.29647999999999
2025-11-01,34,35,05:30-05:50,7.413279999999953
2025-11-01,41,42,06:40-07:00,40.22005047619052
2025-11-01,44,46,07:10-07:40,60.95168904761903
2025-11-01,50,51,08:10-08:30,78.78594047619026
2025-11-01,54,54,08:50-09:00,7.047357619047716
2025-11-01,56,57,09:10-09:30,109.06835714285705
2025-11-01,60,60,09:50-10:00,45.90102761904768
2025-11-01,63,64,10:20-10:40,41.06229809523825
2025-11-01,67,68,11:00-11:20,65.40439047619043
2025-11-01,70,71,11:30-11:50,17.331901904761708
2025-11-01,94,94,15:30-15:40,12.247301428571518
2025-11-01,97,98,16:00-16:20,52.83537238095238
2025-11-01,101,102,16:40-17:00,51.169547619047606
2025-11-01,105,105,17:20-17:30,0.7897776190476407
2025-11-01,108,109,17:50-18:10,32.302099523809545
2025-11-01,111,111,18:20-18:30,0.8432042857141937
2025-11-01,117,118,19:20-19:40,48.412324761904586
2025-11-01,121,121,20:00-20:10,39.366353333333336
2025-11-01,124,125,20:30-20:50,83.30393666666663
2025-11-01,128,129,21:10-21:30,32.24463666666662
2025-11-01,131,133,21:40-22:10,34.68719999999985
2025-11-01,136,138,22:30-23:00,39.00933333333296
2025-11-01,141,141,23:20-23:30,0.409746666666706
2025-11-01,144,144,23:50-24:00,27.446210000000065
2025-11-02,1,1,00:00-00:10,0.6681499999999687
2025-11-02,4,5,00:30-00:50,28.745969999999943
2025-11-02,8,9,01:10-01:30,12.094266666666726
2025-11-02,12,14,01:50-02:20,11.35256333333325
2025-11-02,17,18,02:40-03:00,24.138666666666495
2025-11-02,22,23,03:30-03:50,11.149786666666614
2025-11-02,25,31,04:00-05:10,52.61421285714265
2025-11-02,34,35,05:30-05:50,12.643324761904747
2025-11-02,37,38,06:00-06:20,0.4515800000000354
2025-11-02,40,41,06:30-06:50,17.899313333333232
2025-11-02,43,45,07:00-07:30,63.77319047619076
2025-11-02,48,48,07:50-08:00,2.646218571428335
2025-11-02,50,51,08:10-08:30,21.44634238095216
2025-11-02,53,55,08:40-09:10,40.55830095238093
2025-11-02,57,59,09:20-09:50,67.02670857142868
2025-11-02,63,64,10:20-10:40,53.984544761904544
2025-11-02,70,71,11:30-11:50,36.534308571429165
2025-11-02,75,76,12:20-12:40,110.33541761904758
2025-11-02,79,82,13:00-13:40,119.68355571428526
2025-11-02,91,92,15:00-15:20,26.112245238095397
2025-11-02,95,96,15:40-16:00,33.414760476190395
2025-11-02,98,99,16:10-16:30,55.63022904761931
2025-11-02,102,102,16:50-17:00,28.336086666666702
2025-11-02,108,112,17:50-18:40,59.62964190476167
2025-11-02,115,118,19:00-19:40,39.73909666666668
2025-11-02,122,126,20:10-21:00,386.64435996736984
2025-11-02,129,132,21:20-22:00,64.49680576666603
2025-11-02,136,138,22:30-23:00,40.89133333333348
2025-11-02,142,142,23:30-23:40,33.07082000000014
2025-11-03,2,2,00:10-00:20,28.45565333333343
2025-11-03,5,6,00:40-01:00,29.276546666666718
2025-11-03,9,10,01:20-01:40,28.52229000000034
2025-11-03,14,15,02:10-02:30,50.63631333333353
2025-11-03,18,18,02:50-03:00,16.030033333333563
2025-11-03,20,21,03:10-03:30,6.942680000000109
2025-11-03,23,24,03:40-04:00,41.15745000000027
2025-11-03,27,28,04:20-04:40,20.66153619047634
2025-11-03,31,32,05:00-05:20,46.62515666666671
2025-11-03,35,36,05:40-06:00,38.88463761904768
2025-11-03,39,41,06:20-06:50,85.48360714285685
2025-11-03,48,50,07:50-08:20,32.362212380952315
2025-11-03,52,52,08:30-08:40,7.168651428571252
2025-11-03,55,56,09:00-09:20,60.26831714285686
2025-11-03,58,60,09:30-10:00,78.80297619047576
2025-11-03,63,65,10:20-10:50,62.917824285714005
2025-11-03,67,69,11:00-11:30,31.159619047619117
2025-11-03,71,72,11:40-12:00,16.176548571428384
2025-11-03,74,76,12:10-12:40,51.51459761904721
2025-11-03,81,81,13:20-13:30,16.22649190476227
2025-11-03,83,84,13:40-14:00,42.739064761904274
2025-11-03,87,88,14:20-14:40,12.5026061904764
2025-11-03,98,99,16:10-16:30,18.614845714285508
2025-11-03,102,102,16:50-17:00,4.289988095237945
2025-11-03,106,108,17:30-18:00,46.017666666666734
2025-11-03,114,115,18:50-19:10,24.935476190476265
2025-11-03,118,119,19:30-19:50,33.39367000000004
2025-11-03,123,125,20:20-20:50,41.69388000000015
2025-11-03,128,128,21:10-21:20,1.6978066666664517
2025-11-03,131,132,21:40-22:00,62.896620000000325
2025-11-03,137,138,22:40-23:00,7.64717666666661
2025-11-03,141,143,23:20-23:50,78.99865999999997
2025-11-04,1,1,00:00-00:10,14.746676666666644
2025-11-04,4,5,00:30-00:50,51.791330000000244
2025-11-04,8,10,01:10-01:40,33.54617333333351
2025-11-04,13,14,02:00-02:20,34.2185066666666
2025-11-04,17,17,02:40-02:50,0.15229333333320483
2025-11-04,20,22,03:10-03:40,55.48107333333314
2025-11-04,27,27,04:20-04:30,6.451653333333297
2025-11-04,30,32,04:50-05:20,55.247840000000224
2025-11-04,35,37,05:40-06:10,52.138300476190466
2025-11-04,40,40,06:30-06:40,5.028667142857067
2025-11-04,44,45,07:10-07:30,25.597548095238267
2025-11-04,47,48,07:40-08:00,15.748363809523823
2025-11-04,52,52,08:30-08:40,50.40650428571462
2025-11-04,55,60,09:00-10:00,138.43954761904763
2025-11-04,64,67,10:30-11:10,38.82318333333342
2025-11-04,84,85,13:50-14:10,33.459756666666294
2025-11-04,88,89,14:30-14:50,90.88440619047594
2025-11-04,99,100,16:20-16:40,21.343948571428314
2025-11-04,103,104,17:00-17:20,37.81409857142875
2025-11-04,109,109,18:00-18:10,1.6103166666669182
2025-11-04,112,113,18:30-18:50,17.839929523809076
2025-11-04,115,116,19:00-19:20,12.796461428571433
2025-11-04,120,120,19:50-20:00,7.308673333333218
2025-11-04,123,128,20:20-21:20,196.3084956619026
2025-11-04,130,134,21:30-22:20,72.41710333333333
2025-11-04,139,140,23:00-23:20,4.371903333333421
2025-11-04,142,143,23:30-23:50,25.32651666666675
2025-11-05,2,4,00:10-00:40,33.97615666666627
2025-11-05,7,9,01:00-01:30,61.55833333333305
2025-11-05,12,13,01:50-02:10,28.771263333333195
2025-11-05,16,16,02:30-02:40,15.859133333333602
2025-11-05,19,19,03:00-03:10,28.883383333333313
2025-11-05,22,24,03:30-04:00,38.080999999999904
2025-11-05,27,30,04:20-05:00,58.48853666666673
2025-11-05,33,33,05:20-05:30,0.5161699999999882
2025-11-05,37,37,06:00-06:10,19.118429999999876
2025-11-05,40,41,06:30-06:50,64.04996000000023
2025-11-05,46,47,07:30-07:50,45.512967619047686
2025-11-05,50,51,08:10-08:30,39.22701047619023
2025-11-05,56,57,09:10-09:30,26.41092476190454
2025-11-05,60,61,09:50-10:10,58.35623095238077
2025-11-05,64,67,10:30-11:10,137.20964047619032
2025-11-05,70,71,11:30-11:50,130.79901476190457
2025-11-05,74,75,12:10-12:30,26.179830952380826
2025-11-05,77,78,12:40-13:00,53.26363000000015
2025-11-05,81,82,13:20-13:40,16.954312380952615
2025-11-05,86,90,14:10-15:00,96.10341714285687
2025-11-05,95,95,15:40-15:50,24.256436666666502
2025-11-05,99,101,16:20-16:50,52.35284952380947
2025-11-05,104,104,17:10-17:20,11.037541904761973
2025-11-05,107,109,17:40-18:10,79.33241571428614
2025-11-05,112,113,18:30-18:50,49.01843809523804
2025-11-05,115,116,19:00-19:20,32.85009904761898
2025-11-05,122,127,20:10-21:10,175.28419254869198
2025-11-05,129,132,21:20-22:00,119.16710919999946
2025-11-05,135,135,22:20-22:30,22.795749999999998
2025-11-05,141,141,23:20-23:30,25.075219999999945
2025-11-06,2,3,00:10-00:30,40.40472999999997
2025-11-06,7,7,01:00-01:10,12.171633333333375
2025-11-06,10,11,01:30-01:50,53.76973333333308
2025-11-06,15,18,02:20-03:00,56.49103333333346
2025-11-06,22,23,03:30-03:50,54.13442999999995
2025-11-06,29,34,04:40-05:40,72.04797809523834
2025-11-06,37,37,06:00-06:10,10.57463000000007
2025-11-06,40,41,06:30-06:50,43.55194095238112
2025-11-06,44,48,07:10-08:00,117.68423190476184
2025-11-06,50,51,08:10-08:30,17.116370000000188
2025-11-06,57,59,09:20-09:50,72.25997999999993
2025-11-06,61,64,10:00-10:40,264.8316432476183
2025-11-06,66,67,10:50-11:10,53.688113809523884
2025-11-06,70,72,11:30-12:00,120.10823809523845
2025-11-06,77,79,12:40-13:10,76.18519619047629
2025-11-06,82,83,13:30-13:50,4.579657619047794
2025-11-06,87,88,14:20-14:40,28.539776666666967
2025-11-06,93,94,15:20-15:40,39.60440809523777
2025-11-06,97,98,16:00-16:20,57.592245238094904
2025-11-06,100,102,16:30-17:00,30.709059523809472
2025-11-06,105,107,17:20-17:50,58.121890952380745
2025-11-06,110,113,18:10-18:50,52.078874956523165
2025-11-06,117,117,19:20-19:30,6.481720000000109
2025-11-06,120,131,19:50-21:50,1097.6957111047632
2025-11-06,133,135,22:00-22:30,39.17499999999984
2025-11-06,138,139,22:50-23:10,47.13469666666697
2025-11-07,2,4,00:10-00:40,27.081510000000094
2025-11-07,7,8,01:00-01:20,21.797579999999982
2025-11-07,11,12,01:40-02:00,9.660676666666632
2025-11-07,14,15,02:10-02:30,17.424826666666604
2025-11-07,21,22,03:20-03:40,38.19530000000003
2025-11-07,26,27,04:10-04:30,4.502019999999959
2025-11-07,30,33,04:50-05:30,43.30079666666684
2025-11-07,36,39,05:50-06:30,59.51739904761888
2025-11-07,42,43,06:50-07:10,49.62855238095233
2025-11-07,46,51,07:30-08:30,395.8622950190544
2025-11-07,53,54,08:40-09:00,29.895424285714284
2025-11-07,59,60,09:40-10:00,52.80292857142854
2025-11-07,62,63,10:10-10:30,57.733052857142866
2025-11-07,66,66,10:50-11:00,17.54269428571388
2025-11-07,72,74,11:50-12:20,101.94957190476248
2025-11-07,102,104,16:50-17:20,51.17303523809555
2025-11-07,106,106,17:30-17:40,0.1828961904761499
2025-11-07,110,110,18:10-18:20,2.5335300000000416
2025-11-07,114,114,18:50-19:00,11.471199999999953
2025-11-07,117,119,19:20-19:50,45.38508000000013
2025-11-07,122,123,20:10-20:30,32.84928666666673
2025-11-07,125,127,20:40-21:10,87.30839956525296
2025-11-07,130,134,21:30-22:20,57.359963333333155
2025-11-07,136,137,22:30-22:50,12.60972333333325
2025-11-07,143,144,23:40-24:00,54.50888666666674
2025-11-08,1,1,00:00-00:10,53.626756666666665
2025-11-08,4,5,00:30-00:50,26.427063333333365
2025-11-08,7,8,01:00-01:20,48.96878000000004
2025-11-08,10,10,01:30-01:40,6.5336033333333035
2025-11-08,13,14,02:00-02:20,55.594613333333314
2025-11-08,18,19,02:50-03:10,34.86131333333333
2025-11-08,22,24,03:30-04:00,29.79299999999995
2025-11-08,26,28,04:10-04:40,28.950036666666563
2025-11-08,31,35,05:00-05:50,36.42121809523837
2025-11-08,37,38,06:00-06:20,20.711569047619037
2025-11-08,41,41,06:40-06:50,4.974973333333423
2025-11-08,46,48,07:30-08:00,25.338035714285752
2025-11-08,51,55,08:20-09:10,68.51881523809504
2025-11-08,58,58,09:30-09:40,4.2978647619045205
2025-11-08,61,63,10:00-10:30,89.35592857142842
2025-11-08,66,66,10:50-11:00,30.027316666666366
2025-11-08,68,69,11:10-11:30,19.735795238094852
2025-11-08,72,74,11:50-12:20,90.32380904761885
2025-11-08,98,99,16:10-16:30,72.65116428571432
2025-11-08,102,102,16:50-17:00,31.31206380952377
2025-11-08,106,106,17:30-17:40,2.85248
2025-11-08,109,109,18:00-18:10,6.426698571428574
2025-11-08,112,114,18:30-19:00,59.60400000000004
2025-11-08,117,118,19:20-19:40,16.283093333333284
2025-11-08,123,125,20:20-20:50,53.57585333333333
2025-11-08,128,134,21:10-22:20,149.59566246666634
2025-11-08,137,138,22:40-23:00,4.193093333333081
2025-11-08,140,141,23:10-23:30,29.049796666666907
2025-11-08,143,144,23:40-24:00,32.91945666666652
2025-11-09,2,3,00:10-00:30,73.15028333333373
2025-11-09,6,6,00:50-01:00,3.732330000000047
2025-11-09,8,9,01:10-01:30,67.38117666666665
2025-11-09,12,13,01:50-02:10,54.38520000000028
2025-11-09,16,17,02:30-02:50,13.0924366666668
2025-11-09,19,21,03:00-03:30,37.136666666666656
2025-11-09,25,25,04:00-04:10,2.2346466666667766
2025-11-09,31,32,05:00-05:20,60.889267619047686
2025-11-09,35,35,05:40-05:50,29.536530476190613
2025-11-09,39,39,06:20-06:30,26.34316999999976
2025-11-09,41,42,06:40-07:00,51.49320571428562
2025-11-09,45,45,07:20-07:30,0.6163833333334878
2025-11-09,49,50,08:00-08:20,44.601844761904886
2025-11-09,55,58,09:00-09:40,37.46517380952412
2025-11-09,61,62,10:00-10:20,34.90447761904761
2025-11-09,66,66,10:50-11:00,22.955284285714242
2025-11-09,69,70,11:20-11:40,101.63035142857166
2025-11-09,73,73,12:00-12:10,4.938602857142769
2025-11-09,84,86,13:50-14:20,105.24838571428586
2025-11-09,88,89,14:30-14:50,38.7511566666667
2025-11-09,98,99,16:10-16:30,24.798387619047475
2025-11-09,101,102,16:40-17:00,18.679118095238366
2025-11-09,105,105,17:20-17:30,3.7781290476191316
2025-11-09,108,109,17:50-18:10,18.517248571428482
2025-11-09,112,112,18:30-18:40,49.78018047619058
2025-11-09,115,116,19:00-19:20,25.17811000000006
2025-11-09,118,119,19:30-19:50,26.998170000000073
2025-11-09,122,128,20:10-21:20,688.3104607836685
2025-11-09,130,131,21:30-21:50,77.95270999999968
2025-11-09,133,134,22:00-22:20,26.083906666666735
2025-11-09,137,137,22:40-22:50,1.6949166666668134
2025-11-09,141,144,23:20-24:00,61.828296666666574
2025-11-10,2,3,00:10-00:30,51.27917333333346
2025-11-10,7,9,01:00-01:30,80.4820000000002
2025-11-10,12,12,01:50-02:00,25.907996666666577
2025-11-10,16,17,02:30-02:50,45.105809999999906
2025-11-10,20,21,03:10-03:30,40.0445866666671
2025-11-10,23,25,03:40-04:10,45.333060000000046
2025-11-10,28,28,04:30-04:40,1.8389299999998912
2025-11-10,35,36,05:40-06:00,21.56901571428554
2025-11-10,40,42,06:30-07:00,54.06007142857137
2025-11-10,45,47,07:20-07:50,60.35792904761928
2025-11-10,49,52,08:00-08:40,69.41074000000015
2025-11-10,55,55,09:00-09:10,7.541668571428318
2025-11-10,61,66,10:00-11:00,124.50140476190506
2025-11-10,70,73,11:30-12:10,106.28423904761917
2025-11-10,76,76,12:30-12:40,5.840126190475985
2025-11-10,79,79,13:00-13:10,0.9031309523807067
2025-11-10,82,83,13:30-13:50,34.560666666666634
2025-11-10,86,87,14:10-14:30,74.01540666666676
2025-11-10,91,100,15:00-16:40,365.24480243839304
2025-11-10,102,104,16:50-17:20,86.33779759553323
2025-11-10,106,113,17:30-18:50,530.9922356007942
2025-11-10,116,117,19:10-19:30,18.277387142857037
2025-11-10,120,126,19:50-21:00,729.7471163858218
2025-11-10,129,132,21:20-22:00,182.00376786666652
2025-11-10,135,138,22:20-23:00,39.069606666666914
2025-11-10,141,142,23:20-23:40,24.896696666666458
2025-11-11,1,2,00:00-00:20,19.434303333333332
2025-11-11,5,6,00:40-01:00,34.64361333333329
2025-11-11,9,11,01:20-01:50,31.411866666666697
2025-11-11,15,17,02:20-02:50,13.308613333333142
2025-11-11,20,22,03:10-03:40,54.32226000000014
2025-11-11,25,26,04:00-04:20,9.793933333333143
2025-11-11,28,28,04:30-04:40,4.2668299999999135
2025-11-11,31,32,05:00-05:20,26.697890952381094
2025-11-11,35,35,05:40-05:50,0.94276380952394
2025-11-11,38,39,06:10-06:30,37.93044999999984
2025-11-11,41,42,06:40-07:00,46.608915714285786
2025-11-11,45,45,07:20-07:30,11.30510619047621
2025-11-11,50,51,08:10-08:30,50.60467857142851
2025-11-11,53,54,08:40-09:00,63.42314761904743
2025-11-11,56,57,09:10-09:30,45.50963999999965
2025-11-11,60,61,09:50-10:10,33.61030571428603
2025-11-11,64,65,10:30-10:50,60.647644761904985
2025-11-11,75,75,12:20-12:30,50.26234523809558
2025-11-11,85,86,14:00-14:20,43.73096714285725
2025-11-11,88,89,14:30-14:50,44.56761000000006
2025-11-11,99,100,16:20-16:40,4.6288204761900715
2025-11-11,103,104,17:00-17:20,50.58383238095198
2025-11-11,107,108,17:40-18:00,53.90417761904769
2025-11-11,111,112,18:20-18:40,12.3748004761905
2025-11-11,115,116,19:00-19:20,56.859080000000176
2025-11-11,118,119,19:30-19:50,26.508850000000052
2025-11-11,125,126,20:40-21:00,45.325486666666734
2025-11-11,128,131,21:10-21:50,57.48432491700464
2025-11-11,133,134,22:00-22:20,29.902399999999716
2025-11-11,139,140,23:00-23:20,61.87621000000013
2025-11-11,143,144,23:40-24:00,43.38882666666677
2025-11-12,3,3,00:20-00:30,26.873923333333096
2025-11-12,6,8,00:50-01:20,34.21616333333327
2025-11-12,11,12,01:40-02:00,22.26699666666684
2025-11-12,15,16,02:20-02:40,6.029963333333285
2025-11-12,19,19,03:00-03:10,28.781330000000025
2025-11-12,22,23,03:30-03:50,41.97513999999967
2025-11-12,26,28,04:10-04:40,22.986310000000003
2025-11-12,32,33,05:10-05:30,40.89695666666671
2025-11-12,36,39,05:50-06:30,93.88788904761921
2025-11-12,41,42,06:40-07:00,50.15438904761911
2025-11-12,45,46,07:20-07:40,53.671311428571414
2025-11-12,49,50,08:00-08:20,111.0799776190479
2025-11-12,52,53,08:30-08:50,26.15554952380944
2025-11-12,57,57,09:20-09:30,19.231194285714196
2025-11-12,59,60,09:40-10:00,47.12221809523794
2025-11-12,63,64,10:20-10:40,38.43537380952375
2025-11-12,82,83,13:30-13:50,45.75201952380962
2025-11-12,87,87,14:20-14:30,12.136106666666706
2025-11-12,97,98,16:00-16:20,5.296764285714573
2025-11-12,100,102,16:30-17:00,48.495857142856885
2025-11-12,105,105,17:20-17:30,26.594754761904596
2025-11-12,108,108,17:50-18:00,5.504259999999817
2025-11-12,110,112,18:10-18:40,70.48636095238082
2025-11-12,115,116,19:00-19:20,39.287319999999795
2025-11-12,119,121,19:40-20:10,34.0328333333332
2025-11-12,124,124,20:30-20:40,2.255480000000148
2025-11-12,127,128,21:00-21:20,51.812070000000176
2025-11-12,130,131,21:30-21:50,51.91692333333344
2025-11-12,133,133,22:00-22:10,0.853460000000041
2025-11-12,136,136,22:30-22:40,27.86749666666674
2025-11-12,139,139,23:00-23:10,8.0303233333334
2025-11-12,142,144,23:30-24:00,35.181333333333555
2025-11-13,1,3,00:00-00:30,18.89966666666669
2025-11-13,6,7,00:50-01:10,40.77739999999994
2025-11-13,11,12,01:40-02:00,60.8503966666666
2025-11-13,15,15,02:20-02:30,1.308430000000044
2025-11-13,17,18,02:40-03:00,28.912259999999947
2025-11-13,21,21,03:20-03:30,6.301773333333472
2025-11-13,23,25,03:40-04:10,53.22909999999979
2025-11-13,28,29,04:30-04:50,34.30700476190483
2025-11-13,31,31,05:00-05:10,14.010693333333165
2025-11-13,35,36,05:40-06:00,66.5136733333331
2025-11-13,41,42,06:40-07:00,82.62208999999976
2025-11-13,45,46,07:20-07:40,48.324495238095466
2025-11-13,52,53,08:30-08:50,43.33114095238102
2025-11-13,59,61,09:40-10:10,92.70733047619012
2025-11-13,64,64,10:30-10:40,39.587580476190396
2025-11-13,68,70,11:10-11:40,59.80356190476232
2025-11-13,73,74,12:00-12:20,82.03492523809564
2025-11-13,81,85,13:20-14:10,84.0553818518531
2025-11-13,88,89,14:30-14:50,14.399892857143072
2025-11-13,91,91,15:00-15:10,0.67745952380983
2025-11-13,97,98,16:00-16:20,20.981613809523765
2025-11-13,100,101,16:30-16:50,16.51752809523812
2025-11-13,105,105,17:20-17:30,0.7410000000002128
2025-11-13,109,110,18:00-18:20,13.243590000000005
2025-11-13,112,114,18:30-19:00,48.02033333333342
2025-11-13,118,119,19:30-19:50,10.266053333333048
2025-11-13,121,125,20:00-20:50,288.0552195333313
2025-11-13,127,128,21:00-21:20,38.96400333333327
2025-11-13,130,133,21:30-22:10,39.56016370000039
2025-11-13,136,136,22:30-22:40,33.89544666666666
2025-11-13,139,139,23:00-23:10,40.48492333333343
2025-11-13,142,143,23:30-23:50,26.137713333333295
2025-11-14,2,3,00:10-00:30,41.881926666666686
2025-11-14,8,9,01:10-01:30,18.174573333333285
2025-11-14,11,12,01:40-02:00,53.36383999999998
2025-11-14,15,15,02:20-02:30,10.431856666666647
2025-11-14,17,18,02:40-03:00,25.512693333333345
2025-11-14,22,24,03:30-04:00,17.346333333333348
2025-11-14,26,27,04:10-04:30,66.1338066666666
2025-11-14,30,32,04:50-05:20,54.57037523809532
2025-11-14,36,36,05:50-06:00,12.94773333333336
2025-11-14,39,40,06:20-06:40,28.326525714285765
2025-11-14,43,45,07:00-07:30,42.615392857142865
2025-11-14,49,49,08:00-08:10,3.2654033333332677
2025-11-14,52,53,08:30-08:50,24.176544761904665
2025-11-14,56,57,09:10-09:30,66.39906619047599
2025-11-14,61,62,10:00-10:20,36.73925809523814
2025-11-14,64,66,10:30-11:00,116.91241666666656
2025-11-14,71,75,11:40-12:30,73.87951142857173
2025-11-14,94,94,15:30-15:40,33.08262571428577
2025-11-14,98,99,16:10-16:30,49.61106047619049
2025-11-14,102,102,16:50-17:00,11.958420952380656
2025-11-14,107,108,17:40-18:00,28.15716761904764
2025-11-14,111,113,18:20-18:50,29.42230333333339
2025-11-14,117,117,19:20-19:30,19.410539999999912
2025-11-14,119,121,19:40-20:10,25.798369999999863
2025-11-14,124,125,20:30-20:50,220.33544950952017
2025-11-14,127,128,21:00-21:20,69.94507333333337
2025-11-14,131,132,21:40-22:00,20.102239999999938
2025-11-14,136,137,22:30-22:50,30.97958666666682
2025-11-14,139,140,23:00-23:20,28.137710000000197
2025-11-14,142,143,23:30-23:50,23.912176666666483
2025-11-15,2,3,00:10-00:30,14.669983333333278
2025-11-15,6,6,00:50-01:00,11.601450000000057
2025-11-15,9,10,01:20-01:40,1.2906600000000026
2025-11-15,13,13,02:00-02:10,4.334733333333304
2025-11-15,16,18,02:30-03:00,38.665333333333365
2025-11-15,20,21,03:10-03:30,14.642613333333259
2025-11-15,24,25,03:50-04:10,30.486216666666678
2025-11-15,28,29,04:30-04:50,15.179029523809454
2025-11-15,31,32,05:00-05:20,19.861872857142885
2025-11-15,35,35,05:40-05:50,1.6019600000000196
2025-11-15,38,39,06:10-06:30,34.36429000000004
2025-11-15,42,44,06:50-07:20,61.378094285714155
2025-11-15,47,51,07:40-08:30,104.27046783809988
2025-11-15,53,55,08:40-09:10,92.70513095238107
2025-11-15,59,61,09:40-10:10,100.00140571428574
2025-11-15,64,64,10:30-10:40,1.126326190475993
2025-11-15,68,69,11:10-11:30,14.844211904762005
2025-11-15,71,72,11:40-12:00,91.72564952381003
2025-11-15,75,79,12:20-13:10,83.80407571428532
2025-11-15,95,96,15:40-16:00,36.615494285714476
2025-11-15,99,100,16:20-16:40,52.20805476190472
2025-11-15,103,105,17:00-17:30,28.56470238095231
2025-11-15,108,110,17:50-18:20,30.70114666666649
2025-11-15,112,113,18:30-18:50,16.32823666666667
2025-11-15,116,117,19:10-19:30,6.512531904762
2025-11-15,119,120,19:40-20:00,25.246903333333364
2025-11-15,123,123,20:20-20:30,4.792183333333355
2025-11-15,127,127,21:00-21:10,20.99043000000006
2025-11-15,130,131,21:30-21:50,58.301863333333415
2025-11-15,136,138,22:30-23:00,55.58233333333328
2025-11-15,144,144,23:50-24:00,25.22943666666663
2025-11-16,1,2,00:00-00:20,16.601869999999963
2025-11-16,5,6,00:40-01:00,43.59911666666653
2025-11-16,9,9,01:20-01:30,4.72449000000006
2025-11-16,11,12,01:40-02:00,71.04810666666674
2025-11-16,15,16,02:20-02:40,42.06487333333348
2025-11-16,19,21,03:00-03:30,64.27233333333345
2025-11-16,24,25,03:50-04:10,54.17354
2025-11-16,28,28,04:30-04:40,16.318136666666646
2025-11-16,31,33,05:00-05:30,62.10233333333321
2025-11-16,35,36,05:40-06:00,30.94184333333348
2025-11-16,39,40,06:20-06:40,58.22425238095241
2025-11-16,44,45,07:10-07:30,19.79614571428567
2025-11-16,50,51,08:10-08:30,115.65925619047596
2025-11-16,54,54,08:50-09:00,41.42954761904741
2025-11-16,57,57,09:20-09:30,1.567750952380834
2025-11-16,59,60,09:40-10:00,86.86541999999986
2025-11-16,63,66,10:20-11:00,72.23010190476248
2025-11-16,69,69,11:20-11:30,27.581460476191523
2025-11-16,78,80,12:50-13:20,94.94748238095212
2025-11-16,82,83,13:30-13:50,69.46959666666703
2025-11-16,87,87,14:20-14:30,15.444258095237956
2025-11-16,89,91,14:40-15:10,75.888106666667
2025-11-16,94,95,15:30-15:50,25.272846666666794
2025-11-16,99,102,16:20-17:00,35.20179238095219
2025-11-16,105,105,17:20-17:30,19.286973333333208
2025-11-16,107,108,17:40-18:00,68.23679619047618
2025-11-16,111,112,18:20-18:40,58.27255000000012
2025-11-16,116,118,19:10-19:40,46.56282190476213
2025-11-16,122,124,20:10-20:40,71.78104000000019
2025-11-16,128,129,21:10-21:30,47.26486666666676
2025-11-16,132,135,21:50-22:30,36.98378999999977
2025-11-16,138,139,22:50-23:10,12.457133333333331
2025-11-16,143,144,23:40-24:00,67.90606000000002
2025-11-17,3,3,00:20-00:30,44.3053133333334
2025-11-17,5,7,00:40-01:10,68.95597333333353
2025-11-17,11,12,01:40-02:00,59.28350333333344
2025-11-17,16,18,02:30-03:00,66.98499999999956
2025-11-17,21,22,03:20-03:40,15.214213333333419
2025-11-17,28,28,04:30-04:40,32.816130000000044
2025-11-17,31,32,05:00-05:20,70.19655619047634
2025-11-17,36,40,05:50-06:40,64.647451904762
2025-11-17,44,47,07:10-07:50,47.16736809523823
2025-11-17,49,49,08:00-08:10,25.97994999999969
2025-11-17,53,54,08:40-09:00,46.62976380952398
2025-11-17,56,57,09:10-09:30,70.53861571428558
2025-11-17,63,64,10:20-10:40,61.186655714285735
2025-11-17,67,69,11:00-11:30,28.592964285714288
2025-11-17,85,86,14:00-14:20,50.50499571428554
2025-11-17,90,90,14:50-15:00,4.309654761904881
2025-11-17,100,101,16:30-16:50,15.836203809523994
2025-11-17,105,106,17:20-17:40,13.651415714285566
2025-11-17,110,111,18:10-18:30,32.312980952381054
2025-11-17,114,115,18:50-19:10,21.31378761904739
2025-11-17,117,117,19:20-19:30,0.19291333333364946
2025-11-17,122,124,20:10-20:40,57.21794666666665
2025-11-17,128,133,21:10-22:10,57.64520666666658
2025-11-17,138,139,22:50-23:10,38.80052333333333
2025-11-18,1,2,00:00-00:20,28.8824933333334
2025-11-18,4,8,00:30-01:20,41.72908000000018
2025-11-18,12,13,01:50-02:10,26.3979466666666
2025-11-18,16,17,02:30-02:50,38.74034333333327
2025-11-18,19,20,03:00-03:20,31.9135633333334
2025-11-18,24,26,03:50-04:20,74.70016000000021
2025-11-18,28,28,04:30-04:40,15.876906666666741
2025-11-18,31,31,05:00-05:10,28.328373333333275
2025-11-18,35,35,05:40-05:50,29.19901142857155
2025-11-18,37,37,06:00-06:10,15.661489999999958
2025-11-18,40,41,06:30-06:50,35.405027142857264
2025-11-18,43,43,07:00-07:10,7.727374761904855
2025-11-18,47,49,07:40-08:10,25.11523095238084
2025-11-18,51,52,08:20-08:40,9.81205190476203
2025-11-18,56,57,09:10-09:30,23.733990952381305
2025-11-18,61,63,10:00-10:30,66.47270238095223
2025-11-18,65,66,10:40-11:00,30.49661523809516
2025-11-18,69,74,11:20-12:20,177.241257142858
2025-11-18,81,81,13:20-13:30,11.228744761904522
2025-11-18,84,85,13:50-14:10,100.680919047619
2025-11-18,88,89,14:30-14:50,61.032691428571525
2025-11-18,91,92,15:00-15:20,10.849037619047976
2025-11-18,96,98,15:50-16:20,61.01246476190488
2025-11-18,103,103,17:00-17:10,5.463985714285727
2025-11-18,107,108,17:40-18:00,15.31580428571408
2025-11-18,111,112,18:20-18:40,23.74058809523809
2025-11-18,114,117,18:50-19:30,10.56364333333363
2025-11-18,121,121,20:00-20:10,25.895230000000083
2025-11-18,124,126,20:30-21:00,69.11699999999985
2025-11-18,129,129,21:20-21:30,5.514830000000188
2025-11-18,131,132,21:40-22:00,38.20217666666656
2025-11-18,134,135,22:10-22:30,53.2391866666668
2025-11-18,137,138,22:40-23:00,32.342403333333095
2025-11-18,141,142,23:20-23:40,70.80823666666674
2025-11-19,2,2,00:10-00:20,13.647910000000024
2025-11-19,4,5,00:30-00:50,33.69384333333312
2025-11-19,9,12,01:20-02:00,31.39596666666671
2025-11-19,15,15,02:20-02:30,1.0249433333332263
2025-11-19,18,20,02:50-03:20,72.00455333333298
2025-11-19,23,24,03:40-04:00,44.55536666666626
2025-11-19,27,28,04:20-04:40,36.454889999999864
2025-11-19,30,31,04:50-05:10,21.144065714285603
2025-11-19,35,36,05:40-06:00,62.8590000000001
2025-11-19,39,39,06:20-06:30,45.208798571428474
2025-11-19,41,42,06:40-07:00,21.875095714285514
2025-11-19,48,52,07:50-08:40,80.42125142857185
2025-11-19,55,57,09:00-09:30,52.374952380952436
2025-11-19,59,60,09:40-10:00,34.86089476190489
2025-11-19,63,63,10:20-10:30,26.765133333333324
2025-11-19,66,66,10:50-11:00,30.740726190475925
2025-11-19,68,69,11:10-11:30,28.007920000000013
2025-11-19,77,80,12:40-13:20,42.626805714285865
2025-11-19,82,82,13:30-13:40,2.139712857142513
2025-11-19,85,86,14:00-14:20,52.643159047619065
2025-11-19,90,91,14:50-15:10,44.70117428571416
2025-11-19,94,95,15:30-15:50,17.376210476190522
2025-11-19,98,99,16:10-16:30,47.22873047619058
2025-11-19,102,102,16:50-17:00,12.483570476190557
2025-11-19,105,108,17:20-18:00,13.769296666666865
2025-11-19,111,111,18:20-18:30,7.656103333333363
2025-11-19,114,115,18:50-19:10,34.38168523809509
2025-11-19,118,119,19:30-19:50,50.792476666666744
2025-11-19,121,122,20:00-20:20,12.259540000000015
2025-11-19,125,127,20:40-21:10,65.50013032584006
2025-11-19,130,130,21:30-21:40,15.042823333333331
2025-11-19,133,138,22:00-23:00,62.29997333333347
2025-11-19,142,144,23:30-24:00,39.81633333333343
2025-11-20,1,1,00:00-00:10,8.041900000000055
2025-11-20,3,3,00:20-00:30,4.024206666666942
2025-11-20,5,7,00:40-01:10,44.420363333333285
2025-11-20,10,10,01:30-01:40,31.274159999999938
2025-11-20,13,13,02:00-02:10,34.28169000000025
2025-11-20,16,17,02:30-02:50,67.83711000000017
2025-11-20,20,22,03:10-03:40,50.19831333333332
2025-11-20,25,25,04:00-04:10,0.07006999999998698
2025-11-20,28,29,04:30-04:50,32.53546952380941
2025-11-20,32,33,05:10-05:30,35.3737866666669
2025-11-20,38,43,06:10-07:10,38.62133571428578
2025-11-20,47,49,07:40-08:10,67.73485285714281
2025-11-20,52,53,08:30-08:50,16.18907380952362
2025-11-20,58,59,09:30-09:50,25.78079285714273
2025-11-20,63,63,10:20-10:30,1.940192380952226
2025-11-20,65,66,10:40-11:00,34.235592857142365
2025-11-20,69,72,11:20-12:00,71.47405619047663
2025-11-20,75,75,12:20-12:30,3.9156061904761827
2025-11-20,79,79,13:00-13:10,35.32684333333327
2025-11-20,82,85,13:30-14:10,64.16744904761936
2025-11-20,88,88,14:30-14:40,24.285185238095323
2025-11-20,91,92,15:00-15:20,23.659044761904624
2025-11-20,102,102,16:50-17:00,50.06808333333318
2025-11-20,105,105,17:20-17:30,25.776443333333077
2025-11-20,108,109,17:50-18:10,45.6733652380952
2025-11-20,112,115,18:30-19:10,46.18329619047621
2025-11-20,121,122,20:00-20:20,24.777486666666732
2025-11-20,124,125,20:30-20:50,32.02873666666676
2025-11-20,127,128,21:00-21:20,16.874403333333134
2025-11-20,132,132,21:50-22:00,29.29534333333345
2025-11-20,135,136,22:20-22:40,26.11653666666689
2025-11-20,139,142,23:00-23:40,80.89913666666621
2025-11-21,2,2,00:10-00:20,23.373133333333328
2025-11-21,5,6,00:40-01:00,21.811543333333304
2025-11-21,9,10,01:20-01:40,56.513750000000016
2025-11-21,13,13,02:00-02:10,16.93061333333327
2025-11-21,16,17,02:30-02:50,61.237643333333324
2025-11-21,20,21,03:10-03:30,62.6317766666665
2025-11-21,27,28,04:20-04:40,36.010899999999936
2025-11-21,31,32,05:00-05:20,10.500364761904791
2025-11-21,34,35,05:30-05:50,17.363438571428617
2025-11-21,37,37,06:00-06:10,11.686489999999992
2025-11-21,40,41,06:30-06:50,35.71987333333328
2025-11-21,43,45,07:00-07:30,41.383833333333314
2025-11-21,49,49,08:00-08:10,9.433803333333401
2025-11-21,53,54,08:40-09:00,79.71196714285713
2025-11-21,61,61,10:00-10:10,10.258616190476118
2025-11-21,64,64,10:30-10:40,7.711169523809531
2025-11-21,67,71,11:00-11:50,147.06612142857193
2025-11-21,73,74,12:00-12:20,42.2154538095233
2025-11-21,79,79,13:00-13:10,40.16410190476222
2025-11-21,93,93,15:20-15:30,5.5964479549318185
2025-11-21,96,96,15:50-16:00,48.70723000000004
2025-11-21,99,103,16:20-17:10,43.599936190475944
2025-11-21,106,108,17:30-18:00,34.855666666666956
2025-11-21,111,111,18:20-18:30,7.797743333333358
2025-11-21,113,115,18:40-19:10,32.81690619047629
2025-11-21,118,119,19:30-19:50,34.67842000000002
2025-11-21,121,121,20:00-20:10,6.263289999999927
2025-11-21,125,127,20:40-21:10,62.7320733333334
2025-11-21,130,131,21:30-21:50,18.487539999999854
2025-11-21,134,136,22:10-22:40,32.544786666666596
2025-11-21,139,140,23:00-23:20,12.138463333333448
2025-11-21,142,142,23:30-23:40,22.284823333333406
2025-11-22,1,2,00:00-00:20,35.60048000000006
2025-11-22,4,5,00:30-00:50,22.873740000000055
2025-11-22,7,8,01:00-01:20,14.027053333333242
2025-11-22,12,15,01:50-02:30,51.120953333333205
2025-11-22,17,19,02:40-03:10,59.06024333333335
2025-11-22,22,23,03:30-03:50,42.60537666666664
2025-11-22,28,28,04:30-04:40,8.942830000000129
2025-11-22,31,32,05:00-05:20,28.6078580952381
2025-11-22,35,36,05:40-06:00,61.639946666666674
2025-11-22,39,42,06:20-07:00,25.312354285714207
2025-11-22,45,46,07:20-07:40,41.742586190476175
2025-11-22,49,50,08:00-08:20,31.09514666666672
2025-11-22,52,53,08:30-08:50,18.953918095238123
2025-11-22,55,57,09:00-09:30,44.43967857142866
2025-11-22,63,67,10:20-11:10,33.37481619047617
2025-11-22,70,73,11:30-12:10,81.79866190476196
2025-11-22,76,76,12:30-12:40,15.922620952381067
2025-11-22,79,79,13:00-13:10,1.9065723809521842
2025-11-22,82,82,13:30-13:40,16.046710476190242
2025-11-22,97,98,16:00-16:20,48.41125124632467
2025-11-22,105,106,17:20-17:40,27.453122380952514
2025-11-22,108,108,17:50-18:00,4.509736666666697
2025-11-22,111,112,18:20-18:40,46.08006571428575
2025-11-22,116,117,19:10-19:30,39.12902952380949
2025-11-22,120,121,19:50-20:10,26.514013333333367
2025-11-22,124,126,20:30-21:00,38.5036666666669
2025-11-22,129,132,21:20-22:00,20.81069000000025
2025-11-22,134,135,22:10-22:30,50.16069333333337
2025-11-22,138,139,22:50-23:10,48.903943333333245
2025-11-22,143,144,23:40-24:00,14.87610333333339
2025-11-23,1,1,00:00-00:10,9.534926666666593
2025-11-23,4,5,00:30-00:50,37.538673333333236
2025-11-23,8,9,01:10-01:30,55.03305333333344
2025-11-23,12,12,01:50-02:00,40.64480666666668
2025-11-23,17,18,02:40-03:00,58.60827999999981
2025-11-23,21,21,03:20-03:30,40.443946666666534
2025-11-23,25,26,04:00-04:20,60.05588666666654
2025-11-23,29,30,04:40-05:00,30.062370000000328
2025-11-23,33,34,05:20-05:40,45.17930476190497
2025-11-23,40,42,06:30-07:00,46.53671428571433
2025-11-23,44,46,07:10-07:40,35.49580952380951
2025-11-23,49,50,08:00-08:20,33.385478095238454
2025-11-23,53,54,08:40-09:00,33.34512333333282
2025-11-23,57,61,09:20-10:10,126.3001819047621
2025-11-23,65,65,10:40-10:50,2.034326190476122
2025-11-23,68,69,11:10-11:30,30.39369619047625
2025-11-23,80,81,13:10-13:30,141.01652380952396
2025-11-23,84,85,13:50-14:10,33.00084761904782
2025-11-23,89,90,14:40-15:00,14.44092000000012
2025-11-23,103,103,17:00-17:10,3.904626666666605
2025-11-23,106,108,17:30-18:00,34.850999999999814
2025-11-23,110,110,18:10-18:20,4.479282380952213
2025-11-23,113,114,18:40-19:00,45.46998095238109
2025-11-23,117,118,19:20-19:40,12.792099999999891
2025-11-23,121,122,20:00-20:20,14.617623333333427
2025-11-23,124,125,20:30-20:50,46.70880333333298
2025-11-23,127,127,21:00-21:10,36.40576999999996
2025-11-23,131,134,21:40-22:20,42.983623333333185
2025-11-23,139,140,23:00-23:20,23.6401566666666
2025-11-23,142,144,23:30-24:00,16.32199999999989
2025-11-24,1,2,00:00-00:20,30.841506666666533
2025-11-24,5,6,00:40-01:00,19.80583333333334
2025-11-24,8,9,01:10-01:30,17.596656666666945
2025-11-24,16,21,02:30-03:30,43.62466666666637
2025-11-24,27,29,04:20-04:50,31.301833333333434
2025-11-24,32,33,05:10-05:30,44.398816666666555
2025-11-24,36,37,05:50-06:10,70.69235571428555
2025-11-24,40,42,06:30-07:00,35.411297619047645
2025-11-24,49,49,08:00-08:10,1.9033619047622778
2025-11-24,52,54,08:30-09:00,90.51945238095209
2025-11-24,57,58,09:20-09:40,47.79124428571413
2025-11-24,74,74,12:10-12:20,16.888910952380684
2025-11-24,80,81,13:10-13:30,49.93728117142757
2025-11-24,84,86,13:50-14:20,100.8074480952381
2025-11-24,95,95,15:40-15:50,10.363696666666499
2025-11-24,100,100,16:30-16:40,9.159107918869154
2025-11-24,105,106,17:20-17:40,10.333265133308036
2025-11-24,109,111,18:00-18:30,42.30366666666686
2025-11-24,113,114,18:40-19:00,32.42374476190491
2025-11-24,117,121,19:20-20:10,63.63604999999973
2025-11-24,124,126,20:30-21:00,27.717333333333045
2025-11-24,129,129,21:20-21:30,18.61982999999998
2025-11-24,131,132,21:40-22:00,24.340193333333445
2025-11-24,135,139,22:20-23:10,87.09312333333355
2025-11-24,143,143,23:40-23:50,13.050799999999981
2025-11-25,2,3,00:10-00:30,30.65402333333327
2025-11-25,6,7,00:50-01:10,30.903073333333282
2025-11-25,9,9,01:20-01:30,9.13657000000012
2025-11-25,13,15,02:00-02:30,34.96233333333339
2025-11-25,18,20,02:50-03:20,26.528613333333055
2025-11-25,23,25,03:40-04:10,32.25673333333327
2025-11-25,28,30,04:30-05:00,31.159666666666567
2025-11-25,34,34,05:30-05:40,3.4031999999997424
2025-11-25,37,38,06:00-06:20,67.71950380952379
2025-11-25,40,41,06:30-06:50,29.96547904761926
2025-11-25,46,47,07:30-07:50,58.702529999999655
2025-11-25,50,51,08:10-08:30,51.11330666666686
2025-11-25,53,54,08:40-09:00,52.58382523809519
2025-11-25,58,59,09:30-09:50,28.43456142857167
2025-11-25,61,62,10:00-10:20,41.20840523809511
2025-11-25,65,68,10:40-11:20,93.79207476190459
2025-11-25,71,72,11:40-12:00,21.744528095237456
2025-11-25,75,77,12:20-12:50,9.251434285713913
2025-11-25,79,81,13:00-13:30,113.01991666666697
2025-11-25,84,84,13:50-14:00,63.22456476190507
2025-11-25,87,87,14:20-14:30,12.153121428571467
2025-11-25,90,92,14:50-15:20,65.64792619047603
2025-11-25,100,100,16:30-16:40,6.423850476190253
2025-11-25,104,105,17:10-17:30,21.42308505392191
2025-11-25,110,111,18:10-18:30,19.593179047619515
2025-11-25,113,114,18:40-19:00,28.32302952380951
2025-11-25,117,117,19:20-19:30,8.302740000000199
2025-11-25,120,120,19:50-20:00,13.089193333333355
2025-11-25,122,123,20:10-20:30,37.08075666666696
2025-11-25,128,129,21:10-21:30,72.71384999999998
2025-11-25,135,135,22:20-22:30,17.10310000000004
2025-11-25,137,138,22:40-23:00,11.76846999999998
2025-11-25,140,142,23:10-23:40,38.35807
2025-11-26,2,3,00:10-00:30,28.81767666666633
2025-11-26,5,6,00:40-01:00,45.0332166666667
2025-11-26,11,16,01:40-02:40,74.5768533333337
2025-11-26,19,19,03:00-03:10,3.363366666666593
2025-11-26,22,22,03:30-03:40,29.93920333333358
2025-11-26,25,26,04:00-04:20,28.699093333333053
2025-11-26,31,33,05:00-05:30,33.36999999999986
2025-11-26,36,37,05:50-06:10,51.91709904761899
2025-11-26,42,44,06:50-07:20,74.10651190476167
2025-11-26,47,48,07:40-08:00,33.709276190475805
2025-11-26,50,51,08:10-08:30,75.8489014285716
2025-11-26,54,54,08:50-09:00,12.17438476190489
2025-11-26,56,57,09:10-09:30,22.24728047619044
2025-11-26,60,62,09:50-10:20,34.80952809523785
2025-11-26,64,64,10:30-10:40,32.421222857142425
2025-11-26,67,68,11:00-11:20,79.45854904761904
2025-11-26,70,72,11:30-12:00,90.61108333333345
2025-11-26,74,75,12:10-12:30,30.809988571428676
2025-11-26,78,80,12:50-13:20,49.86420857142831
2025-11-26,84,85,13:50-14:10,70.27068952380932
2025-11-26,89,90,14:40-15:00,68.06777190476225
2025-11-26,94,96,15:30-16:00,63.16050000000007
2025-11-26,100,101,16:30-16:50,13.844775238095245
2025-11-26,106,107,17:30-17:50,19.009786666666976
2025-11-26,109,110,18:00-18:20,38.527763333332956
2025-11-26,112,114,18:30-19:00,21.384333333333156
2025-11-26,118,119,19:30-19:50,18.871496666666758
2025-11-26,121,122,20:00-20:20,49.69996333333336
2025-11-26,126,127,20:50-21:10,45.741859999999974
2025-11-26,131,131,21:40-21:50,4.887120000000209
2025-11-26,133,135,22:00-22:30,18.842919999999935
2025-11-26,138,140,22:50-23:20,76.80682000000002
2025-11-26,143,144,23:40-24:00,4.665240000000267
2025-11-27,3,4,00:20-00:40,31.864319999999793
2025-11-27,8,10,01:10-01:40,36.72714333333329
2025-11-27,14,15,02:10-02:30,28.494730000000004
2025-11-27,19,20,03:00-03:20,51.777680000000146
2025-11-27,23,25,03:40-04:10,31.028423333333308
2025-11-27,28,30,04:30-05:00,52.90999999999997
2025-11-27,33,33,05:20-05:30,1.5183314285714005
2025-11-27,35,36,05:40-06:00,15.84908666666654
2025-11-27,38,39,06:10-06:30,46.58270000000028
2025-11-27,42,42,06:50-07:00,56.33252047619062
2025-11-27,45,46,07:20-07:40,36.19216047619062
2025-11-27,52,56,08:30-09:20,64.16451619047632
2025-11-27,58,60,09:30-10:00,44.99363095238152
2025-11-27,62,63,10:10-10:30,61.70489904761939
2025-11-27,66,67,10:50-11:10,71.1542928571431
2025-11-27,73,73,12:00-12:10,7.704172380952286
2025-11-27,79,79,13:00-13:10,8.827759999999785
2025-11-27,82,84,13:30-14:00,83.18944796590426
2025-11-27,88,89,14:30-14:50,70.71177333333333
2025-11-27,91,91,15:00-15:10,5.8437661904763445
2025-11-27,97,98,16:00-16:20,25.25019666666674
2025-11-27,105,107,17:20-17:50,41.56360333333377
2025-11-27,110,111,18:10-18:30,24.18435428571422
2025-11-27,114,115,18:50-19:10,18.67492333333314
2025-11-27,118,120,19:30-20:00,12.80900000000031
2025-11-27,122,123,20:10-20:30,49.775719999999865
2025-11-27,127,130,21:00-21:40,32.17020666666701
2025-11-27,133,133,22:00-22:10,15.894929999999704
2025-11-27,136,137,22:30-22:50,38.052306666667164
2025-11-27,139,140,23:00-23:20,35.683093333333545
2025-11-27,142,142,23:30-23:40,11.341336666666848
2025-11-28,2,3,00:10-00:30,31.302483333333328
2025-11-28,8,9,01:10-01:30,14.96928999999983
2025-11-28,12,15,01:50-02:30,41.96022999999997
2025-11-28,19,20,03:00-03:20,34.67096999999984
2025-11-28,22,23,03:30-03:50,29.78554666666662
2025-11-28,25,26,04:00-04:20,33.66677333333331
2025-11-28,29,30,04:40-05:00,52.440886666666586
2025-11-28,33,33,05:20-05:30,16.258978095238206
2025-11-28,35,36,05:40-06:00,53.46843000000007
2025-11-28,41,42,06:40-07:00,14.681010476190579
2025-11-28,45,48,07:20-08:00,62.94815238095248
2025-11-28,52,53,08:30-08:50,39.681038571428644
2025-11-28,55,58,09:00-09:40,47.791269523809774
2025-11-28,61,62,10:00-10:20,57.87279333333311
2025-11-28,64,64,10:30-10:40,4.065336190476046
2025-11-28,70,72,11:30-12:00,143.39990476190496
2025-11-28,78,81,12:50-13:30,100.15354761904757
2025-11-28,91,91,15:00-15:10,9.915677619047756
2025-11-28,96,98,15:50-16:20,57.093170952381
2025-11-28,102,103,16:50-17:10,40.49395285714286
2025-11-28,107,107,17:40-17:50,7.235449047618999
2025-11-28,110,111,18:10-18:30,57.63060095238103
2025-11-28,113,114,18:40-19:00,67.92806190476205
2025-11-28,117,118,19:20-19:40,30.73313999999999
2025-11-28,124,124,20:30-20:40,12.797833333333244
2025-11-28,130,131,21:30-21:50,23.208176666666645
2025-11-28,136,137,22:30-22:50,47.45024205883169
2025-11-28,139,140,23:00-23:20,12.271183333333283
2025-11-28,142,144,23:30-24:00,42.68900000000008
2025-11-29,1,1,00:00-00:10,6.969776666666689
2025-11-29,4,4,00:30-00:40,3.8050199999999563
2025-11-29,7,7,01:00-01:10,26.2920666666667
2025-11-29,11,12,01:40-02:00,75.36705666666671
2025-11-29,15,15,02:20-02:30,21.899776666666696
2025-11-29,20,23,03:10-03:50,70.80426
2025-11-29,26,27,04:10-04:30,91.39612333333326
2025-11-29,30,31,04:50-05:10,19.40241000000003
2025-11-29,36,38,05:50-06:20,60.69149285714286
2025-11-29,40,40,06:30-06:40,0.636272857142842
2025-11-29,43,45,07:00-07:30,72.2519285714285
2025-11-29,47,48,07:40-08:00,37.93221047619062
2025-11-29,51,53,08:20-08:50,50.469100952381154
2025-11-29,56,57,09:10-09:30,37.272979047619174
2025-11-29,59,60,09:40-10:00,41.31921761904789
2025-11-29,63,66,10:20-11:00,91.04489809523795
2025-11-29,68,72,11:10-12:00,107.01098476190498
2025-11-29,75,76,12:20-12:40,79.4621709523808
2025-11-29,79,79,13:00-13:10,14.866311904761915
2025-11-29,83,85,13:40-14:10,13.460987619047728
2025-11-29,88,96,14:30-16:00,334.508737038096
2025-11-29,98,99,16:10-16:30,32.62819047619024
2025-11-29,102,103,16:50-17:10,14.379009523809556
2025-11-29,106,111,17:30-18:30,347.05751693444097
2025-11-29,113,115,18:40-19:10,11.8918390476191
2025-11-29,119,121,19:40-20:10,46.53563666666673
2025-11-29,125,126,20:40-21:00,472.0777927983541
2025-11-29,128,129,21:10-21:30,47.94857666666678
2025-11-29,132,133,21:50-22:10,40.62847333333366
2025-11-29,136,137,22:30-22:50,65.75186000000008
2025-11-29,141,143,23:20-23:50,68.34149333333312
2025-11-30,1,1,00:00-00:10,4.896203333333233
2025-11-30,6,10,00:50-01:40,29.10424000000046
2025-11-30,14,15,02:10-02:30,21.408660000000054
2025-11-30,18,19,02:50-03:10,8.872176666666519
2025-11-30,21,23,03:20-03:50,76.93449333333342
2025-11-30,26,27,04:10-04:30,24.784499999999753
2025-11-30,30,31,04:50-05:10,43.37172333333308
2025-11-30,37,38,06:00-06:20,55.61364095238093
2025-11-30,40,41,06:30-06:50,64.89886666666655
2025-11-30,47,47,07:40-07:50,22.93315047619035
2025-11-30,49,50,08:00-08:20,94.46120571428594
2025-11-30,54,56,08:50-09:20,48.15567238095264
2025-11-30,59,61,09:40-10:10,63.50882142857154
2025-11-30,64,70,10:30-11:40,66.33335523809558
2025-11-30,73,73,12:00-12:10,49.21533761904789
2025-11-30,76,77,12:30-12:50,55.993980476190245
2025-11-30,83,84,13:40-14:00,67.1736552380952
2025-11-30,86,90,14:10-15:00,758.4139514047031
2025-11-30,93,93,15:20-15:30,23.510745714285747
2025-11-30,96,97,15:50-16:10,45.40457190476204
2025-11-30,101,102,16:40-17:00,19.737333809523584
2025-11-30,105,107,17:20-17:50,23.787680952380537
2025-11-30,110,111,18:10-18:30,18.308163809524117
2025-11-30,113,114,18:40-19:00,65.45180062345787
2025-11-30,120,120,19:50-20:00,21.0295766666668
2025-11-30,122,125,20:10-20:50,446.7656466666646
2025-11-30,127,129,21:00-21:30,78.0196666666667
2025-11-30,132,133,21:50-22:10,21.827093333333096
2025-11-30,136,137,22:30-22:50,32.708526666666785
2025-11-30,139,140,23:00-23:20,19.995836666666946
2025-11-30,144,144,23:50-24:00,19.016923333333125
2025-12-01,1,1,00:00-00:10,72.09747333333337
2025-12-01,4,5,00:30-00:50,19.597036666666668
2025-12-01,8,10,01:10-01:40,63.81472333333306
2025-12-01,12,33,01:50-05:30,1497.3959218714806
2025-12-01,35,39,05:40-06:30,145.3065766666665
2025-12-01,41,45,06:40-07:30,352.2963461904759
2025-12-01,47,49,07:40-08:10,185.51499952380996
2025-12-01,51,52,08:20-08:40,8.521753333333663
2025-12-01,55,65,09:00-10:50,2334.586390274754
2025-12-01,70,71,11:30-11:50,60.54085095238065
2025-12-01,73,75,12:00-12:30,64.01048809523786
2025-12-01,77,79,12:40-13:10,105.61683952380929
2025-12-01,81,83,13:20-13:50,403.35213541071727
2025-12-01,85,90,14:00-15:00,855.8085157047591
2025-12-01,93,95,15:20-15:50,44.678346190476475
2025-12-01,97,99,16:00-16:30,40.88383333333337
2025-12-01,101,101,16:40-16:50,9.521153333333253
2025-12-01,105,111,17:20-18:30,179.31486040931935
2025-12-01,113,114,18:40-19:00,69.0654539238086
2025-12-01,117,117,19:20-19:30,31.76225999999997
2025-12-01,120,124,19:50-20:40,390.0909733333337
2025-12-01,126,127,20:50-21:10,50.93432666666661
2025-12-01,130,131,21:30-21:50,28.332776699999954
2025-12-01,133,133,22:00-22:10,19.665113333333466
2025-12-01,136,137,22:30-22:50,54.511626666666416
2025-12-01,142,144,23:30-24:00,68.5286666666666
2025-12-02,1,1,00:00-00:10,30.020626666666658
2025-12-02,3,3,00:20-00:30,27.171760000000063
2025-12-02,8,9,01:10-01:30,38.19436333333351
2025-12-02,11,12,01:40-02:00,67.80282333333332
2025-12-02,14,35,02:10-05:50,1255.052297073551
2025-12-02,37,37,06:00-06:10,56.35105666666652
2025-12-02,40,41,06:30-06:50,13.458012857142847
2025-12-02,43,50,07:00-08:20,465.7919523809511
2025-12-02,54,59,08:50-09:50,1498.2375758904773
2025-12-02,61,66,10:00-11:00,1571.6734899999994
2025-12-02,70,70,11:30-11:40,4.836785238094876
2025-12-02,73,74,12:00-12:20,83.56248904761901
2025-12-02,78,89,12:50-14:50,1936.743529174246
2025-12-02,91,92,15:00-15:20,6.612412380952435
2025-12-02,97,98,16:00-16:20,61.06890029958899
2025-12-02,101,105,16:40-17:30,102.87419729524018
2025-12-02,108,113,17:50-18:50,602.1993746165236
2025-12-02,117,117,19:20-19:30,52.98314000000016
2025-12-02,120,120,19:50-20:00,16.24002999999982
2025-12-02,122,126,20:10-21:00,290.92022999999665
2025-12-02,128,132,21:10-22:00,155.6193704333336
2025-12-02,135,135,22:20-22:30,25.687669999999798
2025-12-02,138,140,22:50-23:20,44.06735666666623
2025-12-02,142,142,23:30-23:40,9.775803333333442
2025-12-03,1,2,00:00-00:20,50.790950000000066
2025-12-03,4,4,00:30-00:40,6.945156666666662
2025-12-03,7,8,01:00-01:20,59.92361666666659
2025-12-03,10,36,01:30-06:00,1174.4605303011408
2025-12-03,39,40,06:20-06:40,36.90712047619044
2025-12-03,43,45,07:00-07:30,244.84695238095213
2025-12-03,47,51,07:40-08:30,157.95922761904774
2025-12-03,53,54,08:40-09:00,78.98184523809527
2025-12-03,57,59,09:20-09:50,770.0199657238081
2025-12-03,61,64,10:00-10:40,629.6870106362552
2025-12-03,66,69,10:50-11:30,151.63712809523759
2025-12-03,72,73,11:50-12:10,61.28227809523764
2025-12-03,76,89,12:30-14:50,1920.283312005443
2025-12-03,96,96,15:50-16:00,29.117606190476238
2025-12-03,98,100,16:10-16:40,96.946518095238
2025-12-03,105,111,17:20-18:30,179.95928901688956
2025-12-03,113,115,18:40-19:10,155.51795219191618
2025-12-03,120,127,19:50-21:10,142.44938106666487
2025-12-03,129,131,21:20-21:50,69.03082730000014
2025-12-03,133,133,22:00-22:10,1.7569733333332351
2025-12-03,136,137,22:30-22:50,41.46115000000009
2025-12-03,139,140,23:00-23:20,35.704936666666754
2025-12-03,142,142,23:30-23:40,22.470923333333303
2025-12-04,1,1,00:00-00:10,48.36961999999983
2025-12-04,5,6,00:40-01:00,88.20605333333333
2025-12-04,9,9,01:20-01:30,44.22415666666666
2025-12-04,12,14,01:50-02:20,29.041116666666767
2025-12-04,16,17,02:30-02:50,10.750930000000153
2025-12-04,20,33,03:10-05:30,1154.9816490672024
2025-12-04,35,37,05:40-06:10,64.27716095238077
2025-12-04,39,40,06:20-06:40,65.42031857142841
2025-12-04,42,44,06:50-07:20,337.41793714285757
2025-12-04,47,50,07:40-08:20,186.33362380952417
2025-12-04,54,54,08:50-09:00,18.173900000000344
2025-12-04,56,65,09:10-10:50,2234.072438902812
2025-12-04,67,68,11:00-11:20,28.698698095238115
2025-12-04,75,75,12:20-12:30,22.689892857142695
2025-12-04,82,83,13:30-13:50,64.80033047619008
2025-12-04,85,86,14:00-14:20,42.71074666666652
2025-12-04,88,89,14:30-14:50,254.35005636419865
2025-12-04,92,98,15:10-16:20,87.11544859465042
2025-12-04,100,101,16:30-16:50,57.96843047619097
2025-12-04,103,104,17:00-17:20,66.97574597810907
2025-12-04,106,108,17:30-18:00,116.49645809523827
2025-12-04,110,114,18:10-19:00,106.68555674891823
2025-12-04,119,120,19:40-20:00,57.26695666666683
2025-12-04,122,125,20:10-20:50,304.9177952380945
2025-12-04,127,128,21:00-21:20,17.347130000000107
2025-12-04,131,133,21:40-22:10,39.89722333333361
2025-12-04,136,138,22:30-23:00,62.330333333333556
2025-12-04,140,141,23:10-23:30,28.129886666666835
2025-12-05,1,3,00:00-00:30,47.07566666666662
2025-12-05,6,7,00:50-01:10,82.33193000000006
2025-12-05,10,12,01:30-02:00,58.95433333333324
2025-12-05,15,18,02:20-03:00,67.54539666666676
2025-12-05,21,23,03:20-03:50,39.98031000000009
2025-12-05,25,26,04:00-04:20,49.93799333333334
2025-12-05,29,30,04:40-05:00,74.44678333333349
2025-12-05,33,33,05:20-05:30,91.23066666666665
2025-12-05,35,37,05:40-06:10,113.13654889047939
2025-12-05,40,48,06:30-08:00,986.5931757142862
2025-12-05,50,57,08:10-09:30,1022.1411209523815
2025-12-05,60,63,09:50-10:30,104.76975142857157
2025-12-05,66,66,10:50-11:00,0.9525952380953413
2025-12-05,69,70,11:20-11:40,23.019785238095437
2025-12-05,73,74,12:00-12:20,53.3686419047624
2025-12-05,77,81,12:40-13:30,124.96631238095233
2025-12-05,84,84,13:50-14:00,19.493160476190496
2025-12-05,87,89,14:20-14:50,77.93716571428581
2025-12-05,91,92,15:00-15:20,42.757106666667084
2025-12-05,94,96,15:30-16:00,53.201986666666244
2025-12-05,100,108,16:30-18:00,603.1065061658458
2025-12-05,111,112,18:20-18:40,42.56937238095304
2025-12-05,115,115,19:00-19:10,2.9658766666665883
2025-12-05,118,119,19:30-19:50,42.176426666666714
2025-12-05,122,123,20:10-20:30,35.548540000001026
2025-12-05,125,126,20:40-21:00,453.97692
2025-12-05,129,131,21:20-21:50,90.59816333333339
2025-12-05,134,135,22:10-22:30,74.66126999999989
2025-12-05,138,138,22:50-23:00,23.752656666666553
2025-12-05,140,141,23:10-23:30,84.99318999999991
2025-12-05,144,144,23:50-24:00,32.00577000000021
2025-12-06,1,3,00:00-00:30,61.25166666666672
2025-12-06,6,6,00:50-01:00,33.913573333333375
2025-12-06,9,9,01:20-01:30,8.326936666666711
2025-12-06,11,13,01:40-02:10,53.73669666666672
2025-12-06,16,17,02:30-02:50,58.682296666666616
2025-12-06,20,24,03:10-04:00,70.21031666666647
2025-12-06,27,36,04:20-06:00,310.96805841789046
2025-12-06,38,39,06:10-06:30,27.3152504761905
2025-12-06,41,47,06:40-07:50,946.0091027916301
2025-12-06,49,59,08:00-09:50,1004.6792671428575
2025-12-06,62,66,10:10-11:00,90.48012428571428
2025-12-06,68,68,11:10-11:20,10.875839523809532
2025-12-06,71,72,11:40-12:00,64.92508809523827
2025-12-06,75,75,12:20-12:30,12.680870476190535
2025-12-06,78,78,12:50-13:00,14.349845238095213
2025-12-06,80,81,13:10-13:30,43.677170952381175
2025-12-06,85,86,14:00-14:20,92.18960047619044
2025-12-06,91,92,15:00-15:20,114.49923619047621
2025-12-06,94,101,15:30-16:50,225.3713561904765
2025-12-06,103,104,17:00-17:20,47.83493161669607
2025-12-06,107,108,17:40-18:00,542.8413085714287
2025-12-06,110,112,18:10-18:40,910.1474100619009
2025-12-06,114,117,18:50-19:30,49.59504571428579
2025-12-06,121,123,20:00-20:30,148.2569876190489
2025-12-06,125,129,20:40-21:30,540.341096131276
2025-12-06,131,132,21:40-22:00,72.42164666666679
2025-12-06,136,137,22:30-22:50,36.44485000000009
2025-12-06,139,143,23:00-23:50,53.30008333333353
2025-12-07,1,5,00:00-00:50,53.537126666666836
2025-12-07,8,9,01:10-01:30,59.82099000000005
2025-12-07,13,14,02:00-02:20,42.97719000000029
2025-12-07,16,16,02:30-02:40,7.345060000000103
2025-12-07,19,19,03:00-03:10,53.30548666666664
2025-12-07,22,24,03:30-04:00,52.49433333333343
2025-12-07,27,28,04:20-04:40,38.185613333333094
2025-12-07,31,32,05:00-05:20,29.35160000000009
2025-12-07,35,36,05:40-06:00,76.25367809523823
2025-12-07,39,40,06:20-06:40,49.67717904761921
2025-12-07,43,43,07:00-07:10,2.5336066666667776
2025-12-07,46,48,07:30-08:00,77.02481333333313
2025-12-07,55,61,09:00-10:10,62.761137619047815
2025-12-07,64,65,10:30-10:50,79.72029365458596
2025-12-07,70,70,11:30-11:40,25.907523333333415
2025-12-07,74,75,12:10-12:30,32.3679176190476
2025-12-07,77,78,12:40-13:00,60.69807999999978
2025-12-07,82,83,13:30-13:50,96.9644542857144
2025-12-07,85,85,14:00-14:10,29.654625714285658
2025-12-07,88,90,14:30-15:00,411.7204790001706
2025-12-07,93,95,15:20-15:50,41.21031240129048
2025-12-07,97,97,16:00-16:10,13.009480952381153
2025-12-07,100,101,16:30-16:50,51.33857285714286
2025-12-07,103,113,17:00-18:50,402.8549469872701
2025-12-07,115,117,19:00-19:30,51.91066666666666
2025-12-07,120,126,19:50-21:00,308.2426745117325
2025-12-07,128,129,21:10-21:30,53.051889999999844
2025-12-07,132,134,21:50-22:20,37.630179999999996
2025-12-07,138,141,22:50-23:30,64.99917333333315
2025-12-08,3,6,00:20-01:00,56.62549333333345
2025-12-08,9,10,01:20-01:40,14.637023333333445
2025-12-08,13,14,02:00-02:20,62.08435333333341
2025-12-08,16,16,02:30-02:40,11.893346666666616
2025-12-08,19,23,03:00-03:50,66.0471399999999
2025-12-08,28,30,04:30-05:00,54.16133333333346
2025-12-08,33,33,05:20-05:30,29.00177999999994
2025-12-08,39,40,06:20-06:40,64.65722285714304
2025-12-08,43,43,07:00-07:10,31.777650000000058
2025-12-08,47,47,07:40-07:50,25.56754904761908
2025-12-08,50,51,08:10-08:30,9.243554285714026
2025-12-08,55,58,09:00-09:40,92.0671671428571
2025-12-08,61,61,10:00-10:10,3.6383652380949343
2025-12-08,64,68,10:30-11:20,130.51280904761927
2025-12-08,72,73,11:50-12:10,60.83301047619034
2025-12-08,76,76,12:30-12:40,36.25839238095216
2025-12-08,79,80,13:00-13:20,49.092969047619135
2025-12-08,82,82,13:30-13:40,23.402551428571314
2025-12-08,86,87,14:10-14:30,22.232775238095314
2025-12-08,90,91,14:50-15:10,40.389906190476324
2025-12-08,96,97,15:50-16:10,46.48365571428562
2025-12-08,101,102,16:40-17:00,24.048120952381144
2025-12-08,108,109,17:50-18:10,20.712039523809494
2025-12-08,112,114,18:30-19:00,42.22966666666656
2025-12-08,117,119,19:20-19:50,28.582456666666303
2025-12-08,123,124,20:20-20:40,74.07227333333321
2025-12-08,127,128,21:00-21:20,40.583740000000375
2025-12-08,130,131,21:30-21:50,20.26293333333342
2025-12-08,133,134,22:00-22:20,46.89803333333316
2025-12-08,139,143,23:00-23:50,42.46955333333335
2025-12-09,2,3,00:10-00:30,57.64802666666651
2025-12-09,5,6,00:40-01:00,43.97505333333322
2025-12-09,10,10,01:30-01:40,26.785383333333243
2025-12-09,13,13,02:00-02:10,30.173266666666677
2025-12-09,16,17,02:30-02:50,34.9293366666667
2025-12-09,19,20,03:00-03:20,73.28853999999978
2025-12-09,25,26,04:00-04:20,49.91648999999995
2025-12-09,28,29,04:30-04:50,18.82914333333349
2025-12-09,32,33,05:10-05:30,41.97392380952397
2025-12-09,36,36,05:50-06:00,21.612456666666617
2025-12-09,38,39,06:10-06:30,37.542352857143214
2025-12-09,42,42,06:50-07:00,2.0900866666667524
2025-12-09,44,45,07:10-07:30,63.475371428571535
2025-12-09,47,50,07:40-08:20,92.34184809523796
2025-12-09,52,52,08:30-08:40,26.476118095238007
2025-12-09,55,55,09:00-09:10,29.133130952380498
2025-12-09,58,60,09:30-10:00,59.89155952380918
2025-12-09,63,63,10:20-10:30,21.52168761904784
2025-12-09,65,66,10:40-11:00,37.45871095238044
2025-12-09,69,69,11:20-11:30,35.905809999999974
2025-12-09,79,80,13:00-13:20,87.83614000000057
2025-12-09,83,84,13:40-14:00,44.94324619047609
2025-12-09,88,90,14:30-15:00,61.586119047618865
2025-12-09,102,103,16:50-17:10,25.094954309229024
2025-12-09,106,106,17:30-17:40,23.69171666666648
2025-12-09,109,111,18:00-18:30,32.88666666666664
2025-12-09,117,118,19:20-19:40,72.75995999999998
2025-12-09,121,123,20:00-20:30,67.89866666666694
2025-12-09,126,127,20:50-21:10,11.270286666666834
2025-12-09,131,132,21:40-22:00,44.91997333333302
2025-12-09,135,136,22:20-22:40,62.64235000000008
2025-12-09,139,140,23:00-23:20,32.16636666666682
2025-12-09,142,143,23:30-23:50,11.336396666666815
2025-12-10,1,3,00:00-00:30,47.86800000000028
2025-12-10,7,8,01:00-01:20,64.63346333333345
2025-12-10,12,13,01:50-02:10,63.00060666666673
2025-12-10,16,17,02:30-02:50,55.36323666666681
2025-12-10,19,21,03:00-03:30,44.067333333333295
2025-12-10,24,26,03:50-04:20,58.85888666666665
2025-12-10,29,30,04:40-05:00,27.62074999999993
2025-12-10,35,35,05:40-05:50,7.047998095238313
2025-12-10,37,38,06:00-06:20,44.442886666666595
2025-12-10,43,44,07:00-07:20,57.12524047619042
2025-12-10,47,47,07:40-07:50,17.50381619047684
2025-12-10,51,51,08:20-08:30,13.219822380952337
2025-12-10,53,57,08:40-09:30,76.23686857142883
2025-12-10,62,64,10:10-10:40,147.1640795238094
2025-12-10,67,67,11:00-11:10,15.581862857142937
2025-12-10,72,74,11:50-12:20,123.40751571428564
2025-12-10,76,76,12:30-12:40,17.835150952381127
2025-12-10,82,82,13:30-13:40,1.7743185714288074
2025-12-10,86,87,14:10-14:30,85.06441523809531
2025-12-10,90,90,14:50-15:00,4.553047142857224
2025-12-10,92,95,15:10-15:50,36.639459047619255
2025-12-10,99,99,16:20-16:30,10.04080238095203
2025-12-10,105,106,17:20-17:40,29.178480000000036
2025-12-10,109,109,18:00-18:10,44.75526333333346
2025-12-10,112,115,18:30-19:10,77.77508000000032
2025-12-10,119,120,19:40-20:00,18.795933333333323
2025-12-10,123,128,20:20-21:20,66.61925333333295
2025-12-10,131,133,21:40-22:10,23.77260666666689
2025-12-10,135,138,22:20-23:00,22.203019999999924
2025-12-10,143,144,23:40-24:00,35.81545000000028
2025-12-11,1,1,00:00-00:10,70.08705999999995
2025-12-11,4,6,00:30-01:00,37.336666666666815
2025-12-11,9,11,01:20-01:50,34.226569999999924
2025-12-11,13,14,02:00-02:20,15.721436666666477
2025-12-11,17,18,02:40-03:00,51.358126666666635
2025-12-11,21,22,03:20-03:40,74.38951000000009
2025-12-11,26,27,04:10-04:30,66.3579433333332
2025-12-11,30,33,04:50-05:30,62.542923333332936
2025-12-11,36,36,05:50-06:00,44.17970666666679
2025-12-11,40,43,06:30-07:10,20.95616476190475
2025-12-11,47,47,07:40-07:50,14.942704285714171
2025-12-11,49,53,08:00-08:50,47.55233809523804
2025-12-11,55,55,09:00-09:10,3.196533809523885
2025-12-11,58,59,09:30-09:50,24.08174333333318
2025-12-11,62,63,10:10-10:30,58.87501952380978
2025-12-11,67,72,11:00-12:00,126.17660714285728
2025-12-11,84,84,13:50-14:00,0.416287619047921
2025-12-11,87,87,14:20-14:30,38.517184285714166
2025-12-11,96,96,15:50-16:00,5.765726190476073
2025-12-11,104,105,17:10-17:30,18.500912780717876
2025-12-11,108,109,17:50-18:10,45.36469904761907
2025-12-11,112,112,18:30-18:40,17.909376666666617
2025-12-11,115,117,19:00-19:30,92.86200000000031
2025-12-11,120,121,19:50-20:10,54.03384999999969
2025-12-11,124,125,20:30-20:50,46.945246666666776
2025-12-11,128,129,21:10-21:30,18.919926666666356
2025-12-11,131,132,21:40-22:00,44.7870966666668
2025-12-11,134,135,22:10-22:30,38.18244666666635
2025-12-11,138,138,22:50-23:00,47.6890966666665
2025-12-11,141,142,23:20-23:40,54.13382999999976
2025-12-11,144,144,23:50-24:00,0.10428666666666686
2025-12-12,3,5,00:20-00:50,45.832940000000065
2025-12-12,7,9,01:00-01:30,56.7766666666667
2025-12-12,13,13,02:00-02:10,15.553003333333265
2025-12-12,16,16,02:30-02:40,18.864616666666734
2025-12-12,19,20,03:00-03:20,41.90361999999999
2025-12-12,24,28,03:50-04:40,73.9659466666667
2025-12-12,31,32,05:00-05:20,26.35745999999996
2025-12-12,35,35,05:40-05:50,2.7356852380951295
2025-12-12,37,39,06:00-06:30,30.811666666666724
2025-12-12,42,44,06:50-07:20,48.7739347619048
2025-12-12,47,48,07:40-08:00,59.55358238095249
2025-12-12,51,52,08:20-08:40,57.63189190476186
2025-12-12,55,55,09:00-09:10,34.06724619047611
2025-12-12,58,59,09:30-09:50,103.68695666666645
2025-12-12,63,65,10:20-10:50,55.88410142857197
2025-12-12,67,68,11:00-11:20,19.905082380952308
2025-12-12,70,71,11:30-11:50,63.790949523809445
2025-12-12,73,74,12:00-12:20,44.41783428571466
2025-12-12,77,78,12:40-13:00,69.62876333333338
2025-12-12,85,87,14:00-14:30,74.41864285714269
2025-12-12,90,92,14:50-15:20,52.60838285714277
2025-12-12,94,95,15:30-15:50,20.085119047619003
2025-12-12,98,103,16:10-17:10,110.44525201851846
2025-12-12,106,110,17:30-18:20,64.87098809523806
2025-12-12,112,113,18:30-18:50,6.953112380952291
2025-12-12,115,115,19:00-19:10,13.231246666666777
2025-12-12,121,122,20:00-20:20,79.6843066666666
2025-12-12,124,128,20:30-21:20,197.70484430952297
2025-12-12,130,133,21:30-22:10,84.35631333333322
2025-12-12,137,138,22:40-23:00,56.22403999999983
2025-12-12,143,144,23:40-24:00,58.61183666666648
2025-12-13,1,4,00:00-00:40,60.45135000000005
2025-12-13,7,11,01:00-01:50,14.441190000000063
2025-12-13,15,17,02:20-02:50,11.2343166666667
2025-12-13,20,21,03:10-03:30,24.89874333333347
2025-12-13,24,26,03:50-04:20,44.8987066666665
2025-12-13,29,30,04:40-05:00,31.199739999999792
2025-12-13,33,33,05:20-05:30,6.412456666666571
2025-12-13,35,37,05:40-06:10,61.96774428571416
2025-12-13,41,42,06:40-07:00,38.143392857143
2025-12-13,44,45,07:10-07:30,34.33486476190478
2025-12-13,47,48,07:40-08:00,26.501426666666703
2025-12-13,51,52,08:20-08:40,30.712907619047428
2025-12-13,55,56,09:00-09:20,33.44331952380958
2025-12-13,58,62,09:30-10:20,60.51306571428552
2025-12-13,67,67,11:00-11:10,26.938729047619177
2025-12-13,70,71,11:30-11:50,67.59429476190485
2025-12-13,74,78,12:10-13:00,90.01074190476197
2025-12-13,81,81,13:20-13:30,8.3594147619051
2025-12-13,83,85,13:40-14:10,13.713957619047505
2025-12-13,93,94,15:20-15:40,26.60277999999994
2025-12-13,96,97,15:50-16:10,31.65612857142841
2025-12-13,100,101,16:30-16:50,59.52202428571421
2025-12-13,107,109,17:40-18:10,72.95653333333325
2025-12-13,115,116,19:00-19:20,32.54778666666664
2025-12-13,119,120,19:40-20:00,63.747209999999995
2025-12-13,123,123,20:20-20:30,9.808843333333357
2025-12-13,125,126,20:40-21:00,18.60181666666648
2025-12-13,129,130,21:20-21:40,35.04048000000006
2025-12-13,134,134,22:10-22:20,3.0329900000000407
2025-12-13,137,138,22:40-23:00,18.467576666666673
2025-12-13,140,141,23:10-23:30,62.225779999999986
2025-12-13,144,144,23:50-24:00,17.424373333333506
2025-12-14,1,1,00:00-00:10,23.59590000000003
2025-12-14,4,5,00:30-00:50,43.189146666666375
2025-12-14,7,7,01:00-01:10,15.50399333333337
2025-12-14,10,11,01:30-01:50,25.888066666666987
2025-12-14,13,15,02:00-02:30,36.32600000000002
2025-12-14,17,18,02:40-03:00,5.498590000000036
2025-12-14,20,21,03:10-03:30,13.010676666666768
2025-12-14,24,28,03:50-04:40,84.48944000000017
2025-12-14,33,33,05:20-05:30,10.641866666666715
2025-12-14,37,38,06:00-06:20,41.95444666666674
2025-12-14,40,42,06:30-07:00,30.405976190476544
2025-12-14,46,46,07:30-07:40,11.342880229418967
2025-12-14,49,50,08:00-08:20,47.9765338095242
2025-12-14,52,53,08:30-08:50,46.56724952380921
2025-12-14,56,57,09:10-09:30,27.562799047618796
2025-12-14,61,63,10:00-10:30,143.53857142857112
2025-12-14,65,66,10:40-11:00,64.75136571428595
2025-12-14,71,72,11:40-12:00,28.20228666666651
2025-12-14,74,74,12:10-12:20,2.196048571428264
2025-12-14,78,78,12:50-13:00,40.45297285714241
2025-12-14,85,87,14:00-14:30,80.52582142857136
2025-12-14,90,91,14:50-15:10,28.898306666666826
2025-12-14,95,95,15:40-15:50,4.610849523809804
2025-12-14,100,100,16:30-16:40,23.19131761904761
2025-12-14,103,104,17:00-17:20,63.9521319047618
2025-12-14,109,110,18:00-18:20,36.47392380952385
2025-12-14,113,117,18:40-19:30,63.334679999999906
2025-12-14,119,121,19:40-20:10,52.49887000000024
2025-12-14,125,126,20:40-21:00,37.47292000000016
2025-12-14,128,132,21:10-22:00,33.796833333333325
2025-12-14,135,135,22:20-22:30,3.8241166666666686
2025-12-14,138,140,22:50-23:20,37.25241666666693
2025-12-14,143,144,23:40-24:00,23.270236666666733
2025-12-15,2,6,00:10-01:00,53.94215666666696
2025-12-15,11,13,01:40-02:10,59.23121000000003
2025-12-15,16,16,02:30-02:40,15.056683333333467
2025-12-15,19,19,03:00-03:10,3.4866666666667925
2025-12-15,21,22,03:20-03:40,50.378193333333456
2025-12-15,25,26,04:00-04:20,27.399303333333364
2025-12-15,28,33,04:30-05:30,33.456000000000046
2025-12-15,38,39,06:10-06:30,56.83682476190495
2025-12-15,42,44,06:50-07:20,58.96740476190536
2025-12-15,48,48,07:50-08:00,0.8992176190472492
2025-12-15,51,53,08:20-08:50,69.42004190476223
2025-12-15,55,58,09:00-09:40,56.23950761904763
2025-12-15,61,61,10:00-10:10,62.222518095238115
2025-12-15,65,68,10:40-11:20,140.1992238095238
2025-12-15,71,72,11:40-12:00,63.363331428571314
2025-12-15,76,76,12:30-12:40,15.42595619047654
2025-12-15,79,80,13:00-13:20,15.201938571428627
2025-12-15,85,86,14:00-14:20,56.4778447619052
2025-12-15,88,90,14:30-15:00,61.427476190476
2025-12-15,104,105,17:10-17:30,27.777931751950696
2025-12-15,109,110,18:00-18:20,27.21693761904771
2025-12-15,113,114,18:40-19:00,44.695126666666795
2025-12-15,117,117,19:20-19:30,19.110193333333314
2025-12-15,120,120,19:50-20:00,5.682853333333469
2025-12-15,122,123,20:10-20:30,26.641910000000053
2025-12-15,129,130,21:20-21:40,21.863576666666518
2025-12-15,134,135,22:10-22:30,50.542839999999956
2025-12-15,140,141,23:10-23:30,36.67783333333318
2025-12-16,2,4,00:10-00:40,45.470123333333504
2025-12-16,8,9,01:10-01:30,44.99627333333308
2025-12-16,12,13,01:50-02:10,46.54246333333333
2025-12-16,17,20,02:40-03:20,47.35227333333353
2025-12-16,24,27,03:50-04:30,86.64416666666637
2025-12-16,32,33,05:10-05:30,45.117157619047475
2025-12-16,36,36,05:50-06:00,21.42066666666676
2025-12-16,38,39,06:10-06:30,33.75161619047617
2025-12-16,42,43,06:50-07:10,58.94009380952389
2025-12-16,48,49,07:50-08:10,10.310688095238106
2025-12-16,52,53,08:30-08:50,38.59925999999996
2025-12-16,55,56,09:00-09:20,41.27020428571427
2025-12-16,59,60,09:40-10:00,32.69089333333318
2025-12-16,64,65,10:30-10:50,118.07222952380926
2025-12-16,68,70,11:10-11:40,89.79379380952378
2025-12-16,75,76,12:20-12:40,8.2952804761901
2025-12-16,79,79,13:00-13:10,5.236246666666943
2025-12-16,83,83,13:40-13:50,23.846546190476033
2025-12-16,86,87,14:10-14:30,39.02385761904782
2025-12-16,103,104,17:00-17:20,20.361380952380575
2025-12-16,106,106,17:30-17:40,10.594863333333251
2025-12-16,109,110,18:00-18:20,37.62521428571426
2025-12-16,113,113,18:40-18:50,2.4067333333333067
2025-12-16,115,118,19:00-19:40,26.330526666666515
2025-12-16,121,122,20:00-20:20,44.34557999999993
2025-12-16,124,126,20:30-21:00,22.997333333333472
2025-12-16,130,131,21:30-21:50,48.510279999999966
2025-12-16,133,133,22:00-22:10,26.272573333333185
2025-12-16,136,137,22:30-22:50,30.851556666666966
2025-12-16,139,140,23:00-23:20,43.66315000000009
2025-12-16,142,144,23:30-24:00,36.79300000000012
2025-12-17,1,1,00:00-00:10,37.092829999999935
2025-12-17,4,5,00:30-00:50,10.606056666666746
2025-12-17,7,8,01:00-01:20,17.927796666666723
2025-12-17,11,12,01:40-02:00,33.00524333333351
2025-12-17,17,19,02:40-03:10,49.43458999999996
2025-12-17,22,24,03:30-04:00,17.755333333333283
2025-12-17,27,28,04:20-04:40,25.394490000000246
2025-12-17,31,32,05:00-05:20,72.04583666666684
2025-12-17,35,35,05:40-05:50,2.600175714285456
2025-12-17,37,37,06:00-06:10,3.4037661904761762
2025-12-17,40,41,06:30-06:50,92.22650000000006
2025-12-17,49,49,08:00-08:10,32.03531238095229
2025-12-17,52,52,08:30-08:40,10.414523333333477
2025-12-17,55,56,09:00-09:20,91.79172571428558
2025-12-17,61,62,10:00-10:20,20.458706190476278
2025-12-17,65,65,10:40-10:50,15.463067619047479
2025-12-17,69,69,11:20-11:30,38.502982380952176
2025-12-17,74,75,12:10-12:30,17.259937619047264
2025-12-17,84,85,13:50-14:10,32.08761857142838
2025-12-17,88,89,14:30-14:50,35.616747619047715
2025-12-17,91,92,15:00-15:20,7.310489523809338
2025-12-17,101,101,16:40-16:50,5.928769047619301
2025-12-17,105,106,17:20-17:40,27.354682974719253
2025-12-17,109,111,18:00-18:30,52.791666666666615
2025-12-17,116,117,19:10-19:30,11.794329999999945
2025-12-17,121,124,20:00-20:40,65.3141466666666
2025-12-17,127,129,21:00-21:30,76.39333333333343
2025-12-17,132,132,21:50-22:00,25.16049999999973
2025-12-17,135,136,22:20-22:40,19.682759999999917
2025-12-17,139,142,23:00-23:40,65.70143333333317
2025-12-18,2,4,00:10-00:40,84.92085666666696
2025-12-18,8,9,01:10-01:30,54.65067333333354
2025-12-18,11,12,01:40-02:00,75.35013666666646
2025-12-18,16,19,02:30-03:10,87.05634666666663
2025-12-18,23,24,03:40-04:00,50.21357999999998
2025-12-18,26,27,04:10-04:30,68.7298033333334
2025-12-18,30,31,04:50-05:10,47.51896285714285
2025-12-18,38,38,06:10-06:20,0.4039166666668734
2025-12-18,40,45,06:30-07:30,73.43682142857092
2025-12-18,48,52,07:50-08:40,51.8753700000002
2025-12-18,56,57,09:10-09:30,77.39874999999984
2025-12-18,60,62,09:50-10:20,94.09969095238114
2025-12-18,84,84,13:50-14:00,23.92986000000019
2025-12-18,86,87,14:10-14:30,20.591570476190554
2025-12-18,90,90,14:50-15:00,32.57485190476211
2025-12-18,103,104,17:00-17:20,16.93600238095261
2025-12-18,108,109,17:50-18:10,47.039292857142755
2025-12-18,112,113,18:30-18:50,9.267745714285724
2025-12-18,116,117,19:10-19:30,48.2281733333333
2025-12-18,121,122,20:00-20:20,11.88577333333319
2025-12-18,124,126,20:30-21:00,41.20533333333333
2025-12-18,130,133,21:30-22:10,61.56696333333343
2025-12-18,136,138,22:30-23:00,33.93866666666668
2025-12-18,141,141,23:20-23:30,7.213476666666793
2025-12-18,144,144,23:50-24:00,19.20682666666653
2025-12-19,1,1,00:00-00:10,16.655033333333336
2025-12-19,4,5,00:30-00:50,65.88441
2025-12-19,8,9,01:10-01:30,37.664963333333446
2025-12-19,11,12,01:40-02:00,67.19921666666659
2025-12-19,15,16,02:20-02:40,3.699869999999862
2025-12-19,19,20,03:00-03:20,28.639789999999948
2025-12-19,23,25,03:40-04:10,31.554910000000064
2025-12-19,28,29,04:30-04:50,38.35191666666674
2025-12-19,31,31,05:00-05:10,29.515438571428444
2025-12-19,36,36,05:50-06:00,12.388219999999933
2025-12-19,39,40,06:20-06:40,18.04065047619042
2025-12-19,43,43,07:00-07:10,27.606710952380922
2025-12-19,46,47,07:30-07:50,90.41536000000016
2025-12-19,51,52,08:20-08:40,5.8003833333334
2025-12-19,54,54,08:50-09:00,2.077705714285514
2025-12-19,58,58,09:30-09:40,19.56384857142848
2025-12-19,61,62,10:00-10:20,32.950879523809704
2025-12-19,65,68,10:40-11:20,76.0675266666666
2025-12-19,72,72,11:50-12:00,36.68520238095243
2025-12-19,89,90,14:40-15:00,92.04321571428562
2025-12-19,93,93,15:20-15:30,4.870960952380926
2025-12-19,100,100,16:30-16:40,23.30238428571414
2025-12-19,104,105,17:10-17:30,18.8866266666667
2025-12-19,108,108,17:50-18:00,4.762978571428675
2025-12-19,111,113,18:20-18:50,65.55878428571441
2025-12-19,116,117,19:10-19:30,31.467686666666452
2025-12-19,120,120,19:50-20:00,16.48123333333325
2025-12-19,122,123,20:10-20:30,58.38136333333341
2025-12-19,126,129,20:50-21:30,28.54040666666657
2025-12-19,133,135,22:00-22:30,50.495666666666864
2025-12-19,138,139,22:50-23:10,30.89166666666665
2025-12-19,142,143,23:30-23:50,34.56405666666683
2025-12-20,1,1,00:00-00:10,17.684966666666583
2025-12-20,4,6,00:30-01:00,48.212666666666735
2025-12-20,9,11,01:20-01:50,62.438066666666714
2025-12-20,13,14,02:00-02:20,5.3368099999999
2025-12-20,18,20,02:50-03:20,14.005456666666646
2025-12-20,23,24,03:40-04:00,71.59583666666674
2025-12-20,27,27,04:20-04:30,14.014876666666737
2025-12-20,30,31,04:50-05:10,29.979722380952193
2025-12-20,37,38,06:00-06:20,72.01107999999994
2025-12-20,40,41,06:30-06:50,53.794806666666545
2025-12-20,44,45,07:10-07:30,43.06495523809517
2025-12-20,47,48,07:40-08:00,50.756816666666964
2025-12-20,51,53,08:20-08:50,29.682521428571192
2025-12-20,56,57,09:10-09:30,27.32984714285726
2025-12-20,64,65,10:30-10:50,26.587280952380752
2025-12-20,68,71,11:10-11:50,43.71228047618956
2025-12-20,87,87,14:20-14:30,10.483749999999986
2025-12-20,99,99,16:20-16:30,3.6399385714285017
2025-12-20,102,104,16:50-17:20,25.45346577333289
2025-12-20,110,112,18:10-18:40,41.74001333333342
2025-12-20,115,115,19:00-19:10,20.87640666666664
2025-12-20,118,119,19:30-19:50,33.83643999999987
2025-12-20,123,125,20:20-20:50,28.81881666666652
2025-12-20,127,127,21:00-21:10,8.157273333333364
2025-12-20,130,132,21:30-22:00,36.585333333333324
2025-12-20,136,138,22:30-23:00,14.695999999999913
2025-12-20,141,142,23:20-23:40,12.69398666666666
2025-12-21,1,2,00:00-00:20,20.564486666666767
2025-12-21,6,8,00:50-01:20,108.53522000000021
2025-12-21,10,10,01:30-01:40,24.02742666666677
2025-12-21,13,14,02:00-02:20,65.96642666666651
2025-12-21,16,19,02:30-03:10,82.65559999999994
2025-12-21,22,23,03:30-03:50,122.8529566666665
2025-12-21,26,26,04:10-04:20,0.41331000000002405
2025-12-21,28,29,04:30-04:50,9.528340000000071
2025-12-21,31,31,05:00-05:10,19.54196142857171
2025-12-21,35,35,05:40-05:50,0.09396130410073056
2025-12-21,38,39,06:10-06:30,37.456764761905106
2025-12-21,42,43,06:50-07:10,43.649672380952666
2025-12-21,48,48,07:50-08:00,27.859631904762523
2025-12-21,51,53,08:20-08:50,23.55015761904758
2025-12-21,57,58,09:20-09:40,28.93408904761884
2025-12-21,61,67,10:00-11:10,181.54330285714298
2025-12-21,73,73,12:00-12:10,23.04956999999979
2025-12-21,84,84,13:50-14:00,17.767167619047996
2025-12-21,87,89,14:20-14:50,73.52840190476195
2025-12-21,92,92,15:10-15:20,19.668991904762095
2025-12-21,105,105,17:20-17:30,21.60187190476222
2025-12-21,108,110,17:50-18:20,54.81844095238086
2025-12-21,112,114,18:30-19:00,16.141000000000133
2025-12-21,117,117,19:20-19:30,14.048163333333378
2025-12-21,119,120,19:40-20:00,70.71533333333332
2025-12-21,124,125,20:30-20:50,38.095696666666754
2025-12-21,127,128,21:00-21:20,23.36798666666664
2025-12-21,130,132,21:30-22:00,33.90833333333319
2025-12-21,137,138,22:40-23:00,50.33558333333326
2025-12-21,142,142,23:30-23:40,48.57877000000008
2025-12-22,1,1,00:00-00:10,38.501543333333416
2025-12-22,4,5,00:30-00:50,55.38723666666647
2025-12-22,7,8,01:00-01:20,33.70602333333352
2025-12-22,10,11,01:30-01:50,20.33874666666668
2025-12-22,14,15,02:10-02:30,75.83148666666659
2025-12-22,19,21,03:00-03:30,75.58666666666659
2025-12-22,24,24,03:50-04:00,18.169726666666747
2025-12-22,28,29,04:30-04:50,18.560603333333233
2025-12-22,32,32,05:10-05:20,9.96543999999983
2025-12-22,40,44,06:30-07:20,75.19842047619053
2025-12-22,49,50,08:00-08:20,41.734876666666764
2025-12-22,52,52,08:30-08:40,11.959183809523665
2025-12-22,58,59,09:30-09:50,56.58465380952339
2025-12-22,62,63,10:10-10:30,77.11932904761898
2025-12-22,69,69,11:20-11:30,26.57105952380948
2025-12-22,80,80,13:10-13:20,7.716502380952647
2025-12-22,83,87,13:40-14:30,52.483601428571546
2025-12-22,103,104,17:00-17:20,35.47683523809461
2025-12-22,107,109,17:40-18:10,52.35739999999993
2025-12-22,112,112,18:30-18:40,5.794453333333195
2025-12-22,115,116,19:00-19:20,31.796179999999822
2025-12-22,118,120,19:30-20:00,12.223000000000184
2025-12-22,125,128,20:40-21:20,26.53859
2025-12-22,132,132,21:50-22:00,17.41026666666653
2025-12-22,136,137,22:30-22:50,16.511553333333495
2025-12-22,140,143,23:10-23:50,50.71083666666641
2025-12-23,3,4,00:20-00:40,26.038949999999886
2025-12-23,7,7,01:00-01:10,42.22568999999987
2025-12-23,10,11,01:30-01:50,54.176959999999895
2025-12-23,13,13,02:00-02:10,5.420443333333537
2025-12-23,16,17,02:30-02:50,9.339496666666378
2025-12-23,19,20,03:00-03:20,38.9449933333334
2025-12-23,23,23,03:40-03:50,9.776043333333178
2025-12-23,26,27,04:10-04:30,70.61507291150372
2025-12-23,37,37,06:00-06:10,6.621733809523903
2025-12-23,40,43,06:30-07:10,29.66878095238075
2025-12-23,48,48,07:50-08:00,7.616652857142753
2025-12-23,50,52,08:10-08:40,64.68401142857158
2025-12-23,55,56,09:00-09:20,58.3229266666666
2025-12-23,59,60,09:40-10:00,111.39767809523778
2025-12-23,63,65,10:20-10:50,55.530269047619015
2025-12-23,72,73,11:50-12:10,21.082351428571087
2025-12-23,83,83,13:40-13:50,3.539398571428137
2025-12-23,86,88,14:10-14:40,29.1011880952384
2025-12-23,105,106,17:20-17:40,38.594267066666134
2025-12-23,110,111,18:10-18:30,30.38128666666657
2025-12-23,115,118,19:00-19:40,61.99940333333279
2025-12-23,121,122,20:00-20:20,49.39442999999994
2025-12-23,126,127,20:50-21:10,2.9061033333333626
2025-12-23,129,131,21:20-21:50,61.70544333333294
2025-12-23,134,135,22:10-22:30,39.78519666666659
2025-12-23,138,138,22:50-23:00,2.3089833333333445
2025-12-23,140,141,23:10-23:30,20.67533999999978
2025-12-23,144,144,23:50-24:00,31.666820000000143
2025-12-24,1,1,00:00-00:10,55.4615133333333
2025-12-24,5,6,00:40-01:00,34.91868333333332
2025-12-24,9,9,01:20-01:30,1.3172233333333452
2025-12-24,11,12,01:40-02:00,37.57901333333314
2025-12-24,15,17,02:20-02:50,18.638136666666696
2025-12-24,20,20,03:10-03:20,0.23736701328869003
2025-12-24,37,37,06:00-06:10,26.67425761904758
2025-12-24,40,41,06:30-06:50,74.65574333333335
2025-12-24,48,48,07:50-08:00,11.220774761904977
2025-12-24,51,51,08:20-08:30,3.07171238095259
2025-12-24,53,55,08:40-09:10,49.8268433333335
2025-12-24,57,60,09:20-10:00,68.51900095238125
2025-12-24,63,65,10:20-10:50,22.189312857142397
2025-12-24,79,79,13:00-13:10,10.447259523809976
2025-12-24,82,82,13:30-13:40,28.242574285714227
2025-12-24,86,86,14:10-14:20,5.263835238095112
2025-12-24,89,90,14:40-15:00,44.44714142857208
2025-12-24,101,102,16:40-17:00,27.887578600823577
2025-12-24,107,108,17:40-18:00,31.527036666666778
2025-12-24,111,114,18:20-19:00,47.56864666666678
2025-12-24,117,119,19:20-19:50,24.77633333333347
2025-12-24,122,123,20:10-20:30,5.91535333333286
2025-12-24,127,131,21:00-21:50,34.94891999999993
2025-12-24,134,137,22:10-22:50,62.50152333333358
2025-12-24,141,142,23:20-23:40,37.495663333333596
2025-12-25,1,1,00:00-00:10,2.184419999999932
2025-12-25,3,4,00:20-00:40,23.8434666666667
2025-12-25,7,8,01:00-01:20,87.26764333333335
2025-12-25,12,13,01:50-02:10,103.15103999999997
2025-12-25,16,17,02:30-02:50,44.315796666666756
2025-12-25,19,20,03:00-03:20,44.815189999999916
2025-12-25,23,24,03:40-04:00,97.14049666666654
2025-12-25,30,30,04:50-05:00,2.719666666666626
2025-12-25,37,37,06:00-06:10,34.97124095238121
2025-12-25,41,42,06:40-07:00,49.20660619047578
2025-12-25,45,45,07:20-07:30,7.314142857142812
2025-12-25,51,52,08:20-08:40,73.14409476190508
2025-12-25,56,57,09:10-09:30,69.93000333333339
2025-12-25,60,62,09:50-10:20,30.969212380952513
2025-12-25,64,64,10:30-10:40,20.198299523809425
2025-12-25,67,69,11:00-11:30,59.959267142857584
2025-12-25,71,73,11:40-12:10,94.24929285714279
2025-12-25,84,84,13:50-14:00,2.334917619047701
2025-12-25,86,87,14:10-14:30,51.42365666666649
2025-12-25,90,90,14:50-15:00,6.791059523809508
2025-12-25,103,104,17:00-17:20,4.208522857142695
2025-12-25,107,108,17:40-18:00,11.647405238095242
2025-12-25,112,112,18:30-18:40,19.141293333333692
2025-12-25,115,116,19:00-19:20,26.2573133333334
2025-12-25,118,119,19:30-19:50,53.83189333333337
2025-12-25,123,125,20:20-20:50,39.29961666666668
2025-12-25,128,129,21:10-21:30,8.476463333333413
2025-12-25,131,132,21:40-22:00,1.5122366666668086
2025-12-25,134,135,22:10-22:30,27.62855000000002
2025-12-25,138,138,22:50-23:00,6.670129999999972
2025-12-25,140,142,23:10-23:40,75.29682000000025
2025-12-26,1,2,00:00-00:20,35.22968666666668
2025-12-26,6,7,00:50-01:10,20.137269999999944
2025-12-26,10,10,01:30-01:40,25.595006666666848
2025-12-26,13,14,02:00-02:20,40.75846666666666
2025-12-26,20,21,03:10-03:30,74.26009666666664
2025-12-26,24,25,03:50-04:10,65.53248000000019
2025-12-26,28,28,04:30-04:40,26.790043333333188
2025-12-26,37,38,06:00-06:20,52.00110333333339
2025-12-26,41,42,06:40-07:00,31.66780904761913
2025-12-26,45,47,07:20-07:50,25.608777142857306
2025-12-26,49,50,08:00-08:20,23.98381666666677
2025-12-26,53,54,08:40-09:00,15.933578571428768
2025-12-26,59,61,09:40-10:10,65.32105809523819
2025-12-26,64,64,10:30-10:40,37.39944952380961
2025-12-26,69,70,11:20-11:40,25.340319047618777
2025-12-26,74,74,12:10-12:20,10.983649523809504
2025-12-26,87,87,14:20-14:30,30.423242380952615
2025-12-26,93,93,15:20-15:30,13.916875238095372
2025-12-26,100,100,16:30-16:40,14.190810952381028
2025-12-26,103,103,17:00-17:10,20.459046666666666
2025-12-26,107,107,17:40-17:50,2.53686571428572
2025-12-26,109,109,18:00-18:10,45.307543333333285
2025-12-26,112,113,18:30-18:50,22.6517833333333
2025-12-26,116,117,19:10-19:30,11.282853333333378
2025-12-26,122,123,20:10-20:30,36.07889666666671
2025-12-26,126,128,20:50-21:20,27.878010000000074
2025-12-26,131,133,21:40-22:10,34.00907666666643
2025-12-26,136,136,22:30-22:40,19.139380000000074
2025-12-26,139,140,23:00-23:20,43.74638666666692
2025-12-26,144,144,23:50-24:00,8.535699999999906
2025-12-27,2,4,00:10-00:40,76.31322
2025-12-27,7,7,01:00-01:10,47.2123533333334
2025-12-27,10,10,01:30-01:40,13.080523333333417
2025-12-27,20,21,03:10-03:30,21.169393333333176
2025-12-27,37,39,06:00-06:30,17.591000000000008
2025-12-27,41,42,06:40-07:00,44.8321552380952
2025-12-27,44,45,07:10-07:30,57.65094238095267
2025-12-27,50,51,08:10-08:30,41.56070523809518
2025-12-27,54,58,08:50-09:40,80.54286857142858
2025-12-27,61,65,10:00-10:50,44.6531919047618
2025-12-27,69,70,11:20-11:40,40.194131904761775
2025-12-27,73,74,12:00-12:20,29.718722857143007
2025-12-27,89,89,14:40-14:50,12.272246666666774
2025-12-27,101,104,16:40-17:20,17.862949047619345
2025-12-27,107,108,17:40-18:00,34.856169999999864
2025-12-27,112,113,18:30-18:50,63.79987142857141
2025-12-27,116,116,19:10-19:20,5.115446666666571
2025-12-27,119,120,19:40-20:00,39.876936666666666
2025-12-27,122,123,20:10-20:30,21.02795666666674
2025-12-27,127,129,21:00-21:30,36.48133333333345
2025-12-27,134,136,22:10-22:40,76.19477333333327
2025-12-27,140,141,23:10-23:30,39.75005999999985
2025-12-27,144,144,23:50-24:00,14.891489999999976
2025-12-28,1,2,00:00-00:20,59.55720333333329
2025-12-28,7,8,01:00-01:20,33.96484999999984
2025-12-28,11,12,01:40-02:00,18.702369999999974
2025-12-28,14,16,02:10-02:40,31.92464999999993
2025-12-28,19,22,03:00-03:40,15.2034799999999
2025-12-28,24,25,03:50-04:10,22.991710000000012
2025-12-28,28,28,04:30-04:40,20.380700000000047
2025-12-28,37,40,06:00-06:40,31.562802857142877
2025-12-28,43,45,07:00-07:30,38.72105952380955
2025-12-28,48,48,07:50-08:00,35.61409809523809
2025-12-28,52,52,08:30-08:40,13.100455714285886
2025-12-28,58,61,09:30-10:10,46.63574285714276
2025-12-28,64,65,10:30-10:50,28.926552857142752
2025-12-28,69,70,11:20-11:40,80.92993999999965
2025-12-28,85,85,14:00-14:10,29.102956190475993
2025-12-28,88,88,14:30-14:40,4.96664571428596
2025-12-28,106,107,17:30-17:50,40.41925619047617
2025-12-28,110,111,18:10-18:30,44.05439666666688
2025-12-28,115,116,19:00-19:20,28.022230000000036
2025-12-28,118,119,19:30-19:50,8.623053333333132
2025-12-28,122,123,20:10-20:30,54.35167999999999
2025-12-28,126,126,20:50-21:00,13.692866666666532
2025-12-28,128,129,21:10-21:30,18.69803666666678
2025-12-28,135,137,22:20-22:50,44.509286666666185
2025-12-28,140,142,23:10-23:40,35.59650000000056
2025-12-29,2,3,00:10-00:30,27.42010000000016
2025-12-29,6,7,00:50-01:10,38.56375000000003
2025-12-29,10,11,01:30-01:50,91.49111666666658
2025-12-29,37,38,06:00-06:20,93.72132999999997
2025-12-29,41,41,06:40-06:50,2.970462857142593
2025-12-29,49,50,08:00-08:20,41.740920952380634
2025-12-29,52,52,08:30-08:40,8.420315238095213
2025-12-29,55,56,09:00-09:20,37.56358523809547
2025-12-29,58,58,09:30-09:40,0.8712228571423566
2025-12-29,61,65,10:00-10:50,107.71290285714258
2025-12-29,69,70,11:20-11:40,30.356968095238017
2025-12-29,73,73,12:00-12:10,14.91493047619008
2025-12-29,86,87,14:10-14:30,144.2448076190476
2025-12-29,99,99,16:20-16:30,31.221380476190504
2025-12-29,102,102,16:50-17:00,38.38608103468596
2025-12-29,108,108,17:50-18:00,26.752527619047783
2025-12-29,111,111,18:20-18:30,2.536748571428461
2025-12-29,115,117,19:00-19:30,47.708000000000084
2025-12-29,119,120,19:40-20:00,21.059653333333245
2025-12-29,125,126,20:40-21:00,29.074113333333685
2025-12-29,128,129,21:10-21:30,42.76569333333316
2025-12-29,132,132,21:50-22:00,19.615139999999883
2025-12-29,134,136,22:10-22:40,36.62730333333309
2025-12-29,140,141,23:10-23:30,35.85494999999969
2025-12-29,143,144,23:40-24:00,53.03452333333371
2025-12-30,1,1,00:00-00:10,14.195243333333451
2025-12-30,3,4,00:20-00:40,24.191626666666593
2025-12-30,7,8,01:00-01:20,64.67719333333321
2025-12-30,13,13,02:00-02:10,7.083356666666646
2025-12-30,16,16,02:30-02:40,6.945593333333363
2025-12-30,37,38,06:00-06:20,2.7567433333334748
2025-12-30,40,40,06:30-06:40,11.56989238095252
2025-12-30,43,44,07:00-07:20,64.8776009523812
2025-12-30,48,49,07:50-08:10,38.85640619047581
2025-12-30,52,56,08:30-09:20,99.07497714285671
2025-12-30,61,62,10:00-10:20,41.8144914285715
2025-12-30,64,64,10:30-10:40,13.065376666666538
2025-12-30,67,67,11:00-11:10,7.992949047618936
2025-12-30,84,84,13:50-14:00,22.168289999999615
2025-12-30,87,89,14:20-14:50,97.35274476190477
2025-12-30,109,110,18:00-18:20,12.306783809523596
2025-12-30,112,112,18:30-18:40,18.270236666666733
2025-12-30,116,116,19:10-19:20,10.159526666666807
2025-12-30,119,120,19:40-20:00,49.546896666666726
2025-12-30,123,123,20:20-20:30,15.325389999999743
2025-12-30,126,127,20:50-21:10,36.04059000000018
2025-12-30,130,130,21:30-21:40,14.542416666666895
2025-12-30,133,134,22:00-22:20,45.08296000000007
2025-12-30,136,137,22:30-22:50,5.980033333333495
2025-12-30,142,143,23:30-23:50,29.58297333333303
2025-12-31,1,1,00:00-00:10,21.489296666666746
2025-12-31,4,4,00:30-00:40,31.407516666666652
2025-12-31,7,8,01:00-01:20,29.900866666666843
2025-12-31,10,11,01:30-01:50,85.28435999999988
2025-12-31,39,41,06:20-06:50,87.44339999999966
2025-12-31,45,45,07:20-07:30,40.368402380952446
2025-12-31,49,49,08:00-08:10,15.000394761905113
2025-12-31,52,53,08:30-08:50,74.887834285714
2025-12-31,58,60,09:30-10:00,129.3289166666665
2025-12-31,65,66,10:40-11:00,35.31320047619056
2025-12-31,69,69,11:20-11:30,51.84489761904808
2025-12-31,82,82,13:30-13:40,0.06550047619077759
2025-12-31,85,85,14:00-14:10,10.999151904761561
2025-12-31,88,89,14:30-14:50,74.94556857142834
2025-12-31,104,104,17:10-17:20,5.393555714285554
2025-12-31,108,108,17:50-18:00,14.497488095238168
2025-12-31,110,111,18:10-18:30,25.4227633333332
2025-12-31,116,117,19:10-19:30,61.13242666666679
2025-12-31,120,121,19:50-20:10,19.639046666666445
2025-12-31,124,125,20:30-20:50,35.411339999999996
2025-12-31,127,128,21:00-21:20,34.760459999999966
2025-12-31,131,133,21:40-22:10,41.09010666666677
2025-12-31,136,137,22:30-22:50,29.096456666666654
2025-12-31,140,140,23:10-23:20,2.0288000000000466
2025-12-31,142,144,23:30-24:00,84.90999999999985
