date,start_slot,end_slot,interval_label,emergency_kwh
2025-02-01,22,22,03:30-03:40,10.64096016581135
2025-02-01,54,54,08:50-09:00,15.629855737597154
2025-02-01,61,62,10:00-10:20,6.033498714116718
2025-02-01,86,87,14:10-14:30,41.548285768804135
2025-02-01,92,94,15:10-15:40,60.82005616622513
2025-02-01,117,118,19:20-19:40,41.77091278457692
2025-02-01,128,129,21:10-21:30,27.91366450848807
2025-02-01,137,138,22:40-23:00,35.722233675483665
2025-02-02,11,11,01:40-01:50,0.7068694038688363
2025-02-02,18,18,02:50-03:00,30.455579023555856
2025-02-02,22,22,03:30-03:40,0.515942262139788
2025-02-02,111,112,18:20-18:40,39.00411651627074
2025-02-02,115,116,19:00-19:20,9.618511007087477
2025-02-02,132,132,21:50-22:00,5.786053428082596
2025-02-03,3,3,00:20-00:30,0.24229372285844875
2025-02-03,20,21,03:10-03:30,22.281993091196227
2025-02-03,26,27,04:10-04:30,7.304494709830465
2025-02-03,56,56,09:10-09:20,7.9650436053618705
2025-02-03,63,65,10:20-10:50,54.674782538116006
2025-02-03,69,69,11:20-11:30,32.680288971293294
2025-02-03,75,77,12:20-12:50,104.15192230086654
2025-02-03,80,81,13:10-13:30,28.545902483409463
2025-02-03,104,104,17:10-17:20,7.457021555467804
2025-02-03,110,111,18:10-18:30,16.584174549283034
2025-02-03,117,117,19:20-19:30,11.86957494407136
2025-02-03,123,123,20:20-20:30,4.229020265824374
2025-02-03,136,136,22:30-22:40,10.773208810369852
2025-02-03,139,139,23:00-23:10,1.200071476510061
2025-02-03,144,144,23:50-24:00,2.0058711672587606
2025-02-04,3,3,00:20-00:30,10.379676273193809
2025-02-04,46,46,07:30-07:40,2.789748196191141
2025-02-04,54,54,08:50-09:00,6.870432552215789
2025-02-04,57,58,09:20-09:40,80.96066937661021
2025-02-04,67,68,11:00-11:20,64.78321500103436
2025-02-04,78,92,12:50-15:20,654.048197612469
2025-02-04,108,108,17:50-18:00,3.692947756283843
2025-02-04,111,112,18:20-18:40,8.974767971349797
2025-02-04,120,120,19:50-20:00,19.872086458744548
2025-02-04,133,136,22:00-22:40,131.51126496249503
2025-02-05,1,2,00:00-00:20,20.64665076983806
2025-02-05,15,15,02:20-02:30,7.766571259376292
2025-02-05,38,38,06:10-06:20,2.589273871562279
2025-02-05,44,44,07:10-07:20,12.587829126952812
2025-02-05,57,59,09:20-09:50,106.71663548023298
2025-02-05,61,63,10:00-10:30,104.17059424172362
2025-02-05,66,67,10:50-11:10,32.24915793901482
2025-02-05,69,74,11:20-12:20,238.168246816311
2025-02-05,87,87,14:20-14:30,6.584150287632156
2025-02-05,109,110,18:00-18:20,43.73657119075837
2025-02-05,113,113,18:40-18:50,6.270790518489321
2025-02-05,136,137,22:30-22:50,6.996839242005763
2025-02-06,1,2,00:00-00:20,24.0789937952361
2025-02-06,6,6,00:50-01:00,1.2761968680090376
2025-02-06,24,24,03:50-04:00,3.36879852612185
2025-02-06,48,49,07:50-08:10,20.141746252326357
2025-02-06,62,62,10:10-10:20,1.4327198381367907
2025-02-06,67,67,11:00-11:10,2.4137336407045495
2025-02-06,70,71,11:30-11:50,2.5030642575154616
2025-02-06,73,75,12:00-12:30,48.586078326094935
2025-02-06,82,83,13:30-13:50,35.660186171112855
2025-02-06,85,86,14:00-14:20,25.977917597240094
2025-02-06,90,91,14:50-15:10,11.280299305359108
2025-02-06,114,115,18:50-19:10,36.73914408944802
2025-02-06,127,128,21:00-21:20,24.4984493683379
2025-02-06,136,137,22:30-22:50,5.420541860771436
2025-02-06,139,139,23:00-23:10,3.2474915252007577
2025-02-07,21,22,03:20-03:40,16.531071180418564
2025-02-07,51,55,08:20-09:10,109.40365029891177
2025-02-07,57,60,09:20-10:00,18.020895671422863
2025-02-07,112,113,18:30-18:50,55.18648350252852
2025-02-07,118,119,19:30-19:50,14.611464462429296
2025-02-07,124,127,20:30-21:10,47.01143227398353
2025-02-07,135,135,22:20-22:30,7.164099881563516
2025-02-07,141,141,23:20-23:30,3.514547308856436
2025-02-08,3,3,00:20-00:30,9.888769574944035
2025-02-08,27,27,04:20-04:30,3.7640722463482916
2025-02-08,44,44,07:10-07:20,17.443148064595107
2025-02-08,81,89,13:20-14:50,206.65732552967563
2025-02-08,105,105,17:20-17:30,5.502106198184038
2025-02-08,114,116,18:50-19:20,60.35099191998944
2025-02-08,123,124,20:20-20:40,46.576350250033045
2025-02-08,133,134,22:00-22:20,18.176060554020353
2025-02-09,5,6,00:40-01:00,8.14817758915649
2025-02-09,25,25,04:00-04:10,20.425164153178002
2025-02-09,29,29,04:40-04:50,2.2895997697065695
2025-02-09,60,73,09:50-12:10,752.0485242644712
2025-02-09,76,80,12:30-13:20,274.3136222848875
2025-02-09,84,84,13:50-14:00,9.490201060289905
2025-02-09,109,109,18:00-18:10,4.677568465775607
2025-02-09,115,120,19:00-20:00,31.194875333220693
2025-02-09,126,126,20:50-21:00,9.45677589156469
2025-02-09,129,129,21:20-21:30,9.147058823529505
2025-02-09,133,133,22:00-22:10,6.098673766284946
2025-02-10,28,29,04:30-04:50,20.721975121726587
2025-02-10,113,114,18:40-19:00,62.79621227511143
2025-02-10,125,126,20:40-21:00,9.370069746019226
2025-02-10,129,129,21:20-21:30,7.03667916831148
2025-02-10,132,132,21:50-22:00,17.495161863403155
2025-02-10,141,144,23:20-24:00,13.19742533886074
2025-02-11,29,29,04:40-04:50,1.418924976970743
2025-02-11,113,115,18:40-19:10,6.0460984528042445
2025-02-11,117,119,19:20-19:50,28.95039199894734
2025-02-11,122,123,20:10-20:30,31.971006467956386
2025-02-11,125,126,20:40-21:00,12.21538611001472
2025-02-11,129,130,21:20-21:40,32.85101802868803
2025-02-12,28,29,04:30-04:50,24.345219736619647
2025-02-12,38,38,06:10-06:20,9.574940068241972
2025-02-12,42,42,06:50-07:00,8.367490177278924
2025-02-12,81,82,13:20-13:40,59.06517378414469
2025-02-12,86,86,14:10-14:20,25.462410656477346
2025-02-12,88,88,14:30-14:40,6.569018535333498
2025-02-12,94,95,15:30-15:50,58.03137261387798
2025-02-12,98,98,16:10-16:20,3.224840337074852
2025-02-12,110,112,18:10-18:40,43.38391370387065
2025-02-12,117,117,19:20-19:30,12.24711606790379
2025-02-12,120,120,19:50-20:00,26.541785761284473
2025-02-12,124,125,20:30-20:50,6.540396335044079
2025-02-12,129,130,21:20-21:40,7.357375437557721
2025-02-12,139,141,23:00-23:30,18.291015021713406
2025-02-13,1,2,00:00-00:20,10.690410600079076
2025-02-13,5,5,00:40-00:50,2.271977812870091
2025-02-13,20,20,03:10-03:20,10.692369680221077
2025-02-13,22,23,03:30-03:50,5.376489735491759
2025-02-13,30,31,04:50-05:10,10.848216316056472
2025-02-13,112,112,18:30-18:40,5.372907862876673
2025-02-13,116,119,19:10-19:50,81.00139977910658
2025-02-13,126,127,20:50-21:10,5.305493196473321
2025-02-13,136,137,22:30-22:50,5.192997203579466
2025-02-14,1,1,00:00-00:10,13.444946117910376
2025-02-14,5,5,00:40-00:50,4.642797690485622
2025-02-14,22,22,03:30-03:40,1.427147479931591
2025-02-14,34,36,05:30-06:00,47.95663027184021
2025-02-14,63,72,10:20-12:00,746.5702871731252
2025-02-14,75,76,12:20-12:40,34.238972372304715
2025-02-14,97,97,16:00-16:10,7.69486841501697
2025-02-14,103,104,17:00-17:20,24.597582344481356
2025-02-14,106,112,17:30-18:40,87.76642104506254
2025-02-14,115,116,19:00-19:20,5.252064739721334
2025-02-14,119,119,19:40-19:50,5.025415409922402
2025-02-14,137,137,22:40-22:50,2.532313679431468
2025-02-14,140,141,23:10-23:30,3.6697876299513155
2025-02-15,5,6,00:40-01:00,2.2207622845112382
2025-02-15,13,14,02:00-02:20,9.38699605869192
2025-02-15,16,17,02:30-02:50,8.452839347282634
2025-02-15,30,30,04:50-05:00,0.16247006185028567
2025-02-15,33,33,05:20-05:30,10.3890413212265
2025-02-15,36,37,05:50-06:10,43.867202290714886
2025-02-15,67,75,11:00-12:30,367.2123494754951
2025-02-15,90,91,14:50-15:10,29.133483637884638
2025-02-15,95,97,15:40-16:10,28.586541786513123
2025-02-15,105,106,17:20-17:40,6.9094157718122915
2025-02-15,109,110,18:00-18:20,14.40157187129887
2025-02-15,113,114,18:40-19:00,11.808108568796627
2025-02-15,118,120,19:30-20:00,94.98831150151335
2025-02-15,127,130,21:00-21:40,63.346045604684775
2025-02-15,135,136,22:20-22:40,66.23135967232542
2025-02-15,139,140,23:00-23:20,31.28836144887481
2025-02-16,1,1,00:00-00:10,4.065488386630022
2025-02-16,4,5,00:30-00:50,21.055506467956548
2025-02-16,10,10,01:30-01:40,9.8878828266877
2025-02-16,16,17,02:30-02:50,11.639911297539129
2025-02-16,22,22,03:30-03:40,8.662259724963747
2025-02-16,26,27,04:10-04:30,45.88927601000148
2025-02-16,30,30,04:50-05:00,16.550921173838674
2025-02-16,33,33,05:20-05:30,19.099230161863375
2025-02-16,36,36,05:50-06:00,19.095704697986548
2025-02-16,50,50,08:10-08:20,11.440028286616666
2025-02-16,58,72,09:30-12:00,840.4317818575762
2025-02-16,75,79,12:20-13:10,88.64834589795737
2025-02-16,101,102,16:40-17:00,30.501168226082697
2025-02-16,106,107,17:30-17:50,38.231963414359015
2025-02-16,114,117,18:50-19:30,78.23093340947128
2025-02-16,120,121,19:50-20:10,41.23511113962377
2025-02-16,127,128,21:00-21:20,8.290299289380187
2025-02-16,130,131,21:30-21:50,30.944901190946098
2025-02-16,137,138,22:40-23:00,23.043241334386153
2025-02-16,141,142,23:20-23:40,24.738346631135755
2025-02-17,1,2,00:00-00:20,7.554407250954
2025-02-17,5,6,00:40-01:00,21.4262774115017
2025-02-17,10,11,01:30-01:50,10.355299164363828
2025-02-17,13,14,02:00-02:20,24.08206580471142
2025-02-17,73,75,12:00-12:30,101.513756566653
2025-02-17,103,103,17:00-17:10,2.7999195796438983
2025-02-17,112,117,18:30-19:30,132.3641265533057
2025-02-17,121,123,20:00-20:30,30.609822687195674
2025-02-17,128,128,21:10-21:20,0.2212318923542398
2025-02-17,130,130,21:30-21:40,7.49624226871947
2025-02-17,134,134,22:10-22:20,1.41283083300425
2025-02-17,138,141,22:50-23:30,55.47130582313491
2025-02-18,5,6,00:40-01:00,11.581937754967953
2025-02-18,23,25,03:40-04:10,32.59365042768786
2025-02-18,30,30,04:50-05:00,11.341579813133308
2025-02-18,36,36,05:50-06:00,11.972507566784998
2025-02-18,51,52,08:20-08:40,21.88512052337785
2025-02-18,77,78,12:40-13:00,111.20918413889058
2025-02-18,81,84,13:20-14:00,104.15637626003422
2025-02-18,90,90,14:50-15:00,13.986150973812414
2025-02-18,105,106,17:20-17:40,15.67384774970401
2025-02-18,112,113,18:30-18:50,29.42484206944539
2025-02-18,115,116,19:00-19:20,21.552240510029492
2025-02-18,120,124,19:50-20:40,58.02224903934746
2025-02-18,128,128,21:10-21:20,6.612505250691015
2025-02-18,133,133,22:00-22:10,10.05043241215958
2025-02-18,141,141,23:20-23:30,6.404683510988434
2025-02-19,6,6,00:50-01:00,17.80417094354516
2025-02-19,9,9,01:20-01:30,19.718534675615274
2025-02-19,12,13,01:50-02:10,53.19887568759043
2025-02-19,17,18,02:40-03:00,38.88238703118839
2025-02-19,21,22,03:20-03:40,7.602973134623085
2025-02-19,29,31,04:40-05:10,36.321860006956086
2025-02-19,36,36,05:50-06:00,3.0541321226479567
2025-02-19,39,39,06:20-06:30,41.160892716146805
2025-02-19,42,42,06:50-07:00,4.298568773147011
2025-02-19,53,56,08:40-09:20,67.24668605455645
2025-02-19,59,60,09:40-10:00,79.95172592540382
2025-02-19,80,81,13:10-13:30,14.893279934389739
2025-02-19,86,93,14:10-15:30,209.6884164467126
2025-02-19,105,105,17:20-17:30,5.301504145282252
2025-02-19,109,110,18:00-18:20,2.936137817946147
2025-02-19,115,117,19:00-19:30,21.944584841050528
2025-02-19,119,129,19:40-21:30,145.29294136728538
2025-02-19,132,132,21:50-22:00,14.721929201210514
2025-02-19,134,138,22:10-23:00,55.26829228845929
2025-02-19,142,144,23:30-24:00,96.05440187524698
2025-02-20,6,7,00:50-01:10,12.947947302276702
2025-02-20,25,26,04:00-04:20,10.800253638636832
2025-02-20,29,29,04:40-04:50,9.253276365311194
2025-02-20,33,34,05:20-05:40,9.084454185701022
2025-02-20,37,37,06:00-06:10,6.400634104111305
2025-02-20,51,52,08:20-08:40,15.202508840448559
2025-02-20,61,66,10:00-11:00,168.1846968651895
2025-02-20,72,72,11:50-12:00,28.59049155903972
2025-02-20,103,104,17:00-17:20,16.672174852894223
2025-02-20,110,112,18:10-18:40,62.74778775590789
2025-02-20,121,122,20:00-20:20,47.39743970917232
2025-02-20,126,128,20:50-21:20,50.118023246479765
2025-02-20,134,134,22:10-22:20,7.886277806290423
2025-02-20,138,139,22:50-23:10,63.48129612448986
2025-02-21,4,6,00:30-01:00,51.01243507040397
2025-02-21,9,9,01:20-01:30,11.443911040926366
2025-02-21,12,13,01:50-02:10,41.141648927490564
2025-02-21,24,24,03:50-04:00,14.536506777207535
2025-02-21,27,27,04:20-04:30,17.511579155151935
2025-02-21,30,30,04:50-05:00,0.031160021055370635
2025-02-21,33,34,05:20-05:40,31.66733319327737
2025-02-21,46,46,07:30-07:40,18.530493215272713
2025-02-21,91,91,15:00-15:10,10.571475899084362
2025-02-21,106,108,17:30-18:00,66.57724270486716
2025-02-21,110,111,18:10-18:30,48.296236076175546
2025-02-21,114,114,18:50-19:00,4.581197525990206
2025-02-21,117,118,19:20-19:40,72.85752818791951
2025-02-21,126,127,20:50-21:10,50.95127764179489
2025-02-21,131,133,21:40-22:10,47.05434301881826
2025-02-21,136,140,22:30-23:20,59.95588893275442
2025-02-21,143,144,23:40-24:00,38.414362712199136
2025-02-22,6,7,00:50-01:10,11.109573779444702
2025-02-22,12,13,01:50-02:10,63.88094365706013
2025-02-22,17,17,02:40-02:50,5.866678069482816
2025-02-22,20,25,03:10-04:10,75.78544663771567
2025-02-22,31,32,05:00-05:20,15.147340544808578
2025-02-22,36,36,05:50-06:00,2.5970522437162344
2025-02-22,39,39,06:20-06:30,0.9040863694471
2025-02-22,69,74,11:20-12:20,249.64254598819366
2025-02-22,77,89,12:40-14:50,502.4992341360713
2025-02-22,95,96,15:40-16:00,50.75735541706615
2025-02-22,103,104,17:00-17:20,41.39906982497697
2025-02-22,106,108,17:30-18:00,116.31258182937609
2025-02-22,116,119,19:10-19:50,49.5178398473484
2025-02-22,121,121,20:00-20:10,10.023481576523352
2025-02-22,124,125,20:30-20:50,11.80033137912892
2025-02-22,129,133,21:20-22:10,65.98704022239794
2025-02-22,138,139,22:50-23:10,17.318951105408644
2025-02-22,142,144,23:30-24:00,52.72073070140806
2025-02-23,1,3,00:00-00:30,34.415883958415634
2025-02-23,8,9,01:10-01:30,18.83018856428498
2025-02-23,19,20,03:00-03:20,50.162587814186054
2025-02-23,27,28,04:20-04:40,55.57265969394484
2025-02-23,32,33,05:10-05:30,95.31239183445211
2025-02-23,37,37,06:00-06:10,6.532987316940307
2025-02-23,46,46,07:30-07:40,7.985506744308793
2025-02-23,49,50,08:00-08:20,21.09577924726966
2025-02-23,58,62,09:30-10:20,249.49218413419044
2025-02-23,68,68,11:10-11:20,2.9365263822303405
2025-02-23,73,77,12:00-12:50,392.8506164880723
2025-02-23,83,84,13:40-14:00,59.56387572236929
2025-02-23,93,94,15:20-15:40,11.906573557610727
2025-02-23,108,109,17:50-18:10,9.575623022766308
2025-02-23,117,124,19:20-20:40,152.2743354257144
2025-02-23,127,128,21:00-21:20,62.7255744242666
2025-02-23,130,132,21:30-22:00,39.961413521515965
2025-02-23,134,135,22:10-22:30,26.46587841163307
2025-02-23,139,142,23:00-23:40,44.287586932491195
2025-02-24,4,5,00:30-00:50,45.13913865640211
2025-02-24,8,9,01:10-01:30,15.199025700749871
2025-02-24,19,19,03:00-03:10,4.391735412554453
2025-02-24,37,38,06:00-06:20,23.289712121895604
2025-02-24,41,41,06:40-06:50,4.050958605455563
2025-02-24,81,81,13:20-13:30,11.712515298065455
2025-02-24,94,95,15:30-15:50,49.906533794860366
2025-02-24,101,101,16:40-16:50,7.501678094862342
2025-02-24,104,107,17:10-17:50,59.19230649333574
2025-02-24,112,113,18:30-18:50,16.16640059970323
2025-02-24,122,126,20:10-21:00,141.5265118173446
2025-02-24,129,134,21:20-22:20,64.96440383603124
2025-02-24,141,141,23:20-23:30,10.60238518226106
2025-02-25,1,2,00:00-00:20,20.961011797604897
2025-02-25,5,8,00:40-01:20,47.363258909067326
2025-02-25,13,14,02:00-02:20,34.97928589946059
2025-02-25,18,21,02:50-03:30,30.130883122779323
2025-02-25,35,36,05:40-06:00,70.43996540992251
2025-02-25,39,39,06:20-06:30,16.936365851709866
2025-02-25,42,43,06:50-07:10,15.205548337187281
2025-02-25,107,107,17:40-17:50,2.9945449109845867
2025-02-25,109,110,18:00-18:20,10.066189912206564
2025-02-25,113,115,18:40-19:10,84.64187398059926
2025-02-25,118,118,19:30-19:40,4.411198762995127
2025-02-25,125,129,20:40-21:30,75.05840704697994
2025-02-25,131,134,21:40-22:20,63.22021131727831
2025-02-25,136,136,22:30-22:40,3.1325295499407275
2025-02-25,140,142,23:10-23:40,69.67674392683227
2025-02-26,1,2,00:00-00:20,4.022937708909012
2025-02-26,9,10,01:20-01:40,39.66622560205303
2025-02-26,14,15,02:10-02:30,3.7370671864717906
2025-02-26,19,21,03:00-03:30,52.721450085537526
2025-02-26,27,27,04:20-04:30,18.17062508224774
2025-02-26,32,32,05:10-05:20,3.951385210460098
2025-02-26,66,66,10:50-11:00,13.619115931607439
2025-02-26,77,78,12:40-13:00,95.93172404827692
2025-02-26,83,85,13:40-14:10,83.88029966630961
2025-02-26,88,93,14:30-15:30,183.2931835062891
2025-02-26,95,99,15:40-16:30,123.202513269603
2025-02-26,103,103,17:00-17:10,5.492620231045592
2025-02-26,106,107,17:30-17:50,32.24932265429663
2025-02-26,111,111,18:20-18:30,29.845016449532864
2025-02-26,114,115,18:50-19:10,42.472235327956696
2025-02-26,118,122,19:30-20:20,39.04994060402714
2025-02-26,125,125,20:40-20:50,3.692814923016158
2025-02-26,135,135,22:20-22:30,19.4458797210159
2025-02-26,140,141,23:10-23:30,23.446359632846566
2025-02-27,8,8,01:10-01:20,6.539788919594685
2025-02-27,15,15,02:20-02:30,4.959330833004401
2025-02-27,21,21,03:20-03:30,14.272301618634174
2025-02-27,26,27,04:10-04:30,8.277613054349331
2025-02-27,50,50,08:10-08:20,16.780756896584307
2025-02-27,53,60,08:40-10:00,393.50804110691286
2025-02-27,87,87,14:20-14:30,3.439641212189713
2025-02-27,93,93,15:20-15:30,23.624637358298855
2025-02-27,106,107,17:30-17:50,23.576923686387524
2025-02-27,109,113,18:00-18:50,72.11288157276333
2025-02-27,117,117,19:20-19:30,6.97927293064879
2025-02-27,120,121,19:50-20:10,13.123586077115647
2025-02-27,124,125,20:30-20:50,26.702413955783754
2025-02-27,128,129,21:10-21:30,46.534963179365604
2025-02-28,3,3,00:20-00:30,17.886915383603082
2025-02-28,7,8,01:00-01:20,38.64334985524408
2025-02-28,10,11,01:30-01:50,12.989494854586212
2025-02-28,15,15,02:20-02:30,1.5045946835110158
2025-02-28,25,25,04:00-04:10,3.4789459073563194
2025-02-28,28,32,04:30-05:20,63.82904484518665
2025-02-28,38,38,06:10-06:20,0.28422872464432203
2025-02-28,45,46,07:20-07:40,30.968794314101615
2025-02-28,70,72,11:30-12:00,232.11157759385674
2025-02-28,77,82,12:40-13:40,413.9464510161117
2025-02-28,84,84,13:50-14:00,35.373174125354694
2025-02-28,101,101,16:40-16:50,6.678618515594309
2025-02-28,105,105,17:20-17:30,0.2105506833605908
2025-02-28,108,108,17:50-18:00,4.206090275036104
2025-02-28,111,112,18:20-18:40,25.221295255954715
2025-02-28,116,117,19:10-19:30,37.842701449438835
2025-02-28,120,120,19:50-20:00,18.169383471509434
2025-02-28,122,123,20:10-20:30,45.09528412949089
2025-02-28,126,127,20:50-21:10,44.04318329385438
2025-02-28,130,134,21:30-22:20,67.70223474141328
2025-02-28,138,141,22:50-23:30,40.455213929464605
2025-02-28,144,144,23:50-24:00,4.2320772470062025
2025-03-01,1,2,00:00-00:20,53.642976556125916
2025-03-01,9,10,01:20-01:40,12.124653533359606
2025-03-01,48,48,07:50-08:00,4.433116669486651
2025-03-01,54,54,08:50-09:00,16.443333333333385
2025-03-01,70,71,11:30-11:50,175.6426710140413
2025-03-01,82,83,13:30-13:50,8.804885878780965
2025-03-01,85,86,14:00-14:20,40.753437852725256
2025-03-01,88,89,14:30-14:50,29.064163890925556
2025-03-01,95,95,15:40-15:50,29.182817208091365
2025-03-01,97,99,16:00-16:30,41.98379670351392
2025-03-01,102,104,16:50-17:20,45.759722715394986
2025-03-01,110,112,18:10-18:40,98.3335460662118
2025-03-01,114,117,18:50-19:30,49.219728906059004
2025-03-01,120,120,19:50-20:00,4.87336031056725
2025-03-01,122,123,20:10-20:30,28.298644058428863
2025-03-01,126,128,20:50-21:20,67.27429346624564
2025-03-01,131,133,21:40-22:10,27.876424193972582
2025-03-01,135,136,22:20-22:40,10.7099915383601
2025-03-01,140,141,23:10-23:30,14.298428635346966
2025-03-02,16,16,02:30-02:40,2.305646315304557
2025-03-02,54,56,08:50-09:20,58.46014858628007
2025-03-02,59,96,09:40-16:00,4997.843027687856
2025-03-02,100,101,16:30-16:50,17.0755793619459
2025-03-02,103,110,17:00-18:20,168.76194888519214
2025-03-02,113,114,18:40-19:00,20.94699507172004
2025-03-02,117,118,19:20-19:40,27.053122239768413
2025-03-02,123,123,20:20-20:30,4.37503750493488
2025-03-02,125,130,20:40-21:40,157.88356213317536
2025-03-02,136,136,22:30-22:40,1.6485467232528208
2025-03-02,139,144,23:00-24:00,77.10405588235335
2025-03-03,1,2,00:00-00:20,21.45030973812345
2025-03-03,4,4,00:30-00:40,12.694389511778127
2025-03-03,10,12,01:30-02:00,53.85901523884718
2025-03-03,21,21,03:20-03:30,5.466573891301437
2025-03-03,49,80,08:00-13:20,2374.241926343692
2025-03-03,82,100,13:30-16:40,1412.8954080565127
2025-03-03,107,107,17:40-17:50,6.198886912751846
2025-03-03,111,111,18:20-18:30,24.718192525332256
2025-03-03,114,116,18:50-19:20,61.31186028142838
2025-03-03,118,119,19:30-19:50,8.137141637057653
2025-03-03,124,130,20:30-21:40,218.0615538886699
2025-03-03,132,137,21:50-22:50,58.997447519410684
2025-03-03,142,143,23:30-23:50,23.04567029214354
2025-03-04,2,4,00:10-00:40,25.450370996183892
2025-03-04,6,7,00:50-01:10,24.6867410382946
2025-03-04,11,12,01:40-02:00,74.43032524674288
2025-03-04,21,21,03:20-03:30,5.16730096065271
2025-03-04,25,25,04:00-04:10,2.6474089156467926
2025-03-04,48,50,07:50-08:20,82.14231415787765
2025-03-04,53,55,08:40-09:10,30.933195491888455
2025-03-04,58,59,09:30-09:50,37.39416785479307
2025-03-04,63,63,10:20-10:30,5.814624574661821
2025-03-04,67,71,11:00-11:50,465.94689448423696
2025-03-04,73,74,12:00-12:20,106.15594960991075
2025-03-04,88,88,14:30-14:40,1.3444058193747424
2025-03-04,94,98,15:30-16:20,93.74101992367434
2025-03-04,104,104,17:10-17:20,9.247473750305744
2025-03-04,117,119,19:20-19:50,34.01429593555565
2025-03-04,122,132,20:10-22:00,138.4840660152655
2025-03-04,135,135,22:20-22:30,27.20557770759342
2025-03-04,138,144,22:50-24:00,151.55771716015295
2025-03-05,1,1,00:00-00:10,8.77276238978834
2025-03-05,4,6,00:30-01:00,31.153242077904906
2025-03-05,74,74,12:10-12:20,29.619274914932475
2025-03-05,79,85,13:00-14:10,193.98339109281324
2025-03-05,106,107,17:30-17:50,9.173341807192715
2025-03-05,112,113,18:30-18:50,28.354434650236033
2025-03-05,115,116,19:00-19:20,17.75077872746442
2025-03-05,118,125,19:30-20:50,111.7266507078001
2025-03-05,128,128,21:10-21:20,16.96402127911597
2025-03-05,133,134,22:00-22:20,16.032624772996655
2025-03-05,136,137,22:30-22:50,24.707840215818123
2025-03-05,140,140,23:10-23:20,3.087985609948646
2025-03-05,144,144,23:50-24:00,28.20378734043959
2025-03-06,3,3,00:20-00:30,20.439765758652356
2025-03-06,12,13,01:50-02:10,17.730993058297145
2025-03-06,16,17,02:30-02:50,15.251844347940505
2025-03-06,87,87,14:20-14:30,7.906767901791568
2025-03-06,90,92,14:50-15:20,50.23195119470631
2025-03-06,94,98,15:30-16:20,79.12187616039716
2025-03-06,101,101,16:40-16:50,2.8796521591188764
2025-03-06,105,109,17:20-18:10,95.7895733207379
2025-03-06,113,114,18:40-19:00,28.936269673641277
2025-03-06,118,119,19:30-19:50,14.213729585659735
2025-03-06,122,127,20:10-21:10,67.59262419397282
2025-03-06,134,144,22:10-24:00,165.5670424990131
2025-03-07,1,2,00:00-00:20,46.40691102118706
2025-03-07,7,8,01:00-01:20,27.95514182787207
2025-03-07,80,83,13:10-13:50,108.31657883744117
2025-03-07,85,87,14:00-14:30,79.09838068918828
2025-03-07,91,93,15:00-15:30,125.47993316883822
2025-03-07,95,96,15:40-16:00,39.37016444456975
2025-03-07,103,103,17:00-17:10,15.887259527569455
2025-03-07,107,107,17:40-17:50,2.39306863403084
2025-03-07,109,110,18:00-18:20,7.701790570187882
2025-03-07,112,113,18:30-18:50,23.652539296523912
2025-03-07,115,115,19:00-19:10,10.155623900701357
2025-03-07,118,119,19:30-19:50,7.504730636549937
2025-03-07,125,136,20:40-22:40,186.87589326885134
2025-03-07,141,141,23:20-23:30,18.390178970917304
2025-03-08,1,2,00:00-00:20,25.54212624029475
2025-03-08,11,13,01:40-02:10,31.2666775628374
2025-03-08,16,17,02:30-02:50,20.168172292406837
2025-03-08,28,28,04:30-04:40,0.5511505198052191
2025-03-08,100,101,16:30-16:50,18.207813247983893
2025-03-08,108,108,17:50-18:00,17.547845769180242
2025-03-08,111,113,18:20-18:50,17.302868414077125
2025-03-08,117,117,19:20-19:30,4.095621792341035
2025-03-08,121,121,20:00-20:10,3.4469386629820065
2025-03-08,127,131,21:00-21:50,63.68307731938421
2025-03-08,133,134,22:00-22:20,36.194763686011186
2025-03-08,136,137,22:30-22:50,57.69158124753261
2025-03-09,12,14,01:50-02:20,50.7209919989474
2025-03-09,18,18,02:50-03:00,8.42714107119366
2025-03-09,23,24,03:40-04:00,6.27111958152409
2025-03-09,111,113,18:20-18:50,98.44937515180605
2025-03-09,115,115,19:00-19:10,5.6144574718478
2025-03-09,121,123,20:00-20:30,56.337280569811924
2025-03-09,125,127,20:40-21:10,47.036106231082954
2025-03-09,129,133,21:20-22:10,70.15331074483493
2025-03-09,136,137,22:30-22:50,9.362946631135742
2025-03-09,144,144,23:50-24:00,0.9609455191472307
2025-03-10,1,2,00:00-00:20,34.83516876562726
2025-03-10,5,7,00:40-01:10,92.17758123437329
2025-03-10,14,15,02:10-02:30,18.298710580339616
2025-03-10,45,45,07:20-07:30,24.411520759310406
2025-03-10,53,53,08:40-08:50,7.16894576636048
2025-03-10,55,56,09:00-09:20,17.413081452446363
2025-03-10,58,59,09:30-09:50,33.024979003816156
2025-03-10,65,80,10:40-13:20,1633.5823258041469
2025-03-10,90,91,14:50-15:10,20.156684723554235
2025-03-10,102,103,16:50-17:10,20.498261595510826
2025-03-10,108,108,17:50-18:00,21.941996315304664
2025-03-10,111,112,18:20-18:40,25.685272436223066
2025-03-10,114,121,18:50-20:10,178.03866294813236
2025-03-10,127,129,21:00-21:30,40.20402927358862
2025-03-10,132,132,21:50-22:00,25.58762995130928
2025-03-10,135,141,22:20-23:30,119.70965375707351
2025-03-10,144,144,23:50-24:00,5.440167785234962
2025-03-11,1,4,00:00-00:40,48.39023383339941
2025-03-11,7,9,01:00-01:30,33.18119584155818
2025-03-11,61,62,10:00-10:20,65.80944951779384
2025-03-11,78,78,12:50-13:00,12.816175906604258
2025-03-11,88,99,14:30-16:30,396.19722462730175
2025-03-11,102,102,16:50-17:00,16.69651011411267
2025-03-11,106,107,17:30-17:50,12.44559709360257
2025-03-11,109,111,18:00-18:30,41.1765573590509
2025-03-11,116,118,19:10-19:40,46.46793077472603
2025-03-11,120,121,19:50-20:10,7.066449072246201
2025-03-11,127,129,21:00-21:30,71.10989545334928
2025-03-11,133,137,22:00-22:50,101.2230675023028
2025-03-12,2,4,00:10-00:40,65.39826427819435
2025-03-12,10,14,01:30-02:20,75.9071462889857
2025-03-12,18,19,02:50-03:10,26.309856270562022
2025-03-12,23,23,03:40-03:50,19.051633636004794
2025-03-12,96,97,15:50-16:10,18.777698059895442
2025-03-12,99,102,16:20-17:00,82.01506516740909
2025-03-12,105,105,17:20-17:30,16.62086721937102
2025-03-12,107,109,17:40-18:10,52.41542788994788
2025-03-12,111,112,18:20-18:40,31.857061272159854
2025-03-12,114,114,18:50-19:00,5.320027635215297
2025-03-12,117,118,19:20-19:40,15.727086372266967
2025-03-12,121,123,20:00-20:30,46.55653610343472
2025-03-12,126,127,20:50-21:10,19.91306429135409
2025-03-12,131,141,21:40-23:30,219.08355823792692
2025-03-12,144,144,23:50-24:00,9.397361494933762
2025-03-13,1,4,00:00-00:40,95.5598948019474
2025-03-13,12,12,01:50-02:00,22.684726937755045
2025-03-13,17,19,02:40-03:10,31.839718041847732
2025-03-13,36,36,05:50-06:00,9.289277536518057
2025-03-13,58,82,09:30-13:40,3133.4323566437333
2025-03-13,100,104,16:30-17:20,96.49373279660855
2025-03-13,107,109,17:40-18:10,21.172164408850815
2025-03-13,113,121,18:40-20:10,258.2435823943001
2025-03-13,125,126,20:40-21:00,27.350867390446183
2025-03-13,129,129,21:20-21:30,8.4147256217924
2025-03-13,132,136,21:50-22:40,98.16263558362937
2025-03-13,139,143,23:00-23:50,79.38001995657368
2025-03-14,6,6,00:50-01:00,19.328604421634452
2025-03-14,10,13,01:30-02:10,53.45051565337553
2025-03-14,18,19,02:50-03:10,48.841468831425175
2025-03-14,25,25,04:00-04:10,0.16004792077904995
2025-03-14,29,29,04:40-04:50,2.6525690541989206
2025-03-14,36,36,05:50-06:00,13.027901697591801
2025-03-14,86,90,14:10-15:00,273.6444432773111
2025-03-14,93,96,15:20-16:00,117.57391710657407
2025-03-14,98,99,16:10-16:30,31.33123378452052
2025-03-14,105,106,17:20-17:40,35.65708441430273
2025-03-14,110,111,18:10-18:30,21.667893434286498
2025-03-14,118,125,19:30-20:50,144.3163067856674
2025-03-14,136,138,22:30-23:00,32.342692216080934
2025-03-14,141,142,23:20-23:40,34.76854409132761
2025-03-15,1,5,00:00-00:50,95.09550908672213
2025-03-15,7,8,01:00-01:20,24.602361192262265
2025-03-15,15,17,02:20-02:50,56.25835025661269
2025-03-15,27,28,04:20-04:40,22.36695927753657
2025-03-15,31,32,05:00-05:20,26.051161471434185
2025-03-15,46,46,07:30-07:40,2.755701015171269
2025-03-15,71,79,11:40-13:10,809.4852036358143
2025-03-15,84,85,13:50-14:10,25.37270202564241
2025-03-15,108,116,17:50-19:20,132.6193404865303
2025-03-15,121,131,20:00-21:50,251.68502143045134
2025-03-15,133,134,22:00-22:20,25.458076549545922
2025-03-15,136,138,22:30-23:00,51.425009198579176
2025-03-15,141,144,23:20-24:00,127.67199967100953
2025-03-16,1,3,00:00-00:30,25.472423674167658
2025-03-16,5,8,00:40-01:20,69.66906781813407
2025-03-16,13,13,02:00-02:10,3.14919257797078
2025-03-16,18,20,02:50-03:20,29.028795894196833
2025-03-16,23,23,03:40-03:50,1.4653470983025727
2025-03-16,35,37,05:40-06:10,25.078974684639093
2025-03-16,43,48,07:00-08:00,147.76872861748774
2025-03-16,75,87,12:20-14:30,633.539519293892
2025-03-16,93,93,15:20-15:30,30.521020294023515
2025-03-16,96,96,15:50-16:00,0.47025449777208905
2025-03-16,101,102,16:40-17:00,31.60798562686813
2025-03-16,105,105,17:20-17:30,5.777418269321188
2025-03-16,108,111,17:50-18:30,41.54664020171849
2025-03-16,119,119,19:40-19:50,5.907738156336336
2025-03-16,125,126,20:40-21:00,28.585079694696674
2025-03-16,129,130,21:20-21:40,6.581348466903705
2025-03-16,132,137,21:50-22:50,96.59513628766967
2025-03-16,139,141,23:00-23:30,21.642718397157637
2025-03-16,143,144,23:40-24:00,40.775537912883465
2025-03-17,3,3,00:20-00:30,22.66364587445719
2025-03-17,12,12,01:50-02:00,16.824460455323106
2025-03-17,16,17,02:30-02:50,12.116041551520198
2025-03-17,24,24,03:50-04:00,22.228146466640396
2025-03-17,28,29,04:30-04:50,7.905863169026022
2025-03-17,33,33,05:20-05:30,5.0380109224900025
2025-03-17,99,100,16:20-16:40,13.073315480420888
2025-03-17,109,110,18:00-18:20,22.18132412629503
2025-03-17,112,113,18:30-18:50,6.657988587784303
2025-03-17,119,121,19:40-20:10,79.08525595849062
2025-03-17,123,124,20:20-20:40,58.9521732464799
2025-03-17,126,127,20:50-21:10,23.498050848796083
2025-03-17,131,131,21:40-21:50,4.100259178839337
2025-03-17,141,142,23:20-23:40,9.540232504276673
2025-03-18,3,3,00:20-00:30,28.825146729832795
2025-03-18,10,10,01:30-01:40,8.101543393867587
2025-03-18,14,14,02:10-02:20,5.8065872680615485
2025-03-18,27,28,04:20-04:40,23.053384503599958
2025-03-18,49,60,08:00-10:00,712.1285519523254
2025-03-18,69,69,11:20-11:30,1.124882996822862
2025-03-18,87,87,14:20-14:30,0.2771973050964789
2025-03-18,100,100,16:30-16:40,4.917605615400532
2025-03-18,104,104,17:10-17:20,1.8593394422199196
2025-03-18,110,112,18:10-18:40,53.74197725922601
2025-03-18,115,116,19:00-19:20,40.12664501908148
2025-03-18,125,125,20:40-20:50,0.4061999802606806
2025-03-18,131,135,21:40-22:30,86.13790675088808
2025-03-18,137,139,22:40-23:10,52.157921265955906
2025-03-18,142,144,23:30-24:00,62.07180240821174
2025-03-19,1,1,00:00-00:10,12.864421029082678
2025-03-19,5,5,00:40-00:50,4.735490715883543
2025-03-19,12,13,01:50-02:10,58.77605990261884
2025-03-19,17,17,02:40-02:50,1.1792845308592632
2025-03-19,22,22,03:30-03:40,0.7072827214108202
2025-03-19,50,58,08:10-09:40,335.24293763747085
2025-03-19,88,89,14:30-14:50,31.83556129377905
2025-03-19,93,93,15:20-15:30,7.025829385445377
2025-03-19,107,108,17:40-18:00,12.191634320305226
2025-03-19,113,114,18:40-19:00,48.53232059293532
2025-03-19,129,133,21:20-22:10,64.92114550598808
2025-03-19,140,140,23:10-23:20,0.24211016581136846
2025-03-20,3,3,00:20-00:30,39.148516252138506
2025-03-20,7,12,01:00-02:00,98.49673780102626
2025-03-20,16,16,02:30-02:40,2.9446017436504235
2025-03-20,19,21,03:00-03:30,73.78228003684717
2025-03-20,31,31,05:00-05:10,0.8554293628861134
2025-03-20,36,36,05:50-06:00,5.701998947229981
2025-03-20,50,51,08:10-08:30,10.427825890625172
2025-03-20,54,56,08:50-09:20,46.8605520134231
2025-03-20,60,60,09:50-10:00,17.954425300321645
2025-03-20,67,70,11:00-11:40,164.39156988419586
2025-03-20,76,77,12:30-12:50,102.56568981914984
2025-03-20,80,80,13:10-13:20,12.644073387475828
2025-03-20,92,104,15:10-17:20,353.8834489857694
2025-03-20,109,110,18:00-18:20,16.59803719568358
2025-03-20,113,115,18:40-19:10,110.68203781136617
2025-03-20,120,122,19:50-20:20,65.83834406500876
2025-03-20,128,132,21:10-22:00,80.23568112251644
2025-03-20,142,143,23:30-23:50,69.74768651138311
2025-03-21,2,4,00:10-00:40,46.186294749309354
2025-03-21,8,10,01:10-01:40,46.82945059218315
2025-03-21,14,18,02:10-03:00,102.76396159363082
2025-03-21,21,23,03:20-03:50,30.650655540202706
2025-03-21,27,27,04:20-04:30,5.3351881826556
2025-03-21,40,41,06:30-06:50,4.100539902806872
2025-03-21,88,88,14:30-14:40,12.2319948611663
2025-03-21,109,110,18:00-18:20,13.831042670088152
2025-03-21,113,115,18:40-19:10,67.4719456582634
2025-03-21,117,124,19:20-20:40,161.09241822984245
2025-03-21,129,130,21:20-21:40,23.97432909593371
2025-03-21,133,138,22:00-23:00,128.20081829188064
2025-03-21,141,141,23:20-23:30,27.452145677062845
2025-03-22,6,6,00:50-01:00,4.474109093301763
2025-03-22,10,11,01:30-01:50,48.23952945782355
2025-03-22,17,18,02:40-03:00,18.00597500329002
2025-03-22,28,32,04:30-05:20,38.852041495121405
2025-03-22,34,35,05:30-05:50,17.726762188633874
2025-03-22,75,76,12:20-12:40,140.71903315849863
2025-03-22,79,85,13:00-14:10,465.9450026723446
2025-03-22,87,89,14:20-14:50,96.71567115409937
2025-03-22,91,98,15:00-16:20,203.8296760720403
2025-03-22,111,111,18:20-18:30,1.2930280300039385
2025-03-22,114,115,18:50-19:10,18.19950086853538
2025-03-22,119,120,19:40-20:00,10.903244778448254
2025-03-22,123,124,20:20-20:40,5.4658586656139505
2025-03-22,135,135,22:20-22:30,23.189734833530792
2025-03-22,138,141,22:50-23:30,70.33627576654823
2025-03-22,144,144,23:50-24:00,21.99388406369269
2025-03-23,1,1,00:00-00:10,4.072825516515422
2025-03-23,4,5,00:30-00:50,29.173256106066674
2025-03-23,15,17,02:20-02:50,50.89490113172815
2025-03-23,21,22,03:20-03:40,37.43126398210302
2025-03-23,25,26,04:00-04:20,40.14991920741463
2025-03-23,30,32,04:50-05:20,25.05694884665283
2025-03-23,36,38,05:50-06:20,49.42369794427873
2025-03-23,41,41,06:40-06:50,1.6097998411444223
2025-03-23,48,48,07:50-08:00,0.2231635741544551
2025-03-23,56,61,09:10-10:10,342.2403681537047
2025-03-23,64,69,10:30-11:30,435.64057873404545
2025-03-23,74,75,12:10-12:30,110.28800628842168
2025-03-23,77,78,12:40-13:00,104.45833314157949
2025-03-23,105,105,17:20-17:30,9.343873629988906
2025-03-23,107,108,17:40-18:00,13.601103380144036
2025-03-23,112,120,18:30-20:00,129.82130333220562
2025-03-23,123,126,20:20-21:00,85.96711512041088
2025-03-23,131,137,21:40-22:50,85.46820227003582
2025-03-24,1,2,00:00-00:20,23.91624122910912
2025-03-24,15,15,02:20-02:30,15.30330898802481
2025-03-24,18,19,02:50-03:10,19.790346914067754
2025-03-24,21,22,03:20-03:40,16.980883662324118
2025-03-24,27,27,04:20-04:30,4.2259191998946335
2025-03-24,31,36,05:00-06:00,80.71145537194751
2025-03-24,48,48,07:50-08:00,5.497179516101937
2025-03-24,71,71,11:40-11:50,1.1865149624952664
2025-03-24,75,75,12:20-12:30,32.06865823510611
2025-03-24,84,93,13:50-15:30,538.5201482093503
2025-03-24,96,96,15:50-16:00,9.05224326979112
2025-03-24,105,105,17:20-17:30,7.307240285375883
2025-03-24,108,111,17:50-18:30,77.06861519090864
2025-03-24,129,129,21:20-21:30,2.0515173049085433
2025-03-24,133,135,22:00-22:30,16.988760014476156
2025-03-24,138,139,22:50-23:10,84.58202195683657
2025-03-24,142,144,23:30-24:00,123.42974894065037
2025-03-25,1,2,00:00-00:20,14.074428661665934
2025-03-25,5,6,00:40-01:00,44.225458718252526
2025-03-25,9,10,01:20-01:40,18.62159278194497
2025-03-25,12,14,01:50-02:20,34.30299750625079
2025-03-25,16,17,02:30-02:50,31.786025549414376
2025-03-25,19,20,03:00-03:20,46.0303776681144
2025-03-25,23,25,03:40-04:10,76.15377789464787
2025-03-25,32,36,05:10-06:00,21.879058291504677
2025-03-25,38,42,06:10-07:00,76.78229862293972
2025-03-25,54,54,08:50-09:00,23.378142330757782
2025-03-25,58,75,09:30-12:30,1621.312972557481
2025-03-25,89,98,14:40-16:20,129.07197774237335
2025-03-25,100,101,16:30-16:50,113.86453502340572
2025-03-25,112,114,18:30-19:00,22.653219575884236
2025-03-25,116,118,19:10-19:40,62.210475730829444
2025-03-25,120,123,19:50-20:30,82.01565088169525
2025-03-25,126,129,20:50-21:30,53.67368165548089
2025-03-25,132,133,21:50-22:10,9.939702592446565
2025-03-25,136,137,22:30-22:50,75.06718634688752
2025-03-25,139,141,23:00-23:30,65.97744019607853
2025-03-25,144,144,23:50-24:00,4.1958080010527965
2025-03-26,3,4,00:20-00:40,30.12366326490337
2025-03-26,7,8,01:00-01:20,21.12281197525988
2025-03-26,10,11,01:30-01:50,28.448509711804263
2025-03-26,15,15,02:20-02:30,12.098404395315129
2025-03-26,23,24,03:40-04:00,20.104064041321408
2025-03-26,27,27,04:20-04:30,19.086651533096642
2025-03-26,33,35,05:20-05:50,41.847528533829646
2025-03-26,46,47,07:30-07:50,43.399725999661825
2025-03-26,49,49,08:00-08:10,4.027673748425627
2025-03-26,80,83,13:10-13:50,142.6360674158259
2025-03-26,108,108,17:50-18:00,13.351716367755012
2025-03-26,113,115,18:40-19:10,27.4479810604779
2025-03-26,117,122,19:20-20:20,54.69001541368266
2025-03-26,127,127,21:00-21:10,1.4178583761020036
2025-03-26,130,130,21:30-21:40,10.660169370969925
2025-03-26,133,135,22:00-22:30,84.80356983155696
2025-03-26,141,144,23:20-24:00,60.13508756415297
2025-03-27,8,10,01:10-01:40,53.748199881563664
2025-03-27,13,18,02:00-03:00,173.24016735754708
2025-03-27,24,24,03:50-04:00,23.607950388209133
2025-03-27,27,30,04:20-05:00,66.32816728798936
2025-03-27,49,50,08:00-08:20,19.650115970146317
2025-03-27,61,62,10:00-10:20,37.97805149173746
2025-03-27,64,66,10:30-11:00,215.89216741206587
2025-03-27,78,87,12:50-14:30,526.7618443432418
2025-03-27,94,102,15:30-17:00,318.54064377361806
2025-03-27,114,115,18:50-19:10,25.722248262929043
2025-03-27,119,120,19:40-20:00,30.941008616735303
2025-03-27,123,124,20:20-20:40,6.9887520265824605
2025-03-27,127,132,21:00-22:00,109.39129440715897
2025-03-27,135,141,22:20-23:30,110.9570815896833
2025-03-27,144,144,23:50-24:00,3.7180010527700347
2025-03-28,5,8,00:40-01:20,64.25328028687989
2025-03-28,10,16,01:30-02:40,83.05267671404152
2025-03-28,19,20,03:00-03:20,45.59574480194772
2025-03-28,33,34,05:20-05:40,14.956014176677513
2025-03-28,43,47,07:00-07:50,172.09257259977807
2025-03-28,107,107,17:40-17:50,1.2015577275205942
2025-03-28,109,111,18:00-18:30,28.11420276070163
2025-03-28,116,118,19:10-19:40,50.28381157013155
2025-03-28,123,123,20:20-20:30,7.803722858270817
2025-03-28,127,130,21:00-21:40,102.73500569153842
2025-03-28,136,137,22:30-22:50,41.15468618897222
2025-03-28,142,144,23:30-24:00,73.78849818397163
2025-03-29,1,1,00:00-00:10,14.646216133701728
2025-03-29,5,9,00:40-01:30,67.704292018687
2025-03-29,12,14,01:50-02:20,25.282511014607223
2025-03-29,18,18,02:50-03:00,18.055779049874957
2025-03-29,21,22,03:20-03:40,20.277331464666418
2025-03-29,25,26,04:00-04:20,11.81913228902309
2025-03-29,29,30,04:40-05:00,36.0551122685315
2025-03-29,42,42,06:50-07:00,1.1870871167258201
2025-03-29,97,101,16:00-16:50,167.580080495554
2025-03-29,104,104,17:10-17:20,0.5722941223470457
2025-03-29,109,110,18:00-18:20,26.838783186697583
2025-03-29,113,113,18:40-18:50,10.754679871411668
2025-03-29,117,117,19:20-19:30,18.87958283984733
2025-03-29,120,125,19:50-20:50,97.30696587050926
2025-03-29,127,128,21:00-21:20,6.955784761152756
2025-03-29,132,138,21:50-23:00,55.37691761415954
2025-03-29,144,144,23:50-24:00,3.750755362547693
2025-03-30,1,3,00:00-00:30,57.32251087643135
2025-03-30,10,14,01:30-02:20,135.0373585734966
2025-03-30,18,19,02:50-03:10,25.658768226082543
2025-03-30,22,26,03:30-04:20,107.49838194217286
2025-03-30,30,34,04:50-05:40,111.37865414528227
2025-03-30,54,55,08:50-09:10,33.915449194443
2025-03-30,60,62,09:50-10:20,104.30779658789697
2025-03-30,71,72,11:40-12:00,46.4223360019173
2025-03-30,85,89,14:00-14:50,454.40278581956306
2025-03-30,96,96,15:50-16:00,2.8513914894816708
2025-03-30,110,112,18:10-18:40,53.150771500949475
2025-03-30,115,116,19:00-19:20,55.44708023894111
2025-03-30,120,120,19:50-20:00,5.006903539939458
2025-03-30,124,124,20:30-20:40,13.210395091459418
2025-03-30,128,128,21:10-21:20,16.910082096328665
2025-03-30,133,134,22:00-22:20,45.09016810106584
2025-03-30,137,138,22:40-23:00,7.735861981839776
2025-03-30,141,144,23:20-24:00,43.23731721279137
2025-03-31,1,6,00:00-01:00,100.3525520134234
2025-03-31,10,12,01:30-02:00,35.706700875115075
2025-03-31,18,19,02:50-03:10,5.488729944729471
2025-03-31,29,30,04:40-05:00,50.74964032485476
2025-03-31,33,36,05:20-06:00,70.48924337318843
2025-03-31,63,64,10:20-10:40,78.61551855977336
2025-03-31,68,92,11:10-15:20,2314.9452863196284
2025-03-31,94,96,15:30-16:00,98.90377532194066
2025-03-31,99,102,16:20-17:00,156.7697415947594
2025-03-31,117,118,19:20-19:40,30.07236075799449
2025-03-31,121,122,20:00-20:20,34.97034016975931
2025-03-31,126,126,20:50-21:00,29.390273062244887
2025-03-31,129,130,21:20-21:40,30.387442235820686
2025-03-31,132,133,21:50-22:10,13.699876832477912
2025-03-31,141,141,23:20-23:30,23.627854980918528
2025-04-01,1,2,00:00-00:20,30.158391064613625
2025-04-01,4,6,00:30-01:00,44.275243861034255
2025-04-01,8,9,01:10-01:30,40.564671390972535
2025-04-01,12,19,01:50-03:10,215.49087991183058
2025-04-01,21,23,03:20-03:50,51.56177425319129
2025-04-01,27,35,04:20-05:50,198.99245257552724
2025-04-01,56,61,09:10-10:10,371.98060957926896
2025-04-01,63,85,10:20-14:10,3728.967787269943
2025-04-01,88,89,14:30-14:50,126.13875305961335
2025-04-01,91,93,15:00-15:30,110.23108609027508
2025-04-01,95,99,15:40-16:30,69.17223135750987
2025-04-01,103,103,17:00-17:10,11.12230789671591
2025-04-01,106,109,17:30-18:10,79.07402648374816
2025-04-01,114,116,18:50-19:20,31.847731888594353
2025-04-01,118,119,19:30-19:50,14.796823591450107
2025-04-01,121,125,20:00-20:50,128.73743791288337
2025-04-01,130,131,21:30-21:50,74.57280579681526
2025-04-01,138,138,22:50-23:00,12.804082116068003
2025-04-01,144,144,23:50-24:00,13.004195946835239
2025-04-02,1,6,00:00-01:00,78.76484778260306
2025-04-02,9,9,01:20-01:30,6.176584419002438
2025-04-02,13,14,02:00-02:20,30.011094308461793
2025-04-02,16,17,02:30-02:50,46.88672554283471
2025-04-02,20,34,03:10-05:40,292.58528006128665
2025-04-02,36,36,05:50-06:00,0.15559009174137373
2025-04-02,43,81,07:00-13:30,4803.887680103588
2025-04-02,84,84,13:50-14:00,15.343817513582735
2025-04-02,87,87,14:20-14:30,19.690267492902876
2025-04-02,108,112,17:50-18:40,45.12403595397924
2025-04-02,117,119,19:20-19:50,83.58918010640502
2025-04-02,122,125,20:10-20:50,101.01705513225431
2025-04-02,130,132,21:30-22:00,13.360080800105152
2025-04-02,139,140,23:00-23:20,49.75015214501889
2025-04-02,142,143,23:30-23:50,29.071307698381474
2025-04-03,1,3,00:00-00:30,36.75898047769488
2025-04-03,5,6,00:40-01:00,18.31444940123697
2025-04-03,9,10,01:20-01:40,21.078611396236283
2025-04-03,12,14,01:50-02:20,73.46724186077097
2025-04-03,16,16,02:30-02:40,2.2951551914725314
2025-04-03,19,20,03:00-03:20,38.52399794709834
2025-04-03,23,27,03:40-04:30,57.60574207132534
2025-04-03,31,33,05:00-05:30,85.30125585133395
2025-04-03,36,36,05:50-06:00,1.434488584024507
2025-04-03,41,43,06:40-07:10,65.4912438958134
2025-04-03,45,56,07:20-09:20,370.08294474648983
2025-04-03,83,88,13:40-14:40,283.43093813941687
2025-04-03,91,95,15:00-15:50,76.29638351380879
2025-04-03,98,99,16:10-16:30,36.65435784125759
2025-04-03,111,111,18:20-18:30,17.288262929332745
2025-04-03,114,117,18:50-19:30,76.25139107401344
2025-04-03,123,124,20:20-20:40,51.23144511119881
2025-04-03,127,128,21:00-21:20,16.68556598236603
2025-04-03,133,133,22:00-22:10,2.461817041716131
2025-04-03,137,139,22:40-23:10,30.117899217002673
2025-04-03,141,143,23:20-23:50,99.11614492038427
2025-04-04,2,3,00:10-00:30,43.91326556125813
2025-04-04,6,6,00:50-01:00,16.851026450848792
2025-04-04,9,10,01:20-01:40,31.319934721673917
2025-04-04,14,16,02:10-02:40,52.31039311093559
2025-04-04,22,29,03:30-04:50,168.40757812588146
2025-04-04,32,33,05:10-05:30,11.787803027654093
2025-04-04,40,42,06:30-07:00,76.583798143553
2025-04-04,110,114,18:10-19:00,40.17189222548103
2025-04-04,120,122,19:50-20:20,76.89195038726905
2025-04-04,125,126,20:40-21:00,25.51736485721807
2025-04-04,129,129,21:20-21:30,3.9365298065534944
2025-04-04,132,132,21:50-22:00,16.055813922884454
2025-04-04,136,139,22:30-23:10,47.3736793393868
2025-04-05,3,4,00:20-00:40,46.58612071983157
2025-04-05,7,11,01:00-01:50,109.69135540860663
2025-04-05,13,15,02:00-02:30,56.84430167785234
2025-04-05,19,20,03:00-03:20,15.190203862350302
2025-04-05,22,29,03:30-04:50,114.84786588930882
2025-04-05,33,34,05:20-05:40,17.159882195025716
2025-04-05,80,83,13:10-13:50,343.96433305322194
2025-04-05,86,96,14:10-16:00,1043.0488809740007
2025-04-05,104,108,17:10-18:00,75.18409104393439
2025-04-05,113,113,18:40-18:50,6.630935906040293
2025-04-05,117,119,19:20-19:50,68.37732921249045
2025-04-05,123,127,20:20-21:10,62.721471193578225
2025-04-05,131,133,21:40-22:10,41.509427214107006
2025-04-05,137,137,22:40-22:50,5.077773397815463
2025-04-05,139,142,23:00-23:40,79.0492513620215
2025-04-06,7,13,01:00-02:10,55.48126157389186
2025-04-06,16,17,02:30-02:50,31.71889325569157
2025-04-06,19,20,03:00-03:20,12.525428372154124
2025-04-06,24,24,03:50-04:00,8.056892354257116
2025-04-06,26,31,04:10-05:10,127.14937409245627
2025-04-06,34,34,05:30-05:40,6.343778753783454
2025-04-06,41,42,06:40-07:00,19.977057361870948
2025-04-06,45,48,07:20-08:00,108.9231557714366
2025-04-06,53,53,08:40-08:50,3.0616233931158376
2025-04-06,89,96,14:40-16:00,172.12823191679422
2025-04-06,105,105,17:20-17:30,1.467825888744784
2025-04-06,114,115,18:50-19:10,51.29629046491084
2025-04-06,117,123,19:20-20:30,101.7944216146858
2025-04-06,125,126,20:40-21:00,23.3652773522831
2025-04-06,129,131,21:20-21:50,50.16156193578104
2025-04-06,139,142,23:00-23:40,37.05387448348472
2025-04-07,3,3,00:20-00:30,0.8007895775760971
2025-04-07,7,8,01:00-01:20,65.06922273325449
2025-04-07,11,11,01:40-01:50,0.328441117252396
2025-04-07,15,28,02:20-04:40,246.8031553775875
2025-04-07,31,32,05:00-05:20,25.56049913052468
2025-04-07,72,81,11:50-13:30,556.0036633739394
2025-04-07,84,91,13:50-15:10,213.55299464967197
2025-04-07,110,111,18:10-18:30,14.774661086985247
2025-04-07,113,114,18:40-19:00,15.739587064087459
2025-04-07,118,118,19:30-19:40,2.635703879269954
2025-04-07,121,122,20:00-20:20,45.37160174741052
2025-04-07,127,127,21:00-21:10,32.035562198973594
2025-04-07,130,131,21:30-21:50,40.13345918541927
2025-04-07,133,141,22:00-23:30,151.74366446900933
2025-04-07,144,144,23:50-24:00,9.28536583761013
2025-04-08,1,2,00:00-00:20,25.032023759705226
2025-04-08,6,6,00:50-01:00,8.704096591656821
2025-04-08,11,12,01:40-02:00,24.35696772601659
2025-04-08,16,16,02:30-02:40,10.224848058955104
2025-04-08,20,21,03:10-03:30,17.27978531385702
2025-04-08,27,28,04:20-04:40,47.808773239900006
2025-04-08,31,31,05:00-05:10,4.231304408474898
2025-04-08,35,36,05:40-06:00,8.773139620814817
2025-04-08,38,41,06:10-06:50,155.66838211794777
2025-04-08,43,47,07:00-07:50,104.41259227529969
2025-04-08,49,53,08:00-08:50,185.66125895324546
2025-04-08,57,58,09:20-09:40,56.92212941834464
2025-04-08,63,63,10:20-10:30,37.66435604778849
2025-04-08,85,86,14:00-14:20,57.99564357622262
2025-04-08,93,97,15:20-16:10,67.2992607899547
2025-04-08,100,106,16:30-17:40,223.01866725415007
2025-04-08,108,114,17:50-19:00,105.85091791589137
2025-04-08,119,120,19:40-20:00,54.15117257533905
2025-04-08,123,125,20:20-20:50,37.43858334649292
2025-04-08,127,129,21:00-21:30,51.65279516383714
2025-04-08,133,144,22:00-24:00,183.2310577378604
2025-04-09,1,4,00:00-00:40,44.0282829253847
2025-04-09,7,9,01:00-01:30,53.89888927490472
2025-04-09,12,12,01:50-02:00,5.074985524411204
2025-04-09,15,18,02:20-03:00,33.32753729438116
2025-04-09,23,29,03:40-04:50,99.84743976463044
2025-04-09,39,39,06:20-06:30,0.9735572114751676
2025-04-09,41,45,06:40-07:30,89.00444692064758
2025-04-09,47,48,07:40-08:00,56.2361831594385
2025-04-09,55,59,09:00-09:50,130.06491020905116
2025-04-09,62,99,10:10-16:30,3888.990475686654
2025-04-09,109,111,18:00-18:30,46.81699435452043
2025-04-09,115,116,19:00-19:20,14.812532558795397
2025-04-09,121,122,20:00-20:20,19.04114445415746
2025-04-09,124,126,20:30-21:00,48.97011974601901
2025-04-09,132,132,21:50-22:00,44.51914791419904
2025-04-09,135,137,22:20-22:50,89.85902668772212
2025-04-09,140,144,23:10-24:00,61.56556557441786
2025-04-10,4,6,00:30-01:00,63.30223582708254
2025-04-10,9,11,01:20-01:50,42.580598045795455
2025-04-10,19,23,03:00-03:50,82.78002626191414
2025-04-10,26,33,04:10-05:30,63.10097613125757
2025-04-10,37,37,06:00-06:10,1.0381012144455326
2025-04-10,40,41,06:30-06:50,14.250278362754557
2025-04-10,43,44,07:00-07:20,32.99594354426324
2025-04-10,55,64,09:00-10:40,794.250716404416
2025-04-10,78,82,12:50-13:40,79.55432963453791
2025-04-10,86,88,14:10-14:40,52.46564845844398
2025-04-10,90,90,14:50-15:00,4.965328685165218
2025-04-10,96,100,15:50-16:40,294.9453653939432
2025-04-10,102,104,16:50-17:20,41.300707676761846
2025-04-10,108,110,17:50-18:20,51.23397886658024
2025-04-10,112,112,18:30-18:40,7.58347977177446
2025-04-10,115,117,19:00-19:30,52.99147212791149
2025-04-10,120,121,19:50-20:10,5.077758183407809
2025-04-10,124,126,20:30-21:00,35.03043626135013
2025-04-10,130,135,21:30-22:30,104.32076065271758
2025-04-10,140,141,23:10-23:30,24.939250157915694
2025-04-11,1,4,00:00-00:40,21.872739459139268
2025-04-11,7,9,01:00-01:30,104.940055566522
2025-04-11,20,27,03:10-04:30,121.7672045062321
2025-04-11,30,39,04:50-06:30,171.89967714078955
2025-04-11,100,100,16:30-16:40,0.3840460558719201
2025-04-11,105,105,17:20-17:30,4.317604313537515
2025-04-11,108,109,17:50-18:10,4.829036155133338
2025-04-11,112,118,18:30-19:40,209.94565464252872
2025-04-11,128,129,21:10-21:30,17.219738787998438
2025-04-11,132,136,21:50-22:40,141.15486088301122
2025-04-11,139,140,23:00-23:20,70.95889039347287
2025-04-11,142,144,23:30-24:00,20.874375227003668
2025-04-12,3,5,00:20-00:50,51.112485873141225
2025-04-12,11,11,01:40-01:50,13.975302368732741
2025-04-12,16,16,02:30-02:40,1.7823140676405274
2025-04-12,19,23,03:00-03:50,88.36620613614582
2025-04-12,32,33,05:10-05:30,18.014104424454274
2025-04-12,76,77,12:30-12:50,118.09209493730395
2025-04-12,79,85,13:00-14:10,423.24547815877986
2025-04-12,88,90,14:30-15:00,86.20430634482
2025-04-12,100,101,16:30-16:50,65.52792306130516
2025-04-12,107,108,17:40-18:00,80.12668742409716
2025-04-12,118,123,19:30-20:30,48.81713895719355
2025-04-12,133,133,22:00-22:10,7.289010902750306
2025-04-12,136,140,22:30-23:20,62.3458964863799
2025-04-12,144,144,23:50-24:00,6.383364258455117
2025-04-13,1,3,00:00-00:30,18.008993703118676
2025-04-13,5,6,00:40-01:00,14.721596367943562
2025-04-13,9,10,01:20-01:40,8.863195486248287
2025-04-13,15,16,02:20-02:40,70.9837400447426
2025-04-13,20,20,03:10-03:20,3.338919226214216
2025-04-13,28,28,04:30-04:40,6.042804608689195
2025-04-13,31,32,05:00-05:20,46.705558657154285
2025-04-13,36,37,05:50-06:10,15.146339904686783
2025-04-13,39,43,06:20-07:10,113.5694721335517
2025-04-13,49,50,08:00-08:20,10.30564851202223
2025-04-13,54,65,08:50-10:50,510.5529775712986
2025-04-13,68,71,11:10-11:50,199.54935432669708
2025-04-13,74,82,12:10-13:40,407.930900883576
2025-04-13,97,108,16:00-18:00,237.32798070704882
2025-04-13,112,112,18:30-18:40,7.5856001409958935
2025-04-13,116,117,19:10-19:30,57.68574678247137
2025-04-13,120,121,19:50-20:10,27.485012352189187
2025-04-13,124,128,20:30-21:20,136.5785635741546
2025-04-13,131,132,21:40-22:00,23.824410323726738
2025-04-13,135,138,22:20-23:00,53.550034965127224
2025-04-14,3,5,00:20-00:50,102.19876581787071
2025-04-14,7,10,01:00-01:40,65.49179711804209
2025-04-14,13,19,02:00-03:10,125.82834996710108
2025-04-14,22,26,03:30-04:20,46.48751280055667
2025-04-14,28,31,04:30-05:10,90.32791782377394
2025-04-14,35,37,05:40-06:10,45.299760794653444
2025-04-14,41,46,06:40-07:40,112.47090409076344
2025-04-14,55,56,09:00-09:20,22.68947930272782
2025-04-14,60,60,09:50-10:00,3.496455854153737
2025-04-14,63,65,10:20-10:50,111.14220930479564
2025-04-14,69,70,11:20-11:40,2.590646024852731
2025-04-14,73,75,12:00-12:30,247.70520414528255
2025-04-14,83,83,13:40-13:50,18.11528932096371
2025-04-14,85,86,14:00-14:20,68.75675601394937
2025-04-14,112,113,18:30-18:50,87.24059389581373
2025-04-14,115,116,19:00-19:20,44.41967046415891
2025-04-14,118,120,19:30-20:00,55.4754172776494
2025-04-14,123,125,20:20-20:50,58.69236994999369
2025-04-14,128,131,21:10-21:50,44.93965148045834
2025-04-14,134,135,22:10-22:30,19.4494413475461
2025-04-14,139,140,23:00-23:20,30.66321580471117
2025-04-14,142,143,23:30-23:50,16.336494782208433
2025-04-15,8,10,01:10-01:40,37.28454661797616
2025-04-15,12,12,01:50-02:00,1.1600848795894763
2025-04-15,15,15,02:20-02:30,23.016927885248037
2025-04-15,19,20,03:00-03:20,16.941581583103016
2025-04-15,24,24,03:50-04:00,14.639772996446936
2025-04-15,33,33,05:20-05:30,7.735426371891094
2025-04-15,47,47,07:40-07:50,11.639741068373723
2025-04-15,78,95,12:50-15:50,1023.4079125072855
2025-04-15,97,97,16:00-16:10,2.899302627225552
2025-04-15,102,102,16:50-17:00,2.8955964600606308
2025-04-15,115,120,19:00-20:00,105.2375003506105
2025-04-15,124,127,20:30-21:10,63.0334563429401
2025-04-15,130,132,21:30-22:00,67.6643319713121
2025-04-15,138,138,22:50-23:00,13.97052441110668
2025-04-15,142,142,23:30-23:40,3.691620627714201
2025-04-16,2,2,00:10-00:20,2.921486162653082
2025-04-16,4,7,00:30-01:10,86.9076711672592
2025-04-16,9,12,01:20-02:00,98.1922615738913
2025-04-16,15,16,02:20-02:40,35.072489347282726
2025-04-16,23,25,03:40-04:10,59.71915753106596
2025-04-16,30,32,04:50-05:20,37.22323685635338
2025-04-16,43,44,07:00-07:20,55.110795145038026
2025-04-16,46,47,07:30-07:50,47.90846980805759
2025-04-16,50,54,08:10-09:00,158.52853694659086
2025-04-16,58,64,09:30-10:40,662.4547937801958
2025-04-16,66,77,10:50-12:50,1048.5108438281356
2025-04-16,81,95,13:20-15:50,504.40274717538114
2025-04-16,97,98,16:00-16:20,37.169728780102446
2025-04-16,112,118,18:30-19:40,94.45557707311139
2025-04-16,126,128,20:50-21:20,65.06999756546941
2025-04-16,130,131,21:30-21:50,28.08810642847743
2025-04-16,134,134,22:10-22:20,5.0877455783655705
2025-04-16,137,139,22:40-23:10,69.65140457954988
2025-04-16,141,144,23:20-24:00,57.74327772733284
2025-04-17,1,1,00:00-00:10,2.665319252533209
2025-04-17,5,8,00:40-01:20,48.81604901302819
2025-04-17,10,11,01:30-01:50,13.408312745097987
2025-04-17,14,15,02:10-02:30,8.462829635478442
2025-04-17,18,18,02:50-03:00,28.27895183576777
2025-04-17,21,21,03:20-03:30,9.167617449664476
2025-04-17,24,24,03:50-04:00,26.161317278589422
2025-04-17,34,34,05:30-05:40,10.259888300152443
2025-04-17,43,46,07:00-07:40,55.0981952691148
2025-04-17,49,52,08:00-08:40,124.47302505592859
2025-04-17,63,67,10:20-11:10,306.0982844613011
2025-04-17,77,89,12:40-14:50,641.088759637547
2025-04-17,96,101,15:50-16:50,94.35208513244169
2025-04-17,103,104,17:00-17:20,25.336068890643787
2025-04-17,108,110,17:50-18:20,27.012660861391517
2025-04-17,117,124,19:20-20:40,86.34287105822204
2025-04-17,128,129,21:10-21:30,29.986223805764098
2025-04-17,137,138,22:40-23:00,33.844717528622255
2025-04-18,1,5,00:00-00:50,38.8798231543625
2025-04-18,7,7,01:00-01:10,8.455585109882918
2025-04-18,11,18,01:40-03:00,215.0206056849587
2025-04-18,21,22,03:20-03:40,19.23951214821512
2025-04-18,25,30,04:00-05:00,41.554437094166815
2025-04-18,77,79,12:40-13:10,50.974136719117496
2025-04-18,87,95,14:20-15:50,406.31412649784795
2025-04-18,110,113,18:10-18:50,71.62134001372368
2025-04-18,122,122,20:10-20:20,0.7568420976444372
2025-04-18,124,125,20:30-20:50,32.14994532175285
2025-04-18,130,132,21:30-22:00,36.590644255823065
2025-04-18,139,140,23:00-23:20,36.29137815502048
2025-04-19,1,2,00:00-00:20,57.58600684300569
2025-04-19,6,6,00:50-01:00,11.990123042505616
2025-04-19,12,15,01:50-02:30,128.45679284774315
2025-04-19,19,19,03:00-03:10,1.6786542045005604
2025-04-19,22,26,03:30-04:20,46.24996445960951
2025-04-19,33,34,05:20-05:40,11.56245809223024
2025-04-19,39,39,06:20-06:30,2.141013784708548
2025-04-19,42,45,06:50-07:30,48.19042337713603
2025-04-19,77,77,12:40-12:50,16.969972335645707
2025-04-19,94,96,15:30-16:00,53.27271401688199
2025-04-19,111,111,18:20-18:30,1.9331102776681064
2025-04-19,113,116,18:40-19:20,101.17686385426651
2025-04-19,122,122,20:10-20:20,0.17123861786325278
2025-04-19,129,129,21:20-21:30,6.099277536518002
2025-04-19,133,135,22:00-22:30,95.8005130806684
2025-04-19,143,144,23:40-24:00,22.626313830767174
2025-04-20,4,5,00:30-00:50,28.899096808790773
2025-04-20,7,9,01:00-01:30,29.701554395315043
2025-04-20,13,15,02:00-02:30,36.44919097249658
2025-04-20,18,18,02:50-03:00,10.80021515988949
2025-04-20,22,25,03:30-04:10,57.93405236121298
2025-04-20,29,30,04:40-05:00,61.83741896302149
2025-04-20,33,34,05:20-05:40,34.257598097493926
2025-04-20,39,39,06:20-06:30,12.010429943789632
2025-04-20,46,58,07:30-09:40,679.0006604966828
2025-04-20,73,78,12:00-13:00,206.62752234880554
2025-04-20,84,87,13:50-14:30,343.0034611960218
2025-04-20,96,96,15:50-16:00,1.00356120636161
2025-04-20,98,101,16:10-16:50,109.85605330400631
2025-04-20,103,104,17:00-17:20,29.5622852489995
2025-04-20,107,108,17:40-18:00,15.996202531348288
2025-04-20,111,111,18:20-18:30,5.133214238715709
2025-04-20,129,129,21:20-21:30,8.95677589156469
2025-04-20,133,134,22:00-22:20,20.89260382287148
2025-04-20,139,140,23:00-23:20,42.655718548493155
2025-04-20,143,144,23:40-24:00,46.11423424792736
2025-04-21,1,1,00:00-00:10,12.949699473615055
2025-04-21,3,6,00:20-01:00,64.91863016186369
2025-04-21,8,10,01:10-01:40,42.89612079220933
2025-04-21,16,17,02:30-02:50,25.85325025003283
2025-04-21,19,22,03:00-03:40,102.44974181941225
2025-04-21,25,34,04:00-05:40,175.5802390276919
2025-04-21,38,39,06:10-06:30,40.085236705017564
2025-04-21,49,50,08:00-08:20,15.244212472505865
2025-04-21,58,63,09:30-10:30,96.03164273964626
2025-04-21,68,69,11:10-11:30,93.68006299231183
2025-04-21,94,94,15:30-15:40,0.14196508375164285
2025-04-21,108,109,17:50-18:10,29.737390890718864
2025-04-21,113,115,18:40-19:10,36.277968963961484
2025-04-21,121,125,20:00-20:50,114.83094774500398
2025-04-21,127,129,21:00-21:30,66.66217591788404
2025-04-21,133,134,22:00-22:20,17.762613784708492
2025-04-21,136,139,22:30-23:10,128.0498644755885
2025-04-21,143,143,23:40-23:50,1.874494308461749
2025-04-22,3,8,00:20-01:20,77.1606283918934
2025-04-22,10,11,01:30-01:50,19.08418470851427
2025-04-22,13,14,02:00-02:20,26.312354711146213
2025-04-22,17,18,02:40-03:00,25.364820114488793
2025-04-22,21,24,03:20-04:00,90.49624909668572
2025-04-22,26,27,04:10-04:30,40.29532557573384
2025-04-22,30,31,04:50-05:10,76.93135084597611
2025-04-22,36,36,05:50-06:00,0.0430576391630666
2025-04-22,42,47,06:50-07:50,122.14459913146544
2025-04-22,55,55,09:00-09:10,2.904582465738258
2025-04-22,62,65,10:10-10:50,39.68674291730099
2025-04-22,70,78,11:30-13:00,855.25881513733
2025-04-22,81,94,13:20-15:40,740.6649853683764
2025-04-22,111,112,18:20-18:40,47.51063244505883
2025-04-22,115,115,19:00-19:10,1.565970798789408
2025-04-22,119,119,19:40-19:50,3.62392364972834
2025-04-22,128,131,21:10-21:50,99.53127624687465
2025-04-22,133,136,22:00-22:40,52.44659827608916
2025-04-22,139,140,23:00-23:20,32.82491399526259
2025-04-22,143,144,23:40-24:00,67.14224235425718
2025-04-23,1,7,00:00-01:10,202.43585521121247
2025-04-23,11,14,01:40-02:20,60.388002184497964
2025-04-23,18,23,02:50-03:50,48.0509093875138
2025-04-23,25,26,04:00-04:20,18.205417315248347
2025-04-23,30,32,04:50-05:20,40.31458759235238
2025-04-23,34,35,05:30-05:50,50.96049029477564
2025-04-23,44,45,07:10-07:30,72.83118296862386
2025-04-23,48,48,07:50-08:00,6.242473210761091
2025-04-23,52,53,08:30-08:50,27.262921134359885
2025-04-23,68,88,11:10-14:40,1351.5898800650482
2025-04-23,90,90,14:50-15:00,7.950926813678393
2025-04-23,111,112,18:20-18:40,44.856705869193505
2025-04-23,120,121,19:50-20:10,52.233579846032285
2025-04-23,127,131,21:00-21:50,89.66203637978708
2025-04-23,137,139,22:40-23:10,23.614354790104244
2025-04-23,144,144,23:50-24:00,12.950444795367844
2025-04-24,1,1,00:00-00:10,26.461725931043475
2025-04-24,4,5,00:30-00:50,30.29854056454792
2025-04-24,7,8,01:00-01:20,34.77449209764461
2025-04-24,11,15,01:40-02:30,56.52265954072914
2025-04-24,18,18,02:50-03:00,4.5521844979602974
2025-04-24,21,22,03:20-03:40,26.181679273588625
2025-04-24,26,26,04:10-04:20,2.176340156599508
2025-04-24,33,35,05:20-05:50,29.912078821461613
2025-04-24,37,39,06:00-06:30,44.926995945895214
2025-04-24,61,61,10:00-10:10,36.28856996597301
2025-04-24,65,65,10:40-10:50,10.211272911849164
2025-04-24,67,69,11:00-11:30,61.68600120504607
2025-04-24,72,72,11:50-12:00,26.93786830504041
2025-04-24,103,104,17:00-17:20,11.80674717068041
2025-04-24,106,107,17:30-17:50,30.22253494256765
2025-04-24,110,114,18:10-19:00,79.08848856710523
2025-04-24,117,118,19:20-19:40,25.591713725490308
2025-04-24,123,124,20:20-20:40,28.895442867482416
2025-04-24,127,131,21:00-21:50,86.6151256020529
2025-04-24,135,135,22:20-22:30,1.140659955257206
2025-04-24,141,141,23:20-23:30,4.174967100934509
2025-04-24,144,144,23:50-24:00,25.785220423739986
2025-04-25,1,1,00:00-00:10,8.79953620213189
2025-04-25,4,5,00:30-00:50,65.87746079089345
2025-04-25,9,9,01:20-01:30,12.380552046321952
2025-04-25,14,14,02:10-02:20,3.2451776878536975
2025-04-25,25,26,04:00-04:20,46.46779048371028
2025-04-25,30,30,04:50-05:00,13.122122647716878
2025-04-25,33,33,05:20-05:30,2.419650071438002
2025-04-25,40,40,06:30-06:40,2.864627763991507
2025-04-25,78,81,12:50-13:30,258.4155385512138
2025-04-25,112,114,18:30-19:00,47.781458640234575
2025-04-25,116,117,19:10-19:30,20.359996774011677
2025-04-25,120,124,19:50-20:40,83.56292043219992
2025-04-25,126,126,20:50-21:00,16.97382352941179
2025-04-25,130,131,21:30-21:50,37.461677806290254
2025-04-25,133,134,22:00-22:20,25.56666428477422
2025-04-25,137,138,22:40-23:00,62.515786939070836
2025-04-25,142,143,23:30-23:50,63.477777352283226
2025-04-26,2,8,00:10-01:20,113.8245607448348
2025-04-26,11,12,01:40-02:00,23.11190774444009
2025-04-26,16,17,02:30-02:50,49.035630471114644
2025-04-26,20,21,03:10-03:30,15.681168653770271
2025-04-26,27,27,04:20-04:30,41.847841163311045
2025-04-26,30,32,04:50-05:20,51.759751637433574
2025-04-26,35,37,05:40-06:10,45.825644739909535
2025-04-26,79,81,13:00-13:30,132.7062311065365
2025-04-26,84,104,13:50-17:20,859.0905254826814
2025-04-26,106,106,17:30-17:40,10.803693502904537
2025-04-26,111,119,18:20-19:50,169.84092776399177
2025-04-26,121,122,20:00-20:20,14.314001697591777
2025-04-26,125,126,20:40-21:00,43.51150685616534
2025-04-26,131,132,21:40-22:00,23.185099638110273
2025-04-26,135,139,22:20-23:10,100.05711204105842
2025-04-26,141,143,23:20-23:50,38.41692797736545
2025-04-27,2,5,00:10-00:50,135.31388419528935
2025-04-27,7,8,01:00-01:20,26.968806954862544
2025-04-27,14,14,02:10-02:20,0.6512865179629443
2025-04-27,17,17,02:40-02:50,1.4305771548888515
2025-04-27,21,24,03:20-04:00,117.79582632771235
2025-04-27,36,36,05:50-06:00,12.550361983719654
2025-04-27,39,39,06:20-06:30,23.398025398078744
2025-04-27,43,47,07:00-07:50,160.04496572857403
2025-04-27,49,51,08:00-08:30,198.9929257768879
2025-04-27,53,55,08:40-09:10,63.20065751038692
2025-04-27,65,65,10:40-10:50,38.73963999304374
2025-04-27,78,80,12:50-13:20,88.47963270825107
2025-04-27,82,83,13:30-13:50,68.75790958490757
2025-04-27,88,105,14:30-17:30,1093.2769322138272
2025-04-27,108,109,17:50-18:10,61.92756125994032
2025-04-27,112,113,18:30-18:50,31.635178059143108
2025-04-27,118,122,19:30-20:20,79.01859310059615
2025-04-27,127,130,21:00-21:40,34.8960767074617
2025-04-27,134,135,22:10-22:30,23.345003987366795
2025-04-27,138,140,22:50-23:20,67.81518817607594
2025-04-27,144,144,23:50-24:00,40.365751414659826
2025-04-28,1,8,00:00-01:20,111.93624774312434
2025-04-28,11,12,01:40-02:00,104.06703594551925
2025-04-28,15,15,02:20-02:30,2.2745025661271256
2025-04-28,18,18,02:50-03:00,15.029833530727842
2025-04-28,21,21,03:20-03:30,15.690130280300082
2025-04-28,24,24,03:50-04:00,11.481732464798029
2025-04-28,27,28,04:20-04:40,28.538271691764066
2025-04-28,36,36,05:50-06:00,5.322495065140288
2025-04-28,42,42,06:50-07:00,0.2518927537458353
2025-04-28,48,48,07:50-08:00,14.93768237832046
2025-04-28,50,103,08:10-17:10,8219.688801566937
2025-04-28,105,108,17:20-18:00,56.70834620062821
2025-04-28,111,111,18:20-18:30,13.421072110052092
2025-04-28,114,115,18:50-19:10,23.289947591788405
2025-04-28,119,119,19:40-19:50,1.3616802182617675
2025-04-28,125,127,20:40-21:10,86.46533894591403
2025-04-28,129,134,21:20-22:20,54.87058770232943
2025-04-28,141,141,23:20-23:30,7.646411369917132
2025-04-28,144,144,23:50-24:00,18.758828135280964
2025-04-29,3,4,00:20-00:40,27.886413764969575
2025-04-29,7,8,01:00-01:20,19.82224022897742
2025-04-29,13,13,02:00-02:10,4.549158441900431
2025-04-29,16,17,02:30-02:50,13.340071167258884
2025-04-29,23,25,03:40-04:10,40.894616910119865
2025-04-29,27,29,04:20-04:50,15.690073387475778
2025-04-29,69,72,11:20-12:00,93.75674677495158
2025-04-29,76,76,12:30-12:40,7.687658101630177
2025-04-29,88,103,14:30-17:10,1079.732131537985
2025-04-29,109,110,18:00-18:20,17.201491416163805
2025-04-29,112,113,18:30-18:50,17.167311252420717
2025-04-29,115,116,19:00-19:20,18.30420562574045
2025-04-29,120,124,19:50-20:40,81.44285868441386
2025-04-29,135,136,22:20-22:40,29.47154765100686
2025-04-29,142,142,23:30-23:40,19.343381247532534
2025-04-30,2,2,00:10-00:20,3.0716798657717845
2025-04-30,8,10,01:10-01:40,34.230044769048504
2025-04-30,14,17,02:10-02:50,122.78859315041461
2025-04-30,23,23,03:40-03:50,4.884989979884517
2025-04-30,28,28,04:30-04:40,3.5691366862182576
2025-04-30,37,38,06:00-06:20,20.55517336679634
2025-04-30,41,44,06:40-07:20,89.22272549395598
2025-04-30,61,79,10:00-13:10,2021.0869061615276
2025-04-30,115,122,19:00-20:20,106.66614041133278
2025-04-30,125,129,20:40-21:30,123.95954765758643
2025-04-30,133,134,22:00-22:20,27.732086517963126
2025-04-30,142,144,23:30-24:00,93.49169676273209
2025-05-01,1,4,00:00-00:40,75.45278612975426
2025-05-01,7,7,01:00-01:10,0.03851102118710514
2025-05-01,14,16,02:10-02:40,39.337552895117824
2025-05-01,19,25,03:00-04:10,137.5521731665818
2025-05-01,27,28,04:20-04:40,65.44585631004088
2025-05-01,32,32,05:10-05:20,20.90392687571677
2025-05-01,38,57,06:10-09:30,833.072857188916
2025-05-01,80,82,13:10-13:40,68.26808431560539
2025-05-01,89,90,14:40-15:00,89.91328484481085
2025-05-01,93,93,15:20-15:30,49.093087271821446
2025-05-01,96,144,15:50-24:00,3105.266125977105
2025-05-02,1,3,00:00-00:30,36.08769531517328
2025-05-02,9,11,01:20-01:50,56.329338195815126
2025-05-02,13,14,02:00-02:20,9.729791433083335
2025-05-02,17,18,02:40-03:00,27.972023687327294
2025-05-02,22,23,03:30-03:50,23.09800781963795
2025-05-02,27,33,04:20-05:30,113.05407020660603
2025-05-02,36,45,05:50-07:30,343.7538146974226
2025-05-02,78,144,12:50-24:00,6175.103171250919
2025-05-03,1,1,00:00-00:10,7.476072483221458
2025-05-03,4,4,00:30-00:40,18.02620586261355
2025-05-03,7,12,01:00-02:00,196.72388474141337
2025-05-03,23,27,03:40-04:30,72.95243213674757
2025-05-03,30,31,04:50-05:10,10.392711368037169
2025-05-03,34,35,05:30-05:50,4.8832343926833985
2025-05-03,40,40,06:30-06:40,0.7182522681555383
2025-05-03,43,44,07:00-07:20,97.07041222153293
2025-05-03,77,86,12:40-14:20,551.154134748007
2025-05-03,88,99,14:30-16:30,568.4309939390529
2025-05-03,101,106,16:40-17:40,183.4669202442053
2025-05-03,109,144,18:00-24:00,2146.8157822044263
2025-05-04,1,9,00:00-01:30,274.5770631793656
2025-05-04,11,12,01:40-02:00,36.768451579155226
2025-05-04,17,21,02:40-03:30,88.7510816094225
2025-05-04,25,26,04:00-04:20,53.13901572481342
2025-05-04,31,32,05:00-05:20,42.27542024890474
2025-05-04,34,35,05:30-05:50,21.990738113098004
2025-05-04,66,82,10:50-13:40,1296.7798785413504
2025-05-04,96,96,15:50-16:00,0.7741912234693018
2025-05-04,100,144,16:30-24:00,2535.140459183541
2025-05-05,1,3,00:00-00:30,163.23009246611446
2025-05-05,6,6,00:50-01:00,27.817724042637224
2025-05-05,10,10,01:30-01:40,8.296632484537326
2025-05-05,13,14,02:00-02:20,114.45094344650613
2025-05-05,23,24,03:40-04:00,36.84195537570719
2025-05-05,29,31,04:40-05:10,38.24819312785513
2025-05-05,33,34,05:20-05:40,31.955709169439682
2025-05-05,37,63,06:00-10:30,2121.3666718017416
2025-05-05,66,66,10:50-11:00,2.053459665745322
2025-05-05,77,84,12:40-14:00,646.8897077726397
2025-05-05,99,107,16:20-17:50,666.5180078863766
2025-05-05,109,144,18:00-24:00,2041.1342711306006
2025-05-06,1,9,00:00-01:30,224.17787845111218
2025-05-06,13,16,02:00-02:40,88.75902688511655
2025-05-06,19,21,03:00-03:30,70.61246609422312
2025-05-06,24,29,03:50-04:50,197.93245589927244
2025-05-06,31,33,05:00-05:30,39.563278889139596
2025-05-06,37,38,06:00-06:20,25.695423837722956
2025-05-06,40,41,06:30-06:50,54.46895947587075
2025-05-06,43,52,07:00-08:40,813.4892571061987
2025-05-06,54,62,08:50-10:20,1004.3466618220444
2025-05-06,87,88,14:20-14:40,39.215871886338846
2025-05-06,95,95,15:40-15:50,18.749998510142518
2025-05-06,100,144,16:30-24:00,2707.908690706486
2025-05-07,3,7,00:20-01:10,172.15774530859335
2025-05-07,11,12,01:40-02:00,4.549402223976813
2025-05-07,15,20,02:20-03:20,61.63397156862777
2025-05-07,22,22,03:30-03:40,5.690437603632063
2025-05-07,25,26,04:00-04:20,19.085528679525407
2025-05-07,29,29,04:40-04:50,1.07633378546057
2025-05-07,31,33,05:00-05:30,73.48735462184882
2025-05-07,40,45,06:30-07:30,149.02001582915074
2025-05-07,48,48,07:50-08:00,6.7684706399338666
2025-05-07,50,57,08:10-09:30,358.07582875942376
2025-05-07,60,64,09:50-10:40,185.47778487770915
2025-05-07,66,68,10:50-11:20,150.89421859643244
2025-05-07,84,141,13:50-23:30,3986.9714728009353
2025-05-07,143,144,23:40-24:00,34.117110685616694
2025-05-08,1,4,00:00-00:40,132.4509864455854
2025-05-08,6,9,00:50-01:30,30.763760343466288
2025-05-08,15,17,02:20-02:50,44.375839649953946
2025-05-08,19,20,03:00-03:20,24.48518462955655
2025-05-08,30,32,04:50-05:20,136.04590641343796
2025-05-08,53,53,08:40-08:50,18.316077358863026
2025-05-08,55,58,09:00-09:40,125.75416548136036
2025-05-08,60,97,09:50-16:10,3191.0621041048635
2025-05-08,107,108,17:40-18:00,97.90300418852092
2025-05-08,112,140,18:30-23:20,1255.7758712490374
2025-05-08,142,144,23:30-24:00,131.79554320305323
2025-05-09,1,2,00:00-00:20,31.499141788393217
2025-05-09,4,8,00:30-01:20,186.42785670482954
2025-05-09,10,12,01:30-02:00,31.240821956836555
2025-05-09,15,20,02:20-03:20,108.69556937378995
2025-05-09,24,24,03:50-04:00,5.178853796552289
2025-05-09,40,40,06:30-06:40,2.7878149963340775
2025-05-09,43,45,07:00-07:30,84.19470990167866
2025-05-09,85,87,14:00-14:30,42.97844238715629
2025-05-09,95,97,15:40-16:10,148.80880203598235
2025-05-09,99,99,16:20-16:30,0.2493292115505028
2025-05-09,102,106,16:50-17:40,226.4445056642793
2025-05-09,109,110,18:00-18:20,69.83128266595236
2025-05-09,112,134,18:30-22:20,941.0542559302919
2025-05-09,137,140,22:40-23:20,35.13789107777359
2025-05-10,4,4,00:30-00:40,11.417266350835575
2025-05-10,8,8,01:10-01:20,2.1342281287011247
2025-05-10,12,12,01:50-02:00,11.630831688380113
2025-05-10,15,16,02:20-02:40,28.96746394920376
2025-05-10,18,21,02:50-03:30,70.70143726054181
2025-05-10,24,26,03:50-04:20,60.26486344913832
2025-05-10,29,30,04:40-05:00,10.214698844772897
2025-05-10,33,34,05:20-05:40,45.696921118380196
2025-05-10,46,47,07:30-07:50,25.894133333333343
2025-05-10,77,89,12:40-14:50,1353.4519637668486
2025-05-10,91,102,15:00-17:00,700.4909693192722
2025-05-10,108,114,17:50-19:00,240.39040122948535
2025-05-10,116,141,19:10-23:30,1256.5805090904817
2025-05-10,144,144,23:50-24:00,7.259599289380276
2025-05-11,1,1,00:00-00:10,0.9324358599815241
2025-05-11,5,17,00:40-02:50,285.5160083168839
2025-05-11,20,21,03:10-03:30,28.909978482131244
2025-05-11,24,25,03:50-04:10,31.711761284379577
2025-05-11,27,32,04:20-05:20,116.62277517248542
2025-05-11,57,75,09:20-12:30,1471.124641541182
2025-05-11,81,96,13:20-16:00,996.1408074953482
2025-05-11,103,104,17:00-17:20,35.06953467279516
2025-05-11,106,107,17:30-17:50,67.9112725114208
2025-05-11,109,132,18:00-22:00,1174.5569604318232
2025-05-11,134,136,22:10-22:40,95.40617393077991
2025-05-11,138,144,22:50-24:00,321.4611052112124
2025-05-12,5,11,00:40-01:50,143.23810602710898
2025-05-12,15,20,02:20-03:20,118.22281202413862
2025-05-12,25,27,04:00-04:30,32.87860601394945
2025-05-12,36,36,05:50-06:00,4.330079897731025
2025-05-12,67,82,11:00-13:40,1689.9361017643296
2025-05-12,96,112,15:50-18:40,745.6499902947775
2025-05-12,114,119,18:50-19:50,326.17359699490555
2025-05-12,121,127,20:00-21:10,256.04063073430757
2025-05-12,130,135,21:30-22:30,173.21217258849902
2025-05-12,138,139,22:50-23:10,65.0546014080802
2025-05-12,141,142,23:20-23:40,14.517396019213038
2025-05-13,6,7,00:50-01:10,59.55006185682339
2025-05-13,11,12,01:40-02:00,20.414749249901547
2025-05-13,16,17,02:30-02:50,4.7215812212133415
2025-05-13,26,27,04:10-04:30,42.06294982234507
2025-05-13,30,30,04:50-05:00,7.094340702724253
2025-05-13,35,36,05:40-06:00,38.00942305096544
2025-05-13,43,44,07:00-07:20,48.79465136014136
2025-05-13,50,52,08:10-08:40,69.18129406782919
2025-05-13,61,65,10:00-10:50,202.62391458462594
2025-05-13,70,73,11:30-12:10,356.07052830635644
2025-05-13,78,79,12:50-13:10,58.99744858063991
2025-05-13,83,84,13:40-14:00,10.860086573421313
2025-05-13,87,87,14:20-14:30,19.77196376872871
2025-05-13,97,100,16:00-16:40,95.85770703194089
2025-05-13,105,108,17:20-18:00,86.66507715206936
2025-05-13,111,111,18:20-18:30,6.096513639012848
2025-05-13,113,131,18:40-21:50,820.019539434701
2025-05-13,135,142,22:20-23:40,165.03526629161786
2025-05-14,12,14,01:50-02:20,11.724291044874576
2025-05-14,20,25,03:10-04:10,145.77881642321367
2025-05-14,28,30,04:30-05:00,67.02484908446618
2025-05-14,36,36,05:50-06:00,16.907994966443084
2025-05-14,38,41,06:10-06:50,126.90648407121222
2025-05-14,45,45,07:20-07:30,6.7277696548417225
2025-05-14,62,72,10:10-12:00,330.7011448047688
2025-05-14,80,84,13:10-14:00,141.8185552920504
2025-05-14,98,98,16:10-16:20,2.406163002650942
2025-05-14,103,116,17:00-19:20,627.5301185108946
2025-05-14,119,137,19:40-22:50,698.0120705431174
2025-05-14,139,140,23:00-23:20,74.52909005790218
2025-05-14,142,143,23:30-23:50,74.25775071061992
2025-05-15,9,9,01:20-01:30,3.9019903934727154
2025-05-15,11,13,01:40-02:10,69.8565342413475
2025-05-15,16,19,02:30-03:10,76.4121341031713
2025-05-15,26,29,04:10-04:50,77.93934839640563
2025-05-15,36,37,05:50-06:10,33.91378120147397
2025-05-15,39,39,06:20-06:30,10.148942036546089
2025-05-15,41,47,06:40-07:50,362.4805143364729
2025-05-15,62,63,10:10-10:30,39.76149371063866
2025-05-15,76,78,12:30-13:00,90.03547804504365
2025-05-15,86,102,14:10-17:00,959.8114255522346
2025-05-15,104,106,17:10-17:40,103.0396666347074
2025-05-15,113,115,18:40-19:10,100.02051956178454
2025-05-15,121,122,20:00-20:20,2.5528023574530607
2025-05-15,126,136,20:50-22:40,365.07036007369436
2025-05-15,140,141,23:10-23:30,38.0968876299512
2025-05-15,144,144,23:50-24:00,11.412041058033935
2025-05-16,2,4,00:10-00:40,96.9267574549284
2025-05-16,9,14,01:20-02:20,58.830407343071556
2025-05-16,20,20,03:10-03:20,6.862978393773574
2025-05-16,24,24,03:50-04:00,10.233518226082282
2025-05-16,28,32,04:30-05:20,65.07394173011487
2025-05-16,36,37,05:50-06:10,15.506148699076988
2025-05-16,79,81,13:00-13:30,120.48471254206402
2025-05-16,106,107,17:30-17:50,39.99523216870634
2025-05-16,110,118,18:10-19:40,193.88456817720396
2025-05-16,121,124,20:00-20:40,127.09024712932143
2025-05-16,127,144,21:00-24:00,802.9336309185422
2025-05-17,1,3,00:00-00:30,75.8204851098829
2025-05-17,8,11,01:10-01:50,38.53278606395594
2025-05-17,13,14,02:00-02:20,45.4544758849849
2025-05-17,17,18,02:40-03:00,20.92212121989735
2025-05-17,21,32,03:20-05:20,212.18420997123698
2025-05-17,77,93,12:40-15:30,1736.3504817889575
2025-05-17,97,106,16:00-17:40,386.2271204002409
2025-05-17,109,113,18:00-18:50,228.47909934953856
2025-05-17,116,129,19:10-21:30,494.88881061135856
2025-05-17,132,134,21:50-22:20,80.26225265824479
2025-05-17,136,139,22:30-23:10,162.3316353993947
2025-05-17,141,144,23:20-24:00,93.69608655086233
2025-05-18,1,5,00:00-00:50,60.67211211343647
2025-05-18,9,15,01:20-02:30,193.56231516646972
2025-05-18,17,19,02:40-03:10,54.60156205421765
2025-05-18,22,30,03:30-05:00,157.7252823764406
2025-05-18,33,36,05:20-06:00,43.84301805500712
2025-05-18,39,39,06:20-06:30,8.18413959543534
2025-05-18,41,43,06:40-07:10,68.53922709285087
2025-05-18,45,53,07:20-08:50,818.8071032654673
2025-05-18,56,56,09:10-09:20,2.460657151316809
2025-05-18,66,68,10:50-11:20,88.69689304701797
2025-05-18,70,81,11:30-13:30,1369.593744907226
2025-05-18,85,86,14:00-14:20,67.31168862632285
2025-05-18,90,90,14:50-15:00,1.4365370913463948
2025-05-18,102,102,16:50-17:00,3.705820079709781
2025-05-18,106,111,17:30-18:30,124.58805454571078
2025-05-18,118,120,19:30-20:00,46.05014868685748
2025-05-18,122,124,20:10-20:40,128.75948559960932
2025-05-18,127,136,21:00-22:40,308.73986465982364
2025-05-18,139,140,23:00-23:20,70.45874077510211
2025-05-18,144,144,23:50-24:00,0.6786807474667285
2025-05-19,3,4,00:20-00:40,18.74745249374928
2025-05-19,11,13,01:40-02:10,28.41259298591899
2025-05-19,15,15,02:20-02:30,0.23417094354522305
2025-05-19,19,22,03:00-03:40,27.66685425243938
2025-05-19,28,28,04:30-04:40,1.8176121124960398
2025-05-19,34,35,05:30-05:50,11.84981775139569
2025-05-19,38,39,06:10-06:30,30.769088490027002
2025-05-19,42,42,06:50-07:00,0.07249478314827229
2025-05-19,48,50,07:50-08:20,76.19102444306611
2025-05-19,55,57,09:00-09:30,114.42979125824831
2025-05-19,59,60,09:40-10:00,61.582152693963735
2025-05-19,64,65,10:30-10:50,148.6912155922771
2025-05-19,96,99,15:50-16:30,106.68443371496244
2025-05-19,107,109,17:40-18:10,87.44416747692341
2025-05-19,113,120,18:40-20:00,174.8359499793208
2025-05-19,122,124,20:10-20:40,305.85164994548177
2025-05-19,128,130,21:10-21:40,166.92817316094238
2025-05-19,132,136,21:50-22:40,77.46605167127234
2025-05-19,139,144,23:00-24:00,147.32298308330041
2025-05-20,1,3,00:00-00:30,76.79847620081568
2025-05-20,7,7,01:00-01:10,1.9208964600607032
2025-05-20,14,15,02:10-02:30,28.405797769443552
2025-05-20,18,18,02:50-03:00,13.85079747335169
2025-05-20,22,24,03:30-04:00,15.635317907431624
2025-05-20,34,34,05:30-05:40,1.5573408004812563
2025-05-20,39,42,06:20-07:00,40.10135995337731
2025-05-20,44,45,07:10-07:30,42.08781599458575
2025-05-20,52,53,08:30-08:50,92.07043654240215
2025-05-20,65,96,10:40-16:00,3059.882882457281
2025-05-20,100,100,16:30-16:40,14.165403081232625
2025-05-20,107,110,17:40-18:20,120.83286839527777
2025-05-20,112,126,18:30-21:00,524.2798056191614
2025-05-20,129,134,21:20-22:20,233.30526976575868
2025-05-20,136,144,22:30-24:00,212.88934234767726
2025-05-21,1,1,00:00-00:10,7.042205191472476
2025-05-21,4,5,00:30-00:50,21.317692847743047
2025-05-21,8,8,01:10-01:20,4.443190406632425
2025-05-21,12,12,01:50-02:00,10.786060007895799
2025-05-21,16,19,02:30-03:10,113.46565779049877
2025-05-21,28,29,04:30-04:50,37.62283718158416
2025-05-21,53,67,08:40-11:10,986.4571809740006
2025-05-21,88,104,14:30-17:20,1069.7410371928647
2025-05-21,107,114,17:40-19:00,166.78557707123093
2025-05-21,116,122,19:10-20:20,190.86378045889523
2025-05-21,124,128,20:30-21:20,194.51599209106485
2025-05-21,130,131,21:30-21:50,79.98295769838114
2025-05-21,134,143,22:10-23:50,322.80254076852236
2025-05-22,7,11,01:00-01:50,74.3488500723779
2025-05-22,13,14,02:00-02:20,15.051237715488924
2025-05-22,19,20,03:00-03:20,14.878504000526505
2025-05-22,23,26,03:40-04:20,57.68012699133361
2025-05-22,28,29,04:30-04:50,19.99318824187403
2025-05-22,34,35,05:30-05:50,58.501285806403246
2025-05-22,40,42,06:30-07:00,67.40279257703088
2025-05-22,50,50,08:10-08:20,10.090226116218219
2025-05-22,53,54,08:40-09:00,69.2626747917958
2025-05-22,60,62,09:50-10:20,218.33993630552914
2025-05-22,67,74,11:00-12:20,265.28431537608344
2025-05-22,76,77,12:30-12:50,65.66074085781952
2025-05-22,86,87,14:10-14:30,20.943953747673277
2025-05-22,90,92,14:50-15:20,32.29876843475631
2025-05-22,95,103,15:40-17:10,241.51373351474848
2025-05-22,105,105,17:20-17:30,4.380165082811516
2025-05-22,109,111,18:00-18:30,184.74764327167114
2025-05-22,116,117,19:10-19:30,45.52544614234955
2025-05-22,119,120,19:40-20:00,22.992603020134425
2025-05-22,123,124,20:20-20:40,69.64230983682057
2025-05-22,126,126,20:50-21:00,7.558882747729967
2025-05-22,132,137,21:50-22:50,80.22319488748519
2025-05-22,139,139,23:00-23:10,0.4663269772338481
2025-05-23,2,4,00:10-00:40,27.748038623503078
2025-05-23,6,8,00:50-01:20,70.08996269245961
2025-05-23,12,16,01:50-02:40,71.75740974470324
2025-05-23,18,22,02:50-03:40,145.68773206154975
2025-05-23,25,26,04:00-04:20,5.664447955558046
2025-05-23,29,30,04:40-05:00,8.26770512097471
2025-05-23,34,35,05:30-05:50,12.288086786795176
2025-05-23,38,39,06:10-06:30,8.714029574380163
2025-05-23,41,42,06:40-07:00,28.13852996070915
2025-05-23,77,83,12:40-13:50,515.408010379185
2025-05-23,86,100,14:10-16:40,837.4759901528396
2025-05-23,103,103,17:00-17:10,7.128282687571755
2025-05-23,107,109,17:40-18:10,45.80998988400728
2025-05-23,111,116,18:20-19:20,155.1826311488354
2025-05-23,118,120,19:30-20:00,53.93781034628614
2025-05-23,124,127,20:30-21:10,87.53546311356763
2025-05-23,133,134,22:00-22:20,82.88545188840624
2025-05-23,136,138,22:30-23:00,57.97891385708647
2025-05-23,141,141,23:20-23:30,4.851479799973504
2025-05-23,144,144,23:50-24:00,12.935051322542392
2025-05-24,1,7,00:00-01:10,145.1628921963416
2025-05-24,11,17,01:40-02:50,161.75970765232273
2025-05-24,19,19,03:00-03:10,1.873548058955123
2025-05-24,23,25,03:40-04:10,63.40951785103317
2025-05-24,28,29,04:30-04:50,57.27868179647703
2025-05-24,37,37,06:00-06:10,13.437677675634035
2025-05-24,87,89,14:20-14:50,234.7057130176902
2025-05-24,91,92,15:00-15:20,14.912568223262497
2025-05-24,108,109,17:50-18:10,19.947905369127568
2025-05-24,115,117,19:00-19:30,115.52914508581978
2025-05-24,123,130,20:20-21:40,205.42829871035667
2025-05-24,134,134,22:10-22:20,5.0345211606790485
2025-05-24,136,136,22:30-22:40,9.25778308988015
2025-05-24,139,143,23:00-23:50,85.99729405842868
2025-05-25,1,2,00:00-00:20,30.04497655612613
2025-05-25,7,9,01:00-01:30,25.4846662718777
2025-05-25,12,12,01:50-02:00,2.633628766942934
2025-05-25,16,17,02:30-02:50,20.654217094354635
2025-05-25,25,25,04:00-04:10,18.528530694828298
2025-05-25,28,29,04:30-04:50,20.364652971255513
2025-05-25,34,38,05:30-06:20,60.185205398267115
2025-05-25,40,42,06:30-07:00,88.8768945302952
2025-05-25,53,57,08:40-09:30,145.7520535117403
2025-05-25,75,76,12:20-12:40,56.19588120523417
2025-05-25,83,84,13:40-14:00,57.13214641588161
2025-05-25,97,99,16:00-16:30,94.48174978662644
2025-05-25,102,102,16:50-17:00,29.92920661553211
2025-05-25,105,107,17:20-17:50,73.03923609121486
2025-05-25,111,111,18:20-18:30,26.651778546989064
2025-05-25,114,114,18:50-19:00,12.714829582839798
2025-05-25,118,119,19:30-19:50,89.23574626642619
2025-05-25,121,122,20:00-20:20,47.39020852743795
2025-05-25,124,127,20:30-21:10,192.9386216278457
2025-05-25,130,131,21:30-21:50,87.4819577247008
2025-05-25,136,138,22:30-23:00,88.97159173575483
2025-05-26,3,3,00:20-00:30,0.2585050664561095
2025-05-26,9,10,01:20-01:40,55.06189691406769
2025-05-26,12,13,01:50-02:10,24.497907783919004
2025-05-26,17,17,02:40-02:50,10.910966199499967
2025-05-26,27,32,04:20-05:20,134.05792482657498
2025-05-26,40,55,06:30-09:10,1137.4958175897211
2025-05-26,57,83,09:20-13:50,3645.3928833709324
2025-05-26,90,91,14:50-15:10,28.600069279792365
2025-05-26,98,99,16:10-16:30,15.852376092719055
2025-05-26,102,105,16:50-17:30,124.59123994040624
2025-05-26,108,108,17:50-18:00,7.458876073919356
2025-05-26,110,115,18:10-19:10,186.02516585922933
2025-05-26,119,121,19:40-20:10,12.118059990976121
2025-05-26,124,125,20:30-20:50,25.552015719173596
2025-05-26,127,128,21:00-21:20,46.46533879457809
2025-05-26,130,131,21:30-21:50,89.81861556125807
2025-05-26,136,138,22:30-23:00,144.21328586656114
2025-05-27,1,2,00:00-00:20,57.149196723253
2025-05-27,9,10,01:20-01:40,32.90555271088306
2025-05-27,14,24,02:10-04:00,221.7427737597057
2025-05-27,27,30,04:20-05:00,58.508491960408236
2025-05-27,44,51,07:10-08:30,160.89260710243946
2025-05-27,56,58,09:10-09:40,90.60626997537224
2025-05-27,62,66,10:10-11:00,318.0591775628375
2025-05-27,78,78,12:50-13:00,16.477037298140885
2025-05-27,81,84,13:20-14:00,219.72467787208848
2025-05-27,96,98,15:50-16:20,63.840957451168265
2025-05-27,108,109,17:50-18:10,43.282489790950194
2025-05-27,115,116,19:00-19:20,25.427298038275694
2025-05-27,118,119,19:30-19:50,62.9187250606285
2025-05-27,121,125,20:00-20:50,139.98049612730983
2025-05-27,127,130,21:00-21:40,41.315035280958114
2025-05-27,134,135,22:10-22:30,96.58019008422127
2025-05-27,138,138,22:50-23:00,31.31052770101337
2025-05-27,142,144,23:30-24:00,82.08467010132938
2025-05-28,2,4,00:10-00:40,105.22309870377694
2025-05-28,6,9,00:50-01:30,83.36380988287954
2025-05-28,13,14,02:00-02:20,21.340050960652775
2025-05-28,18,23,02:50-03:50,95.85484937397808
2025-05-28,32,32,05:10-05:20,1.1860320164308362
2025-05-28,36,37,05:50-06:10,33.866131006899764
2025-05-28,39,76,06:20-12:40,3400.525834494202
2025-05-28,101,103,16:40-17:10,130.93455514729385
2025-05-28,105,108,17:20-18:00,107.42488322711651
2025-05-28,111,111,18:20-18:30,3.8573115118532115
2025-05-28,113,115,18:40-19:10,48.69809671385343
2025-05-28,117,119,19:20-19:50,84.38558014682394
2025-05-28,121,122,20:00-20:20,68.48902282067206
2025-05-28,131,133,21:40-22:10,69.84635100013168
2025-05-28,136,136,22:30-22:40,18.058198651138355
2025-05-28,140,141,23:10-23:30,36.66800423081986
2025-05-29,1,6,00:00-01:00,135.74489464403212
2025-05-29,8,9,01:10-01:30,29.63740063824173
2025-05-29,15,18,02:20-03:00,76.30032605605993
2025-05-29,21,21,03:20-03:30,7.311569285432256
2025-05-29,26,31,04:10-05:10,139.909434548719
2025-05-29,33,35,05:20-05:50,30.620519177335353
2025-05-29,37,39,06:00-06:30,62.69354134942586
2025-05-29,42,52,06:50-08:40,1064.9274826048536
2025-05-29,54,75,08:50-12:30,1913.72499011712
2025-05-29,83,87,13:40-14:30,322.1868312193344
2025-05-29,95,107,15:40-17:50,381.92960989979963
2025-05-29,110,112,18:10-18:40,123.89204388923369
2025-05-29,115,121,19:00-20:10,218.0339173707073
2025-05-29,123,123,20:20-20:30,9.377381234372933
2025-05-29,126,128,20:50-21:20,11.490562475325873
2025-05-29,130,130,21:30-21:40,19.932408382681956
2025-05-29,134,134,22:10-22:20,9.783958955125627
2025-05-29,138,139,22:50-23:10,20.89464898670883
2025-05-29,142,143,23:30-23:50,15.846212271351419
2025-05-30,4,4,00:30-00:40,1.5488501381761353
2025-05-30,13,14,02:00-02:20,25.99588581392294
2025-05-30,17,18,02:40-03:00,21.918174128174655
2025-05-30,21,23,03:20-03:50,172.9358309683604
2025-05-30,29,30,04:40-05:00,21.902602533228105
2025-05-30,35,38,05:40-06:20,72.89298545109341
2025-05-30,40,42,06:30-07:00,57.23427206399333
2025-05-30,79,107,13:00-17:50,2182.4110623362108
2025-05-30,114,115,18:50-19:10,35.432491650217116
2025-05-30,119,121,19:40-20:10,36.38029109281291
2025-05-30,125,125,20:40-20:50,2.646344797247707
2025-05-30,129,129,21:20-21:30,8.86771088301083
2025-05-30,132,137,21:50-22:50,139.67778284642696
2025-05-31,1,1,00:00-00:10,12.387468745887645
2025-05-31,4,6,00:30-01:00,91.1529628569549
2025-05-31,9,11,01:20-01:50,19.634202506908707
2025-05-31,16,32,02:30-05:20,318.3631735876903
2025-05-31,37,44,06:00-07:20,216.34259469291095
2025-05-31,78,92,12:50-15:20,1712.2051564284782
2025-05-31,94,96,15:30-16:00,93.5237697648189
2025-05-31,103,103,17:00-17:10,6.896739821029087
2025-05-31,108,109,17:50-18:10,45.86666975823897
2025-05-31,111,111,18:20-18:30,5.042078139980845
2025-05-31,114,115,18:50-19:10,82.11820247400988
2025-05-31,120,121,19:50-20:10,58.16357121331771
2025-05-31,124,125,20:30-20:50,52.49883925986512
2025-05-31,139,140,23:00-23:20,29.978476654823055
2025-05-31,143,144,23:40-24:00,161.93405051980517
2025-06-01,1,22,00:00-03:40,1488.0828759630037
2025-06-01,24,24,03:50-04:00,6.696212001579283
2025-06-01,26,29,04:10-04:50,48.3409788205216
2025-06-01,33,38,05:20-06:20,75.98415071155974
2025-06-01,42,44,06:50-07:20,37.9415051670332
2025-06-01,47,144,07:40-24:00,17113.46108992631
2025-06-02,1,23,00:00-03:50,1508.9309341764897
2025-06-02,25,29,04:00-04:50,163.3006919538287
2025-06-02,32,33,05:10-05:30,37.41985418476125
2025-06-02,35,57,05:40-09:30,1956.3779957109027
2025-06-02,59,60,09:40-10:00,10.996385339236667
2025-06-02,72,144,11:50-24:00,11773.367349260243
2025-06-03,1,23,00:00-03:50,1480.458212163255
2025-06-03,25,26,04:00-04:20,48.99870805839131
2025-06-03,28,29,04:30-04:50,38.65933234918124
2025-06-03,31,37,05:00-06:10,290.4613759799221
2025-06-03,39,144,06:20-24:00,11142.181867593485
2025-06-04,1,16,00:00-02:40,1551.144177339123
2025-06-04,19,34,03:00-05:40,640.1656103124476
2025-06-04,36,38,05:50-06:20,46.00807525144302
2025-06-04,42,47,06:50-07:50,317.8640187928861
2025-06-04,49,55,08:00-09:10,206.84859123944875
2025-06-04,59,144,09:40-24:00,10255.677207562088
2025-06-05,1,26,00:00-04:20,1784.6413564153181
2025-06-05,29,36,04:40-06:00,250.39953820615528
2025-06-05,38,56,06:10-09:20,1555.1981829564047
2025-06-05,58,63,09:30-10:30,184.5254983324876
2025-06-05,65,144,10:40-24:00,9633.35898770797
2025-06-06,1,14,00:00-02:20,1305.2519387156203
2025-06-06,17,22,02:40-03:40,174.20367464892018
2025-06-06,24,46,03:50-07:40,689.4129716607454
2025-06-06,72,144,11:50-24:00,12261.050651479518
2025-06-07,1,23,00:00-03:50,1365.859676104939
2025-06-07,25,29,04:00-04:50,57.67991294907222
2025-06-07,31,41,05:00-06:50,317.7321681612244
2025-06-07,43,46,07:00-07:40,206.22504220950117
2025-06-07,71,144,11:40-24:00,9457.791990367155
2025-06-08,1,7,00:00-01:10,419.78131952888543
2025-06-08,10,12,01:30-02:00,94.92655517831292
2025-06-08,15,22,02:20-03:40,171.15751506213235
2025-06-08,25,26,04:00-04:20,74.21701673528463
2025-06-08,33,34,05:20-05:40,34.93557950576222
2025-06-08,38,44,06:10-07:20,223.90955487658186
2025-06-08,73,75,12:00-12:30,82.39061318218569
2025-06-08,79,79,13:00-13:10,15.352686442765162
2025-06-08,82,83,13:30-13:50,15.86173966593367
2025-06-08,89,91,14:40-15:10,60.621514803639684
2025-06-08,96,99,15:50-16:30,141.7597397956506
2025-06-08,102,122,16:50-20:20,1195.3881640093623
2025-06-08,125,144,20:40-24:00,1241.0584569971625
2025-06-09,1,11,00:00-01:50,633.3044444532179
2025-06-09,13,15,02:00-02:30,48.09274515067773
2025-06-09,17,18,02:40-03:00,82.8917412685878
2025-06-09,20,25,03:10-04:10,331.5787691030777
2025-06-09,27,29,04:20-04:50,72.72264944259564
2025-06-09,32,35,05:10-05:50,51.52301142255552
2025-06-09,37,41,06:00-06:50,174.51726796383002
2025-06-09,43,53,07:00-08:50,345.5920992734016
2025-06-09,62,63,10:10-10:30,6.32316247062613
2025-06-09,66,71,10:50-11:50,610.3395931682735
2025-06-09,79,84,13:00-14:00,423.5060388678967
2025-06-09,87,91,14:20-15:10,231.09591390878484
2025-06-09,93,144,15:20-24:00,3721.197515854533
2025-06-10,1,17,00:00-02:50,881.6428187656272
2025-06-10,19,20,03:00-03:20,46.396975973342414
2025-06-10,22,24,03:30-04:00,63.184783412291175
2025-06-10,27,31,04:20-05:10,156.98474444287805
2025-06-10,33,34,05:20-05:40,27.404556162464786
2025-06-10,47,48,07:40-08:00,136.3100966677947
2025-06-10,51,59,08:20-09:50,557.9543731101834
2025-06-10,67,77,11:00-12:50,734.2603737869647
2025-06-10,79,79,13:00-13:10,7.793180488034068
2025-06-10,82,87,13:30-14:30,335.6988337506822
2025-06-10,89,108,14:40-18:00,1727.5502289784372
2025-06-10,110,144,18:10-24:00,2078.0518023894133
2025-06-11,1,14,00:00-02:20,824.8165372812223
2025-06-11,16,17,02:30-02:50,61.714966456112734
2025-06-11,28,29,04:30-04:50,22.292315414622266
2025-06-11,31,31,05:00-05:10,6.659194274622617
2025-06-11,36,65,05:50-10:50,2938.308267936572
2025-06-11,69,70,11:20-11:40,65.22976500197365
2025-06-11,74,137,12:10-22:50,5421.023294018011
2025-06-11,139,144,23:00-24:00,258.4838745163838
2025-06-12,1,8,00:00-01:20,468.1245161271221
2025-06-12,10,12,01:30-02:00,52.94038276746949
2025-06-12,14,15,02:10-02:30,85.0099978352415
2025-06-12,18,25,02:50-04:10,268.9186763173727
2025-06-12,36,37,05:50-06:10,41.91901807004683
2025-06-12,40,40,06:30-06:40,10.850219440527894
2025-06-12,44,45,07:10-07:30,43.67120557028176
2025-06-12,48,52,07:50-08:40,103.26445339988436
2025-06-12,57,57,09:20-09:30,8.217792543191877
2025-06-12,63,64,10:20-10:40,15.85860900306443
2025-06-12,69,74,11:20-12:20,208.42760496117944
2025-06-12,77,98,12:40-16:20,2106.7976708796277
2025-06-12,100,132,16:30-22:00,1875.0676603143286
2025-06-12,134,144,22:10-24:00,569.3160499407822
2025-06-13,1,6,00:00-01:00,135.0557438807736
2025-06-13,8,20,01:10-03:20,408.1949665576302
2025-06-13,23,24,03:40-04:00,21.364624411106718
2025-06-13,26,31,04:10-05:10,73.73344235707727
2025-06-13,34,36,05:30-06:00,37.11334005602252
2025-06-13,39,45,06:20-07:30,120.24298932566319
2025-06-13,49,49,08:00-08:10,13.859816666666802
2025-06-13,66,69,10:50-11:30,307.91045661365615
2025-06-13,72,73,11:50-12:10,42.43693797116134
2025-06-13,81,82,13:20-13:40,88.94555464628797
2025-06-13,88,127,14:30-21:10,2562.3908391057107
2025-06-13,129,137,21:20-22:50,393.2882900250035
2025-06-13,140,144,23:10-24:00,307.2184761350178
2025-06-14,1,11,00:00-01:50,612.305605362548
2025-06-14,13,24,02:00-04:00,278.45764725715816
2025-06-14,27,27,04:20-04:30,25.74953875509931
2025-06-14,33,33,05:20-05:30,15.114188779538622
2025-06-14,66,66,10:50-11:00,81.76901549545971
2025-06-14,68,75,11:10-12:30,902.3050818669747
2025-06-14,79,127,13:00-21:10,2611.8532279106284
2025-06-14,130,143,21:30-23:50,934.1111641597581
2025-06-15,1,2,00:00-00:20,43.12441023818974
2025-06-15,9,11,01:20-01:50,56.31625941571269
2025-06-15,13,15,02:00-02:30,35.3517815633636
2025-06-15,20,23,03:10-03:50,76.03170735811129
2025-06-15,26,27,04:10-04:30,7.90182332543759
2025-06-15,30,30,04:50-05:00,1.6845409875361157
2025-06-15,50,56,08:10-09:20,373.1103999915405
2025-06-15,60,70,09:50-11:40,718.6421237446667
2025-06-15,76,87,12:30-14:30,847.6836127103194
2025-06-15,103,105,17:00-17:30,100.33461158987103
2025-06-15,110,113,18:10-18:50,140.2346054913244
2025-06-15,118,119,19:30-19:50,96.84457093790547
2025-06-15,122,124,20:10-20:40,86.16733592483973
2025-06-15,128,144,21:10-24:00,588.1928301421257
2025-06-16,1,17,00:00-02:50,570.3177466377159
2025-06-16,19,19,03:00-03:10,8.035238821837488
2025-06-16,22,23,03:30-03:50,29.185505214971958
2025-06-16,25,26,04:00-04:20,31.5771530793525
2025-06-16,31,47,05:00-07:50,422.76483020886246
2025-06-16,51,55,08:20-09:10,143.3245601789713
2025-06-16,57,62,09:20-10:20,307.1333015142976
2025-06-16,70,72,11:30-12:00,68.21051468426299
2025-06-16,75,78,12:20-13:00,440.88838678867535
2025-06-16,84,98,13:50-16:20,1024.8259382963925
2025-06-16,100,101,16:30-16:50,64.10839004756235
2025-06-16,103,104,17:00-17:20,19.683874429906552
2025-06-16,107,113,17:40-18:50,161.01637517624522
2025-06-16,115,122,19:00-20:20,283.96512137969256
2025-06-16,124,132,20:30-22:00,311.81868251085723
2025-06-16,135,139,22:20-23:10,191.8721001118572
2025-06-16,143,143,23:40-23:50,7.1735130806683856
2025-06-17,2,7,00:10-01:10,283.56511789709157
2025-06-17,9,9,01:20-01:30,13.047895117778808
2025-06-17,12,15,01:50-02:30,54.29100175023029
2025-06-17,18,19,02:50-03:10,73.87598684977365
2025-06-17,21,23,03:20-03:50,34.13748595209894
2025-06-17,25,26,04:00-04:20,12.652291840091756
2025-06-17,30,32,04:50-05:20,83.03319560844488
2025-06-17,34,35,05:30-05:50,4.716542221721326
2025-06-17,37,39,06:00-06:30,59.26535434549646
2025-06-17,47,48,07:40-08:00,69.93785727163345
2025-06-17,60,60,09:50-10:00,23.16219833906723
2025-06-17,63,66,10:20-11:00,271.09450329742606
2025-06-17,69,88,11:20-14:40,2768.2610756142735
2025-06-17,92,103,15:10-17:10,603.6448219145391
2025-06-17,107,114,17:40-19:00,298.0026119630407
2025-06-17,116,118,19:10-19:40,134.6554256528118
2025-06-17,120,125,19:50-20:50,278.3716171874123
2025-06-17,127,144,21:00-24:00,645.5501154691415
2025-06-18,1,3,00:00-00:30,25.547754487432712
2025-06-18,6,7,00:50-01:10,12.905247447032593
2025-06-18,11,12,01:40-02:00,51.72098508356362
2025-06-18,15,17,02:20-02:50,109.6288166140281
2025-06-18,27,29,04:20-04:50,16.548459817081078
2025-06-18,34,34,05:30-05:40,7.852679510461982
2025-06-18,37,41,06:00-06:50,157.11003172973892
2025-06-18,45,46,07:20-07:40,33.700650052638366
2025-06-18,60,60,09:50-10:00,51.01195770590141
2025-06-18,63,63,10:20-10:30,3.8865420027073014
2025-06-18,68,68,11:10-11:20,24.11929729663666
2025-06-18,71,75,11:40-12:30,441.92107205177365
2025-06-18,78,78,12:50-13:00,31.49809387513369
2025-06-18,81,81,13:20-13:30,73.69188175605802
2025-06-18,95,103,15:40-17:10,533.1189003910297
2025-06-18,106,117,17:30-19:30,397.9349318274964
2025-06-18,119,123,19:40-20:30,206.86643947511863
2025-06-18,128,139,21:10-23:10,376.1747967166734
2025-06-18,141,144,23:20-24:00,98.59753218844594
2025-06-19,1,2,00:00-00:20,77.09270320436895
2025-06-19,4,9,00:30-01:30,138.26616460060586
2025-06-19,12,17,01:50-02:50,154.87584035399414
2025-06-19,27,31,04:20-05:10,118.8967533472449
2025-06-19,33,35,05:20-05:50,38.484996601996315
2025-06-19,37,39,06:00-06:30,146.52594853364167
2025-06-19,47,54,07:40-09:00,326.979795410111
2025-06-19,71,71,11:40-11:50,1.8823459496550186
2025-06-19,95,100,15:40-16:40,343.7222919716881
2025-06-19,106,107,17:30-17:50,97.14922144643089
2025-06-19,110,113,18:10-18:50,156.9307119348415
2025-06-19,115,121,19:00-20:10,290.3653372107234
2025-06-19,123,132,20:20-22:00,345.697075408419
2025-06-19,137,140,22:40-23:20,179.94863162258218
2025-06-19,144,144,23:50-24:00,96.341415317805
2025-06-20,1,1,00:00-00:10,67.93190650085546
2025-06-20,4,5,00:30-00:50,35.22816702855641
2025-06-20,7,11,01:00-01:50,214.82852524674303
2025-06-20,14,16,02:10-02:40,31.262186761416046
2025-06-20,23,27,03:40-04:30,56.94328481849135
2025-06-20,33,33,05:20-05:30,1.2915037222942232
2025-06-20,37,37,06:00-06:10,8.107979111913266
2025-06-20,41,41,06:40-06:50,1.2013715714473392
2025-06-20,73,74,12:00-12:20,138.8568714229316
2025-06-20,95,95,15:40-15:50,18.974229704096388
2025-06-20,100,104,16:30-17:20,230.0287807578066
2025-06-20,108,110,17:50-18:20,133.56992973887566
2025-06-20,116,117,19:10-19:30,64.50721029082763
2025-06-20,120,121,19:50-20:10,93.09871155415192
2025-06-20,124,132,20:30-22:00,347.86108161318214
2025-06-20,135,144,22:20-24:00,419.2484833201738
2025-06-21,1,4,00:00-00:40,156.43529582181873
2025-06-21,8,15,01:10-02:30,258.81436599552586
2025-06-21,17,21,02:40-03:30,145.30763250239704
2025-06-21,24,26,03:50-04:20,20.448183192337524
2025-06-21,30,31,04:50-05:10,8.753636936251095
2025-06-21,34,38,05:30-06:20,113.2996107805539
2025-06-21,86,86,14:10-14:20,5.671690326734961
2025-06-21,105,107,17:20-17:50,83.9467622158929
2025-06-21,113,116,18:40-19:20,180.08762977929405
2025-06-21,118,119,19:30-19:50,14.748408826349419
2025-06-21,122,124,20:10-20:40,118.04242184403961
2025-06-21,128,142,21:10-23:40,409.46643966311393
2025-06-22,1,10,00:00-01:40,325.59075303329416
2025-06-22,13,13,02:00-02:10,21.900151941044783
2025-06-22,16,18,02:30-03:00,111.98248928148473
2025-06-22,22,22,03:30-03:40,11.936875272122302
2025-06-22,68,75,11:10-12:30,312.18818492470814
2025-06-22,79,90,13:00-15:00,889.2062116942084
2025-06-22,93,94,15:20-15:40,48.32527965239831
2025-06-22,105,105,17:20-17:30,4.847667691237632
2025-06-22,116,120,19:10-20:00,94.61233164420162
2025-06-22,124,125,20:30-20:50,70.84112975955492
2025-06-22,127,128,21:00-21:20,14.236277293064973
2025-06-22,136,139,22:30-23:10,103.78029141992363
2025-06-22,142,143,23:30-23:50,60.196674661139696
2025-06-23,2,3,00:10-00:30,31.839908928806608
2025-06-23,15,15,02:20-02:30,54.89342610869846
2025-06-23,18,24,02:50-04:00,122.45207978117446
2025-06-23,27,27,04:20-04:30,21.183056323200503
2025-06-23,30,30,04:50-05:00,28.801260621698454
2025-06-23,33,33,05:20-05:30,12.703444038689398
2025-06-23,37,37,06:00-06:10,11.109972513300477
2025-06-23,41,42,06:40-07:00,1.9077745022842691
2025-06-23,54,54,08:50-09:00,10.505756725509059
2025-06-23,81,89,13:20-14:50,689.6835245831222
2025-06-23,92,92,15:10-15:20,20.367645709021986
2025-06-23,98,101,16:10-16:50,118.13305634858017
2025-06-23,104,112,17:10-18:40,178.51289262872993
2025-06-23,117,120,19:20-20:00,74.14712037110144
2025-06-23,123,126,20:20-21:00,93.96189014437982
2025-06-23,129,137,21:20-22:50,217.73221504803314
2025-06-23,139,141,23:00-23:30,56.87710535596818
2025-06-23,144,144,23:50-24:00,2.6707948414264138
2025-06-24,4,4,00:30-00:40,3.9050527174629224
2025-06-24,7,13,01:00-02:10,314.5804495262538
2025-06-24,17,18,02:40-03:00,14.894234958547258
2025-06-24,20,21,03:10-03:30,38.04636469272259
2025-06-24,27,28,04:20-04:40,6.315383944316147
2025-06-24,31,36,05:00-06:00,80.08176804278776
2025-06-24,39,84,06:20-14:00,6490.8459936956015
2025-06-24,86,100,14:10-16:40,1066.482235215161
2025-06-24,102,109,16:50-18:10,318.96254317297416
2025-06-24,114,117,18:50-19:30,72.59358295076447
2025-06-24,121,122,20:00-20:20,25.715684637076265
2025-06-24,124,129,20:30-21:30,211.85954632564477
2025-06-24,133,134,22:00-22:20,32.92749830240814
2025-06-24,136,137,22:30-22:50,24.737958415581033
2025-06-24,140,141,23:10-23:30,62.05733449796037
2025-06-24,144,144,23:50-24:00,30.129567048295826
2025-06-25,1,1,00:00-00:10,17.77655309909187
2025-06-25,5,6,00:40-01:00,49.95473886695629
2025-06-25,10,11,01:30-01:50,36.068907303592596
2025-06-25,16,21,02:30-03:30,127.76487941646467
2025-06-25,24,27,03:50-04:30,43.01814795461824
2025-06-25,39,42,06:20-07:00,164.80047061737446
2025-06-25,45,47,07:20-07:50,31.844351575395038
2025-06-25,49,53,08:00-08:50,149.63615698118156
2025-06-25,57,73,09:20-12:10,1975.4233128372161
2025-06-25,76,80,12:30-13:20,325.3798768587974
2025-06-25,87,90,14:20-15:00,409.8988805773322
2025-06-25,105,105,17:20-17:30,29.265987653450736
2025-06-25,109,114,18:00-19:00,96.53676157201167
2025-06-25,120,123,19:50-20:30,73.99715351550043
2025-06-25,125,127,20:40-21:10,18.083286827214103
2025-06-25,130,133,21:30-22:10,199.41231994341365
2025-06-25,137,138,22:40-23:00,57.855305020397395
2025-06-25,142,143,23:30-23:50,48.48460921831827
2025-06-26,1,2,00:00-00:20,52.38293269509177
2025-06-26,6,8,00:50-01:20,36.10484803263603
2025-06-26,10,11,01:30-01:50,93.23523324121595
2025-06-26,17,17,02:40-02:50,11.468350934333444
2025-06-26,25,27,04:00-04:30,33.05679505762037
2025-06-26,33,33,05:20-05:30,13.725640098321279
2025-06-26,37,47,06:00-07:50,328.79501586487044
2025-06-26,50,66,08:10-11:00,981.8576553080293
2025-06-26,76,79,12:30-13:10,169.5391925892509
2025-06-26,101,104,16:40-17:20,150.78776127027987
2025-06-26,114,116,18:50-19:20,70.41334543548965
2025-06-26,118,119,19:30-19:50,87.8632975175309
2025-06-26,122,124,20:10-20:40,20.33504362698102
2025-06-26,128,139,21:10-23:10,362.8927570140818
2025-06-26,142,144,23:30-24:00,56.095729977628594
2025-06-27,1,5,00:00-00:50,152.96465776417966
2025-06-27,12,16,01:50-02:40,84.09413393867607
2025-06-27,24,24,03:50-04:00,10.80540992235828
2025-06-27,27,31,04:20-05:10,47.48574194724894
2025-06-27,34,40,05:30-06:40,101.78543341887077
2025-06-27,43,44,07:00-07:20,46.782612847555185
2025-06-27,75,75,12:20-12:30,32.520555195232646
2025-06-27,91,91,15:00-15:10,2.511841742334468
2025-06-27,93,94,15:20-15:40,41.62281901096026
2025-06-27,98,98,16:10-16:20,7.637990946177297
2025-06-27,103,103,17:00-17:10,10.8452531460905
2025-06-27,107,108,17:40-18:00,37.13796905231891
2025-06-27,111,111,18:20-18:30,24.483083464929678
2025-06-27,114,115,18:50-19:10,76.65540181038864
2025-06-27,118,121,19:30-20:10,81.12451180700486
2025-06-27,124,124,20:30-20:40,3.6632282142387567
2025-06-27,129,130,21:20-21:40,109.46957893801812
2025-06-27,136,137,22:30-22:50,41.93686258718259
2025-06-27,139,140,23:00-23:20,60.56502646400844
2025-06-27,143,143,23:40-23:50,20.111865962626723
2025-06-28,5,7,00:40-01:10,77.00380525727076
2025-06-28,12,12,01:50-02:00,21.861100144755937
2025-06-28,15,15,02:20-02:30,0.45874391367289036
2025-06-28,20,20,03:10-03:20,0.9723046979865444
2025-06-28,23,23,03:40-03:50,2.6095534544019188
2025-06-28,28,30,04:30-05:00,119.3508008863949
2025-06-28,33,33,05:20-05:30,6.2964045316113015
2025-06-28,36,36,05:50-06:00,20.848406839245854
2025-06-28,40,42,06:30-07:00,17.974789116049294
2025-06-28,45,47,07:20-07:50,68.74966666666671
2025-06-28,84,84,13:50-14:00,39.95039906566649
2025-06-28,88,96,14:30-16:00,611.815469933074
2025-06-28,98,103,16:10-17:10,251.65121240012797
2025-06-28,105,105,17:20-17:30,8.050681833135855
2025-06-28,117,117,19:20-19:30,4.880948809053848
2025-06-28,120,121,19:50-20:10,83.06996715357297
2025-06-28,126,128,20:50-21:20,131.46659907224625
2025-06-28,130,134,21:30-22:20,99.79849351888424
2025-06-28,138,138,22:50-23:00,20.088939992104088
2025-06-28,140,141,23:10-23:30,59.12273174101853
2025-06-28,144,144,23:50-24:00,42.5459843400447
2025-06-29,1,1,00:00-00:10,5.041127141729248
2025-06-29,4,5,00:30-00:50,20.39239526911433
2025-06-29,8,9,01:10-01:30,23.575469088038062
2025-06-29,11,13,01:40-02:10,100.0867680615869
2025-06-29,15,16,02:20-02:40,50.62036973285956
2025-06-29,24,29,03:50-04:50,127.09024489124512
2025-06-29,35,38,05:40-06:20,15.466526413250108
2025-06-29,42,54,06:50-09:00,570.2743115861119
2025-06-29,57,58,09:20-09:40,156.13868422348833
2025-06-29,68,79,11:10-13:10,1428.7811105728206
2025-06-29,90,91,14:50-15:10,37.64668334555313
2025-06-29,94,95,15:30-15:50,18.389555656759512
2025-06-29,97,100,16:00-16:40,174.60411225067264
2025-06-29,110,112,18:10-18:40,117.46803528753804
2025-06-29,114,115,18:50-19:10,16.952233457410102
2025-06-29,120,120,19:50-20:00,5.459594683511
2025-06-29,129,132,21:20-22:00,81.3649639097249
2025-06-29,140,140,23:10-23:20,0.0377758915647064
2025-06-30,1,1,00:00-00:10,11.139428095802032
2025-06-30,5,6,00:40-01:00,27.84838216212654
2025-06-30,11,14,01:40-02:20,40.13016720621158
2025-06-30,18,19,02:50-03:10,20.51341726354986
2025-06-30,24,24,03:50-04:00,3.9076003421502037
2025-06-30,28,29,04:30-04:50,62.83816205985753
2025-06-30,32,32,05:10-05:20,2.1872230725848567
2025-06-30,37,48,06:00-08:00,742.3402947032507
2025-06-30,54,54,08:50-09:00,2.7548245069840505
2025-06-30,60,65,09:50-10:50,560.137769759179
2025-06-30,71,80,11:40-13:20,601.8203767535203
2025-06-30,88,89,14:30-14:50,74.47396766867803
2025-06-30,92,97,15:10-16:10,287.10774914274384
2025-06-30,102,103,16:50-17:10,0.901196109450666
2025-06-30,109,110,18:00-18:20,21.146737780346868
2025-06-30,114,114,18:50-19:00,51.40118394337594
2025-06-30,117,118,19:20-19:40,42.34378370180286
2025-06-30,124,124,20:30-20:40,3.181245828398687
2025-06-30,128,131,21:10-21:50,33.416726016581265
2025-06-30,134,138,22:10-23:00,142.0054090933022
2025-06-30,143,144,23:40-24:00,184.63434550598765
2025-07-01,1,38,00:00-06:20,3474.393247761924
2025-07-01,40,42,06:30-07:00,116.78548425732748
2025-07-01,44,46,07:10-07:40,105.93764341360696
2025-07-01,48,48,07:50-08:00,3.880240985656201
2025-07-01,51,55,08:20-09:10,182.4006654353011
2025-07-01,59,60,09:40-10:00,57.20559872445665
2025-07-01,65,73,10:40-12:10,494.1798241168949
2025-07-01,80,80,13:10-13:20,4.893170296843891
2025-07-01,83,84,13:40-14:00,86.35147483597461
2025-07-01,89,94,14:40-15:40,560.7603079549941
2025-07-01,97,98,16:00-16:20,88.4808382108547
2025-07-01,100,144,16:30-24:00,4149.379069780801
2025-07-02,1,37,00:00-06:10,3718.9543030680743
2025-07-02,44,45,07:10-07:30,29.829225052168425
2025-07-02,69,69,11:20-11:30,20.89587826405773
2025-07-02,93,144,15:20-24:00,4818.3709855836305
2025-07-03,1,37,00:00-06:10,3832.4020719135997
2025-07-03,43,51,07:00-08:30,698.0362355103119
2025-07-03,55,75,09:00-12:30,1927.9019130646916
2025-07-03,81,144,13:20-24:00,6729.039095864122
2025-07-04,1,44,00:00-07:20,4232.589447952739
2025-07-04,78,78,12:50-13:00,24.259931005959743
2025-07-04,81,144,13:20-24:00,6409.029324658324
2025-07-05,1,41,00:00-06:50,3903.051508183408
2025-07-05,43,45,07:00-07:30,125.19467140131235
2025-07-05,70,70,11:30-11:40,7.46037954993426
2025-07-05,73,74,12:00-12:20,260.2015196774014
2025-07-05,81,82,13:20-13:40,43.28977657398559
2025-07-05,86,144,14:10-24:00,6418.514595255017
2025-07-06,1,44,00:00-07:20,4109.812575781591
2025-07-06,48,57,07:50-09:30,471.3023703034237
2025-07-06,60,69,09:50-11:30,826.8836907835623
2025-07-06,74,144,12:10-24:00,10513.605213067513
2025-07-07,1,40,00:00-06:40,4116.014139617996
2025-07-07,43,44,07:00-07:20,10.56477667268274
2025-07-07,50,52,08:10-08:40,119.67370545372535
2025-07-07,59,59,09:40-09:50,19.507892481153704
2025-07-07,63,71,10:20-11:50,808.2781542317605
2025-07-07,73,83,12:00-13:50,729.6657587173129
2025-07-07,90,92,14:50-15:20,167.39725175305
2025-07-07,95,144,15:40-24:00,4973.795426679264
2025-07-08,1,55,00:00-09:10,3619.438016715547
2025-07-08,58,64,09:30-10:40,502.93506135299776
2025-07-08,68,69,11:10-11:30,189.5896697497792
2025-07-08,85,140,14:00-23:20,4727.415680987163
2025-07-08,142,144,23:30-24:00,167.90809290038203
2025-07-09,1,52,00:00-08:40,3137.394236688101
2025-07-09,64,90,10:30-15:00,2270.361267452484
2025-07-09,99,136,16:20-22:40,2411.3960698165192
2025-07-09,138,144,22:50-24:00,442.16331733780817
2025-07-10,2,7,00:10-01:10,304.62699489406555
2025-07-10,10,23,01:30-03:50,843.6251792970883
2025-07-10,25,35,04:00-05:50,701.5680827364504
2025-07-10,38,41,06:10-06:50,168.65382698757384
2025-07-10,43,47,07:00-07:50,183.1242925958303
2025-07-10,50,50,08:10-08:20,18.28360717387625
2025-07-10,53,55,08:40-09:10,195.12384713684173
2025-07-10,57,62,09:20-10:20,269.33305658075346
2025-07-10,74,79,12:10-13:10,400.5419500667383
2025-07-10,85,86,14:00-14:20,62.76839311563617
2025-07-10,90,92,14:50-15:20,134.08841487225732
2025-07-10,94,127,15:30-21:10,2252.745707673943
2025-07-10,129,144,21:20-24:00,1027.7295727990534
2025-07-11,1,46,00:00-07:40,3160.0950632329454
2025-07-11,72,83,11:50-13:50,2054.4769670981145
2025-07-11,85,86,14:00-14:20,63.483308813190206
2025-07-11,92,93,15:10-15:30,25.477927278025618
2025-07-11,96,144,15:50-24:00,2839.273452788902
2025-07-12,1,29,00:00-04:50,1760.5625040851248
2025-07-12,31,46,05:00-07:40,689.6108343588446
2025-07-12,72,72,11:50-12:00,71.53110738254986
2025-07-12,75,77,12:20-12:50,155.45402640948942
2025-07-12,83,144,13:40-24:00,4487.040544706072
2025-07-13,1,31,00:00-05:10,1577.2305199170949
2025-07-13,33,33,05:20-05:30,5.339261321978384
2025-07-13,36,38,05:50-06:20,60.7538156806346
2025-07-13,41,43,06:40-07:10,142.62748925516524
2025-07-13,46,50,07:30-08:20,232.20631683586203
2025-07-13,56,58,09:10-09:40,43.964273053785064
2025-07-13,64,65,10:30-10:50,35.7157321113682
2025-07-13,88,96,14:30-16:00,376.11448860094436
2025-07-13,99,101,16:20-16:50,112.53193033857872
2025-07-13,105,144,17:20-24:00,2633.4456601808515
2025-07-14,1,37,00:00-06:10,2020.6515307813063
2025-07-14,40,41,06:30-06:50,55.592701694771904
2025-07-14,46,47,07:30-07:50,17.743780380877183
2025-07-14,49,49,08:00-08:10,4.413224710958389
2025-07-14,55,63,09:00-10:30,462.9973034224439
2025-07-14,65,67,10:40-11:10,138.5909551736131
2025-07-14,70,70,11:30-11:40,5.830371644765137
2025-07-14,73,74,12:00-12:20,58.9147192685125
2025-07-14,76,77,12:30-12:50,65.57627855262922
2025-07-14,79,85,13:00-14:10,682.266456915384
2025-07-14,94,144,15:30-24:00,3392.676605499786
2025-07-15,1,2,00:00-00:20,80.6125510132913
2025-07-15,4,6,00:30-01:00,145.54984996710107
2025-07-15,8,10,01:10-01:40,32.256976325832625
2025-07-15,12,16,01:50-02:40,290.3178191998951
2025-07-15,19,28,03:00-04:40,408.50863916492847
2025-07-15,32,33,05:10-05:30,67.55472249074126
2025-07-15,36,41,05:50-06:50,222.6033697291
2025-07-15,43,44,07:00-07:20,86.7424820878689
2025-07-15,69,85,11:20-14:10,2947.2950868685734
2025-07-15,95,98,15:40-16:20,101.0851582548463
2025-07-15,101,101,16:40-16:50,12.561796822890472
2025-07-15,104,106,17:10-17:40,116.85217164194529
2025-07-15,108,119,17:50-19:50,594.8453789314385
2025-07-15,121,122,20:00-20:20,8.501245382851323
2025-07-15,126,133,20:50-22:10,250.75197201605522
2025-07-15,137,138,22:40-23:00,109.95365454007151
2025-07-15,141,142,23:20-23:40,55.68295754704559
2025-07-15,144,144,23:50-24:00,1.8578266877220813
2025-07-16,1,2,00:00-00:20,52.35248368206362
2025-07-16,4,5,00:30-00:50,55.86794926964103
2025-07-16,10,17,01:30-02:50,397.6187353006975
2025-07-16,21,38,03:20-06:20,838.8797568683858
2025-07-16,42,42,06:50-07:00,6.287134726373836
2025-07-16,45,47,07:20-07:50,109.81748305228109
2025-07-16,64,64,10:30-10:40,6.96912264395678
2025-07-16,66,68,10:50-11:20,112.58904925930119
2025-07-16,72,81,11:50-13:30,777.9472833840925
2025-07-16,84,84,13:50-14:00,49.246765528358765
2025-07-16,87,87,14:20-14:30,47.778441947248666
2025-07-16,90,99,14:50-16:30,1139.4155423504976
2025-07-16,102,108,16:50-18:00,284.5023334564699
2025-07-16,110,115,18:10-19:10,274.6918237239865
2025-07-16,117,123,19:20-20:30,300.97612621585625
2025-07-16,128,129,21:10-21:30,20.415907448348435
2025-07-16,131,136,21:40-22:40,338.743526398211
2025-07-16,138,144,22:50-24:00,205.7283419199897
2025-07-17,1,2,00:00-00:20,55.28465176339
2025-07-17,4,12,00:30-02:00,433.2472148835377
2025-07-17,15,15,02:20-02:30,19.472884590077683
2025-07-17,18,18,02:50-03:00,1.9810257928676265
2025-07-17,21,31,03:20-05:10,528.0014432829515
2025-07-17,33,38,05:20-06:20,110.82030975880272
2025-07-17,41,42,06:40-07:00,112.73325945143165
2025-07-17,47,47,07:40-07:50,9.467474878273606
2025-07-17,51,62,08:20-10:20,977.6871347451735
2025-07-17,69,70,11:20-11:40,25.752953125411068
2025-07-17,73,73,12:00-12:10,1.165052603725826
2025-07-17,78,78,12:50-13:00,10.805080696708501
2025-07-17,81,83,13:20-13:50,64.52426728422915
2025-07-17,85,95,14:00-15:50,522.8727783665154
2025-07-17,97,113,16:00-18:50,1065.6940689583219
2025-07-17,116,128,19:10-21:20,427.28999597691484
2025-07-17,130,131,21:30-21:50,33.424726760100384
2025-07-17,134,143,22:10-23:50,562.4842747861568
2025-07-18,2,19,00:10-03:10,534.2551993288594
2025-07-18,21,28,03:20-04:40,157.92819722895882
2025-07-18,31,38,05:00-06:20,161.6699500545185
2025-07-18,43,46,07:00-07:40,89.22170245145026
2025-07-18,73,77,12:00-12:50,424.1041815793433
2025-07-18,79,97,13:00-16:10,1631.5915976801462
2025-07-18,102,112,16:50-18:40,514.438039382062
2025-07-18,115,118,19:00-19:40,171.63450755926556
2025-07-18,121,124,20:00-20:40,139.02623284830702
2025-07-18,127,128,21:00-21:20,81.88010309251217
2025-07-18,130,143,21:30-23:50,568.4873568693256
2025-07-19,1,2,00:00-00:20,41.4439864192658
2025-07-19,4,5,00:30-00:50,67.48205167785227
2025-07-19,7,11,01:00-01:50,188.3419159757866
2025-07-19,14,18,02:10-03:00,299.90201183708393
2025-07-19,21,34,03:20-05:40,528.8740453085932
2025-07-19,37,37,06:00-06:10,6.235815858289527
2025-07-19,40,41,06:30-06:50,24.839371381572732
2025-07-19,77,77,12:40-12:50,0.047964542327235904
2025-07-19,82,88,13:30-14:40,198.64843274115105
2025-07-19,90,93,14:50-15:30,242.1458816366819
2025-07-19,97,114,16:00-19:00,922.0223565788726
2025-07-19,116,137,19:10-22:50,815.0058340270342
2025-07-19,139,144,23:00-24:00,290.482266620608
2025-07-20,1,1,00:00-00:10,12.120732543755821
2025-07-20,4,8,00:30-01:20,133.83206798920912
2025-07-20,10,12,01:30-02:00,76.80538712988573
2025-07-20,14,20,02:10-03:20,264.1076362904897
2025-07-20,22,24,03:30-04:00,99.20041979395779
2025-07-20,26,29,04:10-04:50,150.21132488485333
2025-07-20,31,33,05:00-05:30,61.705127192487915
2025-07-20,36,36,05:50-06:00,12.446840585227505
2025-07-20,38,46,06:10-07:40,495.1858797633156
2025-07-20,48,52,07:50-08:40,100.30995112984829
2025-07-20,58,64,09:30-10:40,364.98359479254805
2025-07-20,67,72,11:00-12:00,744.4173853110374
2025-07-20,74,83,12:10-13:50,474.60125801703316
2025-07-20,85,86,14:00-14:20,104.1533547290062
2025-07-20,89,94,14:40-15:40,342.8424124245671
2025-07-20,97,98,16:00-16:20,33.417231581223064
2025-07-20,101,103,16:40-17:10,92.49169889929118
2025-07-20,106,109,17:30-18:10,223.66952076589047
2025-07-20,115,118,19:00-19:40,71.91023069388814
2025-07-20,121,126,20:00-21:00,221.1238739965786
2025-07-20,128,132,21:10-22:00,207.21238737333874
2025-07-20,134,140,22:10-23:20,293.5639758323467
2025-07-20,142,144,23:30-24:00,74.20861178444545
2025-07-21,1,2,00:00-00:20,54.16834564416354
2025-07-21,7,9,01:00-01:30,182.92437667456227
2025-07-21,12,17,01:50-02:50,357.4493949401241
2025-07-21,22,23,03:30-03:50,60.09263821085482
2025-07-21,25,26,04:00-04:20,56.11891579531148
2025-07-21,28,29,04:30-04:50,70.84917793412677
2025-07-21,31,36,05:00-06:00,231.8788471528211
2025-07-21,38,43,06:10-07:10,290.8178599665369
2025-07-21,46,48,07:30-08:00,274.25411701163705
2025-07-21,51,52,08:20-08:40,79.89316954768469
2025-07-21,54,58,08:50-09:40,287.10145337262406
2025-07-21,68,69,11:10-11:30,109.92223736769938
2025-07-21,72,81,11:50-13:30,1249.0635699819527
2025-07-21,85,98,14:00-16:20,787.1805936739804
2025-07-21,100,109,16:30-18:10,628.0808844161825
2025-07-21,112,117,18:30-19:30,212.17228870528072
2025-07-21,120,120,19:50-20:00,19.258780760626223
2025-07-21,123,125,20:20-20:50,112.67382557573376
2025-07-21,127,132,21:00-22:00,176.45972872746472
2025-07-21,136,144,22:30-24:00,254.391991123833
2025-07-22,1,7,00:00-01:10,291.7257831688386
2025-07-22,11,12,01:40-02:00,26.268173081984514
2025-07-22,15,15,02:20-02:30,3.996425845505996
2025-07-22,19,26,03:00-04:20,301.92493068918867
2025-07-22,30,42,04:50-07:00,294.72403034515906
2025-07-22,44,46,07:10-07:40,52.46466060571902
2025-07-22,55,67,09:00-11:10,672.7218733329576
2025-07-22,76,85,12:30-14:10,1160.3727146560636
2025-07-22,87,89,14:20-14:50,133.57117787114862
2025-07-22,93,93,15:20-15:30,28.5523807408872
2025-07-22,99,100,16:20-16:40,108.87802888725992
2025-07-22,102,104,16:50-17:20,26.539071885398357
2025-07-22,108,112,17:50-18:40,53.95881911153705
2025-07-22,117,121,19:20-20:10,203.7746313434095
2025-07-22,125,125,20:40-20:50,3.85107309796399
2025-07-22,132,136,21:50-22:40,165.12463459007813
2025-07-22,138,142,22:50-23:40,113.41512370048702
2025-07-23,1,5,00:00-00:50,48.07513522832005
2025-07-23,7,8,01:00-01:20,69.92998857744442
2025-07-23,10,10,01:30-01:40,0.6600248453743234
2025-07-23,16,17,02:30-02:50,15.823148032635686
2025-07-23,19,20,03:00-03:20,111.54210309909217
2025-07-23,24,24,03:50-04:00,11.671341623897888
2025-07-23,27,27,04:20-04:30,13.891691669956572
2025-07-23,29,30,04:40-05:00,25.41798214896687
2025-07-23,33,34,05:20-05:40,65.50671890756271
2025-07-23,37,55,06:00-09:10,909.1003074116904
2025-07-23,66,72,10:50-12:00,543.2631911313524
2025-07-23,80,83,13:10-13:50,188.24567480025507
2025-07-23,86,91,14:10-15:10,436.0442365771818
2025-07-23,93,96,15:20-16:00,271.83633205591025
2025-07-23,99,104,16:20-17:20,104.0336710196836
2025-07-23,107,119,17:40-19:50,303.6590860301176
2025-07-23,124,128,20:30-21:20,128.27990169101258
2025-07-23,131,134,21:40-22:20,35.095900631662516
2025-07-23,138,138,22:50-23:00,3.780587577312872
2025-07-23,141,144,23:20-24:00,125.97307488485365
2025-07-24,1,6,00:00-01:00,87.32386498223411
2025-07-24,9,9,01:20-01:30,8.431046190288043
2025-07-24,12,16,01:50-02:40,27.952881760758032
2025-07-24,19,25,03:00-04:10,173.16690040230858
2025-07-24,28,39,04:30-06:30,342.5610011373675
2025-07-24,42,42,06:50-07:00,17.553297919839167
2025-07-24,63,66,10:20-11:00,111.98009515537728
2025-07-24,74,85,12:10-14:10,1751.723593852575
2025-07-24,88,93,14:30-15:30,367.35969763126866
2025-07-24,95,103,15:40-17:10,524.1467814872269
2025-07-24,107,110,17:40-18:20,158.97695395822774
2025-07-24,117,120,19:20-20:00,59.879231882015006
2025-07-24,129,129,21:20-21:30,4.087736544282279
2025-07-24,131,135,21:40-22:30,91.61133137912896
2025-07-24,139,141,23:00-23:30,54.500044268983174
2025-07-24,144,144,23:50-24:00,15.595151335702099
2025-07-25,1,4,00:00-00:40,95.48485827740501
2025-07-25,9,10,01:20-01:40,11.079116857481267
2025-07-25,16,17,02:30-02:50,37.10728003026736
2025-07-25,19,23,03:00-03:50,146.79111719963166
2025-07-25,25,26,04:00-04:20,65.34646469084294
2025-07-25,28,32,04:30-05:20,112.57920455417056
2025-07-25,41,42,06:40-07:00,10.22017318162176
2025-07-25,46,47,07:30-07:50,92.85376666666662
2025-07-25,72,72,11:50-12:00,24.381967176132093
2025-07-25,84,85,13:50-14:10,52.02180568119843
2025-07-25,89,89,14:40-14:50,2.20320001503967
2025-07-25,104,105,17:10-17:30,38.69378076814644
2025-07-25,108,112,17:50-18:40,242.12992269941566
2025-07-25,117,118,19:20-19:40,33.37693252401641
2025-07-25,121,122,20:00-20:20,58.33206895174203
2025-07-25,128,132,21:10-22:00,134.5373193841299
2025-07-25,136,136,22:30-22:40,1.1787786419267832
2025-07-25,140,140,23:10-23:20,11.509786754836227
2025-07-25,143,144,23:40-24:00,45.43691847611524
2025-07-26,5,9,00:40-01:30,138.13206096854867
2025-07-26,13,14,02:00-02:20,37.2256449598633
2025-07-26,16,19,02:30-03:10,162.85147248322164
2025-07-26,23,25,03:40-04:10,101.56231742992497
2025-07-26,29,31,04:40-05:10,39.00515770026123
2025-07-26,34,40,05:30-06:40,254.97042448348458
2025-07-26,42,42,06:50-07:00,3.378043351568749
2025-07-26,71,80,11:40-13:20,778.3595158394901
2025-07-26,85,90,14:00-15:00,247.27178528189768
2025-07-26,108,108,17:50-18:00,29.71854550880741
2025-07-26,111,113,18:20-18:50,53.34915013723628
2025-07-26,115,120,19:00-20:00,67.4083635421955
2025-07-26,123,125,20:20-20:50,89.46304123568882
2025-07-26,127,129,21:00-21:30,77.60871319252533
2025-07-26,136,137,22:30-22:50,99.34649155809973
2025-07-26,139,140,23:00-23:20,73.985257961574
2025-07-26,144,144,23:50-24:00,1.0210725095408861
2025-07-27,1,1,00:00-00:10,2.7295912027900613
2025-07-27,3,3,00:20-00:30,3.8936011317277917
2025-07-27,5,6,00:40-01:00,67.34867819449948
2025-07-27,8,10,01:10-01:40,220.33233319515728
2025-07-27,13,16,02:00-02:40,55.18915502039738
2025-07-27,20,22,03:10-03:40,48.04852465080012
2025-07-27,25,40,04:00-06:40,662.3657696266422
2025-07-27,42,56,06:50-09:20,1521.6062661825808
2025-07-27,61,62,10:00-10:20,5.0529650076139205
2025-07-27,64,65,10:30-10:50,56.10143148252655
2025-07-27,77,78,12:40-13:00,18.327876304213078
2025-07-27,84,92,13:50-15:20,346.67425556464264
2025-07-27,98,101,16:10-16:50,93.30796414847896
2025-07-27,108,110,17:50-18:20,46.642843544263485
2025-07-27,113,114,18:40-19:00,50.95274785874062
2025-07-27,117,118,19:20-19:40,37.73407533510067
2025-07-27,123,124,20:20-20:40,18.12586155415204
2025-07-27,128,128,21:10-21:20,6.111878990656805
2025-07-27,130,130,21:30-21:40,1.7619413080668664
2025-07-27,134,135,22:10-22:30,73.0569391762076
2025-07-27,138,141,22:50-23:30,125.78308811027796
2025-07-27,144,144,23:50-24:00,29.475879063034654
2025-07-28,1,2,00:00-00:20,56.8997705158572
2025-07-28,7,7,01:00-01:10,2.196746282405684
2025-07-28,10,17,01:30-02:50,120.6358658310304
2025-07-28,19,20,03:00-03:20,76.05467065403366
2025-07-28,24,25,03:50-04:10,14.096361905701997
2025-07-28,29,31,04:40-05:10,53.30623018348303
2025-07-28,37,42,06:00-07:00,253.7659813330705
2025-07-28,47,81,07:40-13:30,3810.8086106123
2025-07-28,84,84,13:50-14:00,28.240033181057697
2025-07-28,87,91,14:20-15:10,191.83218523677988
2025-07-28,93,104,15:20-17:20,712.523087083827
2025-07-28,106,107,17:30-17:50,154.9798528189803
2025-07-28,109,111,18:00-18:30,98.91263268287187
2025-07-28,116,116,19:10-19:20,1.7113228441713773
2025-07-28,122,123,20:10-20:30,35.31412899817673
2025-07-28,126,130,20:50-21:40,214.64261840373763
2025-07-28,132,133,21:50-22:10,59.31767474667731
2025-07-28,140,142,23:10-23:40,192.96569192656978
2025-07-29,3,3,00:20-00:30,39.32534017633884
2025-07-29,9,9,01:20-01:30,29.611494275562563
2025-07-29,12,13,01:50-02:10,63.22990596789066
2025-07-29,16,17,02:30-02:50,52.66307072641143
2025-07-29,22,24,03:30-04:00,40.8783718290001
2025-07-29,34,35,05:30-05:50,37.895861216701704
2025-07-29,42,44,06:50-07:20,39.979788037899596
2025-07-29,50,52,08:10-08:40,100.73403164796173
2025-07-29,55,75,09:00-12:30,2554.5840218600206
2025-07-29,79,80,13:00-13:20,119.92718371214255
2025-07-29,88,88,14:30-14:40,0.5866637640297085
2025-07-29,99,102,16:20-17:00,191.25098104825832
2025-07-29,109,110,18:00-18:20,47.10662806102327
2025-07-29,113,117,18:40-19:30,107.3877620382384
2025-07-29,124,125,20:30-20:50,45.97700163837362
2025-07-29,135,136,22:20-22:40,40.49040291485721
2025-07-29,140,140,23:10-23:20,1.5477506711407614
2025-07-30,5,6,00:40-01:00,92.74580340176362
2025-07-30,13,14,02:00-02:20,8.724005013817532
2025-07-30,17,21,02:40-03:30,132.74711696275824
2025-07-30,24,26,03:50-04:20,17.62327356043093
2025-07-30,28,28,04:30-04:40,3.0488407741621586
2025-07-30,34,34,05:30-05:40,16.170338320831505
2025-07-30,38,38,06:10-06:20,37.191701073449394
2025-07-30,40,41,06:30-06:50,95.3789568148066
2025-07-30,44,57,07:10-09:30,733.2418088724087
2025-07-30,59,62,09:40-10:20,160.32299629368526
2025-07-30,66,69,10:50-11:30,101.0238697262796
2025-07-30,91,94,15:00-15:40,196.74003751245505
2025-07-30,96,98,15:50-16:20,64.64209003252267
2025-07-30,103,104,17:00-17:20,16.296104444193986
2025-07-30,109,109,18:00-18:10,35.386323574530635
2025-07-30,112,113,18:30-18:50,58.97917991277047
2025-07-30,125,126,20:40-21:00,39.91540470456653
2025-07-30,129,130,21:20-21:40,18.11800695486272
2025-07-30,137,138,22:40-23:00,15.522770318463358
2025-07-31,8,9,01:10-01:30,34.23751065271756
2025-07-31,13,15,02:00-02:30,141.71295205290164
2025-07-31,24,24,03:50-04:00,8.060573759705221
2025-07-31,26,28,04:10-04:40,64.22732453142342
2025-07-31,32,33,05:10-05:30,16.825349071306697
2025-07-31,48,52,07:50-08:40,279.91402467429964
2025-07-31,56,60,09:10-10:00,325.75286669392574
2025-07-31,64,65,10:30-10:50,22.69165628278165
2025-07-31,71,73,11:40-12:10,47.064946038012295
2025-07-31,77,95,12:40-15:50,702.7908785761297
2025-07-31,104,106,17:10-17:40,122.327634191529
2025-07-31,112,113,18:30-18:50,36.77467064933365
2025-07-31,116,116,19:10-19:20,6.885427448160726
2025-07-31,118,121,19:30-20:10,31.874856559134173
2025-07-31,125,125,20:40-20:50,5.669525141466011
2025-07-31,136,137,22:30-22:50,17.371282306882676
2025-07-31,142,144,23:30-24:00,54.26027346361366
2025-08-01,1,3,00:00-00:30,21.89052363468886
2025-08-01,6,6,00:50-01:00,7.516296881168614
2025-08-01,9,9,01:20-01:30,13.70910317147002
2025-08-01,11,13,01:40-02:10,75.89296191604171
2025-08-01,18,20,02:50-03:20,77.75488840260931
2025-08-01,23,24,03:40-04:00,44.94049681725039
2025-08-01,27,32,04:20-05:20,225.61984861917944
2025-08-01,105,107,17:20-17:50,62.58242248040162
2025-08-01,110,113,18:10-18:50,78.97121264170119
2025-08-01,118,118,19:30-19:40,0.4990039046489301
2025-08-01,122,124,20:10-20:40,68.36068336153289
2025-08-01,129,129,21:20-21:30,0.6814330833005897
2025-08-01,138,139,22:50-23:10,80.91545107250977
2025-08-02,9,9,01:20-01:30,21.148803789972362
2025-08-02,12,13,01:50-02:10,36.36655403342536
2025-08-02,20,21,03:10-03:30,37.75325626586214
2025-08-02,23,24,03:40-04:00,29.243256708589513
2025-08-02,28,28,04:30-04:40,0.35828445566151856
2025-08-02,36,37,05:50-06:10,31.557050068618196
2025-08-02,80,80,13:10-13:20,5.160392038426153
2025-08-02,95,95,15:40-15:50,35.227666666666664
2025-08-02,110,111,18:10-18:30,76.56128439832327
2025-08-02,114,115,18:50-19:10,31.10324022145778
2025-08-02,120,120,19:50-20:00,12.195142123963706
2025-08-02,125,126,20:40-21:00,26.668916785103534
2025-08-02,143,144,23:40-24:00,42.98538275430974
2025-08-03,4,5,00:30-00:50,29.417287616791782
2025-08-03,11,11,01:40-01:50,3.8687076983813995
2025-08-03,14,15,02:10-02:30,16.653147868140422
2025-08-03,18,18,02:50-03:00,4.811288985392821
2025-08-03,21,22,03:20-03:40,50.65947325963964
2025-08-03,25,27,04:00-04:30,42.78644838042621
2025-08-03,34,36,05:30-06:00,110.27295222115701
2025-08-03,40,41,06:30-06:50,62.0174460680916
2025-08-03,108,108,17:50-18:00,5.889953612317328
2025-08-03,112,121,18:30-20:10,239.08274898012934
2025-08-03,129,131,21:20-21:50,65.60853049743366
2025-08-03,133,137,22:00-22:50,187.64090665219192
2025-08-04,22,24,03:30-04:00,60.68898254187599
2025-08-04,26,28,04:10-04:40,102.02056475664068
2025-08-04,36,37,05:50-06:10,28.072520673773056
2025-08-04,40,40,06:30-06:40,18.542888910195074
2025-08-04,99,99,16:20-16:30,21.584408451300078
2025-08-04,103,106,17:00-17:40,67.3805822091258
2025-08-04,109,110,18:00-18:20,17.947333139698898
2025-08-04,112,114,18:30-19:00,57.23143286334669
2025-08-04,121,121,20:00-20:10,3.8003849397478007
2025-08-04,133,135,22:00-22:30,65.66351442295047
2025-08-04,139,140,23:00-23:20,39.429447071983304
2025-08-04,143,144,23:40-24:00,42.62573020134232
2025-08-05,1,1,00:00-00:10,3.149689834188848
2025-08-05,7,8,01:00-01:20,28.40814548624826
2025-08-05,13,14,02:00-02:20,34.23460842216082
2025-08-05,23,24,03:40-04:00,23.598046711973623
2025-08-05,27,29,04:20-04:50,57.159679366646216
2025-08-05,34,36,05:30-06:00,66.75559271802665
2025-08-05,39,41,06:20-06:50,82.7651720837328
2025-08-05,49,50,08:00-08:20,60.94893554227076
2025-08-05,63,64,10:20-10:40,138.51572850750995
2025-08-05,90,90,14:50-15:00,5.312558231346202
2025-08-05,103,103,17:00-17:10,0.5294660133852744
2025-08-05,107,108,17:40-18:00,21.365851543436264
2025-08-05,119,119,19:40-19:50,5.012728023424188
2025-08-05,121,122,20:00-20:20,10.048551931645193
2025-08-05,127,128,21:00-21:20,80.26208164890113
2025-08-05,131,131,21:40-21:50,7.001940090801554
2025-08-05,133,135,22:00-22:30,90.53229015659986
2025-08-05,141,143,23:20-23:50,45.45139098565619
2025-08-06,2,5,00:10-00:50,31.787491064613505
2025-08-06,8,8,01:10-01:20,7.601704007106264
2025-08-06,16,16,02:30-02:40,17.153642676668028
2025-08-06,20,23,03:10-03:50,108.12028572462549
2025-08-06,34,36,05:30-06:00,82.79558004812648
2025-08-06,39,39,06:20-06:30,16.68484974526723
2025-08-06,42,42,06:50-07:00,8.89482894835777
2025-08-06,69,69,11:20-11:30,12.011103857650369
2025-08-06,74,74,12:10-12:20,1.0156625213844563
2025-08-06,78,99,12:50-16:30,2232.1557532889674
2025-08-06,106,108,17:30-18:00,47.69348725396267
2025-08-06,111,112,18:20-18:40,31.203697891639862
2025-08-06,127,131,21:00-21:50,112.26709101855522
2025-08-06,135,136,22:20-22:40,39.48872255559968
2025-08-06,140,141,23:10-23:30,41.16675336886442
2025-08-06,143,144,23:40-24:00,83.80618876825929
2025-08-07,1,1,00:00-00:10,37.69695923805784
2025-08-07,5,6,00:40-01:00,57.867716344255996
2025-08-07,9,10,01:20-01:40,22.561406592972958
2025-08-07,12,14,01:50-02:20,39.55119088037918
2025-08-07,16,16,02:30-02:40,7.581079010396252
2025-08-07,20,20,03:10-03:20,4.2673734805332515
2025-08-07,25,26,04:00-04:20,53.586531376308955
2025-08-07,31,32,05:00-05:20,66.6547524589702
2025-08-07,39,42,06:20-07:00,128.6496061220464
2025-08-07,44,48,07:10-08:00,219.9771850431447
2025-08-07,51,52,08:20-08:40,49.324517620739584
2025-08-07,96,96,15:50-16:00,2.668516604628735
2025-08-07,111,113,18:20-18:50,46.602066060383834
2025-08-07,118,118,19:30-19:40,6.3106937190982535
2025-08-07,121,122,20:00-20:20,52.44976509221175
2025-08-07,132,135,21:50-22:30,142.649961337018
2025-08-07,138,138,22:50-23:00,7.9642123963681115
2025-08-07,141,141,23:20-23:30,12.543086590340863
2025-08-07,144,144,23:50-24:00,4.374549940781662
2025-08-08,3,3,00:20-00:30,10.488881431767254
2025-08-08,6,8,00:50-01:20,31.193834629556477
2025-08-08,27,27,04:20-04:30,3.3341893670219633
2025-08-08,36,45,05:50-07:30,258.12026099016816
2025-08-08,99,99,16:20-16:30,20.922530972120512
2025-08-08,102,104,16:50-17:20,73.73531060101897
2025-08-08,108,110,17:50-18:20,56.69177510950722
2025-08-08,113,113,18:40-18:50,2.262003776812776
2025-08-08,121,122,20:00-20:20,34.074361446995
2025-08-08,126,127,20:50-21:10,25.37890851427835
2025-08-08,131,132,21:40-22:00,81.13692076589041
2025-08-08,135,136,22:20-22:40,30.823328806421614
2025-08-09,2,2,00:10-00:20,3.1759518028687808
2025-08-09,4,6,00:30-01:00,43.17927577312821
2025-08-09,12,13,01:50-02:10,28.770963041189816
2025-08-09,16,16,02:30-02:40,0.3134318923542878
2025-08-09,27,27,04:20-04:30,8.710153309645989
2025-08-09,33,33,05:20-05:30,31.35702923786968
2025-08-09,36,38,05:50-06:20,93.31059121218968
2025-08-09,42,44,06:50-07:20,206.73935887428786
2025-08-09,75,75,12:20-12:30,15.03958333333344
2025-08-09,77,81,12:40-13:30,615.208981271973
2025-08-09,85,85,14:00-14:10,24.778945884796713
2025-08-09,101,105,16:40-17:30,130.53709028067652
2025-08-09,108,108,17:50-18:00,2.8022510950689536
2025-08-09,115,115,19:00-19:10,19.62658844114833
2025-08-09,127,129,21:00-21:30,92.73753183313613
2025-08-09,132,136,21:50-22:40,80.97368802474
2025-08-09,138,138,22:50-23:00,12.39853006974613
2025-08-10,2,3,00:10-00:30,15.061931313331343
2025-08-10,9,9,01:20-01:30,20.735799447295676
2025-08-10,16,17,02:30-02:50,30.710684813791545
2025-08-10,24,24,03:50-04:00,27.052893801816253
2025-08-10,31,31,05:00-05:10,1.3650629753915382
2025-08-10,34,35,05:30-05:50,29.221411803244862
2025-08-10,51,52,08:20-08:40,58.51555408700369
2025-08-10,58,60,09:30-10:00,253.414230277481
2025-08-10,71,85,11:40-14:10,1984.4049415223813
2025-08-10,93,93,15:20-15:30,15.479474507923669
2025-08-10,95,96,15:40-16:00,51.130799430376214
2025-08-10,100,106,16:30-17:40,212.87908501024577
2025-08-10,122,124,20:10-20:40,33.86116789239196
2025-08-10,133,134,22:00-22:20,48.58982358863034
2025-08-10,138,139,22:50-23:10,48.071570686932546
2025-08-10,141,144,23:20-24:00,12.872486050796283
2025-08-11,2,4,00:10-00:40,76.74027776023172
2025-08-11,6,8,00:50-01:20,102.92798614291337
2025-08-11,19,21,03:00-03:30,19.70501362303321
2025-08-11,27,27,04:20-04:30,7.176437689169575
2025-08-11,33,33,05:20-05:30,5.510599585471777
2025-08-11,41,41,06:40-06:50,4.663267209971195
2025-08-11,44,47,07:10-07:50,225.09322091252693
2025-08-11,49,49,08:00-08:10,8.148107963454095
2025-08-11,52,61,08:30-10:10,948.9262949006454
2025-08-11,72,78,11:50-13:00,252.8364550438971
2025-08-11,89,89,14:40-14:50,15.937841745154401
2025-08-11,92,93,15:10-15:30,24.239505539262723
2025-08-11,110,111,18:10-18:30,72.25371027766809
2025-08-11,114,118,18:50-19:40,110.6245089071873
2025-08-11,121,122,20:00-20:20,52.42976426785452
2025-08-11,132,135,21:50-22:30,123.76798351756838
2025-08-11,137,138,22:40-23:00,44.329295532307015
2025-08-11,142,143,23:30-23:50,17.574129234109932
2025-08-12,1,3,00:00-00:30,63.05891106724562
2025-08-12,18,19,02:50-03:10,68.33377902355573
2025-08-12,22,22,03:30-03:40,5.6225562179234885
2025-08-12,30,34,04:50-05:40,114.38944932133914
2025-08-12,53,70,08:40-11:40,1611.6742279096866
2025-08-12,75,78,12:20-13:00,144.82215449589262
2025-08-12,80,100,13:10-16:40,1389.8474368563552
2025-08-12,104,108,17:10-18:00,190.32977127441538
2025-08-12,111,112,18:20-18:40,65.71354538191113
2025-08-12,115,119,19:00-19:50,80.2297311760949
2025-08-12,125,126,20:40-21:00,27.222010382945314
2025-08-12,133,136,22:00-22:40,63.898166403474306
2025-08-13,5,6,00:40-01:00,83.26851487695797
2025-08-13,9,10,01:20-01:40,48.38265887616785
2025-08-13,16,18,02:30-03:00,78.36450869851308
2025-08-13,27,30,04:20-05:00,77.15625613332588
2025-08-13,33,33,05:20-05:30,22.226639430940256
2025-08-13,35,37,05:40-06:10,70.70885536536787
2025-08-13,40,41,06:30-06:50,16.606778675765668
2025-08-13,43,44,07:00-07:20,23.095361428195247
2025-08-13,57,72,09:20-12:00,1533.6181842742465
2025-08-13,75,75,12:20-12:30,29.110182965803915
2025-08-13,78,78,12:50-13:00,56.14718311149977
2025-08-13,82,86,13:30-14:20,601.9864084090011
2025-08-13,106,107,17:30-17:50,92.32563015904361
2025-08-13,112,113,18:30-18:50,28.364760364145514
2025-08-13,116,117,19:10-19:30,71.71693977497046
2025-08-13,124,125,20:30-20:50,53.27791388622552
2025-08-13,128,129,21:10-21:30,17.379611317278545
2025-08-13,132,132,21:50-22:00,13.644052506908793
2025-08-13,137,137,22:40-22:50,13.71631711409384
2025-08-14,3,7,00:20-01:10,41.763865673114765
2025-08-14,11,11,01:40-01:50,23.87274890117135
2025-08-14,16,17,02:30-02:50,29.646765278326257
2025-08-14,21,23,03:20-03:50,98.11537937792585
2025-08-14,27,27,04:20-04:30,11.033588630082932
2025-08-14,33,36,05:20-06:00,85.72726761510006
2025-08-14,38,57,06:10-09:30,1209.4721156796934
2025-08-14,59,64,09:40-10:40,218.206552334894
2025-08-14,69,69,11:20-11:30,20.0328324685579
2025-08-14,72,75,11:50-12:30,276.1643769922737
2025-08-14,77,79,12:40-13:10,36.9140426099309
2025-08-14,97,99,16:00-16:30,75.79863621811171
2025-08-14,102,108,16:50-18:00,223.0055172221911
2025-08-14,111,111,18:20-18:30,16.69653979376976
2025-08-14,114,116,18:50-19:20,70.54479545804907
2025-08-14,124,128,20:30-21:20,174.13709613107017
2025-08-14,136,139,22:30-23:10,58.40701659428896
2025-08-14,143,144,23:40-24:00,30.73127570733004
2025-08-15,4,5,00:30-00:50,64.48232882616139
2025-08-15,9,9,01:20-01:30,19.527769443347665
2025-08-15,15,16,02:20-02:40,41.41388653112256
2025-08-15,25,26,04:00-04:20,67.17588158592295
2025-08-15,29,29,04:40-04:50,3.1492324629180075
2025-08-15,32,35,05:10-05:50,79.76151090087065
2025-08-15,39,44,06:20-07:20,304.73094891339133
2025-08-15,76,76,12:30-12:40,32.42703135092938
2025-08-15,89,95,14:40-15:50,200.08963042317612
2025-08-15,98,101,16:10-16:50,116.59525072001907
2025-08-15,114,115,18:50-19:10,10.284003863290309
2025-08-15,120,121,19:50-20:10,37.988641444363225
2025-08-15,124,125,20:30-20:50,39.904005869193384
2025-08-15,127,131,21:00-21:50,65.80867362152958
2025-08-15,139,141,23:00-23:30,64.33437999736839
2025-08-15,143,144,23:40-24:00,52.52778920910646
2025-08-16,1,1,00:00-00:10,20.486606948282656
2025-08-16,7,8,01:00-01:20,58.008420292143796
2025-08-16,11,11,01:40-01:50,27.67391671930511
2025-08-16,19,20,03:00-03:20,16.303127575996882
2025-08-16,22,23,03:30-03:50,27.70613060083099
2025-08-16,28,31,04:30-05:10,79.90801098076811
2025-08-16,35,36,05:40-06:00,72.49714865489835
2025-08-16,42,44,06:50-07:20,106.9433002077343
2025-08-16,80,80,13:10-13:20,13.113516798263163
2025-08-16,83,89,13:40-14:50,327.6389463012051
2025-08-16,95,95,15:40-15:50,3.9358670097569757
2025-08-16,97,97,16:00-16:10,15.122138121557327
2025-08-16,100,101,16:30-16:50,27.165680463594867
2025-08-16,110,114,18:10-19:00,95.79219365894016
2025-08-16,117,118,19:20-19:40,28.123201590435087
2025-08-16,122,123,20:10-20:30,92.09060613238569
2025-08-16,127,127,21:00-21:10,2.8153443808396332
2025-08-16,131,131,21:40-21:50,2.421282477957675
2025-08-16,133,135,22:00-22:30,69.52852226608775
2025-08-16,138,138,22:50-23:00,1.2782649032769768
2025-08-17,2,4,00:10-00:40,25.3686817212797
2025-08-17,13,16,02:00-02:40,87.21501816686407
2025-08-17,19,20,03:00-03:20,63.8290333004345
2025-08-17,22,22,03:30-03:40,20.1436478747205
2025-08-17,30,31,04:50-05:10,18.39938218750602
2025-08-17,34,34,05:30-05:40,5.538175762788356
2025-08-17,37,38,06:00-06:20,34.664218924482725
2025-08-17,40,47,06:30-07:50,402.4466968379296
2025-08-17,51,52,08:20-08:40,59.73763569642631
2025-08-17,54,54,08:50-09:00,3.521582821048014
2025-08-17,57,58,09:20-09:40,55.23063596713905
2025-08-17,74,76,12:10-12:40,45.22738763465054
2025-08-17,97,98,16:00-16:20,95.4326889891529
2025-08-17,100,100,16:30-16:40,4.104289241065771
2025-08-17,104,104,17:10-17:20,13.303800053578698
2025-08-17,106,107,17:30-17:50,35.57850004981884
2025-08-17,110,112,18:10-18:40,124.79285728479358
2025-08-17,115,118,19:00-19:40,123.23851774575621
2025-08-17,122,123,20:10-20:30,10.441074299250033
2025-08-17,131,132,21:40-22:00,17.68626115936297
2025-08-17,137,138,22:40-23:00,14.924284912488247
2025-08-17,142,144,23:30-24:00,47.24133085932408
2025-08-18,1,2,00:00-00:20,34.74436708777512
2025-08-18,9,11,01:20-01:50,107.68836657454926
2025-08-18,13,14,02:00-02:20,79.16388977497036
2025-08-18,17,18,02:40-03:00,12.359149309119516
2025-08-18,24,24,03:50-04:00,40.46233254375579
2025-08-18,28,29,04:30-04:50,21.852675160265573
2025-08-18,32,38,05:10-06:20,203.13060105747024
2025-08-18,45,45,07:20-07:30,51.479327449100424
2025-08-18,48,56,07:50-09:20,498.8276603265472
2025-08-18,59,59,09:40-09:50,24.85236946590726
2025-08-18,80,88,13:10-14:40,502.01266352621496
2025-08-18,90,90,14:50-15:00,5.953228314815988
2025-08-18,95,96,15:40-16:00,27.525197510010457
2025-08-18,98,102,16:10-17:00,85.49463770044935
2025-08-18,105,106,17:20-17:40,157.03576947436756
2025-08-18,115,116,19:00-19:20,83.1817772357266
2025-08-18,120,120,19:50-20:00,33.718880115804836
2025-08-18,123,124,20:20-20:40,94.72059877615482
2025-08-18,130,132,21:30-22:00,31.75446009343318
2025-08-18,138,139,22:50-23:10,38.00710008553767
2025-08-19,5,6,00:40-01:00,48.38259180155285
2025-08-19,11,13,01:40-02:10,86.07273399131452
2025-08-19,15,18,02:20-03:00,95.1808050467165
2025-08-19,22,22,03:30-03:40,4.72735853777769
2025-08-19,27,29,04:20-04:50,68.10230104243053
2025-08-19,33,33,05:20-05:30,14.440662704679175
2025-08-19,51,53,08:20-08:50,149.47786885022458
2025-08-19,66,74,10:50-12:20,364.3271320154904
2025-08-19,84,86,13:50-14:20,227.9380288994796
2025-08-19,88,92,14:30-15:20,189.15334118023122
2025-08-19,94,97,15:30-16:10,127.21679070272398
2025-08-19,105,105,17:20-17:30,0.8165629876110074
2025-08-19,110,111,18:10-18:30,55.69712279059279
2025-08-19,117,122,19:20-20:20,161.8889402440173
2025-08-19,126,126,20:50-21:00,18.14328661666002
2025-08-19,129,131,21:20-21:50,131.79717293064914
2025-08-19,136,137,22:30-22:50,13.341665001973979
2025-08-19,143,143,23:40-23:50,7.789282037110183
2025-08-20,2,4,00:10-00:40,66.92776272535866
2025-08-20,12,14,01:50-02:20,75.92543666929885
2025-08-20,18,20,02:50-03:20,27.032764179497462
2025-08-20,24,24,03:50-04:00,1.0612113435977335
2025-08-20,28,29,04:30-04:50,18.024105312728935
2025-08-20,33,59,05:20-09:50,2754.5472137499314
2025-08-20,61,76,10:00-12:40,2096.3008214595916
2025-08-20,79,90,13:00-15:00,1041.2506632968634
2025-08-20,93,94,15:20-15:40,50.680052133739764
2025-08-20,99,105,16:20-17:30,195.14254825634953
2025-08-20,108,108,17:50-18:00,75.72634991916236
2025-08-20,115,122,19:00-20:20,173.08106357697477
2025-08-20,126,126,20:50-21:00,49.69753191209384
2025-08-20,133,134,22:00-22:20,6.410425075667945
2025-08-20,138,142,22:50-23:40,97.02768297144416
2025-08-21,1,2,00:00-00:20,35.793714455849795
2025-08-21,6,7,00:50-01:10,18.837313751809575
2025-08-21,17,20,02:40-03:20,120.28869824318974
2025-08-21,24,24,03:50-04:00,19.842000921173963
2025-08-21,29,31,04:40-05:10,58.281023299118374
2025-08-21,34,34,05:30-05:40,7.742217276709308
2025-08-21,40,40,06:30-06:40,3.4558602269096355
2025-08-21,55,55,09:00-09:10,2.103462526084286
2025-08-21,58,59,09:30-09:50,92.99782460192182
2025-08-21,62,63,10:10-10:30,33.022420122948006
2025-08-21,67,76,11:00-12:40,732.6804542016816
2025-08-21,79,89,13:00-14:50,1157.6353227755544
2025-08-21,91,93,15:00-15:30,154.99090648675633
2025-08-21,97,97,16:00-16:10,0.8480812766717918
2025-08-21,109,110,18:00-18:20,156.70719962871036
2025-08-21,112,113,18:30-18:50,18.361895036001066
2025-08-21,116,116,19:10-19:20,6.461362290151101
2025-08-21,118,119,19:30-19:50,8.374152706183395
2025-08-21,123,123,20:20-20:30,19.847556257402402
2025-08-21,126,126,20:50-21:00,18.96139097249636
2025-08-21,129,129,21:20-21:30,1.119515725753331
2025-08-21,132,132,21:50-22:00,7.5309034083431925
2025-08-21,141,141,23:20-23:30,5.823293854454278
2025-08-21,143,144,23:40-24:00,17.08693181997637
2025-08-22,3,3,00:20-00:30,9.110340834320255
2025-08-22,10,11,01:30-01:50,91.32893021450195
2025-08-22,16,20,02:30-03:20,138.28482013422808
2025-08-22,23,25,03:40-04:10,129.99235629594136
2025-08-22,27,29,04:20-04:50,25.55711156543162
2025-08-22,33,37,05:20-06:10,108.24616080405333
2025-08-22,77,105,12:40-17:30,1935.3499258690067
2025-08-22,109,110,18:00-18:20,85.2671754770365
2025-08-22,113,117,18:40-19:30,129.39884261087002
2025-08-22,120,120,19:50-20:00,16.027337807606386
2025-08-22,123,124,20:20-20:40,115.30412734570325
2025-08-22,126,129,20:50-21:30,80.7243375838924
2025-08-22,133,136,22:00-22:40,169.62637212133177
2025-08-23,2,4,00:10-00:40,48.85747106856172
2025-08-23,11,11,01:40-01:50,10.676590393472907
2025-08-23,15,15,02:20-02:30,3.15286945650746
2025-08-23,19,20,03:00-03:20,81.96067513488629
2025-08-23,22,23,03:30-03:50,24.235879389205433
2025-08-23,25,27,04:00-04:30,54.23217024326516
2025-08-23,30,31,04:50-05:10,64.98823053973267
2025-08-23,34,35,05:30-05:50,46.52245514729394
2025-08-23,81,86,13:20-14:20,397.22574904498833
2025-08-23,94,102,15:30-17:00,194.5066998044864
2025-08-23,104,106,17:10-17:40,30.258304035305287
2025-08-23,109,109,18:00-18:10,0.8928674741036389
2025-08-23,117,118,19:20-19:40,36.98516323200431
2025-08-23,124,124,20:30-20:40,8.345536267930015
2025-08-23,129,131,21:20-21:50,140.0533715094092
2025-08-23,135,139,22:20-23:10,61.58092277931348
2025-08-23,142,143,23:30-23:50,37.80143353072776
2025-08-24,1,2,00:00-00:20,20.609377174628435
2025-08-24,4,4,00:30-00:40,2.7567452559551384
2025-08-24,7,8,01:00-01:20,22.46315861297535
2025-08-24,12,15,01:50-02:30,71.99390361231758
2025-08-24,20,23,03:10-03:50,37.68193531197711
2025-08-24,33,34,05:20-05:40,29.57201025604885
2025-08-24,37,47,06:00-07:50,303.04108706690795
2025-08-24,50,51,08:10-08:30,31.436789161168008
2025-08-24,54,54,08:50-09:00,69.05110129622346
2025-08-24,57,57,09:20-09:30,39.5220396010759
2025-08-24,85,100,14:00-16:40,642.215757453049
2025-08-24,102,113,16:50-18:50,287.90123119019427
2025-08-24,125,126,20:40-21:00,16.124257639163375
2025-08-24,128,129,21:10-21:30,49.45978676799609
2025-08-24,135,135,22:20-22:30,17.232980655349365
2025-08-24,139,140,23:00-23:20,92.15806008685354
2025-08-25,7,7,01:00-01:10,8.54624536781148
2025-08-25,16,17,02:30-02:50,21.896360165811416
2025-08-25,24,26,03:50-04:20,106.41989518263675
2025-08-25,30,31,04:50-05:10,41.862583927396315
2025-08-25,33,35,05:20-05:50,53.780346754272216
2025-08-25,37,46,06:00-07:40,480.4629116650688
2025-08-25,48,49,07:50-08:10,20.01259870283718
2025-08-25,60,103,09:50-17:10,4042.944400464349
2025-08-25,107,109,17:40-18:10,31.943580652529405
2025-08-25,116,118,19:10-19:40,55.8511139792829
2025-08-25,132,132,21:50-22:00,16.712075931043728
2025-08-25,137,140,22:40-23:20,64.59956664692766
2025-08-26,7,8,01:00-01:20,54.00412145677058
2025-08-26,15,18,02:20-03:00,95.24239576918035
2025-08-26,22,23,03:30-03:50,12.566909830240952
2025-08-26,25,27,04:00-04:30,74.57659472580995
2025-08-26,37,38,06:00-06:20,33.768428945538176
2025-08-26,40,41,06:30-06:50,23.122731029458805
2025-08-26,44,53,07:10-08:50,297.271391555281
2025-08-26,64,64,10:30-10:40,8.568804350196388
2025-08-26,75,75,12:20-12:30,9.886041560919239
2025-08-26,78,80,12:50-13:20,152.7738834348504
2025-08-26,92,94,15:10-15:40,28.282657298892445
2025-08-26,97,104,16:00-17:20,537.0070459515355
2025-08-26,106,107,17:30-17:50,13.634046927227132
2025-08-26,110,110,18:10-18:20,7.1650734692532865
2025-08-26,119,120,19:40-20:00,6.388772737954582
2025-08-26,124,125,20:30-20:50,21.381853164890117
2025-08-26,128,129,21:10-21:30,29.266934465061468
2025-08-26,132,133,21:50-22:10,16.514713646532527
2025-08-26,141,141,23:20-23:30,5.005123042505829
2025-08-27,1,1,00:00-00:10,6.256589268324888
2025-08-27,8,8,01:10-01:20,25.25980699434126
2025-08-27,13,15,02:00-02:30,49.914634682195356
2025-08-27,22,22,03:30-03:40,13.29086245464623
2025-08-27,26,26,04:10-04:20,1.792380096065358
2025-08-27,31,33,05:00-05:30,32.00614509521916
2025-08-27,36,38,05:50-06:20,56.53807810708224
2025-08-27,41,43,06:40-07:10,70.1517983155681
2025-08-27,48,60,07:50-10:00,871.1381026281655
2025-08-27,65,71,10:40-11:50,245.61335230199597
2025-08-27,84,88,13:50-14:40,269.3917050194575
2025-08-27,93,106,15:20-17:40,486.80365389619055
2025-08-27,111,112,18:20-18:40,46.21265091459372
2025-08-27,114,114,18:50-19:00,27.123307672062083
2025-08-27,117,120,19:20-20:00,54.51586087361136
2025-08-27,130,131,21:30-21:50,19.57812515462581
2025-08-27,133,134,22:00-22:20,21.48298803789976
2025-08-27,140,142,23:10-23:40,6.887033918936822
2025-08-28,7,8,01:00-01:20,62.14826077773398
2025-08-28,10,10,01:30-01:40,2.351419956573295
2025-08-28,13,14,02:00-02:20,48.76406414659834
2025-08-28,17,20,02:40-03:20,99.90888624161119
2025-08-28,27,28,04:20-04:40,44.0498719963154
2025-08-28,35,39,05:40-06:30,110.47518203617022
2025-08-28,42,77,06:50-12:50,4515.82845500818
2025-08-28,82,83,13:30-13:50,78.80339210140437
2025-08-28,87,87,14:20-14:30,1.5595637348899345
2025-08-28,90,91,14:50-15:10,68.13998761585174
2025-08-28,103,105,17:00-17:30,213.8419499558212
2025-08-28,110,111,18:10-18:30,51.4949162239392
2025-08-28,114,114,18:50-19:00,44.46338531385709
2025-08-28,120,121,19:50-20:10,62.57901835109885
2025-08-28,128,132,21:10-22:00,112.79018585340214
2025-08-28,134,134,22:10-22:20,3.6818897749705
2025-08-28,138,139,22:50-23:10,94.44278207000912
2025-08-28,141,141,23:20-23:30,17.81855836294244
2025-08-29,5,6,00:40-01:00,16.08319717726033
2025-08-29,24,25,03:50-04:10,7.940222888349922
2025-08-29,28,29,04:30-04:50,17.193374392307256
2025-08-29,33,33,05:20-05:30,6.647336491643671
2025-08-29,36,46,05:50-07:40,655.2983156007372
2025-08-29,78,79,12:50-13:10,104.58692311864297
2025-08-29,92,93,15:10-15:30,43.90728504032484
2025-08-29,95,95,15:40-15:50,5.025500000000079
2025-08-29,99,99,16:20-16:30,2.46354468633092
2025-08-29,102,103,16:50-17:10,65.83665862331509
2025-08-29,106,106,17:30-17:40,10.08191443517012
2025-08-29,112,112,18:30-18:40,12.245841176470663
2025-08-29,117,117,19:20-19:30,7.174733517568143
2025-08-29,120,122,19:50-20:20,102.28025586167337
2025-08-29,125,126,20:40-21:00,22.08479819713125
2025-08-29,132,133,21:50-22:10,46.71101546914065
2025-08-29,136,137,22:30-22:50,27.164687715488753
2025-08-29,141,142,23:20-23:40,25.33414971048842
2025-08-30,1,2,00:00-00:20,31.14685186208726
2025-08-30,5,6,00:40-01:00,84.5611270561916
2025-08-30,9,15,01:20-02:30,99.7695455717859
2025-08-30,25,28,04:00-04:40,97.64904525219491
2025-08-30,32,34,05:10-05:40,82.10980258492667
2025-08-30,37,37,06:00-06:10,0.10693132085049228
2025-08-30,83,83,13:40-13:50,11.313766232397938
2025-08-30,87,93,14:20-15:30,433.74735998158417
2025-08-30,98,100,16:10-16:40,44.99245569059849
2025-08-30,105,107,17:20-17:50,67.66561428007469
2025-08-30,109,110,18:00-18:20,61.44750872107242
2025-08-30,115,118,19:00-19:40,63.96530980298155
2025-08-30,121,121,20:00-20:10,14.368626161337033
2025-08-30,124,125,20:30-20:50,73.9850768258982
2025-08-30,130,132,21:30-22:00,61.951650486906146
2025-08-30,136,137,22:30-22:50,61.376371687063966
2025-08-30,140,142,23:10-23:40,123.50634834188747
2025-08-31,11,12,01:40-02:00,29.803336044216394
2025-08-31,26,27,04:10-04:30,52.294941676536496
2025-08-31,35,39,05:40-06:30,157.51679869813734
2025-08-31,42,47,06:50-07:50,297.72745326546766
2025-08-31,58,60,09:30-10:00,261.19465084315675
2025-08-31,62,69,10:10-11:30,238.4425528509389
2025-08-31,71,78,11:40-13:00,413.3953758088471
2025-08-31,89,96,14:40-16:00,179.44869290132158
2025-08-31,102,102,16:50-17:00,0.5537835335477439
2025-08-31,109,110,18:00-18:20,48.87137268249597
2025-08-31,121,122,20:00-20:20,49.75712201887444
2025-08-31,124,125,20:30-20:50,32.54936829188057
2025-08-31,138,139,22:50-23:10,34.45835205290166
2025-08-31,141,141,23:20-23:30,14.327341097513
2025-09-01,60,63,09:50-10:30,240.1799095783283
2025-09-01,70,72,11:30-12:00,205.30156289643423
2025-09-01,76,76,12:30-12:40,5.171852827440034
2025-09-02,35,36,05:40-06:00,30.37895097475234
2025-09-02,40,44,06:30-07:20,81.46614290414215
2025-09-02,52,56,08:30-09:20,100.51424572218173
2025-09-02,58,59,09:30-09:50,38.60953974113113
2025-09-02,61,62,10:00-10:20,29.541126084259076
2025-09-03,40,40,06:30-06:40,0.5735582557857697
2025-09-03,58,58,09:30-09:40,1.4775952785139452
2025-09-03,95,95,15:40-15:50,37.135276445208774
2025-09-04,37,38,06:00-06:20,28.48850570845798
2025-09-04,40,41,06:30-06:50,11.27737911661336
2025-09-04,47,48,07:40-08:00,70.29329732859594
2025-09-04,97,97,16:00-16:10,9.988352039741812
2025-09-05,37,38,06:00-06:20,48.345143400447455
2025-09-05,75,77,12:20-12:50,186.72325544150544
2025-09-06,35,35,05:40-05:50,3.1982853100971624
2025-09-06,39,41,06:20-06:50,51.565643128795244
2025-09-06,44,46,07:10-07:40,53.9050234579737
2025-09-07,32,33,05:10-05:30,15.064170951064884
2025-09-07,41,41,06:40-06:50,8.697911618070123
2025-09-07,48,52,07:50-08:40,293.30387839189405
2025-09-07,54,56,08:50-09:20,97.67328225612391
2025-09-07,58,59,09:30-09:50,9.922654514691658
2025-09-07,61,62,10:00-10:20,19.989427771511828
2025-09-07,75,81,12:20-13:30,385.439328040344
2025-09-08,28,29,04:30-04:50,22.15885944673179
2025-09-08,31,32,05:00-05:20,14.644964556426732
2025-09-08,35,37,05:40-06:10,27.294776201756008
2025-09-08,43,43,07:00-07:10,16.163478084522353
2025-09-08,49,50,08:00-08:20,16.41938493504813
2025-09-08,54,68,08:50-11:20,734.9729253059629
2025-09-08,72,75,11:50-12:30,173.5855200806502
2025-09-08,78,94,12:50-15:40,1771.9106749788523
2025-09-08,100,101,16:30-16:50,19.168074116895184
2025-09-09,33,33,05:20-05:30,0.829138044479464
2025-09-09,40,41,06:30-06:50,29.71264832026742
2025-09-09,44,46,07:10-07:40,93.88746577463212
2025-09-09,88,89,14:30-14:50,61.748999573252604
2025-09-09,93,94,15:20-15:40,40.7025333568331
2025-09-09,98,100,16:10-16:40,48.07129929031987
2025-09-10,36,67,05:50-11:10,2833.416104095466
2025-09-10,72,73,11:50-12:10,87.64069434512044
2025-09-10,76,90,12:30-15:00,1810.1937976735665
2025-09-11,38,38,06:10-06:20,3.4617434728254466
2025-09-11,49,55,08:00-09:10,417.7769824412992
2025-09-12,31,31,05:00-05:10,9.585638426108801
2025-09-12,40,46,06:30-07:40,302.1312445190158
2025-09-12,75,75,12:20-12:30,58.475833333332275
2025-09-12,81,81,13:20-13:30,23.41765951346997
2025-09-13,37,42,06:00-07:00,143.96794677777143
2025-09-13,45,45,07:20-07:30,2.4113164796120827
2025-09-13,97,97,16:00-16:10,13.410575019269459
2025-09-13,101,103,16:40-17:10,63.22308006974603
2025-09-14,25,25,04:00-04:10,6.712918515594197
2025-09-14,28,29,04:30-04:50,18.968481272911816
2025-09-14,33,33,05:20-05:30,19.616943676799565
2025-09-14,39,40,06:20-06:40,30.567603288966666
2025-09-14,46,79,07:30-13:10,2319.236897353979
2025-09-14,83,84,13:40-14:00,24.50019150076082
2025-09-15,5,5,00:40-00:50,15.79356800236883
2025-09-15,11,11,01:40-01:50,0.06576161337011399
2025-09-15,34,49,05:30-08:10,598.4469485477427
2025-09-15,53,54,08:40-09:00,84.72624151862101
2025-09-15,89,92,14:40-15:20,66.48537312146368
2025-09-15,108,108,17:50-18:00,34.96484694884664
2025-09-16,2,2,00:10-00:20,14.164401664692605
2025-09-16,19,20,03:00-03:20,11.552533392551709
2025-09-16,23,26,03:40-04:20,33.34140871731245
2025-09-16,38,39,06:10-06:30,19.495247327655875
2025-09-16,41,43,06:40-07:10,35.403974882033594
2025-09-16,45,47,07:20-07:50,56.31127226232786
2025-09-16,56,56,09:10-09:20,7.399739754290977
2025-09-16,60,60,09:50-10:00,23.805757289493158
2025-09-16,64,80,10:30-13:20,1761.587934691595
2025-09-16,83,83,13:40-13:50,16.932726667982706
2025-09-16,87,89,14:20-14:50,47.53119909386578
2025-09-16,91,94,15:00-15:40,87.55580771530117
2025-09-16,124,124,20:30-20:40,6.736572246348032
2025-09-16,131,131,21:40-21:50,0.5460593170154198
2025-09-16,141,141,23:20-23:30,4.4877595736279545
2025-09-16,144,144,23:50-24:00,15.477853006974556
2025-09-17,21,21,03:20-03:30,4.9389774970391045
2025-09-17,33,33,05:20-05:30,14.370355967890532
2025-09-17,36,37,05:50-06:10,37.12951070159602
2025-09-17,40,43,06:30-07:10,35.108068768446685
2025-09-17,45,73,07:20-12:10,2422.839300486908
2025-09-17,81,83,13:20-13:50,112.45026196304048
2025-09-17,85,86,14:00-14:20,22.31108972327229
2025-09-17,96,96,15:50-16:00,15.966990487470412
2025-09-17,136,137,22:30-22:50,36.367649467035335
2025-09-18,33,33,05:20-05:30,43.20135280958016
2025-09-18,36,38,05:50-06:20,57.060716302897276
2025-09-18,40,40,06:30-06:40,0.08214774030409444
2025-09-18,50,51,08:10-08:30,28.28334592991564
2025-09-18,53,66,08:40-11:00,1066.8582335297892
2025-09-18,72,73,11:50-12:10,70.01060054988397
2025-09-18,76,80,12:30-13:20,343.39273855958436
2025-09-18,83,83,13:40-13:50,17.39629028725608
2025-09-18,102,102,16:50-17:00,5.05911266520053
2025-09-18,130,130,21:30-21:40,32.7128495920515
2025-09-19,7,7,01:00-01:10,16.3107628964338
2025-09-19,11,12,01:40-02:00,45.791516567969495
2025-09-19,27,30,04:20-05:00,30.65661389374557
2025-09-19,33,33,05:20-05:30,7.180387550993544
2025-09-19,37,40,06:00-06:40,34.25942978963394
2025-09-19,46,47,07:30-07:50,49.94327901791587
2025-09-19,75,77,12:20-12:50,96.76476197995999
2025-09-19,82,84,13:30-14:00,79.74551916887526
2025-09-19,90,93,14:50-15:30,75.17559019137866
2025-09-19,96,98,15:50-16:20,144.33702434718867
2025-09-19,102,102,16:50-17:00,34.7525692995319
2025-09-19,106,106,17:30-17:40,0.2689774744797404
2025-09-19,136,136,22:30-22:40,1.3964717660217048
2025-09-20,20,21,03:10-03:30,47.45856385708652
2025-09-20,36,47,05:50-07:50,411.0510897110528
2025-09-20,80,84,13:10-14:00,217.65263684883348
2025-09-20,87,87,14:20-14:30,25.127384101291454
2025-09-20,92,95,15:10-15:50,181.2219164955917
2025-09-20,100,101,16:30-16:50,16.879656580753135
2025-09-20,115,115,19:00-19:10,8.180760994867796
2025-09-21,19,20,03:00-03:20,16.887555290169757
2025-09-21,28,28,04:30-04:40,5.3710771097700585
2025-09-21,34,42,05:30-07:00,111.05367420995344
2025-09-21,65,72,10:40-12:00,691.8632079136364
2025-09-21,75,76,12:20-12:40,70.7235492536613
2025-09-21,79,80,13:00-13:20,48.87657053747739
2025-09-21,101,104,16:40-17:20,58.161152651664935
2025-09-22,1,2,00:00-00:20,14.919315133570535
2025-09-22,4,5,00:30-00:50,48.38851684432143
2025-09-22,10,12,01:30-02:00,29.653417956310136
2025-09-22,16,18,02:30-03:00,53.41337404921694
2025-09-22,22,23,03:30-03:50,18.782311146203483
2025-09-22,25,26,04:00-04:20,14.219485844942167
2025-09-22,32,33,05:10-05:30,29.123825268362452
2025-09-22,37,38,06:00-06:20,25.82292003083103
2025-09-22,42,42,06:50-07:00,34.35733235576117
2025-09-22,45,45,07:20-07:30,6.115070638993927
2025-09-22,47,51,07:40-08:30,85.74114647416002
2025-09-22,64,71,10:30-11:50,258.04554901208826
2025-09-22,73,77,12:00-12:50,297.91282253398094
2025-09-22,79,81,13:00-13:30,95.87743231158242
2025-09-22,84,84,13:50-14:00,5.442481647020941
2025-09-22,88,88,14:30-14:40,1.1709115250125706
2025-09-22,93,105,15:20-17:30,484.3260924943124
2025-09-22,119,121,19:40-20:10,70.51688178989684
2025-09-22,127,128,21:00-21:20,56.11989170943582
2025-09-22,130,132,21:30-22:00,45.74831993025407
2025-09-22,138,138,22:50-23:00,29.97534215028304
2025-09-22,141,141,23:20-23:30,31.552464797999846
2025-09-23,5,5,00:40-00:50,5.251135544150657
2025-09-23,7,7,01:00-01:10,0.6302106658771436
2025-09-23,13,14,02:00-02:20,19.24594295302029
2025-09-23,24,24,03:50-04:00,3.556962758257555
2025-09-23,30,31,04:50-05:10,37.86610744740858
2025-09-23,35,48,05:40-08:00,334.40217988269177
2025-09-23,51,51,08:20-08:30,13.509149394657356
2025-09-23,57,67,09:20-11:10,961.5667405786487
2025-09-23,78,78,12:50-13:00,19.91872353975168
2025-09-23,84,93,13:50-15:30,601.6902272620462
2025-09-23,96,101,15:50-16:50,289.66977254337974
2025-09-23,103,104,17:00-17:20,37.89909587257765
2025-09-23,106,106,17:30-17:40,7.977977194367675
2025-09-23,110,112,18:10-18:40,23.572172256688365
2025-09-23,121,123,20:00-20:30,65.77697770101338
2025-09-23,126,127,20:50-21:10,69.78536569943435
2025-09-23,129,131,21:20-21:50,21.210102079221087
2025-09-23,135,135,22:20-22:30,29.278853138570867
2025-09-24,10,10,01:30-01:40,2.657151138307654
2025-09-24,14,15,02:10-02:30,18.428639320963157
2025-09-24,18,23,02:50-03:50,92.24803333333364
2025-09-24,26,33,04:10-05:30,123.05090850675863
2025-09-24,37,58,06:00-09:40,935.6758926146304
2025-09-24,62,62,10:10-10:20,23.29177359521009
2025-09-24,69,78,11:20-13:00,689.3607071231183
2025-09-24,102,103,16:50-17:10,36.41699628334604
2025-09-24,110,111,18:10-18:30,56.14145388490969
2025-09-24,115,115,19:00-19:10,1.059285741545068
2025-09-24,119,120,19:40-20:00,48.97248801064052
2025-09-24,143,143,23:40-23:50,11.976613514936162
2025-09-25,3,5,00:20-00:50,109.36878587314186
2025-09-25,8,9,01:10-01:30,7.481068824845352
2025-09-25,13,14,02:00-02:20,33.63901857481255
2025-09-25,18,20,02:50-03:20,49.66889543360969
2025-09-25,28,31,04:30-05:10,54.45797727520551
2025-09-25,38,49,06:10-08:10,321.2146238358434
2025-09-25,73,78,12:00-13:00,238.72913332111352
2025-09-25,87,90,14:20-15:00,37.040110653657734
2025-09-25,94,96,15:30-16:00,95.33796692139936
2025-09-25,98,100,16:10-16:40,128.51359163799788
2025-09-25,103,104,17:00-17:20,7.2067452004963
2025-09-25,107,108,17:40-18:00,23.938168357678627
2025-09-25,112,114,18:30-19:00,130.02839144812285
2025-09-25,126,129,20:50-21:30,117.58482168048454
2025-09-25,136,139,22:30-23:10,97.44943813659722
2025-09-25,141,141,23:20-23:30,1.2214942755626907
2025-09-26,12,13,01:50-02:10,18.25901779839444
2025-09-26,21,21,03:20-03:30,5.2933833399131345
2025-09-26,25,26,04:00-04:20,14.270346158329218
2025-09-26,29,34,04:40-05:40,51.71138655368204
2025-09-26,37,38,06:00-06:20,10.219222464422046
2025-09-26,42,46,06:50-07:40,93.43083175041863
2025-09-26,75,78,12:20-13:00,211.71587070291184
2025-09-26,81,81,13:20-13:30,10.242841398304563
2025-09-26,84,91,13:50-15:10,313.3885184789351
2025-09-26,98,98,16:10-16:20,5.30885397232737
2025-09-26,100,101,16:30-16:50,17.922920680352775
2025-09-26,105,105,17:20-17:30,1.333374856654089
2025-09-26,120,120,19:50-20:00,19.0442163442558
2025-09-26,131,132,21:40-22:00,42.30212631267284
2025-09-26,142,143,23:30-23:50,15.570444821686863
2025-09-27,4,4,00:30-00:40,19.767886853533355
2025-09-27,7,8,01:00-01:20,59.756512541123925
2025-09-27,18,20,02:50-03:20,48.31459218318207
2025-09-27,23,24,03:40-04:00,28.204341716015392
2025-09-27,27,28,04:20-04:40,55.232849749967116
2025-09-27,32,32,05:10-05:20,7.6508107250953685
2025-09-27,34,45,05:30-07:30,370.383695160078
2025-09-27,75,102,12:20-17:00,2347.9235795114023
2025-09-27,106,107,17:30-17:50,33.997320623954316
2025-09-27,110,113,18:10-18:50,36.01779326509143
2025-09-27,116,117,19:10-19:30,38.06240714473711
2025-09-27,127,128,21:00-21:20,48.88843525463881
2025-09-27,130,130,21:30-21:40,7.112288386629871
2025-09-27,140,143,23:10-23:50,76.60259824976953
2025-09-28,13,14,02:00-02:20,56.25867395709963
2025-09-28,16,16,02:30-02:40,3.905960461902964
2025-09-28,21,21,03:20-03:30,10.262370048690627
2025-09-28,24,24,03:50-04:00,6.066669956573264
2025-09-28,30,31,04:50-05:10,25.472655210272283
2025-09-28,36,36,05:50-06:00,4.948005658639204
2025-09-28,38,68,06:10-11:20,1707.4465501278376
2025-09-28,73,73,12:00-12:10,2.4926321677664873
2025-09-28,76,88,12:30-14:40,747.6315676357804
2025-09-28,92,93,15:10-15:30,48.34870131408252
2025-09-28,105,107,17:20-17:50,119.61628145056699
2025-09-28,117,118,19:20-19:40,46.142890189498985
2025-09-28,135,135,22:20-22:30,3.7849927622055475
2025-09-28,139,140,23:00-23:20,9.495910830372623
2025-09-28,143,144,23:40-24:00,63.29123366890383
2025-09-29,3,4,00:20-00:40,63.163126608764514
2025-09-29,9,9,01:20-01:30,10.697304250559228
2025-09-29,14,15,02:10-02:30,41.50852343729434
2025-09-29,18,20,02:50-03:20,128.4023383932098
2025-09-29,24,26,03:50-04:20,66.3918697619988
2025-09-29,28,30,04:30-05:00,24.78426227605143
2025-09-29,33,33,05:20-05:30,0.5952697723383835
2025-09-29,35,39,05:40-06:30,136.79363464835626
2025-09-29,41,43,06:40-07:10,60.93910172767113
2025-09-29,46,55,07:30-09:10,208.7202638993856
2025-09-29,57,59,09:20-09:50,182.56410669261027
2025-09-29,63,68,10:20-11:20,306.92078584776164
2025-09-29,77,83,12:40-13:50,334.0590276417954
2025-09-29,87,88,14:20-14:40,38.48965599327005
2025-09-29,92,93,15:10-15:30,36.426843125975665
2025-09-29,96,98,15:50-16:20,89.47910546970519
2025-09-29,102,104,16:50-17:20,87.40574699960544
2025-09-29,111,114,18:20-19:00,132.9629388669562
2025-09-29,116,117,19:10-19:30,62.26882152914868
2025-09-29,122,125,20:10-20:50,97.5092009014345
2025-09-29,130,131,21:30-21:50,34.62685050664561
2025-09-29,135,137,22:20-22:50,41.17406110014474
2025-09-29,142,144,23:30-24:00,94.11842056191597
2025-09-30,1,1,00:00-00:10,21.69967485853431
2025-09-30,3,8,00:20-01:20,96.29842697723427
2025-09-30,15,15,02:20-02:30,12.250933017502348
2025-09-30,18,23,02:50-03:50,121.72380942887253
2025-09-30,25,26,04:00-04:20,14.194394409978827
2025-09-30,28,31,04:30-05:10,113.93461892166255
2025-09-30,39,44,06:20-07:20,276.55549731355603
2025-09-30,46,71,07:30-11:50,1606.8689345261614
2025-09-30,73,73,12:00-12:10,14.828819265693255
2025-09-30,79,98,13:00-16:20,1396.1333247118991
2025-09-30,100,103,16:30-17:10,36.08254825728949
2025-09-30,107,107,17:40-17:50,11.443459754102836
2025-09-30,111,111,18:20-18:30,13.923385313857011
2025-09-30,114,114,18:50-19:00,16.419767732596483
2025-09-30,121,122,20:00-20:20,81.61304611791047
2025-09-30,124,125,20:30-20:50,71.3726403210951
2025-09-30,127,128,21:00-21:20,20.547401894986137
2025-09-30,139,143,23:00-23:50,80.65827250296081
2025-10-01,4,4,00:30-00:40,10.72176474536127
2025-10-01,11,12,01:40-02:00,27.158547282537143
2025-10-01,18,18,02:50-03:00,12.30642518752461
2025-10-01,21,21,03:20-03:30,5.607680615870663
2025-10-01,24,28,03:50-04:40,112.6779136521725
2025-10-01,31,32,05:00-05:20,19.37125767864205
2025-10-01,35,35,05:40-05:50,1.609665541518666
2025-10-01,38,39,06:10-06:30,4.685852683623921
2025-10-02,1,1,00:00-00:10,2.560655652059495
2025-10-02,9,16,01:20-02:40,144.67184698644598
2025-10-02,18,19,02:50-03:10,9.98424746019225
2025-10-02,22,24,03:30-04:00,35.34575734307168
2025-10-02,27,28,04:20-04:40,37.5227048333428
2025-10-02,34,36,05:30-06:00,82.73309177805393
2025-10-02,39,39,06:20-06:30,3.1167036781155275
2025-10-02,42,42,06:50-07:00,16.889619263813074
2025-10-03,5,5,00:40-00:50,16.008476589024895
2025-10-03,8,10,01:10-01:40,36.71074864455869
2025-10-03,16,17,02:30-02:50,13.486095078299911
2025-10-03,20,24,03:10-04:00,53.06696746282415
2025-10-03,26,27,04:10-04:30,24.013112547703713
2025-10-03,34,37,05:30-06:10,68.04468818453552
2025-10-03,40,42,06:30-07:00,38.87224825070973
2025-10-03,86,86,14:10-14:20,9.17993797304166
2025-10-04,10,10,01:30-01:40,5.92313782734567
2025-10-04,16,17,02:30-02:50,25.51007815502038
2025-10-04,26,33,04:10-05:30,149.54676280807652
2025-10-04,36,41,05:50-06:50,199.89097623371487
2025-10-04,43,46,07:00-07:40,224.8583959740945
2025-10-04,76,84,12:30-14:00,238.2798631679816
2025-10-04,92,95,15:10-15:50,111.09727224540791
2025-10-05,2,9,00:10-01:30,140.5454996710098
2025-10-05,12,12,01:50-02:00,0.590917883932093
2025-10-05,16,18,02:30-03:00,109.46793323463635
2025-10-05,21,22,03:20-03:40,18.22568820897493
2025-10-05,24,26,03:50-04:20,17.924324530483315
2025-10-05,28,31,04:30-05:10,69.69600610794681
2025-10-05,37,41,06:00-06:50,60.185208162728486
2025-10-05,45,49,07:20-08:10,78.21388469723435
2025-10-05,60,61,09:50-10:10,88.55588371308272
2025-10-05,92,92,15:10-15:20,21.76010088639464
2025-10-05,136,136,22:30-22:40,3.9373903803129906
2025-10-06,3,3,00:20-00:30,4.195117778655231
2025-10-06,11,18,01:40-03:00,80.12546914725658
2025-10-06,21,21,03:20-03:30,7.258304382155529
2025-10-06,24,24,03:50-04:00,15.306215291485728
2025-10-06,27,27,04:20-04:30,4.239987498355049
2025-10-06,30,32,04:50-05:20,49.18602083356849
2025-10-06,38,41,06:10-06:50,89.27592103566303
2025-10-06,43,44,07:00-07:20,50.50052580978701
2025-10-06,49,50,08:00-08:20,25.040074759836898
2025-10-06,54,59,08:50-09:50,131.7990745953415
2025-10-06,65,86,10:40-14:20,1315.377430202283
2025-10-06,90,90,14:50-15:00,12.944539765570312
2025-10-06,94,95,15:30-15:50,5.846924246611366
2025-10-06,97,98,16:00-16:20,37.4430741187752
2025-10-06,102,102,16:50-17:00,8.863310750474767
2025-10-07,8,10,01:10-01:40,63.011691669956576
2025-10-07,12,12,01:50-02:00,2.4909692064744604
2025-10-07,16,18,02:30-03:00,63.58205251348875
2025-10-07,31,40,05:00-06:40,150.54907621773575
2025-10-07,43,80,07:00-13:20,2323.027432950765
2025-10-07,90,90,14:50-15:00,1.1017961009905548
2025-10-07,93,96,15:20-16:00,91.86922743970047
2025-10-08,6,6,00:50-01:00,16.33704303197794
2025-10-08,16,21,02:30-03:30,80.03290480326382
2025-10-08,23,24,03:40-04:00,23.22047950388219
2025-10-08,28,31,04:30-05:10,35.87964539413082
2025-10-08,34,34,05:30-05:40,0.37388397251515926
2025-10-08,37,50,06:00-08:20,831.1170275750577
2025-10-08,54,55,08:50-09:10,30.52085664185131
2025-10-08,61,80,10:00-13:20,1637.5548524486326
2025-10-08,93,94,15:20-15:40,27.00309185419121
2025-10-08,97,97,16:00-16:10,2.726992026206517
2025-10-08,135,135,22:20-22:30,7.668408343202827
2025-10-09,3,3,00:20-00:30,5.940794841426623
2025-10-09,7,7,01:00-01:10,0.6119710948809143
2025-10-09,12,14,01:50-02:20,29.91364129490728
2025-10-09,18,19,02:50-03:10,11.55348630082915
2025-10-09,22,23,03:30-03:50,22.569358981445134
2025-10-09,26,27,04:10-04:30,19.169727974545346
2025-10-09,29,30,04:40-05:00,34.60831002011575
2025-10-09,33,35,05:20-05:50,64.81869760494804
2025-10-09,37,52,06:00-08:40,615.7597452935545
2025-10-09,58,59,09:30-09:50,39.11196825522097
2025-10-09,62,68,10:10-11:20,439.5410496926286
2025-10-09,88,95,14:30-15:50,178.38530251536827
2025-10-09,98,98,16:10-16:20,3.3319247081385583
2025-10-09,100,101,16:30-16:50,11.944776621923836
2025-10-09,108,108,17:50-18:00,2.3192946440321975
2025-10-10,1,2,00:00-00:20,71.0631345900776
2025-10-10,5,8,00:40-01:20,69.10629463087253
2025-10-10,10,11,01:30-01:50,5.628895308593201
2025-10-10,13,15,02:00-02:30,31.364669956573266
2025-10-10,19,20,03:00-03:20,20.902048947230014
2025-10-10,22,23,03:30-03:50,50.91423734043963
2025-10-10,28,29,04:30-04:50,25.02524586129752
2025-10-10,31,32,05:00-05:20,41.79825491700035
2025-10-10,35,36,05:40-06:00,22.97681160961048
2025-10-10,38,45,06:10-07:30,308.22389939371766
2025-10-10,92,97,15:10-16:10,134.77890501851743
2025-10-10,99,101,16:20-16:50,58.67177377944478
2025-10-10,103,106,17:00-17:40,65.04352954336105
2025-10-10,134,135,22:10-22:30,11.493690136860266
2025-10-10,144,144,23:50-24:00,32.07980260560606
2025-10-11,1,1,00:00-00:10,5.674281997631226
2025-10-11,9,10,01:20-01:40,25.10102738518225
2025-10-11,13,14,02:00-02:20,29.319908876167915
2025-10-11,16,18,02:30-03:00,25.113241005395423
2025-10-11,22,23,03:30-03:50,36.674897637847096
2025-10-11,25,26,04:00-04:20,18.104389195006945
2025-10-11,28,28,04:30-04:40,3.269629194630909
2025-10-11,32,33,05:10-05:30,15.197928676705715
2025-10-11,36,36,05:50-06:00,0.13394920384263287
2025-10-11,39,47,06:20-07:50,300.7081178707724
2025-10-11,76,77,12:30-12:50,31.012430846163625
2025-10-11,80,83,13:10-13:50,162.70564985712417
2025-10-11,85,87,14:00-14:30,45.47806526234626
2025-10-11,90,92,14:50-15:20,136.80316135581745
2025-10-11,97,98,16:00-16:20,7.198979169251743
2025-10-11,105,105,17:20-17:30,19.374078849660577
2025-10-11,135,135,22:20-22:30,16.527530596131328
2025-10-11,142,143,23:30-23:50,12.692927154888821
2025-10-12,11,12,01:40-02:00,61.882396446900884
2025-10-12,15,17,02:20-02:50,43.13039193972884
2025-10-12,19,19,03:00-03:10,0.30343742597710843
2025-10-12,22,23,03:30-03:50,25.316553263587252
2025-10-12,31,32,05:00-05:20,46.447682302182685
2025-10-12,37,38,06:00-06:20,88.53920743048934
2025-10-12,40,44,06:30-07:20,75.96241992555423
2025-10-12,46,50,07:30-08:20,143.89330714567768
2025-10-12,53,54,08:40-09:00,66.70757716992853
2025-10-12,60,60,09:50-10:00,0.1404885276258483
2025-10-12,65,89,10:40-14:50,1941.4993717180862
2025-10-12,98,98,16:10-16:20,1.5266835232079643
2025-10-12,101,102,16:40-17:00,8.522834411482734
2025-10-12,137,137,22:40-22:50,15.02149223582046
2025-10-12,141,143,23:20-23:50,9.783235504671893
2025-10-13,6,6,00:50-01:00,0.4366666666666106
2025-10-13,9,9,01:20-01:30,15.696218581392259
2025-10-13,12,13,01:50-02:10,50.71618393867618
2025-10-13,17,17,02:40-02:50,5.765510284247966
2025-10-13,27,31,04:20-05:10,135.63746029458792
2025-10-13,35,36,05:40-06:00,24.15938748519564
2025-10-13,39,40,06:20-06:40,22.77264195382861
2025-10-13,50,58,08:10-09:40,139.51898898539378
2025-10-13,61,62,10:00-10:20,33.81189030135579
2025-10-13,74,78,12:10-13:00,342.1563554650054
2025-10-13,81,90,13:20-15:00,328.2845177626756
2025-10-13,96,97,15:50-16:10,42.98011898934084
2025-10-13,100,101,16:30-16:50,38.113203658376364
2025-10-13,117,117,19:20-19:30,1.5226628503752409
2025-10-14,7,7,01:00-01:10,1.996196657455016
2025-10-14,10,11,01:30-01:50,22.375402750362127
2025-10-14,13,14,02:00-02:20,77.71761702197648
2025-10-14,20,24,03:10-04:00,63.09197016712744
2025-10-14,28,30,04:30-05:00,40.963095213656146
2025-10-14,32,35,05:10-05:50,54.05857774049232
2025-10-14,37,60,06:00-10:00,1244.4379778673892
2025-10-14,62,68,10:10-11:20,439.32731232587
2025-10-14,71,73,11:40-12:10,123.57998457597841
2025-10-14,77,86,12:40-14:20,862.6717944109196
2025-10-14,88,102,14:30-17:00,475.0770225264607
2025-10-14,134,134,22:10-22:20,12.861193492564894
2025-10-14,141,142,23:20-23:40,20.210689715752096
2025-10-15,1,1,00:00-00:10,9.662956494275704
2025-10-15,4,5,00:30-00:50,50.46466314646659
2025-10-15,8,9,01:10-01:30,18.949499203842606
2025-10-15,11,12,01:40-02:00,39.60389994736147
2025-10-15,15,19,02:20-03:10,66.53154584155834
2025-10-15,25,26,04:00-04:20,56.84092337243624
2025-10-15,28,29,04:30-04:50,46.90820950877
2025-10-15,34,35,05:30-05:50,18.056461477074027
2025-10-15,38,58,06:10-09:40,618.9076564190784
2025-10-15,60,91,09:50-15:10,3676.537098157655
2025-10-15,93,94,15:20-15:40,8.174500626022336
2025-10-15,99,101,16:20-16:50,44.16598212828765
2025-10-15,103,103,17:00-17:10,4.4043771971876
2025-10-15,106,107,17:30-17:50,12.200787828285899
2025-10-15,117,117,19:20-19:30,2.90550664561124
2025-10-15,127,127,21:00-21:10,8.310602631925462
2025-10-16,2,3,00:10-00:30,12.785372068693505
2025-10-16,6,12,00:50-02:00,69.77970565205999
2025-10-16,15,17,02:20-02:50,71.42146676536368
2025-10-16,23,28,03:40-04:40,42.63440032429105
2025-10-16,30,39,04:50-06:30,142.74094911830522
2025-10-16,41,59,06:40-09:50,896.5629897524109
2025-10-16,64,66,10:30-11:00,42.72285024627331
2025-10-16,69,102,11:20-17:00,3697.771443450267
2025-10-16,105,105,17:20-17:30,10.54795880096999
2025-10-16,119,120,19:40-20:00,0.7710520002632393
2025-10-16,131,131,21:40-21:50,6.291647229898672
2025-10-16,136,136,22:30-22:40,1.9918929859195487
2025-10-16,144,144,23:50-24:00,23.419858534017635
2025-10-17,1,1,00:00-00:10,9.341673141202818
2025-10-17,7,8,01:00-01:20,21.210870482958228
2025-10-17,10,11,01:30-01:50,21.374178424792888
2025-10-17,14,15,02:10-02:30,48.4956936373207
2025-10-17,20,21,03:10-03:30,41.30079076852212
2025-10-17,30,34,04:50-05:40,22.025148358806803
2025-10-17,39,41,06:20-06:50,83.09251443987006
2025-10-17,47,47,07:40-07:50,7.81923515500165
2025-10-17,76,90,12:30-15:00,1050.7167151081908
2025-10-17,92,94,15:10-15:40,88.17782375124523
2025-10-17,96,97,15:50-16:10,56.94451652003079
2025-10-17,101,101,16:40-16:50,22.42516733780772
2025-10-17,113,113,18:40-18:50,0.16341531122520792
2025-10-17,116,116,19:10-19:20,4.983487478615643
2025-10-17,120,120,19:50-20:00,6.171069877615423
2025-10-17,130,131,21:30-21:50,10.012881813396518
2025-10-17,139,143,23:00-23:50,64.55966011317275
2025-10-18,3,6,00:20-01:00,99.24387250954067
2025-10-18,12,13,01:50-02:10,22.738234307145717
2025-10-18,17,18,02:40-03:00,65.13987133833405
2025-10-18,21,22,03:20-03:40,30.715359165679786
2025-10-18,24,24,03:50-04:00,10.97783787340444
2025-10-18,29,30,04:40-05:00,57.09798318857747
2025-10-18,33,34,05:20-05:40,32.14445011185681
2025-10-18,39,39,06:20-06:30,20.447378202958987
2025-10-18,47,48,07:40-08:00,30.37294285338311
2025-10-18,74,78,12:10-13:00,247.01882501551313
2025-10-18,82,96,13:30-16:00,860.6708219399168
2025-10-18,98,102,16:10-17:00,165.32913823811396
2025-10-18,130,132,21:30-22:00,31.101039103829237
2025-10-18,135,136,22:20-22:40,14.43526376496925
2025-10-18,141,141,23:20-23:30,17.008909724963814
2025-10-19,3,4,00:20-00:40,23.632240794841437
2025-10-19,6,9,00:50-01:30,84.8423415252006
2025-10-19,16,17,02:30-02:50,16.251828418212995
2025-10-19,19,20,03:00-03:20,28.352477740492077
2025-10-19,23,24,03:40-04:00,38.79714536781182
2025-10-19,27,28,04:20-04:40,39.849112988551155
2025-10-19,30,31,04:50-05:10,30.725015542458728
2025-10-19,34,36,05:30-06:00,51.1362910053954
2025-10-19,39,41,06:20-06:50,94.36935829244453
2025-10-19,43,54,07:00-09:00,428.57240661647234
2025-10-19,56,64,09:10-10:40,444.5555005414243
2025-10-19,74,80,12:10-13:20,311.1621856381489
2025-10-19,82,104,13:30-17:20,1900.9537501945747
2025-10-19,110,110,18:10-18:20,9.080867973229617
2025-10-19,112,112,18:30-18:40,4.247004594589498
2025-10-19,115,115,19:00-19:10,10.482371935217088
2025-10-19,120,120,19:50-20:00,5.406131069877574
2025-10-19,129,129,21:20-21:30,14.863080010527824
2025-10-19,140,141,23:10-23:30,14.393715732333362
2025-10-19,144,144,23:50-24:00,1.9536024476904004
2025-10-20,7,8,01:00-01:20,60.04336360705338
2025-10-20,15,17,02:20-02:50,61.547153454402064
2025-10-20,21,24,03:20-04:00,47.12071846295589
2025-10-20,34,35,05:30-05:50,49.209356995281304
2025-10-20,38,68,06:10-11:20,2510.536280061287
2025-10-20,70,73,11:30-12:10,220.61534242005519
2025-10-20,78,84,12:50-14:00,352.46710569153925
2025-10-20,91,92,15:00-15:20,34.52652834771459
2025-10-20,94,94,15:30-15:40,0.4802585283779308
2025-10-20,101,101,16:40-16:50,7.8167219211175905
2025-10-20,115,115,19:00-19:10,7.675591749854334
2025-10-20,129,129,21:20-21:30,0.4804138702462524
2025-10-20,132,132,21:50-22:00,18.811977233846847
2025-10-20,136,136,22:30-22:40,3.2365815831030886
2025-10-20,143,144,23:40-24:00,34.84439488748512
2025-10-21,10,12,01:30-02:00,21.325400460586934
2025-10-21,15,18,02:20-03:00,34.858434234767856
2025-10-21,22,23,03:30-03:50,36.83298103039874
2025-10-21,26,26,04:10-04:20,4.830998973549072
2025-10-21,28,29,04:30-04:50,20.005753476961203
2025-10-21,32,36,05:10-06:00,198.11685838456182
2025-10-21,39,46,06:20-07:40,318.53947015490746
2025-10-21,48,90,07:50-15:00,3672.7397176085256
2025-10-21,102,102,16:50-17:00,6.001002787020781
2025-10-21,105,106,17:20-17:40,10.464473938299943
2025-10-21,136,137,22:30-22:50,13.95946133043833
2025-10-21,139,142,23:00-23:40,53.13709275562576
2025-10-21,144,144,23:50-24:00,5.336385708645935
2025-10-22,1,1,00:00-00:10,1.7804430582971236
2025-10-22,5,11,00:40-01:50,118.21647769443337
2025-10-22,13,14,02:00-02:20,19.21170886300831
2025-10-22,22,23,03:30-03:50,22.78790473088577
2025-10-22,26,26,04:10-04:20,2.0299688182656155
2025-10-22,30,31,04:50-05:10,14.986190912338191
2025-10-22,33,37,05:20-06:10,72.07429420788478
2025-10-22,41,41,06:40-06:50,5.112567593480321
2025-10-22,43,64,07:00-10:40,2458.572904957422
2025-10-22,67,77,11:00-12:50,559.3728407854426
2025-10-22,94,97,15:30-16:10,91.79376492489587
2025-10-22,99,102,16:20-17:00,77.4349301740832
2025-10-22,105,105,17:20-17:30,4.324271685184226
2025-10-22,108,113,17:50-18:50,138.93269600323373
2025-10-22,116,118,19:10-19:40,38.578589394281494
2025-10-22,124,126,20:30-21:00,32.44638992630621
2025-10-22,129,132,21:20-22:00,41.173760093433316
2025-10-22,138,141,22:50-23:30,62.41000971838389
2025-10-22,144,144,23:50-24:00,1.5166429793393945
2025-10-23,1,2,00:00-00:20,3.6135354849322994
2025-10-23,10,14,01:30-02:20,73.56999878931435
2025-10-23,16,17,02:30-02:50,26.320348881431755
2025-10-23,21,23,03:20-03:50,53.533231102776654
2025-10-23,25,28,04:00-04:40,27.211155853213896
2025-10-23,33,34,05:20-05:40,24.01174811441343
2025-10-23,37,43,06:00-07:10,162.21625097569287
2025-10-23,48,49,07:50-08:10,15.914317236290458
2025-10-23,51,58,08:20-09:40,446.5272862585309
2025-10-23,73,84,12:00-14:00,515.2208357631655
2025-10-23,87,88,14:20-14:40,35.641884882409045
2025-10-23,94,95,15:30-15:50,58.725069500686345
2025-10-23,102,104,16:50-17:20,53.760835095782916
2025-10-23,106,107,17:30-17:50,19.39444290602176
2025-10-23,115,115,19:00-19:10,14.624409940217788
2025-10-23,119,119,19:40-19:50,19.833387478615464
2025-10-23,121,122,20:00-20:20,30.091672134491432
2025-10-23,133,134,22:00-22:20,49.71454717068036
2025-10-23,139,140,23:00-23:20,16.996785662587513
2025-10-23,143,144,23:40-24:00,22.625784011054293
2025-10-24,4,4,00:30-00:40,0.34382425977105413
2025-10-24,7,7,01:00-01:10,1.3858316225818612
2025-10-24,12,13,01:50-02:10,15.764939702592471
2025-10-24,15,19,02:20-03:10,82.50803832083182
2025-10-24,22,23,03:30-03:50,28.52104100539549
2025-10-24,29,31,04:40-05:10,30.924624488184588
2025-10-24,33,36,05:20-06:00,150.62669279604492
2025-10-24,42,49,06:50-08:10,376.6047349914463
2025-10-24,85,89,14:00-14:50,81.00904553512646
2025-10-24,91,105,15:00-17:30,457.97876724757145
2025-10-24,108,108,17:50-18:00,4.346058033951863
2025-10-24,110,112,18:10-18:40,57.7645699189743
2025-10-24,115,115,19:00-19:10,18.21895967044526
2025-10-24,118,119,19:30-19:50,39.37690762600346
2025-10-24,121,122,20:00-20:20,45.536557422029205
2025-10-24,126,128,20:50-21:20,75.43284102513496
2025-10-24,134,135,22:10-22:30,10.780354533491334
2025-10-24,138,139,22:50-23:10,52.30419555204645
2025-10-25,3,4,00:20-00:40,13.453765357283885
2025-10-25,8,12,01:10-02:00,149.04650035531
2025-10-25,15,16,02:20-02:40,29.36960828398469
2025-10-25,22,23,03:30-03:50,26.349120871167372
2025-10-25,26,26,04:10-04:20,4.645333668903788
2025-10-25,29,30,04:40-05:00,13.430820153967716
2025-10-25,34,35,05:30-05:50,89.13224777884324
2025-10-25,40,42,06:30-07:00,34.84775084221627
2025-10-25,48,48,07:50-08:00,4.208309199518794
2025-10-25,73,75,12:00-12:30,126.22264477280896
2025-10-25,79,81,13:00-13:30,119.90296381854796
2025-10-25,84,95,13:50-15:50,419.89566037918553
2025-10-25,97,100,16:00-16:40,71.8293775336983
2025-10-25,103,104,17:00-17:20,78.45336200345899
2025-10-25,107,107,17:40-17:50,13.380289277724557
2025-10-25,110,110,18:10-18:20,0.7346389618935518
2025-10-25,115,117,19:00-19:30,22.857253719474443
2025-10-25,123,125,20:20-20:50,32.19996675220432
2025-10-25,127,128,21:00-21:20,65.53066299513085
2025-10-25,131,131,21:40-21:50,24.00748537307544
2025-10-25,133,134,22:00-22:20,14.559535892880717
2025-10-25,138,140,22:50-23:20,59.55205198052397
2025-10-26,1,2,00:00-00:20,34.45602902355586
2025-10-26,5,5,00:40-00:50,10.024311823924108
2025-10-26,9,11,01:20-01:50,79.55168334649272
2025-10-26,14,16,02:10-02:40,36.08945340834339
2025-10-26,20,22,03:10-03:40,22.133265107250963
2025-10-26,24,25,03:50-04:10,5.0157546650874565
2025-10-26,27,28,04:20-04:40,11.288893026338226
2025-10-26,33,34,05:20-05:40,58.40477034196248
2025-10-26,38,39,06:10-06:30,26.629673160002312
2025-10-26,42,42,06:50-07:00,1.8430650179532364
2025-10-26,44,46,07:10-07:40,29.535909481511
2025-10-26,48,48,07:50-08:00,13.05683901077225
2025-10-26,52,52,08:30-08:40,13.053056693549934
2025-10-26,55,55,09:00-09:10,8.338637192863871
2025-10-26,62,67,10:10-11:10,219.0460373601802
2025-10-26,73,75,12:00-12:30,275.85589156467995
2025-10-26,78,85,12:50-14:10,265.1888354962118
2025-10-26,92,93,15:10-15:30,18.165355163273375
2025-10-26,99,100,16:20-16:40,25.437213887165655
2025-10-26,102,108,16:50-18:00,131.26622783919007
2025-10-26,111,111,18:20-18:30,12.952286485063837
2025-10-26,122,122,20:10-20:20,4.278775319120996
2025-10-26,137,137,22:40-22:50,6.545764686143002
2025-10-26,142,143,23:30-23:50,13.120354980918819
2025-10-27,2,3,00:10-00:30,35.30569588761705
2025-10-27,9,12,01:20-02:00,64.66755723121491
2025-10-27,15,15,02:20-02:30,12.501423213580779
2025-10-27,19,20,03:00-03:20,23.05916385708656
2025-10-27,22,27,03:30-04:30,59.828879069614345
2025-10-27,33,38,05:20-06:20,101.46042130073495
2025-10-27,42,52,06:50-08:40,203.86924071494437
2025-10-27,78,78,12:50-13:00,4.968204603989079
2025-10-27,81,104,13:20-17:20,1264.4828015904359
2025-10-27,106,106,17:30-17:40,3.891753467561557
2025-10-27,113,113,18:40-18:50,4.353808158028301
2025-10-27,119,120,19:40-20:00,21.233700217134015
2025-10-27,128,128,21:10-21:20,2.03332714172916
2025-10-27,134,137,22:10-22:50,34.08733457691824
2025-10-27,139,140,23:00-23:20,47.04211982497702
2025-10-28,1,3,00:00-00:30,50.90354764442668
2025-10-28,7,12,01:00-02:00,78.1667547440453
2025-10-28,15,19,02:20-03:10,55.555973128043206
2025-10-28,21,24,03:20-04:00,44.81948080668542
2025-10-28,27,27,04:20-04:30,15.23362613501763
2025-10-28,36,37,05:50-06:10,26.933186992649553
2025-10-28,41,56,06:40-09:20,592.6189345073604
2025-10-28,70,71,11:30-11:50,92.64827446186519
2025-10-28,76,84,12:30-14:00,786.421454360536
2025-10-28,87,87,14:20-14:30,1.5540173284080083
2025-10-28,89,91,14:40-15:10,94.07201725696984
2025-10-28,93,104,15:20-17:20,358.74948877201916
2025-10-28,113,113,18:40-18:50,7.234493794296213
2025-10-28,117,117,19:20-19:30,6.968909066982633
2025-10-28,124,124,20:30-20:40,2.429026977233889
2025-10-28,134,137,22:10-22:50,52.33020646137652
2025-10-28,144,144,23:50-24:00,12.04437623371507
2025-10-29,3,3,00:20-00:30,3.679213712330693
2025-10-29,9,9,01:20-01:30,6.048345176997032
2025-10-29,12,12,01:50-02:00,7.560782339781667
2025-10-29,16,17,02:30-02:50,44.34404719041993
2025-10-29,20,20,03:10-03:20,0.09803430056581419
2025-10-29,23,23,03:40-03:50,2.7508690353994325
2025-10-29,26,28,04:10-04:40,104.80773989246703
2025-10-29,32,35,05:10-05:50,73.95390275318184
2025-10-29,37,39,06:00-06:30,43.30613806327915
2025-10-29,42,43,06:50-07:10,20.357947986577273
2025-10-29,45,93,07:20-15:30,4654.695200890154
2025-10-29,95,97,15:40-16:10,80.95690187336726
2025-10-29,99,101,16:20-16:50,79.23385654691387
2025-10-29,103,109,17:00-18:10,75.86913050589371
2025-10-29,112,115,18:30-19:10,72.02694279416471
2025-10-29,120,129,19:50-21:30,115.14130606658762
2025-10-29,132,136,21:50-22:40,62.75361344913824
2025-10-29,143,144,23:40-24:00,14.728913370180294
2025-10-30,1,1,00:00-00:10,8.045529135412608
2025-10-30,5,8,00:40-01:20,46.18332471377812
2025-10-30,18,21,02:50-03:30,84.66581537702336
2025-10-30,24,25,03:50-04:10,59.9816280826426
2025-10-30,29,29,04:40-04:50,14.83491479141992
2025-10-30,36,38,05:50-06:20,32.839673465493775
2025-10-30,40,41,06:30-06:50,60.96020727257354
2025-10-30,43,47,07:00-07:50,141.83005585415407
2025-10-30,49,51,08:00-08:30,160.44125131596286
2025-10-30,54,54,08:50-09:00,8.246000014099764
2025-10-30,63,65,10:20-10:50,85.53393935104259
2025-10-30,68,75,11:10-12:30,215.58244657567775
2025-10-30,81,82,13:20-13:40,61.70369029195558
2025-10-30,86,87,14:10-14:30,38.58097576560874
2025-10-30,90,91,14:50-15:10,44.88598493974757
2025-10-30,93,103,15:20-17:10,350.6254507406993
2025-10-30,105,108,17:20-18:00,44.78977233564572
2025-10-30,111,112,18:20-18:40,77.0622530859323
2025-10-30,121,122,20:00-20:20,26.487370719831688
2025-10-30,125,126,20:40-21:00,38.537710790893584
2025-10-30,129,130,21:20-21:40,53.7162499802605
2025-10-30,132,133,21:50-22:10,20.66499586787768
2025-10-30,136,137,22:30-22:50,14.008411646269224
2025-10-30,139,144,23:00-24:00,88.63259022897768
2025-10-31,2,6,00:10-01:00,46.261127450980496
2025-10-31,9,10,01:20-01:40,30.147949684169077
2025-10-31,18,20,02:50-03:20,18.3797084024215
2025-10-31,23,25,03:40-04:10,29.88363061587046
2025-10-31,27,29,04:20-04:50,28.762178203899282
2025-10-31,32,34,05:10-05:40,83.74151634989572
2025-10-31,38,46,06:10-07:40,212.67562125185674
2025-10-31,49,50,08:00-08:20,17.997338290752452
2025-10-31,72,84,11:50-14:00,1209.6533608538718
2025-10-31,86,102,14:10-17:00,964.3423019936835
2025-10-31,105,105,17:20-17:30,18.317168706408665
2025-10-31,108,110,17:50-18:20,85.34878133401025
2025-10-31,112,113,18:30-18:50,11.012601575395365
2025-10-31,117,119,19:20-19:50,63.16291434399267
2025-10-31,121,122,20:00-20:20,3.2675976773259663
2025-10-31,127,130,21:00-21:40,30.692976812738564
2025-10-31,132,134,21:50-22:20,65.48117746414016
2025-10-31,136,136,22:30-22:40,7.138593387287756
2025-10-31,143,143,23:40-23:50,8.335124147914257
2025-11-01,11,14,01:40-02:20,57.63274285432283
2025-11-01,16,22,02:30-03:40,250.86872329911864
2025-11-01,27,28,04:20-04:40,25.44873915082809
2025-11-01,31,37,05:00-06:10,50.738583163198186
2025-11-01,42,47,06:50-07:50,153.405778751904
2025-11-01,72,99,11:50-16:30,1309.8734918983719
2025-11-01,101,105,16:40-17:30,154.78737801778453
2025-11-01,118,118,19:30-19:40,6.185753066192774
2025-11-01,124,126,20:30-21:00,46.142125687590465
2025-11-01,129,134,21:20-22:20,72.71969567048318
2025-11-01,137,141,22:40-23:30,25.677835984998183
2025-11-01,144,144,23:50-24:00,5.117166074483521
2025-11-02,1,1,00:00-00:10,4.546370180286885
2025-11-02,4,6,00:30-01:00,23.779031083037353
2025-11-02,9,19,01:20-03:10,154.70915061850246
2025-11-02,28,32,04:30-05:20,103.86102933186702
2025-11-02,35,35,05:40-05:50,9.370644512435888
2025-11-02,40,71,06:30-11:50,1387.7356324694983
2025-11-02,75,86,12:20-14:20,780.1584941909662
2025-11-02,91,92,15:00-15:20,19.612659186358997
2025-11-02,96,96,15:50-16:00,8.215055434925773
2025-11-02,99,103,16:20-17:10,101.81628179177685
2025-11-02,111,119,18:20-19:50,202.21389827890903
2025-11-02,122,126,20:10-21:00,74.95358623503114
2025-11-02,131,134,21:40-22:20,66.32442630609296
2025-11-02,138,139,22:50-23:10,14.680935886301086
2025-11-03,2,7,00:10-01:10,56.50479159099916
2025-11-03,9,11,01:20-01:50,53.261336208711896
2025-11-03,14,21,02:10-03:30,112.851824016318
2025-11-03,24,25,03:50-04:10,40.458510514541445
2025-11-03,28,29,04:30-04:50,11.549349890963299
2025-11-03,31,32,05:00-05:20,100.0417723394056
2025-11-03,36,36,05:50-06:00,11.814016317936648
2025-11-03,40,44,06:30-07:20,105.89223099186006
2025-11-03,56,78,09:10-13:00,2233.9186786513264
2025-11-03,92,104,15:10-17:20,317.99447156204724
2025-11-03,107,111,17:40-18:30,102.11126233057009
2025-11-03,125,126,20:40-21:00,12.132626457428614
2025-11-03,132,135,21:50-22:30,23.636711238321027
2025-11-03,137,138,22:40-23:00,13.324332083168883
2025-11-03,142,144,23:30-24:00,85.90705953414908
2025-11-04,1,2,00:00-00:20,32.16531182392441
2025-11-04,4,5,00:30-00:50,61.400866245558746
2025-11-04,14,15,02:10-02:30,23.3666930846166
2025-11-04,21,26,03:20-04:20,108.33651360047384
2025-11-04,31,33,05:00-05:30,21.66557907713434
2025-11-04,35,41,05:40-06:50,183.83685444419402
2025-11-04,45,48,07:20-08:00,59.87887519974461
2025-11-04,59,68,09:40-11:20,539.265820028952
2025-11-04,78,78,12:50-13:00,0.609384434982303
2025-11-04,85,85,14:00-14:10,26.12127062489401
2025-11-04,89,89,14:40-14:50,0.5301599477372747
2025-11-04,95,97,15:40-16:10,44.7393830118628
2025-11-04,99,100,16:20-16:40,42.322282170586504
2025-11-04,103,123,17:00-20:30,427.66065137424147
2025-11-04,126,128,20:50-21:20,65.77252427951066
2025-11-04,133,134,22:00-22:20,47.434128984077006
2025-11-04,142,144,23:30-24:00,31.125098565600638
2025-11-05,2,5,00:10-00:50,86.33286026450878
2025-11-05,8,9,01:10-01:30,64.10082467429913
2025-11-05,13,17,02:00-02:50,39.317924470325124
2025-11-05,19,20,03:00-03:20,37.27997160810639
2025-11-05,24,24,03:50-04:00,14.034413080668514
2025-11-05,29,33,04:40-05:30,94.59066430169393
2025-11-05,37,44,06:00-07:20,204.36832539525938
2025-11-05,46,62,07:30-10:20,545.0943008779349
2025-11-05,65,68,10:40-11:20,136.432378421973
2025-11-05,70,75,11:30-12:30,326.19426939635014
2025-11-05,78,78,12:50-13:00,42.202368615231535
2025-11-05,87,91,14:20-15:10,211.7619168856811
2025-11-05,93,105,15:20-17:30,402.8516608341333
2025-11-05,108,109,17:50-18:10,44.513560371665406
2025-11-05,112,113,18:30-18:50,27.57440756866516
2025-11-05,116,116,19:10-19:20,3.7330465907168673
2025-11-05,126,126,20:50-21:00,18.36227398341873
2025-11-05,131,138,21:40-23:00,171.4460518818271
2025-11-05,141,142,23:20-23:40,12.873551651533262
2025-11-06,2,5,00:10-00:50,44.287652658244724
2025-11-06,7,7,01:00-01:10,5.169364857218056
2025-11-06,10,12,01:30-02:00,65.03712533228077
2025-11-06,15,19,02:20-03:10,81.46369676273218
2025-11-06,23,24,03:40-04:00,26.914500644821715
2025-11-06,32,36,05:10-06:00,129.79101310698826
2025-11-06,40,68,06:30-11:20,2796.2968056135196
2025-11-06,70,83,11:30-13:50,827.0570386488823
2025-11-06,98,103,16:10-17:10,75.15898421220858
2025-11-06,106,114,17:30-19:00,109.07371150057361
2025-11-06,122,131,20:10-21:50,193.8518441571266
2025-11-06,134,135,22:10-22:30,52.54696460718526
2025-11-06,138,142,22:50-23:40,125.52349744045296
2025-11-07,2,5,00:10-00:50,24.347740656665394
2025-11-07,7,17,01:00-02:50,222.44985049348605
2025-11-07,22,23,03:30-03:50,36.62482731280443
2025-11-07,27,27,04:20-04:30,0.3956310040795188
2025-11-07,33,33,05:20-05:30,10.275952098960374
2025-11-07,37,51,06:00-08:30,723.4460215404283
2025-11-07,54,54,08:50-09:00,20.13499999999999
2025-11-07,103,111,17:00-18:30,186.29992659466492
2025-11-07,118,120,19:30-20:00,38.024272456902224
2025-11-07,122,124,20:10-20:40,62.92072870114504
2025-11-07,134,140,22:10-23:20,85.07259220950107
2025-11-07,144,144,23:50-24:00,24.153103697855045
2025-11-08,1,2,00:00-00:20,89.74965407948429
2025-11-08,7,10,01:00-01:40,71.35026838399801
2025-11-08,14,15,02:10-02:30,42.12862793788673
2025-11-08,18,19,02:50-03:10,32.05385384919066
2025-11-08,27,28,04:20-04:40,28.28900392156868
2025-11-08,35,44,05:40-07:20,112.3580584635198
2025-11-08,47,48,07:40-08:00,23.990017584080647
2025-11-08,73,74,12:00-12:20,72.61840852273804
2025-11-08,78,86,12:50-14:20,421.03539841426493
2025-11-08,94,94,15:30-15:40,4.379941042994346
2025-11-08,98,100,16:10-16:40,74.80588681217466
2025-11-08,102,106,16:50-17:40,49.08340908766211
2025-11-08,113,119,18:40-19:50,118.72147618859606
2025-11-08,124,125,20:30-20:50,33.285564580865866
2025-11-08,129,130,21:20-21:40,26.345273720226402
2025-11-08,133,135,22:00-22:30,42.24187794446658
2025-11-08,141,141,23:20-23:30,1.570664561126705
2025-11-09,3,4,00:20-00:40,44.54603410317122
2025-11-09,8,9,01:10-01:30,55.69716696275816
2025-11-09,13,14,02:00-02:20,30.4515775891565
2025-11-09,20,28,03:10-04:40,97.63709822345095
2025-11-09,31,32,05:00-05:20,37.87173732633981
2025-11-09,35,36,05:40-06:00,19.91993556576997
2025-11-09,41,53,06:40-08:50,341.30116444739116
2025-11-09,56,58,09:10-09:40,36.683114925836094
2025-11-09,62,62,10:10-10:20,15.657646755212227
2025-11-09,69,81,11:20-13:30,742.553129215311
2025-11-09,84,106,13:50-17:40,1379.735070310004
2025-11-09,108,109,17:50-18:10,23.702380907262203
2025-11-09,112,113,18:30-18:50,46.79587253868009
2025-11-09,118,121,19:30-20:10,26.35792581260705
2025-11-09,125,128,20:40-21:20,83.17995183576795
2025-11-09,133,137,22:00-22:50,55.717933978155315
2025-11-09,144,144,23:50-24:00,20.61471772601658
2025-11-10,3,4,00:20-00:40,63.592087524674525
2025-11-10,8,9,01:10-01:30,78.0575016581131
2025-11-10,12,12,01:50-02:00,6.994081458086498
2025-11-10,17,18,02:40-03:00,23.203117429924873
2025-11-10,21,21,03:20-03:30,7.364697986577198
2025-11-10,24,30,03:50-05:00,109.36955646795666
2025-11-10,34,37,05:30-06:10,30.344394443818004
2025-11-10,40,58,06:30-09:40,998.6790195082069
2025-11-10,62,104,10:10-17:20,3021.1391073270925
2025-11-10,106,107,17:30-17:50,35.93089524749516
2025-11-10,109,110,18:00-18:20,90.93596464290442
2025-11-10,112,114,18:30-19:00,68.32841950820608
2025-11-10,116,117,19:10-19:30,24.066492123963712
2025-11-10,120,122,19:50-20:20,48.79803105671783
2025-11-10,125,126,20:40-21:00,54.65485729043314
2025-11-10,129,132,21:20-22:00,117.92474601263314
2025-11-10,138,138,22:50-23:00,1.2002881958151193
2025-11-10,141,142,23:20-23:40,24.119466002105582
2025-11-11,2,3,00:10-00:30,23.94216281747572
2025-11-11,6,7,00:50-01:10,31.555121785761344
2025-11-11,10,12,01:30-02:00,60.56056889064337
2025-11-11,17,17,02:40-02:50,0.6672773325437902
2025-11-11,21,22,03:20-03:40,14.017338419528869
2025-11-11,31,32,05:00-05:20,19.055173911980937
2025-11-11,38,46,06:10-07:40,228.2837000939977
2025-11-11,50,51,08:10-08:30,60.10137102062299
2025-11-11,54,62,08:50-10:20,408.0522147942405
2025-11-11,64,65,10:30-10:50,19.883997833361718
2025-11-11,72,72,11:50-12:00,15.666928566728984
2025-11-11,74,83,12:10-13:50,394.84224289568215
2025-11-11,85,101,14:00-16:50,693.6781577134225
2025-11-11,103,105,17:00-17:30,61.90014554922627
2025-11-11,108,112,17:50-18:40,75.22376265110091
2025-11-11,116,116,19:10-19:20,11.931268884063797
2025-11-11,118,120,19:30-20:00,42.0003868469538
2025-11-11,129,135,21:20-22:30,125.55862293722885
2025-11-11,139,141,23:00-23:30,73.84702533228051
2025-11-11,144,144,23:50-24:00,22.112545729701196
2025-11-12,3,3,00:20-00:30,9.237647716804531
2025-11-12,7,7,01:00-01:10,8.869768430056638
2025-11-12,12,13,01:50-02:10,3.8258197854981972
2025-11-12,19,20,03:00-03:20,19.468218969601367
2025-11-12,23,24,03:40-04:00,18.539403382024034
2025-11-12,27,30,04:20-05:00,32.45542892485867
2025-11-12,33,33,05:20-05:30,20.202506250822466
2025-11-12,38,39,06:10-06:30,81.07867842667258
2025-11-12,41,43,06:40-07:10,54.66049545710913
2025-11-12,45,46,07:20-07:40,69.41801530652555
2025-11-12,49,61,08:00-10:10,420.17356885774507
2025-11-12,63,64,10:20-10:40,25.128319624762526
2025-11-12,79,88,13:00-14:40,619.8336198334367
2025-11-12,93,94,15:20-15:40,28.616089298403892
2025-11-12,97,99,16:00-16:30,82.97424808809447
2025-11-12,101,103,16:40-17:10,89.79472557667364
2025-11-12,105,106,17:20-17:40,15.749003663075927
2025-11-12,111,112,18:20-18:40,39.29550137048129
2025-11-12,116,124,19:10-20:40,137.66900579681544
2025-11-12,128,128,21:10-21:20,8.410646828529934
2025-11-12,130,131,21:30-21:50,30.859397762863523
2025-11-12,136,137,22:30-22:50,39.6785633438609
2025-11-12,144,144,23:50-24:00,15.060969206474624
2025-11-13,1,3,00:00-00:30,25.094716574549466
2025-11-13,6,8,00:50-01:20,48.30010465850796
2025-11-13,12,15,01:50-02:30,58.330031550204126
2025-11-13,17,21,02:40-03:30,40.17995331622603
2025-11-13,24,26,03:50-04:20,46.53899542045019
2025-11-13,28,31,04:30-05:10,69.69238211418812
2025-11-13,36,39,05:50-06:30,44.11695109882862
2025-11-13,41,43,06:40-07:10,90.31784664711509
2025-11-13,45,48,07:20-08:00,53.508109301036114
2025-11-13,64,65,10:30-10:50,4.556800596883704
2025-11-13,68,106,11:10-17:40,2476.3445675182834
2025-11-13,113,124,18:40-20:40,203.9295158714499
2025-11-13,127,128,21:00-21:20,12.532172608237943
2025-11-13,131,134,21:40-22:20,42.87055103303044
2025-11-13,136,137,22:30-22:50,23.513564409790774
2025-11-13,139,140,23:00-23:20,18.85934166995662
2025-11-14,2,4,00:10-00:40,61.823382254244166
2025-11-14,9,9,01:20-01:30,5.0534899328858955
2025-11-14,11,15,01:40-02:30,75.47841800894861
2025-11-14,18,20,02:50-03:20,40.60535429003812
2025-11-14,27,27,04:20-04:30,30.444453217528633
2025-11-14,30,32,04:50-05:20,32.50230310285174
2025-11-14,36,36,05:50-06:00,4.033258981444931
2025-11-14,39,40,06:20-06:40,13.407644782208195
2025-11-14,43,46,07:00-07:40,68.11146500385371
2025-11-14,69,104,11:20-17:20,2150.4566232718585
2025-11-14,108,108,17:50-18:00,3.25886761415984
2025-11-14,112,114,18:30-19:00,57.10195281428008
2025-11-14,120,121,19:50-20:10,31.55557995130937
2025-11-14,124,124,20:30-20:40,3.1306196539018742
2025-11-14,128,129,21:10-21:30,32.792932030530324
2025-11-14,131,133,21:40-22:10,16.875971160679285
2025-11-14,142,144,23:30-24:00,22.40670885642851
2025-11-15,3,10,00:20-01:40,46.011313350441185
2025-11-15,13,13,02:00-02:10,2.2371887353598936
2025-11-15,17,26,02:40-04:20,197.49491097512856
2025-11-15,28,29,04:30-04:50,15.215704990318336
2025-11-15,31,33,05:00-05:30,29.50686866317003
2025-11-15,39,51,06:20-08:30,400.9128914584631
2025-11-15,54,55,08:50-09:10,29.45073333333346
2025-11-15,71,73,11:40-12:10,117.15817187223911
2025-11-15,76,84,12:30-14:00,613.6767131699662
2025-11-15,87,91,14:20-15:10,177.4056056417195
2025-11-15,95,96,15:40-16:00,98.2865816263419
2025-11-15,100,101,16:30-16:50,21.91736310322804
2025-11-15,104,105,17:10-17:30,18.781808981444897
2025-11-15,109,110,18:00-18:20,33.97639838230583
2025-11-15,112,114,18:30-19:00,11.33698306262113
2025-11-15,116,117,19:10-19:30,9.386094393999144
2025-11-15,119,124,19:40-20:40,138.84612964863823
2025-11-15,127,127,21:00-21:10,8.9797489603896
2025-11-15,131,131,21:40-21:50,12.163371173838641
2025-11-15,137,140,22:40-23:20,64.97797203579438
2025-11-16,1,2,00:00-00:20,38.74192459534129
2025-11-16,5,6,00:40-01:00,47.3431105540202
2025-11-16,12,12,01:50-02:00,38.275682984603236
2025-11-16,16,16,02:30-02:40,8.449038222134504
2025-11-16,20,21,03:10-03:30,31.07109442031856
2025-11-16,24,25,03:50-04:10,26.341129411764655
2025-11-16,28,29,04:30-04:50,14.815075859605592
2025-11-16,32,37,05:10-06:10,112.29071835203892
2025-11-16,40,41,06:30-06:50,82.28491934465083
2025-11-16,44,47,07:10-07:50,35.916587783167216
2025-11-16,50,71,08:10-11:50,1785.0742832440365
2025-11-16,82,84,13:30-14:00,136.87629941345665
2025-11-16,87,87,14:20-14:30,18.022426588084954
2025-11-16,90,103,14:50-17:10,495.5497777000735
2025-11-16,105,105,17:20-17:30,6.381075141465999
2025-11-16,107,109,17:40-18:10,82.68162532852082
2025-11-16,112,113,18:30-18:50,14.049644038689381
2025-11-16,118,119,19:30-19:50,22.726064745361327
2025-11-16,123,125,20:20-20:50,80.71051204763796
2025-11-16,128,129,21:10-21:30,28.433576523226748
2025-11-16,133,141,22:00-23:30,103.5379362087117
2025-11-16,143,144,23:40-24:00,43.701423147782634
2025-11-17,5,8,00:40-01:20,132.93474340044747
2025-11-17,11,13,01:40-02:10,74.72709374917758
2025-11-17,18,23,02:50-03:50,71.15118557046992
2025-11-17,28,29,04:30-04:50,20.472000382569377
2025-11-17,31,33,05:00-05:30,73.1855982591695
2025-11-17,39,51,06:20-08:30,316.4056679403318
2025-11-17,53,60,08:40-10:00,372.3291295433619
2025-11-17,64,65,10:30-10:50,47.910523238960195
2025-11-17,67,70,11:00-11:40,88.9877301158042
2025-11-17,77,78,12:40-13:00,40.078024858534036
2025-11-17,86,86,14:10-14:20,8.613814214276204
2025-11-17,92,92,15:10-15:20,12.104699638109992
2025-11-17,99,103,16:20-17:10,129.84098295828431
2025-11-17,105,106,17:20-17:40,10.649411132103968
2025-11-17,111,111,18:20-18:30,3.338494538755185
2025-11-17,114,117,18:50-19:30,26.03057851127005
2025-11-17,123,125,20:20-20:50,49.50602163442568
2025-11-17,130,135,21:30-22:30,77.69311346887741
2025-11-17,139,140,23:00-23:20,43.639566574549235
2025-11-18,1,2,00:00-00:20,23.88242135807377
2025-11-18,5,9,00:40-01:30,106.0494920581657
2025-11-18,13,13,02:00-02:10,16.38918993288587
2025-11-18,17,17,02:40-02:50,0.8322759639426067
2025-11-18,19,21,03:00-03:30,52.987710165811336
2025-11-18,25,26,04:00-04:20,60.409319344650726
2025-11-18,28,29,04:30-04:50,40.21792897561727
2025-11-18,31,31,05:00-05:10,11.640310560600142
2025-11-18,41,41,06:40-06:50,6.096477573176869
2025-11-18,43,44,07:00-07:20,22.385032393360262
2025-11-18,48,53,07:50-08:50,72.09504215592267
2025-11-18,62,94,10:10-15:40,2373.263869296715
2025-11-18,96,104,15:50-17:20,244.70696562329692
2025-11-18,114,117,18:50-19:30,18.641103801252484
2025-11-18,125,127,20:40-21:10,79.15944221608106
2025-11-18,129,129,21:20-21:30,0.09228451111994218
2025-11-18,132,132,21:50-22:00,22.62391367285136
2025-11-18,135,138,22:20-23:00,110.51718893933412
2025-11-18,142,143,23:30-23:50,27.891552618765445
2025-11-19,1,2,00:00-00:20,14.720539044611314
2025-11-19,4,7,00:30-01:10,72.79344563758434
2025-11-19,9,15,01:20-02:30,105.04117281221204
2025-11-19,19,21,03:00-03:30,113.01469699960512
2025-11-19,24,24,03:50-04:00,29.72880971180416
2025-11-19,28,31,04:30-05:10,41.394285656947545
2025-11-19,35,36,05:40-06:00,92.46468213956729
2025-11-19,39,72,06:20-12:00,1752.618139358563
2025-11-19,79,82,13:00-13:40,42.09511137273796
2025-11-19,85,87,14:00-14:30,121.95518180211661
2025-11-19,90,96,14:50-16:00,122.60213394807602
2025-11-19,98,100,16:10-16:40,96.94750360103782
2025-11-19,106,108,17:30-18:00,18.774980852743997
2025-11-19,110,110,18:10-18:20,0.3186393472825557
2025-11-19,115,115,19:00-19:10,19.271741888970382
2025-11-19,119,127,19:40-21:10,192.4493089156473
2025-11-19,134,140,22:10-23:20,107.62222865508704
2025-11-19,142,144,23:30-24:00,55.42447348993301
2025-11-20,1,3,00:00-00:30,18.534247453612352
2025-11-20,6,7,00:50-01:10,42.66495557310179
2025-11-20,10,11,01:30-01:50,23.077449105145547
2025-11-20,13,13,02:00-02:10,6.10799513751806
2025-11-20,16,17,02:30-02:50,36.48469636136349
2025-11-20,20,24,03:10-04:00,69.94548976839076
2025-11-20,26,29,04:10-04:50,61.01956916981544
2025-11-20,33,34,05:20-05:40,29.836855132254527
2025-11-20,43,44,07:00-07:20,42.40145672644903
2025-11-20,48,50,07:50-08:20,108.83044243509516
2025-11-20,53,54,08:40-09:00,10.412483826819312
2025-11-20,58,59,09:30-09:50,9.677347125561596
2025-11-20,70,94,11:30-15:40,1417.206647365258
2025-11-20,98,99,16:10-16:30,38.777360417724054
2025-11-20,101,103,16:40-17:10,81.58574481228754
2025-11-20,105,105,17:20-17:30,15.749402552967467
2025-11-20,108,110,17:50-18:20,82.42817274829423
2025-11-20,113,116,18:40-19:20,61.873278526309946
2025-11-20,124,129,20:30-21:30,123.90746903539969
2025-11-20,132,132,21:50-22:00,7.713612317410252
2025-11-20,135,136,22:20-22:40,25.11062440452679
2025-11-20,140,143,23:10-23:50,102.92662911567288
2025-11-21,2,2,00:10-00:20,10.774308303723956
2025-11-21,5,6,00:40-01:00,15.197718857744519
2025-11-21,10,11,01:30-01:50,50.8282248585341
2025-11-21,13,14,02:00-02:20,36.86436042242394
2025-11-21,16,18,02:30-03:00,89.05162556257397
2025-11-21,20,25,03:10-04:10,204.60273689959206
2025-11-21,28,29,04:30-04:50,44.87507077810989
2025-11-21,34,37,05:30-06:10,42.41517770947314
2025-11-21,41,49,06:40-08:10,229.7806590387832
2025-11-21,54,54,08:50-09:00,28.828052868798522
2025-11-21,68,77,11:10-12:50,537.2018117054874
2025-11-21,79,80,13:00-13:20,45.884135087323784
2025-11-21,85,86,14:00-14:20,26.510169542045446
2025-11-21,88,93,14:30-15:30,112.57373892147456
2025-11-21,95,97,15:40-16:10,86.46658214614695
2025-11-21,100,104,16:30-17:20,46.817480692008616
2025-11-21,106,108,17:30-18:00,47.408063409659256
2025-11-21,115,115,19:00-19:10,12.774573553851098
2025-11-21,126,131,20:50-21:50,104.19907107514155
2025-11-21,135,137,22:20-22:50,57.11338881431789
2025-11-21,140,142,23:10-23:40,31.2932570272406
2025-11-22,1,2,00:00-00:20,41.13109243979477
2025-11-22,4,5,00:30-00:50,28.34226100802738
2025-11-22,13,15,02:00-02:30,47.82578943940001
2025-11-22,18,20,02:50-03:20,75.6785712133177
2025-11-22,22,33,03:30-05:30,213.14683908033052
2025-11-22,36,43,05:50-07:10,193.76823274303035
2025-11-22,45,55,07:20-09:10,231.706135088809
2025-11-22,66,68,10:50-11:20,157.47449491756402
2025-11-22,71,74,11:40-12:20,113.02692117383867
2025-11-22,76,77,12:30-12:50,32.622242279059265
2025-11-22,83,85,13:40-14:10,41.57064105991401
2025-11-22,91,92,15:00-15:20,18.28450367059611
2025-11-22,94,95,15:30-15:50,12.882067460004123
2025-11-22,97,102,16:00-17:00,237.63402250484117
2025-11-22,105,109,17:20-18:10,35.952652668584356
2025-11-22,112,113,18:30-18:50,59.309063875885954
2025-11-22,117,122,19:20-20:20,77.82473178707721
2025-11-22,125,126,20:40-21:00,32.48471263324137
2025-11-22,131,132,21:40-22:00,12.901957704961148
2025-11-22,135,136,22:20-22:40,37.48997941176458
2025-11-22,138,140,22:50-23:20,57.28074247269376
2025-11-23,1,5,00:00-00:50,97.47305122384523
2025-11-23,9,9,01:20-01:30,13.693571522568845
2025-11-23,12,12,01:50-02:00,1.6028056323200417
2025-11-23,18,19,02:50-03:10,33.70230744834839
2025-11-23,21,22,03:20-03:40,47.76479351230432
2025-11-23,26,27,04:10-04:30,37.1312290827741
2025-11-23,29,30,04:40-05:00,56.108447022164796
2025-11-23,33,35,05:20-05:50,73.2203234636137
2025-11-23,41,55,06:40-09:10,615.7628976378479
2025-11-23,57,71,09:20-11:50,1241.7142080057533
2025-11-23,101,104,16:40-17:20,35.848855901152746
2025-11-23,107,111,17:40-18:30,87.13129227623958
2025-11-23,114,115,18:50-19:10,43.60507891451891
2025-11-23,124,128,20:30-21:20,127.65025336886424
2025-11-23,134,136,22:10-22:40,29.60629752599027
2025-11-23,139,140,23:00-23:20,15.38180277010133
2025-11-23,142,142,23:30-23:40,0.4970665087512316
2025-11-24,1,2,00:00-00:20,74.00772838531384
2025-11-24,5,10,00:40-01:40,54.630226496907994
2025-11-24,19,23,03:00-03:50,60.63037720094792
2025-11-24,28,30,04:30-05:00,17.805697743124142
2025-11-24,32,33,05:10-05:30,44.40367232154619
2025-11-24,36,38,05:50-06:20,88.53144601357307
2025-11-24,42,45,06:50-07:30,77.37888995544517
2025-11-24,53,54,08:40-09:00,24.716855642659652
2025-11-24,79,82,13:00-13:40,180.11937740210192
2025-11-24,85,90,14:00-15:00,212.95614863985895
2025-11-24,93,98,15:20-16:20,235.0440102513493
2025-11-24,100,100,16:30-16:40,1.8929740727162425
2025-11-24,105,106,17:20-17:40,26.121234480100615
2025-11-24,111,115,18:20-19:10,76.3257192280941
2025-11-24,119,127,19:40-21:10,195.7713528753785
2025-11-24,129,129,21:20-21:30,1.001944334781001
2025-11-24,132,132,21:50-22:00,12.789606527174556
2025-11-24,136,144,22:30-24:00,217.89597904987488
2025-11-25,3,3,00:20-00:30,10.54443808395854
2025-11-25,10,12,01:30-02:00,7.957874437426085
2025-11-25,14,16,02:10-02:40,74.3437494670352
2025-11-25,18,26,02:50-04:20,185.75773264903341
2025-11-25,28,30,04:30-05:00,68.2975783392551
2025-11-25,38,38,06:10-06:20,4.036872862030677
2025-11-25,41,41,06:40-06:50,4.276478094862204
2025-11-25,46,73,07:30-12:10,1356.904136066776
2025-11-25,79,82,13:00-13:40,186.70477011542891
2025-11-25,84,84,13:50-14:00,38.28210582219447
2025-11-25,91,95,15:00-15:50,42.12103211700827
2025-11-25,98,101,16:10-16:50,88.01698545203342
2025-11-25,105,107,17:20-17:50,38.655029784934456
2025-11-25,110,111,18:10-18:30,11.022272693775676
2025-11-25,114,115,18:50-19:10,23.545298203710786
2025-11-25,117,117,19:20-19:30,15.504224898012922
2025-11-25,123,125,20:20-20:50,46.490585728385554
2025-11-25,129,132,21:20-22:00,116.73093963679423
2025-11-25,137,138,22:40-23:00,1.644683195157313
2025-11-25,140,143,23:10-23:50,83.34820494801966
2025-11-26,6,7,00:50-01:10,27.020993591261913
2025-11-26,14,17,02:10-02:50,92.08267889853948
2025-11-26,22,23,03:30-03:50,17.841075338860378
2025-11-26,25,26,04:00-04:20,13.66444426240298
2025-11-26,32,34,05:10-05:40,28.83920946647148
2025-11-26,36,38,05:50-06:20,114.75669102795484
2025-11-26,43,45,07:00-07:30,74.0169565553739
2025-11-26,48,65,07:50-10:50,560.534061281561
2025-11-26,67,87,11:00-14:30,1324.4082715611084
2025-11-26,90,92,14:50-15:20,111.49145960746716
2025-11-26,94,103,15:30-17:10,234.44850475814548
2025-11-26,109,110,18:00-18:20,18.70131051924128
2025-11-26,112,115,18:30-19:10,45.69407563589183
2025-11-26,122,123,20:10-20:30,24.261335307277136
2025-11-26,127,128,21:00-21:20,13.868009626266598
2025-11-26,139,144,23:00-24:00,120.68631220555324
2025-11-27,3,4,00:20-00:40,23.114539715752016
2025-11-27,9,11,01:20-01:50,38.9379681602843
2025-11-27,15,16,02:20-02:40,20.76566492301629
2025-11-27,20,21,03:10-03:30,14.221560883010966
2025-11-27,25,25,04:00-04:10,8.30164027503622
2025-11-27,29,33,04:40-05:30,62.71124150734124
2025-11-27,35,36,05:40-06:00,40.645541884270465
2025-11-27,39,39,06:20-06:30,30.932556257402325
2025-11-27,42,48,06:50-08:00,107.93539654089908
2025-11-27,59,60,09:40-10:00,47.57663290846608
2025-11-27,63,64,10:20-10:40,36.93042129415551
2025-11-27,66,71,10:50-11:50,159.64027299080738
2025-11-27,73,73,12:00-12:10,6.497927271445633
2025-11-27,77,80,12:40-13:20,139.21318281258812
2025-11-27,82,86,13:30-14:20,214.11407970503694
2025-11-27,88,101,14:30-16:50,768.61952576091
2025-11-27,106,108,17:30-18:00,19.00478888105583
2025-11-27,110,111,18:10-18:30,26.721848190551327
2025-11-27,119,120,19:40-20:00,10.844341281747688
2025-11-27,122,124,20:10-20:40,64.58776456112662
2025-11-27,130,130,21:30-21:40,4.783252928016964
2025-11-27,133,133,22:00-22:10,13.803424022897843
2025-11-27,136,137,22:30-22:50,10.238904257139097
2025-11-27,140,140,23:10-23:20,0.908178431372562
2025-11-28,2,5,00:10-00:50,66.88557245032246
2025-11-28,7,9,01:00-01:30,29.51125417160165
2025-11-28,15,15,02:20-02:30,3.125137518094448
2025-11-28,19,20,03:00-03:20,15.357129852612161
2025-11-28,23,27,03:40-04:30,131.00183466903536
2025-11-28,29,30,04:40-05:00,59.86681709435453
2025-11-28,35,39,05:40-06:30,79.39376322824461
2025-11-28,42,43,06:50-07:10,18.405325926343664
2025-11-28,46,53,07:30-08:50,296.89452940142536
2025-11-28,65,67,10:40-11:10,108.28612746038004
2025-11-28,70,75,11:30-12:30,379.8049207000922
2025-11-28,80,82,13:10-13:40,100.78570018893481
2025-11-28,89,94,14:40-15:40,216.77755967514537
2025-11-28,97,99,16:00-16:30,85.07575876337114
2025-11-28,102,105,16:50-17:30,33.342494624292726
2025-11-28,111,111,18:20-18:30,33.73724305829711
2025-11-28,114,125,18:50-20:50,230.3404925977107
2025-11-28,137,137,22:40-22:50,3.8483270759310244
2025-11-28,143,144,23:40-24:00,34.68378110935652
2025-11-29,11,13,01:40-02:10,54.67503268851175
2025-11-29,15,16,02:20-02:40,27.6988430582972
2025-11-29,22,24,03:30-04:00,58.986783510988516
2025-11-29,27,28,04:20-04:40,70.59762770759306
2025-11-29,34,34,05:30-05:40,3.2985147707405074
2025-11-29,37,41,06:00-06:50,118.37373617957252
2025-11-29,44,49,07:10-08:10,183.71506119508183
2025-11-29,52,53,08:30-08:50,89.65504726091802
2025-11-29,64,96,10:30-16:00,4161.822105337169
2025-11-29,106,107,17:30-17:50,16.667798809993883
2025-11-29,110,111,18:10-18:30,6.63651848927509
2025-11-29,114,116,18:50-19:20,26.313385465192766
2025-11-29,120,122,19:50-20:20,55.29756173180698
2025-11-29,126,126,20:50-21:00,3.9713172785893676
2025-11-29,129,129,21:20-21:30,21.78657586524548
2025-11-29,132,133,21:50-22:10,15.071730128964646
2025-11-29,136,138,22:30-23:00,65.38648978812995
2025-11-29,141,144,23:20-24:00,152.55247240426405
2025-11-30,1,2,00:00-00:20,12.488207961573835
2025-11-30,7,11,01:00-01:50,80.09330444137368
2025-11-30,15,15,02:20-02:30,7.410151335702153
2025-11-30,22,24,03:30-04:00,115.30171732464817
2025-11-30,27,27,04:20-04:30,16.20126858797221
2025-11-30,30,35,04:50-05:50,48.78149719041975
2025-11-30,37,38,06:00-06:20,68.29671281935634
2025-11-30,40,43,06:30-07:10,113.07214545052935
2025-11-30,47,99,07:40-16:30,3548.115063730191
2025-11-30,102,102,16:50-17:00,5.321584865490012
2025-11-30,113,117,18:40-19:30,100.7773587116726
2025-11-30,120,120,19:50-20:00,7.291847611527942
2025-11-30,123,124,20:20-20:40,26.96449517699716
2025-11-30,128,134,21:10-22:20,85.77643370180328
2025-11-30,136,142,22:30-23:40,122.84670136860188
2025-11-30,144,144,23:50-24:00,4.8582385840243205
2025-12-01,1,6,00:00-01:00,224.01049803921592
2025-12-01,8,67,01:10-11:10,6001.852120307186
2025-12-01,70,95,11:30-15:50,2485.51642362999
2025-12-01,98,102,16:10-17:00,122.49532246912176
2025-12-01,107,111,17:40-18:30,80.41660663527183
2025-12-01,114,114,18:50-19:00,19.534794709830294
2025-12-01,117,117,19:20-19:30,12.249548624819113
2025-12-01,120,123,19:50-20:30,72.87726551519972
2025-12-01,127,131,21:00-21:50,63.48341540992271
2025-12-01,133,134,22:00-22:20,34.94963830109225
2025-12-01,136,140,22:30-23:20,65.05282801026465
2025-12-01,142,144,23:30-24:00,124.22387048953806
2025-12-02,1,105,00:00-17:30,10315.382767577505
2025-12-02,108,114,17:50-19:00,227.63075417348185
2025-12-02,117,121,19:20-20:10,104.80394315041485
2025-12-02,124,132,20:30-22:00,155.63036302803005
2025-12-02,135,136,22:20-22:40,29.977038722200405
2025-12-02,139,143,23:00-23:50,128.7724820634295
2025-12-03,1,64,00:00-10:40,4757.23938562781
2025-12-03,66,101,10:50-16:50,3582.716628358997
2025-12-03,106,111,17:30-18:30,101.25080824450578
2025-12-03,115,117,19:00-19:30,32.65496521910791
2025-12-03,122,123,20:10-20:30,23.67597954336088
2025-12-03,125,127,20:40-21:10,49.895342025266814
2025-12-03,129,133,21:20-22:10,118.01507918805123
2025-12-03,136,137,22:30-22:50,34.21128257665475
2025-12-03,139,144,23:00-24:00,178.32104437425983
2025-12-04,1,2,00:00-00:20,89.38330552704315
2025-12-04,5,72,00:40-12:00,6460.307093176736
2025-12-04,74,76,12:10-12:40,204.73045643599698
2025-12-04,82,101,13:30-16:50,799.0273938723137
2025-12-04,103,104,17:00-17:20,77.01589276596539
2025-12-04,106,111,17:30-18:30,107.2229363703872
2025-12-04,114,117,18:50-19:30,25.320727049612174
2025-12-04,119,121,19:40-20:10,66.01912289117001
2025-12-04,123,125,20:20-20:50,98.37471138307683
2025-12-04,132,134,21:50-22:20,53.31405147387807
2025-12-04,137,144,22:40-24:00,225.25216751546276
2025-12-05,1,3,00:00-00:30,86.05851339649985
2025-12-05,6,98,00:50-16:20,6973.557464927719
2025-12-05,101,113,16:40-18:50,248.43754633222397
2025-12-05,118,120,19:30-20:00,65.06264265034883
2025-12-05,126,126,20:50-21:00,1.6315784971707785
2025-12-05,129,132,21:20-22:00,116.50545996841709
2025-12-05,134,136,22:10-22:40,85.50730376365306
2025-12-05,138,138,22:50-23:00,10.22744637452297
2025-12-05,140,144,23:10-24:00,217.86479014344008
2025-12-06,1,89,00:00-14:50,8093.346099310061
2025-12-06,91,101,15:00-16:50,634.6005770599519
2025-12-06,103,104,17:00-17:20,30.713310419604188
2025-12-06,107,112,17:40-18:40,138.65654618276858
2025-12-06,114,118,18:50-19:40,131.69611560731698
2025-12-06,122,123,20:10-20:30,38.918376490327546
2025-12-06,127,129,21:00-21:30,99.31956155415173
2025-12-06,132,134,21:50-22:20,83.59924444663761
2025-12-06,136,137,22:30-22:50,28.15027460192124
2025-12-06,140,144,23:10-24:00,131.8602085932356
2025-12-07,1,80,00:00-13:20,5445.272827656833
2025-12-07,82,101,13:30-16:50,1278.3918325033374
2025-12-07,104,107,17:10-17:50,71.60599396631184
2025-12-07,109,113,18:00-18:50,173.8927529063976
2025-12-07,116,118,19:10-19:40,69.49350638899875
2025-12-07,121,124,20:00-20:40,87.11505150677749
2025-12-07,126,126,20:50-21:00,19.63828266877215
2025-12-07,129,130,21:20-21:40,12.816854619028732
2025-12-07,132,135,21:50-22:30,78.68434951309348
2025-12-07,138,143,22:50-23:50,212.03065719173583
2025-12-08,4,52,00:30-08:40,2105.3900473614963
2025-12-08,56,62,09:10-10:20,257.9771623315105
2025-12-08,64,93,10:30-15:30,2265.1295262901144
2025-12-08,96,99,15:50-16:30,112.74705863741482
2025-12-08,101,105,16:40-17:30,69.80181197055994
2025-12-08,109,109,18:00-18:10,9.370737458876192
2025-12-08,113,114,18:40-19:00,20.85322819825899
2025-12-08,118,120,19:30-20:00,16.47324370311867
2025-12-08,123,125,20:20-20:50,100.74552208185298
2025-12-08,127,128,21:00-21:20,13.583096117910486
2025-12-08,134,136,22:10-22:40,60.01717479931585
2025-12-08,141,143,23:20-23:50,35.34734299907916
2025-12-09,2,8,00:10-01:20,234.90058460981743
2025-12-09,10,11,01:30-01:50,36.358941794973134
2025-12-09,13,14,02:00-02:20,52.24167701671297
2025-12-09,16,56,02:30-09:20,2419.1076100257565
2025-12-09,58,60,09:30-10:00,122.6403774434607
2025-12-09,66,66,10:50-11:00,4.353270214125814
2025-12-09,69,70,11:20-11:40,8.297169920854458
2025-12-09,75,75,12:20-12:30,10.614308532138011
2025-12-09,79,91,13:00-15:10,841.175410274848
2025-12-09,93,95,15:20-15:50,35.90822219840976
2025-12-09,98,99,16:10-16:30,67.15056511759052
2025-12-09,102,114,16:50-19:00,250.6932386037646
2025-12-09,117,119,19:20-19:50,93.79446980523721
2025-12-09,122,124,20:10-20:40,84.40028612975414
2025-12-09,126,128,20:50-21:20,51.5931430582973
2025-12-09,132,133,21:50-22:10,21.63862813528067
2025-12-09,136,137,22:30-22:50,54.32066292275317
2025-12-09,140,140,23:10-23:20,8.872371068561733
2025-12-09,143,144,23:40-24:00,5.261897058823479
2025-12-10,1,5,00:00-00:50,131.35298960389514
2025-12-10,7,9,01:00-01:30,91.15450148045818
2025-12-10,12,14,01:50-02:20,106.25015271746281
2025-12-10,16,49,02:30-08:10,1663.8554417319956
2025-12-10,51,52,08:20-08:40,8.87997399563858
2025-12-10,54,60,08:50-10:00,304.696352864099
2025-12-10,62,84,10:10-14:00,1997.5856727717942
2025-12-10,86,102,14:10-17:00,731.4912806299706
2025-12-10,105,106,17:20-17:40,35.42415087511506
2025-12-10,109,110,18:00-18:20,31.753553478841354
2025-12-10,113,120,18:40-20:00,134.99449653807858
2025-12-10,125,125,20:40-20:50,3.9242646466639144
2025-12-10,127,129,21:00-21:30,22.698347729964667
2025-12-10,131,141,21:40-23:30,201.75089635478435
2025-12-10,144,144,23:50-24:00,26.31143966311356
2025-12-11,1,15,00:00-02:30,453.64513609685514
2025-12-11,17,18,02:40-03:00,49.95168807079881
2025-12-11,21,24,03:20-04:00,92.4697336096857
2025-12-11,26,28,04:10-04:40,55.725750098697404
2025-12-11,30,60,04:50-10:00,1463.6986329394858
2025-12-11,62,74,10:10-12:20,805.3871078581764
2025-12-11,79,80,13:00-13:20,40.47793959543549
2025-12-11,95,97,15:40-16:10,60.889018969601295
2025-12-11,99,99,16:20-16:30,12.076958692873148
2025-12-11,104,105,17:10-17:30,38.87313139510835
2025-12-11,109,110,18:00-18:20,33.21686327618287
2025-12-11,112,113,18:30-18:50,27.316050048878537
2025-12-11,116,118,19:10-19:40,88.84576231083076
2025-12-11,121,121,20:00-20:10,16.377502217397023
2025-12-11,125,125,20:40-20:50,6.468988531385776
2025-12-11,129,135,21:20-22:30,169.96150036188976
2025-12-11,138,138,22:50-23:00,36.97673838662968
2025-12-11,142,144,23:30-24:00,18.620429438083818
2025-12-12,4,5,00:30-00:50,45.95024124884844
2025-12-12,7,17,01:00-02:50,382.6019287866823
2025-12-12,19,83,03:00-13:50,5296.699355911492
2025-12-12,86,87,14:10-14:30,82.81085968830496
2025-12-12,91,96,15:00-16:00,91.22019874513592
2025-12-12,99,103,16:20-17:10,125.39672743312099
2025-12-12,109,110,18:00-18:20,56.06253911510913
2025-12-12,113,113,18:40-18:50,2.471814665463512
2025-12-12,115,116,19:00-19:20,20.419557178576213
2025-12-12,121,128,20:00-21:20,206.54314386103454
2025-12-12,132,135,21:50-22:30,148.49582664166303
2025-12-12,138,139,22:50-23:10,72.44649469009096
2025-12-12,144,144,23:50-24:00,18.55314054480857
2025-12-13,1,22,00:00-03:40,706.3326911304125
2025-12-13,24,68,03:50-11:20,3004.6877629434334
2025-12-13,70,71,11:30-11:50,151.84494322937223
2025-12-13,73,90,12:00-15:00,1418.2681983870068
2025-12-13,97,98,16:00-16:20,10.843040361513829
2025-12-13,100,103,16:30-17:10,90.77397208843256
2025-12-13,109,110,18:00-18:20,103.09724284116334
2025-12-13,116,116,19:10-19:20,5.111107297012836
2025-12-13,120,121,19:50-20:10,19.82211555467825
2025-12-13,123,126,20:20-21:00,75.43677770759314
2025-12-13,129,131,21:20-21:50,72.17137489801303
2025-12-13,134,135,22:10-22:30,22.044902901697753
2025-12-13,141,142,23:20-23:40,31.96631885774434
2025-12-13,144,144,23:50-24:00,19.092902355573187
2025-12-14,1,1,00:00-00:10,11.560098690617224
2025-12-14,4,8,00:30-01:20,71.46484838794584
2025-12-14,10,22,01:30-03:40,394.13518333333366
2025-12-14,24,82,03:50-13:40,3381.3637824760795
2025-12-14,85,96,14:00-16:00,452.63461204857833
2025-12-14,99,101,16:20-16:50,86.73844897918899
2025-12-14,103,105,17:00-17:30,76.5956298159533
2025-12-14,109,110,18:00-18:20,34.73811736788696
2025-12-14,114,117,18:50-19:30,34.37171385050647
2025-12-14,119,122,19:40-20:20,103.70019909198595
2025-12-14,126,135,20:50-22:30,97.00564254507151
2025-12-14,139,140,23:00-23:20,17.160343933412264
2025-12-14,143,144,23:40-24:00,20.909442709567088
2025-12-15,3,8,00:20-01:20,132.60586931175158
2025-12-15,12,26,01:50-04:20,353.65312116067935
2025-12-15,29,40,04:40-06:40,281.3772091168015
2025-12-15,42,49,06:50-08:10,331.34224237023716
2025-12-15,52,77,08:30-12:50,1978.6940204519394
2025-12-15,86,86,14:10-14:20,14.855538882935775
2025-12-15,88,97,14:30-16:10,298.00396911529674
2025-12-15,99,101,16:20-16:50,27.830898314628268
2025-12-15,103,107,17:00-17:50,130.89406875152784
2025-12-15,110,110,18:10-18:20,8.935910765514333
2025-12-15,113,114,18:40-19:00,29.360207566785107
2025-12-15,117,117,19:20-19:30,8.319909856560002
2025-12-15,122,123,20:10-20:30,17.23872385182267
2025-12-15,130,130,21:30-21:40,0.6105761415975621
2025-12-15,135,138,22:20-23:00,85.6181181010661
2025-12-15,140,142,23:10-23:40,57.88592486511379
2025-12-16,2,5,00:10-00:50,64.65346820634318
2025-12-16,9,10,01:20-01:40,40.16040685616531
2025-12-16,12,15,01:50-02:30,100.31266029740766
2025-12-16,18,21,02:50-03:30,88.04863156336364
2025-12-16,24,30,03:50-05:00,214.45341435715227
2025-12-16,32,40,05:10-06:40,309.3709139360448
2025-12-16,42,62,06:50-10:20,1165.9863222106305
2025-12-16,64,80,10:30-13:20,1070.5082384063694
2025-12-16,82,84,13:30-14:00,47.68972873686357
2025-12-16,87,87,14:20-14:30,3.8039142133364976
2025-12-16,92,93,15:10-15:30,7.4569172231311995
2025-12-16,95,97,15:40-16:10,18.279338516346144
2025-12-16,103,107,17:00-17:50,93.13533881807771
2025-12-16,109,110,18:00-18:20,48.433984117271045
2025-12-16,115,118,19:00-19:40,33.224808007632646
2025-12-16,121,122,20:00-20:20,18.586944183445212
2025-12-16,125,127,20:40-21:10,15.364534866430063
2025-12-16,130,131,21:30-21:50,29.036487899723625
2025-12-16,133,134,22:00-22:20,45.58979934201864
2025-12-16,137,137,22:40-22:50,1.492805546782506
2025-12-16,139,141,23:00-23:30,69.77325754704543
2025-12-16,143,144,23:40-24:00,59.28586881168587
2025-12-17,1,2,00:00-00:20,41.1414405777075
2025-12-17,4,14,00:30-02:20,194.82563042505615
2025-12-17,18,25,02:50-04:10,174.73043525463868
2025-12-17,28,38,04:30-06:20,464.7657243923082
2025-12-17,40,44,06:30-07:20,300.35849609535126
2025-12-17,46,53,07:30-08:50,216.1429393472827
2025-12-17,55,57,09:00-09:30,132.52993098058027
2025-12-17,66,66,10:50-11:00,8.010335875960777
2025-12-17,69,70,11:20-11:40,66.71505138928057
2025-12-17,74,81,12:10-13:30,182.78723645498565
2025-12-17,85,85,14:00-14:10,14.742132228864534
2025-12-17,89,97,14:40-16:10,122.64487455774326
2025-12-17,100,102,16:30-17:00,44.35775437087602
2025-12-17,106,107,17:30-17:50,38.512813609873135
2025-12-17,110,112,18:10-18:40,86.89157488391344
2025-12-17,122,125,20:10-20:50,81.97181442953024
2025-12-17,128,130,21:10-21:40,82.2033754638768
2025-12-17,132,133,21:50-22:10,15.149878332675371
2025-12-17,136,136,22:30-22:40,9.609163705750689
2025-12-17,141,143,23:20-23:50,70.50007293064903
2025-12-18,3,5,00:20-00:50,118.01362438478736
2025-12-18,9,13,01:20-02:10,211.74475507961574
2025-12-18,17,20,02:40-03:20,206.18834152520105
2025-12-18,23,28,03:40-04:40,227.70555906040283
2025-12-18,30,38,04:50-06:20,254.0270050044185
2025-12-18,41,66,06:40-11:00,1158.2559949852434
2025-12-18,80,81,13:10-13:30,14.214107065779444
2025-12-18,84,87,13:50-14:30,104.4415353458171
2025-12-18,90,94,14:50-15:40,51.50760510405564
2025-12-18,100,105,16:30-17:30,94.65930824074628
2025-12-18,109,110,18:00-18:20,17.251460109413145
2025-12-18,117,119,19:20-19:50,34.59697320700093
2025-12-18,125,127,20:40-21:10,56.84173686669317
2025-12-18,131,134,21:40-22:20,62.82354790103966
2025-12-18,136,140,22:30-23:20,74.74024722989873
2025-12-18,144,144,23:50-24:00,7.340648111593566
2025-12-19,1,1,00:00-00:10,18.91433962363476
2025-12-19,4,6,00:30-01:00,79.2781892025265
2025-12-19,9,9,01:20-01:30,13.066036978549846
2025-12-19,11,26,01:40-04:20,303.89398756415375
2025-12-19,28,32,04:30-05:20,144.27690950313036
2025-12-19,35,44,05:40-07:20,293.2934990149082
2025-12-19,46,55,07:30-09:10,495.5422223196662
2025-12-19,67,69,11:00-11:30,65.66413872689998
2025-12-19,72,73,11:50-12:10,20.720132708251185
2025-12-19,75,77,12:20-12:50,163.64876900156037
2025-12-19,81,87,13:20-14:30,492.796125578554
2025-12-19,89,94,14:40-15:40,311.5598091196215
2025-12-19,98,102,16:10-17:00,118.54953855770512
2025-12-19,104,108,17:10-18:00,35.67288654804207
2025-12-19,111,114,18:20-19:00,94.9598399563854
2025-12-19,117,117,19:20-19:30,17.995816554809835
2025-12-19,120,120,19:50-20:00,11.35660415844194
2025-12-19,122,124,20:10-20:40,89.78368958415581
2025-12-19,127,130,21:00-21:40,69.77612451638379
2025-12-19,134,140,22:10-23:20,125.30580998157643
2025-12-19,142,143,23:30-23:50,70.72586014607202
2025-12-20,1,2,00:00-00:20,10.189198190551451
2025-12-20,5,7,00:40-01:10,62.25380635609946
2025-12-20,9,15,01:20-02:30,191.74756078431403
2025-12-20,18,21,02:50-03:30,31.834075529675033
2025-12-20,24,35,03:50-05:50,407.6015979066795
2025-12-20,38,60,06:10-10:00,1062.451608800031
2025-12-20,70,72,11:30-12:00,57.34292360366976
2025-12-20,79,92,13:00-15:20,381.43883529411795
2025-12-20,95,99,15:40-16:30,66.5025277367321
2025-12-20,103,107,17:00-17:50,111.26621759536046
2025-12-20,111,116,18:20-19:20,79.00636136897754
2025-12-20,118,119,19:30-19:50,21.51522405579675
2025-12-20,124,125,20:30-20:50,19.368636702197648
2025-12-20,127,128,21:00-21:20,9.274855711277837
2025-12-20,130,139,21:30-23:10,199.65487023950476
2025-12-21,1,2,00:00-00:20,29.22513310303998
2025-12-21,7,11,01:00-01:50,119.55246746282432
2025-12-21,13,14,02:00-02:20,65.51515619818406
2025-12-21,18,20,02:50-03:20,115.76933316225825
2025-12-21,22,40,03:30-06:40,699.4570760137617
2025-12-21,42,45,06:50-07:30,115.05481665632702
2025-12-21,47,55,07:40-09:10,199.4245057780162
2025-12-21,58,59,09:30-09:50,12.399451094128722
2025-12-21,62,71,10:10-11:50,1096.1048171516932
2025-12-21,73,74,12:00-12:20,71.62439219258135
2025-12-21,76,80,12:30-13:20,251.8790653084052
2025-12-21,83,84,13:40-14:00,17.502962930273043
2025-12-21,88,94,14:30-15:40,163.98241537984302
2025-12-21,96,96,15:50-16:00,17.013443451206143
2025-12-21,99,99,16:20-16:30,18.856730819844756
2025-12-21,102,102,16:50-17:00,4.74836886432422
2025-12-21,105,105,17:20-17:30,23.4541222529283
2025-12-21,109,114,18:00-19:00,95.26113711766624
2025-12-21,117,117,19:20-19:30,4.5346302145020445
2025-12-21,119,121,19:40-20:10,88.60000127648368
2025-12-21,131,132,21:40-22:00,25.766876470588272
2025-12-21,138,139,22:50-23:10,44.01312115409951
2025-12-21,142,143,23:30-23:50,36.85601249506533
2025-12-22,1,2,00:00-00:20,67.59450329648666
2025-12-22,4,12,00:30-02:00,206.51649787472059
2025-12-22,14,16,02:10-02:40,92.6523892420056
2025-12-22,20,22,03:10-03:40,88.27715517173294
2025-12-22,24,25,03:50-04:10,33.69611160021054
2025-12-22,28,33,04:30-05:30,122.19592546763684
2025-12-22,36,37,05:50-06:10,22.762485671047102
2025-12-22,42,47,06:50-07:50,191.70818164890116
2025-12-22,49,55,08:00-09:10,218.2283095285095
2025-12-22,59,59,09:40-09:50,4.814981183614293
2025-12-22,63,63,10:20-10:30,26.830246766491882
2025-12-22,66,66,10:50-11:00,18.45768033387833
2025-12-22,69,70,11:20-11:40,20.542265111011034
2025-12-22,73,73,12:00-12:10,3.9286491408644224
2025-12-22,76,77,12:30-12:50,29.754206075047477
2025-12-22,79,80,13:00-13:20,117.49383476679293
2025-12-22,83,88,13:40-14:40,190.22350360385792
2025-12-22,93,94,15:20-15:40,7.713821266896275
2025-12-22,100,101,16:30-16:50,7.943089462899575
2025-12-22,103,105,17:00-17:30,68.53107660406465
2025-12-22,108,112,17:50-18:40,82.88243841482942
2025-12-22,115,123,19:00-20:30,142.57597427951055
2025-12-22,125,129,20:40-21:30,113.18052700355315
2025-12-22,132,133,21:50-22:10,29.605712264771682
2025-12-22,142,144,23:30-24:00,39.090595269114374
2025-12-23,4,4,00:30-00:40,0.17823398473478846
2025-12-23,7,8,01:00-01:20,40.622630411896466
2025-12-23,11,14,01:40-02:20,66.95715646795611
2025-12-23,16,17,02:30-02:50,6.18352670746151
2025-12-23,19,24,03:00-04:00,116.14106760757977
2025-12-23,27,30,04:20-05:00,123.15439882879332
2025-12-23,37,37,06:00-06:10,9.464062748857941
2025-12-23,43,44,07:00-07:20,30.465978941778285
2025-12-23,52,52,08:30-08:40,19.264853500460504
2025-12-23,60,61,09:50-10:10,18.395622992686867
2025-12-23,63,67,10:20-11:10,110.32295027823238
2025-12-23,72,75,11:50-12:30,84.95558209538808
2025-12-23,85,89,14:00-14:50,52.481837024608694
2025-12-23,96,102,15:50-17:00,45.748559229598015
2025-12-23,105,107,17:20-17:50,47.12625233395369
2025-12-23,111,111,18:20-18:30,14.86298197131191
2025-12-23,118,119,19:30-19:50,32.45996896960139
2025-12-23,122,123,20:10-20:30,41.057143801816096
2025-12-23,130,131,21:30-21:50,41.63567085800764
2025-12-23,135,138,22:20-23:00,77.69803549809217
2025-12-23,141,142,23:20-23:40,15.070754875641796
2025-12-23,144,144,23:50-24:00,18.11578102381884
2025-12-24,1,3,00:00-00:30,92.32355931043594
2025-12-24,6,6,00:50-01:00,16.626138965653354
2025-12-24,15,21,02:20-03:30,103.11760599420995
2025-12-24,23,28,03:40-04:40,125.4036714304516
2025-12-24,32,34,05:10-05:40,48.571915532118865
2025-12-24,40,48,06:30-08:00,153.19373193559312
2025-12-24,54,61,08:50-10:10,284.8884183849391
2025-12-24,66,66,10:50-11:00,5.319968064407021
2025-12-24,77,87,12:40-14:30,488.21470185832743
2025-12-24,90,90,14:50-15:00,12.45394450397589
2025-12-24,93,95,15:20-15:50,52.33392296260763
2025-12-24,97,98,16:00-16:20,30.223161556971775
2025-12-24,101,105,16:40-17:30,117.3374083178242
2025-12-24,108,108,17:50-18:00,20.582702329253834
2025-12-24,112,115,18:30-19:10,86.160674465625
2025-12-24,117,123,19:20-20:30,134.13826912751688
2025-12-24,130,131,21:30-21:50,7.718102980655431
2025-12-24,135,138,22:20-23:00,96.25940952756957
2025-12-24,142,144,23:30-24:00,10.939341623897917
2025-12-25,4,4,00:30-00:40,11.513705007237832
2025-12-25,7,9,01:00-01:30,143.14800096065278
2025-12-25,13,14,02:00-02:20,46.94115326358735
2025-12-25,16,17,02:30-02:50,60.972394367679954
2025-12-25,19,20,03:00-03:20,30.943756369259063
2025-12-25,24,25,03:50-04:10,93.55319518357692
2025-12-25,28,33,04:30-05:30,155.59621572293358
2025-12-25,36,39,05:50-06:30,155.3729569097436
2025-12-25,41,43,06:40-07:10,67.10686365029237
2025-12-25,45,48,07:20-08:00,35.90328784802533
2025-12-25,57,58,09:20-09:40,5.562320044930971
2025-12-25,62,65,10:10-10:50,62.85801927321302
2025-12-25,67,75,11:00-12:30,613.9938904338914
2025-12-25,77,80,12:40-13:20,101.36672331885768
2025-12-25,87,87,14:20-14:30,4.857688887635504
2025-12-25,91,91,15:00-15:10,3.088235587389363
2025-12-25,95,97,15:40-16:10,59.84902169270373
2025-12-25,103,104,17:00-17:20,29.97729129772742
2025-12-25,107,109,17:40-18:10,47.515622875190445
2025-12-25,112,113,18:30-18:50,21.275559214558598
2025-12-25,115,116,19:00-19:20,31.533954855902266
2025-12-25,118,120,19:30-20:00,115.42986439005142
2025-12-25,124,126,20:30-21:00,22.000063883405687
2025-12-25,128,129,21:10-21:30,12.12800028951176
2025-12-25,141,143,23:20-23:50,116.46379685484953
2025-12-26,1,4,00:00-00:40,85.03103575470459
2025-12-26,6,8,00:50-01:20,30.407758941965938
2025-12-26,10,11,01:30-01:50,47.56051156073181
2025-12-26,13,16,02:00-02:40,76.42133257665495
2025-12-26,20,22,03:10-03:40,81.07646954204506
2025-12-26,24,26,03:50-04:20,58.78354577575999
2025-12-26,28,29,04:30-04:50,23.077043334649375
2025-12-26,33,35,05:20-05:50,61.45251017427111
2025-12-26,37,57,06:00-09:30,477.01453219220696
2025-12-26,60,61,09:50-10:10,76.84857033256253
2025-12-26,70,71,11:30-11:50,37.64872420995289
2025-12-26,73,98,12:00-16:20,1141.8518683990378
2025-12-26,100,101,16:30-16:50,15.841526735660764
2025-12-26,107,107,17:40-17:50,6.703913448198136
2025-12-26,109,110,18:00-18:20,55.37695933487481
2025-12-26,127,129,21:00-21:30,18.821153158310494
2025-12-26,132,134,21:50-22:20,31.90506171864712
2025-12-26,136,137,22:30-22:50,34.07211648243208
2025-12-26,140,141,23:10-23:30,19.00605876431115
2025-12-27,3,4,00:20-00:40,22.339124068956153
2025-12-27,7,8,01:00-01:20,56.137189399921
2025-12-27,16,17,02:30-02:50,34.88179651927885
2025-12-27,20,23,03:10-03:50,157.4203345308594
2025-12-27,27,33,04:20-05:30,80.11225534186855
2025-12-27,41,42,06:40-07:00,35.366686379786984
2025-12-27,45,47,07:20-07:50,76.52684799221714
2025-12-27,51,51,08:20-08:30,17.24158789690381
2025-12-27,54,67,08:50-11:10,700.605733414172
2025-12-27,69,71,11:20-11:50,68.09412743970074
2025-12-27,73,85,12:00-14:10,667.0146041208434
2025-12-27,89,89,14:40-14:50,1.1115220536537436
2025-12-27,91,93,15:00-15:30,58.38133000206801
2025-12-27,96,97,15:50-16:10,12.47008839978949
2025-12-27,100,109,16:30-18:10,214.93315264790476
2025-12-27,112,113,18:30-18:50,79.83225878875038
2025-12-27,120,124,19:50-20:40,88.47852866824581
2025-12-27,135,137,22:20-22:50,85.50809032109453
2025-12-27,140,141,23:10-23:30,5.307458988024791
2025-12-28,1,5,00:00-00:50,161.12360126990416
2025-12-28,8,9,01:10-01:30,4.55980378997242
2025-12-28,12,12,01:50-02:00,13.411401500197599
2025-12-28,15,26,02:20-04:20,306.9310371430453
2025-12-28,28,30,04:30-05:00,65.35529170285577
2025-12-28,33,33,05:20-05:30,10.451291617318134
2025-12-28,39,50,06:20-08:20,301.5472859737191
2025-12-28,52,52,08:30-08:40,0.17652283853158224
2025-12-28,59,61,09:40-10:10,48.35564321433276
2025-12-28,69,72,11:20-12:00,185.6479665125113
2025-12-28,75,76,12:20-12:40,30.78865523659158
2025-12-28,81,81,13:20-13:30,10.544763126727275
2025-12-28,95,95,15:40-15:50,7.370724464685395
2025-12-28,97,98,16:00-16:20,19.120948501682733
2025-12-28,106,108,17:30-18:00,106.42724850920251
2025-12-28,111,112,18:20-18:40,61.52542506908787
2025-12-28,122,124,20:10-20:40,61.45915720489552
2025-12-28,126,130,20:50-21:40,64.93702326621963
2025-12-28,136,137,22:30-22:50,42.0202941110673
2025-12-29,3,3,00:20-00:30,8.178360968548532
2025-12-29,7,7,01:00-01:10,4.210310659297306
2025-12-29,10,11,01:30-01:50,51.54945784313736
2025-12-29,15,15,02:20-02:30,9.154237399657859
2025-12-29,17,21,02:40-03:30,66.5074728516912
2025-12-29,24,27,03:50-04:30,85.1755088959078
2025-12-29,30,31,04:50-05:10,28.34559912300506
2025-12-29,34,34,05:30-05:40,13.672323716466433
2025-12-29,38,38,06:10-06:20,12.508746644295229
2025-12-29,41,42,06:40-07:00,7.261104382155395
2025-12-29,66,66,10:50-11:00,6.679143214332385
2025-12-29,69,78,11:20-13:00,367.54802209219224
2025-12-29,81,82,13:20-13:40,57.55706080499317
2025-12-29,87,90,14:20-15:00,110.74336848363498
2025-12-29,98,99,16:10-16:30,79.01575616998498
2025-12-29,102,102,16:50-17:00,32.845619818397154
2025-12-29,108,108,17:50-18:00,9.72212396367945
2025-12-29,111,111,18:20-18:30,8.003907093038606
2025-12-29,116,122,19:10-20:20,84.10132908935452
2025-12-29,126,126,20:50-21:00,14.051287669430394
2025-12-29,128,130,21:10-21:40,51.05290553362272
2025-12-29,132,132,21:50-22:00,13.584473614949502
2025-12-29,135,138,22:20-23:00,88.37319840768521
2025-12-29,141,141,23:20-23:30,1.7675023029346448
2025-12-29,144,144,23:50-24:00,29.27510264508487
2025-12-30,1,1,00:00-00:10,12.738371989735697
2025-12-30,3,4,00:20-00:40,9.527865758652524
2025-12-30,8,11,01:10-01:50,64.02929706540351
2025-12-30,16,16,02:30-02:40,0.2866466311356817
2025-12-30,24,26,03:50-04:20,64.86878491906828
2025-12-30,31,35,05:00-05:50,89.81597893425821
2025-12-30,43,46,07:00-07:40,62.54701512605057
2025-12-30,49,50,08:00-08:20,43.86654035963409
2025-12-30,54,58,08:50-09:40,180.24405915816055
2025-12-30,62,65,10:10-10:50,36.40236640441435
2025-12-30,67,68,11:00-11:20,49.213060628277844
2025-12-30,95,96,15:40-16:00,44.5546562818418
2025-12-30,99,101,16:20-16:50,23.341561071946014
2025-12-30,109,110,18:00-18:20,6.165640245897054
2025-12-30,112,113,18:30-18:50,32.942430026507395
2025-12-30,120,120,19:50-20:00,31.354479536781128
2025-12-30,123,123,20:20-20:30,1.3196848269508337
2025-12-30,127,130,21:00-21:40,37.08040127648394
2025-12-30,133,138,22:00-23:00,70.18936474536156
2025-12-31,1,1,00:00-00:10,1.941030971180453
2025-12-31,4,5,00:30-00:50,2.3792502039743795
2025-12-31,10,14,01:30-02:20,125.59065992235855
2025-12-31,17,18,02:40-03:00,53.171858481379104
2025-12-31,22,22,03:30-03:40,13.426634129490822
2025-12-31,29,32,04:40-05:20,107.93627128945533
2025-12-31,36,36,05:50-06:00,4.419907882616144
2025-12-31,40,41,06:30-06:50,7.502581097136957
2025-12-31,46,47,07:30-07:50,40.51475123700516
2025-12-31,49,49,08:00-08:10,4.177329214370388
2025-12-31,52,54,08:30-09:00,90.24262487263411
2025-12-31,58,70,09:30-11:40,745.4908142894744
2025-12-31,72,73,11:50-12:10,24.40889807211522
2025-12-31,76,77,12:30-12:50,40.016642687007675
2025-12-31,81,85,13:20-14:10,137.06918998928472
2025-12-31,88,89,14:30-14:50,73.72836659804841
2025-12-31,95,98,15:40-16:20,60.79840896358519
2025-12-31,103,105,17:00-17:30,43.120301597954864
2025-12-31,108,112,17:50-18:40,70.65033868272118
2025-12-31,116,122,19:10-20:20,127.84632864192702
2025-12-31,125,129,20:40-21:30,99.59550132912238
2025-12-31,132,134,21:50-22:20,69.89559903276734
2025-12-31,143,144,23:40-24:00,92.78351375180955
