date,variant,initial_soc_kwh,rho,objective,seconds,recovery_error,emergency_charging_slots
2025-02-01,greedy_closed,6000.0,0.9729222695628021,29265.990905180322,0.3968550999998115,7.275957614183426e-12,83
2025-02-01,dp_closed,6000.0,0.9729222695628021,29265.990905180322,0.38931710002361797,7.275957614183426e-12,83
2025-02-01,mpc_closed,6000.0,0.9729222695628021,29265.990905180322,0.3998896999983117,7.275957614183426e-12,83
2025-02-02,greedy_closed,6396.655447081459,0.9734740196876224,65247.80242090999,0.46202109998557717,7.275957614183426e-12,100
2025-02-02,dp_closed,6396.655447081459,0.9734740196876224,65247.80242090999,0.44925969999167137,7.275957614183426e-12,100
2025-02-02,mpc_closed,6396.655447081459,0.9734740196876224,65247.80242090999,0.46031560000847094,7.275957614183426e-12,100
2025-02-03,greedy_closed,6568.791891287479,0.9656111461030065,64581.63646811853,0.5569910999911372,1.0186340659856796e-10,100
2025-02-03,dp_closed,6568.791891287479,0.9656111461030065,64581.63646811853,0.548671500000637,1.0186340659856796e-10,100
2025-02-03,mpc_closed,6568.791891287479,0.9656111461030065,64581.63646811853,0.5577320999873336,1.0186340659856796e-10,100
2025-02-04,greedy_closed,6883.1906105414555,0.9592246375854695,64372.81736930821,0.45533029999933206,4.3655745685100555e-11,98
2025-02-04,dp_closed,6883.1906105414555,0.9592246375854695,64372.81736930821,0.4696754999749828,4.3655745685100555e-11,98
2025-02-04,mpc_closed,6883.1906105414555,0.9592246375854695,64372.81736930821,0.4512875000073109,4.3655745685100555e-11,98
2025-02-05,greedy_closed,6976.2168792989405,0.9554713090755867,62840.24922897619,0.435187200026121,2.1827872842550278e-11,101
2025-02-05,dp_closed,6976.2168792989405,0.9554713090755867,62840.24922897619,0.41887539997696877,2.1827872842550278e-11,101
2025-02-05,mpc_closed,6976.2168792989405,0.9554713090755867,62840.24922897619,0.4247558999923058,2.1827872842550278e-11,101
2025-02-06,greedy_closed,6833.951139638766,0.9525459484633293,62349.382209140786,0.3274397999921348,5.820766091346741e-11,120
2025-02-06,dp_closed,6833.951139638766,0.9525459484633293,62349.382209140786,0.3284687999985181,5.820766091346741e-11,120
2025-02-06,mpc_closed,6833.951139638766,0.9525459484633293,62349.382209140786,0.32614409999223426,5.820766091346741e-11,120
2025-02-07,greedy_closed,6786.414986914027,0.9492635999714211,24853.390247215055,0.34417510000639595,3.637978807091713e-12,84
2025-02-07,dp_closed,6786.414986914027,0.9492635999714211,24853.390247215055,0.34513100000913255,3.637978807091713e-12,84
2025-02-07,mpc_closed,6786.414986914027,0.9492635999714211,24853.390247215055,0.34642600000370294,3.637978807091713e-12,84
2025-02-08,greedy_closed,5692.038905761904,0.9492478197843063,23809.457290984967,0.4200721000088379,1.4551915228366852e-11,70
2025-02-08,dp_closed,5692.038905761904,0.9492478197843063,23809.457290984967,0.4210204999835696,1.4551915228366852e-11,70
2025-02-08,mpc_closed,5692.038905761904,0.9492478197843063,23809.457290984967,0.41989779999130405,1.4551915228366852e-11,70
2025-02-09,greedy_closed,5876.155560568517,0.9476778440050606,56789.85474150031,0.7212613000010606,3.637978807091713e-11,85
2025-02-09,dp_closed,5876.155560568517,0.9476778440050606,56789.85474150031,0.7234273000212852,3.637978807091713e-11,85
2025-02-09,mpc_closed,5876.155560568517,0.9476778440050606,56789.85474150031,0.7270904000033624,3.637978807091713e-11,85
2025-02-10,greedy_closed,6476.865726771161,0.92904280709686,56685.05076928736,0.6215091000194661,1.4551915228366852e-11,82
2025-02-10,dp_closed,6476.865726771161,0.92904280709686,56685.05076928736,0.6340276999981143,1.4551915228366852e-11,82
2025-02-10,mpc_closed,6476.865726771161,0.92904280709686,56685.05076928736,0.6146334999939427,1.4551915228366852e-11,82
2025-02-11,greedy_closed,6777.93445058951,0.8879327283537991,55893.73434489517,0.9357638999936171,5.820766091346741e-11,82
2025-02-11,dp_closed,6777.93445058951,0.8879327283537991,55893.73434489517,0.9179151999996975,5.820766091346741e-11,82
2025-02-11,mpc_closed,6777.93445058951,0.8879327283537991,55893.73434489517,0.9276037999952678,5.820766091346741e-11,82
2025-02-12,greedy_closed,10408.697336970139,0.8808306704270775,51984.450431299745,0.519378199998755,0.0,51
2025-02-12,dp_closed,10408.697336970139,0.8808306704270775,51984.450431299745,0.5261482000059914,0.0,51
2025-02-12,mpc_closed,10408.697336970139,0.8808306704270775,51984.450431299745,0.529827699996531,0.0,51
2025-02-13,greedy_closed,10382.597605111552,0.8793676873732122,50342.831384522,0.7796851999883074,2.9103830456733704e-11,61
2025-02-13,dp_closed,10382.597605111552,0.8793676873732122,50342.831384522,0.8129199999966659,2.9103830456733704e-11,61
2025-02-13,mpc_closed,10382.597605111552,0.8793676873732122,50342.831384522,0.7882583999889903,2.9103830456733704e-11,61
2025-02-14,greedy_closed,10518.385045265873,0.8801166393771912,14782.637825718379,0.24129000000539236,0.0,0
2025-02-14,dp_closed,10518.385045265873,0.8801166393771912,14782.637825718379,0.23433740000473335,0.0,0
2025-02-14,mpc_closed,10518.385045265873,0.8801166393771912,14782.637825718379,0.24407099999370985,0.0,0
2025-02-15,greedy_closed,10122.199284343034,0.8834674090696549,14614.675331561204,0.22911900002509356,3.637978807091713e-12,0
2025-02-15,dp_closed,10122.199284343034,0.8834674090696549,14614.675331561204,0.23148099999525584,3.637978807091713e-12,0
2025-02-15,mpc_closed,10134.344855441117,0.8834674090696549,14609.823054451808,0.23731550000957213,3.637978807091713e-12,0
2025-02-16,greedy_closed,9861.421522575654,0.8858344854420716,46462.38661920297,0.6430339000071399,2.9103830456733704e-11,66
2025-02-16,dp_closed,9861.421522575654,0.8858344854420716,46462.38661920297,0.6563589000143111,2.9103830456733704e-11,66
2025-02-16,mpc_closed,9991.88049773891,0.8858344854420716,46405.96933236783,0.7205571999948006,4.3655745685100555e-11,65
2025-02-17,greedy_closed,10082.263142474105,0.8879621861637691,46044.195615334254,0.729555400001118,7.275957614183426e-12,65
2025-02-17,dp_closed,10082.263142474105,0.8879621861637691,46044.195615334254,0.7288474999950267,7.275957614183426e-12,65
2025-02-17,mpc_closed,10091.467871717492,0.8879621861637691,46040.281270378255,0.7325420999841299,7.275957614183426e-12,65
2025-02-18,greedy_closed,10024.277886376367,0.8920973334551819,45588.79025051617,0.5499421999847982,2.1827872842550278e-11,63
2025-02-18,dp_closed,10024.277886376367,0.8920973334551819,45588.79025051617,0.5468755000038072,2.1827872842550278e-11,63
2025-02-18,mpc_closed,10024.277886376367,0.8920973334551819,45588.79025051617,0.5417384000029415,2.1827872842550278e-11,63
2025-02-19,greedy_closed,10191.30348389052,0.894945686159216,45125.93833405942,0.6407424999924842,1.4551915228366852e-11,72
2025-02-19,dp_closed,10191.30348389052,0.894945686159216,45125.93833405942,0.6357871000072919,1.4551915228366852e-11,72
2025-02-19,mpc_closed,10191.30348389052,0.894945686159216,45125.93833405942,0.6351313999912236,1.4551915228366852e-11,72
2025-02-20,greedy_closed,9658.930831344293,0.8963587041292511,44990.73823753169,0.7409676999959629,2.1827872842550278e-11,75
2025-02-20,dp_closed,9658.930831344293,0.8963587041292511,44990.73823753169,0.7352849000017159,2.1827872842550278e-11,75
2025-02-20,mpc_closed,9658.930831344293,0.8963587041292511,44990.73823753169,0.7167614999925718,2.1827872842550278e-11,75
2025-02-21,greedy_closed,10060.355266855846,0.8942015792244982,13650.026735402978,0.21001460001571104,1.0913936421275139e-11,0
2025-02-21,dp_closed,10060.355266855846,0.8942015792244982,13650.026735402978,0.21200090000638738,1.0913936421275139e-11,0
2025-02-21,mpc_closed,10093.066209071012,0.8942015792244982,13637.008434620187,0.21546890001627617,1.4551915228366852e-11,0
2025-02-22,greedy_closed,9991.68804835141,0.8944099779050245,13400.828724437732,0.2257876999792643,0.0,0
2025-02-22,dp_closed,9991.68804835141,0.8944099779050245,13400.828724437732,0.21870640001725405,0.0,0
2025-02-22,mpc_closed,10098.44351052485,0.8944099779050245,13358.516544059685,0.21612509997794405,5.4569682106375694e-12,0
2025-02-23,greedy_closed,9719.8288945,0.8938181431352774,43116.779328385695,0.6440465000050608,7.275957614183426e-12,62
2025-02-23,dp_closed,9719.8288945,0.8938181431352774,43116.779328385695,0.6422098999901209,7.275957614183426e-12,62
2025-02-23,mpc_closed,10134.68474024724,0.8938181431352774,42935.791251252405,0.653931000008015,2.9103830456733704e-11,54
2025-02-24,greedy_closed,9764.441407598535,0.8927049148162808,42658.96415971541,0.8032745000091381,1.4551915228366852e-11,67
2025-02-24,dp_closed,9764.441407598535,0.8927049148162808,42658.96415971541,0.7862779999850318,1.4551915228366852e-11,67
2025-02-24,mpc_closed,9764.441407598535,0.8927049148162808,42658.96415971541,0.7954740000132006,1.4551915228366852e-11,67
2025-02-25,greedy_closed,9698.0361255,0.8917163069389401,42324.89844941903,0.6180043999920599,2.9103830456733704e-11,65
2025-02-25,dp_closed,9698.0361255,0.8917163069389401,42324.89844941903,0.6188346999988426,2.9103830456733704e-11,65
2025-02-25,mpc_closed,9767.648275670676,0.8917163069389401,42292.15153213356,0.6039269999891985,3.637978807091713e-11,65
2025-02-26,greedy_closed,9663.086417788021,0.8979133060787573,41599.662101496375,0.6698282999859657,2.1827872842550278e-11,56
2025-02-26,dp_closed,9663.086417788021,0.8979133060787573,41599.662101496375,0.6659868000133429,2.1827872842550278e-11,56
2025-02-26,mpc_closed,9683.942152122761,0.8979133060787573,41589.99692336184,0.7184975999989547,2.9103830456733704e-11,56
2025-02-27,greedy_closed,9770.5476135,0.8982002292290022,41167.445006800444,0.8121692000131588,7.275957614183426e-12,55
2025-02-27,dp_closed,9770.5476135,0.8982002292290022,41167.445006800444,0.809968999994453,7.275957614183426e-12,55
2025-02-27,mpc_closed,9992.79609852441,0.8982002292290022,41066.5531997521,0.7438963000022341,6.548361852765083e-11,53
2025-02-28,greedy_closed,9891.393843635022,0.9034539816443761,12539.18235106127,0.19505920002120547,1.2732925824820995e-11,0
2025-02-28,dp_closed,9891.393843635022,0.9034539816443761,12539.18235106127,0.2004884000052698,1.2732925824820995e-11,0
2025-02-28,mpc_closed,9918.738569959984,0.9034539816443761,12528.366378746068,0.2003532000235282,9.094947017729282e-12,0
2025-03-01,greedy_closed,9715.63930293916,0.9006486413096256,12345.041877204436,0.20737649998045526,7.275957614183426e-12,0
2025-03-01,dp_closed,9715.63930293916,0.9006486413096256,12345.041877204436,0.20806269999593496,7.275957614183426e-12,0
2025-03-01,mpc_closed,9774.650378600536,0.9006486413096256,12321.701176103306,0.20412900001974776,7.275957614183426e-12,0
2025-03-02,greedy_closed,9664.066228500002,0.9012943540377426,39813.59784824672,0.5887885999982245,2.9103830456733704e-11,48
2025-03-02,dp_closed,9664.066228500002,0.9012943540377426,39813.59784824672,0.5982012000167742,2.9103830456733704e-11,48
2025-03-02,mpc_closed,9786.010701999117,0.9012943540377426,39758.17689598268,0.7214352000155486,1.4551915228366852e-11,45
2025-03-03,greedy_closed,9679.786858500003,0.9079160484465163,40437.73747047186,0.748017300007632,1.4551915228366852e-11,43
2025-03-03,dp_closed,9679.786858500003,0.9079160484465163,40437.73747047186,0.7587447999976575,1.4551915228366852e-11,43
2025-03-03,mpc_closed,9679.786858500003,0.9079160484465163,40437.73747047186,0.7485204999975394,1.4551915228366852e-11,43
2025-03-04,greedy_closed,9675.22084575,0.9087588739454682,41682.7307408174,0.7908737999969162,0.0,56
2025-03-04,dp_closed,9675.22084575,0.9087588739454682,41682.7307408174,0.7898297999927308,0.0,56
2025-03-04,mpc_closed,9689.292074810475,0.9087588739454682,41676.45221608743,0.8246128000027966,0.0,56
2025-03-05,greedy_closed,9589.630818333526,0.9073650043226625,42297.071863252466,0.6546895999927074,3.637978807091713e-11,56
2025-03-05,dp_closed,9589.630818333526,0.9073650043226625,42297.071863252466,0.6529067999799736,3.637978807091713e-11,56
2025-03-05,mpc_closed,9696.270735792332,0.9073650043226625,42249.3964663294,0.7634221999906003,1.4551915228366852e-11,55
2025-03-06,greedy_closed,9722.495865847504,0.9101005286231577,42320.61689482265,0.8062680999864824,7.275957614183426e-12,55
2025-03-06,dp_closed,9722.495865847504,0.9101005286231577,42320.61689482265,0.7991806999780238,7.275957614183426e-12,55
2025-03-06,mpc_closed,9740.873207950943,0.9101005286231577,42312.492245826434,0.7831876999989618,1.4551915228366852e-11,55
2025-03-07,greedy_closed,9643.62265612206,0.9131573035552846,12192.386833456125,0.19119410001439974,3.637978807091713e-12,0
2025-03-07,dp_closed,9643.62265612206,0.9131573035552846,12192.386833456125,0.19375760000548325,3.637978807091713e-12,0
2025-03-07,mpc_closed,9833.347973204174,0.9131573035552846,12117.348777227035,0.18715199999860488,3.637978807091713e-12,0
2025-03-08,greedy_closed,9827.961782279015,0.9151381068744548,11762.572900798159,0.20887310002581216,1.8189894035458565e-12,0
2025-03-08,dp_closed,9827.961782279015,0.9151381068744548,11762.572900798159,0.21773820000817068,1.8189894035458565e-12,0
2025-03-08,mpc_closed,9978.175820607057,0.9151381068744548,11703.2368535182,0.2186121999984607,3.637978807091713e-12,0
2025-03-09,greedy_closed,9958.645174591631,0.9179474473881948,40919.66301451948,0.6381720000063069,1.4551915228366852e-11,52
2025-03-09,dp_closed,9958.645174591631,0.9179474473881948,40919.66301451948,0.6413775999972131,1.4551915228366852e-11,52
2025-03-09,mpc_closed,10013.541564009618,0.9179474473881948,40896.48678885777,0.7380917999835219,1.4551915228366852e-11,52
2025-03-10,greedy_closed,9725.976207000002,0.9186126504971929,40165.161971566245,0.7993008999910671,7.275957614183426e-12,53
2025-03-10,dp_closed,9725.976207000002,0.9186126504971929,40165.161971566245,0.8065572000050452,7.275957614183426e-12,53
2025-03-10,mpc_closed,9913.19285497627,0.9186126504971929,40083.195151897016,0.8579965000099037,2.9103830456733704e-11,54
2025-03-11,greedy_closed,9664.887102000004,0.9172651417793781,39756.623566901704,0.7528564999811351,2.9103830456733704e-11,53
2025-03-11,dp_closed,9664.887102000004,0.9172651417793781,39756.623566901704,0.7551061999984086,2.9103830456733704e-11,53
2025-03-11,mpc_closed,9692.809461643701,0.9172651417793781,39744.03268492969,0.7154004000185523,1.4551915228366852e-11,53
2025-03-12,greedy_closed,9842.623104,0.9176656742575232,39362.592292685214,0.7496079000120517,7.275957614183426e-12,51
2025-03-12,dp_closed,9842.623104,0.9176656742575232,39362.592292685214,0.7550629999896046,7.275957614183426e-12,51
2025-03-12,mpc_closed,10012.16758494988,0.9176656742575232,39289.0473924884,0.6944325999938883,2.9103830456733704e-11,50
2025-03-13,greedy_closed,9613.699911423448,0.915670001203218,38943.333800626446,0.79198290000204,2.1827872842550278e-11,52
2025-03-13,dp_closed,9613.699911423448,0.915670001203218,38943.333800626446,0.7884212000062689,2.1827872842550278e-11,52
2025-03-13,mpc_closed,9697.51227171826,0.915670001203218,38905.41053385652,0.7273552999831736,7.275957614183426e-12,51
2025-03-14,greedy_closed,9652.104554222224,0.9150823117873732,11319.495921118832,0.17389390000607818,0.0,0
2025-03-14,dp_closed,9652.104554222224,0.9150823117873732,11319.495921118832,0.17560070002218708,0.0,0
2025-03-14,mpc_closed,9652.104554222224,0.9150823117873732,11319.495921118832,0.17474529999890365,0.0,0
2025-03-15,greedy_closed,9973.992574058202,0.9165750675895075,11063.916567402995,0.1855873999884352,0.0,0
2025-03-15,dp_closed,9973.992574058202,0.9165750675895075,11063.916567402995,0.17986129998462275,0.0,0
2025-03-15,mpc_closed,10118.837371605334,0.9165750675895075,11006.89696440059,0.20264750000205822,0.0,0
2025-03-16,greedy_closed,9701.770373911237,0.9118508301385511,38404.23611929325,0.6820107999956235,0.0,59
2025-03-16,dp_closed,9701.770373911237,0.9118508301385511,38404.23611929325,0.6848590000008699,0.0,59
2025-03-16,mpc_closed,9701.770373911237,0.9118508301385511,38404.23611929325,0.6956803999783006,0.0,59
2025-03-17,greedy_closed,9998.211704412599,0.9121460744464013,38090.75418604098,0.7342999999818858,2.9103830456733704e-11,55
2025-03-17,dp_closed,9998.211704412599,0.9121460744464013,38090.75418604098,0.7305303000030108,2.9103830456733704e-11,55
2025-03-17,mpc_closed,10051.75718695228,0.9121460744464013,38068.0765412378,0.6257340000011027,2.9103830456733704e-11,54
2025-03-18,greedy_closed,10255.740971174604,0.9162442430075606,37106.17884692858,0.6990194999962114,2.9103830456733704e-11,49
2025-03-18,dp_closed,10255.740971174604,0.9162442430075606,37106.17884692858,0.68913449998945,2.9103830456733704e-11,49
2025-03-18,mpc_closed,10255.740971174604,0.9162442430075606,37106.17884692858,0.6948480000137351,2.9103830456733704e-11,49
2025-03-19,greedy_closed,10104.763340037298,0.9172244298822215,37108.728775805816,0.6337938999931794,4.3655745685100555e-11,47
2025-03-19,dp_closed,10104.763340037298,0.9172244298822215,37108.728775805816,0.6430180000024848,4.3655745685100555e-11,47
2025-03-19,mpc_closed,10104.763340037298,0.9172244298822215,37108.728775805816,0.6414387999975588,4.3655745685100555e-11,47
2025-03-20,greedy_closed,10380.152784362075,0.9174721056693367,36658.08490805933,0.6092424999806099,4.3655745685100555e-11,45
2025-03-20,dp_closed,10380.152784362075,0.9174721056693367,36658.08490805933,0.6070436000009067,4.3655745685100555e-11,45
2025-03-20,mpc_closed,10380.152784362075,0.9174721056693367,36658.08490805933,0.6101675000099931,4.3655745685100555e-11,45
2025-03-21,greedy_closed,9794.565207000001,0.9163534225971844,10728.125543106962,0.16988999999011867,1.8189894035458565e-12,0
2025-03-21,dp_closed,9794.565207000001,0.9163534225971844,10728.125543106962,0.1679629999853205,1.8189894035458565e-12,0
2025-03-21,mpc_closed,9970.614459004775,0.9163534225971844,10658.82199456276,0.17042249999940395,0.0,0
2025-03-22,greedy_closed,9994.909830387815,0.9180099489549784,10644.328442130212,0.15828070000861771,1.8189894035458565e-12,0
2025-03-22,dp_closed,9994.909830387815,0.9180099489549784,10644.328442130212,0.1693241000175476,1.8189894035458565e-12,0
2025-03-22,mpc_closed,9994.909830387815,0.9180099489549784,10644.328442130212,0.16978289998951368,1.8189894035458565e-12,0
2025-03-23,greedy_closed,10174.20120727954,0.9165645667367834,35187.26489456049,0.6015552000026219,5.820766091346741e-11,40
2025-03-23,dp_closed,10174.20120727954,0.9165645667367834,35187.26489456049,0.6185035000089556,5.820766091346741e-11,40
2025-03-23,mpc_closed,10344.702124972664,0.9165645667367834,35116.92379373887,0.6188041999994311,5.820766091346741e-11,40
2025-03-24,greedy_closed,10030.593547422222,0.9164645578472339,34732.10392712204,0.7153141000017058,3.637978807091713e-11,41
2025-03-24,dp_closed,10030.593547422222,0.9164645578472339,34732.10392712204,0.7285419999971054,3.637978807091713e-11,41
2025-03-24,mpc_closed,10030.593547422222,0.9164645578472339,34732.10392712204,0.7295939000032376,3.637978807091713e-11,41
2025-03-25,greedy_closed,9981.175175051707,0.9169666317260596,34747.38829588869,0.581780999986222,5.820766091346741e-11,46
2025-03-25,dp_closed,9981.175175051707,0.9169666317260596,34747.38829588869,0.578609599993797,5.820766091346741e-11,46
2025-03-25,mpc_closed,10243.19101565037,0.9169666317260596,34638.92001988748,0.605487599998014,4.3655745685100555e-11,45
2025-03-26,greedy_closed,9644.873083778575,0.9175849659863338,35023.500436000024,0.7253537999931723,2.1827872842550278e-11,48
2025-03-26,dp_closed,9644.873083778575,0.9175849659863338,35023.500436000024,0.7327834999887273,2.1827872842550278e-11,48
2025-03-26,mpc_closed,9889.75883464792,0.9175849659863338,34915.16394096779,0.7751962000038475,1.4551915228366852e-11,47
2025-03-27,greedy_closed,10194.388899041285,0.9188349717346551,34313.27921403154,0.9584164999832865,5.093170329928398e-11,41
2025-03-27,dp_closed,10194.388899041285,0.9188349717346551,34313.27921403154,0.9607528999913484,5.093170329928398e-11,41
2025-03-27,mpc_closed,10194.388899041285,0.9188349717346551,34313.27921403154,0.9519429999927524,5.093170329928398e-11,41
2025-03-28,greedy_closed,9738.163881,0.9147698948266074,10108.679787713958,0.321873200009577,1.8189894035458565e-12,0
2025-03-28,dp_closed,9738.163881,0.9147698948266074,10108.679787713958,0.3178849999967497,1.8189894035458565e-12,0
2025-03-28,mpc_closed,10111.31630174188,0.9147698948266074,9961.978375065984,0.32141269999556243,1.8189894035458565e-12,0
2025-03-29,greedy_closed,10111.477015590304,0.9147456877710775,9977.539941735758,0.41137429999071173,3.637978807091713e-12,0
2025-03-29,dp_closed,10111.477015590304,0.9147456877710775,9977.539941735758,0.4073365000076592,3.637978807091713e-12,0
2025-03-29,mpc_closed,10111.477015590304,0.9147456877710775,9977.539941735758,0.39831460002460517,3.637978807091713e-12,0
2025-03-30,greedy_closed,9806.422424706936,0.9148119827364177,32954.58906883963,0.8328834999992978,3.637978807091713e-11,40
2025-03-30,dp_closed,9806.422424706936,0.9148119827364177,32954.58906883963,0.8267281000153162,3.637978807091713e-11,40
2025-03-30,mpc_closed,10115.917513760756,0.9148119827364177,32822.96589592796,0.7612242000177503,1.4551915228366852e-11,36
2025-03-31,greedy_closed,10250.596261954866,0.9146973596242695,32354.990074748664,0.8236307000042871,5.820766091346741e-11,35
2025-03-31,dp_closed,10250.596261954866,0.9146973596242695,32354.990074748664,0.8307465999969281,5.820766091346741e-11,35
2025-03-31,mpc_closed,10250.596261954866,0.9146973596242695,32354.990074748664,0.8233603000117,5.820766091346741e-11,35
2025-04-01,greedy_closed,9999.374241333335,0.9151687231821798,32354.0951433901,0.8225912000052631,4.001776687800884e-11,39
2025-04-01,dp_closed,9999.374241333335,0.9151687231821798,32354.0951433901,0.791954899992561,4.001776687800884e-11,39
2025-04-01,mpc_closed,10477.445608407405,0.9151687231821798,32156.178722398377,0.6932273999846075,1.4551915228366852e-11,38
2025-04-02,greedy_closed,9931.525737,0.9136817544409898,32248.87046668836,0.655991300009191,3.2741809263825417e-11,42
2025-04-02,dp_closed,9931.525737,0.9136817544409898,32248.87046668836,0.6432368000096176,3.2741809263825417e-11,42
2025-04-02,mpc_closed,9931.525737,0.9136817544409898,32248.87046668836,0.6314103000040632,3.2741809263825417e-11,42
2025-04-03,greedy_closed,9890.246399712118,0.9148438726270901,32785.0211423314,0.8181249000190292,7.275957614183426e-12,47
2025-04-03,dp_closed,9890.246399712118,0.9148438726270901,32785.0211423314,0.8298931999888737,7.275957614183426e-12,47
2025-04-03,mpc_closed,9896.135003936542,0.9148438726270901,32782.370900069305,0.7930297999992035,1.4551915228366852e-11,47
2025-04-04,greedy_closed,10174.279827545248,0.9148017351423865,9565.730884994988,0.1921763000136707,0.0,0
2025-04-04,dp_closed,10174.279827545248,0.9148017351423865,9565.730884994988,0.19101579999551177,0.0,0
2025-04-04,mpc_closed,10174.279827545248,0.9148017351423865,9565.730884994988,0.18366769998101518,0.0,0
2025-04-05,greedy_closed,10359.376175770765,0.9154455441761109,9463.646561585458,0.21877699997276068,1.8189894035458565e-12,0
2025-04-05,dp_closed,10359.376175770765,0.9154455441761109,9463.646561585458,0.21372669999254867,1.8189894035458565e-12,0
2025-04-05,mpc_closed,10359.376175770765,0.9154455441761109,9463.646561585458,0.2139218000229448,1.8189894035458565e-12,0
2025-04-06,greedy_closed,10010.677038086791,0.9126811550074271,32216.274311509784,1.117889200017089,1.4551915228366852e-11,34
2025-04-06,dp_closed,10010.677038086791,0.9126811550074271,32216.274311509784,1.1336014999833424,1.4551915228366852e-11,34
2025-04-06,mpc_closed,10010.677038086791,0.9126811550074271,32216.274311509784,1.1377589000039734,1.4551915228366852e-11,34
2025-04-07,greedy_closed,10214.821759238865,0.9106899789181966,31908.16845095838,1.028549299982842,3.637978807091713e-12,29
2025-04-07,dp_closed,10214.821759238865,0.9106899789181966,31908.16845095838,1.0202526999928523,3.637978807091713e-12,29
2025-04-07,mpc_closed,10214.821759238865,0.9106899789181966,31908.16845095838,1.023125000006985,3.637978807091713e-12,29
2025-04-08,greedy_closed,10277.977697969158,0.9092200689311082,31625.227545054313,1.1938887999858707,1.0913936421275139e-11,28
2025-04-08,dp_closed,10277.977697969158,0.9092200689311082,31625.227545054313,1.2014898999768775,1.0913936421275139e-11,28
2025-04-08,mpc_closed,10277.977697969158,0.9092200689311082,31625.227545054313,1.1938885999843478,1.0913936421275139e-11,28
2025-04-09,greedy_closed,9718.72941,0.9054615895651967,31582.51686856991,0.9706769000040367,3.637978807091713e-12,33
2025-04-09,dp_closed,9718.72941,0.9054615895651967,31582.51686856991,0.9719120000081602,3.637978807091713e-12,33
2025-04-09,mpc_closed,9781.850346811467,0.9054615895651967,31553.64582582539,1.1143922999908682,7.275957614183426e-12,32
2025-04-10,greedy_closed,9751.088171740743,0.9065694818962965,31885.93776035324,1.061114100011764,3.637978807091713e-12,36
2025-04-10,dp_closed,9751.088171740743,0.9065694818962965,31885.93776035324,1.057261700014351,3.637978807091713e-12,36
2025-04-10,mpc_closed,9751.088171740743,0.9065694818962965,31885.93776035324,1.051226100011263,3.637978807091713e-12,36
2025-04-11,greedy_closed,9960.212580000001,0.9053111564423629,9218.578413349363,0.2576514000247698,9.094947017729282e-12,0
2025-04-11,dp_closed,9960.212580000001,0.9053111564423629,9218.578413349363,0.2615430999721866,9.094947017729282e-12,0
2025-04-11,mpc_closed,10218.201931166668,0.9053111564423629,9117.33034953907,0.277458900003694,9.094947017729282e-12,0
2025-04-12,greedy_closed,10072.231714509155,0.9041827490365832,9338.504504579645,0.2811449999862816,7.275957614183426e-12,0
2025-04-12,dp_closed,10072.231714509155,0.9041827490365832,9338.504504579645,0.27631909999763593,7.275957614183426e-12,0
2025-04-12,mpc_closed,10072.231714509155,0.9041827490365832,9338.504504579645,0.26715229998808354,7.275957614183426e-12,0
2025-04-13,greedy_closed,10238.434233680064,0.9017080926935558,30940.362878742228,0.7571786000044085,2.546585164964199e-11,32
2025-04-13,dp_closed,10238.434233680064,0.9017080926935558,30940.362878742228,0.7392728999839164,2.546585164964199e-11,32
2025-04-13,mpc_closed,10310.487345320274,0.9017080926935558,30910.636967239996,0.7248557999846525,2.546585164964199e-11,32
2025-04-14,greedy_closed,9924.939429040236,0.8971552112779401,30821.214342983058,0.7659190000267699,1.0913936421275139e-11,32
2025-04-14,dp_closed,9924.939429040236,0.8971552112779401,30821.214342983058,0.7568307000037748,1.0913936421275139e-11,32
2025-04-14,mpc_closed,10148.189272305632,0.8971552112779401,30725.71927107148,0.7777709000220057,1.0913936421275139e-11,27
2025-04-15,greedy_closed,10210.116344964117,0.8952822892825046,30735.585919784036,0.7355353999882936,1.0913936421275139e-11,32
2025-04-15,dp_closed,10210.116344964117,0.8952822892825046,30735.585919784036,0.7290839999914169,1.0913936421275139e-11,32
2025-04-15,mpc_closed,10210.930656075228,0.8952822892825046,30735.249971211193,0.731237300002249,1.0913936421275139e-11,32
2025-04-16,greedy_closed,10298.274656003614,0.8973331359756501,30365.123823874,0.7947028999915347,7.275957614183426e-12,29
2025-04-16,dp_closed,10298.274656003614,0.8973331359756501,30365.123823874,0.804441800020868,7.275957614183426e-12,29
2025-04-16,mpc_closed,10298.274656003614,0.8973331359756501,30365.123823874,0.7864632000273559,7.275957614183426e-12,29
2025-04-17,greedy_closed,9778.494942000001,0.8901673715562263,30618.433567334112,0.9778503999987151,3.637978807091713e-12,38
2025-04-17,dp_closed,9778.494942000001,0.8901673715562263,30618.433567334112,0.9653093999950215,3.637978807091713e-12,38
2025-04-17,mpc_closed,9778.494942000001,0.8901673715562263,30618.433567334112,0.9807049999944866,3.637978807091713e-12,38
2025-04-18,greedy_closed,10046.00991,0.888454183867303,8767.627140470202,0.30368490002001636,3.637978807091713e-12,0
2025-04-18,dp_closed,10046.00991,0.888454183867303,8767.627140470202,0.30864699999801815,3.637978807091713e-12,0
2025-04-18,mpc_closed,10316.139397612227,0.888454183867303,8661.6288697626,0.3109707999974489,1.8189894035458565e-12,0
2025-04-19,greedy_closed,10548.176288363908,0.8852781483812625,8639.452247917341,0.30933099999674596,1.8189894035458565e-12,0
2025-04-19,dp_closed,10548.176288363908,0.8852781483812625,8639.452247917341,0.3216013000055682,1.8189894035458565e-12,0
2025-04-19,mpc_closed,10548.176288363908,0.8852781483812625,8639.452247917341,0.314625300001353,1.8189894035458565e-12,0
2025-04-20,greedy_closed,10500.609648303012,0.8849303190220759,29814.14564034411,1.0829462000110652,2.1827872842550278e-11,32
2025-04-20,dp_closed,10500.609648303012,0.8849303190220759,29814.14564034411,1.0777474000060465,2.1827872842550278e-11,32
2025-04-20,mpc_closed,10500.609648303012,0.8849303190220759,29814.14564034411,1.0727003999927547,2.1827872842550278e-11,32
2025-04-21,greedy_closed,10367.123696452003,0.8808485139011748,29519.189536891296,0.9111140000168234,3.2741809263825417e-11,29
2025-04-21,dp_closed,10367.123696452003,0.8808485139011748,29519.189536891296,0.9000285999791231,3.2741809263825417e-11,29
2025-04-21,mpc_closed,10463.19915094936,0.8808485139011748,29479.55307438589,0.9136783000139985,2.546585164964199e-11,29
2025-04-22,greedy_closed,10023.677929937428,0.8841846688580287,29553.733037865823,0.8653555999917444,7.275957614183426e-12,30
2025-04-22,dp_closed,10023.677929937428,0.8841846688580287,29553.733037865823,0.857816300005652,7.275957614183426e-12,30
2025-04-22,mpc_closed,10023.677929937428,0.8841846688580287,29553.733037865823,0.8480600000184495,7.275957614183426e-12,30
2025-04-23,greedy_closed,9754.452944999999,0.8833742517767673,29741.266027546942,1.4214866000111215,3.2741809263825417e-11,33
2025-04-23,dp_closed,9754.452944999999,0.8833742517767673,29741.266027546942,1.428193800005829,3.2741809263825417e-11,33
2025-04-23,mpc_closed,10230.305163401064,0.8833742517767673,29534.921682305307,1.2656291000021156,3.2741809263825417e-11,26
2025-04-24,greedy_closed,10451.068120174732,0.8835449102618587,29138.496184205258,0.8701072999974713,1.0913936421275139e-11,25
2025-04-24,dp_closed,10451.068120174732,0.8835449102618587,29138.496184205258,0.8826960999867879,1.0913936421275139e-11,25
2025-04-24,mpc_closed,10451.00182143399,0.8835449102618587,29138.52353611908,0.8822321999759879,1.0913936421275139e-11,25
2025-04-25,greedy_closed,10286.240343437265,0.8852910439362025,8095.370896924009,0.2844693999795709,1.8189894035458565e-12,0
2025-04-25,dp_closed,10286.240343437265,0.8852910439362025,8095.370896924009,0.2752079999772832,1.8189894035458565e-12,0
2025-04-25,mpc_closed,10286.240343437265,0.8852910439362025,8095.370896924009,0.2733598999911919,1.8189894035458565e-12,0
2025-04-26,greedy_closed,10122.810090201057,0.88072817805483,8082.161319867718,0.2678091000125278,3.637978807091713e-12,0
2025-04-26,dp_closed,10122.810090201057,0.88072817805483,8082.161319867718,0.2675212000031024,3.637978807091713e-12,0
2025-04-26,mpc_closed,10122.810090201057,0.88072817805483,8082.161319867718,0.2807418000011239,3.637978807091713e-12,0
2025-04-27,greedy_closed,9740.64944725926,0.8857825095054133,27801.664975876556,0.6227477000211366,1.4551915228366852e-11,21
2025-04-27,dp_closed,9740.64944725926,0.8857825095054133,27801.664975876556,0.6351831000065431,1.4551915228366852e-11,21
2025-04-27,mpc_closed,9859.346234093144,0.8857825095054133,27748.01842440493,0.6810513000236824,1.0913936421275139e-11,21
2025-04-28,greedy_closed,9789.586931999998,0.8848113595214826,27673.554603602028,0.7206699000089429,3.637978807091713e-12,15
2025-04-28,dp_closed,9789.586931999998,0.8848113595214826,27673.554603602028,0.7108442999888211,3.637978807091713e-12,15
2025-04-28,mpc_closed,10113.286803025128,0.8848113595214826,27533.237540825932,0.6843705999781378,1.0913936421275139e-11,12
2025-04-29,greedy_closed,9871.832856,0.8917589592357436,29104.713703697496,0.8151184000016656,2.546585164964199e-11,33
2025-04-29,dp_closed,9871.832856,0.8917589592357436,29104.713703697496,0.7626639000081923,2.546585164964199e-11,33
2025-04-29,mpc_closed,9871.832856,0.8917589592357436,29104.713703697496,0.7788469000079203,2.546585164964199e-11,33
2025-04-30,greedy_closed,10018.494963814815,0.8933308335996369,28836.49652470957,0.6999132999917492,1.0913936421275139e-11,23
2025-04-30,dp_closed,10018.494963814815,0.8933308335996369,28836.49652470957,0.6942586999794003,1.0913936421275139e-11,23
2025-04-30,mpc_closed,10495.625813657194,0.8933308335996369,28638.760272600564,0.7930182999989484,2.546585164964199e-11,23
2025-05-01,greedy_closed,10269.721662863867,0.8931811242323876,28489.576876335486,0.7182703000144102,1.8189894035458565e-11,22
2025-05-01,dp_closed,10269.721662863867,0.8931811242323876,28489.576876335486,0.7394430999993347,1.8189894035458565e-11,22
2025-05-01,mpc_closed,10269.721662863867,0.8931811242323876,28489.576876335486,0.7216583999979775,1.8189894035458565e-11,22
2025-05-02,greedy_closed,9061.489074185185,0.8892779645694998,8772.912297481125,0.3306000999873504,3.637978807091713e-12,0
2025-05-02,dp_closed,9061.489074185185,0.8892779645694998,8772.912297481125,0.31532379999407567,3.637978807091713e-12,0
2025-05-02,mpc_closed,9061.489074185185,0.8892779645694998,8772.912297481125,0.3288446000078693,3.637978807091713e-12,0
2025-05-03,greedy_closed,9221.226084444443,0.8943689898624283,9330.442401354918,0.4364383999782149,1.2732925824820995e-11,0
2025-05-03,dp_closed,9221.226084444443,0.8943689898624283,9330.442401354918,0.4375209999852814,1.2732925824820995e-11,0
2025-05-03,mpc_closed,9221.226084444443,0.8943689898624283,9330.442401354918,0.4475742999929935,1.2732925824820995e-11,0
2025-05-04,greedy_closed,9352.500681402118,0.894216763833436,31151.92137000785,0.7572098999808077,0.0,40
2025-05-04,dp_closed,9352.500681402118,0.894216763833436,31151.92137000785,0.7647736000071745,0.0,40
2025-05-04,mpc_closed,9352.500681402118,0.894216763833436,31151.92137000785,0.787211999995634,0.0,40
2025-05-05,greedy_closed,8606.42719095413,0.8921013687263539,31584.05222454168,0.639442500018049,1.8189894035458565e-11,43
2025-05-05,dp_closed,8606.42719095413,0.8921013687263539,31584.05222454168,0.6249257000163198,1.8189894035458565e-11,43
2025-05-05,mpc_closed,8606.42719095413,0.8921013687263539,31584.05222454168,0.6360953999974299,1.8189894035458565e-11,43
2025-05-06,greedy_closed,8127.727697143971,0.8929233252273006,31783.384902372833,1.002226000011433,2.9103830456733704e-11,45
2025-05-06,dp_closed,8127.727697143971,0.8929233252273006,31783.384902372833,1.015193500003079,2.9103830456733704e-11,45
2025-05-06,mpc_closed,8144.546828143972,0.8929233252273006,31775.433190994496,1.0454053999856114,3.637978807091713e-11,45
2025-05-07,greedy_closed,7955.302374689148,0.8930474610687906,32093.217280934314,0.8018724999856204,1.8189894035458565e-11,37
2025-05-07,dp_closed,7955.302374689148,0.8930474610687906,32093.217280934314,0.8002184999932069,1.8189894035458565e-11,37
2025-05-07,mpc_closed,7955.302374689148,0.8930474610687906,32093.217280934314,0.7875187000026926,1.8189894035458565e-11,37
2025-05-08,greedy_closed,8100.548212403227,0.8920463833170894,33128.971769579344,1.0384110000159126,2.9103830456733704e-11,37
2025-05-08,dp_closed,8100.548212403227,0.8920463833170894,33128.971769579344,1.0327078999835066,2.9103830456733704e-11,37
2025-05-08,mpc_closed,8137.214010911399,0.8920463833170894,33111.66551268349,1.0635008999961428,2.9103830456733704e-11,37
2025-05-09,greedy_closed,8026.367857268863,0.8913499487136982,10964.250018499348,0.30298380000749603,1.8189894035458565e-12,0
2025-05-09,dp_closed,8026.367857268863,0.8913499487136982,10964.250018499348,0.3096238999860361,1.8189894035458565e-12,0
2025-05-09,mpc_closed,8026.367857268863,0.8913499487136982,10964.250018499348,0.3222795999899972,1.8189894035458565e-12,0
2025-05-10,greedy_closed,8838.929241713173,0.8902759889739048,10643.842017806988,0.31960119999712333,1.8189894035458565e-12,0
2025-05-10,dp_closed,8838.929241713173,0.8902759889739048,10643.842017806988,0.3246670000080485,1.8189894035458565e-12,0
2025-05-10,mpc_closed,8838.929241713173,0.8902759889739048,10643.842017806988,0.31805940001504496,1.8189894035458565e-12,0
2025-05-11,greedy_closed,8444.721960489314,0.8917780766741805,32993.651656003596,0.9722923999943305,1.4551915228366852e-11,42
2025-05-11,dp_closed,8444.721960489314,0.8917780766741805,32993.651656003596,0.9725231000047643,1.4551915228366852e-11,42
2025-05-11,mpc_closed,8444.721960489314,0.8917780766741805,32993.651656003596,0.9648742999997921,1.4551915228366852e-11,42
2025-05-12,greedy_closed,8393.607414460834,0.8897279705017239,33575.403067948246,1.2865917999879457,0.0,48
2025-05-12,dp_closed,8393.607414460834,0.8897279705017239,33575.403067948246,1.2788194000022486,0.0,48
2025-05-12,mpc_closed,8393.607414460834,0.8897279705017239,33575.403067948246,1.2757893000089098,0.0,48
2025-05-13,greedy_closed,8725.919178212907,0.8939790398178552,33134.376280679164,1.0233430000080261,7.275957614183426e-11,43
2025-05-13,dp_closed,8725.919178212907,0.8939790398178552,33134.376280679164,1.0352984999772161,7.275957614183426e-11,43
2025-05-13,mpc_closed,8725.919178212907,0.8939790398178552,33134.376280679164,1.0314908000000287,7.275957614183426e-11,43
2025-05-14,greedy_closed,9169.424516476198,0.8932246936057175,33122.459602204355,0.983155900001293,2.9103830456733704e-11,41
2025-05-14,dp_closed,9169.424516476198,0.8932246936057175,33122.459602204355,0.9706543999782298,2.9103830456733704e-11,41
2025-05-14,mpc_closed,9169.424516476198,0.8932246936057175,33122.459602204355,0.9666527999797836,2.9103830456733704e-11,41
2025-05-15,greedy_closed,8755.379813819196,0.8943642399791739,33609.12534162748,1.078816299996106,7.275957614183426e-12,44
2025-05-15,dp_closed,8755.379813819196,0.8943642399791739,33609.12534162748,1.0219476000056602,7.275957614183426e-12,44
2025-05-15,mpc_closed,8755.379813819196,0.8943642399791739,33609.12534162748,1.0484906999918167,7.275957614183426e-12,44
2025-05-16,greedy_closed,9378.172016234243,0.8913099914047461,10607.355241845758,0.29505089999292977,5.4569682106375694e-12,0
2025-05-16,dp_closed,9378.172016234243,0.8913099914047461,10607.355241845758,0.3113528999965638,5.4569682106375694e-12,0
2025-05-16,mpc_closed,9378.172016234243,0.8913099914047461,10607.355241845758,0.2999124999914784,5.4569682106375694e-12,0
2025-05-17,greedy_closed,9038.646540232818,0.8938060781188208,10665.967334088098,0.2819467000081204,5.4569682106375694e-12,0
2025-05-17,dp_closed,9038.646540232818,0.8938060781188208,10665.967334088098,0.28204550000373274,5.4569682106375694e-12,0
2025-05-17,mpc_closed,9038.646540232818,0.8938060781188208,10665.967334088098,0.2703719999990426,5.4569682106375694e-12,0
2025-05-18,greedy_closed,8486.729475968257,0.8949126438536817,32768.33373847184,0.8915516999841202,5.093170329928398e-11,39
2025-05-18,dp_closed,8486.729475968257,0.8949126438536817,32768.33373847184,0.9009135000233073,5.093170329928398e-11,39
2025-05-18,mpc_closed,8486.729475968257,0.8949126438536817,32768.33373847184,0.892791100020986,5.093170329928398e-11,39
2025-05-19,greedy_closed,9308.993481492793,0.8949568653928631,32405.627253719395,0.9846528000198305,1.0913936421275139e-11,36
2025-05-19,dp_closed,9308.993481492793,0.8949568653928631,32405.627253719395,0.9628461000102106,1.0913936421275139e-11,36
2025-05-19,mpc_closed,9308.993481492793,0.8949568653928631,32405.627253719395,0.9803606999921612,1.0913936421275139e-11,36
2025-05-20,greedy_closed,9298.534605162806,0.8968492832339305,31989.700635577323,0.9751397999934852,7.275957614183426e-12,35
2025-05-20,dp_closed,9298.534605162806,0.8968492832339305,31989.700635577323,0.9773342999978922,7.275957614183426e-12,35
2025-05-20,mpc_closed,9298.534605162806,0.8968492832339305,31989.700635577323,0.9859365000156686,7.275957614183426e-12,35
2025-05-21,greedy_closed,8409.148979808733,0.8977240208517003,32746.285140107015,1.2204657999973278,0.0,36
2025-05-21,dp_closed,8409.148979808733,0.8977240208517003,32746.285140107015,1.1980931000143755,0.0,36
2025-05-21,mpc_closed,8472.861482069715,0.8977240208517003,32716.21283903983,1.0782252000062726,0.0,36
2025-05-22,greedy_closed,8725.128364220074,0.8978791129918104,32898.8172994856,1.2371442000148818,0.0,32
2025-05-22,dp_closed,8725.128364220074,0.8978791129918104,32898.8172994856,1.2333755000145175,0.0,32
2025-05-22,mpc_closed,8725.128364220074,0.8978791129918104,32898.8172994856,1.2380657000176143,0.0,32
2025-05-23,greedy_closed,10074.447101111113,0.8970024542436035,10530.89601549857,0.31190760000026785,1.2732925824820995e-11,0
2025-05-23,dp_closed,10074.447101111113,0.8970024542436035,10530.89601549857,0.3173929000040516,1.2732925824820995e-11,0
2025-05-23,mpc_closed,10074.447101111113,0.8970024542436035,10530.89601549857,0.32625779998488724,1.2732925824820995e-11,0
2025-05-24,greedy_closed,9745.355874756615,0.8953341372794754,10871.168144437515,0.3445484999974724,1.8189894035458565e-12,0
2025-05-24,dp_closed,9745.355874756615,0.8953341372794754,10871.168144437515,0.360839400003897,1.8189894035458565e-12,0
2025-05-24,mpc_closed,9745.355874756615,0.8953341372794754,10871.168144437515,0.34667309999349527,1.8189894035458565e-12,0
2025-05-25,greedy_closed,9819.16384917439,0.8944973177230909,31999.75193059399,1.19757820002269,1.8189894035458565e-11,26
2025-05-25,dp_closed,9819.16384917439,0.8944973177230909,31999.75193059399,1.2271026000089478,1.8189894035458565e-11,26
2025-05-25,mpc_closed,9819.16384917439,0.8944973177230909,31999.75193059399,1.2155008999980055,1.8189894035458565e-11,26
2025-05-26,greedy_closed,10025.460546268916,0.89383306749472,31689.221166537398,1.7898852999787778,7.275957614183426e-12,22
2025-05-26,dp_closed,10025.460546268916,0.89383306749472,31689.221166537398,1.8157695999834687,7.275957614183426e-12,22
2025-05-26,mpc_closed,10025.460546268916,0.89383306749472,31689.221166537398,1.778460500005167,7.275957614183426e-12,22
2025-05-27,greedy_closed,9108.942497409384,0.8925073597405444,32787.830877007385,1.4361943999829236,2.9103830456733704e-11,34
2025-05-27,dp_closed,9108.942497409384,0.8925073597405444,32787.830877007385,1.4346547000168357,2.9103830456733704e-11,34
2025-05-27,mpc_closed,9108.942497409384,0.8925073597405444,32787.830877007385,1.4323659999936353,2.9103830456733704e-11,34
2025-05-28,greedy_closed,9951.059285026064,0.8921697137968794,32154.23291570687,0.9638786000141408,1.4551915228366852e-11,27
2025-05-28,dp_closed,9951.059285026064,0.8921697137968794,32154.23291570687,0.9552701000066008,1.4551915228366852e-11,27
2025-05-28,mpc_closed,9951.059285026064,0.8921697137968794,32154.23291570687,0.9513690999883693,1.4551915228366852e-11,27
2025-05-29,greedy_closed,10223.968026067356,0.8849642193455725,31944.975675290894,1.2967250999936368,3.637978807091713e-12,20
2025-05-29,dp_closed,10223.968026067356,0.8849642193455725,31944.975675290894,1.2924741999886464,3.637978807091713e-12,20
2025-05-29,mpc_closed,10223.968026067356,0.8849642193455725,31944.975675290894,1.2968496000103187,3.637978807091713e-12,20
2025-05-30,greedy_closed,9417.745641122605,0.8835024566472249,11236.87431743989,0.39315950000309385,3.637978807091713e-12,0
2025-05-30,dp_closed,9420.724363344827,0.8835024566472249,11235.70627109489,0.38907540001673624,3.637978807091713e-12,0
2025-05-30,mpc_closed,9450.448882393628,0.8835024566472249,11224.050395440285,0.39128189999610186,1.8189894035458565e-12,0
2025-05-31,greedy_closed,10003.8798110047,0.8815942817203025,11285.830253182812,0.3338011000014376,1.0913936421275139e-11,0
2025-05-31,dp_closed,10003.8798110047,0.8815942817203025,11285.830253182812,0.3395866000209935,1.0913936421275139e-11,0
2025-05-31,mpc_closed,10003.8798110047,0.8815942817203025,11285.830253182812,0.34344480000436306,1.0913936421275139e-11,0
2025-06-01,greedy_closed,10800.0,0.8801074368999843,32519.361788130023,0.9685541999933776,1.0913936421275139e-11,24
2025-06-01,dp_closed,10800.0,0.8801074368999843,32519.361788130023,0.9634352000139188,1.0913936421275139e-11,24
2025-06-01,mpc_closed,10800.0,0.8801074368999843,32519.361788130023,0.9640035000047646,1.0913936421275139e-11,24
2025-06-02,greedy_closed,8309.09488926455,0.8942103827177583,35433.781892070605,1.269427600025665,2.1827872842550278e-11,40
2025-06-02,dp_closed,8309.09488926455,0.8942103827177583,35433.781892070605,1.2717952000093646,2.1827872842550278e-11,40
2025-06-02,mpc_closed,8309.09488926455,0.8942103827177583,35433.781892070605,1.269322700012708,2.1827872842550278e-11,40
2025-06-03,greedy_closed,8197.002416140367,0.9041603065616609,37396.447408074,1.0585872000083327,7.275957614183426e-12,53
2025-06-03,dp_closed,8197.002416140367,0.9041603065616609,37396.447408074,1.0541994999803137,7.275957614183426e-12,53
2025-06-03,mpc_closed,8197.002416140367,0.9041603065616609,37396.447408074,1.048749499983387,7.275957614183426e-12,53
2025-06-04,greedy_closed,8240.13702183865,0.9081263006431373,39342.235844777206,1.3894422999874223,0.0,70
2025-06-04,dp_closed,8240.13702183865,0.9081263006431373,39342.235844777206,1.3752800000074785,0.0,70
2025-06-04,mpc_closed,8240.13702183865,0.9081263006431373,39342.235844777206,1.3940159999765456,0.0,70
2025-06-05,greedy_closed,7746.29087602587,0.9123813968980801,41586.01966046086,1.1559790999745019,8.003553375601768e-11,77
2025-06-05,dp_closed,7746.29087602587,0.9123813968980801,41586.01966046086,1.1478660999855492,8.003553375601768e-11,77
2025-06-05,mpc_closed,7746.29087602587,0.9123813968980801,41586.01966046086,1.151250599999912,8.003553375601768e-11,77
2025-06-06,greedy_closed,7437.359768288309,0.9165425962817813,15311.84427078149,0.4403720999835059,3.637978807091713e-12,0
2025-06-06,dp_closed,7437.359768288309,0.9165425962817813,15311.84427078149,0.44262509999680333,3.637978807091713e-12,0
2025-06-06,mpc_closed,7437.359768288309,0.9165425962817813,15311.84427078149,0.4342010999971535,3.637978807091713e-12,0
2025-06-07,greedy_closed,7148.518328179899,0.9240486096754055,16464.078809824285,0.4756401000195183,0.0,0
2025-06-07,dp_closed,7148.518328179899,0.9240486096754055,16464.078809824285,0.4764087999938056,0.0,0
2025-06-07,mpc_closed,7184.805739304965,0.9240486096754055,16449.77563249372,0.488029700005427,3.637978807091713e-12,0
2025-06-08,greedy_closed,7019.557959656082,0.9274601867503683,49674.853382607354,0.8323597999988124,0.0,82
2025-06-08,dp_closed,7019.557959656082,0.9274601867503683,49674.853382607354,0.8514610000129323,0.0,82
2025-06-08,mpc_closed,7019.557959656082,0.9274601867503683,49674.853382607354,0.8502984999795444,0.0,82
2025-06-09,greedy_closed,8136.614676913585,0.9288326998093874,48232.135975204124,0.8263042999897152,2.1827872842550278e-11,77
2025-06-09,dp_closed,8136.614676913585,0.9288326998093874,48232.135975204124,0.8125801999995019,2.1827872842550278e-11,77
2025-06-09,mpc_closed,8136.614676913585,0.9288326998093874,48232.135975204124,0.8097832000057679,2.1827872842550278e-11,77
2025-06-10,greedy_closed,7380.901698982558,0.9285951306531689,49035.37595607265,0.804342599993106,2.1827872842550278e-11,80
2025-06-10,dp_closed,7380.901698982558,0.9285951306531689,49035.37595607265,0.7938084999914281,2.1827872842550278e-11,80
2025-06-10,mpc_closed,7380.901698982558,0.9285951306531689,49035.37595607265,0.8110194000182673,2.1827872842550278e-11,80
2025-06-11,greedy_closed,8055.409865709127,0.928421925110722,49117.024562367325,0.6740723999973852,7.275957614183426e-12,79
2025-06-11,dp_closed,8055.409865709127,0.928421925110722,49117.024562367325,0.6881328000163194,7.275957614183426e-12,79
2025-06-11,mpc_closed,8055.409865709127,0.928421925110722,49117.024562367325,0.6807283999805804,7.275957614183426e-12,79
2025-06-12,greedy_closed,7514.495456843493,0.9287122311404519,50113.46305841118,0.8473605000181124,4.3655745685100555e-11,73
2025-06-12,dp_closed,7514.495456843493,0.9287122311404519,50113.46305841118,0.8365347000071779,4.3655745685100555e-11,73
2025-06-12,mpc_closed,7543.40105119259,0.9287122311404519,50099.752171491586,0.8313071000156924,4.3655745685100555e-11,73
2025-06-13,greedy_closed,8291.719827854076,0.9291915649754589,18183.505189416883,0.47339160001138225,0.0,2
2025-06-13,dp_closed,8291.719827854076,0.9291915649754589,18183.505189416883,0.4820315000251867,0.0,2
2025-06-13,mpc_closed,8291.719827854076,0.9291915649754589,18183.505189416883,0.48518889999832027,0.0,2
2025-06-14,greedy_closed,8108.3436250298555,0.929467973094318,18361.689886814336,0.502835099992808,1.0913936421275139e-11,1
2025-06-14,dp_closed,8108.3436250298555,0.929467973094318,18361.689886814336,0.5030235000012908,1.0913936421275139e-11,1
2025-06-14,mpc_closed,8108.3436250298555,0.929467973094318,18361.689886814336,0.49129120001452975,1.0913936421275139e-11,1
2025-06-15,greedy_closed,8285.032931573913,0.9298242775242909,50828.88263014458,0.8803175000066403,5.820766091346741e-11,70
2025-06-15,dp_closed,8285.032931573913,0.9298242775242909,50828.88263014458,0.8932377999881282,5.820766091346741e-11,70
2025-06-15,mpc_closed,8285.032931573913,0.9298242775242909,50828.88263014458,0.8854200000059791,5.820766091346741e-11,70
2025-06-16,greedy_closed,9443.968905756614,0.9291668621755301,50699.044095807825,0.8916496000019833,1.4551915228366852e-11,67
2025-06-16,dp_closed,9443.968905756614,0.9291668621755301,50699.044095807825,0.8843654000083916,1.4551915228366852e-11,67
2025-06-16,mpc_closed,9443.968905756614,0.9291668621755301,50699.044095807825,0.8729034999851137,1.4551915228366852e-11,67
2025-06-17,greedy_closed,9278.394412773532,0.927946580614414,51087.58947234423,0.9019499999994878,3.637978807091713e-11,67
2025-06-17,dp_closed,9278.394412773532,0.927946580614414,51087.58947234423,0.905051400011871,3.637978807091713e-11,67
2025-06-17,mpc_closed,9278.394412773532,0.927946580614414,51087.58947234423,0.9096129999961704,3.637978807091713e-11,67
2025-06-18,greedy_closed,8785.912949566049,0.9278671187446339,51732.3630772516,1.0068630000168923,8.003553375601768e-11,71
2025-06-18,dp_closed,8785.912949566049,0.9278671187446339,51732.3630772516,1.0099314999824855,8.003553375601768e-11,71
2025-06-18,mpc_closed,8785.912949566049,0.9278671187446339,51732.3630772516,1.0011523000139277,8.003553375601768e-11,71
2025-06-19,greedy_closed,9181.894600285625,0.9274800502810946,50983.29026777218,0.9101673999975901,7.275957614183426e-12,69
2025-06-19,dp_closed,9181.894600285625,0.9274800502810946,50983.29026777218,0.8991587999917101,7.275957614183426e-12,69
2025-06-19,mpc_closed,9181.894600285625,0.9274800502810946,50983.29026777218,0.9104990999912843,7.275957614183426e-12,69
2025-06-20,greedy_closed,9147.244645351819,0.9276533414809679,18730.830369018902,0.4790000999928452,2.546585164964199e-11,1
2025-06-20,dp_closed,9147.244645351819,0.9276533414809679,18730.830369018902,0.47086569998646155,2.546585164964199e-11,1
2025-06-20,mpc_closed,9147.244645351819,0.9276533414809679,18730.830369018902,0.48276939999777824,2.546585164964199e-11,1
2025-06-21,greedy_closed,9278.712364747218,0.9263912549389517,18637.14164921939,0.5114456000155769,1.4551915228366852e-11,1
2025-06-21,dp_closed,9278.712364747218,0.9263912549389517,18637.14164921939,0.4990029000036884,1.4551915228366852e-11,1
2025-06-21,mpc_closed,9278.712364747218,0.9263912549389517,18637.14164921939,0.4914680999936536,1.4551915228366852e-11,1
2025-06-22,greedy_closed,9851.038773587306,0.9271965220309389,50473.48843119023,0.7360444999940228,1.4551915228366852e-11,65
2025-06-22,dp_closed,9851.038773587306,0.9271965220309389,50473.48843119023,0.7233984000049531,1.4551915228366852e-11,65
2025-06-22,mpc_closed,9851.038773587306,0.9271965220309389,50473.48843119023,0.7309125000028871,1.4551915228366852e-11,65
2025-06-23,greedy_closed,10103.140036026458,0.9273766021405517,49898.73994524027,0.9605222000100184,7.275957614183426e-12,64
2025-06-23,dp_closed,10103.140036026458,0.9273766021405517,49898.73994524027,0.9618723999883514,7.275957614183426e-12,64
2025-06-23,mpc_closed,10103.140036026458,0.9273766021405517,49898.73994524027,0.9685194999910891,7.275957614183426e-12,64
2025-06-24,greedy_closed,9813.053587575725,0.9269965155378165,49566.83934684387,0.894286299997475,7.275957614183426e-12,64
2025-06-24,dp_closed,9813.053587575725,0.9269965155378165,49566.83934684387,0.889182399987476,7.275957614183426e-12,64
2025-06-24,mpc_closed,9813.053587575725,0.9269965155378165,49566.83934684387,0.8871688000217546,7.275957614183426e-12,64
2025-06-25,greedy_closed,9621.38857189947,0.9297163258529932,49963.297132562046,1.0265824999951292,5.820766091346741e-11,63
2025-06-25,dp_closed,9621.38857189947,0.9297163258529932,49963.297132562046,1.0194559000083245,5.820766091346741e-11,63
2025-06-25,mpc_closed,9621.38857189947,0.9297163258529932,49963.297132562046,1.033943900023587,5.820766091346741e-11,63
2025-06-26,greedy_closed,10021.424222168003,0.9286519560809142,49993.26914949427,0.9817100999935064,1.4551915228366852e-11,59
2025-06-26,dp_closed,10021.424222168003,0.9286519560809142,49993.26914949427,1.0076285999966785,1.4551915228366852e-11,59
2025-06-26,mpc_closed,10021.424222168003,0.9286519560809142,49993.26914949427,0.9944370000157505,1.4551915228366852e-11,59
2025-06-27,greedy_closed,9798.505288880002,0.9283044009546245,18503.736200677133,0.4689667000202462,1.4551915228366852e-11,1
2025-06-27,dp_closed,9798.505288880002,0.9283044009546245,18503.736200677133,0.46253069999511354,1.4551915228366852e-11,1
2025-06-27,mpc_closed,9798.505288880002,0.9283044009546245,18503.736200677133,0.45443929999601096,1.4551915228366852e-11,1
2025-06-28,greedy_closed,10206.286591867725,0.9274485998015302,18391.075260486705,0.4316170000238344,3.637978807091713e-12,1
2025-06-28,dp_closed,10206.286591867725,0.9274485998015302,18391.075260486705,0.4397617999929935,3.637978807091713e-12,1
2025-06-28,mpc_closed,10206.286591867725,0.9274485998015302,18391.075260486705,0.4499620999849867,3.637978807091713e-12,1
2025-06-29,greedy_closed,10384.73295271957,0.927766227266321,51177.66215649722,0.8209403000073507,1.4551915228366852e-11,60
2025-06-29,dp_closed,10384.73295271957,0.927766227266321,51177.66215649722,0.8323425000126008,1.4551915228366852e-11,60
2025-06-29,mpc_closed,10384.73295271957,0.927766227266321,51177.66215649722,0.8206161000125576,1.4551915228366852e-11,60
2025-06-30,greedy_closed,10800.0,0.927598238068335,51111.79050409482,0.8363297999894712,7.275957614183426e-12,59
2025-06-30,dp_closed,10800.0,0.927598238068335,51111.79050409482,0.838223900005687,7.275957614183426e-12,59
2025-06-30,mpc_closed,10800.0,0.927598238068335,51111.79050409482,0.84538449998945,7.275957614183426e-12,59
2025-07-01,greedy_closed,10378.3999008446,0.927248178828318,51586.17620297586,0.9446655999927316,1.4551915228366852e-11,59
2025-07-01,dp_closed,10378.3999008446,0.927248178828318,51586.17620297586,0.9368723999941722,1.4551915228366852e-11,59
2025-07-01,mpc_closed,10378.3999008446,0.927248178828318,51586.17620297586,0.9369023999897763,1.4551915228366852e-11,59
2025-07-02,greedy_closed,6726.347946624337,0.9200546068907816,51157.446833469505,1.0056444999936502,7.275957614183426e-12,83
2025-07-02,dp_closed,6726.347946624337,0.9200546068907816,51157.446833469505,1.009589599998435,7.275957614183426e-12,83
2025-07-02,mpc_closed,6726.347946624337,0.9200546068907816,51157.446833469505,1.008988900022814,7.275957614183426e-12,83
2025-07-03,greedy_closed,6597.515944990157,0.9161946571715196,49747.294443011306,1.08900179999182,5.820766091346741e-11,83
2025-07-03,dp_closed,6597.515944990157,0.9161946571715196,49747.294443011306,1.1034841999935452,5.820766091346741e-11,83
2025-07-03,mpc_closed,6612.410215405078,0.9161946571715196,49740.22462932103,1.0320950000023004,5.820766091346741e-11,83
2025-07-04,greedy_closed,6467.654848639103,0.9159675019252324,19864.469281060447,0.4911386000167113,3.637978807091713e-12,0
2025-07-04,dp_closed,6467.654848639103,0.9159675019252324,19864.469281060447,0.47691860000486486,3.637978807091713e-12,0
2025-07-04,mpc_closed,6467.654848639103,0.9159675019252324,19864.469281060447,0.46845159999793395,3.637978807091713e-12,0
2025-07-05,greedy_closed,6478.398541037829,0.9156122515005504,20077.98683892521,0.4797028000175487,1.0913936421275139e-11,0
2025-07-05,dp_closed,6478.398541037829,0.9156122515005504,20077.98683892521,0.47392499999841675,1.0913936421275139e-11,0
2025-07-05,mpc_closed,6478.398541037829,0.9156122515005504,20077.98683892521,0.48363940001581796,1.0913936421275139e-11,0
2025-07-06,greedy_closed,6536.595902571431,0.9135958932806343,48155.104644941355,1.2919466000166722,7.275957614183426e-12,72
2025-07-06,dp_closed,6536.595902571431,0.9135958932806343,48155.104644941355,1.3097508999926504,7.275957614183426e-12,72
2025-07-06,mpc_closed,6536.595902571431,0.9135958932806343,48155.104644941355,1.294364700006554,7.275957614183426e-12,72
2025-07-07,greedy_closed,6395.129306350842,0.9083476869965244,47593.411319383835,1.2866053000034299,1.4551915228366852e-11,71
2025-07-07,dp_closed,6395.129306350842,0.9083476869965244,47593.411319383835,1.2813959999766666,1.4551915228366852e-11,71
2025-07-07,mpc_closed,6406.5600470915815,0.9083476869965244,47588.0014038077,1.2416501000116114,1.4551915228366852e-11,71
2025-07-08,greedy_closed,6457.543828781006,0.9053010841169488,47896.33303564076,1.0417361999861896,0.0,56
2025-07-08,dp_closed,6484.622391743967,0.9053010841169488,47883.52888699823,1.1669383000116795,7.275957614183426e-12,56
2025-07-08,mpc_closed,6567.986980632856,0.9053010841169488,47844.11120887531,1.0489405999833252,7.275957614183426e-12,56
2025-07-09,greedy_closed,6979.985897026456,0.9043385872927028,47550.95301759478,1.330837799992878,7.275957614183426e-12,61
2025-07-09,dp_closed,6979.985897026456,0.9043385872927028,47550.95301759478,1.3287054999964312,7.275957614183426e-12,61
2025-07-09,mpc_closed,6979.985897026456,0.9043385872927028,47550.95301759478,1.3193784999893978,7.275957614183426e-12,61
2025-07-10,greedy_closed,7022.02929207846,0.9045418553096377,48071.78444331778,1.3602022999839392,1.4551915228366852e-11,54
2025-07-10,dp_closed,7022.02929207846,0.9045418553096377,48071.78444331778,1.3569993999844883,1.4551915228366852e-11,54
2025-07-10,mpc_closed,7022.02929207846,0.9045418553096377,48071.78444331778,1.3596977000124753,1.4551915228366852e-11,54
2025-07-11,greedy_closed,7980.838852529952,0.9037165163809083,21892.860266514275,0.4722257000103127,3.637978807091713e-12,0
2025-07-11,dp_closed,7980.838852529952,0.9037165163809083,21892.860266514275,0.47569180000573397,3.637978807091713e-12,0
2025-07-11,mpc_closed,7980.838852529952,0.9037165163809083,21892.860266514275,0.4703068000089843,3.637978807091713e-12,0
2025-07-12,greedy_closed,7850.064861391533,0.907119016374225,22084.479626031305,0.4507673000043724,1.8189894035458565e-11,0
2025-07-12,dp_closed,7850.064861391533,0.907119016374225,22084.479626031305,0.45287379997898825,1.8189894035458565e-11,0
2025-07-12,mpc_closed,7850.064861391533,0.907119016374225,22084.479626031305,0.44641399997635745,1.8189894035458565e-11,0
2025-07-13,greedy_closed,7572.656986250044,0.9092019267449426,47975.52032755445,1.2690174000163097,5.093170329928398e-11,56
2025-07-13,dp_closed,7572.656986250044,0.9092019267449426,47975.52032755445,1.272155400016345,5.093170329928398e-11,56
2025-07-13,mpc_closed,7572.656986250044,0.9092019267449426,47975.52032755445,1.2801551999873482,5.093170329928398e-11,56
2025-07-14,greedy_closed,7779.644487915342,0.9091297789866534,47028.942056656575,1.1843874000187498,1.4551915228366852e-11,63
2025-07-14,dp_closed,7779.644487915342,0.9091297789866534,47028.942056656575,1.1914279999909922,1.4551915228366852e-11,63
2025-07-14,mpc_closed,7779.644487915342,0.9091297789866534,47028.942056656575,1.1850205000082497,1.4551915228366852e-11,63
2025-07-15,greedy_closed,7524.232466835346,0.9095014639597928,49189.329557225115,1.1665822000068147,3.637978807091713e-11,65
2025-07-15,dp_closed,7524.232466835346,0.9095014639597928,49189.329557225115,1.1684848000004422,3.637978807091713e-11,65
2025-07-15,mpc_closed,7524.232466835346,0.9095014639597928,49189.329557225115,1.1603572999883909,3.637978807091713e-11,65
2025-07-16,greedy_closed,9143.868753006072,0.9105157073297062,47962.02629756941,1.4623073000111617,7.275957614183426e-12,56
2025-07-16,dp_closed,9143.868753006072,0.9105157073297062,47962.02629756941,1.444059000001289,7.275957614183426e-12,56
2025-07-16,mpc_closed,9143.868753006072,0.9105157073297062,47962.02629756941,1.4649655999965034,7.275957614183426e-12,56
2025-07-17,greedy_closed,8866.405681597884,0.9088577277672079,48175.36809160848,1.1342710999888368,3.637978807091713e-11,58
2025-07-17,dp_closed,8866.405681597884,0.9088577277672079,48175.36809160848,1.138572900003055,3.637978807091713e-11,58
2025-07-17,mpc_closed,8866.405681597884,0.9088577277672079,48175.36809160848,1.1398878000036348,3.637978807091713e-11,58
2025-07-18,greedy_closed,8586.083023650906,0.9082062068834162,22815.331955486636,0.4702574999828357,7.275957614183426e-12,0
2025-07-18,dp_closed,8586.083023650906,0.9082062068834162,22815.331955486636,0.47440709997317754,7.275957614183426e-12,0
2025-07-18,mpc_closed,8586.083023650906,0.9082062068834162,22815.331955486636,0.4727926999912597,7.275957614183426e-12,0
2025-07-19,greedy_closed,8901.635687915346,0.9110259897897235,22770.307191171134,0.4530545999878086,1.0913936421275139e-11,0
2025-07-19,dp_closed,8901.635687915346,0.9110259897897235,22770.307191171134,0.45585310002206825,1.0913936421275139e-11,0
2025-07-19,mpc_closed,8901.635687915346,0.9110259897897235,22770.307191171134,0.45784070002264343,1.0913936421275139e-11,0
2025-07-20,greedy_closed,8526.072990465611,0.9095028851918858,47897.370070991885,1.2528404999757186,5.093170329928398e-11,39
2025-07-20,dp_closed,8526.072990465611,0.9095028851918858,47897.370070991885,1.252112699992722,5.093170329928398e-11,39
2025-07-20,mpc_closed,8526.072990465611,0.9095028851918858,47897.370070991885,1.256328100018436,5.093170329928398e-11,39
2025-07-21,greedy_closed,9097.200089669592,0.9094096983052249,48107.936974571334,1.274595099996077,3.637978807091713e-11,38
2025-07-21,dp_closed,9097.200089669592,0.9094096983052249,48107.936974571334,1.2697497000044677,3.637978807091713e-11,38
2025-07-21,mpc_closed,9097.200089669592,0.9094096983052249,48107.936974571334,1.2613719000073615,3.637978807091713e-11,38
2025-07-22,greedy_closed,9040.248897503241,0.9080121343844509,50644.64920605739,1.3954171999939717,1.4551915228366852e-11,37
2025-07-22,dp_closed,9040.248897503241,0.9080121343844509,50644.64920605739,1.3994873000192456,1.4551915228366852e-11,37
2025-07-22,mpc_closed,9040.248897503241,0.9080121343844509,50644.64920605739,1.4099400999839418,1.4551915228366852e-11,37
2025-07-23,greedy_closed,9835.54198502117,0.9080945354022351,50200.90141210175,1.5147659000067506,7.275957614183426e-12,33
2025-07-23,dp_closed,9835.54198502117,0.9080945354022351,50200.90141210175,1.517586800007848,7.275957614183426e-12,33
2025-07-23,mpc_closed,9835.54198502117,0.9080945354022351,50200.90141210175,1.517202899995027,7.275957614183426e-12,33
2025-07-24,greedy_closed,9700.197471246069,0.9081449528403545,50839.52430095462,1.2980600000009872,2.1827872842550278e-11,36
2025-07-24,dp_closed,9700.197471246069,0.9081449528403545,50839.52430095462,1.2985474999877624,2.1827872842550278e-11,36
2025-07-24,mpc_closed,9700.197471246069,0.9081449528403545,50839.52430095462,1.290477300004568,2.1827872842550278e-11,36
2025-07-25,greedy_closed,10255.255753055588,0.9056802973187167,23607.158265445993,0.523322900000494,1.4551915228366852e-11,0
2025-07-25,dp_closed,10255.255753055588,0.9056802973187167,23607.158265445993,0.5351789999986067,1.4551915228366852e-11,0
2025-07-25,mpc_closed,10255.255753055588,0.9056802973187167,23607.158265445993,0.5399826999928337,1.4551915228366852e-11,0
2025-07-26,greedy_closed,9832.730274349406,0.9049302741356124,23913.36480055436,0.5425411999749485,0.0,0
2025-07-26,dp_closed,9832.730274349406,0.9049302741356124,23913.36480055436,0.5533014000102412,0.0,0
2025-07-26,mpc_closed,9832.730274349406,0.9049302741356124,23913.36480055436,0.5433158999949228,0.0,0
2025-07-27,greedy_closed,9758.45514104762,0.9049653936508082,50051.99619672197,1.259602400008589,1.4551915228366852e-11,50
2025-07-27,dp_closed,9758.45514104762,0.9049653936508082,50051.99619672197,1.242786699993303,1.4551915228366852e-11,50
2025-07-27,mpc_closed,9758.45514104762,0.9049653936508082,50051.99619672197,1.244455600011861,1.4551915228366852e-11,50
2025-07-28,greedy_closed,10022.776666068788,0.9046739775084591,50337.46157737576,1.4622248000232503,2.9103830456733704e-11,49
2025-07-28,dp_closed,10022.776666068788,0.9046739775084591,50337.46157737576,1.4466676999873016,2.9103830456733704e-11,49
2025-07-28,mpc_closed,10022.776666068788,0.9046739775084591,50337.46157737576,1.4591252999962308,2.9103830456733704e-11,49
2025-07-29,greedy_closed,7602.506142669936,0.9052720577108161,54115.231458524126,1.3150186999992002,2.9103830456733704e-11,58
2025-07-29,dp_closed,7688.598928458301,0.9052720577108161,54074.528702576405,1.5698122000030708,5.093170329928398e-11,58
2025-07-29,mpc_closed,7667.816496532256,0.9052720577108161,54084.354174559216,1.4881901000044309,5.093170329928398e-11,58
2025-07-30,greedy_closed,10590.013832333336,0.9053616862871088,52886.43994213289,1.532941799989203,2.9103830456733704e-11,42
2025-07-30,dp_closed,10590.013832333336,0.9053616862871088,52886.43994213289,1.5187297000084072,2.9103830456733704e-11,42
2025-07-30,mpc_closed,10590.013832333336,0.9053616862871088,52886.43994213289,1.521556399995461,2.9103830456733704e-11,42
2025-07-31,greedy_closed,10800.0,0.9057536523616974,52867.86613486511,1.127647799992701,2.1827872842550278e-11,42
2025-07-31,dp_closed,10800.0,0.9057536523616974,52867.86613486511,1.1395950999867637,2.1827872842550278e-11,42
2025-07-31,mpc_closed,10800.0,0.9057536523616974,52867.86613486511,1.1414000999939162,2.1827872842550278e-11,42
2025-08-01,greedy_closed,10677.14834010053,0.9030720622185294,24721.690812315403,0.4671806000114884,3.637978807091713e-11,0
2025-08-01,dp_closed,10677.14834010053,0.9030720622185294,24721.690812315403,0.4781766000087373,3.637978807091713e-11,0
2025-08-01,mpc_closed,10677.14834010053,0.9030720622185294,24721.690812315403,0.46401610001339577,3.637978807091713e-11,0
2025-08-02,greedy_closed,10744.89339497505,0.9027855090965843,24697.895970624122,0.5026326999941375,1.0913936421275139e-11,0
2025-08-02,dp_closed,10744.89339497505,0.9027855090965843,24697.895970624122,0.5029144000145607,1.0913936421275139e-11,0
2025-08-02,mpc_closed,10744.89339497505,0.9027855090965843,24697.895970624122,0.4904824999975972,1.0913936421275139e-11,0
2025-08-03,greedy_closed,10793.974538404602,0.8996008607371602,51105.412683385905,1.1768577999901026,1.4551915228366852e-11,37
2025-08-03,dp_closed,10793.974538404602,0.8996008607371602,51105.412683385905,1.169174100010423,1.4551915228366852e-11,37
2025-08-03,mpc_closed,10793.974538404602,0.8996008607371602,51105.412683385905,1.166797799989581,1.4551915228366852e-11,37
2025-08-04,greedy_closed,9879.44426135619,0.8997617498240436,50262.38764941621,1.2262062999943737,0.0,46
2025-08-04,dp_closed,9879.44426135619,0.8997617498240436,50262.38764941621,1.2205698000034317,0.0,46
2025-08-04,mpc_closed,9879.44426135619,0.8997617498240436,50262.38764941621,1.2282454000087455,0.0,46
2025-08-05,greedy_closed,10630.848511259255,0.8983743301797832,50648.984698231856,1.0181405000039376,3.637978807091713e-11,47
2025-08-05,dp_closed,10630.848511259255,0.8983743301797832,50648.984698231856,1.026444100018125,3.637978807091713e-11,47
2025-08-05,mpc_closed,10630.848511259255,0.8983743301797832,50648.984698231856,1.0200386999931652,3.637978807091713e-11,47
2025-08-06,greedy_closed,10800.0,0.8934324767053947,49023.31585724226,1.043999999994412,3.637978807091713e-11,38
2025-08-06,dp_closed,10800.0,0.8934324767053947,49023.31585724226,1.0311638000130188,3.637978807091713e-11,38
2025-08-06,mpc_closed,10800.0,0.8934324767053947,49023.31585724226,1.02753359999042,3.637978807091713e-11,38
2025-08-07,greedy_closed,10800.0,0.8905194947235981,48324.472414070326,1.2298798000265379,3.637978807091713e-11,38
2025-08-07,dp_closed,10800.0,0.8905194947235981,48324.472414070326,1.2422893000184558,3.637978807091713e-11,38
2025-08-07,mpc_closed,10800.0,0.8905194947235981,48324.472414070326,1.2390658000076655,3.637978807091713e-11,38
2025-08-08,greedy_closed,10755.323252084663,0.888182961597755,23250.380115432796,0.44435299999895506,7.275957614183426e-12,0
2025-08-08,dp_closed,10755.323252084663,0.888182961597755,23250.380115432796,0.44659819998196326,7.275957614183426e-12,0
2025-08-08,mpc_closed,10755.323252084663,0.888182961597755,23250.380115432796,0.42665239999769256,7.275957614183426e-12,0
2025-08-09,greedy_closed,10800.0,0.8867718442745043,23156.95208930754,0.4671879999805242,7.275957614183426e-12,0
2025-08-09,dp_closed,10800.0,0.8867718442745043,23156.95208930754,0.453647499991348,7.275957614183426e-12,0
2025-08-09,mpc_closed,10800.0,0.8867718442745043,23156.95208930754,0.4678735999914352,7.275957614183426e-12,0
2025-08-10,greedy_closed,10567.976556037034,0.8857932058358285,46295.339763907294,1.1990321000048425,5.093170329928398e-11,43
2025-08-10,dp_closed,10567.976556037034,0.8857932058358285,46295.339763907294,1.210246400005417,5.093170329928398e-11,43
2025-08-10,mpc_closed,10567.976556037034,0.8857932058358285,46295.339763907294,1.2062883999897167,5.093170329928398e-11,43
2025-08-11,greedy_closed,10440.55692776243,0.8766903980257402,46149.8698989421,1.1753666999866255,7.275957614183426e-12,35
2025-08-11,dp_closed,10440.55692776243,0.8766903980257402,46149.8698989421,1.1780781999987084,7.275957614183426e-12,35
2025-08-11,mpc_closed,10440.55692776243,0.8766903980257402,46149.8698989421,1.1752950999944005,7.275957614183426e-12,35
2025-08-12,greedy_closed,10315.873203497355,0.8708923132503288,45545.00174103499,1.3513874000054784,2.1827872842550278e-11,24
2025-08-12,dp_closed,10315.873203497355,0.8708923132503288,45545.00174103499,1.3471576999872923,2.1827872842550278e-11,24
2025-08-12,mpc_closed,10315.873203497355,0.8708923132503288,45545.00174103499,1.3574327999958768,2.1827872842550278e-11,24
2025-08-13,greedy_closed,10330.114667373049,0.868833873898342,45736.57298021759,1.0597702000231948,1.4551915228366852e-11,24
2025-08-13,dp_closed,10330.114667373049,0.868833873898342,45736.57298021759,1.0630243999767117,1.4551915228366852e-11,24
2025-08-13,mpc_closed,10330.114667373049,0.868833873898342,45736.57298021759,1.0691605000174604,1.4551915228366852e-11,24
2025-08-14,greedy_closed,10619.724258516491,0.8644260240019177,44918.28310227412,1.199782800016692,3.637978807091713e-11,30
2025-08-14,dp_closed,10619.724258516491,0.8644260240019177,44918.28310227412,1.190305800002534,3.637978807091713e-11,30
2025-08-14,mpc_closed,10619.724258516491,0.8644260240019177,44918.28310227412,1.1875714999914635,3.637978807091713e-11,30
2025-08-15,greedy_closed,10274.160584413654,0.8587956009107813,21843.550610058337,0.4559558999899309,7.275957614183426e-12,0
2025-08-15,dp_closed,10274.160584413654,0.8587956009107813,21843.550610058337,0.4641254000016488,7.275957614183426e-12,0
2025-08-15,mpc_closed,10274.160584413654,0.8587956009107813,21843.550610058337,0.46970459999283776,7.275957614183426e-12,0
2025-08-16,greedy_closed,10439.082267425289,0.8605146161112931,21767.252333722037,0.4689580000122078,3.637978807091713e-12,0
2025-08-16,dp_closed,10439.082267425289,0.8605146161112931,21767.252333722037,0.4798790999921039,3.637978807091713e-12,0
2025-08-16,mpc_closed,10439.082267425289,0.8605146161112931,21767.252333722037,0.4808414000144694,3.637978807091713e-12,0
2025-08-17,greedy_closed,10486.243357603174,0.8600227040802929,44725.3625813018,1.1225238000042737,2.1827872842550278e-11,36
2025-08-17,dp_closed,10486.243357603174,0.8600227040802929,44725.3625813018,1.1390587000059895,2.1827872842550278e-11,36
2025-08-17,mpc_closed,10486.243357603174,0.8600227040802929,44725.3625813018,1.1374848999839742,2.1827872842550278e-11,36
2025-08-18,greedy_closed,10373.390659280421,0.8526654411626596,44191.878257728895,1.051297700003488,2.1827872842550278e-11,30
2025-08-18,dp_closed,10373.390659280421,0.8526654411626596,44191.878257728895,1.0328160999924876,2.1827872842550278e-11,30
2025-08-18,mpc_closed,10373.390659280421,0.8526654411626596,44191.878257728895,1.0315333000035025,2.1827872842550278e-11,30
2025-08-19,greedy_closed,10550.968054095232,0.8509868166050182,43622.81294080593,1.192948800016893,2.1827872842550278e-11,33
2025-08-19,dp_closed,10550.968054095232,0.8509868166050182,43622.81294080593,1.1716945999942254,2.1827872842550278e-11,33
2025-08-19,mpc_closed,10550.968054095232,0.8509868166050182,43622.81294080593,1.1885550000006333,2.1827872842550278e-11,33
2025-08-20,greedy_closed,10271.459866019593,0.8491514428907695,43396.18838894322,1.0238335999893025,7.275957614183426e-12,29
2025-08-20,dp_closed,10271.459866019593,0.8491514428907695,43396.18838894322,1.0383980000042357,7.275957614183426e-12,29
2025-08-20,mpc_closed,10271.459866019593,0.8491514428907695,43396.18838894322,1.031208800006425,7.275957614183426e-12,29
2025-08-21,greedy_closed,9297.183265137568,0.8505305329252046,43821.07786596282,1.0866529000049923,7.275957614183426e-12,40
2025-08-21,dp_closed,9297.183265137568,0.8505305329252046,43821.07786596282,1.0706880000070669,7.275957614183426e-12,40
2025-08-21,mpc_closed,9358.779604678413,0.8505305329252046,43792.43282112952,1.0982661999878474,1.4551915228366852e-11,40
2025-08-22,greedy_closed,10256.384857920639,0.8490688185131577,20369.97265839993,0.40836210001725703,0.0,0
2025-08-22,dp_closed,10256.384857920639,0.8490688185131577,20369.97265839993,0.408324599993648,0.0,0
2025-08-22,mpc_closed,10256.384857920639,0.8490688185131577,20369.97265839993,0.4116552000050433,0.0,0
2025-08-23,greedy_closed,9514.342068481617,0.8476502649341422,20652.414379995564,0.4704061000084039,3.637978807091713e-12,0
2025-08-23,dp_closed,9514.342068481617,0.8476502649341422,20652.414379995564,0.46052189997863024,3.637978807091713e-12,0
2025-08-23,mpc_closed,9602.924857023056,0.8476502649341422,20617.58062391672,0.46027159999357536,3.637978807091713e-12,0
2025-08-24,greedy_closed,10120.785645196944,0.8443969196393837,43549.637164964755,1.2035806000058074,7.275957614183426e-12,37
2025-08-24,dp_closed,10120.785645196944,0.8443969196393837,43549.637164964755,1.2168471000040881,7.275957614183426e-12,37
2025-08-24,mpc_closed,10120.785645196944,0.8443969196393837,43549.637164964755,1.2220400999940466,7.275957614183426e-12,37
2025-08-25,greedy_closed,10021.567842424769,0.8467223051438219,43601.643659711044,1.0310230999893975,7.275957614183426e-12,46
2025-08-25,dp_closed,10021.567842424769,0.8467223051438219,43601.643659711044,1.0271131999907084,7.275957614183426e-12,46
2025-08-25,mpc_closed,10021.567842424769,0.8467223051438219,43601.643659711044,1.0137378000072204,7.275957614183426e-12,46
2025-08-26,greedy_closed,9724.521569846564,0.8488841276076459,44121.72001617689,1.3437202999775764,5.093170329928398e-11,48
2025-08-26,dp_closed,9724.521569846564,0.8488841276076459,44121.72001617689,1.343056300014723,5.093170329928398e-11,48
2025-08-26,mpc_closed,9741.292690242148,0.8488841276076459,44114.18112011459,1.22036360000493,5.093170329928398e-11,48
2025-08-27,greedy_closed,10426.245465352275,0.8482899945495711,43731.61880410532,1.4348650999891106,1.4551915228366852e-11,40
2025-08-27,dp_closed,10426.245465352275,0.8482899945495711,43731.61880410532,1.4348261000122875,1.4551915228366852e-11,40
2025-08-27,mpc_closed,10642.259955299365,0.8482899945495711,43642.500826197145,1.3770805000094697,1.4551915228366852e-11,40
2025-08-28,greedy_closed,10065.789063369526,0.8435668847638635,42923.55807668999,1.2710127000173088,7.275957614183426e-12,36
2025-08-28,dp_closed,10065.789063369526,0.8435668847638635,42923.55807668999,1.2870776999916416,7.275957614183426e-12,36
2025-08-28,mpc_closed,10108.101026944658,0.8435668847638635,42905.807769073865,1.271533699997235,0.0,36
2025-08-29,greedy_closed,9670.950159000002,0.8467439656474302,19905.421436256383,0.41531109999050386,3.637978807091713e-12,0
2025-08-29,dp_closed,9670.950159000002,0.8467439656474302,19905.421436256383,0.40764270001091063,3.637978807091713e-12,0
2025-08-29,mpc_closed,9670.950159000002,0.8467439656474302,19905.421436256383,0.4080863999843132,3.637978807091713e-12,0
2025-08-30,greedy_closed,10184.271490294339,0.846860359278394,19603.702440215624,0.3753629999991972,0.0,0
2025-08-30,dp_closed,10184.271490294339,0.846860359278394,19603.702440215624,0.37061779998475686,0.0,0
2025-08-30,mpc_closed,10248.615802463652,0.846860359278394,19578.39003125134,0.37345970000023954,3.637978807091713e-12,0
2025-08-31,greedy_closed,9764.322931095243,0.8523193655228725,43358.82665941201,1.2832040000066627,2.1827872842550278e-11,40
2025-08-31,dp_closed,9764.322931095243,0.8523193655228725,43358.82665941201,1.2860896000056528,2.1827872842550278e-11,40
2025-08-31,mpc_closed,9809.613858846564,0.8523193655228725,43338.99060494412,1.2811794999870472,2.9103830456733704e-11,40
2025-09-01,greedy_closed,10693.122258925927,0.8467317848561013,43201.17959807679,1.2437135000072885,1.4551915228366852e-11,42
2025-09-01,dp_closed,10693.122258925927,0.8467317848561013,43201.17959807679,1.2504002000205219,1.4551915228366852e-11,42
2025-09-01,mpc_closed,10691.580307074075,0.8467317848561013,43201.80937504557,1.2273338999948464,7.275957614183426e-12,42
2025-09-02,greedy_closed,10800.0,0.8593144565285216,42491.242543267996,1.3300391999946442,3.637978807091713e-11,42
2025-09-02,dp_closed,10800.0,0.8593144565285216,42491.242543267996,1.3211974000150803,3.637978807091713e-11,42
2025-09-02,mpc_closed,10800.0,0.8593144565285216,42491.242543267996,1.3364442999882158,3.637978807091713e-11,42
2025-09-03,greedy_closed,10712.05993085185,0.8628867285750822,42389.22038507643,1.1816130999941379,1.4551915228366852e-11,41
2025-09-03,dp_closed,10712.05993085185,0.8628867285750822,42389.22038507643,1.195754999993369,1.4551915228366852e-11,41
2025-09-03,mpc_closed,10712.05993085185,0.8628867285750822,42389.22038507643,1.2044096000026911,1.4551915228366852e-11,41
2025-09-04,greedy_closed,10401.084978396826,0.8693597495452344,42424.83813909831,1.0934879999840632,1.4551915228366852e-11,41
2025-09-04,dp_closed,10401.084978396826,0.8693597495452344,42424.83813909831,1.105528999993112,1.4551915228366852e-11,41
2025-09-04,mpc_closed,10401.084978396826,0.8693597495452344,42424.83813909831,1.0875912999908905,1.4551915228366852e-11,41
2025-09-05,greedy_closed,10476.575109174602,0.8773845700181488,19038.940508806896,0.40365819999715313,7.275957614183426e-12,0
2025-09-05,dp_closed,10476.575109174602,0.8773845700181488,19038.940508806896,0.4046980999992229,7.275957614183426e-12,0
2025-09-05,mpc_closed,10476.575109174602,0.8773845700181488,19038.940508806896,0.39800789998844266,7.275957614183426e-12,0
2025-09-06,greedy_closed,10126.07635373545,0.8875389890314485,19010.539423903265,0.39259560001664795,1.4551915228366852e-11,0
2025-09-06,dp_closed,10126.07635373545,0.8875389890314485,19010.539423903265,0.4004502999887336,1.4551915228366852e-11,0
2025-09-06,mpc_closed,10126.07635373545,0.8875389890314485,19010.539423903265,0.3853784000093583,1.4551915228366852e-11,0
2025-09-07,greedy_closed,10527.367076539684,0.8977542211511335,41838.97730392135,1.1622272000240628,2.9103830456733704e-11,39
2025-09-07,dp_closed,10527.367076539684,0.8977542211511335,41838.97730392135,1.1609211000031792,2.9103830456733704e-11,39
2025-09-07,mpc_closed,10527.367076539684,0.8977542211511335,41838.97730392135,1.145778700010851,2.9103830456733704e-11,39
2025-09-08,greedy_closed,10800.0,0.9036800683768892,39801.098509305666,1.2442259999806993,1.4551915228366852e-11,36
2025-09-08,dp_closed,10800.0,0.9036800683768892,39801.098509305666,1.2478847999882419,1.4551915228366852e-11,36
2025-09-08,mpc_closed,10800.0,0.9036800683768892,39801.098509305666,1.2465105000010226,1.4551915228366852e-11,36
2025-09-09,greedy_closed,9694.414358666667,0.9068277623173119,40553.0029096656,1.217818500008434,5.093170329928398e-11,44
2025-09-09,dp_closed,9694.414358666667,0.9068277623173119,40553.0029096656,1.2353339999972377,5.093170329928398e-11,44
2025-09-09,mpc_closed,9694.414358666667,0.9068277623173119,40553.0029096656,1.2246808999916539,5.093170329928398e-11,44
2025-09-10,greedy_closed,9587.03695159788,0.9106926687133311,40477.84970600905,0.9726407999987714,2.1827872842550278e-11,41
2025-09-10,dp_closed,9587.03695159788,0.9106926687133311,40477.84970600905,0.9722678000107408,2.1827872842550278e-11,41
2025-09-10,mpc_closed,9587.03695159788,0.9106926687133311,40477.84970600905,0.9791923000011593,2.1827872842550278e-11,41
2025-09-11,greedy_closed,8279.091844248107,0.914240464793202,41689.195952757436,1.5269501000002492,5.093170329928398e-11,50
2025-09-11,dp_closed,8431.797603507366,0.914240464793202,41617.118834387074,1.5052125000220258,3.637978807091713e-11,50
2025-09-11,mpc_closed,9655.555682343916,0.914240464793202,41040.08018447477,1.1397690000012517,5.820766091346741e-11,46
2025-09-12,greedy_closed,9743.258577417673,0.9181072070715551,17417.505027961375,0.4462995999783743,1.0913936421275139e-11,0
2025-09-12,dp_closed,9743.258577417673,0.9181072070715551,17417.505027961375,0.4479439999850001,1.0913936421275139e-11,0
2025-09-12,mpc_closed,9743.258577417673,0.9181072070715551,17417.505027961375,0.4508485999831464,1.0913936421275139e-11,0
2025-09-13,greedy_closed,9358.315680994705,0.9219340133156878,17717.70849735433,0.4158838999865111,3.637978807091713e-12,0
2025-09-13,dp_closed,9358.315680994705,0.9219340133156878,17717.70849735433,0.42645310002262704,3.637978807091713e-12,0
2025-09-13,mpc_closed,9358.315680994705,0.9219340133156878,17717.70849735433,0.40610339998966083,3.637978807091713e-12,0
2025-09-14,greedy_closed,9734.254886497354,0.9266670268857168,40943.997526785446,1.1614507999911439,0.0,40
2025-09-14,dp_closed,9734.254886497354,0.9266670268857168,40943.997526785446,1.1607065999996848,0.0,40
2025-09-14,mpc_closed,9734.254886497354,0.9266670268857168,40943.997526785446,1.1329835000215098,0.0,40
2025-09-15,greedy_closed,9376.478305099552,0.928587670504785,39695.368801308396,1.0871570000017527,6.548361852765083e-11,42
2025-09-15,dp_closed,9376.478305099552,0.928587670504785,39695.368801308396,1.0926265000016429,6.548361852765083e-11,42
2025-09-15,mpc_closed,9376.478305099552,0.928587670504785,39695.368801308396,1.0957524999976158,6.548361852765083e-11,42
2025-09-16,greedy_closed,8654.697459874971,0.9307347998334035,39830.37939240474,1.0386345000006258,1.4551915228366852e-11,38
2025-09-16,dp_closed,8654.697459874971,0.9307347998334035,39830.37939240474,1.0475745000003371,1.4551915228366852e-11,38
2025-09-16,mpc_closed,8654.697459874971,0.9307347998334035,39830.37939240474,1.0322882999898866,1.4551915228366852e-11,38
2025-09-17,greedy_closed,8304.421851232963,0.9317151678878689,40246.59064165724,1.0568920000223443,7.275957614183426e-12,43
2025-09-17,dp_closed,8304.421851232963,0.9317151678878689,40246.59064165724,1.0396884999936447,7.275957614183426e-12,43
2025-09-17,mpc_closed,8304.421851232963,0.9317151678878689,40246.59064165724,1.046842200012179,7.275957614183426e-12,43
2025-09-18,greedy_closed,8601.715713984075,0.9343772231174639,40016.34775146035,1.0203068999981042,2.9103830456733704e-11,40
2025-09-18,dp_closed,8601.715713984075,0.9343772231174639,40016.34775146035,1.0241990000067744,2.9103830456733704e-11,40
2025-09-18,mpc_closed,8601.715713984075,0.9343772231174639,40016.34775146035,1.0199455999827478,2.9103830456733704e-11,40
2025-09-19,greedy_closed,8395.982639433812,0.9355070801342902,16642.125958050507,0.45923609999590553,0.0,0
2025-09-19,dp_closed,8395.982639433812,0.9355070801342902,16642.125958050507,0.45014570001512766,0.0,0
2025-09-19,mpc_closed,8395.982639433812,0.9355070801342902,16642.125958050507,0.4470720999815967,0.0,0
2025-09-20,greedy_closed,8670.001883784966,0.9366542968195126,16546.19881646707,0.46256470002117567,3.637978807091713e-12,0
2025-09-20,dp_closed,8670.001883784966,0.9366542968195126,16546.19881646707,0.4676497000036761,3.637978807091713e-12,0
2025-09-20,mpc_closed,8704.743744239991,0.9366542968195126,16532.47543416873,0.4717112999933306,3.637978807091713e-12,0
2025-09-21,greedy_closed,8751.246621719727,0.9375322602870797,40642.517126500235,0.9519845999893732,7.275957614183426e-12,39
2025-09-21,dp_closed,8751.246621719727,0.9375322602870797,40642.517126500235,0.9570186999917496,7.275957614183426e-12,39
2025-09-21,mpc_closed,8751.246621719727,0.9375322602870797,40642.517126500235,0.9473446999909356,7.275957614183426e-12,39
2025-09-22,greedy_closed,8537.014494191066,0.9397967869014191,38454.367393384266,1.0454355999827385,3.637978807091713e-11,44
2025-09-22,dp_closed,8537.014494191066,0.9397967869014191,38454.367393384266,1.0446962999994867,3.637978807091713e-11,44
2025-09-22,mpc_closed,8537.014494191066,0.9397967869014191,38454.367393384266,1.0459366000141017,3.637978807091713e-11,44
2025-09-23,greedy_closed,7486.598554039213,0.940482032984317,39170.543860762155,0.9589081000012811,1.4551915228366852e-11,49
2025-09-23,dp_closed,7486.598554039213,0.940482032984317,39170.543860762155,0.9456558999954723,1.4551915228366852e-11,49
2025-09-23,mpc_closed,7502.861605234976,0.940482032984317,39162.82886325755,0.9369681999960449,2.1827872842550278e-11,48
2025-09-24,greedy_closed,6462.099821020578,0.9413626282715813,39709.16739435879,1.016167800000403,2.9103830456733704e-11,48
2025-09-24,dp_closed,6462.099821020578,0.9413626282715813,39709.16739435879,1.0217484000022523,2.9103830456733704e-11,48
2025-09-24,mpc_closed,7471.673929089361,0.9413626282715813,39230.11574221086,1.2345146000152454,2.9103830456733704e-11,42
2025-09-25,greedy_closed,7850.951826893592,0.9411633132339376,38708.97799840925,0.957942799985176,0.0,31
2025-09-25,dp_closed,7850.951826893592,0.9411633132339376,38708.97799840925,0.949521000002278,0.0,31
2025-09-25,mpc_closed,7850.951826893592,0.9411633132339376,38708.97799840925,0.9495097000035457,0.0,31
2025-09-26,greedy_closed,7473.05358778323,0.941887358850221,15137.976044192872,0.39881730001070537,7.275957614183426e-12,0
2025-09-26,dp_closed,7473.05358778323,0.941887358850221,15137.976044192872,0.3815564000105951,7.275957614183426e-12,0
2025-09-26,mpc_closed,7473.05358778323,0.941887358850221,15137.976044192872,0.39735809998819605,7.275957614183426e-12,0
2025-09-27,greedy_closed,7665.98653423862,0.9432699092229254,14911.397761749651,0.41689010002301075,2.546585164964199e-11,0
2025-09-27,dp_closed,7665.98653423862,0.9432699092229254,14911.397761749651,0.4290793999971356,2.546585164964199e-11,0
2025-09-27,mpc_closed,7826.128107106347,0.9432699092229254,14848.053762601825,0.37645020001218654,2.1827872842550278e-11,0
2025-09-28,greedy_closed,6508.132113184557,0.9440211052021434,39073.290715913194,1.1312151000020094,1.4551915228366852e-11,28
2025-09-28,dp_closed,6508.132113184557,0.9440211052021434,39073.290715913194,1.1405290999973658,1.4551915228366852e-11,28
2025-09-28,mpc_closed,7248.705534021331,0.9440211052021434,38721.899480611246,1.101464000006672,0.0,25
2025-09-29,greedy_closed,6517.473683941957,0.9450002058680388,37620.4702414039,1.0791454999998678,2.1827872842550278e-11,24
2025-09-29,dp_closed,6517.473683941957,0.9450002058680388,37620.4702414039,1.0713999000145122,2.1827872842550278e-11,24
2025-09-29,mpc_closed,7779.0871973440735,0.9450002058680388,37022.31882932036,1.331861700018635,3.637978807091713e-11,17
2025-09-30,greedy_closed,6471.250798886928,0.9445935199573556,38046.72384241435,1.1714074999908917,7.275957614183426e-12,30
2025-09-30,dp_closed,6471.250798886928,0.9445935199573556,38046.72384241435,1.180357399978675,7.275957614183426e-12,30
2025-09-30,mpc_closed,6739.159328350708,0.9445935199573556,37919.58583113562,1.173721500003012,2.1827872842550278e-11,29
2025-10-01,greedy_closed,6548.493907465605,0.9450672199798597,38266.48458708925,1.3630796000070404,3.637978807091713e-11,39
2025-10-01,dp_closed,6548.493907465605,0.9450672199798597,38266.48458708925,1.3597508000093512,3.637978807091713e-11,39
2025-10-01,mpc_closed,6647.209967452913,0.9450672199798597,38219.63650432453,1.1604668000072706,3.637978807091713e-11,39
2025-10-02,greedy_closed,9149.385682443597,0.9460541029192027,36473.96160475532,1.13405339999008,7.275957614183426e-12,26
2025-10-02,dp_closed,9149.385682443597,0.9460541029192027,36473.96160475532,1.1297508999996353,7.275957614183426e-12,26
2025-10-02,mpc_closed,9149.385682443597,0.9460541029192027,36473.96160475532,1.123078100004932,7.275957614183426e-12,26
2025-10-03,greedy_closed,9270.235473190474,0.9457634236965758,12343.505146600026,0.36685900000156835,1.8189894035458565e-12,0
2025-10-03,dp_closed,9270.235473190474,0.9457634236965758,12343.505146600026,0.3771562000038102,1.8189894035458565e-12,0
2025-10-03,mpc_closed,9270.235473190474,0.9457634236965758,12343.505146600026,0.3660463000123855,1.8189894035458565e-12,0
2025-10-04,greedy_closed,8851.763274654548,0.9449808344401824,12821.418473798547,0.39224909999757074,5.4569682106375694e-12,0
2025-10-04,dp_closed,8851.763274654548,0.9449808344401824,12821.418473798547,0.3780473000078928,5.4569682106375694e-12,0
2025-10-04,mpc_closed,8909.463049888886,0.9449808344401824,12798.683608360714,0.3964665000094101,5.4569682106375694e-12,0
2025-10-05,greedy_closed,8592.293839661375,0.9446945887030381,35501.477121302494,0.9986356000008527,1.4551915228366852e-11,24
2025-10-05,dp_closed,8592.293839661375,0.9446945887030381,35501.477121302494,0.9931293000117876,1.4551915228366852e-11,24
2025-10-05,mpc_closed,8592.293839661375,0.9446945887030381,35501.477121302494,1.00187979999464,1.4551915228366852e-11,24
2025-10-06,greedy_closed,9018.895062194657,0.9423224508096014,33199.050890149,0.8836102999921422,7.275957614183426e-12,21
2025-10-06,dp_closed,9018.895062194657,0.9423224508096014,33199.050890149,0.893078199995216,7.275957614183426e-12,21
2025-10-06,mpc_closed,9025.478157908728,0.9423224508096014,33195.94549760965,0.9079270999936853,7.275957614183426e-12,21
2025-10-07,greedy_closed,7078.297643634707,0.9386283409692311,34401.08177020516,0.9816670999862254,5.820766091346741e-11,28
2025-10-07,dp_closed,7078.297643634707,0.9386283409692311,34401.08177020516,0.9711389000003692,5.820766091346741e-11,28
2025-10-07,mpc_closed,7404.478970080803,0.9386283409692311,34246.33893278116,1.0816371999972034,5.093170329928398e-11,28
2025-10-08,greedy_closed,7070.465964691943,0.9366504298395381,33277.68981430548,0.8894039999868255,2.1827872842550278e-11,28
2025-10-08,dp_closed,7070.465964691943,0.9366504298395381,33277.68981430548,0.8860803999996278,2.1827872842550278e-11,28
2025-10-08,mpc_closed,8232.257826979469,0.9366504298395381,32727.273830301194,0.8069876999943517,1.8189894035458565e-11,25
2025-10-09,greedy_closed,8055.06919760859,0.9363129411256816,33459.53920813887,0.8855649000033736,1.4551915228366852e-11,26
2025-10-09,dp_closed,8055.06919760859,0.9363129411256816,33459.53920813887,0.8939209999807645,1.4551915228366852e-11,26
2025-10-09,mpc_closed,8672.689708973674,0.9363129411256816,33167.76327928278,0.9154708000132814,1.4551915228366852e-11,23
2025-10-10,greedy_closed,7994.895888233161,0.9345519821961968,11454.034416166021,0.3815329000062775,1.8189894035458565e-12,0
2025-10-10,dp_closed,7994.895888233161,0.9345519821961968,11454.034416166021,0.3797964999976102,1.8189894035458565e-12,0
2025-10-10,mpc_closed,8622.435971725454,0.9345519821961968,11205.960444059141,0.3743166000058409,3.637978807091713e-12,0
2025-10-11,greedy_closed,7636.384238094908,0.933279546391603,12114.504942821677,0.3824171000160277,1.4551915228366852e-11,0
2025-10-11,dp_closed,7636.384238094908,0.933279546391603,12114.504942821677,0.3796462999889627,1.4551915228366852e-11,0
2025-10-11,mpc_closed,8381.380767204388,0.933279546391603,11819.874546550976,0.39303389997803606,1.4551915228366852e-11,0
2025-10-12,greedy_closed,7895.160806370368,0.9298908353049727,34460.29229549127,1.208226900023874,2.1827872842550278e-11,33
2025-10-12,dp_closed,7895.160806370368,0.9298908353049727,34460.29229549127,1.203367000009166,2.1827872842550278e-11,33
2025-10-12,mpc_closed,8318.11359929342,0.9298908353049727,34260.22743763196,1.04862040001899,0.0,30
2025-10-13,greedy_closed,7502.446481570996,0.9278349833631894,35323.518351921,1.2116568999772426,3.637978807091713e-11,27
2025-10-13,dp_closed,7502.446481570996,0.9278349833631894,35323.518351921,1.198509899986675,3.637978807091713e-11,27
2025-10-13,mpc_closed,7831.760801265845,0.9278349833631894,35167.313592945735,0.9852952000219375,2.9103830456733704e-11,27
2025-10-14,greedy_closed,8183.54148659188,0.9238231971663391,35081.41540839729,0.9600311999965925,2.1827872842550278e-11,26
2025-10-14,dp_closed,8183.54148659188,0.9238231971663391,35081.41540839729,0.9741567999881227,2.1827872842550278e-11,26
2025-10-14,mpc_closed,8353.629802099096,0.9238231971663391,35001.13090146234,1.0245135000150185,2.1827872842550278e-11,25
2025-10-15,greedy_closed,7997.6138621411865,0.9225279159203671,34687.378600231816,1.091212600003928,2.1827872842550278e-11,31
2025-10-15,dp_closed,7997.6138621411865,0.9225279159203671,34687.378600231816,1.0837506000243593,2.1827872842550278e-11,31
2025-10-15,mpc_closed,8210.860666512954,0.9225279159203671,34586.24781097733,1.105412900011288,2.9103830456733704e-11,31
2025-10-16,greedy_closed,8264.301918732115,0.9214072946700442,35407.21155938813,1.1086639999994077,0.0,44
2025-10-16,dp_closed,8264.301918732115,0.9214072946700442,35407.21155938813,1.1102699000039138,0.0,44
2025-10-16,mpc_closed,8264.301918732115,0.9214072946700442,35407.21155938813,1.0933999000117183,0.0,44
2025-10-17,greedy_closed,8331.876155940223,0.9230106234388631,11894.22193125033,0.35848240001359954,7.275957614183426e-12,0
2025-10-17,dp_closed,8331.876155940223,0.9230106234388631,11894.22193125033,0.3522907000151463,7.275957614183426e-12,0
2025-10-17,mpc_closed,8331.876155940223,0.9230106234388631,11894.22193125033,0.34742500001448207,7.275957614183426e-12,0
2025-10-18,greedy_closed,7711.504659243389,0.9210185283621602,12511.287067073761,0.4320683999976609,1.8189894035458565e-12,0
2025-10-18,dp_closed,7711.504659243389,0.9210185283621602,12511.287067073761,0.4369023999897763,1.8189894035458565e-12,0
2025-10-18,mpc_closed,8176.551781466432,0.9210185283621602,12326.722168584784,0.3920057000068482,1.8189894035458565e-12,0
2025-10-19,greedy_closed,7958.019692121694,0.9207069158690596,37587.30279455213,1.4774252999923192,3.637978807091713e-11,51
2025-10-19,dp_closed,7958.019692121694,0.9207069158690596,37587.30279455213,1.4802877999900375,3.637978807091713e-11,51
2025-10-19,mpc_closed,8510.135269444443,0.9207069158690596,37325.83869266237,1.2617813000106253,6.548361852765083e-11,49
2025-10-20,greedy_closed,8048.482512671958,0.9195401959699417,38469.77787908999,1.2764868999947794,7.275957614183426e-12,39
2025-10-20,dp_closed,8048.482512671958,0.9195401959699417,38469.77787908999,1.2696618999761995,7.275957614183426e-12,39
2025-10-20,mpc_closed,8331.913837197728,0.9195401959699417,38335.64179187767,1.1855438999773469,0.0,39
2025-10-21,greedy_closed,7900.3481325925895,0.919973392513285,39363.175288352795,1.3304945999989286,2.9103830456733704e-11,41
2025-10-21,dp_closed,7900.3481325925895,0.919973392513285,39363.175288352795,1.3456156000029296,2.9103830456733704e-11,41
2025-10-21,mpc_closed,8295.176304597098,0.919973392513285,39176.15265815062,1.3434899999992922,2.1827872842550278e-11,41
2025-10-22,greedy_closed,7942.066382843386,0.9184398084840607,38984.10242724583,1.315989199996693,4.3655745685100555e-11,46
2025-10-22,dp_closed,7942.066382843386,0.9184398084840607,38984.10242724583,1.3003060999908485,4.3655745685100555e-11,46
2025-10-22,mpc_closed,8077.603867602573,0.9184398084840607,38919.83270945585,1.080774099973496,7.275957614183426e-12,46
2025-10-23,greedy_closed,7847.930645958412,0.9197628761999791,39705.34368997323,1.2704035999777261,5.093170329928398e-11,46
2025-10-23,dp_closed,7847.930645958412,0.9197628761999791,39705.34368997323,1.2645343999902252,5.093170329928398e-11,46
2025-10-23,mpc_closed,7997.470619704408,0.9197628761999791,39634.411895759724,1.3886109000013676,3.637978807091713e-11,46
2025-10-24,greedy_closed,8029.158289740741,0.9206688484901707,12312.398232680758,0.39188730000751093,7.275957614183426e-12,0
2025-10-24,dp_closed,8029.158289740741,0.9206688484901707,12312.398232680758,0.398598600004334,7.275957614183426e-12,0
2025-10-24,mpc_closed,8286.243304026457,0.9206688484901707,12210.092778480523,0.4008579000073951,5.4569682106375694e-12,0
2025-10-25,greedy_closed,7450.5968858381975,0.9202809580685635,13066.825048193994,0.4258419999969192,5.4569682106375694e-12,0
2025-10-25,dp_closed,7450.5968858381975,0.9202809580685635,13066.825048193994,0.42378710000775754,5.4569682106375694e-12,0
2025-10-25,mpc_closed,7530.333565744446,0.9202809580685635,13034.966864219,0.37755059998016804,5.4569682106375694e-12,0
2025-10-26,greedy_closed,7457.429579949248,0.9196118720537462,40765.100685037105,1.324790499988012,1.4551915228366852e-11,45
2025-10-26,dp_closed,7457.429579949248,0.9196118720537462,40765.100685037105,1.308147600007942,1.4551915228366852e-11,45
2025-10-26,mpc_closed,7696.904808023324,0.9196118720537462,40651.50878579761,1.4258852000057232,1.4551915228366852e-11,44
2025-10-27,greedy_closed,8033.219208516929,0.9177122157260996,40811.7140244419,1.4374241000041366,3.637978807091713e-11,45
2025-10-27,dp_closed,8033.219208516929,0.9177122157260996,40811.7140244419,1.436683499981882,3.637978807091713e-11,45
2025-10-27,mpc_closed,8322.51528132603,0.9177122157260996,40674.95454182773,1.4197220999922138,7.275957614183426e-12,42
2025-10-28,greedy_closed,7625.742725599641,0.9186299887962,40920.860184334626,1.3502274999918882,7.275957614183426e-12,45
2025-10-28,dp_closed,7625.742725599641,0.9186299887962,40920.860184334626,1.3590423999994528,7.275957614183426e-12,45
2025-10-28,mpc_closed,7923.14017102352,0.9186299887962,40779.79466272189,1.3193686000013258,1.4551915228366852e-11,45
2025-10-29,greedy_closed,8114.071565170295,0.9172533263209282,39850.36241999775,1.2487901000131387,7.275957614183426e-12,44
2025-10-29,dp_closed,8114.071565170295,0.9172533263209282,39850.36241999775,1.2700335999834351,7.275957614183426e-12,44
2025-10-29,mpc_closed,8147.6536004930485,0.9172533263209282,39834.433341242984,1.3376892000087537,0.0,44
2025-10-30,greedy_closed,7493.168286000851,0.9206220449533014,40852.436010911944,1.1857271999760997,3.637978807091713e-11,56
2025-10-30,dp_closed,7493.168286000851,0.9206220449533014,40852.436010911944,1.2013895999989472,3.637978807091713e-11,56
2025-10-30,mpc_closed,7493.168286000851,0.9206220449533014,40852.436010911944,1.1916716000123415,3.637978807091713e-11,56
2025-10-31,greedy_closed,7387.031877286626,0.9192790405360288,13067.17325763258,0.43768370000179857,5.4569682106375694e-12,0
2025-10-31,dp_closed,7387.031877286626,0.9192790405360288,13067.17325763258,0.43624790001194924,5.4569682106375694e-12,0
2025-10-31,mpc_closed,7598.745883416527,0.9192790405360288,12981.20105751623,0.4240431000071112,1.8189894035458565e-12,0
2025-11-01,greedy_closed,7054.536275632114,0.9060261964878424,13683.313952621358,0.5038226000033319,1.0913936421275139e-11,0
2025-11-01,dp_closed,7054.536275632114,0.9060261964878424,13683.313952621358,0.49167360001592897,1.0913936421275139e-11,0
2025-11-01,mpc_closed,7142.00968767391,0.9060261964878424,13647.226310520115,0.4609908999991603,1.0913936421275139e-11,0
2025-11-02,greedy_closed,7171.256056029208,0.8942342842346889,42479.03864042291,1.4682314000092447,0.0,71
2025-11-02,dp_closed,7171.256056029208,0.8942342842346889,42479.03864042291,1.4729626000043936,0.0,71
2025-11-02,mpc_closed,7593.2284873333365,0.8942342842346889,42278.836515153154,1.4250750000064727,7.275957614183426e-12,70
2025-11-03,greedy_closed,7672.414440925926,0.8877012538455508,42967.147653017,1.3802514999988489,1.4551915228366852e-11,61
2025-11-03,dp_closed,7672.414440925926,0.8877012538455508,42967.147653017,1.3722661000210792,1.4551915228366852e-11,61
2025-11-03,mpc_closed,7705.052647835984,0.8877012538455508,42951.66626353932,1.559816499997396,1.4551915228366852e-11,61
2025-11-04,greedy_closed,8131.238609397415,0.8854849954015851,43070.75328942757,1.575451000011526,1.4551915228366852e-11,58
2025-11-04,dp_closed,8131.238609397415,0.8854849954015851,43070.75328942757,1.551341999991564,1.4551915228366852e-11,58
2025-11-04,mpc_closed,8332.55617257672,0.8854849954015851,42975.65671873489,1.3091811000194866,2.9103830456733704e-11,56
2025-11-05,greedy_closed,7753.829290514589,0.8811880138299191,42785.370427526745,1.546927899995353,2.9103830456733704e-11,63
2025-11-05,dp_closed,7753.829290514589,0.8811880138299191,42785.370427526745,1.554381599999033,2.9103830456733704e-11,63
2025-11-05,mpc_closed,7820.025219338325,0.8811880138299191,42753.97149195468,1.599028399999952,2.1827872842550278e-11,63
2025-11-06,greedy_closed,8067.513137309254,0.8771894354367489,42658.9670523803,1.6947934000054374,2.1827872842550278e-11,61
2025-11-06,dp_closed,8067.513137309254,0.8771894354367489,42658.9670523803,1.6755141999747138,2.1827872842550278e-11,61
2025-11-06,mpc_closed,8150.891765672608,0.8771894354367489,42619.52173045392,1.5262156000244431,2.9103830456733704e-11,61
2025-11-07,greedy_closed,8030.397037179893,0.8758947341635034,13439.907535495568,0.39409040001919493,1.6370904631912708e-11,0
2025-11-07,dp_closed,8030.397037179893,0.8758947341635034,13439.907535495568,0.38289130001794547,1.6370904631912708e-11,0
2025-11-07,mpc_closed,8030.397037179893,0.8758947341635034,13439.907535495568,0.3863829000038095,1.6370904631912708e-11,0
2025-11-08,greedy_closed,8514.067604359972,0.8752680525176375,13328.673877294874,0.410472400020808,1.8189894035458565e-12,0
2025-11-08,dp_closed,8514.067604359972,0.8752680525176375,13328.673877294874,0.4122085999988485,1.8189894035458565e-12,0
2025-11-08,mpc_closed,8654.006944736513,0.8752680525176375,13272.766711421042,0.4051820000167936,3.637978807091713e-12,0
2025-11-09,greedy_closed,8656.943617181329,0.8719482784065986,43536.7631839403,1.571749099995941,7.275957614183426e-12,58
2025-11-09,dp_closed,8656.943617181329,0.8719482784065986,43536.7631839403,1.588801300007617,7.275957614183426e-12,58
2025-11-09,mpc_closed,8788.244955862432,0.8719482784065986,43474.78895208282,1.5092924000055064,0.0,58
2025-11-10,greedy_closed,8799.736072320055,0.8702364962354909,43914.571863735044,1.5000723999983165,3.637978807091713e-11,60
2025-11-10,dp_closed,8799.736072320055,0.8702364962354909,43914.571863735044,1.503651599981822,3.637978807091713e-11,60
2025-11-10,mpc_closed,8816.866488288399,0.8702364962354909,43906.48630739799,1.569659299973864,3.637978807091713e-11,60
2025-11-11,greedy_closed,8846.794842983794,0.8713026897072228,44319.67126224803,1.416903299978003,2.9103830456733704e-11,56
2025-11-11,dp_closed,8846.794842983794,0.8713026897072228,44319.67126224803,1.3971236000070348,2.9103830456733704e-11,56
2025-11-11,mpc_closed,8893.668276105247,0.8713026897072228,44297.54700181471,1.501780199992936,2.1827872842550278e-11,56
2025-11-12,greedy_closed,8607.456101312353,0.8690520309463875,44830.04390707931,1.536345300002722,2.1827872842550278e-11,55
2025-11-12,dp_closed,8607.456101312353,0.8690520309463875,44830.04390707931,1.5239659000071697,2.1827872842550278e-11,55
2025-11-12,mpc_closed,8733.016042153624,0.8690520309463875,44770.779615002226,1.6030523000226822,2.1827872842550278e-11,55
2025-11-13,greedy_closed,8852.402247524853,0.8665173822557405,44890.71361123596,1.5231480000074953,2.1827872842550278e-11,55
2025-11-13,dp_closed,8852.402247524853,0.8665173822557405,44890.71361123596,1.5203887000097893,2.1827872842550278e-11,55
2025-11-13,mpc_closed,8915.160737185184,0.8665173822557405,44861.091604116285,1.618483099999139,2.1827872842550278e-11,55
2025-11-14,greedy_closed,9078.873000161588,0.8661854994112826,14074.249992549423,0.38191939998068847,1.8189894035458565e-11,0
2025-11-14,dp_closed,9078.873000161588,0.8661854994112826,14074.249992549423,0.3843588999880012,1.8189894035458565e-11,0
2025-11-14,mpc_closed,9172.680036651913,0.8661854994112826,14036.78150078178,0.4180243000155315,1.8189894035458565e-11,0
2025-11-15,greedy_closed,9018.83876624946,0.8620683555405226,14094.784227272947,0.4471868999826256,0.0,0
2025-11-15,dp_closed,9018.83876624946,0.8620683555405226,14094.784227272947,0.4470142000063788,0.0,0
2025-11-15,mpc_closed,9221.47174008466,0.8620683555405226,14014.12674387695,0.4454122000024654,0.0,0
2025-11-16,greedy_closed,9049.207508195772,0.8550825487986119,45890.95019616279,1.5848617000156082,2.1827872842550278e-11,55
2025-11-16,dp_closed,9049.207508195772,0.8550825487986119,45890.95019616279,1.5715621999988798,2.1827872842550278e-11,55
2025-11-16,mpc_closed,9049.207508195772,0.8550825487986119,45890.95019616279,1.578250599995954,2.1827872842550278e-11,55
2025-11-17,greedy_closed,9066.59795412052,0.8540810260001553,46320.259956457245,1.4658886000106577,2.9103830456733704e-11,52
2025-11-17,dp_closed,9066.59795412052,0.8540810260001553,46320.259956457245,1.4661871000134852,2.9103830456733704e-11,52
2025-11-17,mpc_closed,9188.147812169955,0.8540810260001553,46262.92894007727,1.6518685000191908,3.637978807091713e-11,52
2025-11-18,greedy_closed,9548.731597526305,0.852889308365303,45984.06590822976,1.5089890999952331,0.0,51
2025-11-18,dp_closed,9548.731597526305,0.852889308365303,45984.06590822976,1.5171019999834243,0.0,51
2025-11-18,mpc_closed,9602.208950389639,0.852889308365303,45958.88973822842,1.5298018999747,1.4551915228366852e-11,50
2025-11-19,greedy_closed,9625.577224528,0.8524859173395893,46204.89941156593,1.6194558000133839,2.9103830456733704e-11,53
2025-11-19,dp_closed,9625.577224528,0.8524859173395893,46204.89941156593,1.6221459000080358,2.9103830456733704e-11,53
2025-11-19,mpc_closed,9750.549834536461,0.8524859173395893,46146.88452432562,1.5317782999773044,7.275957614183426e-12,48
2025-11-20,greedy_closed,9375.18543974786,0.8489577960222262,46659.951559741276,1.2518063000170514,2.1827872842550278e-11,50
2025-11-20,dp_closed,9375.18543974786,0.8489577960222262,46659.951559741276,1.2519062000210397,2.1827872842550278e-11,50
2025-11-20,mpc_closed,9374.795056398654,0.8489577960222262,46660.135690554314,1.2472326999995857,2.1827872842550278e-11,50
2025-11-21,greedy_closed,9458.721117097022,0.8416163549746326,14588.317546011593,0.539499300008174,1.0913936421275139e-11,0
2025-11-21,dp_closed,9458.721117097022,0.8416163549746326,14588.317546011593,0.5458479000080843,1.0913936421275139e-11,0
2025-11-21,mpc_closed,9509.618086320988,0.8416163549746326,14567.983697836928,0.4822697000054177,7.275957614183426e-12,0
2025-11-22,greedy_closed,9760.061951301199,0.8356239183731924,14435.64414264358,0.49504609999712557,1.2732925824820995e-11,0
2025-11-22,dp_closed,9760.061951301199,0.8356239183731924,14435.64414264358,0.49202750000404194,1.2732925824820995e-11,0
2025-11-22,mpc_closed,9761.852486856751,0.8356239183731924,14434.93154530318,0.4992086999991443,1.6370904631912708e-11,0
2025-11-23,greedy_closed,9336.877282468278,0.8342614983360678,47511.436231746804,1.3772643999836873,1.4551915228366852e-11,52
2025-11-23,dp_closed,9336.877282468278,0.8342614983360678,47511.436231746804,1.3878938000125345,1.4551915228366852e-11,52
2025-11-23,mpc_closed,9336.877282468278,0.8342614983360678,47511.436231746804,1.383248400001321,1.4551915228366852e-11,52
2025-11-24,greedy_closed,9605.329722749124,0.838256492217339,47455.78137487923,1.487942200008547,3.637978807091713e-11,51
2025-11-24,dp_closed,9605.329722749124,0.838256492217339,47455.78137487923,1.4884384000033606,3.637978807091713e-11,51
2025-11-24,mpc_closed,9605.329722749124,0.838256492217339,47455.78137487923,1.4873582999862265,3.637978807091713e-11,51
2025-11-25,greedy_closed,9446.004665549863,0.8409047556864377,47505.48283492872,1.5846586999832653,1.4551915228366852e-11,52
2025-11-25,dp_closed,9446.004665549863,0.8409047556864377,47505.48283492872,1.5791423000046052,1.4551915228366852e-11,52
2025-11-25,mpc_closed,9455.456065262071,0.8409047556864377,47501.02492473113,1.487343899992993,1.4551915228366852e-11,52
2025-11-26,greedy_closed,9578.864272466866,0.841373547020294,47729.760257233385,1.5230152000149246,0.0,52
2025-11-26,dp_closed,9578.864272466866,0.841373547020294,47729.760257233385,1.5346044000179972,0.0,52
2025-11-26,mpc_closed,9578.864272466866,0.841373547020294,47729.760257233385,1.5572261000052094,0.0,52
2025-11-27,greedy_closed,9850.660862762066,0.8344376327508978,47639.145024850164,1.6373083999787923,2.1827872842550278e-11,46
2025-11-27,dp_closed,9850.660862762066,0.8344376327508978,47639.145024850164,1.6502065999957267,2.1827872842550278e-11,46
2025-11-27,mpc_closed,9893.320999264713,0.8344376327508978,47620.173548126026,1.383007299999008,1.4551915228366852e-11,45
2025-11-28,greedy_closed,9852.02874499388,0.8345716679886199,15022.531848379735,0.3716244999959599,3.637978807091713e-12,0
2025-11-28,dp_closed,9852.02874499388,0.8345716679886199,15022.531848379735,0.362384900014149,3.637978807091713e-12,0
2025-11-28,mpc_closed,9871.970824005293,0.8345716679886199,15014.564788393884,0.3387464999977965,7.275957614183426e-12,0
2025-11-29,greedy_closed,10191.088561878258,0.8225735161283834,14909.853744456912,0.5498343999788631,5.4569682106375694e-12,0
2025-11-29,dp_closed,10191.088561878258,0.8225735161283834,14909.853744456912,0.5623804999922868,5.4569682106375694e-12,0
2025-11-29,mpc_closed,10191.088561878258,0.8225735161283834,14909.853744456912,0.5591528000077233,5.4569682106375694e-12,0
2025-11-30,greedy_closed,9619.762134000002,0.8384511834786531,48905.61141852921,1.5414098000037484,2.9103830456733704e-11,48
2025-11-30,dp_closed,9619.762134000002,0.8384511834786531,48905.61141852921,1.5197565999988,2.9103830456733704e-11,48
2025-11-30,mpc_closed,9652.999504074076,0.8384511834786531,48890.19884539827,1.5566276999888942,0.0,47
2025-12-01,greedy_closed,9613.085694000001,0.8353968802123755,49332.45268320153,1.3814445000025444,8.003553375601768e-11,48
2025-12-01,dp_closed,9613.085694000001,0.8353968802123755,49332.45268320153,1.3915324000117835,8.003553375601768e-11,48
2025-12-01,mpc_closed,9624.561222564036,0.8353968802123755,49327.14226695895,1.5005317000031937,1.0186340659856796e-10,48
2025-12-02,greedy_closed,9568.533423,0.8527980817298592,50524.80919158481,1.3035812999878544,5.093170329928398e-11,61
2025-12-02,dp_closed,9568.533423,0.8527980817298592,50524.80919158481,1.3153304000152275,5.093170329928398e-11,61
2025-12-02,mpc_closed,9577.016458013728,0.8527980817298592,50520.85105953234,1.5127231000224128,2.9103830456733704e-11,61
2025-12-03,greedy_closed,9593.887131000001,0.8707888221005265,52078.027467717184,1.3034812999831047,3.637978807091713e-11,76
2025-12-03,dp_closed,9593.887131000001,0.8707888221005265,52078.027467717184,1.301824599999236,3.637978807091713e-11,76
2025-12-03,mpc_closed,9657.31742497987,0.8707888221005265,52048.32698658505,1.3384805000096094,2.9103830456733704e-11,76
2025-12-04,greedy_closed,9560.646051,0.877351170639721,52895.97266087498,0.9347238000191282,4.3655745685100555e-11,83
2025-12-04,dp_closed,9560.646051,0.877351170639721,52895.97266087498,0.9337822000088636,4.3655745685100555e-11,83
2025-12-04,mpc_closed,9783.590371661709,0.877351170639721,52791.53172296502,0.9716165999998339,2.1827872842550278e-11,82
2025-12-05,greedy_closed,9666.914123531851,0.8845504411905721,18777.36489704097,0.5615452000056393,1.0913936421275139e-11,44
2025-12-05,dp_closed,9666.914123531851,0.8845504411905721,18777.36489704097,0.5610720000113361,1.0913936421275139e-11,44
2025-12-05,mpc_closed,9666.914123531851,0.8845504411905721,18777.36489704097,0.5534228000033181,1.0913936421275139e-11,44
2025-12-06,greedy_closed,9499.613514,0.8909782742835234,19462.49084796402,0.5675945999973919,3.637978807091713e-12,51
2025-12-06,dp_closed,9499.613514,0.8909782742835234,19462.49084796402,0.5559399999910966,3.637978807091713e-12,51
2025-12-06,mpc_closed,9499.613514,0.8909782742835234,19462.49084796402,0.5613420999725349,3.637978807091713e-12,51
2025-12-07,greedy_closed,9575.856299999998,0.8946245972735569,55469.43763839922,1.0424358999880496,1.4551915228366852e-11,83
2025-12-07,dp_closed,9575.856299999998,0.8946245972735569,55469.43763839922,1.0402389999944717,1.4551915228366852e-11,83
2025-12-07,mpc_closed,9580.449299999998,0.8946245972735569,55467.27127339922,0.9228411999938544,1.4551915228366852e-11,83
2025-12-08,greedy_closed,9525.88624503704,0.8951527298142582,56481.83629134128,1.199399600009201,2.9103830456733704e-11,75
2025-12-08,dp_closed,9525.88624503704,0.8951527298142582,56481.83629134128,1.2088731999974698,2.9103830456733704e-11,75
2025-12-08,mpc_closed,9661.94140039232,0.8951527298142582,56417.66360973204,1.2294648000097368,3.637978807091713e-11,75
2025-12-09,greedy_closed,10198.297164131307,0.8991000010489679,56366.680890731346,1.0731967000174336,7.275957614183426e-11,66
2025-12-09,dp_closed,10198.297164131307,0.8991000010489679,56366.680890731346,1.0808903999859467,7.275957614183426e-11,66
2025-12-09,mpc_closed,10224.583083967076,0.8991000010489679,56355.802740999716,1.0082899999979418,9.458744898438454e-11,66
2025-12-10,greedy_closed,9837.311273621868,0.8995913793173752,56366.64957977577,1.5523027000017464,7.275957614183426e-12,73
2025-12-10,dp_closed,9837.311273621868,0.8995913793173752,56366.64957977577,1.5230011000239756,7.275957614183426e-12,73
2025-12-10,mpc_closed,9837.311273621868,0.8995913793173752,56366.64957977577,1.5458968000020832,7.275957614183426e-12,73
2025-12-11,greedy_closed,9989.03698546713,0.9008868826598205,56616.63057530726,1.1516373000049498,5.093170329928398e-11,68
2025-12-11,dp_closed,9989.03698546713,0.9008868826598205,56616.63057530726,1.1596246000262909,5.093170329928398e-11,68
2025-12-11,mpc_closed,10016.928128853373,0.9008868826598205,56604.73917426907,1.2429259000055026,2.1827872842550278e-11,68
2025-12-12,greedy_closed,10147.107796046725,0.900843760064565,20825.436444861916,0.5769051999959629,7.275957614183426e-12,45
2025-12-12,dp_closed,10147.107796046725,0.900843760064565,20825.436444861916,0.5898397999990266,7.275957614183426e-12,45
2025-12-12,mpc_closed,10147.107796046725,0.900843760064565,20825.436444861916,0.5914038000046276,7.275957614183426e-12,45
2025-12-13,greedy_closed,9674.64684948148,0.90565132531323,21365.616646943818,0.7695651999965776,3.637978807091713e-12,52
2025-12-13,dp_closed,9674.64684948148,0.90565132531323,21365.616646943818,0.7737949999864213,3.637978807091713e-12,52
2025-12-13,mpc_closed,9674.64684948148,0.90565132531323,21365.616646943818,0.7609889000013936,3.637978807091713e-12,52
2025-12-14,greedy_closed,10120.448145857341,0.9082164136237995,57113.22335366918,1.283069199998863,5.093170329928398e-11,60
2025-12-14,dp_closed,10120.448145857341,0.9082164136237995,57113.22335366918,1.2811457999923732,5.093170329928398e-11,60
2025-12-14,mpc_closed,10120.448145857341,0.9082164136237995,57113.22335366918,1.2929254999908153,5.093170329928398e-11,60
2025-12-15,greedy_closed,9991.479572873097,0.9090238817294547,58161.174123338424,1.33317490000627,2.1827872842550278e-11,60
2025-12-15,dp_closed,9991.479572873097,0.9090238817294547,58161.174123338424,1.3268116999824997,2.1827872842550278e-11,60
2025-12-15,mpc_closed,9991.479572873097,0.9090238817294547,58161.174123338424,1.3301221000147052,2.1827872842550278e-11,60
2025-12-16,greedy_closed,10141.452721855632,0.9098642775420925,58359.47410643162,1.2453375000040978,2.1827872842550278e-11,61
2025-12-16,dp_closed,10141.452721855632,0.9098642775420925,58359.47410643162,1.2287529000022914,2.1827872842550278e-11,61
2025-12-16,mpc_closed,10169.062414299102,0.9098642775420925,58348.083574426884,1.3851309999881778,2.1827872842550278e-11,61
2025-12-17,greedy_closed,9963.564831925018,0.911309598063835,58357.097874628555,1.1771890000090934,8.003553375601768e-11,64
2025-12-17,dp_closed,9963.564831925018,0.911309598063835,58357.097874628555,1.1942107999930158,8.003553375601768e-11,64
2025-12-17,mpc_closed,9963.564831925018,0.911309598063835,58357.097874628555,1.190393299999414,8.003553375601768e-11,64
2025-12-18,greedy_closed,10100.058074640214,0.9117488396494979,58394.450797593134,1.140598099998897,2.1827872842550278e-11,60
2025-12-18,dp_closed,10100.058074640214,0.9117488396494979,58394.450797593134,1.1413532000151463,2.1827872842550278e-11,60
2025-12-18,mpc_closed,10100.058074640214,0.9117488396494979,58394.450797593134,1.125239099987084,2.1827872842550278e-11,60
2025-12-19,greedy_closed,10235.38492392522,0.9116335578784704,22379.850462099872,0.7687567000102717,1.8189894035458565e-11,44
2025-12-19,dp_closed,10235.38492392522,0.9116335578784704,22379.850462099872,0.7648793999978807,1.8189894035458565e-11,44
2025-12-19,mpc_closed,10235.38492392522,0.9116335578784704,22379.850462099872,0.7689081999997143,1.8189894035458565e-11,44
2025-12-20,greedy_closed,9912.180069925927,0.9111318064057372,22669.047308606132,0.8415504000149667,1.8189894035458565e-11,56
2025-12-20,dp_closed,9912.180069925927,0.9111318064057372,22669.047308606132,0.8309081000043079,1.8189894035458565e-11,56
2025-12-20,mpc_closed,9912.180069925927,0.9111318064057372,22669.047308606132,0.8348416000080761,1.8189894035458565e-11,56
2025-12-21,greedy_closed,10133.787562223117,0.9119758262073746,58617.42708138931,1.5173217999981716,0.0,60
2025-12-21,dp_closed,10133.787562223117,0.9119758262073746,58617.42708138931,1.508626800001366,0.0,60
2025-12-21,mpc_closed,10133.787562223117,0.9119758262073746,58617.42708138931,1.517705299978843,0.0,60
2025-12-22,greedy_closed,10291.556751012538,0.911745850171935,59246.84693701673,0.9654178000055254,7.275957614183426e-12,59
2025-12-22,dp_closed,10291.556751012538,0.911745850171935,59246.84693701673,0.9714409000007436,7.275957614183426e-12,59
2025-12-22,mpc_closed,10291.556751012538,0.911745850171935,59246.84693701673,0.9768676999956369,7.275957614183426e-12,59
2025-12-23,greedy_closed,9990.723824385292,0.9113127702792216,59525.025275743596,1.472107200010214,4.3655745685100555e-11,59
2025-12-23,dp_closed,9990.723824385292,0.9113127702792216,59525.025275743596,1.4729296999867074,4.3655745685100555e-11,59
2025-12-23,mpc_closed,10022.492307454075,0.9113127702792216,59511.7026473877,1.2267908999929205,5.093170329928398e-11,59
2025-12-24,greedy_closed,10287.300541820314,0.9099740667958321,59010.975210579454,1.3630832000053488,0.0,59
2025-12-24,dp_closed,10287.300541820314,0.9099740667958321,59010.975210579454,1.3612499000155367,0.0,59
2025-12-24,mpc_closed,10287.300541820314,0.9099740667958321,59010.975210579454,1.3645086000033189,0.0,59
2025-12-25,greedy_closed,10146.373969433136,0.9101086055985451,59184.4674889118,1.3486381000257097,2.9103830456733704e-11,59
2025-12-25,dp_closed,10146.373969433136,0.9101086055985451,59184.4674889118,1.333579700003611,2.9103830456733704e-11,59
2025-12-25,mpc_closed,10186.092635180641,0.9101086055985451,59168.08133269841,1.4383828999998514,2.1827872842550278e-11,59
2025-12-26,greedy_closed,10217.565337544082,0.9095721784686489,23082.383477760297,0.802851999993436,3.637978807091713e-11,47
2025-12-26,dp_closed,10217.565337544082,0.9095721784686489,23082.383477760297,0.799855999997817,3.637978807091713e-11,47
2025-12-26,mpc_closed,10217.565337544082,0.9095721784686489,23082.383477760297,0.810598599986406,3.637978807091713e-11,47
2025-12-27,greedy_closed,10565.622469920248,0.9098145310182661,23077.958955248654,0.8328264000010677,2.1827872842550278e-11,47
2025-12-27,dp_closed,10565.622469920248,0.9098145310182661,23077.958955248654,0.8377736999827903,2.1827872842550278e-11,47
2025-12-27,mpc_closed,10565.622469920248,0.9098145310182661,23077.958955248654,0.8365688000048976,2.1827872842550278e-11,47
2025-12-28,greedy_closed,10343.517252492064,0.9098819172463414,59422.89604592128,1.1297418999893125,1.4551915228366852e-11,59
2025-12-28,dp_closed,10343.517252492064,0.9098819172463414,59422.89604592128,1.1305741000105627,1.4551915228366852e-11,59
2025-12-28,mpc_closed,10343.517252492064,0.9098819172463414,59422.89604592128,1.1337197000102606,1.4551915228366852e-11,59
2025-12-29,greedy_closed,10466.028123068781,0.9104092974676575,60131.616724980435,1.2005283000180498,5.093170329928398e-11,60
2025-12-29,dp_closed,10466.028123068781,0.9104092974676575,60131.616724980435,1.2169310000026599,5.093170329928398e-11,60
2025-12-29,mpc_closed,10509.70126169312,0.9104092974676575,60113.599129012415,1.3361490000097547,5.093170329928398e-11,60
2025-12-30,greedy_closed,10213.879257634077,0.9059596953575845,60171.57660125275,1.2162787000124808,2.9103830456733704e-11,58
2025-12-30,dp_closed,10213.879257634077,0.9059596953575845,60171.57660125275,1.211343000002671,2.9103830456733704e-11,58
2025-12-30,mpc_closed,10213.879257634077,0.9059596953575845,60171.57660125275,1.2157697000075132,2.9103830456733704e-11,58
2025-12-31,greedy_closed,10444.480432762566,0.9059318892968876,59740.76253843498,1.3554655000043567,1.4551915228366852e-11,58
2025-12-31,dp_closed,10444.480432762566,0.9059318892968876,59740.76253843498,1.340267199993832,1.4551915228366852e-11,58
2025-12-31,mpc_closed,10444.480432762566,0.9059318892968876,59740.76253843498,1.3577252000104636,1.4551915228366852e-11,58
